Customer_ID,Question_ID,Answer_ID
1,1,2
2,1,3
3,1,4
4,1,1
5,1,1
6,1,1
7,1,1
8,1,1
9,1,1
10,1,1
11,1,1
12,1,1
13,1,3
14,1,2
15,1,1
16,1,3
17,1,4
18,1,3
19,1,3
20,1,1
21,1,3
22,1,2
23,1,3
24,1,3
25,1,3
26,1,5
27,1,2
28,1,4
29,1,5
30,1,2
31,1,1
32,1,5
33,1,1
34,1,4
35,1,2
36,1,1
37,1,1
38,1,3
39,1,1
40,1,1
41,1,3
42,1,1
43,1,1
44,1,1
45,1,4
46,1,5
47,1,2
48,1,5
49,1,3
50,1,4
51,1,3
52,1,4
53,1,5
54,1,3
55,1,5
56,1,3
57,1,4
58,1,3
59,1,2
60,1,3
61,1,4
62,1,1
63,1,3
64,1,2
65,1,2
66,1,1
67,1,1
68,1,2
69,1,3
70,1,5
71,1,1
72,1,1
73,1,1
74,1,1
75,1,1
76,1,1
77,1,1
78,1,1
79,1,1
80,1,1
81,1,1
82,1,1
83,1,1
84,1,1
85,1,1
86,1,1
87,1,2
88,1,3
89,1,5
90,1,4
91,1,3
92,1,3
93,1,3
94,1,4
95,1,3
96,1,4
97,1,3
98,1,2
99,1,3
100,1,4
101,1,4
102,1,5
103,1,2
104,1,5
105,1,4
106,1,1
107,1,1
108,1,1
109,1,1
110,1,3
111,1,1
112,1,1
113,1,5
114,1,1
115,1,1
116,1,1
117,1,1
118,1,1
119,1,1
120,1,1
121,1,1
122,1,1
123,1,1
124,1,1
125,1,1
126,1,3
127,1,2
128,1,4
129,1,4
130,1,3
131,1,3
132,1,2
133,1,2
134,1,3
135,1,3
136,1,1
137,1,1
138,1,5
139,1,5
140,1,5
141,1,2
142,1,3
143,1,4
144,1,1
145,1,4
146,1,4
147,1,3
148,1,3
149,1,5
150,1,1
151,1,1
152,1,4
153,1,3
154,1,2
155,1,1
156,1,1
157,1,1
158,1,1
159,1,1
160,1,1
161,1,1
162,1,1
163,1,1
164,1,1
165,1,3
166,1,3
167,1,4
168,1,4
169,1,2
170,1,3
171,1,3
172,1,3
173,1,3
174,1,4
175,1,3
176,1,1
177,1,2
178,1,3
179,1,4
180,1,1
181,1,3
182,1,1
183,1,1
184,1,3
185,1,2
186,1,4
187,1,3
188,1,3
189,1,4
190,1,3
191,1,3
192,1,3
193,1,4
194,1,3
195,1,1
196,1,1
197,1,1
198,1,1
199,1,3
200,1,1
201,1,1
202,1,1
203,1,1
204,1,1
205,1,1
206,1,1
207,1,1
208,1,1
209,1,3
210,1,1
211,1,1
212,1,1
213,1,1
214,1,1
215,1,3
216,1,3
217,1,5
218,1,3
219,1,4
220,1,4
221,1,1
222,1,4
223,1,4
224,1,3
225,1,3
226,1,3
227,1,4
228,1,3
229,1,4
230,1,1
231,1,1
232,1,3
233,1,1
234,1,1
235,1,1
236,1,1
237,1,1
238,1,1
239,1,1
240,1,1
241,1,1
242,1,1
243,1,3
244,1,1
245,1,1
246,1,3
247,1,4
248,1,2
249,1,4
250,1,5
251,1,3
252,1,4
253,1,2
254,1,5
255,1,3
256,1,4
257,1,5
258,1,3
259,1,2
260,1,2
261,1,3
262,1,1
263,1,5
264,1,5
265,1,4
266,1,4
267,1,4
268,1,3
269,1,1
270,1,3
271,1,1
272,1,1
273,1,1
274,1,3
275,1,3
276,1,1
277,1,1
278,1,1
279,1,1
280,1,1
281,1,1
282,1,1
283,1,1
284,1,1
285,1,4
286,1,4
287,1,3
288,1,3
289,1,5
290,1,1
291,1,5
292,1,1
293,1,4
294,1,1
295,1,1
296,1,3
297,1,2
298,1,3
299,1,3
300,1,1
301,1,4
302,1,3
303,1,1
304,1,3
305,1,1
306,1,1
307,1,1
308,1,1
309,1,1
310,1,1
311,1,1
312,1,1
313,1,1
314,1,1
315,1,1
316,1,1
317,1,1
318,1,1
319,1,3
320,1,4
321,1,1
322,1,3
323,1,2
324,1,4
325,1,3
326,1,4
327,1,2
328,1,4
329,1,5
330,1,1
331,1,4
332,1,5
333,1,5
334,1,4
335,1,3
336,1,4
337,1,4
338,1,3
339,1,4
340,1,1
341,1,1
342,1,1
343,1,3
344,1,3
345,1,3
346,1,1
347,1,2
348,1,1
349,1,1
350,1,1
351,1,1
352,1,1
353,1,1
354,1,1
355,1,1
356,1,1
357,1,1
358,1,1
359,1,1
360,1,1
361,1,1
362,1,1
363,1,1
364,1,4
365,1,3
366,1,4
367,1,3
368,1,3
369,1,3
370,1,5
371,1,1
372,1,4
373,1,4
374,1,2
375,1,4
376,1,5
377,1,4
378,1,4
379,1,3
380,1,4
381,1,2
382,1,3
383,1,1
384,1,2
385,1,2
386,1,2
387,1,1
388,1,1
389,1,1
390,1,1
391,1,3
392,1,1
393,1,1
394,1,3
395,1,4
396,1,5
397,1,3
398,1,4
399,1,3
400,1,1
401,1,5
402,1,4
403,1,4
404,1,5
405,1,3
406,1,2
407,1,4
408,1,5
409,1,3
410,1,3
411,1,3
412,1,4
413,1,4
414,1,4
415,1,2
416,1,4
417,1,1
418,1,4
419,1,1
420,1,3
421,1,1
422,1,1
423,1,2
424,1,4
425,1,5
426,1,1
427,1,1
428,1,1
429,1,1
430,1,1
431,1,1
432,1,1
433,1,1
434,1,1
435,1,1
436,1,1
437,1,1
438,1,1
439,1,2
440,1,4
441,1,5
442,1,1
443,1,4
444,1,5
445,1,4
446,1,4
447,1,4
448,1,2
449,1,4
450,1,5
451,1,3
452,1,4
453,1,3
454,1,4
455,1,3
456,1,4
457,1,3
458,1,1
459,1,1
460,1,1
461,1,1
462,1,5
463,1,4
464,1,1
465,1,1
466,1,1
467,1,1
468,1,1
469,1,3
470,1,1
471,1,1
472,1,1
473,1,1
474,1,3
475,1,4
476,1,5
477,1,3
478,1,2
479,1,5
480,1,2
481,1,3
482,1,3
483,1,3
484,1,5
485,1,4
486,1,1
487,1,2
488,1,2
489,1,4
490,1,1
491,1,1
492,1,1
493,1,2
494,1,3
495,1,1
496,1,1
497,1,1
498,1,3
499,1,1
500,1,1
501,1,1
502,1,1
503,1,3
504,1,1
505,1,1
506,1,1
507,1,1
508,1,1
509,1,1
510,1,1
511,1,1
512,1,1
513,1,1
514,1,4
515,1,1
516,1,4
517,1,3
518,1,5
519,1,3
520,1,2
521,1,3
522,1,1
523,1,4
524,1,3
525,1,2
526,1,2
527,1,3
528,1,4
529,1,1
530,1,1
531,1,1
532,1,3
533,1,1
534,1,1
535,1,3
536,1,1
537,1,5
538,1,4
539,1,1
540,1,1
541,1,1
542,1,3
543,1,3
544,1,3
545,1,1
546,1,1
547,1,1
548,1,1
549,1,1
550,1,3
551,1,3
552,1,2
553,1,3
554,1,4
555,1,4
556,1,4
557,1,4
558,1,3
559,1,4
560,1,4
561,1,3
562,1,3
563,1,3
564,1,3
565,1,2
566,1,4
567,1,3
568,1,5
569,1,2
570,1,2
571,1,5
572,1,3
573,1,4
574,1,1
575,1,1
576,1,3
577,1,1
578,1,5
579,1,1
580,1,1
581,1,1
582,1,1
583,1,1
584,1,1
585,1,1
586,1,1
587,1,3
588,1,3
589,1,2
590,1,4
591,1,1
592,1,5
593,1,3
594,1,3
595,1,4
596,1,3
597,1,1
598,1,3
599,1,3
600,1,3
601,1,4
602,1,3
603,1,3
604,1,1
605,1,3
606,1,1
607,1,3
608,1,3
609,1,1
610,1,1
611,1,1
612,1,1
613,1,1
614,1,3
615,1,1
616,1,1
617,1,1
618,1,1
619,1,1
620,1,3
621,1,3
622,1,4
623,1,3
624,1,4
625,1,3
626,1,2
627,1,1
628,1,5
629,1,4
630,1,1
631,1,3
632,1,5
633,1,5
634,1,4
635,1,1
636,1,1
637,1,1
638,1,1
639,1,1
640,1,1
641,1,1
642,1,1
643,1,1
644,1,1
645,1,1
646,1,1
647,1,1
648,1,1
649,1,1
650,1,1
651,1,3
652,1,3
653,1,5
654,1,3
655,1,3
656,1,5
657,1,5
658,1,3
659,1,3
660,1,3
661,1,5
662,1,5
663,1,3
664,1,3
665,1,5
666,1,3
667,1,2
668,1,3
669,1,1
670,1,3
671,1,2
672,1,2
673,1,2
674,1,3
675,1,1
676,1,1
677,1,1
678,1,1
679,1,1
680,1,1
681,1,1
682,1,1
683,1,1
684,1,1
685,1,1
686,1,1
687,1,4
688,1,1
689,1,4
690,1,5
691,1,3
692,1,1
693,1,4
694,1,3
695,1,3
696,1,3
697,1,4
698,1,1
699,1,4
700,1,4
701,1,3
702,1,1
703,1,3
704,1,4
705,1,3
706,1,1
707,1,1
708,1,1
709,1,1
710,1,1
711,1,1
712,1,3
713,1,4
714,1,1
715,1,1
716,1,1
717,1,1
718,1,1
719,1,1
720,1,1
721,1,1
722,1,3
723,1,1
724,1,1
725,1,1
726,1,1
727,1,1
728,1,1
729,1,1
730,1,1
731,1,3
732,1,5
733,1,3
734,1,1
735,1,3
736,1,2
737,1,3
738,1,3
739,1,3
740,1,1
741,1,1
742,1,3
743,1,1
744,1,5
745,1,2
746,1,1
747,1,1
748,1,1
749,1,1
750,1,3
751,1,1
752,1,1
753,1,3
754,1,1
755,1,1
756,1,1
757,1,1
758,1,3
759,1,3
760,1,3
761,1,4
762,1,4
763,1,3
764,1,1
765,1,3
766,1,2
767,1,5
768,1,3
769,1,3
770,1,3
771,1,4
772,1,3
773,1,1
774,1,1
775,1,1
776,1,1
777,1,4
778,1,1
779,1,1
780,1,1
781,1,1
782,1,1
783,1,1
784,1,1
785,1,1
786,1,1
787,1,1
788,1,1
789,1,1
790,1,5
791,1,3
792,1,3
793,1,1
794,1,3
795,1,2
796,1,3
797,1,2
798,1,5
799,1,1
800,1,4
801,1,3
802,1,4
803,1,3
804,1,4
805,1,3
806,1,3
807,1,4
808,1,3
809,1,3
810,1,3
811,1,2
812,1,3
813,1,1
814,1,1
815,1,1
816,1,1
817,1,1
818,1,1
819,1,1
820,1,3
821,1,3
822,1,1
823,1,1
824,1,5
825,1,4
826,1,3
827,1,4
828,1,2
829,1,2
830,1,4
831,1,1
832,1,1
833,1,2
834,1,2
835,1,4
836,1,4
837,1,3
838,1,5
839,1,5
840,1,4
841,1,5
842,1,5
843,1,4
844,1,5
845,1,4
846,1,4
847,1,5
848,1,2
849,1,5
850,1,5
851,1,5
852,1,4
853,1,4
854,1,4
855,1,4
856,1,2
857,1,1
858,1,1
859,1,5
860,1,5
861,1,4
862,1,4
863,1,4
864,1,5
865,1,5
866,1,5
867,1,5
868,1,5
869,1,4
870,1,5
871,1,5
872,1,5
873,1,4
874,1,5
875,1,4
876,1,4
877,1,5
878,1,5
879,1,5
880,1,5
881,1,4
882,1,5
883,1,5
884,1,5
885,1,4
886,1,4
887,1,4
888,1,3
889,1,5
890,1,5
891,1,3
892,1,4
893,1,3
894,1,4
895,1,2
896,1,4
897,1,4
898,1,4
899,1,2
900,1,2
901,1,5
902,1,4
903,1,1
904,1,2
905,1,4
906,1,4
907,1,5
908,1,4
909,1,5
910,1,5
911,1,5
912,1,4
913,1,5
914,1,4
915,1,4
916,1,5
917,1,4
918,1,4
919,1,5
920,1,5
921,1,5
922,1,5
923,1,5
924,1,5
925,1,5
926,1,5
927,1,4
928,1,2
929,1,5
930,1,4
931,1,5
932,1,4
933,1,3
934,1,5
935,1,4
936,1,4
937,1,4
938,1,1
939,1,1
940,1,4
941,1,2
942,1,2
943,1,4
944,1,5
945,1,4
946,1,1
947,1,2
948,1,1
949,1,4
950,1,5
951,1,5
952,1,5
953,1,4
954,1,5
955,1,5
956,1,4
957,1,5
958,1,5
959,1,4
960,1,5
961,1,4
962,1,4
963,1,5
964,1,4
965,1,3
966,1,3
967,1,5
968,1,4
969,1,3
970,1,4
971,1,4
972,1,5
973,1,5
974,1,4
975,1,4
976,1,4
977,1,4
978,1,4
979,1,2
980,1,5
981,1,5
982,1,5
983,1,5
984,1,5
985,1,5
986,1,5
987,1,3
988,1,5
989,1,3
990,1,5
991,1,4
992,1,5
993,1,5
994,1,5
995,1,5
996,1,5
997,1,5
998,1,3
999,1,5
1000,1,5
1001,1,5
1002,1,5
1003,1,5
1004,1,3
1005,1,5
1006,1,4
1007,1,4
1008,1,5
1009,1,4
1010,1,5
1011,1,4
1012,1,5
1013,1,4
1014,1,5
1015,1,4
1016,1,4
1017,1,3
1018,1,4
1019,1,3
1020,1,4
1021,1,2
1022,1,2
1023,1,2
1024,1,4
1025,1,1
1026,1,4
1027,1,5
1028,1,3
1029,1,5
1030,1,4
1031,1,4
1032,1,2
1033,1,4
1034,1,5
1035,1,5
1036,1,4
1037,1,5
1038,1,5
1039,1,5
1040,1,4
1041,1,5
1042,1,5
1043,1,3
1044,1,4
1045,1,4
1046,1,1
1047,1,1
1048,1,3
1049,1,5
1050,1,4
1051,1,5
1052,1,1
1053,1,1
1054,1,4
1055,1,5
1056,1,1
1057,1,2
1058,1,4
1059,1,4
1060,1,2
1061,1,1
1062,1,2
1063,1,4
1064,1,4
1065,1,5
1066,1,5
1067,1,5
1068,1,5
1069,1,4
1070,1,4
1071,1,4
1072,1,4
1073,1,5
1074,1,5
1075,1,5
1076,1,5
1077,1,4
1078,1,4
1079,1,5
1080,1,5
1081,1,5
1082,1,5
1083,1,5
1084,1,4
1085,1,1
1086,1,2
1087,1,5
1088,1,5
1089,1,4
1090,1,5
1091,1,4
1092,1,2
1093,1,4
1094,1,4
1095,1,4
1096,1,3
1097,1,4
1098,1,5
1099,1,5
1100,1,4
1101,1,4
1102,1,3
1103,1,5
1104,1,3
1105,1,5
1106,1,5
1107,1,5
1108,1,5
1109,1,4
1110,1,5
1111,1,3
1112,1,4
1113,1,5
1114,1,5
1115,1,5
1116,1,5
1117,1,5
1118,1,5
1119,1,5
1120,1,4
1121,1,4
1122,1,4
1123,1,3
1124,1,4
1125,1,4
1126,1,4
1127,1,5
1128,1,4
1129,1,2
1130,1,4
1131,1,2
1132,1,4
1133,1,3
1134,1,4
1135,1,4
1136,1,5
1137,1,2
1138,1,4
1139,1,4
1140,1,5
1141,1,5
1142,1,4
1143,1,5
1144,1,4
1145,1,5
1146,1,5
1147,1,5
1148,1,4
1149,1,5
1150,1,5
1151,1,5
1152,1,5
1153,1,3
1154,1,4
1155,1,4
1156,1,4
1157,1,5
1158,1,3
1159,1,4
1160,1,5
1161,1,5
1162,1,5
1163,1,4
1164,1,4
1165,1,5
1166,1,4
1167,1,2
1168,1,1
1169,1,4
1170,1,4
1171,1,5
1172,1,3
1173,1,4
1174,1,4
1175,1,4
1176,1,5
1177,1,5
1178,1,5
1179,1,5
1180,1,5
1181,1,5
1182,1,4
1183,1,4
1184,1,5
1185,1,4
1186,1,5
1187,1,4
1188,1,4
1189,1,4
1190,1,4
1191,1,5
1192,1,4
1193,1,4
1194,1,1
1195,1,2
1196,1,4
1197,1,4
1198,1,5
1199,1,5
1200,1,5
1201,1,5
1202,1,3
1203,1,4
1204,1,5
1205,1,4
1206,1,3
1207,1,5
1208,1,4
1209,1,2
1210,1,4
1211,1,4
1212,1,2
1213,1,3
1214,1,2
1215,1,5
1216,1,5
1217,1,4
1218,1,5
1219,1,5
1220,1,4
1221,1,5
1222,1,5
1223,1,4
1224,1,5
1225,1,5
1226,1,4
1227,1,5
1228,1,4
1229,1,5
1230,1,5
1231,1,4
1232,1,4
1233,1,2
1234,1,4
1235,1,2
1236,1,4
1237,1,5
1238,1,5
1239,1,3
1240,1,4
1241,1,5
1242,1,4
1243,1,5
1244,1,2
1245,1,3
1246,1,2
1247,1,2
1248,1,3
1249,1,2
1250,1,4
1251,1,3
1252,1,4
1253,1,5
1254,1,5
1255,1,5
1256,1,5
1257,1,5
1258,1,5
1259,1,5
1260,1,5
1261,1,4
1262,1,4
1263,1,4
1264,1,4
1265,1,5
1266,1,5
1267,1,3
1268,1,4
1269,1,4
1270,1,2
1271,1,4
1272,1,4
1273,1,4
1274,1,4
1275,1,2
1276,1,4
1277,1,4
1278,1,4
1279,1,2
1280,1,1
1281,1,4
1282,1,2
1283,1,1
1284,1,1
1285,1,1
1286,1,1
1287,1,1
1288,1,3
1289,1,1
1290,1,1
1291,1,5
1292,1,4
1293,1,1
1294,1,5
1295,1,5
1296,1,4
1297,1,5
1298,1,5
1299,1,5
1300,1,5
1301,1,4
1302,1,5
1303,1,5
1304,1,5
1305,1,5
1306,1,4
1307,1,5
1308,1,4
1309,1,4
1310,1,5
1311,1,4
1312,1,5
1313,1,3
1314,1,5
1315,1,5
1316,1,5
1317,1,5
1318,1,5
1319,1,4
1320,1,5
1321,1,5
1322,1,5
1323,1,4
1324,1,4
1325,1,4
1326,1,5
1327,1,3
1328,1,2
1329,1,3
1330,1,1
1331,1,2
1332,1,4
1333,1,2
1334,1,5
1335,1,4
1336,1,5
1337,1,5
1338,1,3
1339,1,5
1340,1,5
1341,1,5
1342,1,5
1343,1,5
1344,1,5
1345,1,4
1346,1,4
1347,1,4
1348,1,5
1349,1,5
1350,1,5
1351,1,5
1352,1,3
1353,1,5
1354,1,5
1355,1,4
1356,1,4
1357,1,3
1358,1,4
1359,1,5
1360,1,4
1361,1,5
1362,1,3
1363,1,5
1364,1,1
1365,1,4
1366,1,4
1367,1,1
1368,1,4
1369,1,3
1370,1,4
1371,1,4
1372,1,3
1373,1,4
1374,1,5
1375,1,5
1376,1,5
1377,1,4
1378,1,5
1379,1,5
1380,1,5
1381,1,4
1382,1,5
1383,1,5
1384,1,4
1385,1,5
1386,1,5
1387,1,4
1388,1,4
1389,1,5
1390,1,5
1391,1,5
1392,1,5
1393,1,5
1394,1,3
1395,1,4
1396,1,4
1397,1,5
1398,1,4
1399,1,5
1400,1,5
1401,1,4
1402,1,3
1403,1,2
1404,1,4
1405,1,2
1406,1,4
1407,1,4
1408,1,3
1409,1,4
1410,1,4
1411,1,4
1412,1,4
1413,1,4
1414,1,2
1415,1,4
1416,1,5
1417,1,4
1418,1,4
1419,1,4
1420,1,4
1421,1,5
1422,1,5
1423,1,5
1424,1,4
1425,1,3
1426,1,5
1427,1,5
1428,1,4
1429,1,4
1430,1,3
1431,1,2
1432,1,4
1433,1,2
1434,1,2
1435,1,4
1436,1,4
1437,1,4
1438,1,1
1439,1,5
1440,1,4
1441,1,5
1442,1,5
1443,1,5
1444,1,4
1445,1,5
1446,1,4
1447,1,5
1448,1,5
1449,1,5
1450,1,5
1451,1,5
1452,1,4
1453,1,4
1454,1,5
1455,1,5
1456,1,4
1457,1,5
1458,1,5
1459,1,4
1460,1,4
1461,1,5
1462,1,4
1463,1,5
1464,1,4
1465,1,2
1466,1,4
1467,1,4
1468,1,5
1469,1,4
1470,1,4
1471,1,4
1472,1,5
1473,1,5
1474,1,2
1475,1,4
1476,1,2
1477,1,2
1478,1,2
1479,1,5
1480,1,5
1481,1,4
1482,1,4
1483,1,5
1484,1,4
1485,1,5
1486,1,4
1487,1,5
1488,1,5
1489,1,4
1490,1,4
1491,1,5
1492,1,5
1493,1,4
1494,1,4
1495,1,4
1496,1,5
1497,1,5
1498,1,5
1499,1,4
1500,1,5
1501,1,3
1502,1,5
1503,1,4
1504,1,5
1505,1,4
1506,1,4
1507,1,4
1508,1,4
1509,1,4
1510,1,2
1511,1,4
1512,1,2
1513,1,4
1514,1,4
1515,1,5
1516,1,4
1517,1,5
1518,1,4
1519,1,4
1520,1,2
1521,1,5
1522,1,2
1523,1,4
1524,1,5
1525,1,5
1526,1,5
1527,1,5
1528,1,5
1529,1,5
1530,1,5
1531,1,5
1532,1,5
1533,1,5
1534,1,5
1535,1,5
1536,1,4
1537,1,5
1538,1,5
1539,1,5
1540,1,3
1541,1,5
1542,1,5
1543,1,4
1544,1,5
1545,1,4
1546,1,3
1547,1,3
1548,1,4
1549,1,4
1550,1,5
1551,1,3
1552,1,4
1553,1,4
1554,1,4
1555,1,4
1556,1,2
1557,1,5
1558,1,1
1559,1,3
1560,1,1
1561,1,4
1562,1,1
1563,1,5
1564,1,3
1565,1,5
1566,1,3
1567,1,5
1568,1,4
1569,1,4
1570,1,5
1571,1,4
1572,1,5
1573,1,5
1574,1,5
1575,1,5
1576,1,4
1577,1,4
1578,1,4
1579,1,5
1580,1,4
1581,1,4
1582,1,2
1583,1,3
1584,1,5
1585,1,4
1586,1,2
1587,1,4
1588,1,4
1589,1,2
1590,1,5
1591,1,4
1592,1,1
1593,1,2
1594,1,2
1595,1,3
1596,1,1
1597,1,2
1598,1,5
1599,1,2
1600,1,2
1601,1,1
1602,1,5
1603,1,5
1604,1,4
1605,1,4
1606,1,4
1607,1,5
1608,1,5
1609,1,3
1610,1,5
1611,1,5
1612,1,5
1613,1,4
1614,1,5
1615,1,4
1616,1,5
1617,1,5
1618,1,5
1619,1,5
1620,1,5
1621,1,3
1622,1,5
1623,1,5
1624,1,1
1625,1,4
1626,1,4
1627,1,5
1628,1,4
1629,1,5
1630,1,5
1631,1,5
1632,1,1
1633,1,5
1634,1,4
1635,1,2
1636,1,1
1637,1,4
1638,1,5
1639,1,4
1640,1,4
1641,1,4
1642,1,2
1643,1,4
1644,1,5
1645,1,5
1646,1,4
1647,1,4
1648,1,4
1649,1,4
1650,1,5
1651,1,3
1652,1,5
1653,1,5
1654,1,5
1655,1,4
1656,1,5
1657,1,3
1658,1,5
1659,1,5
1660,1,5
1661,1,5
1662,1,5
1663,1,4
1664,1,4
1665,1,2
1666,1,5
1667,1,4
1668,1,2
1669,1,4
1670,1,4
1671,1,4
1672,1,2
1673,1,2
1674,1,5
1675,1,2
1676,1,4
1677,1,5
1678,1,5
1679,1,5
1680,1,5
1681,1,5
1682,1,5
1683,1,5
1684,1,5
1685,1,4
1686,1,5
1687,1,4
1688,1,5
1689,1,3
1690,1,3
1691,1,4
1692,1,5
1693,1,5
1694,1,5
1695,1,2
1696,1,4
1697,1,4
1698,1,4
1699,1,4
1700,1,5
1701,1,3
1702,1,5
1703,1,5
1704,1,4
1705,1,2
1706,1,4
1707,1,2
1708,1,5
1709,1,5
1710,1,2
1711,1,4
1712,1,5
1713,1,4
1714,1,1
1715,1,2
1716,1,5
1717,1,5
1718,1,5
1719,1,5
1720,1,4
1721,1,5
1722,1,5
1723,1,4
1724,1,4
1725,1,5
1726,1,5
1727,1,3
1728,1,5
1729,1,5
1730,1,5
1731,1,5
1732,1,4
1733,1,4
1734,1,4
1735,1,5
1736,1,5
1737,1,4
1738,1,4
1739,1,2
1740,1,4
1741,1,4
1742,1,4
1743,1,4
1744,1,5
1745,1,4
1746,1,2
1747,1,5
1748,1,3
1749,1,2
1750,1,5
1751,1,5
1752,1,5
1753,1,1
1754,1,5
1755,1,5
1756,1,5
1757,1,5
1758,1,5
1759,1,5
1760,1,5
1761,1,5
1762,1,4
1763,1,4
1764,1,4
1765,1,5
1766,1,5
1767,1,5
1768,1,3
1769,1,4
1770,1,5
1771,1,5
1772,1,4
1773,1,5
1774,1,4
1775,1,5
1776,1,5
1777,1,5
1778,1,3
1779,1,2
1780,1,4
1781,1,1
1782,1,5
1783,1,4
1784,1,4
1785,1,4
1786,1,5
1787,1,2
1788,1,2
1789,1,5
1790,1,5
1791,1,5
1792,1,5
1793,1,5
1794,1,5
1795,1,5
1796,1,5
1797,1,4
1798,1,5
1799,1,5
1800,1,5
1801,1,4
1802,1,5
1803,1,3
1804,1,5
1805,1,4
1806,1,5
1807,1,4
1808,1,5
1809,1,5
1810,1,4
1811,1,4
1812,1,5
1813,1,4
1814,1,5
1815,1,3
1816,1,5
1817,1,5
1818,1,4
1819,1,5
1820,1,5
1821,1,3
1822,1,4
1823,1,5
1824,1,4
1825,1,5
1826,1,5
1827,1,5
1828,1,3
1829,1,5
1830,1,5
1831,1,5
1832,1,4
1833,1,4
1834,1,5
1835,1,5
1836,1,5
1837,1,3
1838,1,2
1839,1,5
1840,1,5
1841,1,4
1842,1,1
1843,1,4
1844,1,3
1845,1,5
1846,1,4
1847,1,5
1848,1,4
1849,1,1
1850,1,5
1851,1,4
1852,1,4
1853,1,5
1854,1,2
1855,1,5
1856,1,4
1857,1,4
1858,1,4
1859,1,4
1860,1,2
1861,1,4
1862,1,5
1863,1,5
1864,1,5
1865,1,3
1866,1,5
1867,1,5
1868,1,4
1869,1,5
1870,1,5
1871,1,5
1872,1,3
1873,1,5
1874,1,4
1875,1,5
1876,1,4
1877,1,5
1878,1,5
1879,1,3
1880,1,4
1881,1,4
1882,1,5
1883,1,4
1884,1,4
1885,1,2
1886,1,4
1887,1,2
1888,1,4
1889,1,4
1890,1,3
1891,1,2
1892,1,4
1893,1,4
1894,1,2
1895,1,5
1896,1,5
1897,1,2
1898,1,4
1899,1,4
1900,1,5
1901,1,4
1902,1,3
1903,1,4
1904,1,5
1905,1,4
1906,1,5
1907,1,5
1908,1,5
1909,1,5
1910,1,5
1911,1,5
1912,1,5
1913,1,4
1914,1,5
1915,1,5
1916,1,5
1917,1,5
1918,1,5
1919,1,5
1920,1,4
1921,1,4
1922,1,5
1923,1,5
1924,1,4
1925,1,4
1926,1,1
1927,1,1
1928,1,4
1929,1,2
1930,1,2
1931,1,1
1932,1,4
1933,1,2
1934,1,4
1935,1,4
1936,1,5
1937,1,2
1938,1,2
1939,1,5
1940,1,4
1941,1,5
1942,1,1
1943,1,4
1944,1,4
1945,1,5
1946,1,5
1947,1,5
1948,1,5
1949,1,4
1950,1,4
1951,1,5
1952,1,5
1953,1,4
1954,1,5
1955,1,5
1956,1,5
1957,1,5
1958,1,5
1959,1,5
1960,1,5
1961,1,5
1962,1,5
1963,1,5
1964,1,5
1965,1,5
1966,1,5
1967,1,5
1968,1,3
1969,1,5
1970,1,4
1971,1,4
1972,1,4
1973,1,5
1974,1,5
1975,1,4
1976,1,4
1977,1,4
1978,1,3
1979,1,4
1980,1,4
1981,1,4
1982,1,4
1983,1,2
1984,1,2
1985,1,4
1986,1,4
1987,1,4
1988,1,5
1989,1,4
1990,1,5
1991,1,4
1992,1,5
1993,1,4
1994,1,5
1995,1,5
1996,1,5
1997,1,5
1998,1,4
1999,1,3
2000,1,5
2001,1,5
2002,1,5
2003,1,4
2004,1,4
2005,1,5
2006,1,4
2007,1,4
2008,1,4
2009,1,2
2010,1,4
2011,1,4
2012,1,1
2013,1,4
2014,1,5
2015,1,5
2016,1,4
2017,1,3
2018,1,4
2019,1,5
2020,1,1
2021,1,2
2022,1,5
2023,1,5
2024,1,5
2025,1,5
2026,1,5
2027,1,4
2028,1,4
2029,1,4
2030,1,5
2031,1,5
2032,1,5
2033,1,5
2034,1,5
2035,1,5
2036,1,4
2037,1,4
2038,1,5
2039,1,4
2040,1,4
2041,1,5
2042,1,4
2043,1,5
2044,1,5
2045,1,5
2046,1,3
2047,1,5
2048,1,3
2049,1,5
2050,1,3
2051,1,4
2052,1,4
2053,1,5
2054,1,4
2055,1,5
2056,1,5
2057,1,4
2058,1,4
2059,1,4
2060,1,4
2061,1,4
2062,1,2
2063,1,5
2064,1,2
2065,1,4
2066,1,2
2067,1,5
2068,1,4
2069,1,5
2070,1,2
2071,1,4
2072,1,5
2073,1,5
2074,1,4
2075,1,4
2076,1,5
2077,1,5
2078,1,4
2079,1,4
2080,1,5
2081,1,5
2082,1,5
2083,1,4
2084,1,4
2085,1,5
2086,1,5
2087,1,5
2088,1,5
2089,1,5
2090,1,5
2091,1,3
2092,1,4
2093,1,5
2094,1,2
2095,1,1
2096,1,3
2097,1,5
2098,1,5
2099,1,5
2100,1,4
2101,1,1
2102,1,2
2103,1,5
2104,1,4
2105,1,4
2106,1,4
2107,1,4
2108,1,5
2109,1,5
2110,1,5
2111,1,4
2112,1,3
2113,1,5
2114,1,4
2115,1,5
2116,1,4
2117,1,5
2118,1,5
2119,1,3
2120,1,4
2121,1,5
2122,1,4
2123,1,4
2124,1,4
2125,1,5
2126,1,5
2127,1,5
2128,1,5
2129,1,3
2130,1,2
2131,1,2
2132,1,4
2133,1,2
2134,1,4
2135,1,2
2136,1,3
2137,1,2
2138,1,4
2139,1,5
2140,1,5
2141,1,4
2142,1,5
2143,1,5
2144,1,5
2145,1,4
2146,1,5
2147,1,5
2148,1,5
2149,1,5
2150,1,5
2151,1,5
2152,1,5
2153,1,5
2154,1,5
2155,1,5
2156,1,5
2157,1,5
2158,1,4
2159,1,4
2160,1,4
2161,1,4
2162,1,4
2163,1,4
2164,1,4
2165,1,5
2166,1,4
2167,1,3
2168,1,4
2169,1,1
2170,1,5
2171,1,4
2172,1,4
2173,1,5
2174,1,1
2175,1,2
2176,1,1
2177,1,5
2178,1,4
2179,1,5
2180,1,4
2181,1,5
2182,1,5
2183,1,4
2184,1,5
2185,1,5
2186,1,5
2187,1,5
2188,1,5
2189,1,4
2190,1,2
2191,1,5
2192,1,5
2193,1,4
2194,1,5
2195,1,4
2196,1,1
2197,1,2
2198,1,5
2199,1,3
2200,1,4
2201,1,5
2202,1,4
2203,1,3
2204,1,3
2205,1,1
2206,1,4
2207,1,4
2208,1,4
2209,1,4
2210,1,5
2211,1,4
2212,1,5
2213,1,5
2214,1,5
2215,1,4
2216,1,5
2217,1,5
2218,1,5
2219,1,5
2220,1,5
2221,1,5
2222,1,5
2223,1,5
2224,1,5
2225,1,5
2226,1,5
2227,1,5
2228,1,5
2229,1,3
2230,1,5
2231,1,4
2232,1,4
2233,1,5
2234,1,3
2235,1,3
2236,1,1
2237,1,4
2238,1,2
2239,1,5
2240,1,5
2241,1,1
2242,1,4
2243,1,4
2244,1,2
2245,1,4
2246,1,5
2247,1,5
2248,1,5
2249,1,4
2250,1,5
2251,1,5
2252,1,5
2253,1,5
2254,1,4
2255,1,3
2256,1,5
2257,1,5
2258,1,3
2259,1,4
2260,1,5
2261,1,2
2262,1,1
2263,1,1
2264,1,1
2265,1,4
2266,1,1
2267,1,1
2268,1,1
2269,1,4
2270,1,1
2271,1,1
2272,1,5
2273,1,4
2274,1,4
2275,1,1
2276,1,1
2277,1,3
2278,1,2
2279,1,3
2280,1,2
2281,1,3
2282,1,3
2283,1,5
2284,1,1
2285,1,4
2286,1,3
2287,1,3
2288,1,5
2289,1,1
2290,1,3
2291,1,5
2292,1,5
2293,1,3
2294,1,3
2295,1,1
2296,1,4
2297,1,2
2298,1,1
2299,1,4
2300,1,1
2301,1,4
2302,1,1
2303,1,5
2304,1,2
2305,1,1
2306,1,1
2307,1,3
2308,1,1
2309,1,5
2310,1,5
2311,1,4
2312,1,5
2313,1,3
2314,1,3
2315,1,4
2316,1,4
2317,1,1
2318,1,4
2319,1,4
2320,1,3
2321,1,5
2322,1,4
2323,1,5
2324,1,5
2325,1,5
2326,1,4
2327,1,5
2328,1,4
2329,1,1
2330,1,4
2331,1,2
2332,1,5
2333,1,1
2334,1,3
2335,1,1
2336,1,1
2337,1,3
2338,1,2
2339,1,1
2340,1,1
2341,1,2
2342,1,3
2343,1,1
2344,1,5
2345,1,1
2346,1,5
2347,1,5
2348,1,5
2349,1,4
2350,1,2
2351,1,5
2352,1,5
2353,1,4
2354,1,4
2355,1,4
2356,1,2
2357,1,5
2358,1,5
2359,1,5
2360,1,4
2361,1,5
2362,1,5
2363,1,4
2364,1,2
2365,1,1
2366,1,5
2367,1,1
2368,1,5
2369,1,1
2370,1,4
2371,1,2
2372,1,2
2373,1,1
2374,1,1
2375,1,1
2376,1,3
2377,1,4
2378,1,3
2379,1,5
2380,1,4
2381,1,5
2382,1,1
2383,1,3
2384,1,4
2385,1,4
2386,1,4
2387,1,3
2388,1,3
2389,1,4
2390,1,5
2391,1,5
2392,1,3
2393,1,5
2394,1,3
2395,1,5
2396,1,5
2397,1,1
2398,1,5
2399,1,1
2400,1,3
2401,1,3
2402,1,2
2403,1,5
2404,1,5
2405,1,2
2406,1,5
2407,1,1
2408,1,1
2409,1,1
2410,1,4
2411,1,1
2412,1,2
2413,1,4
2414,1,4
2415,1,5
2416,1,5
2417,1,3
2418,1,1
2419,1,2
2420,1,4
2421,1,4
2422,1,4
2423,1,4
2424,1,3
2425,1,1
2426,1,1
2427,1,5
2428,1,4
2429,1,2
2430,1,4
2431,1,4
2432,1,4
2433,1,1
2434,1,4
2435,1,1
2436,1,2
2437,1,1
2438,1,4
2439,1,1
2440,1,1
2441,1,4
2442,1,3
2443,1,5
2444,1,2
2445,1,5
2446,1,4
2447,1,5
2448,1,4
2449,1,2
2450,1,3
2451,1,4
2452,1,5
2453,1,1
2454,1,3
2455,1,5
2456,1,4
2457,1,4
2458,1,5
2459,1,4
2460,1,1
2461,1,1
2462,1,2
2463,1,1
2464,1,4
2465,1,4
2466,1,1
2467,1,4
2468,1,3
2469,1,4
2470,1,1
2471,1,1
2472,1,2
2473,1,4
2474,1,4
2475,1,1
2476,1,4
2477,1,4
2478,1,4
2479,1,5
2480,1,5
2481,1,2
2482,1,5
2483,1,5
2484,1,1
2485,1,4
2486,1,4
2487,1,5
2488,1,4
2489,1,1
2490,1,1
2491,1,3
2492,1,4
2493,1,1
2494,1,3
2495,1,2
2496,1,1
2497,1,1
2498,1,1
2499,1,5
2500,1,4
2501,1,5
2502,1,3
2503,1,5
2504,1,3
2505,1,3
2506,1,5
2507,1,3
2508,1,2
2509,1,5
2510,1,5
2511,1,4
2512,1,4
2513,1,5
2514,1,3
2515,1,3
2516,1,4
2517,1,4
2518,1,3
2519,1,4
2520,1,1
2521,1,1
2522,1,5
2523,1,4
2524,1,5
2525,1,1
2526,1,1
2527,1,5
2528,1,1
2529,1,1
2530,1,3
2531,1,4
2532,1,4
2533,1,1
2534,1,4
2535,1,3
2536,1,4
2537,1,4
2538,1,3
2539,1,5
2540,1,3
2541,1,5
2542,1,3
2543,1,4
2544,1,3
2545,1,5
2546,1,4
2547,1,5
2548,1,5
2549,1,4
2550,1,3
2551,1,5
2552,1,5
2553,1,1
2554,1,1
2555,1,1
2556,1,4
2557,1,1
2558,1,1
2559,1,1
2560,1,1
2561,1,1
2562,1,5
2563,1,2
2564,1,5
2565,1,2
2566,1,1
2567,1,4
2568,1,5
2569,1,4
2570,1,4
2571,1,4
2572,1,5
2573,1,5
2574,1,5
2575,1,3
2576,1,3
2577,1,1
2578,1,2
2579,1,4
2580,1,3
2581,1,5
2582,1,5
2583,1,5
2584,1,1
2585,1,4
2586,1,4
2587,1,5
2588,1,4
2589,1,2
2590,1,2
2591,1,4
2592,1,1
2593,1,2
2594,1,1
2595,1,1
2596,1,1
2597,1,2
2598,1,5
2599,1,5
2600,1,2
2601,1,1
2602,1,4
2603,1,3
2604,1,1
2605,1,5
2606,1,5
2607,1,4
2608,1,4
2609,1,5
2610,1,3
2611,1,5
2612,1,3
2613,1,4
2614,1,4
2615,1,3
2616,1,5
2617,1,4
2618,1,4
2619,1,2
2620,1,5
2621,1,5
2622,1,2
2623,1,1
2624,1,3
2625,1,5
2626,1,2
2627,1,4
2628,1,1
2629,1,1
2630,1,1
2631,1,1
2632,1,2
2633,1,1
2634,1,1
2635,1,2
2636,1,1
2637,1,1
2638,1,1
2639,1,5
2640,1,2
2641,1,5
2642,1,3
2643,1,4
2644,1,4
2645,1,3
2646,1,5
2647,1,4
2648,1,3
2649,1,4
2650,1,1
2651,1,5
2652,1,3
2653,1,4
2654,1,1
2655,1,1
2656,1,4
2657,1,1
2658,1,5
2659,1,2
2660,1,3
2661,1,1
2662,1,2
2663,1,1
2664,1,1
2665,1,1
2666,1,2
2667,1,4
2668,1,2
2669,1,5
2670,1,5
2671,1,5
2672,1,5
2673,1,4
2674,1,4
2675,1,4
2676,1,5
2677,1,5
2678,1,5
2679,1,2
2680,1,5
2681,1,5
2682,1,2
2683,1,4
2684,1,1
2685,1,1
2686,1,5
2687,1,5
2688,1,5
2689,1,4
2690,1,2
2691,1,2
2692,1,2
2693,1,4
2694,1,5
2695,1,5
2696,1,1
2697,1,4
2698,1,4
2699,1,1
2700,1,4
2701,1,1
2702,1,4
2703,1,5
2704,1,3
2705,1,2
2706,1,5
2707,1,4
2708,1,5
2709,1,4
2710,1,5
2711,1,3
2712,1,5
2713,1,4
2714,1,3
2715,1,4
2716,1,1
2717,1,4
2718,1,4
2719,1,5
2720,1,5
2721,1,3
2722,1,5
2723,1,1
2724,1,5
2725,1,3
2726,1,5
2727,1,4
2728,1,4
2729,1,2
2730,1,4
2731,1,1
2732,1,1
2733,1,1
2734,1,1
2735,1,1
2736,1,5
2737,1,3
2738,1,1
2739,1,5
2740,1,5
2741,1,2
2742,1,4
2743,1,1
2744,1,5
2745,1,3
2746,1,3
2747,1,3
2748,1,3
2749,1,5
2750,1,5
2751,1,1
2752,1,3
2753,1,4
2754,1,4
2755,1,3
2756,1,5
2757,1,5
2758,1,1
2759,1,3
2760,1,4
2761,1,1
2762,1,1
2763,1,2
2764,1,3
2765,1,2
2766,1,2
2767,1,3
2768,1,1
2769,1,1
2770,1,4
2771,1,2
2772,1,2
2773,1,1
2774,1,1
2775,1,1
2776,1,3
2777,1,1
2778,1,5
2779,1,5
2780,1,5
2781,1,5
2782,1,1
2783,1,4
2784,1,1
2785,1,3
2786,1,4
2787,1,5
2788,1,5
2789,1,5
2790,1,1
2791,1,5
2792,1,2
2793,1,4
2794,1,4
2795,1,2
2796,1,1
2797,1,1
2798,1,3
2799,1,4
2800,1,1
2801,1,2
2802,1,3
2803,1,5
2804,1,5
2805,1,4
2806,1,1
2807,1,4
2808,1,1
2809,1,5
2810,1,4
2811,1,5
2812,1,5
2813,1,5
2814,1,5
2815,1,5
2816,1,5
2817,1,5
2818,1,2
2819,1,5
2820,1,4
2821,1,5
2822,1,5
2823,1,4
2824,1,3
2825,1,1
2826,1,4
2827,1,5
2828,1,1
2829,1,5
2830,1,1
2831,1,5
2832,1,1
2833,1,4
2834,1,2
2835,1,1
2836,1,4
2837,1,1
2838,1,1
2839,1,2
2840,1,3
2841,1,5
2842,1,4
2843,1,3
2844,1,5
2845,1,3
2846,1,3
2847,1,5
2848,1,3
2849,1,5
2850,1,2
2851,1,4
2852,1,5
2853,1,1
2854,1,5
2855,1,4
2856,1,1
2857,1,4
2858,1,1
2859,1,1
2860,1,5
2861,1,4
2862,1,1
2863,1,4
2864,1,3
2865,1,2
2866,1,5
2867,1,4
2868,1,4
2869,1,1
2870,1,2
2871,1,4
2872,1,5
2873,1,4
2874,1,5
2875,1,4
2876,1,5
2877,1,4
2878,1,4
2879,1,4
2880,1,4
2881,1,5
2882,1,4
2883,1,1
2884,1,1
2885,1,5
2886,1,4
2887,1,3
2888,1,5
2889,1,3
2890,1,5
2891,1,4
2892,1,1
2893,1,5
2894,1,1
2895,1,3
2896,1,1
2897,1,3
2898,1,4
2899,1,4
2900,1,5
2901,1,4
2902,1,4
2903,1,4
2904,1,1
2905,1,1
2906,1,1
2907,1,1
2908,1,1
2909,1,1
2910,1,4
2911,1,4
2912,1,2
2913,1,4
2914,1,4
2915,1,3
2916,1,4
2917,1,2
2918,1,5
2919,1,5
2920,1,5
2921,1,4
2922,1,5
2923,1,2
2924,1,4
2925,1,1
2926,1,4
2927,1,4
2928,1,2
2929,1,5
2930,1,5
2931,1,4
2932,1,5
2933,1,5
2934,1,5
2935,1,5
2936,1,1
2937,1,4
2938,1,5
2939,1,4
2940,1,5
2941,1,1
2942,1,2
2943,1,4
2944,1,1
2945,1,3
2946,1,3
2947,1,4
2948,1,1
2949,1,5
2950,1,5
2951,1,1
2952,1,4
2953,1,4
2954,1,1
2955,1,1
2956,1,1
2957,1,3
2958,1,5
2959,1,5
2960,1,3
2961,1,5
2962,1,5
2963,1,4
2964,1,1
2965,1,4
2966,1,1
2967,1,4
2968,1,5
2969,1,4
2970,1,1
2971,1,5
2972,1,5
2973,1,4
2974,1,5
2975,1,4
2976,1,1
2977,1,1
2978,1,1
2979,1,2
2980,1,4
2981,1,1
2982,1,1
2983,1,4
2984,1,4
2985,1,4
2986,1,5
2987,1,4
2988,1,4
2989,1,4
2990,1,1
2991,1,4
2992,1,3
2993,1,4
2994,1,3
2995,1,1
2996,1,5
2997,1,3
2998,1,4
2999,1,5
3000,1,5
3001,1,5
3002,1,5
3003,1,3
3004,1,4
3005,1,4
3006,1,4
3007,1,1
3008,1,1
3009,1,1
3010,1,4
3011,1,1
3012,1,3
3013,1,5
3014,1,2
3015,1,1
3016,1,5
3017,1,5
3018,1,4
3019,1,3
3020,1,5
3021,1,3
3022,1,4
3023,1,4
3024,1,1
3025,1,4
3026,1,4
3027,1,5
3028,1,4
3029,1,5
3030,1,3
3031,1,5
3032,1,5
3033,1,4
3034,1,5
3035,1,1
3036,1,1
3037,1,1
3038,1,1
3039,1,1
3040,1,2
3041,1,1
3042,1,3
3043,1,1
3044,1,2
3045,1,1
3046,1,2
3047,1,1
3048,1,1
3049,1,1
3050,1,3
3051,1,1
3052,1,5
3053,1,3
3054,1,4
3055,1,2
3056,1,4
3057,1,5
3058,1,2
3059,1,4
3060,1,2
3061,1,3
3062,1,4
3063,1,4
3064,1,1
3065,1,5
3066,1,5
3067,1,5
3068,1,5
3069,1,4
3070,1,3
3071,1,5
3072,1,5
3073,1,5
3074,1,3
3075,1,1
3076,1,5
3077,1,5
3078,1,4
3079,1,4
3080,1,4
3081,1,1
3082,1,1
3083,1,2
3084,1,5
3085,1,1
3086,1,1
3087,1,5
3088,1,1
3089,1,4
3090,1,2
3091,1,2
3092,1,1
3093,1,1
3094,1,1
3095,1,1
3096,1,1
3097,1,3
3098,1,4
3099,1,1
3100,1,4
3101,1,3
3102,1,2
3103,1,3
3104,1,5
3105,1,5
3106,1,3
3107,1,3
3108,1,4
3109,1,4
3110,1,4
3111,1,4
3112,1,3
3113,1,4
3114,1,5
3115,1,5
3116,1,5
3117,1,5
3118,1,2
3119,1,5
3120,1,1
3121,1,4
3122,1,5
3123,1,5
3124,1,1
3125,1,4
3126,1,4
3127,1,4
3128,1,3
3129,1,3
3130,1,4
3131,1,4
3132,1,3
3133,1,5
3134,1,1
3135,1,1
3136,1,3
3137,1,1
3138,1,4
3139,1,4
3140,1,1
3141,1,5
3142,1,1
3143,1,1
3144,1,1
3145,1,1
3146,1,1
3147,1,5
3148,1,5
3149,1,4
3150,1,5
3151,1,4
3152,1,5
3153,1,4
3154,1,5
3155,1,3
3156,1,5
3157,1,4
3158,1,5
3159,1,4
3160,1,3
3161,1,5
3162,1,5
3163,1,1
3164,1,1
3165,1,4
3166,1,5
3167,1,1
3168,1,4
3169,1,3
3170,1,2
3171,1,1
3172,1,1
3173,1,1
3174,1,1
3175,1,4
3176,1,5
3177,1,5
3178,1,4
3179,1,5
3180,1,5
3181,1,4
3182,1,4
3183,1,4
3184,1,5
3185,1,5
3186,1,1
3187,1,5
3188,1,4
3189,1,5
3190,1,3
3191,1,3
3192,1,4
3193,1,5
3194,1,1
3195,1,5
3196,1,2
3197,1,2
3198,1,5
3199,1,4
3200,1,5
3201,1,4
3202,1,4
3203,1,1
3204,1,5
3205,1,4
3206,1,4
3207,1,5
3208,1,1
3209,1,5
3210,1,1
3211,1,1
3212,1,4
3213,1,2
3214,1,1
3215,1,1
3216,1,4
3217,1,1
3218,1,4
3219,1,1
3220,1,1
3221,1,1
3222,1,1
3223,1,3
3224,1,4
3225,1,3
3226,1,4
3227,1,3
3228,1,5
3229,1,3
3230,1,3
3231,1,4
3232,1,3
3233,1,5
3234,1,5
3235,1,4
3236,1,4
3237,1,4
3238,1,5
3239,1,3
3240,1,5
3241,1,1
3242,1,5
3243,1,3
3244,1,4
3245,1,3
3246,1,1
3247,1,1
3248,1,1
3249,1,2
3250,1,4
3251,1,1
3252,1,2
3253,1,1
3254,1,5
3255,1,3
3256,1,3
3257,1,4
3258,1,5
3259,1,5
3260,1,5
3261,1,4
3262,1,4
3263,1,5
3264,1,1
3265,1,3
3266,1,2
3267,1,5
3268,1,1
3269,1,3
3270,1,5
3271,1,5
3272,1,4
3273,1,5
3274,1,1
3275,1,3
3276,1,4
3277,1,3
3278,1,1
3279,1,5
3280,1,3
3281,1,3
3282,1,4
3283,1,1
3284,1,4
3285,1,1
3286,1,1
3287,1,4
3288,1,1
3289,1,4
3290,1,5
3291,1,1
3292,1,1
3293,1,1
3294,1,5
3295,1,1
3296,1,2
3297,1,4
3298,1,1
3299,1,1
3300,1,4
3301,1,5
3302,1,5
3303,1,4
3304,1,3
3305,1,5
3306,1,4
3307,1,5
3308,1,3
3309,1,5
3310,1,5
3311,1,4
3312,1,2
3313,1,5
3314,1,4
3315,1,1
3316,1,1
3317,1,2
3318,1,1
3319,1,1
3320,1,5
3321,1,3
3322,1,4
3323,1,3
3324,1,1
3325,1,4
3326,1,2
3327,1,2
3328,1,1
3329,1,4
3330,1,4
3331,1,2
3332,1,2
3333,1,1
3334,1,1
3335,1,1
3336,1,4
3337,1,4
3338,1,4
3339,1,4
3340,1,2
3341,1,5
3342,1,5
3343,1,3
3344,1,5
3345,1,3
3346,1,3
3347,1,5
3348,1,4
3349,1,4
3350,1,3
3351,1,3
3352,1,4
3353,1,1
3354,1,5
3355,1,1
3356,1,1
3357,1,3
3358,1,3
3359,1,2
3360,1,1
3361,1,3
3362,1,3
3363,1,2
3364,1,1
3365,1,1
3366,1,1
3367,1,5
3368,1,4
3369,1,1
3370,1,5
3371,1,2
3372,1,1
3373,1,2
3374,1,1
3375,1,5
3376,1,5
3377,1,4
3378,1,5
3379,1,4
3380,1,5
3381,1,3
3382,1,5
3383,1,5
3384,1,3
3385,1,4
3386,1,5
3387,1,4
3388,1,3
3389,1,1
3390,1,1
3391,1,5
3392,1,1
3393,1,2
3394,1,1
3395,1,1
3396,1,2
3397,1,5
3398,1,5
3399,1,1
3400,1,4
3401,1,4
3402,1,1
3403,1,2
3404,1,5
3405,1,1
3406,1,1
3407,1,1
3408,1,4
3409,1,4
3410,1,5
3411,1,5
3412,1,5
3413,1,5
3414,1,4
3415,1,5
3416,1,3
3417,1,1
3418,1,5
3419,1,4
3420,1,5
3421,1,1
3422,1,3
3423,1,4
3424,1,1
3425,1,5
3426,1,2
3427,1,3
3428,1,4
3429,1,1
3430,1,2
3431,1,4
3432,1,1
3433,1,1
3434,1,5
3435,1,1
3436,1,4
3437,1,4
3438,1,2
3439,1,5
3440,1,1
3441,1,1
3442,1,5
3443,1,2
3444,1,3
3445,1,1
3446,1,5
3447,1,5
3448,1,5
3449,1,3
3450,1,2
3451,1,4
3452,1,5
3453,1,3
3454,1,4
3455,1,4
3456,1,4
3457,1,2
3458,1,4
3459,1,5
3460,1,5
3461,1,3
3462,1,5
3463,1,1
3464,1,4
3465,1,1
3466,1,1
3467,1,1
3468,1,4
3469,1,4
3470,1,5
3471,1,5
3472,1,1
3473,1,1
3474,1,4
3475,1,4
3476,1,2
3477,1,1
3478,1,2
3479,1,3
3480,1,4
3481,1,1
3482,1,3
3483,1,4
3484,1,4
3485,1,2
3486,1,3
3487,1,2
3488,1,4
3489,1,3
3490,1,5
3491,1,4
3492,1,3
3493,1,1
3494,1,5
3495,1,5
3496,1,5
3497,1,3
3498,1,5
3499,1,4
3500,1,3
3501,1,5
3502,1,3
3503,1,1
3504,1,1
3505,1,1
3506,1,5
3507,1,4
3508,1,5
3509,1,4
3510,1,4
3511,1,1
3512,1,1
3513,1,4
3514,1,3
3515,1,1
3516,1,1
3517,1,4
3518,1,4
3519,1,1
3520,1,5
3521,1,1
3522,1,5
3523,1,4
3524,1,5
3525,1,1
3526,1,5
3527,1,5
3528,1,5
3529,1,4
3530,1,3
3531,1,3
3532,1,3
3533,1,3
3534,1,2
3535,1,2
3536,1,4
3537,1,5
3538,1,4
3539,1,1
3540,1,1
3541,1,5
3542,1,5
3543,1,3
3544,1,1
3545,1,4
3546,1,2
3547,1,5
3548,1,5
3549,1,1
3550,1,5
3551,1,1
3552,1,1
3553,1,1
3554,1,3
3555,1,5
3556,1,5
3557,1,4
3558,1,4
3559,1,5
3560,1,5
3561,1,5
3562,1,3
3563,1,5
3564,1,5
3565,1,2
3566,1,3
3567,1,3
3568,1,2
3569,1,5
3570,1,5
3571,1,3
3572,1,4
3573,1,5
3574,1,3
3575,1,4
3576,1,5
3577,1,3
3578,1,5
3579,1,1
3580,1,4
3581,1,3
3582,1,1
3583,1,2
3584,1,1
3585,1,1
3586,1,5
3587,1,1
3588,1,1
3589,1,1
3590,1,1
3591,1,4
3592,1,4
3593,1,5
3594,1,5
3595,1,5
3596,1,5
3597,1,4
3598,1,5
3599,1,2
3600,1,4
3601,1,5
3602,1,5
3603,1,5
3604,1,1
3605,1,5
3606,1,4
3607,1,3
3608,1,4
3609,1,3
3610,1,1
3611,1,2
3612,1,1
3613,1,1
3614,1,1
3615,1,3
3616,1,5
3617,1,1
3618,1,1
3619,1,1
3620,1,1
3621,1,1
3622,1,4
3623,1,3
3624,1,5
3625,1,4
3626,1,5
3627,1,1
3628,1,5
3629,1,3
3630,1,5
3631,1,5
3632,1,4
3633,1,3
3634,1,4
3635,1,3
3636,1,5
3637,1,3
3638,1,3
3639,1,5
3640,1,1
3641,1,5
3642,1,1
3643,1,4
3644,1,1
3645,1,4
3646,1,5
3647,1,2
3648,1,4
3649,1,1
3650,1,1
3651,1,4
3652,1,1
3653,1,1
3654,1,2
3655,1,1
3656,1,3
3657,1,5
3658,1,4
3659,1,5
3660,1,4
3661,1,1
3662,1,3
3663,1,4
3664,1,1
3665,1,5
3666,1,5
3667,1,4
3668,1,3
3669,1,5
3670,1,2
3671,1,4
3672,1,5
3673,1,5
3674,1,1
3675,1,4
3676,1,3
3677,1,4
3678,1,5
3679,1,3
3680,1,4
3681,1,5
3682,1,5
3683,1,2
3684,1,3
3685,1,5
3686,1,1
3687,1,1
3688,1,2
3689,1,2
3690,1,1
3691,1,4
3692,1,2
3693,1,3
3694,1,5
3695,1,4
3696,1,3
3697,1,3
3698,1,4
3699,1,5
3700,1,1
3701,1,5
3702,1,3
3703,1,3
3704,1,5
3705,1,4
3706,1,2
3707,1,4
3708,1,2
3709,1,4
3710,1,3
3711,1,4
3712,1,5
3713,1,1
3714,1,5
3715,1,1
3716,1,4
3717,1,5
3718,1,4
3719,1,1
3720,1,2
3721,1,1
3722,1,5
3723,1,5
3724,1,1
3725,1,1
3726,1,5
3727,1,4
3728,1,1
3729,1,4
3730,1,1
3731,1,5
3732,1,4
3733,1,4
3734,1,5
3735,1,3
3736,1,3
3737,1,1
3738,1,5
3739,1,5
3740,1,1
3741,1,3
3742,1,4
3743,1,5
3744,1,5
3745,1,4
3746,1,5
3747,1,5
3748,1,5
3749,1,4
3750,1,1
3751,1,1
3752,1,4
3753,1,3
3754,1,4
3755,1,4
3756,1,1
3757,1,1
3758,1,4
3759,1,2
3760,1,1
3761,1,4
3762,1,4
3763,1,4
3764,1,4
3765,1,1
3766,1,2
3767,1,2
3768,1,2
3769,1,5
3770,1,3
3771,1,4
3772,1,1
3773,1,1
3774,1,3
3775,1,2
3776,1,4
3777,1,5
3778,1,5
3779,1,1
3780,1,3
3781,1,1
3782,1,1
3783,1,5
3784,1,1
3785,1,4
3786,1,5
3787,1,1
3788,1,1
3789,1,3
3790,1,3
3791,1,1
3792,1,1
3793,1,1
3794,1,4
3795,1,1
3796,1,2
3797,1,1
3798,1,4
3799,1,1
3800,1,1
3801,1,1
3802,1,2
3803,1,5
3804,1,4
3805,1,5
3806,1,3
3807,1,4
3808,1,4
3809,1,2
3810,1,5
3811,1,4
3812,1,5
3813,1,3
3814,1,3
3815,1,4
3816,1,4
3817,1,3
3818,1,4
3819,1,5
3820,1,5
3821,1,3
3822,1,3
3823,1,1
3824,1,5
3825,1,1
3826,1,4
3827,1,1
3828,1,5
3829,1,5
3830,1,4
3831,1,5
3832,1,1
3833,1,1
3834,1,1
3835,1,3
3836,1,5
3837,1,4
3838,1,4
3839,1,5
3840,1,2
3841,1,3
3842,1,4
3843,1,2
3844,1,2
3845,1,2
3846,1,1
3847,1,4
3848,1,5
3849,1,3
3850,1,1
3851,1,5
3852,1,2
3853,1,3
3854,1,3
3855,1,3
3856,1,4
3857,1,5
3858,1,3
3859,1,1
3860,1,2
3861,1,1
3862,1,1
3863,1,5
3864,1,1
3865,1,2
3866,1,1
3867,1,1
3868,1,1
3869,1,3
3870,1,5
3871,1,4
3872,1,2
3873,1,3
3874,1,3
3875,1,4
3876,1,4
3877,1,1
3878,1,5
3879,1,5
3880,1,5
3881,1,4
3882,1,4
3883,1,1
3884,1,5
3885,1,4
3886,1,5
3887,1,1
3888,1,1
3889,1,4
3890,1,2
3891,1,2
3892,1,5
3893,1,1
3894,1,4
3895,1,3
3896,1,2
3897,1,4
3898,1,1
3899,1,1
3900,1,1
3901,1,3
3902,1,5
3903,1,5
3904,1,5
3905,1,2
3906,1,3
3907,1,5
3908,1,5
3909,1,5
3910,1,2
3911,1,5
3912,1,5
3913,1,1
3914,1,5
3915,1,4
3916,1,5
3917,1,5
3918,1,1
3919,1,3
3920,1,3
3921,1,2
3922,1,2
3923,1,5
3924,1,4
3925,1,3
3926,1,2
3927,1,3
3928,1,4
3929,1,4
3930,1,1
3931,1,5
3932,1,1
3933,1,1
3934,1,1
3935,1,1
3936,1,2
3937,1,5
3938,1,5
3939,1,4
3940,1,5
3941,1,2
3942,1,5
3943,1,5
3944,1,4
3945,1,3
3946,1,4
3947,1,3
3948,1,3
3949,1,5
3950,1,3
3951,1,1
3952,1,3
3953,1,3
3954,1,5
3955,1,1
3956,1,2
3957,1,1
3958,1,4
3959,1,1
3960,1,5
3961,1,4
3962,1,4
3963,1,1
3964,1,2
3965,1,4
3966,1,5
3967,1,5
3968,1,5
3969,1,1
3970,1,5
3971,1,3
3972,1,3
3973,1,3
3974,1,4
3975,1,5
3976,1,3
3977,1,3
3978,1,5
3979,1,4
3980,1,5
3981,1,4
3982,1,5
3983,1,4
3984,1,4
3985,1,1
3986,1,2
3987,1,3
3988,1,5
3989,1,1
3990,1,4
3991,1,4
3992,1,3
3993,1,4
3994,1,4
3995,1,5
3996,1,4
3997,1,1
3998,1,4
3999,1,2
4000,1,2
4001,1,1
4002,1,1
4003,1,1
4004,1,2
4005,1,4
4006,1,2
4007,1,4
4008,1,5
4009,1,5
4010,1,5
4011,1,4
4012,1,4
4013,1,5
4014,1,5
4015,1,3
4016,1,5
4017,1,2
4018,1,5
4019,1,5
4020,1,4
4021,1,5
4022,1,5
4023,1,2
4024,1,3
4025,1,1
4026,1,1
4027,1,4
4028,1,3
4029,1,1
4030,1,3
4031,1,1
4032,1,1
4033,1,1
4034,1,4
4035,1,1
4036,1,4
4037,1,5
4038,1,1
4039,1,5
4040,1,1
4041,1,4
4042,1,1
4043,1,1
4044,1,1
4045,1,1
4046,1,4
4047,1,5
4048,1,5
4049,1,2
4050,1,3
4051,1,3
4052,1,2
4053,1,4
4054,1,5
4055,1,1
4056,1,2
4057,1,3
4058,1,3
4059,1,1
4060,1,1
4061,1,5
4062,1,1
4063,1,1
4064,1,1
4065,1,1
4066,1,1
4067,1,4
4068,1,1
4069,1,4
4070,1,1
4071,1,4
4072,1,5
4073,1,3
4074,1,1
4075,1,4
4076,1,5
4077,1,1
4078,1,5
4079,1,2
4080,1,4
4081,1,5
4082,1,4
4083,1,3
4084,1,1
4085,1,5
4086,1,4
4087,1,5
4088,1,3
4089,1,5
4090,1,3
4091,1,4
4092,1,1
4093,1,1
4094,1,4
4095,1,4
4096,1,5
4097,1,1
4098,1,2
4099,1,4
4100,1,1
4101,1,1
4102,1,1
4103,1,5
4104,1,5
4105,1,1
4106,1,2
4107,1,5
4108,1,5
4109,1,2
4110,1,5
4111,1,5
4112,1,3
4113,1,2
4114,1,2
4115,1,1
4116,1,3
4117,1,5
4118,1,1
4119,1,5
4120,1,5
4121,1,5
4122,1,5
4123,1,3
4124,1,5
4125,1,2
4126,1,3
4127,1,4
4128,1,1
4129,1,3
4130,1,4
4131,1,4
4132,1,3
4133,1,5
4134,1,4
4135,1,1
4136,1,3
4137,1,3
4138,1,5
4139,1,4
4140,1,4
4141,1,5
4142,1,3
4143,1,3
4144,1,2
4145,1,3
4146,1,5
4147,1,1
4148,1,1
4149,1,1
4150,1,1
4151,1,1
4152,1,4
4153,1,1
4154,1,3
4155,1,4
4156,1,4
4157,1,4
4158,1,4
4159,1,5
4160,1,4
4161,1,4
4162,1,5
4163,1,5
4164,1,5
4165,1,4
4166,1,4
4167,1,3
4168,1,5
4169,1,5
4170,1,4
4171,1,4
4172,1,4
4173,1,5
4174,1,4
4175,1,5
4176,1,2
4177,1,1
4178,1,1
4179,1,1
4180,1,3
4181,1,4
4182,1,4
4183,1,1
4184,1,1
4185,1,1
4186,1,4
4187,1,1
4188,1,1
4189,1,1
4190,1,3
4191,1,5
4192,1,2
4193,1,3
4194,1,4
4195,1,3
4196,1,3
4197,1,5
4198,1,5
4199,1,5
4200,1,5
4201,1,5
4202,1,2
4203,1,5
4204,1,4
4205,1,4
4206,1,1
4207,1,1
4208,1,4
4209,1,1
4210,1,1
4211,1,4
4212,1,2
4213,1,4
4214,1,1
4215,1,2
4216,1,2
4217,1,1
4218,1,2
4219,1,2
4220,1,1
4221,1,5
4222,1,4
4223,1,4
4224,1,4
4225,1,4
4226,1,5
4227,1,5
4228,1,3
4229,1,4
4230,1,5
4231,1,3
4232,1,5
4233,1,4
4234,1,3
4235,1,5
4236,1,1
4237,1,3
4238,1,4
4239,1,1
4240,1,3
4241,1,5
4242,1,3
4243,1,1
4244,1,2
4245,1,2
4246,1,1
4247,1,4
4248,1,4
4249,1,1
4250,1,4
4251,1,1
4252,1,1
4253,1,4
4254,1,1
4255,1,4
4256,1,1
4257,1,1
4258,1,1
4259,1,2
4260,1,4
4261,1,3
4262,1,5
4263,1,5
4264,1,5
4265,1,5
4266,1,5
4267,1,4
4268,1,5
4269,1,5
4270,1,4
4271,1,5
4272,1,3
4273,1,4
4274,1,3
4275,1,5
4276,1,5
4277,1,4
4278,1,1
4279,1,4
4280,1,4
4281,1,5
4282,1,4
4283,1,4
4284,1,3
4285,1,1
4286,1,2
4287,1,4
4288,1,4
4289,1,1
4290,1,1
4291,1,1
4292,1,3
4293,1,5
4294,1,1
4295,1,4
4296,1,5
4297,1,3
4298,1,5
4299,1,5
4300,1,2
4301,1,3
4302,1,4
4303,1,5
4304,1,5
4305,1,5
4306,1,1
4307,1,4
4308,1,4
4309,1,1
4310,1,4
4311,1,1
4312,1,2
4313,1,3
4314,1,3
4315,1,5
4316,1,1
4317,1,1
4318,1,5
4319,1,1
4320,1,1
4321,1,1
4322,1,2
4323,1,1
4324,1,1
4325,1,5
4326,1,5
4327,1,4
4328,1,5
4329,1,4
4330,1,5
4331,1,3
4332,1,4
4333,1,5
4334,1,3
4335,1,5
4336,1,2
4337,1,4
4338,1,5
4339,1,4
4340,1,2
4341,1,4
4342,1,2
4343,1,4
4344,1,1
4345,1,1
4346,1,5
4347,1,1
4348,1,5
4349,1,3
4350,1,1
4351,1,5
4352,1,5
4353,1,4
4354,1,3
4355,1,1
4356,1,1
4357,1,1
4358,1,5
4359,1,1
4360,1,1
4361,1,4
4362,1,2
4363,1,1
4364,1,1
4365,1,1
4366,1,4
4367,1,4
4368,1,5
4369,1,3
4370,1,4
4371,1,1
4372,1,3
4373,1,4
4374,1,3
4375,1,1
4376,1,5
4377,1,3
4378,1,2
4379,1,5
4380,1,4
4381,1,1
4382,1,1
4383,1,1
4384,1,3
4385,1,4
4386,1,1
4387,1,5
4388,1,1
4389,1,5
4390,1,4
4391,1,1
4392,1,1
4393,1,1
4394,1,4
4395,1,1
4396,1,4
4397,1,3
4398,1,1
4399,1,1
4400,1,4
4401,1,1
4402,1,1
4403,1,1
4404,1,5
4405,1,5
4406,1,3
4407,1,2
4408,1,5
4409,1,4
4410,1,5
4411,1,3
4412,1,3
4413,1,5
4414,1,4
4415,1,5
4416,1,4
4417,1,4
4418,1,5
4419,1,5
4420,1,2
4421,1,4
4422,1,4
4423,1,1
4424,1,1
4425,1,1
4426,1,4
4427,1,1
4428,1,3
4429,1,1
4430,1,1
4431,1,3
4432,1,5
4433,1,2
4434,1,4
4435,1,1
4436,1,4
4437,1,1
4438,1,4
4439,1,4
4440,1,4
4441,1,1
4442,1,1
4443,1,2
4444,1,4
4445,1,5
4446,1,4
4447,1,4
4448,1,5
4449,1,3
4450,1,4
4451,1,5
4452,1,3
4453,1,4
4454,1,3
4455,1,4
4456,1,4
4457,1,5
4458,1,4
4459,1,4
4460,1,5
4461,1,4
4462,1,4
4463,1,4
4464,1,5
4465,1,1
4466,1,4
4467,1,1
4468,1,1
4469,1,5
4470,1,4
4471,1,1
4472,1,1
4473,1,1
4474,1,1
4475,1,2
4476,1,1
4477,1,1
4478,1,4
4479,1,5
4480,1,2
4481,1,4
4482,1,1
4483,1,4
4484,1,2
4485,1,2
4486,1,3
4487,1,4
4488,1,1
4489,1,5
4490,1,5
4491,1,1
4492,1,5
4493,1,5
4494,1,4
4495,1,3
4496,1,5
4497,1,4
4498,1,5
4499,1,3
4500,1,3
4501,1,1
4502,1,5
4503,1,3
4504,1,3
4505,1,4
4506,1,4
4507,1,1
4508,1,5
4509,1,3
4510,1,5
4511,1,3
4512,1,4
4513,1,5
4514,1,4
4515,1,1
4516,1,4
4517,1,4
4518,1,2
4519,1,1
4520,1,4
4521,1,4
4522,1,2
4523,1,3
4524,1,5
4525,1,1
4526,1,2
4527,1,1
4528,1,5
4529,1,3
4530,1,5
4531,1,3
4532,1,3
4533,1,2
4534,1,5
4535,1,4
4536,1,5
4537,1,5
4538,1,3
4539,1,3
4540,1,3
4541,1,3
4542,1,4
4543,1,5
4544,1,5
4545,1,1
4546,1,3
4547,1,5
4548,1,5
4549,1,1
4550,1,3
4551,1,1
4552,1,5
4553,1,1
4554,1,4
4555,1,1
4556,1,1
4557,1,2
4558,1,3
4559,1,1
4560,1,4
4561,1,1
4562,1,3
4563,1,5
4564,1,3
4565,1,2
4566,1,1
4567,1,3
4568,1,4
4569,1,4
4570,1,5
4571,1,5
4572,1,4
4573,1,5
4574,1,5
4575,1,4
4576,1,3
4577,1,5
4578,1,4
4579,1,1
4580,1,5
4581,1,3
4582,1,1
4583,1,1
4584,1,4
4585,1,1
4586,1,4
4587,1,4
4588,1,1
4589,1,4
4590,1,2
4591,1,1
4592,1,4
4593,1,1
4594,1,5
4595,1,1
4596,1,3
4597,1,5
4598,1,3
4599,1,5
4600,1,5
4601,1,3
4602,1,4
4603,1,5
4604,1,5
4605,1,5
4606,1,4
4607,1,5
4608,1,5
4609,1,4
4610,1,3
4611,1,4
4612,1,5
4613,1,2
4614,1,1
4615,1,3
4616,1,1
4617,1,5
4618,1,1
4619,1,5
4620,1,5
4621,1,1
4622,1,1
4623,1,1
4624,1,4
4625,1,5
4626,1,5
4627,1,1
4628,1,4
4629,1,3
4630,1,4
4631,1,3
4632,1,4
4633,1,5
4634,1,2
4635,1,5
4636,1,4
4637,1,5
4638,1,2
4639,1,3
4640,1,5
4641,1,5
4642,1,4
4643,1,3
4644,1,4
4645,1,5
4646,1,3
4647,1,4
4648,1,1
4649,1,3
4650,1,4
4651,1,4
4652,1,5
4653,1,2
4654,1,4
4655,1,2
4656,1,1
4657,1,1
4658,1,1
4659,1,5
4660,1,1
4661,1,1
4662,1,1
4663,1,2
4664,1,1
4665,1,4
4666,1,5
4667,1,3
4668,1,5
4669,1,5
4670,1,5
4671,1,1
4672,1,5
4673,1,1
4674,1,1
4675,1,3
4676,1,3
4677,1,2
4678,1,3
4679,1,3
4680,1,5
4681,1,4
4682,1,5
4683,1,1
4684,1,1
4685,1,2
4686,1,4
4687,1,4
4688,1,1
4689,1,3
4690,1,1
4691,1,4
4692,1,4
4693,1,4
4694,1,4
4695,1,5
4696,1,5
4697,1,4
4698,1,5
4699,1,4
4700,1,1
4701,1,1
4702,1,4
4703,1,4
4704,1,1
4705,1,3
4706,1,1
4707,1,3
4708,1,4
4709,1,2
4710,1,3
4711,1,4
4712,1,5
4713,1,5
4714,1,5
4715,1,1
4716,1,5
4717,1,3
4718,1,5
4719,1,5
4720,1,4
4721,1,3
4722,1,5
4723,1,3
4724,1,4
4725,1,1
4726,1,1
4727,1,1
4728,1,4
4729,1,4
4730,1,1
4731,1,1
4732,1,1
4733,1,1
4734,1,4
4735,1,1
4736,1,1
4737,1,1
4738,1,1
4739,1,2
4740,1,1
4741,1,3
4742,1,5
4743,1,5
4744,1,5
4745,1,3
4746,1,5
4747,1,2
4748,1,5
4749,1,4
4750,1,3
4751,1,4
4752,1,5
4753,1,4
4754,1,5
4755,1,4
4756,1,3
4757,1,5
4758,1,1
4759,1,1
4760,1,1
4761,1,1
4762,1,4
4763,1,1
4764,1,1
4765,1,2
4766,1,5
4767,1,3
4768,1,1
4769,1,4
4770,1,5
4771,1,2
4772,1,1
4773,1,1
4774,1,1
4775,1,2
4776,1,1
4777,1,5
4778,1,1
4779,1,2
4780,1,5
4781,1,5
4782,1,5
4783,1,5
4784,1,5
4785,1,1
4786,1,3
4787,1,5
4788,1,5
4789,1,1
4790,1,4
4791,1,3
4792,1,4
4793,1,2
4794,1,4
4795,1,3
4796,1,1
4797,1,3
4798,1,4
4799,1,4
4800,1,3
4801,1,3
4802,1,4
4803,1,2
4804,1,1
4805,1,4
4806,1,1
4807,1,5
4808,1,5
4809,1,1
4810,1,1
4811,1,1
4812,1,1
4813,1,1
4814,1,1
4815,1,1
4816,1,1
4817,1,5
4818,1,4
4819,1,1
4820,1,4
4821,1,4
4822,1,4
4823,1,3
4824,1,5
4825,1,3
4826,1,3
4827,1,4
4828,1,1
4829,1,3
4830,1,3
4831,1,3
4832,1,5
4833,1,5
4834,1,5
4835,1,5
4836,1,5
4837,1,4
4838,1,1
4839,1,3
4840,1,4
4841,1,1
4842,1,1
4843,1,1
4844,1,5
4845,1,3
4846,1,4
4847,1,2
4848,1,2
4849,1,1
4850,1,1
4851,1,1
4852,1,4
4853,1,1
4854,1,4
4855,1,1
4856,1,2
4857,1,4
4858,1,2
4859,1,3
4860,1,1
4861,1,4
4862,1,3
4863,1,2
4864,1,5
4865,1,4
4866,1,5
4867,1,5
4868,1,5
4869,1,4
4870,1,4
4871,1,3
4872,1,5
4873,1,4
4874,1,5
4875,1,5
4876,1,5
4877,1,5
4878,1,5
4879,1,4
4880,1,5
4881,1,5
4882,1,1
4883,1,4
4884,1,5
4885,1,4
4886,1,5
4887,1,1
4888,1,2
4889,1,4
4890,1,2
4891,1,1
4892,1,1
4893,1,5
4894,1,2
4895,1,5
4896,1,4
4897,1,5
4898,1,5
4899,1,5
4900,1,4
4901,1,2
4902,1,5
4903,1,5
4904,1,5
4905,1,4
4906,1,3
4907,1,5
4908,1,5
4909,1,5
4910,1,1
4911,1,1
4912,1,1
4913,1,2
4914,1,5
4915,1,1
4916,1,2
4917,1,3
4918,1,5
4919,1,5
4920,1,4
4921,1,4
4922,1,2
4923,1,1
4924,1,2
4925,1,4
4926,1,5
4927,1,5
4928,1,4
4929,1,5
4930,1,3
4931,1,5
4932,1,5
4933,1,4
4934,1,5
4935,1,5
4936,1,2
4937,1,1
4938,1,5
4939,1,3
4940,1,4
4941,1,1
4942,1,1
4943,1,2
4944,1,4
4945,1,3
4946,1,2
4947,1,1
4948,1,2
4949,1,1
4950,1,5
4951,1,5
4952,1,5
4953,1,1
4954,1,1
4955,1,5
4956,1,5
4957,1,5
4958,1,1
4959,1,4
4960,1,5
4961,1,4
4962,1,1
4963,1,5
4964,1,5
4965,1,4
4966,1,5
4967,1,3
4968,1,5
4969,1,1
4970,1,4
4971,1,3
4972,1,5
4973,1,4
4974,1,2
4975,1,4
4976,1,5
4977,1,2
4978,1,1
4979,1,3
4980,1,1
4981,1,1
4982,1,4
4983,1,1
4984,1,1
4985,1,3
4986,1,1
4987,1,1
4988,1,4
4989,1,3
4990,1,4
4991,1,5
4992,1,1
4993,1,5
4994,1,2
4995,1,5
4996,1,5
4997,1,5
4998,1,3
4999,1,3
5000,1,5
5001,1,4
5002,1,5
5003,1,4
5004,1,4
5005,1,5
5006,1,1
5007,1,1
5008,1,3
5009,1,3
5010,1,5
5011,1,3
5012,1,2
5013,1,4
5014,1,1
5015,1,1
5016,1,1
5017,1,5
5018,1,1
5019,1,1
5020,1,4
5021,1,1
5022,1,2
5023,1,5
5024,1,5
5025,1,5
5026,1,3
5027,1,4
5028,1,2
5029,1,4
5030,1,4
5031,1,3
5032,1,3
5033,1,4
5034,1,4
5035,1,5
5036,1,4
5037,1,3
5038,1,5
5039,1,4
5040,1,3
5041,1,1
5042,1,4
5043,1,1
5044,1,4
5045,1,3
5046,1,5
5047,1,4
5048,1,4
5049,1,4
5050,1,1
5051,1,4
5052,1,2
5053,1,1
5054,1,3
5055,1,4
5056,1,1
5057,1,1
5058,1,4
5059,1,5
5060,1,2
5061,1,2
5062,1,3
5063,1,1
5064,1,5
5065,1,5
5066,1,4
5067,1,5
5068,1,3
5069,1,3
5070,1,2
5071,1,5
5072,1,3
5073,1,5
5074,1,5
5075,1,1
5076,1,5
5077,1,3
5078,1,5
5079,1,4
5080,1,1
5081,1,4
5082,1,5
5083,1,1
5084,1,3
5085,1,5
5086,1,2
5087,1,3
5088,1,2
5089,1,3
5090,1,2
5091,1,4
5092,1,5
5093,1,1
5094,1,1
5095,1,1
5096,1,1
5097,1,1
5098,1,4
5099,1,1
5100,1,3
5101,1,5
5102,1,3
5103,1,3
5104,1,5
5105,1,5
5106,1,4
5107,1,4
5108,1,5
5109,1,3
5110,1,4
5111,1,3
5112,1,5
5113,1,4
5114,1,5
5115,1,4
5116,1,2
5117,1,4
5118,1,3
5119,1,5
5120,1,5
5121,1,4
5122,1,4
5123,1,5
5124,1,2
5125,1,5
5126,1,4
5127,1,1
5128,1,1
5129,1,1
5130,1,4
5131,1,2
5132,1,4
5133,1,1
5134,1,4
5135,1,5
5136,1,4
5137,1,2
5138,1,1
5139,1,2
5140,1,2
5141,1,5
5142,1,4
5143,1,3
5144,1,3
5145,1,1
5146,1,4
5147,1,5
5148,1,2
5149,1,3
5150,1,1
5151,1,2
5152,1,4
5153,1,4
5154,1,5
5155,1,4
5156,1,4
5157,1,4
5158,1,3
5159,1,4
5160,1,2
5161,1,1
5162,1,1
5163,1,1
5164,1,1
5165,1,2
5166,1,3
5167,1,5
5168,1,5
5169,1,5
5170,1,5
5171,1,3
5172,1,3
5173,1,5
5174,1,2
5175,1,5
5176,1,5
5177,1,5
5178,1,5
5179,1,3
5180,1,5
5181,1,4
5182,1,4
5183,1,3
5184,1,3
5185,1,3
5186,1,4
5187,1,3
5188,1,5
5189,1,5
5190,1,4
5191,1,5
5192,1,5
5193,1,1
5194,1,1
5195,1,4
5196,1,2
5197,1,3
5198,1,5
5199,1,5
5200,1,1
5201,1,1
5202,1,1
5203,1,5
5204,1,4
5205,1,1
5206,1,1
5207,1,4
5208,1,1
5209,1,5
5210,1,5
5211,1,3
5212,1,5
5213,1,1
5214,1,5
5215,1,1
5216,1,3
5217,1,5
5218,1,5
5219,1,1
5220,1,5
5221,1,3
5222,1,5
5223,1,1
5224,1,4
5225,1,5
5226,1,4
5227,1,1
5228,1,5
5229,1,1
5230,1,1
5231,1,4
5232,1,3
5233,1,5
5234,1,4
5235,1,4
5236,1,5
5237,1,1
5238,1,1
5239,1,1
5240,1,1
5241,1,4
5242,1,5
5243,1,1
5244,1,4
5245,1,5
5246,1,1
5247,1,1
5248,1,1
5249,1,4
5250,1,1
5251,1,2
5252,1,3
5253,1,5
5254,1,4
5255,1,5
5256,1,5
5257,1,5
5258,1,3
5259,1,5
5260,1,5
5261,1,3
5262,1,4
5263,1,5
5264,1,3
5265,1,5
5266,1,1
5267,1,1
5268,1,1
5269,1,5
5270,1,1
5271,1,1
5272,1,4
5273,1,1
5274,1,1
5275,1,1
5276,1,3
5277,1,1
5278,1,1
5279,1,2
5280,1,3
5281,1,2
5282,1,5
5283,1,4
5284,1,5
5285,1,5
5286,1,2
5287,1,2
5288,1,5
5289,1,5
5290,1,5
5291,1,5
5292,1,1
5293,1,5
5294,1,5
5295,1,5
5296,1,4
5297,1,3
5298,1,2
5299,1,5
5300,1,2
5301,1,1
5302,1,2
5303,1,1
5304,1,1
5305,1,4
5306,1,1
5307,1,2
5308,1,2
5309,1,1
5310,1,1
5311,1,5
5312,1,4
5313,1,5
5314,1,5
5315,1,1
5316,1,5
5317,1,2
5318,1,5
5319,1,5
5320,1,4
5321,1,4
5322,1,5
5323,1,1
5324,1,3
5325,1,5
5326,1,5
5327,1,1
5328,1,1
5329,1,1
5330,1,1
5331,1,4
5332,1,4
5333,1,2
5334,1,3
5335,1,1
5336,1,3
5337,1,3
5338,1,3
5339,1,1
5340,1,5
5341,1,4
5342,1,5
5343,1,5
5344,1,3
5345,1,4
5346,1,4
5347,1,3
5348,1,2
5349,1,5
5350,1,5
5351,1,4
5352,1,3
5353,1,1
5354,1,1
5355,1,1
5356,1,1
5357,1,3
5358,1,1
5359,1,1
5360,1,1
5361,1,1
5362,1,1
5363,1,3
5364,1,1
5365,1,4
5366,1,3
5367,1,5
5368,1,3
5369,1,3
5370,1,3
5371,1,3
5372,1,4
5373,1,3
5374,1,2
5375,1,4
5376,1,1
5377,1,1
5378,1,1
5379,1,4
5380,1,4
5381,1,4
5382,1,1
5383,1,2
5384,1,5
5385,1,1
5386,1,3
5387,1,5
5388,1,1
5389,1,1
5390,1,2
5391,1,2
5392,1,4
5393,1,3
5394,1,4
5395,1,1
5396,1,1
5397,1,3
5398,1,5
5399,1,5
5400,1,5
5401,1,5
5402,1,5
5403,1,5
5404,1,5
5405,1,5
5406,1,3
5407,1,1
5408,1,5
5409,1,2
5410,1,3
5411,1,5
5412,1,4
5413,1,1
5414,1,1
5415,1,1
5416,1,1
5417,1,1
5418,1,4
5419,1,4
5420,1,2
5421,1,4
5422,1,5
5423,1,2
5424,1,3
5425,1,5
5426,1,3
5427,1,2
5428,1,3
5429,1,5
5430,1,3
5431,1,4
5432,1,5
5433,1,5
5434,1,5
5435,1,4
5436,1,3
5437,1,4
5438,1,4
5439,1,5
5440,1,2
5441,1,4
5442,1,4
5443,1,2
5444,1,5
5445,1,1
5446,1,1
5447,1,3
5448,1,4
5449,1,5
5450,1,4
5451,1,4
5452,1,2
5453,1,1
5454,1,1
5455,1,1
5456,1,1
5457,1,5
5458,1,4
5459,1,2
5460,1,4
5461,1,4
5462,1,4
5463,1,5
5464,1,4
5465,1,4
5466,1,5
5467,1,4
5468,1,1
5469,1,3
5470,1,5
5471,1,3
5472,1,3
5473,1,4
5474,1,2
5475,1,5
5476,1,3
5477,1,1
5478,1,4
5479,1,4
5480,1,4
5481,1,1
5482,1,1
5483,1,3
5484,1,2
5485,1,1
5486,1,1
5487,1,3
5488,1,4
5489,1,2
5490,1,1
5491,1,1
5492,1,2
5493,1,5
5494,1,3
5495,1,3
5496,1,4
5497,1,3
5498,1,4
5499,1,3
5500,1,1
5501,1,3
5502,1,5
5503,1,4
5504,1,4
5505,1,5
5506,1,2
5507,1,5
5508,1,2
5509,1,5
5510,1,1
5511,1,2
5512,1,1
5513,1,4
5514,1,3
5515,1,5
5516,1,2
5517,1,4
5518,1,1
5519,1,2
5520,1,1
5521,1,2
5522,1,5
5523,1,3
5524,1,3
5525,1,5
5526,1,5
5527,1,5
5528,1,4
5529,1,2
5530,1,3
5531,1,3
5532,1,3
5533,1,5
5534,1,5
5535,1,5
5536,1,4
5537,1,4
5538,1,4
5539,1,3
5540,1,5
5541,1,4
5542,1,5
5543,1,4
5544,1,5
5545,1,2
5546,1,1
5547,1,1
5548,1,3
5549,1,5
5550,1,5
5551,1,3
5552,1,5
5553,1,2
5554,1,2
5555,1,1
5556,1,1
5557,1,4
5558,1,4
5559,1,3
5560,1,1
5561,1,2
5562,1,1
5563,1,1
5564,1,1
5565,1,1
5566,1,4
5567,1,2
5568,1,1
5569,1,3
5570,1,5
5571,1,5
5572,1,5
5573,1,3
5574,1,5
5575,1,4
5576,1,3
5577,1,5
5578,1,4
5579,1,5
5580,1,5
5581,1,5
5582,1,4
5583,1,5
5584,1,5
5585,1,2
5586,1,3
5587,1,5
5588,1,4
5589,1,3
5590,1,1
5591,1,1
5592,1,1
5593,1,4
5594,1,1
5595,1,2
5596,1,4
5597,1,2
5598,1,2
5599,1,5
5600,1,3
5601,1,4
5602,1,5
5603,1,5
5604,1,5
5605,1,5
5606,1,5
5607,1,5
5608,1,1
5609,1,5
5610,1,2
5611,1,1
5612,1,3
5613,1,5
5614,1,3
5615,1,1
5616,1,4
5617,1,2
5618,1,5
5619,1,2
5620,1,5
5621,1,1
5622,1,1
5623,1,3
5624,1,1
5625,1,5
5626,1,1
5627,1,1
5628,1,5
5629,1,1
5630,1,5
5631,1,3
5632,1,1
5633,1,1
5634,1,3
5635,1,5
5636,1,5
5637,1,5
5638,1,5
5639,1,3
5640,1,3
5641,1,4
5642,1,4
5643,1,3
5644,1,5
5645,1,5
5646,1,5
5647,1,5
5648,1,3
5649,1,1
5650,1,3
5651,1,1
5652,1,1
5653,1,2
5654,1,1
5655,1,2
5656,1,3
5657,1,3
5658,1,5
5659,1,5
5660,1,1
5661,1,1
5662,1,1
5663,1,3
5664,1,4
5665,1,4
5666,1,1
5667,1,1
5668,1,4
5669,1,2
5670,1,2
5671,1,4
5672,1,3
5673,1,5
5674,1,5
5675,1,5
5676,1,5
5677,1,2
5678,1,1
5679,1,4
5680,1,5
5681,1,5
5682,1,4
5683,1,4
5684,1,4
5685,1,2
5686,1,3
5687,1,4
5688,1,4
5689,1,4
5690,1,4
5691,1,1
5692,1,1
5693,1,5
5694,1,4
5695,1,1
5696,1,3
5697,1,4
5698,1,3
5699,1,3
5700,1,5
5701,1,3
5702,1,1
5703,1,5
5704,1,2
5705,1,1
5706,1,2
5707,1,1
5708,1,3
5709,1,4
5710,1,2
5711,1,1
5712,1,3
5713,1,5
5714,1,3
5715,1,5
5716,1,4
5717,1,2
5718,1,3
5719,1,2
5720,1,2
5721,1,3
5722,1,5
5723,1,5
5724,1,4
5725,1,4
5726,1,1
5727,1,5
5728,1,4
5729,1,1
5730,1,4
5731,1,1
5732,1,4
5733,1,5
5734,1,1
5735,1,1
5736,1,4
5737,1,1
5738,1,1
5739,1,3
5740,1,1
5741,1,3
5742,1,1
5743,1,4
5744,1,4
5745,1,4
5746,1,5
5747,1,5
5748,1,4
5749,1,5
5750,1,5
5751,1,5
5752,1,2
5753,1,5
5754,1,1
5755,1,5
5756,1,5
5757,1,3
5758,1,2
5759,1,5
5760,1,1
5761,1,5
5762,1,3
5763,1,5
5764,1,5
5765,1,4
5766,1,1
5767,1,5
5768,1,1
5769,1,4
5770,1,4
5771,1,1
5772,1,3
5773,1,1
5774,1,3
5775,1,1
5776,1,1
5777,1,1
5778,1,1
5779,1,4
5780,1,4
5781,1,2
5782,1,3
5783,1,4
5784,1,5
5785,1,4
5786,1,4
5787,1,3
5788,1,1
5789,1,5
5790,1,5
5791,1,2
5792,1,5
5793,1,5
5794,1,3
5795,1,4
5796,1,4
5797,1,5
5798,1,4
5799,1,5
5800,1,4
5801,1,1
5802,1,5
5803,1,3
5804,1,1
5805,1,4
5806,1,5
5807,1,5
5808,1,1
5809,1,2
5810,1,1
5811,1,1
5812,1,1
5813,1,1
5814,1,3
5815,1,5
5816,1,3
5817,1,4
5818,1,4
5819,1,4
5820,1,1
5821,1,5
5822,1,5
5823,1,5
5824,1,5
5825,1,5
5826,1,4
5827,1,5
5828,1,4
5829,1,4
5830,1,4
5831,1,1
5832,1,1
5833,1,4
5834,1,5
5835,1,4
5836,1,2
5837,1,1
5838,1,4
5839,1,2
5840,1,4
5841,1,3
5842,1,2
5843,1,3
5844,1,1
5845,1,1
5846,1,1
5847,1,1
5848,1,4
5849,1,5
5850,1,5
5851,1,3
5852,1,2
5853,1,5
5854,1,5
5855,1,3
5856,1,5
5857,1,1
5858,1,3
5859,1,5
5860,1,1
5861,1,5
5862,1,5
5863,1,5
5864,1,4
5865,1,5
5866,1,5
5867,1,1
5868,1,3
5869,1,5
5870,1,4
5871,1,2
5872,1,4
5873,1,1
5874,1,5
5875,1,1
5876,1,5
5877,1,4
5878,1,4
5879,1,4
5880,1,4
5881,1,5
5882,1,1
5883,1,1
5884,1,2
5885,1,1
5886,1,4
5887,1,4
5888,1,4
5889,1,1
5890,1,4
5891,1,4
5892,1,1
5893,1,2
5894,1,5
5895,1,4
5896,1,1
5897,1,1
5898,1,4
5899,1,4
5900,1,4
5901,1,5
5902,1,5
5903,1,5
5904,1,5
5905,1,5
5906,1,3
5907,1,5
5908,1,2
5909,1,4
5910,1,4
5911,1,5
5912,1,5
5913,1,4
5914,1,5
5915,1,4
5916,1,5
5917,1,5
5918,1,1
5919,1,3
5920,1,2
5921,1,1
5922,1,4
5923,1,1
5924,1,1
5925,1,5
5926,1,4
5927,1,1
5928,1,1
5929,1,4
5930,1,2
5931,1,1
5932,1,2
5933,1,1
5934,1,1
5935,1,1
5936,1,1
5937,1,1
5938,1,2
5939,1,3
5940,1,2
5941,1,3
5942,1,4
5943,1,3
5944,1,5
5945,1,3
5946,1,5
5947,1,5
5948,1,4
5949,1,5
5950,1,5
5951,1,5
5952,1,5
5953,1,2
5954,1,5
5955,1,2
5956,1,4
5957,1,5
5958,1,3
5959,1,1
5960,1,4
5961,1,5
5962,1,4
5963,1,1
5964,1,2
5965,1,5
5966,1,1
5967,1,1
5968,1,1
5969,1,1
5970,1,1
5971,1,1
5972,1,1
5973,1,1
5974,1,5
5975,1,4
5976,1,4
5977,1,3
5978,1,3
5979,1,5
5980,1,4
5981,1,5
5982,1,5
5983,1,5
5984,1,1
5985,1,1
5986,1,4
5987,1,5
5988,1,4
5989,1,3
5990,1,4
5991,1,1
5992,1,5
5993,1,5
5994,1,3
5995,1,3
5996,1,1
5997,1,1
5998,1,4
5999,1,2
6000,1,2
6001,1,1
6002,1,3
6003,1,2
6004,1,1
6005,1,4
6006,1,1
6007,1,1
6008,1,4
6009,1,1
6010,1,3
6011,1,3
6012,1,3
6013,1,4
6014,1,5
6015,1,5
6016,1,3
6017,1,1
6018,1,4
6019,1,4
6020,1,1
6021,1,4
6022,1,2
6023,1,5
6024,1,5
6025,1,2
6026,1,5
6027,1,1
6028,1,3
6029,1,1
6030,1,4
6031,1,1
6032,1,5
6033,1,1
6034,1,3
6035,1,3
6036,1,5
6037,1,5
6038,1,3
6039,1,4
6040,1,3
6041,1,5
6042,1,5
6043,1,4
6044,1,4
6045,1,5
6046,1,4
6047,1,4
6048,1,1
6049,1,5
6050,1,2
6051,1,1
6052,1,4
6053,1,3
6054,1,1
6055,1,5
6056,1,5
6057,1,3
6058,1,2
6059,1,3
6060,1,3
6061,1,1
6062,1,1
6063,1,5
6064,1,4
6065,1,1
6066,1,1
6067,1,3
6068,1,3
6069,1,5
6070,1,4
6071,1,4
6072,1,5
6073,1,3
6074,1,5
6075,1,2
6076,1,1
6077,1,4
6078,1,5
6079,1,4
6080,1,5
6081,1,3
6082,1,4
6083,1,3
6084,1,1
6085,1,4
6086,1,3
6087,1,5
6088,1,4
6089,1,2
6090,1,1
6091,1,4
6092,1,4
6093,1,1
6094,1,2
6095,1,1
6096,1,1
6097,1,4
6098,1,3
6099,1,4
6100,1,5
6101,1,4
6102,1,5
6103,1,1
6104,1,1
6105,1,4
6106,1,5
6107,1,3
6108,1,4
6109,1,4
6110,1,4
6111,1,1
6112,1,5
6113,1,5
6114,1,5
6115,1,5
6116,1,5
6117,1,4
6118,1,3
6119,1,5
6120,1,4
6121,1,3
6122,1,4
6123,1,5
6124,1,3
6125,1,3
6126,1,5
6127,1,4
6128,1,4
6129,1,4
6130,1,4
6131,1,1
6132,1,3
6133,1,5
6134,1,1
6135,1,4
6136,1,3
6137,1,1
6138,1,1
6139,1,3
6140,1,1
6141,1,3
6142,1,5
6143,1,4
6144,1,3
6145,1,4
6146,1,5
6147,1,4
6148,1,5
6149,1,5
6150,1,5
6151,1,1
6152,1,3
6153,1,5
6154,1,3
6155,1,3
6156,1,5
6157,1,4
6158,1,5
6159,1,3
6160,1,3
6161,1,1
6162,1,5
6163,1,1
6164,1,1
6165,1,5
6166,1,4
6167,1,1
6168,1,2
6169,1,1
6170,1,1
6171,1,1
6172,1,2
6173,1,1
6174,1,1
6175,1,1
6176,1,4
6177,1,4
6178,1,4
6179,1,4
6180,1,5
6181,1,5
6182,1,5
6183,1,2
6184,1,3
6185,1,4
6186,1,3
6187,1,5
6188,1,4
6189,1,1
6190,1,5
6191,1,5
6192,1,1
6193,1,3
6194,1,2
6195,1,4
6196,1,3
6197,1,1
6198,1,2
6199,1,1
6200,1,1
6201,1,1
6202,1,3
6203,1,4
6204,1,3
6205,1,1
6206,1,1
6207,1,2
6208,1,1
6209,1,2
6210,1,4
6211,1,3
6212,1,4
6213,1,2
6214,1,1
6215,1,2
6216,1,4
6217,1,1
6218,1,1
6219,1,5
6220,1,4
6221,1,3
6222,1,3
6223,1,5
6224,1,4
6225,1,3
6226,1,5
6227,1,4
6228,1,5
6229,1,5
6230,1,3
6231,1,5
6232,1,5
6233,1,4
6234,1,5
6235,1,5
6236,1,5
6237,1,1
6238,1,1
6239,1,5
6240,1,5
6241,1,4
6242,1,2
6243,1,4
6244,1,3
6245,1,5
6246,1,1
6247,1,2
6248,1,1
6249,1,1
6250,1,1
6251,1,3
6252,1,1
6253,1,1
6254,1,1
6255,1,2
6256,1,1
6257,1,1
6258,1,1
6259,1,5
6260,1,5
6261,1,3
6262,1,4
6263,1,4
6264,1,5
6265,1,5
6266,1,3
6267,1,5
6268,1,3
6269,1,5
6270,1,5
6271,1,3
6272,1,5
6273,1,5
6274,1,1
6275,1,5
6276,1,4
6277,1,2
6278,1,5
6279,1,5
6280,1,4
6281,1,1
6282,1,4
6283,1,4
6284,1,2
6285,1,5
6286,1,1
6287,1,2
6288,1,1
6289,1,5
6290,1,5
6291,1,5
6292,1,5
6293,1,4
6294,1,5
6295,1,3
6296,1,5
6297,1,3
6298,1,5
6299,1,3
6300,1,5
6301,1,4
6302,1,4
6303,1,2
6304,1,4
6305,1,5
6306,1,5
6307,1,4
6308,1,1
6309,1,1
6310,1,4
6311,1,5
6312,1,5
6313,1,5
6314,1,4
6315,1,1
6316,1,3
6317,1,1
6318,1,3
6319,1,4
6320,1,3
6321,1,4
6322,1,1
6323,1,3
6324,1,4
6325,1,5
6326,1,3
6327,1,1
6328,1,4
6329,1,3
6330,1,4
6331,1,2
6332,1,1
6333,1,5
6334,1,1
6335,1,5
6336,1,3
6337,1,4
6338,1,5
6339,1,4
6340,1,3
6341,1,3
6342,1,1
6343,1,4
6344,1,5
6345,1,1
6346,1,4
6347,1,4
6348,1,1
6349,1,4
6350,1,1
6351,1,4
6352,1,5
6353,1,1
6354,1,3
6355,1,1
6356,1,1
6357,1,2
6358,1,2
6359,1,4
6360,1,2
6361,1,1
6362,1,1
6363,1,1
6364,1,4
6365,1,3
6366,1,4
6367,1,5
6368,1,2
6369,1,3
6370,1,4
6371,1,5
6372,1,5
6373,1,3
6374,1,2
6375,1,2
6376,1,3
6377,1,1
6378,1,1
6379,1,1
6380,1,4
6381,1,2
6382,1,4
6383,1,4
6384,1,3
6385,1,5
6386,1,5
6387,1,4
6388,1,1
6389,1,1
6390,1,4
6391,1,5
6392,1,1
6393,1,4
6394,1,4
6395,1,1
6396,1,3
6397,1,1
6398,1,1
6399,1,5
6400,1,4
6401,1,5
6402,1,3
6403,1,5
6404,1,4
6405,1,5
6406,1,3
6407,1,5
6408,1,1
6409,1,4
6410,1,4
6411,1,4
6412,1,3
6413,1,4
6414,1,2
6415,1,5
6416,1,5
6417,1,1
6418,1,4
6419,1,3
6420,1,4
6421,1,1
6422,1,1
6423,1,3
6424,1,3
6425,1,1
6426,1,4
6427,1,1
6428,1,1
6429,1,1
6430,1,1
6431,1,5
6432,1,2
6433,1,2
6434,1,1
6435,1,4
6436,1,5
6437,1,5
6438,1,3
6439,1,5
6440,1,4
6441,1,3
6442,1,4
6443,1,3
6444,1,3
6445,1,4
6446,1,5
6447,1,3
6448,1,3
6449,1,1
6450,1,1
6451,1,4
6452,1,4
6453,1,4
6454,1,1
6455,1,1
6456,1,1
6457,1,1
6458,1,2
6459,1,1
6460,1,1
6461,1,2
6462,1,1
6463,1,3
6464,1,4
6465,1,4
6466,1,1
6467,1,1
6468,1,2
6469,1,1
6470,1,1
6471,1,5
6472,1,3
6473,1,5
6474,1,3
6475,1,4
6476,1,4
6477,1,1
6478,1,3
6479,1,5
6480,1,4
6481,1,5
6482,1,4
6483,1,4
6484,1,4
6485,1,3
6486,1,3
6487,1,4
6488,1,4
6489,1,1
6490,1,1
6491,1,2
6492,1,1
6493,1,5
6494,1,4
6495,1,1
6496,1,1
6497,1,1
6498,1,3
6499,1,3
6500,1,5
6501,1,1
6502,1,4
6503,1,2
6504,1,4
6505,1,3
6506,1,5
6507,1,5
6508,1,1
6509,1,5
6510,1,5
6511,1,5
6512,1,4
6513,1,5
6514,1,5
6515,1,4
6516,1,4
6517,1,2
6518,1,4
6519,1,5
6520,1,4
6521,1,2
6522,1,5
6523,1,1
6524,1,4
6525,1,5
6526,1,2
6527,1,5
6528,1,1
6529,1,1
6530,1,1
6531,1,1
6532,1,1
6533,1,1
6534,1,4
6535,1,1
6536,1,5
6537,1,5
6538,1,5
6539,1,5
6540,1,5
6541,1,5
6542,1,3
6543,1,3
6544,1,5
6545,1,2
6546,1,2
6547,1,4
6548,1,4
6549,1,2
6550,1,1
6551,1,5
6552,1,2
6553,1,5
6554,1,4
6555,1,4
6556,1,4
6557,1,4
6558,1,3
6559,1,5
6560,1,3
6561,1,5
6562,1,1
6563,1,3
6564,1,3
6565,1,3
6566,1,1
6567,1,1
6568,1,5
6569,1,5
6570,1,4
6571,1,2
6572,1,1
6573,1,5
6574,1,5
6575,1,1
6576,1,5
6577,1,5
6578,1,5
6579,1,4
6580,1,5
6581,1,5
6582,1,5
6583,1,3
6584,1,4
6585,1,5
6586,1,3
6587,1,2
6588,1,3
6589,1,5
6590,1,3
6591,1,5
6592,1,5
6593,1,3
6594,1,5
6595,1,5
6596,1,1
6597,1,1
6598,1,4
6599,1,2
6600,1,5
6601,1,5
6602,1,5
6603,1,2
6604,1,5
6605,1,5
6606,1,4
6607,1,2
6608,1,1
6609,1,2
6610,1,2
6611,1,1
6612,1,5
6613,1,4
6614,1,5
6615,1,5
6616,1,5
6617,1,1
6618,1,4
6619,1,4
6620,1,3
6621,1,5
6622,1,5
6623,1,5
6624,1,4
6625,1,5
6626,1,5
6627,1,4
6628,1,1
6629,1,1
6630,1,4
6631,1,1
6632,1,3
6633,1,1
6634,1,1
6635,1,4
6636,1,1
6637,1,1
6638,1,1
6639,1,5
6640,1,1
6641,1,1
6642,1,3
6643,1,4
6644,1,1
6645,1,1
6646,1,1
6647,1,1
6648,1,1
6649,1,4
6650,1,5
6651,1,4
6652,1,4
6653,1,3
6654,1,3
6655,1,4
6656,1,4
6657,1,2
6658,1,5
6659,1,5
6660,1,5
6661,1,5
6662,1,5
6663,1,5
6664,1,4
6665,1,5
6666,1,5
6667,1,3
6668,1,4
6669,1,2
6670,1,4
6671,1,4
6672,1,1
6673,1,3
6674,1,1
6675,1,1
6676,1,2
6677,1,3
6678,1,5
6679,1,1
6680,1,4
6681,1,4
6682,1,5
6683,1,5
6684,1,1
6685,1,3
6686,1,5
6687,1,5
6688,1,5
6689,1,5
6690,1,5
6691,1,5
6692,1,4
6693,1,1
6694,1,4
6695,1,5
6696,1,1
6697,1,1
6698,1,1
6699,1,2
6700,1,4
6701,1,1
6702,1,5
6703,1,1
6704,1,5
6705,1,1
6706,1,1
6707,1,4
6708,1,3
6709,1,3
6710,1,3
6711,1,5
6712,1,1
6713,1,5
6714,1,5
6715,1,4
6716,1,4
6717,1,4
6718,1,1
6719,1,4
6720,1,5
6721,1,3
6722,1,5
6723,1,2
6724,1,1
6725,1,3
6726,1,3
6727,1,5
6728,1,5
6729,1,2
6730,1,1
6731,1,4
6732,1,4
6733,1,1
6734,1,2
6735,1,1
6736,1,4
6737,1,1
6738,1,1
6739,1,1
6740,1,1
6741,1,1
6742,1,2
6743,1,1
6744,1,1
6745,1,1
6746,1,3
6747,1,1
6748,1,1
6749,1,3
6750,1,2
6751,1,1
6752,1,1
6753,1,3
6754,1,5
6755,1,4
6756,1,1
6757,1,4
6758,1,4
6759,1,3
6760,1,5
6761,1,5
6762,1,3
6763,1,5
6764,1,3
6765,1,4
6766,1,3
6767,1,5
6768,1,5
6769,1,5
6770,1,3
6771,1,5
6772,1,5
6773,1,4
6774,1,2
6775,1,4
6776,1,3
6777,1,5
6778,1,3
6779,1,5
6780,1,2
6781,1,1
6782,1,1
6783,1,4
6784,1,1
6785,1,1
6786,1,1
6787,1,1
6788,1,1
6789,1,1
6790,1,3
6791,1,1
6792,1,4
6793,1,5
6794,1,3
6795,1,3
6796,1,3
6797,1,5
6798,1,3
6799,1,1
6800,1,1
6801,1,5
6802,1,4
6803,1,4
6804,1,1
6805,1,5
6806,1,4
6807,1,4
6808,1,1
6809,1,1
6810,1,5
6811,1,4
6812,1,1
6813,1,3
6814,1,5
6815,1,1
6816,1,5
6817,1,3
6818,1,5
6819,1,1
6820,1,4
6821,1,5
6822,1,3
6823,1,4
6824,1,3
6825,1,4
6826,1,5
6827,1,5
6828,1,3
6829,1,2
6830,1,4
6831,1,4
6832,1,5
6833,1,3
6834,1,5
6835,1,1
6836,1,1
6837,1,3
6838,1,1
6839,1,1
6840,1,1
6841,1,1
6842,1,4
6843,1,3
6844,1,1
6845,1,1
6846,1,3
6847,1,4
6848,1,2
6849,1,5
6850,1,3
6851,1,5
6852,1,5
6853,1,3
6854,1,5
6855,1,3
6856,1,4
6857,1,5
6858,1,5
6859,1,4
6860,1,4
6861,1,3
6862,1,4
6863,1,1
6864,1,1
6865,1,5
6866,1,4
6867,1,4
6868,1,5
6869,1,4
6870,1,1
6871,1,4
6872,1,3
6873,1,4
6874,1,2
6875,1,1
6876,1,1
6877,1,3
6878,1,1
6879,1,3
6880,1,4
6881,1,2
6882,1,1
6883,1,1
6884,1,4
6885,1,5
6886,1,5
6887,1,5
6888,1,5
6889,1,4
6890,1,5
6891,1,5
6892,1,4
6893,1,5
6894,1,5
6895,1,4
6896,1,4
6897,1,4
6898,1,3
6899,1,5
6900,1,3
6901,1,1
6902,1,4
6903,1,1
6904,1,5
6905,1,3
6906,1,3
6907,1,2
6908,1,1
6909,1,2
6910,1,4
6911,1,1
6912,1,1
6913,1,1
6914,1,1
6915,1,2
6916,1,2
6917,1,3
6918,1,1
6919,1,1
6920,1,5
6921,1,5
6922,1,5
6923,1,5
6924,1,5
6925,1,3
6926,1,5
6927,1,5
6928,1,4
6929,1,5
6930,1,4
6931,1,4
6932,1,5
6933,1,2
6934,1,1
6935,1,3
6936,1,5
6937,1,3
6938,1,2
6939,1,4
6940,1,1
6941,1,5
6942,1,4
6943,1,2
6944,1,3
6945,1,1
6946,1,1
6947,1,1
6948,1,4
6949,1,1
6950,1,4
6951,1,2
6952,1,1
6953,1,1
6954,1,5
6955,1,4
6956,1,4
6957,1,5
6958,1,4
6959,1,3
6960,1,5
6961,1,4
6962,1,3
6963,1,4
6964,1,5
6965,1,5
6966,1,2
6967,1,5
6968,1,4
6969,1,4
6970,1,4
6971,1,3
6972,1,1
6973,1,5
6974,1,4
6975,1,1
6976,1,2
6977,1,5
6978,1,4
6979,1,5
6980,1,1
6981,1,1
6982,1,3
6983,1,1
6984,1,1
6985,1,1
6986,1,1
6987,1,3
6988,1,1
6989,1,2
6990,1,4
6991,1,3
6992,1,3
6993,1,4
6994,1,5
6995,1,2
6996,1,4
6997,1,4
6998,1,1
6999,1,3
7000,1,1
7001,1,4
7002,1,5
7003,1,5
7004,1,3
7005,1,3
7006,1,4
7007,1,3
7008,1,3
7009,1,3
7010,1,1
7011,1,5
7012,1,3
7013,1,5
7014,1,1
7015,1,4
7016,1,4
7017,1,4
7018,1,5
7019,1,4
7020,1,5
7021,1,1
7022,1,3
7023,1,1
7024,1,1
7025,1,4
7026,1,2
7027,1,4
7028,1,4
7029,1,1
7030,1,5
7031,1,5
7032,1,5
7033,1,4
7034,1,1
7035,1,5
7036,1,4
7037,1,5
7038,1,4
7039,1,5
7040,1,5
7041,1,5
7042,1,1
7043,1,5
7044,1,4
7045,1,3
7046,1,3
7047,1,4
7048,1,1
7049,1,1
7050,1,1
7051,1,3
7052,1,5
7053,1,1
7054,1,1
7055,1,3
7056,1,5
7057,1,5
7058,1,4
7059,1,2
7060,1,1
7061,1,2
7062,1,1
7063,1,1
7064,1,1
7065,1,1
7066,1,2
7067,1,1
7068,1,1
7069,1,5
7070,1,1
7071,1,5
7072,1,5
7073,1,5
7074,1,4
7075,1,1
7076,1,5
7077,1,5
7078,1,5
7079,1,1
7080,1,4
7081,1,1
7082,1,3
7083,1,4
7084,1,1
7085,1,5
7086,1,1
7087,1,4
7088,1,1
7089,1,2
7090,1,3
7091,1,3
7092,1,5
7093,1,2
7094,1,1
7095,1,1
7096,1,1
7097,1,1
7098,1,4
7099,1,1
7100,1,5
7101,1,5
7102,1,3
7103,1,4
7104,1,4
7105,1,3
7106,1,1
7107,1,4
7108,1,4
7109,1,5
7110,1,5
7111,1,3
7112,1,2
7113,1,5
7114,1,5
7115,1,3
7116,1,3
7117,1,5
7118,1,4
7119,1,3
7120,1,2
7121,1,4
7122,1,1
7123,1,1
7124,1,3
7125,1,5
7126,1,3
7127,1,1
7128,1,1
7129,1,1
7130,1,4
7131,1,5
7132,1,3
7133,1,1
7134,1,3
7135,1,5
7136,1,5
7137,1,5
7138,1,1
7139,1,1
7140,1,5
7141,1,2
7142,1,5
7143,1,5
7144,1,4
7145,1,5
7146,1,1
7147,1,3
7148,1,5
7149,1,2
7150,1,5
7151,1,5
7152,1,4
7153,1,5
7154,1,1
7155,1,5
7156,1,1
7157,1,1
7158,1,2
7159,1,2
7160,1,2
7161,1,4
7162,1,5
7163,1,1
7164,1,2
7165,1,4
7166,1,1
7167,1,4
7168,1,1
7169,1,4
7170,1,2
7171,1,5
7172,1,1
7173,1,5
7174,1,4
7175,1,5
7176,1,3
7177,1,4
7178,1,4
7179,1,3
7180,1,4
7181,1,5
7182,1,3
7183,1,4
7184,1,4
7185,1,5
7186,1,5
7187,1,4
7188,1,4
7189,1,3
7190,1,4
7191,1,4
7192,1,5
7193,1,4
7194,1,1
7195,1,1
7196,1,2
7197,1,1
7198,1,2
7199,1,4
7200,1,1
7201,1,1
7202,1,5
7203,1,4
7204,1,1
7205,1,4
7206,1,1
7207,1,5
7208,1,1
7209,1,4
7210,1,5
7211,1,2
7212,1,4
7213,1,4
7214,1,1
7215,1,5
7216,1,5
7217,1,4
7218,1,5
7219,1,4
7220,1,4
7221,1,3
7222,1,3
7223,1,4
7224,1,5
7225,1,3
7226,1,3
7227,1,1
7228,1,2
7229,1,2
7230,1,4
7231,1,2
7232,1,1
7233,1,1
7234,1,1
7235,1,2
7236,1,1
7237,1,2
7238,1,1
7239,1,4
7240,1,4
7241,1,1
7242,1,3
7243,1,4
7244,1,5
7245,1,3
7246,1,5
7247,1,4
7248,1,1
7249,1,2
7250,1,4
7251,1,5
7252,1,3
7253,1,4
7254,1,3
7255,1,1
7256,1,5
7257,1,4
7258,1,1
7259,1,3
7260,1,1
7261,1,2
7262,1,1
7263,1,1
7264,1,1
7265,1,3
7266,1,1
7267,1,4
7268,1,2
7269,1,3
7270,1,4
7271,1,1
7272,1,5
7273,1,1
7274,1,4
7275,1,1
7276,1,3
7277,1,4
7278,1,4
7279,1,4
7280,1,4
7281,1,5
7282,1,3
7283,1,1
7284,1,5
7285,1,2
7286,1,5
7287,1,1
7288,1,1
7289,1,1
7290,1,5
7291,1,2
7292,1,1
7293,1,1
7294,1,1
7295,1,4
7296,1,1
7297,1,5
7298,1,4
7299,1,4
7300,1,4
7301,1,2
7302,1,1
7303,1,1
7304,1,1
7305,1,1
7306,1,3
7307,1,5
7308,1,2
7309,1,2
7310,1,4
7311,1,4
7312,1,5
7313,1,5
7314,1,3
7315,1,4
7316,1,5
7317,1,4
7318,1,4
7319,1,4
7320,1,5
7321,1,5
7322,1,2
7323,1,1
7324,1,5
7325,1,1
7326,1,1
7327,1,1
7328,1,5
7329,1,4
7330,1,1
7331,1,2
7332,1,1
7333,1,4
7334,1,1
7335,1,3
7336,1,5
7337,1,4
7338,1,1
7339,1,1
7340,1,5
7341,1,5
7342,1,4
7343,1,2
7344,1,2
7345,1,5
7346,1,3
7347,1,5
7348,1,5
7349,1,1
7350,1,5
7351,1,4
7352,1,2
7353,1,4
7354,1,3
7355,1,5
7356,1,1
7357,1,4
7358,1,3
7359,1,2
7360,1,2
7361,1,5
7362,1,1
7363,1,3
7364,1,2
7365,1,1
7366,1,1
7367,1,1
7368,1,1
7369,1,4
7370,1,4
7371,1,3
7372,1,4
7373,1,3
7374,1,1
7375,1,2
7376,1,4
7377,1,1
7378,1,4
7379,1,4
7380,1,5
7381,1,5
7382,1,3
7383,1,5
7384,1,4
7385,1,4
7386,1,3
7387,1,5
7388,1,1
7389,1,3
7390,1,3
7391,1,4
7392,1,1
7393,1,5
7394,1,1
7395,1,4
7396,1,1
7397,1,4
7398,1,2
7399,1,4
7400,1,1
7401,1,1
7402,1,2
7403,1,2
7404,1,4
7405,1,1
7406,1,3
7407,1,5
7408,1,4
7409,1,3
7410,1,5
7411,1,3
7412,1,5
7413,1,4
7414,1,4
7415,1,2
7416,1,5
7417,1,4
7418,1,3
7419,1,4
7420,1,3
7421,1,5
7422,1,4
7423,1,2
7424,1,4
7425,1,4
7426,1,4
7427,1,1
7428,1,3
7429,1,1
7430,1,2
7431,1,4
7432,1,5
7433,1,5
7434,1,1
7435,1,1
7436,1,1
7437,1,3
7438,1,1
7439,1,4
7440,1,5
7441,1,2
7442,1,1
7443,1,3
7444,1,5
7445,1,4
7446,1,5
7447,1,4
7448,1,5
7449,1,1
7450,1,5
7451,1,3
7452,1,3
7453,1,2
7454,1,5
7455,1,4
7456,1,3
7457,1,5
7458,1,5
7459,1,1
7460,1,5
7461,1,1
7462,1,1
7463,1,1
7464,1,1
7465,1,1
7466,1,2
7467,1,2
7468,1,1
7469,1,1
7470,1,1
7471,1,1
7472,1,3
7473,1,1
7474,1,5
7475,1,1
7476,1,5
7477,1,4
7478,1,3
7479,1,4
7480,1,5
7481,1,5
7482,1,4
7483,1,4
7484,1,4
7485,1,3
7486,1,5
7487,1,2
7488,1,5
7489,1,5
7490,1,5
7491,1,5
7492,1,5
7493,1,5
7494,1,3
7495,1,4
7496,1,2
7497,1,5
7498,1,1
7499,1,1
7500,1,1
7501,1,1
7502,1,3
7503,1,5
7504,1,4
7505,1,1
7506,1,4
7507,1,3
7508,1,1
7509,1,1
7510,1,5
7511,1,3
7512,1,5
7513,1,5
7514,1,2
7515,1,5
7516,1,3
7517,1,3
7518,1,5
7519,1,4
7520,1,2
7521,1,5
7522,1,5
7523,1,4
7524,1,4
7525,1,4
7526,1,4
7527,1,5
7528,1,4
7529,1,4
7530,1,5
7531,1,1
7532,1,1
7533,1,3
7534,1,3
7535,1,1
7536,1,3
7537,1,1
7538,1,1
7539,1,1
7540,1,1
7541,1,3
7542,1,1
7543,1,1
7544,1,1
7545,1,1
7546,1,1
7547,1,1
7548,1,1
7549,1,1
7550,1,1
7551,1,1
7552,1,3
7553,1,2
7554,1,1
7555,1,3
7556,1,2
7557,1,1
7558,1,2
7559,1,1
7560,1,2
7561,1,1
7562,1,4
7563,1,2
7564,1,3
7565,1,4
7566,1,1
7567,1,1
7568,1,1
7569,1,4
7570,1,2
7571,1,5
7572,1,1
7573,1,1
7574,1,1
7575,1,1
7576,1,1
7577,1,1
7578,1,1
7579,1,1
7580,1,1
7581,1,4
7582,1,4
7583,1,3
7584,1,1
7585,1,4
7586,1,1
7587,1,1
7588,1,3
7589,1,3
7590,1,4
7591,1,3
7592,1,2
7593,1,3
7594,1,3
7595,1,1
7596,1,3
7597,1,1
7598,1,1
7599,1,1
7600,1,3
7601,1,1
7602,1,1
7603,1,1
7604,1,3
7605,1,3
7606,1,2
7607,1,1
7608,1,1
7609,1,1
7610,1,1
7611,1,1
7612,1,1
7613,1,1
7614,1,1
7615,1,1
7616,1,1
7617,1,1
7618,1,1
7619,1,1
7620,1,1
7621,1,1
7622,1,1
7623,1,4
7624,1,3
7625,1,1
7626,1,2
7627,1,1
7628,1,4
7629,1,2
7630,1,2
7631,1,1
7632,1,3
7633,1,4
7634,1,2
7635,1,5
7636,1,4
7637,1,3
7638,1,2
7639,1,3
7640,1,3
7641,1,4
7642,1,3
7643,1,5
7644,1,1
7645,1,3
7646,1,1
7647,1,1
7648,1,3
7649,1,1
7650,1,5
7651,1,4
7652,1,1
7653,1,3
7654,1,3
7655,1,1
7656,1,2
7657,1,1
7658,1,1
7659,1,1
7660,1,1
7661,1,1
7662,1,1
7663,1,1
7664,1,1
7665,1,1
7666,1,4
7667,1,4
7668,1,4
7669,1,3
7670,1,2
7671,1,4
7672,1,2
7673,1,3
7674,1,1
7675,1,2
7676,1,3
7677,1,3
7678,1,1
7679,1,5
7680,1,2
7681,1,1
7682,1,5
7683,1,4
7684,1,3
7685,1,5
7686,1,1
7687,1,1
7688,1,1
7689,1,1
7690,1,1
7691,1,1
7692,1,1
7693,1,3
7694,1,1
7695,1,1
7696,1,1
7697,1,1
7698,1,3
7699,1,4
7700,1,4
7701,1,4
7702,1,3
7703,1,5
7704,1,4
7705,1,4
7706,1,2
7707,1,2
7708,1,1
7709,1,3
7710,1,2
7711,1,5
7712,1,4
7713,1,4
7714,1,3
7715,1,1
7716,1,1
7717,1,1
7718,1,4
7719,1,3
7720,1,1
7721,1,1
7722,1,1
7723,1,1
7724,1,1
7725,1,1
7726,1,1
7727,1,1
7728,1,1
7729,1,3
7730,1,1
7731,1,3
7732,1,1
7733,1,1
7734,1,1
7735,1,4
7736,1,5
7737,1,4
7738,1,3
7739,1,3
7740,1,4
7741,1,3
7742,1,3
7743,1,4
7744,1,4
7745,1,1
7746,1,1
7747,1,4
7748,1,3
7749,1,3
7750,1,3
7751,1,3
7752,1,1
7753,1,1
7754,1,1
7755,1,1
7756,1,3
7757,1,2
7758,1,4
7759,1,2
7760,1,1
7761,1,1
7762,1,1
7763,1,1
7764,1,1
7765,1,1
7766,1,1
7767,1,1
7768,1,1
7769,1,1
7770,1,4
7771,1,4
7772,1,3
7773,1,2
7774,1,5
7775,1,5
7776,1,3
7777,1,1
7778,1,2
7779,1,2
7780,1,1
7781,1,4
7782,1,4
7783,1,5
7784,1,2
7785,1,2
7786,1,3
7787,1,1
7788,1,1
7789,1,1
7790,1,5
7791,1,3
7792,1,1
7793,1,1
7794,1,1
7795,1,1
7796,1,1
7797,1,1
7798,1,1
7799,1,1
7800,1,1
7801,1,1
7802,1,5
7803,1,5
7804,1,4
7805,1,4
7806,1,1
7807,1,4
7808,1,3
7809,1,3
7810,1,2
7811,1,3
7812,1,3
7813,1,2
7814,1,4
7815,1,4
7816,1,3
7817,1,3
7818,1,1
7819,1,1
7820,1,1
7821,1,1
7822,1,1
7823,1,1
7824,1,4
7825,1,1
7826,1,1
7827,1,4
7828,1,3
7829,1,1
7830,1,1
7831,1,1
7832,1,1
7833,1,1
7834,1,3
7835,1,3
7836,1,3
7837,1,3
7838,1,1
7839,1,3
7840,1,5
7841,1,1
7842,1,3
7843,1,5
7844,1,1
7845,1,3
7846,1,4
7847,1,1
7848,1,5
7849,1,5
7850,1,1
7851,1,1
7852,1,5
7853,1,2
7854,1,2
7855,1,1
7856,1,1
7857,1,1
7858,1,1
7859,1,1
7860,1,1
7861,1,1
7862,1,1
7863,1,1
7864,1,1
7865,1,1
7866,1,1
7867,1,1
7868,1,3
7869,1,3
7870,1,2
7871,1,3
7872,1,3
7873,1,3
7874,1,5
7875,1,3
7876,1,3
7877,1,4
7878,1,2
7879,1,4
7880,1,3
7881,1,4
7882,1,5
7883,1,3
7884,1,1
7885,1,3
7886,1,3
7887,1,2
7888,1,1
7889,1,1
7890,1,1
7891,1,1
7892,1,1
7893,1,1
7894,1,1
7895,1,3
7896,1,1
7897,1,1
7898,1,1
7899,1,3
7900,1,1
7901,1,3
7902,1,3
7903,1,2
7904,1,4
7905,1,3
7906,1,1
7907,1,3
7908,1,4
7909,1,1
7910,1,4
7911,1,3
7912,1,2
7913,1,5
7914,1,3
7915,1,3
7916,1,1
7917,1,3
7918,1,5
7919,1,4
7920,1,3
7921,1,3
7922,1,4
7923,1,1
7924,1,1
7925,1,3
7926,1,2
7927,1,2
7928,1,5
7929,1,3
7930,1,2
7931,1,1
7932,1,1
7933,1,1
7934,1,1
7935,1,1
7936,1,1
7937,1,1
7938,1,1
7939,1,1
7940,1,5
7941,1,3
7942,1,3
7943,1,2
7944,1,4
7945,1,4
7946,1,5
7947,1,3
7948,1,2
7949,1,1
7950,1,5
7951,1,5
7952,1,4
7953,1,2
7954,1,2
7955,1,4
7956,1,3
7957,1,1
7958,1,4
7959,1,2
7960,1,1
7961,1,1
7962,1,4
7963,1,2
7964,1,1
7965,1,3
7966,1,3
7967,1,2
7968,1,4
7969,1,1
7970,1,1
7971,1,1
7972,1,1
7973,1,1
7974,1,1
7975,1,1
7976,1,1
7977,1,1
7978,1,1
7979,1,1
7980,1,1
7981,1,1
7982,1,2
7983,1,3
7984,1,4
7985,1,3
7986,1,2
7987,1,5
7988,1,5
7989,1,4
7990,1,3
7991,1,5
7992,1,3
7993,1,2
7994,1,4
7995,1,5
7996,1,2
7997,1,4
7998,1,1
7999,1,2
8000,1,3
8001,1,3
8002,1,4
8003,1,3
8004,1,1
8005,1,5
8006,1,2
8007,1,1
8008,1,3
8009,1,3
8010,1,1
8011,1,4
8012,1,2
8013,1,1
8014,1,1
8015,1,1
8016,1,1
8017,1,1
8018,1,1
8019,1,1
8020,1,1
8021,1,1
8022,1,1
8023,1,1
8024,1,1
8025,1,1
8026,1,1
8027,1,3
8028,1,1
8029,1,1
8030,1,2
8031,1,2
8032,1,1
8033,1,4
8034,1,4
8035,1,3
8036,1,3
8037,1,3
8038,1,2
8039,1,3
8040,1,3
8041,1,4
8042,1,3
8043,1,4
8044,1,2
8045,1,1
8046,1,4
8047,1,3
8048,1,5
8049,1,2
8050,1,5
8051,1,1
8052,1,3
8053,1,2
8054,1,1
8055,1,1
8056,1,3
8057,1,1
8058,1,1
8059,1,2
8060,1,1
8061,1,3
8062,1,1
8063,1,1
8064,1,1
8065,1,1
8066,1,3
8067,1,1
8068,1,1
8069,1,1
8070,1,1
8071,1,1
8072,1,1
8073,1,1
8074,1,5
8075,1,5
8076,1,5
8077,1,4
8078,1,1
8079,1,2
8080,1,4
8081,1,3
8082,1,3
8083,1,3
8084,1,3
8085,1,3
8086,1,3
8087,1,5
8088,1,4
8089,1,4
8090,1,4
8091,1,1
8092,1,1
8093,1,1
8094,1,1
8095,1,1
8096,1,1
8097,1,4
8098,1,1
8099,1,1
8100,1,5
8101,1,3
8102,1,1
8103,1,1
8104,1,1
8105,1,1
8106,1,2
8107,1,3
8108,1,4
8109,1,4
8110,1,1
8111,1,3
8112,1,4
8113,1,1
8114,1,3
8115,1,4
8116,1,3
8117,1,5
8118,1,3
8119,1,3
8120,1,5
8121,1,1
8122,1,3
8123,1,2
8124,1,2
8125,1,3
8126,1,1
8127,1,1
8128,1,3
8129,1,1
8130,1,1
8131,1,3
8132,1,1
8133,1,1
8134,1,1
8135,1,1
8136,1,3
8137,1,1
8138,1,1
8139,1,1
8140,1,4
8141,1,3
8142,1,4
8143,1,3
8144,1,3
8145,1,3
8146,1,2
8147,1,2
8148,1,3
8149,1,3
8150,1,2
8151,1,4
8152,1,1
8153,1,2
8154,1,3
8155,1,4
8156,1,5
8157,1,3
8158,1,4
8159,1,3
8160,1,3
8161,1,3
8162,1,3
8163,1,4
8164,1,3
8165,1,4
8166,1,3
8167,1,1
8168,1,1
8169,1,1
8170,1,3
8171,1,5
8172,1,5
8173,1,4
8174,1,1
8175,1,1
8176,1,1
8177,1,1
8178,1,1
8179,1,1
8180,1,1
8181,1,1
8182,1,1
8183,1,1
8184,1,1
8185,1,1
8186,1,3
8187,1,1
8188,1,1
8189,1,3
8190,1,3
8191,1,5
8192,1,5
8193,1,2
8194,1,1
8195,1,4
8196,1,2
8197,1,1
8198,1,2
8199,1,2
8200,1,3
8201,1,4
8202,1,4
8203,1,2
8204,1,4
8205,1,1
8206,1,1
8207,1,1
8208,1,1
8209,1,1
8210,1,1
8211,1,1
8212,1,1
8213,1,3
8214,1,3
8215,1,1
8216,1,1
8217,1,1
8218,1,1
8219,1,1
8220,1,1
8221,1,1
8222,1,3
8223,1,1
8224,1,1
8225,1,1
8226,1,1
8227,1,1
8228,1,1
8229,1,1
8230,1,4
8231,1,2
8232,1,3
8233,1,4
8234,1,4
8235,1,3
8236,1,1
8237,1,3
8238,1,3
8239,1,5
8240,1,1
8241,1,3
8242,1,1
8243,1,5
8244,1,2
8245,1,1
8246,1,1
8247,1,1
8248,1,1
8249,1,1
8250,1,3
8251,1,1
8252,1,1
8253,1,1
8254,1,1
8255,1,1
8256,1,1
8257,1,5
8258,1,5
8259,1,4
8260,1,2
8261,1,3
8262,1,4
8263,1,4
8264,1,4
8265,1,3
8266,1,2
8267,1,2
8268,1,3
8269,1,3
8270,1,1
8271,1,3
8272,1,1
8273,1,3
8274,1,4
8275,1,1
8276,1,2
8277,1,3
8278,1,4
8279,1,1
8280,1,3
8281,1,3
8282,1,4
8283,1,3
8284,1,1
8285,1,1
8286,1,1
8287,1,1
8288,1,1
8289,1,1
8290,1,1
8291,1,1
8292,1,1
8293,1,1
8294,1,1
8295,1,1
8296,1,1
8297,1,1
8298,1,1
8299,1,1
8300,1,4
8301,1,2
8302,1,5
8303,1,3
8304,1,4
8305,1,3
8306,1,5
8307,1,3
8308,1,4
8309,1,3
8310,1,4
8311,1,3
8312,1,4
8313,1,5
8314,1,2
8315,1,5
8316,1,1
8317,1,4
8318,1,2
8319,1,4
8320,1,3
8321,1,3
8322,1,1
8323,1,1
8324,1,3
8325,1,1
8326,1,1
8327,1,1
8328,1,1
8329,1,3
8330,1,5
8331,1,2
8332,1,1
8333,1,1
8334,1,1
8335,1,1
8336,1,1
8337,1,1
8338,1,1
8339,1,1
8340,1,1
8341,1,1
8342,1,1
8343,1,1
8344,1,1
8345,1,1
8346,1,3
8347,1,2
8348,1,3
8349,1,3
8350,1,3
8351,1,5
8352,1,2
8353,1,5
8354,1,4
8355,1,1
8356,1,3
8357,1,4
8358,1,3
8359,1,3
8360,1,4
8361,1,4
8362,1,5
8363,1,2
8364,1,2
8365,1,1
8366,1,1
8367,1,1
8368,1,1
8369,1,1
8370,1,1
8371,1,1
8372,1,1
8373,1,1
8374,1,1
8375,1,1
8376,1,1
8377,1,1
8378,1,1
8379,1,1
8380,1,1
8381,1,1
8382,1,1
8383,1,1
8384,1,1
8385,1,2
8386,1,5
8387,1,2
8388,1,3
8389,1,3
8390,1,3
8391,1,3
8392,1,5
8393,1,4
8394,1,5
8395,1,3
8396,1,2
8397,1,2
8398,1,3
8399,1,2
8400,1,4
8401,1,4
8402,1,3
8403,1,3
8404,1,1
8405,1,1
8406,1,4
8407,1,3
8408,1,3
8409,1,1
8410,1,3
8411,1,1
8412,1,1
8413,1,1
8414,1,1
8415,1,5
8416,1,3
8417,1,3
8418,1,1
8419,1,1
8420,1,1
8421,1,1
8422,1,1
8423,1,1
8424,1,1
8425,1,1
8426,1,1
8427,1,1
8428,1,1
8429,1,1
8430,1,1
8431,1,3
8432,1,3
8433,1,3
8434,1,1
8435,1,3
8436,1,2
8437,1,1
8438,1,2
8439,1,3
8440,1,4
8441,1,1
8442,1,4
8443,1,1
8444,1,1
8445,1,1
8446,1,1
8447,1,1
8448,1,1
8449,1,2
8450,1,1
8451,1,1
8452,1,3
8453,1,3
8454,1,3
8455,1,2
8456,1,1
8457,1,1
8458,1,1
8459,1,1
8460,1,3
8461,1,1
8462,1,1
8463,1,1
8464,1,1
8465,1,1
8466,1,1
8467,1,3
8468,1,2
8469,1,5
8470,1,2
8471,1,4
8472,1,3
8473,1,4
8474,1,4
8475,1,3
8476,1,2
8477,1,3
8478,1,5
8479,1,3
8480,1,4
8481,1,1
8482,1,4
8483,1,3
8484,1,4
8485,1,4
8486,1,1
8487,1,1
8488,1,3
8489,1,1
8490,1,1
8491,1,1
8492,1,1
8493,1,3
8494,1,1
8495,1,1
8496,1,1
8497,1,1
8498,1,1
8499,1,1
8500,1,1
8501,1,1
8502,1,1
8503,1,4
8504,1,3
8505,1,4
8506,1,4
8507,1,3
8508,1,5
8509,1,2
8510,1,1
8511,1,3
8512,1,3
8513,1,2
8514,1,2
8515,1,2
8516,1,4
8517,1,5
8518,1,5
8519,1,5
8520,1,3
8521,1,3
8522,1,2
8523,1,3
8524,1,2
8525,1,1
8526,1,1
8527,1,1
8528,1,3
8529,1,1
8530,1,1
8531,1,1
8532,1,1
8533,1,2
8534,1,2
8535,1,4
8536,1,2
8537,1,2
8538,1,2
8539,1,1
8540,1,1
8541,1,1
8542,1,1
8543,1,1
8544,1,1
8545,1,1
8546,1,1
8547,1,1
8548,1,1
8549,1,1
8550,1,3
8551,1,1
8552,1,1
8553,1,1
8554,1,5
8555,1,2
8556,1,3
8557,1,5
8558,1,3
8559,1,2
8560,1,3
8561,1,2
8562,1,4
8563,1,3
8564,1,3
8565,1,4
8566,1,4
8567,1,4
8568,1,3
8569,1,1
8570,1,3
8571,1,2
8572,1,2
8573,1,2
8574,1,5
8575,1,3
8576,1,3
8577,1,2
8578,1,5
8579,1,4
8580,1,1
8581,1,1
8582,1,1
8583,1,1
8584,1,1
8585,1,1
8586,1,1
8587,1,1
8588,1,1
8589,1,1
8590,1,1
8591,1,1
8592,1,1
8593,1,4
8594,1,3
8595,1,3
8596,1,3
8597,1,5
8598,1,1
8599,1,4
8600,1,2
8601,1,4
8602,1,1
8603,1,3
8604,1,5
8605,1,4
8606,1,1
8607,1,1
8608,1,1
8609,1,1
8610,1,1
8611,1,4
8612,1,1
8613,1,2
8614,1,2
8615,1,3
8616,1,2
8617,1,1
8618,1,1
8619,1,1
8620,1,1
8621,1,1
8622,1,3
8623,1,1
8624,1,1
8625,1,1
8626,1,1
8627,1,1
8628,1,1
8629,1,1
8630,1,4
8631,1,3
8632,1,1
8633,1,4
8634,1,3
8635,1,5
8636,1,1
8637,1,3
8638,1,5
8639,1,4
8640,1,3
8641,1,3
8642,1,4
8643,1,4
8644,1,4
8645,1,1
8646,1,1
8647,1,4
8648,1,2
8649,1,3
8650,1,1
8651,1,1
8652,1,1
8653,1,1
8654,1,1
8655,1,1
8656,1,1
8657,1,1
8658,1,1
8659,1,1
8660,1,1
8661,1,1
8662,1,1
8663,1,1
8664,1,1
8665,1,3
8666,1,2
8667,1,3
8668,1,3
8669,1,2
8670,1,3
8671,1,4
8672,1,3
8673,1,4
8674,1,5
8675,1,2
8676,1,4
8677,1,2
8678,1,1
8679,1,3
8680,1,3
8681,1,4
8682,1,2
8683,1,2
8684,1,3
8685,1,4
8686,1,4
8687,1,4
8688,1,4
8689,1,4
8690,1,1
8691,1,1
8692,1,1
8693,1,3
8694,1,1
8695,1,3
8696,1,3
8697,1,3
8698,1,1
8699,1,1
8700,1,1
8701,1,1
8702,1,1
8703,1,1
8704,1,1
8705,1,1
8706,1,1
8707,1,1
8708,1,1
8709,1,5
8710,1,3
8711,1,1
8712,1,2
8713,1,5
8714,1,3
8715,1,1
8716,1,2
8717,1,3
8718,1,1
8719,1,3
8720,1,5
8721,1,2
8722,1,4
8723,1,1
8724,1,1
8725,1,1
8726,1,1
8727,1,1
8728,1,1
8729,1,3
8730,1,4
8731,1,2
8732,1,2
8733,1,3
8734,1,1
8735,1,1
8736,1,1
8737,1,1
8738,1,1
8739,1,1
8740,1,1
8741,1,1
8742,1,1
8743,1,1
8744,1,1
8745,1,1
8746,1,1
8747,1,1
8748,1,1
8749,1,1
8750,1,3
8751,1,1
8752,1,4
8753,1,5
8754,1,4
8755,1,1
8756,1,5
8757,1,4
8758,1,2
8759,1,4
8760,1,3
8761,1,5
8762,1,5
8763,1,3
8764,1,3
8765,1,1
8766,1,5
8767,1,4
8768,1,4
8769,1,3
8770,1,3
8771,1,3
8772,1,1
8773,1,3
8774,1,3
8775,1,5
8776,1,4
8777,1,2
8778,1,1
8779,1,1
8780,1,4
8781,1,1
8782,1,1
8783,1,1
8784,1,1
8785,1,1
8786,1,1
8787,1,3
8788,1,1
8789,1,1
8790,1,3
8791,1,1
8792,1,1
8793,1,1
8794,1,4
8795,1,1
8796,1,3
8797,1,1
8798,1,4
8799,1,3
8800,1,4
8801,1,1
8802,1,2
8803,1,3
8804,1,3
8805,1,4
8806,1,1
8807,1,4
8808,1,3
8809,1,4
8810,1,4
8811,1,1
8812,1,1
8813,1,4
8814,1,3
8815,1,1
8816,1,1
8817,1,1
8818,1,1
8819,1,1
8820,1,1
8821,1,1
8822,1,1
8823,1,1
8824,1,1
8825,1,2
8826,1,3
8827,1,1
8828,1,3
8829,1,5
8830,1,1
8831,1,3
8832,1,3
8833,1,3
8834,1,2
8835,1,3
8836,1,5
8837,1,2
8838,1,5
8839,1,2
8840,1,4
8841,1,3
8842,1,3
8843,1,3
8844,1,3
8845,1,1
8846,1,3
8847,1,3
8848,1,1
8849,1,1
8850,1,1
8851,1,1
8852,1,1
8853,1,1
8854,1,1
8855,1,1
8856,1,1
8857,1,1
8858,1,1
8859,1,5
8860,1,4
8861,1,3
8862,1,2
8863,1,5
8864,1,1
8865,1,3
8866,1,2
8867,1,3
8868,1,5
8869,1,4
8870,1,1
8871,1,3
8872,1,3
8873,1,4
8874,1,4
8875,1,2
8876,1,2
8877,1,3
8878,1,1
8879,1,2
8880,1,2
8881,1,3
8882,1,1
8883,1,1
8884,1,1
8885,1,1
8886,1,1
8887,1,2
8888,1,4
8889,1,5
8890,1,1
8891,1,1
8892,1,1
8893,1,1
8894,1,1
8895,1,1
8896,1,1
8897,1,1
8898,1,1
8899,1,1
8900,1,1
8901,1,1
8902,1,1
8903,1,1
8904,1,1
8905,1,1
8906,1,2
8907,1,3
8908,1,5
8909,1,4
8910,1,4
8911,1,1
8912,1,4
8913,1,2
8914,1,4
8915,1,4
8916,1,4
8917,1,3
8918,1,1
8919,1,3
8920,1,3
8921,1,2
8922,1,1
8923,1,1
8924,1,1
8925,1,4
8926,1,1
8927,1,1
8928,1,1
8929,1,1
8930,1,1
8931,1,1
8932,1,1
8933,1,1
8934,1,1
8935,1,1
8936,1,1
8937,1,1
8938,1,1
8939,1,3
8940,1,3
8941,1,3
8942,1,3
8943,1,3
8944,1,3
8945,1,5
8946,1,1
8947,1,3
8948,1,3
8949,1,4
8950,1,5
8951,1,4
8952,1,1
8953,1,1
8954,1,1
8955,1,3
8956,1,2
8957,1,3
8958,1,4
8959,1,1
8960,1,1
8961,1,1
8962,1,1
8963,1,1
8964,1,1
8965,1,1
8966,1,3
8967,1,1
8968,1,3
8969,1,4
8970,1,2
8971,1,4
8972,1,2
8973,1,2
8974,1,5
8975,1,2
8976,1,3
8977,1,3
8978,1,3
8979,1,1
8980,1,3
8981,1,3
8982,1,2
8983,1,2
8984,1,2
8985,1,1
8986,1,1
8987,1,1
8988,1,1
8989,1,3
8990,1,1
8991,1,3
8992,1,2
8993,1,2
8994,1,2
8995,1,1
8996,1,1
8997,1,1
8998,1,1
8999,1,1
9000,1,1
9001,1,1
9002,1,1
9003,1,1
9004,1,1
9005,1,1
9006,1,1
9007,1,1
9008,1,3
9009,1,4
9010,1,3
9011,1,4
9012,1,2
9013,1,3
9014,1,1
9015,1,3
9016,1,2
9017,1,4
9018,1,1
9019,1,1
9020,1,4
9021,1,5
9022,1,3
9023,1,4
9024,1,5
9025,1,1
9026,1,3
9027,1,2
9028,1,4
9029,1,4
9030,1,3
9031,1,1
9032,1,3
9033,1,1
9034,1,1
9035,1,3
9036,1,3
9037,1,1
9038,1,1
9039,1,1
9040,1,3
9041,1,1
9042,1,1
9043,1,3
9044,1,1
9045,1,1
9046,1,1
9047,1,1
9048,1,1
9049,1,1
9050,1,1
9051,1,1
9052,1,1
9053,1,1
9054,1,1
9055,1,1
9056,1,3
9057,1,4
9058,1,1
9059,1,1
9060,1,2
9061,1,3
9062,1,4
9063,1,1
9064,1,3
9065,1,2
9066,1,3
9067,1,3
9068,1,3
9069,1,3
9070,1,3
9071,1,4
9072,1,2
9073,1,3
9074,1,1
9075,1,1
9076,1,2
9077,1,5
9078,1,1
9079,1,1
9080,1,1
9081,1,1
9082,1,1
9083,1,1
9084,1,1
9085,1,1
9086,1,1
9087,1,1
9088,1,3
9089,1,1
9090,1,1
9091,1,3
9092,1,3
9093,1,3
9094,1,4
9095,1,3
9096,1,5
9097,1,4
9098,1,1
9099,1,4
9100,1,4
9101,1,4
9102,1,5
9103,1,2
9104,1,2
9105,1,1
9106,1,4
9107,1,4
9108,1,2
9109,1,1
9110,1,1
9111,1,1
9112,1,1
9113,1,2
9114,1,3
9115,1,4
9116,1,4
9117,1,1
9118,1,1
9119,1,1
9120,1,1
9121,1,1
9122,1,1
9123,1,1
9124,1,1
9125,1,1
9126,1,1
9127,1,1
9128,1,4
9129,1,3
9130,1,5
9131,1,4
9132,1,4
9133,1,2
9134,1,4
9135,1,4
9136,1,5
9137,1,4
9138,1,5
9139,1,4
9140,1,5
9141,1,5
9142,1,2
9143,1,5
9144,1,1
9145,1,1
9146,1,3
9147,1,4
9148,1,4
9149,1,1
9150,1,1
9151,1,1
9152,1,1
9153,1,1
9154,1,1
9155,1,1
9156,1,1
9157,1,1
9158,1,1
9159,1,1
9160,1,4
9161,1,5
9162,1,4
9163,1,5
9164,1,4
9165,1,4
9166,1,5
9167,1,4
9168,1,4
9169,1,2
9170,1,3
9171,1,5
9172,1,3
9173,1,3
9174,1,2
9175,1,4
9176,1,1
9177,1,1
9178,1,1
9179,1,5
9180,1,5
9181,1,1
9182,1,3
9183,1,1
9184,1,1
9185,1,1
9186,1,3
9187,1,1
9188,1,1
9189,1,1
9190,1,1
9191,1,3
9192,1,3
9193,1,3
9194,1,1
9195,1,1
9196,1,4
9197,1,1
9198,1,4
9199,1,4
9200,1,4
9201,1,2
9202,1,3
9203,1,3
9204,1,1
9205,1,3
9206,1,3
9207,1,3
9208,1,1
9209,1,5
9210,1,2
9211,1,3
9212,1,1
9213,1,5
9214,1,1
9215,1,1
9216,1,1
9217,1,1
9218,1,1
9219,1,1
9220,1,3
9221,1,3
9222,1,4
9223,1,1
9224,1,1
9225,1,1
9226,1,1
9227,1,3
9228,1,1
9229,1,1
9230,1,1
9231,1,3
9232,1,5
9233,1,5
9234,1,5
9235,1,2
9236,1,5
9237,1,5
9238,1,5
9239,1,4
9240,1,1
9241,1,1
9242,1,1
9243,1,4
9244,1,5
9245,1,4
9246,1,4
9247,1,2
9248,1,3
9249,1,4
9250,1,2
9251,1,2
9252,1,1
9253,1,1
9254,1,1
9255,1,3
9256,1,2
9257,1,3
9258,1,1
9259,1,1
9260,1,1
9261,1,1
9262,1,1
9263,1,1
9264,1,1
9265,1,1
9266,1,1
9267,1,1
9268,1,1
9269,1,3
9270,1,4
9271,1,1
9272,1,2
9273,1,4
9274,1,5
9275,1,4
9276,1,3
9277,1,3
9278,1,4
9279,1,5
9280,1,3
9281,1,3
9282,1,2
9283,1,3
9284,1,4
9285,1,1
9286,1,5
9287,1,2
9288,1,4
9289,1,3
9290,1,2
9291,1,1
9292,1,1
9293,1,1
9294,1,1
9295,1,1
9296,1,1
9297,1,1
9298,1,1
9299,1,1
9300,1,3
9301,1,3
9302,1,3
9303,1,1
9304,1,1
9305,1,1
9306,1,1
9307,1,1
9308,1,3
9309,1,1
9310,1,1
9311,1,1
9312,1,1
9313,1,1
9314,1,3
9315,1,4
9316,1,1
9317,1,4
9318,1,5
9319,1,4
9320,1,3
9321,1,5
9322,1,3
9323,1,4
9324,1,2
9325,1,5
9326,1,3
9327,1,4
9328,1,5
9329,1,5
9330,1,2
9331,1,3
9332,1,5
9333,1,1
9334,1,1
9335,1,3
9336,1,1
9337,1,1
9338,1,1
9339,1,1
9340,1,3
9341,1,3
9342,1,3
9343,1,1
9344,1,1
9345,1,3
9346,1,1
9347,1,1
9348,1,1
9349,1,1
9350,1,1
9351,1,1
9352,1,1
9353,1,5
9354,1,5
9355,1,3
9356,1,1
9357,1,5
9358,1,1
9359,1,3
9360,1,5
9361,1,3
9362,1,2
9363,1,1
9364,1,3
9365,1,4
9366,1,5
9367,1,3
9368,1,1
9369,1,3
9370,1,3
9371,1,1
9372,1,1
9373,1,1
9374,1,1
9375,1,1
9376,1,1
9377,1,1
9378,1,1
9379,1,1
9380,1,1
9381,1,3
9382,1,1
9383,1,1
9384,1,1
9385,1,1
9386,1,5
9387,1,5
9388,1,3
9389,1,3
9390,1,4
9391,1,3
9392,1,5
9393,1,3
9394,1,4
9395,1,4
9396,1,3
9397,1,4
9398,1,3
9399,1,3
9400,1,4
9401,1,2
9402,1,5
9403,1,5
9404,1,1
9405,1,1
9406,1,1
9407,1,1
9408,1,1
9409,1,1
9410,1,1
9411,1,1
9412,1,1
9413,1,1
9414,1,3
9415,1,1
9416,1,1
9417,1,1
9418,1,1
9419,1,1
9420,1,4
9421,1,4
9422,1,4
9423,1,1
9424,1,2
9425,1,4
9426,1,1
9427,1,3
9428,1,3
9429,1,4
9430,1,2
9431,1,5
9432,1,1
9433,1,4
9434,1,2
9435,1,4
9436,1,2
9437,1,4
9438,1,2
9439,1,1
9440,1,4
9441,1,3
9442,1,4
9443,1,1
9444,1,1
9445,1,3
9446,1,3
9447,1,3
9448,1,1
9449,1,1
9450,1,3
9451,1,1
9452,1,1
9453,1,1
9454,1,1
9455,1,3
9456,1,1
9457,1,1
9458,1,1
9459,1,5
9460,1,4
9461,1,2
9462,1,4
9463,1,3
9464,1,2
9465,1,3
9466,1,4
9467,1,1
9468,1,5
9469,1,5
9470,1,3
9471,1,4
9472,1,3
9473,1,4
9474,1,2
9475,1,1
9476,1,1
9477,1,1
9478,1,3
9479,1,1
9480,1,3
9481,1,5
9482,1,4
9483,1,3
9484,1,4
9485,1,2
9486,1,3
9487,1,1
9488,1,1
9489,1,2
9490,1,3
9491,1,2
9492,1,1
9493,1,4
9494,1,3
9495,1,1
9496,1,1
9497,1,1
9498,1,1
9499,1,1
9500,1,1
9501,1,1
9502,1,4
9503,1,1
9504,1,5
9505,1,4
9506,1,3
9507,1,3
9508,1,3
9509,1,4
9510,1,5
9511,1,4
9512,1,4
9513,1,3
9514,1,2
9515,1,1
9516,1,1
9517,1,1
9518,1,1
9519,1,1
9520,1,1
9521,1,3
9522,1,2
9523,1,1
9524,1,1
9525,1,1
9526,1,1
9527,1,3
9528,1,1
9529,1,1
9530,1,1
9531,1,1
9532,1,1
9533,1,1
9534,1,1
9535,1,1
9536,1,3
9537,1,1
9538,1,1
9539,1,1
9540,1,1
9541,1,4
9542,1,3
9543,1,2
9544,1,4
9545,1,2
9546,1,1
9547,1,1
9548,1,1
9549,1,3
9550,1,4
9551,1,5
9552,1,3
9553,1,2
9554,1,4
9555,1,3
9556,1,1
9557,1,1
9558,1,1
9559,1,1
9560,1,1
9561,1,1
9562,1,3
9563,1,1
9564,1,1
9565,1,1
9566,1,1
9567,1,5
9568,1,2
9569,1,4
9570,1,3
9571,1,3
9572,1,3
9573,1,2
9574,1,1
9575,1,4
9576,1,5
9577,1,4
9578,1,3
9579,1,3
9580,1,4
9581,1,3
9582,1,4
9583,1,5
9584,1,1
9585,1,1
9586,1,1
9587,1,1
9588,1,1
9589,1,1
9590,1,1
9591,1,1
9592,1,1
9593,1,3
9594,1,1
9595,1,1
9596,1,1
9597,1,1
9598,1,1
9599,1,4
9600,1,4
9601,1,5
9602,1,5
9603,1,4
9604,1,3
9605,1,2
9606,1,4
9607,1,3
9608,1,3
9609,1,5
9610,1,2
9611,1,1
9612,1,1
9613,1,3
9614,1,1
9615,1,2
9616,1,3
9617,1,3
9618,1,2
9619,1,1
9620,1,1
9621,1,1
9622,1,1
9623,1,1
9624,1,1
9625,1,1
9626,1,1
9627,1,1
9628,1,1
9629,1,1
9630,1,1
9631,1,3
9632,1,2
9633,1,3
9634,1,3
9635,1,2
9636,1,3
9637,1,4
9638,1,2
9639,1,2
9640,1,4
9641,1,3
9642,1,3
9643,1,2
9644,1,3
9645,1,3
9646,1,1
9647,1,1
9648,1,1
9649,1,3
9650,1,1
9651,1,1
9652,1,1
9653,1,1
9654,1,1
9655,1,3
9656,1,1
9657,1,1
9658,1,1
9659,1,1
9660,1,1
9661,1,1
9662,1,1
9663,1,3
9664,1,1
9665,1,1
9666,1,1
9667,1,3
9668,1,1
9669,1,1
9670,1,3
9671,1,4
9672,1,2
9673,1,4
9674,1,1
9675,1,3
9676,1,4
9677,1,4
9678,1,3
9679,1,5
9680,1,5
9681,1,1
9682,1,4
9683,1,1
9684,1,1
9685,1,1
9686,1,1
9687,1,1
9688,1,3
9689,1,3
9690,1,1
9691,1,3
9692,1,4
9693,1,1
9694,1,1
9695,1,1
9696,1,1
9697,1,1
9698,1,3
9699,1,1
9700,1,1
9701,1,1
9702,1,1
9703,1,3
9704,1,3
9705,1,4
9706,1,4
9707,1,3
9708,1,5
9709,1,5
9710,1,4
9711,1,4
9712,1,1
9713,1,3
9714,1,3
9715,1,3
9716,1,4
9717,1,3
9718,1,5
9719,1,4
9720,1,1
9721,1,1
9722,1,1
9723,1,1
9724,1,1
9725,1,3
9726,1,1
9727,1,1
9728,1,1
9729,1,1
9730,1,1
9731,1,1
9732,1,1
9733,1,1
9734,1,1
9735,1,4
9736,1,3
9737,1,4
9738,1,5
9739,1,3
9740,1,2
9741,1,3
9742,1,3
9743,1,3
9744,1,4
9745,1,3
9746,1,4
9747,1,1
9748,1,1
9749,1,1
9750,1,1
9751,1,2
9752,1,5
9753,1,1
9754,1,1
9755,1,3
9756,1,3
9757,1,1
9758,1,1
9759,1,1
9760,1,1
9761,1,1
9762,1,1
9763,1,1
9764,1,2
9765,1,1
9766,1,5
9767,1,3
9768,1,3
9769,1,4
9770,1,1
9771,1,5
9772,1,4
9773,1,4
9774,1,3
9775,1,5
9776,1,5
9777,1,4
9778,1,1
9779,1,3
9780,1,3
9781,1,2
9782,1,1
9783,1,1
9784,1,1
9785,1,1
9786,1,1
9787,1,3
9788,1,2
9789,1,1
9790,1,1
9791,1,1
9792,1,1
9793,1,1
9794,1,3
9795,1,1
9796,1,1
9797,1,3
9798,1,2
9799,1,2
9800,1,3
9801,1,4
9802,1,4
9803,1,2
9804,1,2
9805,1,4
9806,1,3
9807,1,4
9808,1,3
9809,1,4
9810,1,3
9811,1,2
9812,1,3
9813,1,2
9814,1,4
9815,1,2
9816,1,2
9817,1,3
9818,1,1
9819,1,1
9820,1,1
9821,1,1
9822,1,1
9823,1,3
9824,1,1
9825,1,1
9826,1,1
9827,1,1
9828,1,1
9829,1,3
9830,1,1
9831,1,1
9832,1,1
9833,1,1
9834,1,3
9835,1,4
9836,1,3
9837,1,4
9838,1,3
9839,1,4
9840,1,3
9841,1,2
9842,1,3
9843,1,3
9844,1,4
9845,1,3
9846,1,2
9847,1,5
9848,1,5
9849,1,5
9850,1,3
9851,1,1
9852,1,3
9853,1,3
9854,1,3
9855,1,4
9856,1,3
9857,1,1
9858,1,3
9859,1,1
9860,1,1
9861,1,3
9862,1,2
9863,1,2
9864,1,1
9865,1,3
9866,1,1
9867,1,1
9868,1,1
9869,1,1
9870,1,1
9871,1,1
9872,1,1
9873,1,1
9874,1,1
9875,1,2
9876,1,4
9877,1,4
9878,1,3
9879,1,4
9880,1,4
9881,1,4
9882,1,2
9883,1,4
9884,1,1
9885,1,1
9886,1,3
9887,1,4
9888,1,5
9889,1,1
9890,1,4
9891,1,4
9892,1,4
9893,1,3
9894,1,4
9895,1,4
9896,1,1
9897,1,1
9898,1,3
9899,1,1
9900,1,1
9901,1,1
9902,1,1
9903,1,1
9904,1,1
9905,1,1
9906,1,2
9907,1,3
9908,1,4
9909,1,1
9910,1,1
9911,1,1
9912,1,1
9913,1,1
9914,1,1
9915,1,1
9916,1,1
9917,1,1
9918,1,1
9919,1,4
9920,1,3
9921,1,5
9922,1,3
9923,1,3
9924,1,3
9925,1,1
9926,1,5
9927,1,5
9928,1,3
9929,1,3
9930,1,5
9931,1,3
9932,1,1
9933,1,1
9934,1,1
9935,1,3
9936,1,1
9937,1,1
9938,1,1
9939,1,1
9940,1,4
9941,1,1
9942,1,2
9943,1,2
9944,1,1
9945,1,1
9946,1,1
9947,1,1
9948,1,1
9949,1,1
9950,1,1
9951,1,1
9952,1,1
9953,1,1
9954,1,3
9955,1,5
9956,1,1
9957,1,4
9958,1,4
9959,1,3
9960,1,1
9961,1,1
9962,1,4
9963,1,5
9964,1,4
9965,1,3
9966,1,5
9967,1,3
9968,1,3
9969,1,3
9970,1,3
9971,1,2
9972,1,4
9973,1,3
9974,1,1
9975,1,1
9976,1,3
9977,1,4
9978,1,1
9979,1,1
9980,1,1
9981,1,1
9982,1,1
9983,1,1
9984,1,5
9985,1,5
9986,1,3
9987,1,3
9988,1,3
9989,1,3
9990,1,3
9991,1,2
9992,1,4
9993,1,3
9994,1,4
9995,1,1
9996,1,3
9997,1,1
9998,1,1
9999,1,1
10000,1,1
1,2,2
2,2,1
3,2,4
4,2,1
5,2,1
6,2,1
7,2,1
8,2,1
9,2,1
10,2,1
11,2,1
12,2,1
13,2,4
14,2,2
15,2,1
16,2,4
17,2,5
18,2,3
19,2,4
20,2,1
21,2,1
22,2,2
23,2,5
24,2,3
25,2,4
26,2,3
27,2,2
28,2,4
29,2,4
30,2,2
31,2,3
32,2,4
33,2,2
34,2,5
35,2,3
36,2,1
37,2,1
38,2,1
39,2,1
40,2,1
41,2,1
42,2,1
43,2,1
44,2,1
45,2,3
46,2,4
47,2,1
48,2,5
49,2,3
50,2,4
51,2,3
52,2,3
53,2,4
54,2,4
55,2,5
56,2,4
57,2,3
58,2,4
59,2,2
60,2,5
61,2,4
62,2,2
63,2,4
64,2,3
65,2,2
66,2,1
67,2,1
68,2,2
69,2,4
70,2,3
71,2,1
72,2,1
73,2,1
74,2,1
75,2,1
76,2,3
77,2,1
78,2,1
79,2,1
80,2,1
81,2,1
82,2,1
83,2,1
84,2,3
85,2,1
86,2,1
87,2,1
88,2,4
89,2,3
90,2,3
91,2,1
92,2,4
93,2,3
94,2,4
95,2,3
96,2,4
97,2,4
98,2,3
99,2,5
100,2,4
101,2,3
102,2,3
103,2,1
104,2,3
105,2,3
106,2,1
107,2,1
108,2,1
109,2,1
110,2,1
111,2,1
112,2,1
113,2,3
114,2,2
115,2,3
116,2,1
117,2,1
118,2,1
119,2,1
120,2,1
121,2,1
122,2,1
123,2,3
124,2,1
125,2,1
126,2,3
127,2,3
128,2,3
129,2,5
130,2,3
131,2,4
132,2,1
133,2,2
134,2,4
135,2,3
136,2,3
137,2,2
138,2,3
139,2,4
140,2,3
141,2,3
142,2,3
143,2,3
144,2,1
145,2,3
146,2,4
147,2,1
148,2,5
149,2,5
150,2,1
151,2,1
152,2,3
153,2,2
154,2,1
155,2,1
156,2,1
157,2,1
158,2,1
159,2,1
160,2,1
161,2,1
162,2,1
163,2,1
164,2,1
165,2,1
166,2,4
167,2,4
168,2,3
169,2,3
170,2,4
171,2,3
172,2,4
173,2,1
174,2,4
175,2,5
176,2,1
177,2,2
178,2,4
179,2,3
180,2,1
181,2,4
182,2,2
183,2,1
184,2,4
185,2,3
186,2,3
187,2,1
188,2,1
189,2,4
190,2,4
191,2,3
192,2,4
193,2,5
194,2,4
195,2,1
196,2,1
197,2,2
198,2,1
199,2,3
200,2,3
201,2,3
202,2,1
203,2,1
204,2,1
205,2,1
206,2,1
207,2,1
208,2,1
209,2,1
210,2,1
211,2,1
212,2,1
213,2,1
214,2,1
215,2,1
216,2,1
217,2,4
218,2,3
219,2,3
220,2,3
221,2,2
222,2,4
223,2,5
224,2,3
225,2,3
226,2,5
227,2,4
228,2,4
229,2,4
230,2,1
231,2,1
232,2,3
233,2,1
234,2,1
235,2,1
236,2,1
237,2,1
238,2,1
239,2,1
240,2,3
241,2,1
242,2,1
243,2,1
244,2,1
245,2,1
246,2,3
247,2,3
248,2,3
249,2,4
250,2,3
251,2,3
252,2,5
253,2,2
254,2,4
255,2,3
256,2,3
257,2,4
258,2,5
259,2,2
260,2,3
261,2,3
262,2,2
263,2,3
264,2,5
265,2,5
266,2,4
267,2,4
268,2,3
269,2,2
270,2,4
271,2,1
272,2,1
273,2,1
274,2,5
275,2,4
276,2,1
277,2,1
278,2,1
279,2,1
280,2,1
281,2,1
282,2,1
283,2,1
284,2,1
285,2,4
286,2,3
287,2,5
288,2,2
289,2,4
290,2,1
291,2,3
292,2,1
293,2,4
294,2,2
295,2,1
296,2,2
297,2,1
298,2,2
299,2,1
300,2,2
301,2,5
302,2,4
303,2,1
304,2,1
305,2,3
306,2,3
307,2,1
308,2,1
309,2,1
310,2,3
311,2,1
312,2,1
313,2,1
314,2,1
315,2,1
316,2,1
317,2,1
318,2,1
319,2,3
320,2,3
321,2,1
322,2,4
323,2,3
324,2,3
325,2,3
326,2,5
327,2,1
328,2,3
329,2,3
330,2,1
331,2,5
332,2,4
333,2,3
334,2,4
335,2,4
336,2,4
337,2,4
338,2,3
339,2,5
340,2,1
341,2,1
342,2,1
343,2,3
344,2,4
345,2,2
346,2,3
347,2,1
348,2,1
349,2,1
350,2,1
351,2,1
352,2,1
353,2,1
354,2,3
355,2,1
356,2,1
357,2,1
358,2,1
359,2,1
360,2,3
361,2,1
362,2,1
363,2,1
364,2,5
365,2,1
366,2,3
367,2,3
368,2,4
369,2,3
370,2,5
371,2,2
372,2,3
373,2,3
374,2,1
375,2,4
376,2,5
377,2,3
378,2,3
379,2,1
380,2,3
381,2,1
382,2,1
383,2,1
384,2,2
385,2,1
386,2,2
387,2,3
388,2,1
389,2,1
390,2,1
391,2,1
392,2,1
393,2,1
394,2,5
395,2,4
396,2,3
397,2,3
398,2,3
399,2,5
400,2,3
401,2,5
402,2,4
403,2,3
404,2,3
405,2,3
406,2,1
407,2,3
408,2,4
409,2,3
410,2,4
411,2,4
412,2,4
413,2,5
414,2,3
415,2,3
416,2,3
417,2,3
418,2,4
419,2,3
420,2,1
421,2,1
422,2,1
423,2,3
424,2,3
425,2,3
426,2,1
427,2,1
428,2,1
429,2,1
430,2,1
431,2,1
432,2,1
433,2,1
434,2,1
435,2,1
436,2,1
437,2,1
438,2,1
439,2,3
440,2,4
441,2,3
442,2,2
443,2,4
444,2,4
445,2,5
446,2,3
447,2,5
448,2,2
449,2,4
450,2,4
451,2,3
452,2,3
453,2,4
454,2,4
455,2,3
456,2,5
457,2,1
458,2,1
459,2,1
460,2,1
461,2,1
462,2,3
463,2,4
464,2,1
465,2,1
466,2,1
467,2,1
468,2,1
469,2,1
470,2,1
471,2,1
472,2,1
473,2,3
474,2,5
475,2,3
476,2,3
477,2,3
478,2,2
479,2,4
480,2,2
481,2,5
482,2,2
483,2,4
484,2,3
485,2,3
486,2,1
487,2,1
488,2,1
489,2,4
490,2,3
491,2,1
492,2,1
493,2,2
494,2,1
495,2,1
496,2,1
497,2,1
498,2,1
499,2,1
500,2,1
501,2,1
502,2,1
503,2,3
504,2,1
505,2,1
506,2,3
507,2,1
508,2,1
509,2,1
510,2,1
511,2,1
512,2,1
513,2,1
514,2,3
515,2,1
516,2,3
517,2,3
518,2,5
519,2,1
520,2,1
521,2,2
522,2,3
523,2,3
524,2,3
525,2,3
526,2,2
527,2,4
528,2,4
529,2,1
530,2,1
531,2,3
532,2,1
533,2,1
534,2,3
535,2,1
536,2,1
537,2,4
538,2,4
539,2,2
540,2,1
541,2,3
542,2,1
543,2,1
544,2,3
545,2,1
546,2,1
547,2,1
548,2,1
549,2,1
550,2,4
551,2,1
552,2,1
553,2,3
554,2,4
555,2,4
556,2,4
557,2,5
558,2,1
559,2,3
560,2,4
561,2,3
562,2,3
563,2,3
564,2,3
565,2,1
566,2,3
567,2,4
568,2,5
569,2,2
570,2,2
571,2,5
572,2,2
573,2,4
574,2,1
575,2,1
576,2,3
577,2,2
578,2,5
579,2,1
580,2,3
581,2,1
582,2,1
583,2,1
584,2,1
585,2,1
586,2,1
587,2,1
588,2,3
589,2,2
590,2,3
591,2,2
592,2,3
593,2,4
594,2,3
595,2,5
596,2,3
597,2,2
598,2,3
599,2,3
600,2,1
601,2,4
602,2,3
603,2,5
604,2,3
605,2,4
606,2,3
607,2,1
608,2,1
609,2,2
610,2,1
611,2,1
612,2,1
613,2,1
614,2,1
615,2,1
616,2,1
617,2,1
618,2,1
619,2,1
620,2,1
621,2,1
622,2,4
623,2,3
624,2,3
625,2,4
626,2,2
627,2,1
628,2,5
629,2,4
630,2,2
631,2,3
632,2,3
633,2,3
634,2,3
635,2,1
636,2,1
637,2,1
638,2,1
639,2,1
640,2,1
641,2,1
642,2,1
643,2,1
644,2,1
645,2,1
646,2,1
647,2,1
648,2,1
649,2,1
650,2,1
651,2,3
652,2,4
653,2,4
654,2,3
655,2,3
656,2,3
657,2,4
658,2,4
659,2,2
660,2,3
661,2,5
662,2,4
663,2,3
664,2,2
665,2,4
666,2,4
667,2,1
668,2,4
669,2,3
670,2,1
671,2,1
672,2,2
673,2,1
674,2,3
675,2,1
676,2,1
677,2,1
678,2,1
679,2,1
680,2,3
681,2,1
682,2,1
683,2,1
684,2,1
685,2,1
686,2,1
687,2,4
688,2,2
689,2,3
690,2,3
691,2,5
692,2,1
693,2,3
694,2,3
695,2,3
696,2,4
697,2,5
698,2,3
699,2,4
700,2,3
701,2,1
702,2,2
703,2,1
704,2,4
705,2,4
706,2,1
707,2,1
708,2,1
709,2,1
710,2,3
711,2,2
712,2,5
713,2,4
714,2,1
715,2,1
716,2,1
717,2,1
718,2,1
719,2,1
720,2,1
721,2,1
722,2,1
723,2,1
724,2,1
725,2,1
726,2,1
727,2,1
728,2,1
729,2,1
730,2,1
731,2,1
732,2,5
733,2,3
734,2,1
735,2,4
736,2,3
737,2,4
738,2,4
739,2,2
740,2,1
741,2,1
742,2,3
743,2,1
744,2,4
745,2,1
746,2,1
747,2,1
748,2,1
749,2,3
750,2,1
751,2,1
752,2,1
753,2,1
754,2,1
755,2,1
756,2,1
757,2,1
758,2,3
759,2,3
760,2,1
761,2,4
762,2,3
763,2,3
764,2,2
765,2,5
766,2,1
767,2,4
768,2,1
769,2,3
770,2,3
771,2,4
772,2,5
773,2,3
774,2,1
775,2,1
776,2,2
777,2,5
778,2,2
779,2,1
780,2,1
781,2,1
782,2,1
783,2,1
784,2,1
785,2,1
786,2,1
787,2,1
788,2,1
789,2,1
790,2,4
791,2,4
792,2,5
793,2,2
794,2,2
795,2,1
796,2,3
797,2,2
798,2,4
799,2,3
800,2,5
801,2,5
802,2,5
803,2,3
804,2,4
805,2,4
806,2,5
807,2,4
808,2,3
809,2,3
810,2,3
811,2,2
812,2,4
813,2,1
814,2,3
815,2,2
816,2,3
817,2,1
818,2,1
819,2,1
820,2,1
821,2,3
822,2,1
823,2,1
824,2,3
825,2,4
826,2,3
827,2,5
828,2,1
829,2,2
830,2,3
831,2,2
832,2,2
833,2,1
834,2,3
835,2,4
836,2,3
837,2,5
838,2,3
839,2,5
840,2,3
841,2,5
842,2,5
843,2,3
844,2,5
845,2,5
846,2,4
847,2,5
848,2,4
849,2,5
850,2,4
851,2,4
852,2,4
853,2,2
854,2,2
855,2,5
856,2,4
857,2,2
858,2,4
859,2,5
860,2,5
861,2,3
862,2,4
863,2,4
864,2,5
865,2,5
866,2,5
867,2,5
868,2,5
869,2,4
870,2,5
871,2,5
872,2,5
873,2,4
874,2,5
875,2,4
876,2,3
877,2,5
878,2,5
879,2,5
880,2,5
881,2,3
882,2,5
883,2,5
884,2,5
885,2,4
886,2,3
887,2,2
888,2,3
889,2,5
890,2,5
891,2,4
892,2,4
893,2,3
894,2,3
895,2,4
896,2,1
897,2,2
898,2,1
899,2,1
900,2,2
901,2,5
902,2,3
903,2,4
904,2,1
905,2,5
906,2,1
907,2,5
908,2,4
909,2,5
910,2,5
911,2,5
912,2,4
913,2,5
914,2,4
915,2,4
916,2,5
917,2,3
918,2,4
919,2,5
920,2,5
921,2,5
922,2,5
923,2,5
924,2,5
925,2,5
926,2,5
927,2,5
928,2,2
929,2,5
930,2,4
931,2,5
932,2,4
933,2,3
934,2,5
935,2,4
936,2,4
937,2,4
938,2,4
939,2,4
940,2,2
941,2,1
942,2,4
943,2,4
944,2,3
945,2,1
946,2,1
947,2,2
948,2,2
949,2,4
950,2,5
951,2,5
952,2,5
953,2,4
954,2,5
955,2,5
956,2,3
957,2,5
958,2,5
959,2,4
960,2,5
961,2,3
962,2,4
963,2,5
964,2,4
965,2,4
966,2,4
967,2,5
968,2,4
969,2,4
970,2,4
971,2,4
972,2,5
973,2,4
974,2,2
975,2,5
976,2,2
977,2,4
978,2,4
979,2,1
980,2,5
981,2,5
982,2,5
983,2,5
984,2,5
985,2,5
986,2,5
987,2,4
988,2,5
989,2,4
990,2,5
991,2,3
992,2,5
993,2,5
994,2,5
995,2,5
996,2,5
997,2,5
998,2,4
999,2,5
1000,2,5
1001,2,5
1002,2,5
1003,2,5
1004,2,4
1005,2,5
1006,2,3
1007,2,5
1008,2,4
1009,2,5
1010,2,5
1011,2,5
1012,2,5
1013,2,3
1014,2,5
1015,2,4
1016,2,3
1017,2,4
1018,2,4
1019,2,4
1020,2,4
1021,2,4
1022,2,4
1023,2,1
1024,2,5
1025,2,2
1026,2,2
1027,2,4
1028,2,3
1029,2,4
1030,2,1
1031,2,2
1032,2,2
1033,2,4
1034,2,5
1035,2,5
1036,2,4
1037,2,5
1038,2,5
1039,2,5
1040,2,4
1041,2,5
1042,2,5
1043,2,4
1044,2,4
1045,2,4
1046,2,4
1047,2,2
1048,2,5
1049,2,5
1050,2,4
1051,2,5
1052,2,4
1053,2,2
1054,2,1
1055,2,4
1056,2,4
1057,2,4
1058,2,2
1059,2,3
1060,2,2
1061,2,1
1062,2,1
1063,2,4
1064,2,4
1065,2,5
1066,2,5
1067,2,5
1068,2,5
1069,2,3
1070,2,4
1071,2,4
1072,2,4
1073,2,5
1074,2,5
1075,2,5
1076,2,5
1077,2,4
1078,2,4
1079,2,5
1080,2,5
1081,2,5
1082,2,5
1083,2,5
1084,2,5
1085,2,4
1086,2,4
1087,2,4
1088,2,4
1089,2,3
1090,2,5
1091,2,4
1092,2,2
1093,2,2
1094,2,3
1095,2,5
1096,2,4
1097,2,4
1098,2,5
1099,2,5
1100,2,2
1101,2,2
1102,2,5
1103,2,5
1104,2,4
1105,2,5
1106,2,5
1107,2,5
1108,2,5
1109,2,3
1110,2,5
1111,2,3
1112,2,4
1113,2,5
1114,2,5
1115,2,5
1116,2,5
1117,2,5
1118,2,5
1119,2,5
1120,2,4
1121,2,4
1122,2,4
1123,2,4
1124,2,5
1125,2,3
1126,2,3
1127,2,5
1128,2,3
1129,2,4
1130,2,4
1131,2,2
1132,2,3
1133,2,3
1134,2,3
1135,2,4
1136,2,4
1137,2,4
1138,2,4
1139,2,4
1140,2,5
1141,2,5
1142,2,4
1143,2,5
1144,2,4
1145,2,5
1146,2,5
1147,2,5
1148,2,4
1149,2,5
1150,2,5
1151,2,5
1152,2,5
1153,2,4
1154,2,1
1155,2,4
1156,2,4
1157,2,5
1158,2,4
1159,2,4
1160,2,5
1161,2,5
1162,2,5
1163,2,3
1164,2,5
1165,2,5
1166,2,4
1167,2,2
1168,2,4
1169,2,4
1170,2,4
1171,2,5
1172,2,3
1173,2,4
1174,2,4
1175,2,4
1176,2,5
1177,2,5
1178,2,5
1179,2,5
1180,2,5
1181,2,5
1182,2,4
1183,2,4
1184,2,5
1185,2,4
1186,2,5
1187,2,4
1188,2,4
1189,2,4
1190,2,4
1191,2,5
1192,2,3
1193,2,4
1194,2,4
1195,2,2
1196,2,4
1197,2,5
1198,2,4
1199,2,4
1200,2,3
1201,2,5
1202,2,4
1203,2,4
1204,2,5
1205,2,4
1206,2,4
1207,2,4
1208,2,4
1209,2,2
1210,2,4
1211,2,3
1212,2,4
1213,2,4
1214,2,2
1215,2,4
1216,2,5
1217,2,4
1218,2,5
1219,2,5
1220,2,4
1221,2,5
1222,2,5
1223,2,3
1224,2,5
1225,2,5
1226,2,4
1227,2,5
1228,2,4
1229,2,5
1230,2,5
1231,2,3
1232,2,4
1233,2,1
1234,2,5
1235,2,4
1236,2,2
1237,2,5
1238,2,5
1239,2,4
1240,2,4
1241,2,5
1242,2,1
1243,2,4
1244,2,2
1245,2,5
1246,2,4
1247,2,2
1248,2,5
1249,2,2
1250,2,5
1251,2,4
1252,2,4
1253,2,5
1254,2,5
1255,2,5
1256,2,5
1257,2,5
1258,2,5
1259,2,5
1260,2,5
1261,2,4
1262,2,4
1263,2,4
1264,2,4
1265,2,5
1266,2,3
1267,2,4
1268,2,3
1269,2,2
1270,2,4
1271,2,4
1272,2,4
1273,2,4
1274,2,4
1275,2,4
1276,2,5
1277,2,4
1278,2,2
1279,2,2
1280,2,2
1281,2,4
1282,2,4
1283,2,4
1284,2,4
1285,2,4
1286,2,4
1287,2,2
1288,2,5
1289,2,4
1290,2,4
1291,2,5
1292,2,2
1293,2,4
1294,2,5
1295,2,5
1296,2,4
1297,2,5
1298,2,5
1299,2,5
1300,2,5
1301,2,4
1302,2,5
1303,2,5
1304,2,5
1305,2,5
1306,2,4
1307,2,5
1308,2,4
1309,2,4
1310,2,5
1311,2,4
1312,2,5
1313,2,4
1314,2,5
1315,2,5
1316,2,5
1317,2,5
1318,2,5
1319,2,4
1320,2,5
1321,2,5
1322,2,5
1323,2,4
1324,2,4
1325,2,1
1326,2,5
1327,2,4
1328,2,2
1329,2,3
1330,2,1
1331,2,4
1332,2,2
1333,2,2
1334,2,5
1335,2,4
1336,2,5
1337,2,5
1338,2,4
1339,2,5
1340,2,5
1341,2,5
1342,2,5
1343,2,5
1344,2,5
1345,2,4
1346,2,4
1347,2,4
1348,2,5
1349,2,5
1350,2,5
1351,2,5
1352,2,3
1353,2,5
1354,2,4
1355,2,4
1356,2,4
1357,2,4
1358,2,5
1359,2,5
1360,2,4
1361,2,5
1362,2,5
1363,2,3
1364,2,4
1365,2,3
1366,2,4
1367,2,2
1368,2,5
1369,2,4
1370,2,4
1371,2,4
1372,2,4
1373,2,4
1374,2,5
1375,2,5
1376,2,5
1377,2,4
1378,2,5
1379,2,5
1380,2,5
1381,2,4
1382,2,5
1383,2,5
1384,2,4
1385,2,5
1386,2,5
1387,2,4
1388,2,3
1389,2,5
1390,2,5
1391,2,5
1392,2,5
1393,2,3
1394,2,4
1395,2,4
1396,2,5
1397,2,3
1398,2,4
1399,2,5
1400,2,5
1401,2,4
1402,2,3
1403,2,1
1404,2,4
1405,2,4
1406,2,5
1407,2,1
1408,2,3
1409,2,4
1410,2,3
1411,2,1
1412,2,4
1413,2,4
1414,2,4
1415,2,4
1416,2,5
1417,2,4
1418,2,4
1419,2,4
1420,2,4
1421,2,5
1422,2,5
1423,2,5
1424,2,3
1425,2,4
1426,2,5
1427,2,5
1428,2,4
1429,2,1
1430,2,5
1431,2,1
1432,2,2
1433,2,2
1434,2,1
1435,2,2
1436,2,5
1437,2,4
1438,2,2
1439,2,5
1440,2,4
1441,2,4
1442,2,3
1443,2,5
1444,2,4
1445,2,5
1446,2,4
1447,2,5
1448,2,5
1449,2,5
1450,2,5
1451,2,5
1452,2,4
1453,2,4
1454,2,5
1455,2,5
1456,2,4
1457,2,5
1458,2,5
1459,2,4
1460,2,4
1461,2,5
1462,2,3
1463,2,4
1464,2,5
1465,2,1
1466,2,4
1467,2,4
1468,2,5
1469,2,4
1470,2,3
1471,2,3
1472,2,3
1473,2,5
1474,2,4
1475,2,1
1476,2,1
1477,2,1
1478,2,4
1479,2,5
1480,2,5
1481,2,4
1482,2,4
1483,2,5
1484,2,4
1485,2,5
1486,2,4
1487,2,5
1488,2,5
1489,2,4
1490,2,4
1491,2,5
1492,2,5
1493,2,4
1494,2,4
1495,2,3
1496,2,5
1497,2,5
1498,2,5
1499,2,4
1500,2,5
1501,2,4
1502,2,5
1503,2,4
1504,2,5
1505,2,3
1506,2,1
1507,2,4
1508,2,1
1509,2,2
1510,2,4
1511,2,4
1512,2,1
1513,2,2
1514,2,2
1515,2,5
1516,2,1
1517,2,4
1518,2,5
1519,2,1
1520,2,1
1521,2,5
1522,2,2
1523,2,1
1524,2,5
1525,2,5
1526,2,5
1527,2,5
1528,2,5
1529,2,5
1530,2,5
1531,2,5
1532,2,5
1533,2,5
1534,2,5
1535,2,5
1536,2,4
1537,2,5
1538,2,5
1539,2,5
1540,2,4
1541,2,5
1542,2,5
1543,2,2
1544,2,5
1545,2,5
1546,2,3
1547,2,4
1548,2,4
1549,2,4
1550,2,5
1551,2,4
1552,2,5
1553,2,4
1554,2,2
1555,2,4
1556,2,2
1557,2,5
1558,2,4
1559,2,5
1560,2,4
1561,2,4
1562,2,1
1563,2,5
1564,2,4
1565,2,5
1566,2,3
1567,2,5
1568,2,4
1569,2,4
1570,2,5
1571,2,4
1572,2,5
1573,2,5
1574,2,5
1575,2,5
1576,2,4
1577,2,3
1578,2,4
1579,2,5
1580,2,4
1581,2,3
1582,2,2
1583,2,4
1584,2,5
1585,2,3
1586,2,1
1587,2,3
1588,2,1
1589,2,2
1590,2,3
1591,2,4
1592,2,4
1593,2,4
1594,2,2
1595,2,5
1596,2,1
1597,2,2
1598,2,4
1599,2,2
1600,2,2
1601,2,4
1602,2,5
1603,2,5
1604,2,3
1605,2,4
1606,2,4
1607,2,5
1608,2,5
1609,2,4
1610,2,5
1611,2,5
1612,2,5
1613,2,4
1614,2,5
1615,2,4
1616,2,5
1617,2,5
1618,2,5
1619,2,5
1620,2,5
1621,2,3
1622,2,5
1623,2,3
1624,2,4
1625,2,4
1626,2,4
1627,2,5
1628,2,4
1629,2,5
1630,2,3
1631,2,5
1632,2,2
1633,2,4
1634,2,3
1635,2,4
1636,2,2
1637,2,4
1638,2,3
1639,2,4
1640,2,4
1641,2,5
1642,2,2
1643,2,4
1644,2,5
1645,2,5
1646,2,4
1647,2,4
1648,2,4
1649,2,4
1650,2,5
1651,2,3
1652,2,5
1653,2,5
1654,2,5
1655,2,4
1656,2,5
1657,2,4
1658,2,5
1659,2,5
1660,2,5
1661,2,5
1662,2,5
1663,2,4
1664,2,5
1665,2,2
1666,2,5
1667,2,4
1668,2,4
1669,2,1
1670,2,1
1671,2,4
1672,2,4
1673,2,4
1674,2,4
1675,2,1
1676,2,4
1677,2,5
1678,2,5
1679,2,5
1680,2,5
1681,2,5
1682,2,5
1683,2,5
1684,2,5
1685,2,4
1686,2,5
1687,2,4
1688,2,5
1689,2,4
1690,2,3
1691,2,4
1692,2,5
1693,2,5
1694,2,5
1695,2,4
1696,2,5
1697,2,4
1698,2,4
1699,2,4
1700,2,5
1701,2,4
1702,2,5
1703,2,5
1704,2,2
1705,2,4
1706,2,4
1707,2,4
1708,2,4
1709,2,4
1710,2,4
1711,2,2
1712,2,3
1713,2,5
1714,2,4
1715,2,2
1716,2,5
1717,2,5
1718,2,5
1719,2,5
1720,2,3
1721,2,5
1722,2,5
1723,2,3
1724,2,4
1725,2,5
1726,2,5
1727,2,4
1728,2,5
1729,2,5
1730,2,5
1731,2,5
1732,2,4
1733,2,4
1734,2,4
1735,2,5
1736,2,5
1737,2,4
1738,2,5
1739,2,1
1740,2,4
1741,2,5
1742,2,4
1743,2,3
1744,2,5
1745,2,4
1746,2,4
1747,2,5
1748,2,5
1749,2,4
1750,2,5
1751,2,5
1752,2,4
1753,2,4
1754,2,5
1755,2,4
1756,2,4
1757,2,5
1758,2,5
1759,2,5
1760,2,5
1761,2,5
1762,2,3
1763,2,4
1764,2,4
1765,2,5
1766,2,5
1767,2,5
1768,2,4
1769,2,3
1770,2,5
1771,2,5
1772,2,4
1773,2,5
1774,2,4
1775,2,5
1776,2,4
1777,2,4
1778,2,3
1779,2,2
1780,2,2
1781,2,4
1782,2,5
1783,2,4
1784,2,4
1785,2,5
1786,2,5
1787,2,2
1788,2,4
1789,2,5
1790,2,5
1791,2,5
1792,2,5
1793,2,5
1794,2,5
1795,2,5
1796,2,5
1797,2,4
1798,2,5
1799,2,5
1800,2,5
1801,2,3
1802,2,5
1803,2,4
1804,2,5
1805,2,4
1806,2,5
1807,2,4
1808,2,5
1809,2,5
1810,2,4
1811,2,2
1812,2,5
1813,2,4
1814,2,4
1815,2,4
1816,2,5
1817,2,5
1818,2,4
1819,2,4
1820,2,5
1821,2,4
1822,2,4
1823,2,5
1824,2,4
1825,2,5
1826,2,5
1827,2,5
1828,2,4
1829,2,5
1830,2,5
1831,2,5
1832,2,4
1833,2,4
1834,2,5
1835,2,5
1836,2,5
1837,2,5
1838,2,1
1839,2,4
1840,2,5
1841,2,2
1842,2,4
1843,2,3
1844,2,4
1845,2,5
1846,2,4
1847,2,4
1848,2,4
1849,2,2
1850,2,3
1851,2,4
1852,2,4
1853,2,4
1854,2,2
1855,2,5
1856,2,2
1857,2,5
1858,2,1
1859,2,2
1860,2,4
1861,2,4
1862,2,5
1863,2,5
1864,2,5
1865,2,3
1866,2,5
1867,2,5
1868,2,4
1869,2,5
1870,2,5
1871,2,5
1872,2,4
1873,2,5
1874,2,3
1875,2,5
1876,2,4
1877,2,5
1878,2,4
1879,2,4
1880,2,4
1881,2,5
1882,2,5
1883,2,4
1884,2,1
1885,2,2
1886,2,4
1887,2,1
1888,2,3
1889,2,4
1890,2,4
1891,2,2
1892,2,4
1893,2,2
1894,2,4
1895,2,4
1896,2,4
1897,2,4
1898,2,4
1899,2,4
1900,2,5
1901,2,4
1902,2,4
1903,2,4
1904,2,5
1905,2,4
1906,2,5
1907,2,5
1908,2,5
1909,2,5
1910,2,5
1911,2,5
1912,2,5
1913,2,4
1914,2,5
1915,2,5
1916,2,5
1917,2,5
1918,2,5
1919,2,5
1920,2,1
1921,2,3
1922,2,5
1923,2,5
1924,2,4
1925,2,4
1926,2,4
1927,2,2
1928,2,4
1929,2,2
1930,2,1
1931,2,4
1932,2,1
1933,2,2
1934,2,4
1935,2,4
1936,2,5
1937,2,4
1938,2,1
1939,2,5
1940,2,4
1941,2,3
1942,2,4
1943,2,4
1944,2,4
1945,2,5
1946,2,5
1947,2,5
1948,2,5
1949,2,4
1950,2,4
1951,2,5
1952,2,5
1953,2,4
1954,2,5
1955,2,5
1956,2,5
1957,2,5
1958,2,5
1959,2,5
1960,2,5
1961,2,5
1962,2,5
1963,2,5
1964,2,5
1965,2,5
1966,2,5
1967,2,5
1968,2,5
1969,2,4
1970,2,4
1971,2,2
1972,2,4
1973,2,5
1974,2,5
1975,2,3
1976,2,3
1977,2,4
1978,2,3
1979,2,3
1980,2,3
1981,2,2
1982,2,5
1983,2,1
1984,2,4
1985,2,3
1986,2,5
1987,2,3
1988,2,5
1989,2,4
1990,2,5
1991,2,4
1992,2,5
1993,2,4
1994,2,5
1995,2,5
1996,2,5
1997,2,5
1998,2,3
1999,2,4
2000,2,5
2001,2,5
2002,2,5
2003,2,4
2004,2,4
2005,2,5
2006,2,2
2007,2,4
2008,2,4
2009,2,2
2010,2,5
2011,2,4
2012,2,4
2013,2,2
2014,2,4
2015,2,4
2016,2,4
2017,2,4
2018,2,1
2019,2,3
2020,2,2
2021,2,2
2022,2,5
2023,2,5
2024,2,5
2025,2,5
2026,2,5
2027,2,4
2028,2,4
2029,2,4
2030,2,5
2031,2,5
2032,2,5
2033,2,5
2034,2,5
2035,2,5
2036,2,4
2037,2,3
2038,2,5
2039,2,4
2040,2,4
2041,2,5
2042,2,3
2043,2,5
2044,2,5
2045,2,5
2046,2,4
2047,2,5
2048,2,4
2049,2,4
2050,2,4
2051,2,2
2052,2,5
2053,2,5
2054,2,4
2055,2,5
2056,2,5
2057,2,4
2058,2,4
2059,2,4
2060,2,2
2061,2,1
2062,2,2
2063,2,4
2064,2,2
2065,2,4
2066,2,1
2067,2,4
2068,2,2
2069,2,3
2070,2,2
2071,2,4
2072,2,5
2073,2,5
2074,2,3
2075,2,3
2076,2,5
2077,2,5
2078,2,3
2079,2,3
2080,2,5
2081,2,5
2082,2,5
2083,2,4
2084,2,3
2085,2,5
2086,2,5
2087,2,5
2088,2,5
2089,2,5
2090,2,5
2091,2,4
2092,2,4
2093,2,3
2094,2,2
2095,2,4
2096,2,4
2097,2,5
2098,2,5
2099,2,5
2100,2,4
2101,2,2
2102,2,2
2103,2,5
2104,2,4
2105,2,5
2106,2,5
2107,2,2
2108,2,5
2109,2,5
2110,2,5
2111,2,4
2112,2,4
2113,2,5
2114,2,4
2115,2,5
2116,2,3
2117,2,5
2118,2,5
2119,2,4
2120,2,3
2121,2,5
2122,2,4
2123,2,4
2124,2,4
2125,2,5
2126,2,5
2127,2,5
2128,2,5
2129,2,4
2130,2,4
2131,2,4
2132,2,4
2133,2,4
2134,2,1
2135,2,2
2136,2,3
2137,2,2
2138,2,1
2139,2,5
2140,2,5
2141,2,4
2142,2,5
2143,2,5
2144,2,5
2145,2,4
2146,2,5
2147,2,5
2148,2,5
2149,2,5
2150,2,5
2151,2,5
2152,2,5
2153,2,5
2154,2,5
2155,2,5
2156,2,5
2157,2,4
2158,2,3
2159,2,4
2160,2,3
2161,2,4
2162,2,5
2163,2,4
2164,2,4
2165,2,5
2166,2,5
2167,2,4
2168,2,2
2169,2,1
2170,2,4
2171,2,4
2172,2,4
2173,2,5
2174,2,2
2175,2,2
2176,2,1
2177,2,5
2178,2,4
2179,2,5
2180,2,4
2181,2,5
2182,2,5
2183,2,4
2184,2,5
2185,2,5
2186,2,5
2187,2,5
2188,2,5
2189,2,2
2190,2,4
2191,2,5
2192,2,3
2193,2,4
2194,2,5
2195,2,3
2196,2,4
2197,2,4
2198,2,4
2199,2,3
2200,2,5
2201,2,4
2202,2,3
2203,2,4
2204,2,3
2205,2,1
2206,2,4
2207,2,4
2208,2,1
2209,2,4
2210,2,5
2211,2,4
2212,2,5
2213,2,5
2214,2,5
2215,2,4
2216,2,5
2217,2,5
2218,2,5
2219,2,5
2220,2,5
2221,2,5
2222,2,5
2223,2,5
2224,2,5
2225,2,5
2226,2,5
2227,2,5
2228,2,4
2229,2,3
2230,2,3
2231,2,4
2232,2,4
2233,2,5
2234,2,4
2235,2,4
2236,2,4
2237,2,5
2238,2,4
2239,2,4
2240,2,5
2241,2,2
2242,2,1
2243,2,4
2244,2,1
2245,2,2
2246,2,5
2247,2,5
2248,2,5
2249,2,4
2250,2,5
2251,2,5
2252,2,5
2253,2,5
2254,2,4
2255,2,3
2256,2,5
2257,2,5
2258,2,4
2259,2,3
2260,2,5
2261,2,1
2262,2,2
2263,2,3
2264,2,4
2265,2,4
2266,2,1
2267,2,2
2268,2,1
2269,2,1
2270,2,4
2271,2,5
2272,2,1
2273,2,1
2274,2,4
2275,2,4
2276,2,3
2277,2,4
2278,2,4
2279,2,4
2280,2,4
2281,2,5
2282,2,3
2283,2,4
2284,2,2
2285,2,4
2286,2,4
2287,2,4
2288,2,5
2289,2,1
2290,2,1
2291,2,5
2292,2,5
2293,2,5
2294,2,5
2295,2,1
2296,2,1
2297,2,4
2298,2,2
2299,2,4
2300,2,5
2301,2,3
2302,2,1
2303,2,5
2304,2,1
2305,2,2
2306,2,2
2307,2,5
2308,2,3
2309,2,3
2310,2,5
2311,2,3
2312,2,5
2313,2,3
2314,2,5
2315,2,2
2316,2,4
2317,2,4
2318,2,5
2319,2,4
2320,2,5
2321,2,5
2322,2,2
2323,2,5
2324,2,5
2325,2,4
2326,2,1
2327,2,3
2328,2,4
2329,2,3
2330,2,5
2331,2,2
2332,2,3
2333,2,3
2334,2,1
2335,2,1
2336,2,4
2337,2,4
2338,2,2
2339,2,1
2340,2,1
2341,2,1
2342,2,5
2343,2,1
2344,2,3
2345,2,4
2346,2,3
2347,2,3
2348,2,5
2349,2,2
2350,2,4
2351,2,3
2352,2,5
2353,2,2
2354,2,3
2355,2,2
2356,2,2
2357,2,5
2358,2,3
2359,2,5
2360,2,4
2361,2,5
2362,2,4
2363,2,5
2364,2,4
2365,2,1
2366,2,1
2367,2,4
2368,2,3
2369,2,1
2370,2,2
2371,2,2
2372,2,1
2373,2,2
2374,2,1
2375,2,2
2376,2,3
2377,2,1
2378,2,4
2379,2,4
2380,2,1
2381,2,1
2382,2,1
2383,2,2
2384,2,3
2385,2,1
2386,2,1
2387,2,4
2388,2,3
2389,2,5
2390,2,3
2391,2,5
2392,2,3
2393,2,5
2394,2,4
2395,2,4
2396,2,3
2397,2,3
2398,2,5
2399,2,1
2400,2,4
2401,2,1
2402,2,4
2403,2,5
2404,2,4
2405,2,4
2406,2,1
2407,2,1
2408,2,3
2409,2,1
2410,2,5
2411,2,3
2412,2,3
2413,2,5
2414,2,3
2415,2,5
2416,2,5
2417,2,3
2418,2,4
2419,2,4
2420,2,2
2421,2,5
2422,2,1
2423,2,2
2424,2,3
2425,2,5
2426,2,5
2427,2,4
2428,2,5
2429,2,4
2430,2,4
2431,2,3
2432,2,1
2433,2,4
2434,2,1
2435,2,1
2436,2,4
2437,2,1
2438,2,1
2439,2,1
2440,2,1
2441,2,1
2442,2,5
2443,2,5
2444,2,4
2445,2,5
2446,2,5
2447,2,5
2448,2,2
2449,2,2
2450,2,5
2451,2,4
2452,2,4
2453,2,4
2454,2,4
2455,2,5
2456,2,4
2457,2,4
2458,2,1
2459,2,4
2460,2,1
2461,2,4
2462,2,4
2463,2,1
2464,2,1
2465,2,5
2466,2,4
2467,2,1
2468,2,3
2469,2,1
2470,2,4
2471,2,4
2472,2,4
2473,2,3
2474,2,4
2475,2,1
2476,2,5
2477,2,3
2478,2,4
2479,2,5
2480,2,5
2481,2,4
2482,2,3
2483,2,5
2484,2,2
2485,2,2
2486,2,5
2487,2,5
2488,2,3
2489,2,3
2490,2,1
2491,2,5
2492,2,3
2493,2,4
2494,2,1
2495,2,1
2496,2,1
2497,2,4
2498,2,3
2499,2,3
2500,2,4
2501,2,5
2502,2,5
2503,2,5
2504,2,3
2505,2,4
2506,2,4
2507,2,5
2508,2,1
2509,2,4
2510,2,4
2511,2,4
2512,2,3
2513,2,5
2514,2,5
2515,2,4
2516,2,5
2517,2,5
2518,2,5
2519,2,5
2520,2,1
2521,2,4
2522,2,1
2523,2,4
2524,2,5
2525,2,1
2526,2,5
2527,2,4
2528,2,2
2529,2,1
2530,2,1
2531,2,1
2532,2,1
2533,2,2
2534,2,1
2535,2,4
2536,2,5
2537,2,2
2538,2,1
2539,2,5
2540,2,5
2541,2,5
2542,2,3
2543,2,4
2544,2,3
2545,2,5
2546,2,3
2547,2,4
2548,2,3
2549,2,2
2550,2,4
2551,2,5
2552,2,3
2553,2,1
2554,2,5
2555,2,1
2556,2,2
2557,2,4
2558,2,4
2559,2,4
2560,2,1
2561,2,2
2562,2,1
2563,2,4
2564,2,3
2565,2,1
2566,2,4
2567,2,5
2568,2,4
2569,2,4
2570,2,5
2571,2,5
2572,2,5
2573,2,5
2574,2,4
2575,2,5
2576,2,4
2577,2,4
2578,2,3
2579,2,1
2580,2,4
2581,2,5
2582,2,3
2583,2,4
2584,2,1
2585,2,4
2586,2,4
2587,2,5
2588,2,2
2589,2,2
2590,2,2
2591,2,3
2592,2,4
2593,2,4
2594,2,1
2595,2,4
2596,2,1
2597,2,4
2598,2,1
2599,2,3
2600,2,4
2601,2,1
2602,2,5
2603,2,5
2604,2,3
2605,2,4
2606,2,3
2607,2,5
2608,2,4
2609,2,4
2610,2,5
2611,2,3
2612,2,4
2613,2,1
2614,2,3
2615,2,5
2616,2,5
2617,2,2
2618,2,4
2619,2,4
2620,2,4
2621,2,5
2622,2,3
2623,2,3
2624,2,4
2625,2,5
2626,2,4
2627,2,1
2628,2,4
2629,2,1
2630,2,1
2631,2,5
2632,2,1
2633,2,2
2634,2,1
2635,2,1
2636,2,4
2637,2,1
2638,2,1
2639,2,5
2640,2,2
2641,2,5
2642,2,3
2643,2,1
2644,2,5
2645,2,4
2646,2,3
2647,2,3
2648,2,1
2649,2,1
2650,2,2
2651,2,4
2652,2,5
2653,2,5
2654,2,5
2655,2,4
2656,2,1
2657,2,1
2658,2,5
2659,2,4
2660,2,1
2661,2,4
2662,2,1
2663,2,1
2664,2,1
2665,2,1
2666,2,1
2667,2,1
2668,2,2
2669,2,3
2670,2,3
2671,2,5
2672,2,5
2673,2,2
2674,2,2
2675,2,3
2676,2,3
2677,2,5
2678,2,4
2679,2,4
2680,2,3
2681,2,4
2682,2,1
2683,2,3
2684,2,1
2685,2,1
2686,2,4
2687,2,5
2688,2,5
2689,2,1
2690,2,1
2691,2,4
2692,2,1
2693,2,3
2694,2,3
2695,2,1
2696,2,1
2697,2,1
2698,2,5
2699,2,1
2700,2,2
2701,2,2
2702,2,4
2703,2,4
2704,2,5
2705,2,4
2706,2,5
2707,2,1
2708,2,5
2709,2,5
2710,2,5
2711,2,4
2712,2,4
2713,2,4
2714,2,3
2715,2,5
2716,2,4
2717,2,5
2718,2,4
2719,2,4
2720,2,5
2721,2,4
2722,2,5
2723,2,4
2724,2,5
2725,2,1
2726,2,5
2727,2,4
2728,2,4
2729,2,1
2730,2,5
2731,2,4
2732,2,3
2733,2,1
2734,2,1
2735,2,5
2736,2,3
2737,2,3
2738,2,1
2739,2,5
2740,2,3
2741,2,3
2742,2,5
2743,2,4
2744,2,5
2745,2,2
2746,2,4
2747,2,2
2748,2,5
2749,2,5
2750,2,5
2751,2,4
2752,2,5
2753,2,4
2754,2,4
2755,2,3
2756,2,3
2757,2,4
2758,2,3
2759,2,3
2760,2,1
2761,2,1
2762,2,4
2763,2,3
2764,2,5
2765,2,4
2766,2,1
2767,2,4
2768,2,4
2769,2,2
2770,2,5
2771,2,1
2772,2,2
2773,2,1
2774,2,5
2775,2,2
2776,2,5
2777,2,3
2778,2,4
2779,2,3
2780,2,3
2781,2,3
2782,2,4
2783,2,3
2784,2,4
2785,2,3
2786,2,5
2787,2,5
2788,2,5
2789,2,5
2790,2,1
2791,2,3
2792,2,3
2793,2,3
2794,2,1
2795,2,1
2796,2,4
2797,2,1
2798,2,4
2799,2,4
2800,2,1
2801,2,4
2802,2,5
2803,2,5
2804,2,5
2805,2,4
2806,2,3
2807,2,4
2808,2,4
2809,2,3
2810,2,4
2811,2,3
2812,2,5
2813,2,5
2814,2,5
2815,2,5
2816,2,4
2817,2,3
2818,2,4
2819,2,3
2820,2,5
2821,2,4
2822,2,5
2823,2,2
2824,2,5
2825,2,5
2826,2,3
2827,2,1
2828,2,4
2829,2,5
2830,2,1
2831,2,4
2832,2,5
2833,2,1
2834,2,1
2835,2,1
2836,2,1
2837,2,3
2838,2,1
2839,2,4
2840,2,1
2841,2,5
2842,2,5
2843,2,5
2844,2,5
2845,2,4
2846,2,5
2847,2,5
2848,2,3
2849,2,4
2850,2,3
2851,2,4
2852,2,5
2853,2,2
2854,2,4
2855,2,2
2856,2,1
2857,2,4
2858,2,2
2859,2,1
2860,2,5
2861,2,1
2862,2,1
2863,2,1
2864,2,5
2865,2,1
2866,2,4
2867,2,1
2868,2,4
2869,2,1
2870,2,1
2871,2,5
2872,2,4
2873,2,1
2874,2,4
2875,2,3
2876,2,3
2877,2,3
2878,2,3
2879,2,3
2880,2,3
2881,2,4
2882,2,3
2883,2,4
2884,2,3
2885,2,5
2886,2,4
2887,2,5
2888,2,4
2889,2,4
2890,2,5
2891,2,3
2892,2,4
2893,2,5
2894,2,5
2895,2,1
2896,2,1
2897,2,4
2898,2,4
2899,2,3
2900,2,3
2901,2,4
2902,2,4
2903,2,5
2904,2,1
2905,2,4
2906,2,2
2907,2,1
2908,2,1
2909,2,1
2910,2,2
2911,2,4
2912,2,3
2913,2,5
2914,2,1
2915,2,3
2916,2,3
2917,2,1
2918,2,5
2919,2,4
2920,2,5
2921,2,4
2922,2,3
2923,2,4
2924,2,2
2925,2,1
2926,2,4
2927,2,3
2928,2,1
2929,2,3
2930,2,5
2931,2,4
2932,2,5
2933,2,5
2934,2,4
2935,2,5
2936,2,2
2937,2,1
2938,2,5
2939,2,5
2940,2,5
2941,2,4
2942,2,2
2943,2,2
2944,2,3
2945,2,5
2946,2,5
2947,2,4
2948,2,1
2949,2,1
2950,2,3
2951,2,1
2952,2,1
2953,2,1
2954,2,2
2955,2,4
2956,2,1
2957,2,3
2958,2,5
2959,2,5
2960,2,4
2961,2,4
2962,2,5
2963,2,5
2964,2,2
2965,2,5
2966,2,2
2967,2,2
2968,2,4
2969,2,5
2970,2,3
2971,2,5
2972,2,3
2973,2,3
2974,2,5
2975,2,1
2976,2,3
2977,2,5
2978,2,2
2979,2,4
2980,2,1
2981,2,3
2982,2,1
2983,2,1
2984,2,2
2985,2,5
2986,2,1
2987,2,1
2988,2,4
2989,2,1
2990,2,1
2991,2,3
2992,2,3
2993,2,2
2994,2,2
2995,2,3
2996,2,5
2997,2,5
2998,2,1
2999,2,5
3000,2,5
3001,2,3
3002,2,4
3003,2,1
3004,2,3
3005,2,5
3006,2,5
3007,2,1
3008,2,1
3009,2,1
3010,2,1
3011,2,2
3012,2,4
3013,2,1
3014,2,1
3015,2,1
3016,2,5
3017,2,5
3018,2,1
3019,2,5
3020,2,5
3021,2,3
3022,2,4
3023,2,5
3024,2,4
3025,2,4
3026,2,4
3027,2,3
3028,2,3
3029,2,4
3030,2,3
3031,2,5
3032,2,3
3033,2,5
3034,2,4
3035,2,4
3036,2,1
3037,2,2
3038,2,2
3039,2,1
3040,2,1
3041,2,1
3042,2,1
3043,2,4
3044,2,1
3045,2,1
3046,2,4
3047,2,1
3048,2,1
3049,2,4
3050,2,1
3051,2,4
3052,2,5
3053,2,4
3054,2,1
3055,2,4
3056,2,1
3057,2,5
3058,2,2
3059,2,5
3060,2,2
3061,2,4
3062,2,4
3063,2,4
3064,2,4
3065,2,5
3066,2,3
3067,2,4
3068,2,5
3069,2,4
3070,2,4
3071,2,3
3072,2,3
3073,2,5
3074,2,4
3075,2,4
3076,2,4
3077,2,1
3078,2,3
3079,2,1
3080,2,3
3081,2,3
3082,2,1
3083,2,2
3084,2,3
3085,2,1
3086,2,4
3087,2,1
3088,2,1
3089,2,3
3090,2,1
3091,2,1
3092,2,4
3093,2,1
3094,2,1
3095,2,1
3096,2,3
3097,2,1
3098,2,1
3099,2,4
3100,2,2
3101,2,5
3102,2,1
3103,2,4
3104,2,3
3105,2,5
3106,2,2
3107,2,5
3108,2,3
3109,2,3
3110,2,1
3111,2,4
3112,2,5
3113,2,3
3114,2,5
3115,2,5
3116,2,4
3117,2,5
3118,2,4
3119,2,4
3120,2,3
3121,2,1
3122,2,5
3123,2,5
3124,2,1
3125,2,3
3126,2,3
3127,2,3
3128,2,3
3129,2,5
3130,2,4
3131,2,4
3132,2,4
3133,2,1
3134,2,1
3135,2,4
3136,2,1
3137,2,1
3138,2,2
3139,2,4
3140,2,4
3141,2,4
3142,2,5
3143,2,1
3144,2,4
3145,2,4
3146,2,1
3147,2,3
3148,2,5
3149,2,4
3150,2,4
3151,2,3
3152,2,5
3153,2,2
3154,2,5
3155,2,4
3156,2,5
3157,2,5
3158,2,5
3159,2,5
3160,2,5
3161,2,5
3162,2,5
3163,2,4
3164,2,1
3165,2,1
3166,2,3
3167,2,2
3168,2,3
3169,2,3
3170,2,4
3171,2,1
3172,2,1
3173,2,4
3174,2,1
3175,2,2
3176,2,5
3177,2,3
3178,2,2
3179,2,3
3180,2,5
3181,2,1
3182,2,3
3183,2,2
3184,2,5
3185,2,3
3186,2,4
3187,2,3
3188,2,4
3189,2,5
3190,2,5
3191,2,5
3192,2,5
3193,2,5
3194,2,2
3195,2,5
3196,2,1
3197,2,4
3198,2,5
3199,2,4
3200,2,5
3201,2,4
3202,2,5
3203,2,1
3204,2,4
3205,2,4
3206,2,5
3207,2,3
3208,2,1
3209,2,4
3210,2,4
3211,2,1
3212,2,4
3213,2,1
3214,2,1
3215,2,1
3216,2,5
3217,2,3
3218,2,1
3219,2,1
3220,2,1
3221,2,2
3222,2,1
3223,2,4
3224,2,1
3225,2,5
3226,2,4
3227,2,5
3228,2,5
3229,2,4
3230,2,5
3231,2,4
3232,2,1
3233,2,3
3234,2,5
3235,2,5
3236,2,4
3237,2,5
3238,2,5
3239,2,3
3240,2,5
3241,2,4
3242,2,4
3243,2,5
3244,2,4
3245,2,1
3246,2,3
3247,2,5
3248,2,1
3249,2,4
3250,2,1
3251,2,1
3252,2,1
3253,2,2
3254,2,3
3255,2,1
3256,2,5
3257,2,4
3258,2,5
3259,2,5
3260,2,3
3261,2,4
3262,2,1
3263,2,5
3264,2,3
3265,2,5
3266,2,1
3267,2,5
3268,2,2
3269,2,5
3270,2,5
3271,2,5
3272,2,3
3273,2,5
3274,2,1
3275,2,5
3276,2,3
3277,2,5
3278,2,4
3279,2,4
3280,2,1
3281,2,3
3282,2,4
3283,2,4
3284,2,3
3285,2,1
3286,2,4
3287,2,2
3288,2,1
3289,2,5
3290,2,3
3291,2,1
3292,2,1
3293,2,4
3294,2,4
3295,2,1
3296,2,2
3297,2,5
3298,2,1
3299,2,1
3300,2,4
3301,2,3
3302,2,5
3303,2,4
3304,2,4
3305,2,5
3306,2,4
3307,2,5
3308,2,4
3309,2,5
3310,2,4
3311,2,3
3312,2,4
3313,2,5
3314,2,2
3315,2,4
3316,2,4
3317,2,1
3318,2,4
3319,2,1
3320,2,5
3321,2,5
3322,2,5
3323,2,2
3324,2,1
3325,2,4
3326,2,1
3327,2,4
3328,2,1
3329,2,5
3330,2,5
3331,2,4
3332,2,1
3333,2,5
3334,2,2
3335,2,1
3336,2,1
3337,2,2
3338,2,4
3339,2,3
3340,2,4
3341,2,5
3342,2,5
3343,2,3
3344,2,3
3345,2,5
3346,2,4
3347,2,4
3348,2,5
3349,2,5
3350,2,1
3351,2,4
3352,2,4
3353,2,1
3354,2,1
3355,2,2
3356,2,4
3357,2,2
3358,2,3
3359,2,4
3360,2,1
3361,2,1
3362,2,5
3363,2,2
3364,2,1
3365,2,1
3366,2,2
3367,2,4
3368,2,2
3369,2,5
3370,2,4
3371,2,1
3372,2,1
3373,2,2
3374,2,2
3375,2,4
3376,2,4
3377,2,4
3378,2,5
3379,2,2
3380,2,5
3381,2,4
3382,2,5
3383,2,4
3384,2,1
3385,2,5
3386,2,5
3387,2,1
3388,2,5
3389,2,1
3390,2,3
3391,2,3
3392,2,1
3393,2,4
3394,2,2
3395,2,1
3396,2,4
3397,2,5
3398,2,5
3399,2,1
3400,2,5
3401,2,1
3402,2,2
3403,2,2
3404,2,3
3405,2,3
3406,2,1
3407,2,1
3408,2,2
3409,2,1
3410,2,4
3411,2,5
3412,2,5
3413,2,5
3414,2,5
3415,2,5
3416,2,4
3417,2,4
3418,2,5
3419,2,5
3420,2,4
3421,2,1
3422,2,5
3423,2,4
3424,2,4
3425,2,3
3426,2,3
3427,2,3
3428,2,5
3429,2,3
3430,2,1
3431,2,5
3432,2,1
3433,2,1
3434,2,5
3435,2,1
3436,2,3
3437,2,1
3438,2,1
3439,2,1
3440,2,1
3441,2,4
3442,2,5
3443,2,4
3444,2,4
3445,2,2
3446,2,3
3447,2,5
3448,2,3
3449,2,3
3450,2,4
3451,2,2
3452,2,5
3453,2,4
3454,2,4
3455,2,4
3456,2,5
3457,2,4
3458,2,4
3459,2,5
3460,2,4
3461,2,5
3462,2,3
3463,2,3
3464,2,4
3465,2,4
3466,2,3
3467,2,1
3468,2,4
3469,2,4
3470,2,5
3471,2,5
3472,2,1
3473,2,1
3474,2,1
3475,2,1
3476,2,2
3477,2,1
3478,2,1
3479,2,4
3480,2,3
3481,2,1
3482,2,2
3483,2,5
3484,2,5
3485,2,4
3486,2,5
3487,2,4
3488,2,2
3489,2,5
3490,2,5
3491,2,4
3492,2,4
3493,2,4
3494,2,5
3495,2,4
3496,2,5
3497,2,3
3498,2,5
3499,2,3
3500,2,4
3501,2,4
3502,2,3
3503,2,3
3504,2,1
3505,2,4
3506,2,4
3507,2,1
3508,2,1
3509,2,5
3510,2,2
3511,2,4
3512,2,1
3513,2,4
3514,2,4
3515,2,2
3516,2,1
3517,2,1
3518,2,1
3519,2,2
3520,2,3
3521,2,1
3522,2,4
3523,2,4
3524,2,3
3525,2,1
3526,2,3
3527,2,5
3528,2,5
3529,2,2
3530,2,5
3531,2,4
3532,2,2
3533,2,3
3534,2,4
3535,2,4
3536,2,3
3537,2,3
3538,2,4
3539,2,2
3540,2,3
3541,2,1
3542,2,3
3543,2,4
3544,2,1
3545,2,1
3546,2,1
3547,2,3
3548,2,4
3549,2,4
3550,2,4
3551,2,4
3552,2,1
3553,2,1
3554,2,4
3555,2,5
3556,2,4
3557,2,1
3558,2,5
3559,2,4
3560,2,5
3561,2,3
3562,2,4
3563,2,4
3564,2,5
3565,2,4
3566,2,5
3567,2,5
3568,2,4
3569,2,4
3570,2,5
3571,2,4
3572,2,3
3573,2,5
3574,2,1
3575,2,2
3576,2,3
3577,2,1
3578,2,3
3579,2,4
3580,2,5
3581,2,3
3582,2,1
3583,2,2
3584,2,3
3585,2,1
3586,2,1
3587,2,4
3588,2,4
3589,2,2
3590,2,1
3591,2,2
3592,2,5
3593,2,3
3594,2,4
3595,2,4
3596,2,5
3597,2,2
3598,2,5
3599,2,3
3600,2,3
3601,2,5
3602,2,4
3603,2,4
3604,2,1
3605,2,3
3606,2,5
3607,2,5
3608,2,4
3609,2,5
3610,2,5
3611,2,1
3612,2,1
3613,2,1
3614,2,2
3615,2,1
3616,2,4
3617,2,1
3618,2,1
3619,2,1
3620,2,3
3621,2,1
3622,2,1
3623,2,4
3624,2,5
3625,2,2
3626,2,5
3627,2,2
3628,2,5
3629,2,5
3630,2,4
3631,2,5
3632,2,5
3633,2,1
3634,2,4
3635,2,5
3636,2,3
3637,2,4
3638,2,3
3639,2,5
3640,2,1
3641,2,4
3642,2,5
3643,2,2
3644,2,2
3645,2,1
3646,2,3
3647,2,3
3648,2,3
3649,2,3
3650,2,2
3651,2,5
3652,2,2
3653,2,3
3654,2,4
3655,2,1
3656,2,1
3657,2,3
3658,2,4
3659,2,4
3660,2,4
3661,2,4
3662,2,5
3663,2,2
3664,2,2
3665,2,5
3666,2,3
3667,2,3
3668,2,3
3669,2,5
3670,2,4
3671,2,4
3672,2,5
3673,2,5
3674,2,2
3675,2,5
3676,2,1
3677,2,2
3678,2,5
3679,2,5
3680,2,3
3681,2,1
3682,2,3
3683,2,1
3684,2,5
3685,2,1
3686,2,1
3687,2,4
3688,2,4
3689,2,4
3690,2,1
3691,2,2
3692,2,1
3693,2,5
3694,2,5
3695,2,5
3696,2,3
3697,2,3
3698,2,4
3699,2,5
3700,2,4
3701,2,3
3702,2,5
3703,2,1
3704,2,5
3705,2,5
3706,2,2
3707,2,5
3708,2,4
3709,2,5
3710,2,1
3711,2,4
3712,2,5
3713,2,5
3714,2,5
3715,2,4
3716,2,3
3717,2,5
3718,2,4
3719,2,1
3720,2,4
3721,2,1
3722,2,1
3723,2,3
3724,2,4
3725,2,1
3726,2,1
3727,2,1
3728,2,1
3729,2,1
3730,2,4
3731,2,1
3732,2,1
3733,2,2
3734,2,5
3735,2,3
3736,2,3
3737,2,1
3738,2,5
3739,2,5
3740,2,4
3741,2,5
3742,2,5
3743,2,4
3744,2,3
3745,2,4
3746,2,5
3747,2,3
3748,2,5
3749,2,1
3750,2,5
3751,2,5
3752,2,5
3753,2,3
3754,2,5
3755,2,3
3756,2,1
3757,2,1
3758,2,1
3759,2,1
3760,2,1
3761,2,4
3762,2,5
3763,2,4
3764,2,5
3765,2,1
3766,2,4
3767,2,4
3768,2,3
3769,2,4
3770,2,4
3771,2,2
3772,2,1
3773,2,4
3774,2,2
3775,2,4
3776,2,3
3777,2,4
3778,2,4
3779,2,1
3780,2,4
3781,2,1
3782,2,2
3783,2,1
3784,2,1
3785,2,5
3786,2,3
3787,2,1
3788,2,1
3789,2,4
3790,2,3
3791,2,1
3792,2,5
3793,2,1
3794,2,1
3795,2,2
3796,2,1
3797,2,2
3798,2,2
3799,2,2
3800,2,2
3801,2,1
3802,2,4
3803,2,4
3804,2,4
3805,2,3
3806,2,5
3807,2,3
3808,2,1
3809,2,3
3810,2,5
3811,2,1
3812,2,5
3813,2,5
3814,2,3
3815,2,5
3816,2,5
3817,2,5
3818,2,4
3819,2,5
3820,2,3
3821,2,5
3822,2,5
3823,2,2
3824,2,4
3825,2,3
3826,2,1
3827,2,5
3828,2,1
3829,2,4
3830,2,3
3831,2,3
3832,2,1
3833,2,1
3834,2,1
3835,2,1
3836,2,3
3837,2,5
3838,2,4
3839,2,5
3840,2,4
3841,2,4
3842,2,4
3843,2,2
3844,2,4
3845,2,2
3846,2,3
3847,2,4
3848,2,3
3849,2,5
3850,2,2
3851,2,1
3852,2,2
3853,2,1
3854,2,5
3855,2,2
3856,2,4
3857,2,5
3858,2,1
3859,2,1
3860,2,4
3861,2,1
3862,2,1
3863,2,1
3864,2,4
3865,2,1
3866,2,1
3867,2,2
3868,2,1
3869,2,3
3870,2,5
3871,2,3
3872,2,1
3873,2,3
3874,2,5
3875,2,5
3876,2,4
3877,2,1
3878,2,5
3879,2,3
3880,2,5
3881,2,3
3882,2,4
3883,2,2
3884,2,5
3885,2,4
3886,2,3
3887,2,1
3888,2,1
3889,2,5
3890,2,1
3891,2,1
3892,2,5
3893,2,1
3894,2,4
3895,2,4
3896,2,1
3897,2,1
3898,2,2
3899,2,1
3900,2,2
3901,2,3
3902,2,4
3903,2,5
3904,2,3
3905,2,4
3906,2,3
3907,2,4
3908,2,4
3909,2,5
3910,2,3
3911,2,5
3912,2,5
3913,2,3
3914,2,5
3915,2,3
3916,2,4
3917,2,5
3918,2,2
3919,2,1
3920,2,1
3921,2,4
3922,2,4
3923,2,3
3924,2,4
3925,2,2
3926,2,1
3927,2,5
3928,2,5
3929,2,3
3930,2,1
3931,2,3
3932,2,4
3933,2,2
3934,2,1
3935,2,3
3936,2,1
3937,2,3
3938,2,5
3939,2,5
3940,2,5
3941,2,4
3942,2,5
3943,2,4
3944,2,4
3945,2,5
3946,2,2
3947,2,2
3948,2,5
3949,2,1
3950,2,5
3951,2,1
3952,2,3
3953,2,4
3954,2,3
3955,2,1
3956,2,1
3957,2,1
3958,2,4
3959,2,2
3960,2,3
3961,2,3
3962,2,1
3963,2,5
3964,2,4
3965,2,4
3966,2,5
3967,2,5
3968,2,4
3969,2,1
3970,2,5
3971,2,4
3972,2,4
3973,2,4
3974,2,5
3975,2,5
3976,2,5
3977,2,4
3978,2,5
3979,2,4
3980,2,3
3981,2,5
3982,2,5
3983,2,1
3984,2,1
3985,2,3
3986,2,4
3987,2,3
3988,2,3
3989,2,1
3990,2,5
3991,2,5
3992,2,3
3993,2,4
3994,2,1
3995,2,1
3996,2,1
3997,2,1
3998,2,5
3999,2,2
4000,2,1
4001,2,1
4002,2,1
4003,2,3
4004,2,1
4005,2,4
4006,2,3
4007,2,4
4008,2,5
4009,2,5
4010,2,4
4011,2,5
4012,2,1
4013,2,5
4014,2,3
4015,2,4
4016,2,5
4017,2,1
4018,2,5
4019,2,5
4020,2,4
4021,2,5
4022,2,5
4023,2,1
4024,2,1
4025,2,1
4026,2,1
4027,2,2
4028,2,1
4029,2,3
4030,2,5
4031,2,1
4032,2,4
4033,2,1
4034,2,1
4035,2,4
4036,2,1
4037,2,1
4038,2,3
4039,2,4
4040,2,1
4041,2,5
4042,2,1
4043,2,4
4044,2,4
4045,2,2
4046,2,5
4047,2,5
4048,2,3
4049,2,4
4050,2,1
4051,2,4
4052,2,4
4053,2,5
4054,2,5
4055,2,4
4056,2,3
4057,2,5
4058,2,5
4059,2,4
4060,2,1
4061,2,1
4062,2,1
4063,2,4
4064,2,1
4065,2,1
4066,2,1
4067,2,2
4068,2,4
4069,2,1
4070,2,1
4071,2,4
4072,2,4
4073,2,1
4074,2,2
4075,2,3
4076,2,4
4077,2,4
4078,2,3
4079,2,3
4080,2,3
4081,2,4
4082,2,3
4083,2,5
4084,2,4
4085,2,3
4086,2,5
4087,2,3
4088,2,4
4089,2,5
4090,2,5
4091,2,4
4092,2,2
4093,2,1
4094,2,1
4095,2,4
4096,2,5
4097,2,3
4098,2,1
4099,2,1
4100,2,1
4101,2,2
4102,2,5
4103,2,4
4104,2,4
4105,2,1
4106,2,1
4107,2,4
4108,2,5
4109,2,4
4110,2,5
4111,2,5
4112,2,5
4113,2,4
4114,2,3
4115,2,3
4116,2,2
4117,2,5
4118,2,4
4119,2,4
4120,2,3
4121,2,3
4122,2,5
4123,2,3
4124,2,5
4125,2,2
4126,2,1
4127,2,4
4128,2,1
4129,2,5
4130,2,5
4131,2,4
4132,2,1
4133,2,4
4134,2,2
4135,2,2
4136,2,4
4137,2,3
4138,2,5
4139,2,1
4140,2,3
4141,2,5
4142,2,4
4143,2,4
4144,2,1
4145,2,5
4146,2,5
4147,2,2
4148,2,1
4149,2,1
4150,2,1
4151,2,2
4152,2,1
4153,2,1
4154,2,4
4155,2,5
4156,2,4
4157,2,5
4158,2,4
4159,2,5
4160,2,3
4161,2,2
4162,2,5
4163,2,5
4164,2,4
4165,2,5
4166,2,5
4167,2,5
4168,2,5
4169,2,5
4170,2,5
4171,2,5
4172,2,5
4173,2,5
4174,2,3
4175,2,5
4176,2,1
4177,2,5
4178,2,4
4179,2,1
4180,2,4
4181,2,4
4182,2,1
4183,2,4
4184,2,1
4185,2,1
4186,2,1
4187,2,1
4188,2,1
4189,2,3
4190,2,1
4191,2,5
4192,2,3
4193,2,2
4194,2,3
4195,2,3
4196,2,5
4197,2,3
4198,2,3
4199,2,5
4200,2,3
4201,2,5
4202,2,4
4203,2,5
4204,2,1
4205,2,4
4206,2,3
4207,2,4
4208,2,3
4209,2,3
4210,2,4
4211,2,4
4212,2,2
4213,2,1
4214,2,2
4215,2,2
4216,2,4
4217,2,4
4218,2,1
4219,2,1
4220,2,3
4221,2,5
4222,2,1
4223,2,5
4224,2,4
4225,2,4
4226,2,3
4227,2,4
4228,2,5
4229,2,5
4230,2,3
4231,2,2
4232,2,5
4233,2,5
4234,2,5
4235,2,5
4236,2,2
4237,2,1
4238,2,1
4239,2,4
4240,2,4
4241,2,3
4242,2,1
4243,2,4
4244,2,4
4245,2,2
4246,2,1
4247,2,1
4248,2,1
4249,2,1
4250,2,4
4251,2,1
4252,2,4
4253,2,1
4254,2,3
4255,2,1
4256,2,1
4257,2,1
4258,2,4
4259,2,4
4260,2,3
4261,2,5
4262,2,5
4263,2,5
4264,2,5
4265,2,3
4266,2,4
4267,2,3
4268,2,5
4269,2,5
4270,2,3
4271,2,5
4272,2,3
4273,2,5
4274,2,5
4275,2,5
4276,2,4
4277,2,1
4278,2,2
4279,2,4
4280,2,4
4281,2,3
4282,2,3
4283,2,1
4284,2,1
4285,2,4
4286,2,2
4287,2,1
4288,2,1
4289,2,1
4290,2,1
4291,2,3
4292,2,5
4293,2,3
4294,2,3
4295,2,4
4296,2,5
4297,2,5
4298,2,5
4299,2,3
4300,2,4
4301,2,4
4302,2,2
4303,2,3
4304,2,3
4305,2,3
4306,2,1
4307,2,4
4308,2,4
4309,2,4
4310,2,5
4311,2,4
4312,2,1
4313,2,1
4314,2,4
4315,2,3
4316,2,1
4317,2,1
4318,2,1
4319,2,1
4320,2,4
4321,2,4
4322,2,1
4323,2,1
4324,2,1
4325,2,5
4326,2,5
4327,2,3
4328,2,5
4329,2,5
4330,2,5
4331,2,1
4332,2,4
4333,2,5
4334,2,5
4335,2,5
4336,2,1
4337,2,5
4338,2,5
4339,2,3
4340,2,4
4341,2,1
4342,2,3
4343,2,1
4344,2,1
4345,2,4
4346,2,1
4347,2,1
4348,2,5
4349,2,4
4350,2,4
4351,2,5
4352,2,3
4353,2,4
4354,2,1
4355,2,1
4356,2,1
4357,2,1
4358,2,3
4359,2,4
4360,2,1
4361,2,2
4362,2,4
4363,2,1
4364,2,1
4365,2,1
4366,2,4
4367,2,3
4368,2,5
4369,2,5
4370,2,3
4371,2,4
4372,2,5
4373,2,5
4374,2,5
4375,2,2
4376,2,5
4377,2,4
4378,2,4
4379,2,5
4380,2,2
4381,2,5
4382,2,1
4383,2,3
4384,2,3
4385,2,1
4386,2,2
4387,2,5
4388,2,2
4389,2,4
4390,2,3
4391,2,1
4392,2,4
4393,2,4
4394,2,1
4395,2,1
4396,2,4
4397,2,3
4398,2,1
4399,2,1
4400,2,1
4401,2,1
4402,2,4
4403,2,1
4404,2,5
4405,2,5
4406,2,4
4407,2,4
4408,2,5
4409,2,2
4410,2,4
4411,2,5
4412,2,2
4413,2,5
4414,2,5
4415,2,5
4416,2,5
4417,2,5
4418,2,5
4419,2,5
4420,2,3
4421,2,4
4422,2,3
4423,2,1
4424,2,1
4425,2,5
4426,2,3
4427,2,4
4428,2,3
4429,2,5
4430,2,4
4431,2,5
4432,2,4
4433,2,2
4434,2,1
4435,2,1
4436,2,3
4437,2,3
4438,2,1
4439,2,1
4440,2,1
4441,2,1
4442,2,4
4443,2,2
4444,2,2
4445,2,3
4446,2,5
4447,2,4
4448,2,5
4449,2,5
4450,2,4
4451,2,5
4452,2,4
4453,2,5
4454,2,5
4455,2,3
4456,2,5
4457,2,5
4458,2,2
4459,2,5
4460,2,5
4461,2,5
4462,2,3
4463,2,1
4464,2,5
4465,2,3
4466,2,3
4467,2,4
4468,2,1
4469,2,1
4470,2,2
4471,2,1
4472,2,1
4473,2,1
4474,2,1
4475,2,4
4476,2,3
4477,2,1
4478,2,4
4479,2,5
4480,2,1
4481,2,1
4482,2,4
4483,2,3
4484,2,2
4485,2,3
4486,2,4
4487,2,5
4488,2,1
4489,2,5
4490,2,3
4491,2,4
4492,2,4
4493,2,4
4494,2,4
4495,2,3
4496,2,5
4497,2,3
4498,2,5
4499,2,5
4500,2,5
4501,2,3
4502,2,5
4503,2,5
4504,2,5
4505,2,4
4506,2,4
4507,2,5
4508,2,4
4509,2,1
4510,2,3
4511,2,5
4512,2,1
4513,2,1
4514,2,1
4515,2,1
4516,2,5
4517,2,1
4518,2,2
4519,2,1
4520,2,2
4521,2,5
4522,2,4
4523,2,1
4524,2,3
4525,2,1
4526,2,1
4527,2,1
4528,2,4
4529,2,4
4530,2,3
4531,2,5
4532,2,1
4533,2,1
4534,2,5
4535,2,4
4536,2,3
4537,2,5
4538,2,5
4539,2,4
4540,2,3
4541,2,3
4542,2,4
4543,2,3
4544,2,4
4545,2,5
4546,2,5
4547,2,3
4548,2,5
4549,2,2
4550,2,5
4551,2,2
4552,2,5
4553,2,5
4554,2,1
4555,2,4
4556,2,1
4557,2,1
4558,2,1
4559,2,1
4560,2,4
4561,2,1
4562,2,5
4563,2,5
4564,2,5
4565,2,3
4566,2,3
4567,2,5
4568,2,5
4569,2,5
4570,2,3
4571,2,3
4572,2,5
4573,2,5
4574,2,4
4575,2,4
4576,2,3
4577,2,3
4578,2,1
4579,2,5
4580,2,5
4581,2,3
4582,2,1
4583,2,5
4584,2,3
4585,2,1
4586,2,2
4587,2,1
4588,2,1
4589,2,2
4590,2,2
4591,2,4
4592,2,2
4593,2,1
4594,2,1
4595,2,4
4596,2,4
4597,2,5
4598,2,3
4599,2,5
4600,2,4
4601,2,1
4602,2,5
4603,2,5
4604,2,3
4605,2,3
4606,2,4
4607,2,5
4608,2,4
4609,2,5
4610,2,2
4611,2,5
4612,2,5
4613,2,1
4614,2,1
4615,2,1
4616,2,3
4617,2,5
4618,2,4
4619,2,3
4620,2,5
4621,2,1
4622,2,1
4623,2,1
4624,2,1
4625,2,5
4626,2,5
4627,2,2
4628,2,1
4629,2,4
4630,2,1
4631,2,5
4632,2,2
4633,2,5
4634,2,1
4635,2,3
4636,2,5
4637,2,3
4638,2,3
4639,2,5
4640,2,5
4641,2,4
4642,2,5
4643,2,5
4644,2,2
4645,2,5
4646,2,5
4647,2,4
4648,2,1
4649,2,1
4650,2,2
4651,2,5
4652,2,5
4653,2,4
4654,2,1
4655,2,1
4656,2,1
4657,2,5
4658,2,4
4659,2,4
4660,2,1
4661,2,5
4662,2,4
4663,2,1
4664,2,2
4665,2,1
4666,2,5
4667,2,5
4668,2,4
4669,2,3
4670,2,5
4671,2,3
4672,2,5
4673,2,3
4674,2,2
4675,2,4
4676,2,4
4677,2,4
4678,2,5
4679,2,5
4680,2,4
4681,2,4
4682,2,5
4683,2,4
4684,2,2
4685,2,2
4686,2,4
4687,2,1
4688,2,4
4689,2,1
4690,2,4
4691,2,1
4692,2,4
4693,2,4
4694,2,1
4695,2,4
4696,2,3
4697,2,2
4698,2,3
4699,2,1
4700,2,3
4701,2,2
4702,2,4
4703,2,1
4704,2,1
4705,2,1
4706,2,1
4707,2,3
4708,2,1
4709,2,1
4710,2,3
4711,2,1
4712,2,5
4713,2,5
4714,2,5
4715,2,4
4716,2,5
4717,2,5
4718,2,5
4719,2,5
4720,2,5
4721,2,4
4722,2,5
4723,2,3
4724,2,5
4725,2,1
4726,2,1
4727,2,3
4728,2,3
4729,2,5
4730,2,3
4731,2,5
4732,2,2
4733,2,4
4734,2,3
4735,2,1
4736,2,2
4737,2,1
4738,2,1
4739,2,1
4740,2,1
4741,2,5
4742,2,5
4743,2,5
4744,2,4
4745,2,4
4746,2,4
4747,2,1
4748,2,3
4749,2,1
4750,2,5
4751,2,4
4752,2,5
4753,2,5
4754,2,5
4755,2,4
4756,2,5
4757,2,4
4758,2,1
4759,2,3
4760,2,5
4761,2,3
4762,2,1
4763,2,4
4764,2,1
4765,2,2
4766,2,3
4767,2,4
4768,2,1
4769,2,1
4770,2,5
4771,2,1
4772,2,1
4773,2,1
4774,2,1
4775,2,4
4776,2,1
4777,2,5
4778,2,3
4779,2,1
4780,2,4
4781,2,5
4782,2,3
4783,2,4
4784,2,4
4785,2,4
4786,2,5
4787,2,5
4788,2,3
4789,2,2
4790,2,5
4791,2,5
4792,2,4
4793,2,3
4794,2,4
4795,2,5
4796,2,3
4797,2,5
4798,2,4
4799,2,3
4800,2,4
4801,2,4
4802,2,1
4803,2,1
4804,2,2
4805,2,5
4806,2,4
4807,2,3
4808,2,5
4809,2,4
4810,2,1
4811,2,1
4812,2,4
4813,2,4
4814,2,4
4815,2,1
4816,2,1
4817,2,3
4818,2,3
4819,2,4
4820,2,4
4821,2,4
4822,2,5
4823,2,3
4824,2,5
4825,2,5
4826,2,5
4827,2,1
4828,2,4
4829,2,2
4830,2,4
4831,2,5
4832,2,5
4833,2,5
4834,2,3
4835,2,5
4836,2,3
4837,2,4
4838,2,1
4839,2,3
4840,2,3
4841,2,4
4842,2,3
4843,2,3
4844,2,5
4845,2,5
4846,2,2
4847,2,4
4848,2,2
4849,2,4
4850,2,4
4851,2,1
4852,2,1
4853,2,1
4854,2,1
4855,2,4
4856,2,1
4857,2,1
4858,2,4
4859,2,3
4860,2,5
4861,2,4
4862,2,5
4863,2,4
4864,2,3
4865,2,4
4866,2,4
4867,2,5
4868,2,5
4869,2,4
4870,2,1
4871,2,5
4872,2,5
4873,2,5
4874,2,3
4875,2,3
4876,2,5
4877,2,4
4878,2,3
4879,2,5
4880,2,5
4881,2,5
4882,2,3
4883,2,1
4884,2,5
4885,2,3
4886,2,5
4887,2,1
4888,2,1
4889,2,4
4890,2,1
4891,2,1
4892,2,1
4893,2,5
4894,2,2
4895,2,4
4896,2,4
4897,2,5
4898,2,5
4899,2,3
4900,2,5
4901,2,4
4902,2,3
4903,2,5
4904,2,5
4905,2,4
4906,2,5
4907,2,5
4908,2,5
4909,2,5
4910,2,5
4911,2,2
4912,2,1
4913,2,4
4914,2,1
4915,2,1
4916,2,1
4917,2,3
4918,2,4
4919,2,5
4920,2,2
4921,2,3
4922,2,4
4923,2,2
4924,2,1
4925,2,5
4926,2,3
4927,2,5
4928,2,4
4929,2,4
4930,2,4
4931,2,4
4932,2,5
4933,2,5
4934,2,5
4935,2,5
4936,2,1
4937,2,4
4938,2,3
4939,2,5
4940,2,5
4941,2,4
4942,2,5
4943,2,3
4944,2,4
4945,2,5
4946,2,4
4947,2,3
4948,2,1
4949,2,4
4950,2,4
4951,2,1
4952,2,3
4953,2,4
4954,2,1
4955,2,3
4956,2,5
4957,2,3
4958,2,2
4959,2,2
4960,2,5
4961,2,5
4962,2,4
4963,2,5
4964,2,3
4965,2,4
4966,2,4
4967,2,5
4968,2,5
4969,2,4
4970,2,2
4971,2,2
4972,2,5
4973,2,5
4974,2,2
4975,2,4
4976,2,5
4977,2,1
4978,2,3
4979,2,3
4980,2,1
4981,2,2
4982,2,5
4983,2,4
4984,2,1
4985,2,4
4986,2,5
4987,2,4
4988,2,1
4989,2,3
4990,2,5
4991,2,5
4992,2,4
4993,2,5
4994,2,2
4995,2,4
4996,2,5
4997,2,3
4998,2,4
4999,2,4
5000,2,5
5001,2,2
5002,2,5
5003,2,5
5004,2,5
5005,2,3
5006,2,4
5007,2,5
5008,2,4
5009,2,4
5010,2,5
5011,2,3
5012,2,3
5013,2,2
5014,2,1
5015,2,1
5016,2,1
5017,2,1
5018,2,3
5019,2,5
5020,2,4
5021,2,4
5022,2,1
5023,2,3
5024,2,5
5025,2,5
5026,2,5
5027,2,2
5028,2,1
5029,2,5
5030,2,5
5031,2,4
5032,2,5
5033,2,1
5034,2,4
5035,2,3
5036,2,4
5037,2,5
5038,2,3
5039,2,4
5040,2,1
5041,2,4
5042,2,4
5043,2,2
5044,2,1
5045,2,1
5046,2,5
5047,2,4
5048,2,4
5049,2,2
5050,2,1
5051,2,3
5052,2,4
5053,2,1
5054,2,1
5055,2,4
5056,2,1
5057,2,1
5058,2,4
5059,2,1
5060,2,1
5061,2,1
5062,2,4
5063,2,1
5064,2,5
5065,2,3
5066,2,5
5067,2,3
5068,2,5
5069,2,5
5070,2,2
5071,2,5
5072,2,5
5073,2,5
5074,2,5
5075,2,2
5076,2,5
5077,2,5
5078,2,4
5079,2,4
5080,2,4
5081,2,5
5082,2,5
5083,2,1
5084,2,5
5085,2,3
5086,2,4
5087,2,4
5088,2,2
5089,2,4
5090,2,2
5091,2,4
5092,2,1
5093,2,1
5094,2,1
5095,2,2
5096,2,4
5097,2,5
5098,2,4
5099,2,1
5100,2,1
5101,2,5
5102,2,4
5103,2,5
5104,2,5
5105,2,5
5106,2,4
5107,2,4
5108,2,4
5109,2,1
5110,2,1
5111,2,3
5112,2,5
5113,2,3
5114,2,4
5115,2,1
5116,2,1
5117,2,2
5118,2,3
5119,2,5
5120,2,5
5121,2,2
5122,2,3
5123,2,4
5124,2,1
5125,2,4
5126,2,1
5127,2,1
5128,2,2
5129,2,1
5130,2,4
5131,2,1
5132,2,4
5133,2,4
5134,2,2
5135,2,5
5136,2,1
5137,2,2
5138,2,2
5139,2,3
5140,2,3
5141,2,5
5142,2,2
5143,2,5
5144,2,4
5145,2,4
5146,2,1
5147,2,3
5148,2,4
5149,2,3
5150,2,1
5151,2,4
5152,2,3
5153,2,3
5154,2,3
5155,2,1
5156,2,5
5157,2,4
5158,2,5
5159,2,4
5160,2,1
5161,2,1
5162,2,1
5163,2,5
5164,2,1
5165,2,4
5166,2,2
5167,2,5
5168,2,5
5169,2,3
5170,2,5
5171,2,5
5172,2,5
5173,2,5
5174,2,4
5175,2,4
5176,2,5
5177,2,5
5178,2,3
5179,2,5
5180,2,5
5181,2,4
5182,2,5
5183,2,5
5184,2,5
5185,2,4
5186,2,5
5187,2,5
5188,2,3
5189,2,4
5190,2,5
5191,2,5
5192,2,3
5193,2,4
5194,2,1
5195,2,4
5196,2,1
5197,2,5
5198,2,4
5199,2,4
5200,2,4
5201,2,1
5202,2,2
5203,2,3
5204,2,3
5205,2,2
5206,2,2
5207,2,2
5208,2,4
5209,2,3
5210,2,3
5211,2,4
5212,2,5
5213,2,1
5214,2,5
5215,2,2
5216,2,4
5217,2,5
5218,2,5
5219,2,1
5220,2,5
5221,2,2
5222,2,5
5223,2,1
5224,2,5
5225,2,3
5226,2,5
5227,2,4
5228,2,5
5229,2,1
5230,2,2
5231,2,4
5232,2,1
5233,2,5
5234,2,1
5235,2,3
5236,2,5
5237,2,1
5238,2,1
5239,2,4
5240,2,4
5241,2,4
5242,2,3
5243,2,1
5244,2,1
5245,2,3
5246,2,1
5247,2,1
5248,2,1
5249,2,4
5250,2,2
5251,2,4
5252,2,4
5253,2,5
5254,2,1
5255,2,5
5256,2,5
5257,2,5
5258,2,4
5259,2,4
5260,2,5
5261,2,4
5262,2,3
5263,2,5
5264,2,4
5265,2,1
5266,2,1
5267,2,1
5268,2,1
5269,2,4
5270,2,1
5271,2,1
5272,2,4
5273,2,1
5274,2,4
5275,2,1
5276,2,1
5277,2,2
5278,2,5
5279,2,3
5280,2,5
5281,2,4
5282,2,5
5283,2,5
5284,2,5
5285,2,5
5286,2,3
5287,2,2
5288,2,5
5289,2,5
5290,2,5
5291,2,4
5292,2,2
5293,2,4
5294,2,5
5295,2,5
5296,2,5
5297,2,1
5298,2,1
5299,2,5
5300,2,4
5301,2,4
5302,2,1
5303,2,4
5304,2,3
5305,2,1
5306,2,1
5307,2,4
5308,2,2
5309,2,1
5310,2,1
5311,2,5
5312,2,5
5313,2,5
5314,2,5
5315,2,2
5316,2,3
5317,2,1
5318,2,3
5319,2,5
5320,2,4
5321,2,4
5322,2,5
5323,2,4
5324,2,1
5325,2,5
5326,2,3
5327,2,1
5328,2,2
5329,2,4
5330,2,1
5331,2,1
5332,2,5
5333,2,2
5334,2,4
5335,2,3
5336,2,5
5337,2,3
5338,2,5
5339,2,4
5340,2,3
5341,2,1
5342,2,5
5343,2,5
5344,2,5
5345,2,3
5346,2,4
5347,2,3
5348,2,4
5349,2,5
5350,2,5
5351,2,3
5352,2,3
5353,2,3
5354,2,4
5355,2,1
5356,2,1
5357,2,4
5358,2,4
5359,2,2
5360,2,3
5361,2,2
5362,2,1
5363,2,5
5364,2,4
5365,2,5
5366,2,5
5367,2,5
5368,2,5
5369,2,4
5370,2,3
5371,2,5
5372,2,5
5373,2,1
5374,2,1
5375,2,3
5376,2,1
5377,2,1
5378,2,4
5379,2,4
5380,2,5
5381,2,4
5382,2,1
5383,2,4
5384,2,4
5385,2,1
5386,2,3
5387,2,4
5388,2,1
5389,2,2
5390,2,4
5391,2,1
5392,2,5
5393,2,4
5394,2,1
5395,2,1
5396,2,1
5397,2,5
5398,2,5
5399,2,5
5400,2,5
5401,2,5
5402,2,5
5403,2,5
5404,2,5
5405,2,5
5406,2,1
5407,2,4
5408,2,3
5409,2,4
5410,2,1
5411,2,5
5412,2,4
5413,2,1
5414,2,2
5415,2,2
5416,2,4
5417,2,1
5418,2,1
5419,2,1
5420,2,2
5421,2,5
5422,2,5
5423,2,4
5424,2,5
5425,2,4
5426,2,5
5427,2,1
5428,2,2
5429,2,4
5430,2,3
5431,2,5
5432,2,5
5433,2,3
5434,2,5
5435,2,4
5436,2,3
5437,2,1
5438,2,2
5439,2,3
5440,2,4
5441,2,4
5442,2,1
5443,2,4
5444,2,4
5445,2,1
5446,2,2
5447,2,5
5448,2,3
5449,2,5
5450,2,3
5451,2,2
5452,2,1
5453,2,1
5454,2,4
5455,2,1
5456,2,1
5457,2,5
5458,2,1
5459,2,4
5460,2,4
5461,2,4
5462,2,4
5463,2,5
5464,2,5
5465,2,3
5466,2,5
5467,2,2
5468,2,4
5469,2,3
5470,2,5
5471,2,4
5472,2,1
5473,2,4
5474,2,3
5475,2,4
5476,2,1
5477,2,4
5478,2,1
5479,2,1
5480,2,3
5481,2,2
5482,2,4
5483,2,4
5484,2,1
5485,2,1
5486,2,4
5487,2,4
5488,2,1
5489,2,2
5490,2,1
5491,2,2
5492,2,1
5493,2,4
5494,2,3
5495,2,3
5496,2,1
5497,2,5
5498,2,5
5499,2,4
5500,2,4
5501,2,5
5502,2,3
5503,2,1
5504,2,5
5505,2,3
5506,2,4
5507,2,5
5508,2,1
5509,2,5
5510,2,1
5511,2,2
5512,2,1
5513,2,4
5514,2,5
5515,2,5
5516,2,1
5517,2,1
5518,2,5
5519,2,2
5520,2,4
5521,2,1
5522,2,5
5523,2,4
5524,2,4
5525,2,4
5526,2,3
5527,2,5
5528,2,5
5529,2,4
5530,2,5
5531,2,5
5532,2,3
5533,2,5
5534,2,3
5535,2,3
5536,2,4
5537,2,5
5538,2,3
5539,2,5
5540,2,5
5541,2,2
5542,2,4
5543,2,1
5544,2,5
5545,2,2
5546,2,2
5547,2,1
5548,2,5
5549,2,5
5550,2,5
5551,2,3
5552,2,3
5553,2,3
5554,2,1
5555,2,1
5556,2,1
5557,2,3
5558,2,4
5559,2,1
5560,2,1
5561,2,1
5562,2,4
5563,2,3
5564,2,2
5565,2,1
5566,2,1
5567,2,2
5568,2,2
5569,2,5
5570,2,3
5571,2,5
5572,2,5
5573,2,4
5574,2,3
5575,2,2
5576,2,4
5577,2,4
5578,2,3
5579,2,5
5580,2,4
5581,2,3
5582,2,1
5583,2,3
5584,2,5
5585,2,2
5586,2,1
5587,2,3
5588,2,3
5589,2,4
5590,2,2
5591,2,2
5592,2,3
5593,2,4
5594,2,1
5595,2,1
5596,2,1
5597,2,2
5598,2,2
5599,2,5
5600,2,2
5601,2,1
5602,2,5
5603,2,5
5604,2,5
5605,2,4
5606,2,5
5607,2,3
5608,2,4
5609,2,5
5610,2,1
5611,2,2
5612,2,3
5613,2,4
5614,2,4
5615,2,4
5616,2,5
5617,2,2
5618,2,4
5619,2,1
5620,2,1
5621,2,1
5622,2,2
5623,2,4
5624,2,1
5625,2,1
5626,2,1
5627,2,1
5628,2,4
5629,2,3
5630,2,5
5631,2,2
5632,2,4
5633,2,1
5634,2,5
5635,2,5
5636,2,3
5637,2,3
5638,2,4
5639,2,4
5640,2,4
5641,2,3
5642,2,4
5643,2,4
5644,2,5
5645,2,3
5646,2,5
5647,2,5
5648,2,1
5649,2,3
5650,2,1
5651,2,2
5652,2,3
5653,2,1
5654,2,3
5655,2,4
5656,2,1
5657,2,3
5658,2,4
5659,2,1
5660,2,2
5661,2,1
5662,2,1
5663,2,1
5664,2,1
5665,2,1
5666,2,1
5667,2,1
5668,2,4
5669,2,1
5670,2,4
5671,2,2
5672,2,5
5673,2,5
5674,2,5
5675,2,5
5676,2,3
5677,2,4
5678,2,2
5679,2,4
5680,2,5
5681,2,3
5682,2,2
5683,2,5
5684,2,5
5685,2,1
5686,2,4
5687,2,5
5688,2,4
5689,2,3
5690,2,1
5691,2,4
5692,2,1
5693,2,5
5694,2,1
5695,2,4
5696,2,1
5697,2,1
5698,2,2
5699,2,5
5700,2,5
5701,2,4
5702,2,4
5703,2,5
5704,2,2
5705,2,4
5706,2,1
5707,2,4
5708,2,5
5709,2,4
5710,2,4
5711,2,5
5712,2,1
5713,2,3
5714,2,5
5715,2,5
5716,2,5
5717,2,1
5718,2,5
5719,2,3
5720,2,4
5721,2,2
5722,2,5
5723,2,5
5724,2,1
5725,2,4
5726,2,1
5727,2,5
5728,2,1
5729,2,1
5730,2,5
5731,2,4
5732,2,4
5733,2,5
5734,2,4
5735,2,2
5736,2,1
5737,2,1
5738,2,4
5739,2,5
5740,2,1
5741,2,5
5742,2,4
5743,2,1
5744,2,1
5745,2,4
5746,2,5
5747,2,5
5748,2,5
5749,2,5
5750,2,4
5751,2,3
5752,2,1
5753,2,3
5754,2,4
5755,2,5
5756,2,5
5757,2,5
5758,2,3
5759,2,5
5760,2,2
5761,2,4
5762,2,4
5763,2,4
5764,2,4
5765,2,4
5766,2,1
5767,2,1
5768,2,1
5769,2,4
5770,2,5
5771,2,4
5772,2,3
5773,2,4
5774,2,3
5775,2,4
5776,2,1
5777,2,3
5778,2,1
5779,2,2
5780,2,4
5781,2,1
5782,2,5
5783,2,3
5784,2,3
5785,2,5
5786,2,3
5787,2,5
5788,2,1
5789,2,5
5790,2,5
5791,2,2
5792,2,5
5793,2,5
5794,2,3
5795,2,5
5796,2,4
5797,2,5
5798,2,2
5799,2,5
5800,2,4
5801,2,1
5802,2,5
5803,2,5
5804,2,1
5805,2,3
5806,2,4
5807,2,1
5808,2,1
5809,2,4
5810,2,1
5811,2,4
5812,2,2
5813,2,1
5814,2,3
5815,2,4
5816,2,2
5817,2,4
5818,2,5
5819,2,2
5820,2,4
5821,2,3
5822,2,4
5823,2,5
5824,2,3
5825,2,3
5826,2,4
5827,2,5
5828,2,5
5829,2,1
5830,2,4
5831,2,4
5832,2,1
5833,2,2
5834,2,5
5835,2,3
5836,2,4
5837,2,1
5838,2,1
5839,2,1
5840,2,1
5841,2,1
5842,2,1
5843,2,4
5844,2,3
5845,2,1
5846,2,3
5847,2,1
5848,2,4
5849,2,5
5850,2,5
5851,2,4
5852,2,3
5853,2,3
5854,2,3
5855,2,4
5856,2,4
5857,2,4
5858,2,5
5859,2,5
5860,2,4
5861,2,3
5862,2,5
5863,2,5
5864,2,1
5865,2,5
5866,2,5
5867,2,4
5868,2,4
5869,2,5
5870,2,1
5871,2,4
5872,2,5
5873,2,5
5874,2,1
5875,2,4
5876,2,4
5877,2,1
5878,2,4
5879,2,4
5880,2,4
5881,2,1
5882,2,3
5883,2,4
5884,2,1
5885,2,1
5886,2,5
5887,2,3
5888,2,1
5889,2,1
5890,2,1
5891,2,1
5892,2,1
5893,2,1
5894,2,4
5895,2,5
5896,2,1
5897,2,4
5898,2,4
5899,2,5
5900,2,3
5901,2,3
5902,2,3
5903,2,5
5904,2,4
5905,2,5
5906,2,4
5907,2,5
5908,2,4
5909,2,4
5910,2,3
5911,2,3
5912,2,4
5913,2,5
5914,2,5
5915,2,3
5916,2,5
5917,2,4
5918,2,1
5919,2,5
5920,2,2
5921,2,1
5922,2,1
5923,2,4
5924,2,5
5925,2,5
5926,2,1
5927,2,5
5928,2,4
5929,2,1
5930,2,2
5931,2,4
5932,2,1
5933,2,4
5934,2,1
5935,2,1
5936,2,1
5937,2,4
5938,2,1
5939,2,1
5940,2,3
5941,2,1
5942,2,5
5943,2,5
5944,2,5
5945,2,3
5946,2,5
5947,2,5
5948,2,3
5949,2,4
5950,2,5
5951,2,5
5952,2,3
5953,2,3
5954,2,5
5955,2,4
5956,2,3
5957,2,5
5958,2,1
5959,2,3
5960,2,1
5961,2,1
5962,2,1
5963,2,2
5964,2,3
5965,2,3
5966,2,1
5967,2,4
5968,2,4
5969,2,1
5970,2,4
5971,2,1
5972,2,4
5973,2,4
5974,2,3
5975,2,4
5976,2,5
5977,2,5
5978,2,5
5979,2,5
5980,2,5
5981,2,5
5982,2,3
5983,2,5
5984,2,4
5985,2,3
5986,2,4
5987,2,5
5988,2,4
5989,2,4
5990,2,1
5991,2,1
5992,2,5
5993,2,4
5994,2,5
5995,2,3
5996,2,1
5997,2,4
5998,2,4
5999,2,1
6000,2,2
6001,2,4
6002,2,1
6003,2,4
6004,2,1
6005,2,1
6006,2,4
6007,2,2
6008,2,1
6009,2,1
6010,2,1
6011,2,5
6012,2,3
6013,2,5
6014,2,4
6015,2,4
6016,2,5
6017,2,4
6018,2,5
6019,2,2
6020,2,2
6021,2,2
6022,2,4
6023,2,5
6024,2,1
6025,2,4
6026,2,4
6027,2,2
6028,2,1
6029,2,2
6030,2,4
6031,2,2
6032,2,5
6033,2,1
6034,2,3
6035,2,2
6036,2,5
6037,2,4
6038,2,4
6039,2,4
6040,2,4
6041,2,5
6042,2,5
6043,2,2
6044,2,1
6045,2,5
6046,2,4
6047,2,1
6048,2,3
6049,2,3
6050,2,3
6051,2,2
6052,2,1
6053,2,5
6054,2,1
6055,2,5
6056,2,1
6057,2,4
6058,2,3
6059,2,3
6060,2,1
6061,2,1
6062,2,1
6063,2,1
6064,2,4
6065,2,1
6066,2,3
6067,2,5
6068,2,5
6069,2,3
6070,2,5
6071,2,5
6072,2,4
6073,2,4
6074,2,3
6075,2,2
6076,2,4
6077,2,3
6078,2,3
6079,2,2
6080,2,5
6081,2,4
6082,2,3
6083,2,4
6084,2,4
6085,2,3
6086,2,2
6087,2,3
6088,2,3
6089,2,4
6090,2,4
6091,2,4
6092,2,4
6093,2,1
6094,2,1
6095,2,2
6096,2,1
6097,2,1
6098,2,4
6099,2,1
6100,2,4
6101,2,1
6102,2,5
6103,2,4
6104,2,3
6105,2,4
6106,2,4
6107,2,2
6108,2,4
6109,2,4
6110,2,1
6111,2,3
6112,2,5
6113,2,5
6114,2,3
6115,2,5
6116,2,5
6117,2,5
6118,2,5
6119,2,5
6120,2,5
6121,2,4
6122,2,4
6123,2,5
6124,2,5
6125,2,5
6126,2,5
6127,2,5
6128,2,4
6129,2,5
6130,2,4
6131,2,1
6132,2,5
6133,2,4
6134,2,4
6135,2,1
6136,2,4
6137,2,3
6138,2,1
6139,2,1
6140,2,1
6141,2,3
6142,2,5
6143,2,5
6144,2,5
6145,2,4
6146,2,5
6147,2,3
6148,2,3
6149,2,5
6150,2,4
6151,2,1
6152,2,3
6153,2,5
6154,2,4
6155,2,4
6156,2,4
6157,2,3
6158,2,4
6159,2,2
6160,2,3
6161,2,2
6162,2,3
6163,2,4
6164,2,1
6165,2,1
6166,2,1
6167,2,1
6168,2,4
6169,2,1
6170,2,1
6171,2,1
6172,2,4
6173,2,1
6174,2,1
6175,2,1
6176,2,1
6177,2,4
6178,2,3
6179,2,5
6180,2,4
6181,2,3
6182,2,4
6183,2,3
6184,2,4
6185,2,2
6186,2,4
6187,2,5
6188,2,3
6189,2,1
6190,2,5
6191,2,5
6192,2,1
6193,2,5
6194,2,3
6195,2,3
6196,2,1
6197,2,1
6198,2,1
6199,2,1
6200,2,1
6201,2,4
6202,2,4
6203,2,3
6204,2,4
6205,2,4
6206,2,5
6207,2,1
6208,2,4
6209,2,1
6210,2,1
6211,2,4
6212,2,1
6213,2,4
6214,2,4
6215,2,1
6216,2,1
6217,2,1
6218,2,1
6219,2,5
6220,2,4
6221,2,5
6222,2,2
6223,2,5
6224,2,3
6225,2,2
6226,2,5
6227,2,5
6228,2,4
6229,2,3
6230,2,4
6231,2,5
6232,2,5
6233,2,1
6234,2,5
6235,2,5
6236,2,5
6237,2,1
6238,2,4
6239,2,3
6240,2,3
6241,2,1
6242,2,4
6243,2,1
6244,2,4
6245,2,4
6246,2,3
6247,2,1
6248,2,1
6249,2,4
6250,2,2
6251,2,3
6252,2,5
6253,2,2
6254,2,2
6255,2,1
6256,2,2
6257,2,2
6258,2,1
6259,2,5
6260,2,5
6261,2,5
6262,2,3
6263,2,5
6264,2,5
6265,2,3
6266,2,5
6267,2,5
6268,2,4
6269,2,3
6270,2,5
6271,2,4
6272,2,5
6273,2,3
6274,2,1
6275,2,3
6276,2,3
6277,2,1
6278,2,1
6279,2,5
6280,2,2
6281,2,1
6282,2,1
6283,2,1
6284,2,2
6285,2,3
6286,2,1
6287,2,1
6288,2,3
6289,2,3
6290,2,5
6291,2,5
6292,2,5
6293,2,5
6294,2,5
6295,2,5
6296,2,5
6297,2,3
6298,2,5
6299,2,5
6300,2,5
6301,2,3
6302,2,5
6303,2,2
6304,2,3
6305,2,5
6306,2,3
6307,2,1
6308,2,3
6309,2,1
6310,2,3
6311,2,3
6312,2,4
6313,2,4
6314,2,5
6315,2,4
6316,2,1
6317,2,1
6318,2,3
6319,2,4
6320,2,5
6321,2,1
6322,2,4
6323,2,5
6324,2,4
6325,2,5
6326,2,3
6327,2,4
6328,2,2
6329,2,3
6330,2,4
6331,2,4
6332,2,1
6333,2,5
6334,2,3
6335,2,5
6336,2,5
6337,2,3
6338,2,5
6339,2,5
6340,2,3
6341,2,5
6342,2,3
6343,2,3
6344,2,5
6345,2,2
6346,2,1
6347,2,5
6348,2,2
6349,2,4
6350,2,2
6351,2,4
6352,2,5
6353,2,1
6354,2,5
6355,2,4
6356,2,1
6357,2,1
6358,2,1
6359,2,4
6360,2,2
6361,2,1
6362,2,1
6363,2,1
6364,2,4
6365,2,4
6366,2,4
6367,2,5
6368,2,1
6369,2,3
6370,2,5
6371,2,5
6372,2,4
6373,2,4
6374,2,4
6375,2,4
6376,2,5
6377,2,4
6378,2,1
6379,2,4
6380,2,4
6381,2,4
6382,2,5
6383,2,5
6384,2,2
6385,2,4
6386,2,4
6387,2,2
6388,2,1
6389,2,2
6390,2,1
6391,2,5
6392,2,4
6393,2,4
6394,2,1
6395,2,2
6396,2,3
6397,2,1
6398,2,4
6399,2,5
6400,2,4
6401,2,5
6402,2,4
6403,2,5
6404,2,3
6405,2,5
6406,2,4
6407,2,3
6408,2,1
6409,2,5
6410,2,4
6411,2,1
6412,2,4
6413,2,5
6414,2,4
6415,2,5
6416,2,5
6417,2,1
6418,2,3
6419,2,5
6420,2,4
6421,2,5
6422,2,2
6423,2,4
6424,2,4
6425,2,4
6426,2,1
6427,2,4
6428,2,4
6429,2,1
6430,2,1
6431,2,4
6432,2,1
6433,2,4
6434,2,4
6435,2,3
6436,2,5
6437,2,5
6438,2,3
6439,2,5
6440,2,2
6441,2,4
6442,2,4
6443,2,3
6444,2,5
6445,2,4
6446,2,5
6447,2,5
6448,2,1
6449,2,4
6450,2,4
6451,2,3
6452,2,4
6453,2,2
6454,2,1
6455,2,1
6456,2,1
6457,2,4
6458,2,4
6459,2,1
6460,2,2
6461,2,2
6462,2,1
6463,2,1
6464,2,2
6465,2,3
6466,2,1
6467,2,2
6468,2,2
6469,2,4
6470,2,2
6471,2,4
6472,2,3
6473,2,5
6474,2,5
6475,2,3
6476,2,5
6477,2,4
6478,2,5
6479,2,5
6480,2,1
6481,2,4
6482,2,1
6483,2,2
6484,2,4
6485,2,4
6486,2,5
6487,2,2
6488,2,1
6489,2,4
6490,2,1
6491,2,4
6492,2,4
6493,2,1
6494,2,1
6495,2,1
6496,2,3
6497,2,3
6498,2,4
6499,2,3
6500,2,4
6501,2,2
6502,2,4
6503,2,1
6504,2,5
6505,2,4
6506,2,5
6507,2,5
6508,2,3
6509,2,3
6510,2,5
6511,2,5
6512,2,3
6513,2,5
6514,2,3
6515,2,5
6516,2,3
6517,2,4
6518,2,5
6519,2,5
6520,2,1
6521,2,2
6522,2,1
6523,2,2
6524,2,2
6525,2,5
6526,2,3
6527,2,5
6528,2,1
6529,2,1
6530,2,5
6531,2,1
6532,2,2
6533,2,4
6534,2,1
6535,2,1
6536,2,1
6537,2,5
6538,2,4
6539,2,4
6540,2,5
6541,2,5
6542,2,5
6543,2,2
6544,2,5
6545,2,3
6546,2,3
6547,2,5
6548,2,4
6549,2,1
6550,2,4
6551,2,5
6552,2,4
6553,2,4
6554,2,3
6555,2,5
6556,2,3
6557,2,5
6558,2,4
6559,2,5
6560,2,3
6561,2,3
6562,2,5
6563,2,3
6564,2,4
6565,2,5
6566,2,2
6567,2,2
6568,2,1
6569,2,1
6570,2,1
6571,2,4
6572,2,1
6573,2,5
6574,2,5
6575,2,4
6576,2,3
6577,2,5
6578,2,5
6579,2,1
6580,2,3
6581,2,5
6582,2,5
6583,2,5
6584,2,5
6585,2,3
6586,2,5
6587,2,4
6588,2,5
6589,2,5
6590,2,4
6591,2,5
6592,2,4
6593,2,4
6594,2,3
6595,2,5
6596,2,2
6597,2,2
6598,2,3
6599,2,1
6600,2,4
6601,2,3
6602,2,5
6603,2,4
6604,2,3
6605,2,5
6606,2,2
6607,2,1
6608,2,2
6609,2,1
6610,2,2
6611,2,1
6612,2,5
6613,2,5
6614,2,5
6615,2,5
6616,2,5
6617,2,4
6618,2,2
6619,2,2
6620,2,4
6621,2,5
6622,2,5
6623,2,5
6624,2,1
6625,2,5
6626,2,5
6627,2,5
6628,2,3
6629,2,1
6630,2,1
6631,2,2
6632,2,1
6633,2,1
6634,2,4
6635,2,4
6636,2,1
6637,2,4
6638,2,1
6639,2,5
6640,2,1
6641,2,2
6642,2,1
6643,2,2
6644,2,1
6645,2,4
6646,2,1
6647,2,5
6648,2,1
6649,2,5
6650,2,5
6651,2,1
6652,2,3
6653,2,5
6654,2,5
6655,2,5
6656,2,4
6657,2,3
6658,2,3
6659,2,5
6660,2,5
6661,2,3
6662,2,5
6663,2,4
6664,2,4
6665,2,5
6666,2,4
6667,2,5
6668,2,1
6669,2,1
6670,2,4
6671,2,3
6672,2,1
6673,2,1
6674,2,1
6675,2,1
6676,2,2
6677,2,1
6678,2,1
6679,2,2
6680,2,4
6681,2,3
6682,2,5
6683,2,5
6684,2,4
6685,2,5
6686,2,4
6687,2,5
6688,2,5
6689,2,4
6690,2,3
6691,2,4
6692,2,1
6693,2,4
6694,2,5
6695,2,5
6696,2,4
6697,2,1
6698,2,5
6699,2,4
6700,2,4
6701,2,1
6702,2,1
6703,2,1
6704,2,3
6705,2,1
6706,2,1
6707,2,3
6708,2,5
6709,2,5
6710,2,5
6711,2,5
6712,2,4
6713,2,3
6714,2,4
6715,2,5
6716,2,1
6717,2,5
6718,2,1
6719,2,4
6720,2,5
6721,2,3
6722,2,5
6723,2,3
6724,2,2
6725,2,5
6726,2,3
6727,2,5
6728,2,5
6729,2,3
6730,2,4
6731,2,1
6732,2,3
6733,2,1
6734,2,2
6735,2,1
6736,2,1
6737,2,4
6738,2,2
6739,2,4
6740,2,2
6741,2,1
6742,2,1
6743,2,1
6744,2,1
6745,2,3
6746,2,1
6747,2,1
6748,2,1
6749,2,5
6750,2,4
6751,2,3
6752,2,4
6753,2,4
6754,2,4
6755,2,2
6756,2,3
6757,2,4
6758,2,3
6759,2,5
6760,2,5
6761,2,4
6762,2,5
6763,2,3
6764,2,4
6765,2,1
6766,2,5
6767,2,3
6768,2,4
6769,2,4
6770,2,4
6771,2,3
6772,2,4
6773,2,5
6774,2,4
6775,2,4
6776,2,5
6777,2,5
6778,2,4
6779,2,4
6780,2,1
6781,2,4
6782,2,4
6783,2,3
6784,2,1
6785,2,4
6786,2,2
6787,2,3
6788,2,1
6789,2,2
6790,2,1
6791,2,1
6792,2,2
6793,2,3
6794,2,1
6795,2,5
6796,2,3
6797,2,5
6798,2,4
6799,2,4
6800,2,4
6801,2,5
6802,2,3
6803,2,1
6804,2,1
6805,2,5
6806,2,2
6807,2,3
6808,2,1
6809,2,1
6810,2,5
6811,2,4
6812,2,4
6813,2,3
6814,2,5
6815,2,2
6816,2,3
6817,2,5
6818,2,5
6819,2,2
6820,2,1
6821,2,5
6822,2,5
6823,2,5
6824,2,5
6825,2,2
6826,2,3
6827,2,5
6828,2,1
6829,2,1
6830,2,1
6831,2,4
6832,2,5
6833,2,4
6834,2,4
6835,2,3
6836,2,3
6837,2,1
6838,2,1
6839,2,1
6840,2,1
6841,2,1
6842,2,3
6843,2,1
6844,2,5
6845,2,1
6846,2,4
6847,2,5
6848,2,4
6849,2,5
6850,2,3
6851,2,4
6852,2,5
6853,2,3
6854,2,3
6855,2,1
6856,2,2
6857,2,5
6858,2,3
6859,2,5
6860,2,4
6861,2,2
6862,2,5
6863,2,4
6864,2,2
6865,2,1
6866,2,1
6867,2,5
6868,2,3
6869,2,5
6870,2,1
6871,2,1
6872,2,1
6873,2,4
6874,2,1
6875,2,1
6876,2,2
6877,2,5
6878,2,3
6879,2,4
6880,2,1
6881,2,2
6882,2,1
6883,2,3
6884,2,1
6885,2,4
6886,2,4
6887,2,3
6888,2,4
6889,2,1
6890,2,3
6891,2,5
6892,2,5
6893,2,5
6894,2,4
6895,2,2
6896,2,4
6897,2,5
6898,2,4
6899,2,1
6900,2,5
6901,2,5
6902,2,1
6903,2,1
6904,2,5
6905,2,4
6906,2,1
6907,2,3
6908,2,3
6909,2,1
6910,2,2
6911,2,1
6912,2,4
6913,2,3
6914,2,2
6915,2,1
6916,2,4
6917,2,1
6918,2,1
6919,2,1
6920,2,5
6921,2,5
6922,2,4
6923,2,4
6924,2,4
6925,2,1
6926,2,3
6927,2,5
6928,2,2
6929,2,5
6930,2,5
6931,2,5
6932,2,5
6933,2,4
6934,2,2
6935,2,4
6936,2,3
6937,2,5
6938,2,3
6939,2,2
6940,2,1
6941,2,3
6942,2,1
6943,2,1
6944,2,5
6945,2,3
6946,2,5
6947,2,1
6948,2,1
6949,2,3
6950,2,4
6951,2,1
6952,2,1
6953,2,1
6954,2,5
6955,2,3
6956,2,2
6957,2,4
6958,2,4
6959,2,5
6960,2,4
6961,2,3
6962,2,5
6963,2,4
6964,2,3
6965,2,5
6966,2,4
6967,2,5
6968,2,3
6969,2,5
6970,2,1
6971,2,4
6972,2,1
6973,2,5
6974,2,4
6975,2,3
6976,2,1
6977,2,5
6978,2,5
6979,2,5
6980,2,1
6981,2,1
6982,2,1
6983,2,3
6984,2,4
6985,2,1
6986,2,4
6987,2,3
6988,2,4
6989,2,1
6990,2,4
6991,2,5
6992,2,4
6993,2,4
6994,2,5
6995,2,3
6996,2,1
6997,2,3
6998,2,4
6999,2,5
7000,2,4
7001,2,4
7002,2,5
7003,2,5
7004,2,2
7005,2,4
7006,2,2
7007,2,5
7008,2,2
7009,2,4
7010,2,4
7011,2,5
7012,2,4
7013,2,5
7014,2,4
7015,2,1
7016,2,3
7017,2,1
7018,2,5
7019,2,5
7020,2,3
7021,2,4
7022,2,1
7023,2,2
7024,2,4
7025,2,1
7026,2,1
7027,2,1
7028,2,1
7029,2,1
7030,2,5
7031,2,5
7032,2,5
7033,2,3
7034,2,4
7035,2,5
7036,2,5
7037,2,3
7038,2,2
7039,2,3
7040,2,3
7041,2,4
7042,2,4
7043,2,5
7044,2,2
7045,2,5
7046,2,3
7047,2,3
7048,2,1
7049,2,1
7050,2,5
7051,2,1
7052,2,5
7053,2,3
7054,2,4
7055,2,1
7056,2,3
7057,2,4
7058,2,3
7059,2,4
7060,2,4
7061,2,1
7062,2,2
7063,2,1
7064,2,4
7065,2,2
7066,2,1
7067,2,4
7068,2,1
7069,2,5
7070,2,3
7071,2,3
7072,2,5
7073,2,5
7074,2,5
7075,2,4
7076,2,5
7077,2,4
7078,2,5
7079,2,1
7080,2,1
7081,2,4
7082,2,1
7083,2,4
7084,2,3
7085,2,5
7086,2,3
7087,2,5
7088,2,1
7089,2,4
7090,2,1
7091,2,4
7092,2,1
7093,2,1
7094,2,1
7095,2,4
7096,2,1
7097,2,2
7098,2,1
7099,2,1
7100,2,3
7101,2,5
7102,2,3
7103,2,4
7104,2,4
7105,2,3
7106,2,1
7107,2,5
7108,2,3
7109,2,4
7110,2,4
7111,2,3
7112,2,2
7113,2,5
7114,2,4
7115,2,4
7116,2,4
7117,2,3
7118,2,4
7119,2,5
7120,2,2
7121,2,3
7122,2,2
7123,2,5
7124,2,1
7125,2,4
7126,2,5
7127,2,1
7128,2,1
7129,2,1
7130,2,5
7131,2,3
7132,2,1
7133,2,1
7134,2,1
7135,2,5
7136,2,5
7137,2,5
7138,2,3
7139,2,4
7140,2,3
7141,2,1
7142,2,3
7143,2,5
7144,2,4
7145,2,4
7146,2,4
7147,2,2
7148,2,3
7149,2,3
7150,2,5
7151,2,5
7152,2,1
7153,2,4
7154,2,3
7155,2,5
7156,2,1
7157,2,1
7158,2,1
7159,2,2
7160,2,1
7161,2,1
7162,2,1
7163,2,1
7164,2,4
7165,2,1
7166,2,1
7167,2,1
7168,2,1
7169,2,1
7170,2,1
7171,2,1
7172,2,5
7173,2,3
7174,2,3
7175,2,3
7176,2,3
7177,2,5
7178,2,3
7179,2,3
7180,2,4
7181,2,4
7182,2,4
7183,2,4
7184,2,5
7185,2,4
7186,2,5
7187,2,3
7188,2,3
7189,2,2
7190,2,3
7191,2,5
7192,2,5
7193,2,5
7194,2,5
7195,2,1
7196,2,1
7197,2,1
7198,2,4
7199,2,5
7200,2,1
7201,2,4
7202,2,4
7203,2,1
7204,2,1
7205,2,1
7206,2,1
7207,2,4
7208,2,1
7209,2,1
7210,2,4
7211,2,4
7212,2,4
7213,2,5
7214,2,1
7215,2,5
7216,2,3
7217,2,5
7218,2,5
7219,2,4
7220,2,2
7221,2,4
7222,2,3
7223,2,4
7224,2,4
7225,2,1
7226,2,5
7227,2,3
7228,2,2
7229,2,1
7230,2,4
7231,2,1
7232,2,1
7233,2,4
7234,2,1
7235,2,4
7236,2,1
7237,2,1
7238,2,5
7239,2,1
7240,2,5
7241,2,2
7242,2,5
7243,2,3
7244,2,5
7245,2,4
7246,2,4
7247,2,5
7248,2,1
7249,2,2
7250,2,4
7251,2,4
7252,2,5
7253,2,1
7254,2,3
7255,2,2
7256,2,4
7257,2,3
7258,2,4
7259,2,1
7260,2,1
7261,2,4
7262,2,1
7263,2,2
7264,2,4
7265,2,1
7266,2,1
7267,2,4
7268,2,4
7269,2,1
7270,2,4
7271,2,1
7272,2,5
7273,2,4
7274,2,5
7275,2,2
7276,2,2
7277,2,2
7278,2,3
7279,2,3
7280,2,5
7281,2,3
7282,2,2
7283,2,1
7284,2,3
7285,2,4
7286,2,5
7287,2,4
7288,2,2
7289,2,3
7290,2,5
7291,2,2
7292,2,1
7293,2,1
7294,2,3
7295,2,1
7296,2,5
7297,2,1
7298,2,1
7299,2,1
7300,2,1
7301,2,4
7302,2,4
7303,2,1
7304,2,1
7305,2,4
7306,2,4
7307,2,5
7308,2,2
7309,2,3
7310,2,1
7311,2,4
7312,2,5
7313,2,5
7314,2,5
7315,2,3
7316,2,4
7317,2,3
7318,2,2
7319,2,5
7320,2,5
7321,2,5
7322,2,3
7323,2,1
7324,2,1
7325,2,5
7326,2,4
7327,2,4
7328,2,5
7329,2,5
7330,2,1
7331,2,4
7332,2,3
7333,2,2
7334,2,1
7335,2,4
7336,2,1
7337,2,1
7338,2,1
7339,2,4
7340,2,5
7341,2,4
7342,2,4
7343,2,3
7344,2,4
7345,2,5
7346,2,5
7347,2,5
7348,2,5
7349,2,2
7350,2,5
7351,2,4
7352,2,1
7353,2,5
7354,2,1
7355,2,5
7356,2,4
7357,2,1
7358,2,1
7359,2,2
7360,2,4
7361,2,4
7362,2,1
7363,2,5
7364,2,1
7365,2,1
7366,2,1
7367,2,2
7368,2,5
7369,2,1
7370,2,5
7371,2,3
7372,2,5
7373,2,4
7374,2,1
7375,2,1
7376,2,4
7377,2,3
7378,2,1
7379,2,3
7380,2,3
7381,2,5
7382,2,5
7383,2,5
7384,2,5
7385,2,2
7386,2,5
7387,2,5
7388,2,1
7389,2,4
7390,2,4
7391,2,3
7392,2,4
7393,2,1
7394,2,1
7395,2,3
7396,2,1
7397,2,3
7398,2,1
7399,2,1
7400,2,1
7401,2,5
7402,2,2
7403,2,1
7404,2,1
7405,2,1
7406,2,3
7407,2,4
7408,2,1
7409,2,4
7410,2,3
7411,2,5
7412,2,4
7413,2,3
7414,2,5
7415,2,4
7416,2,3
7417,2,4
7418,2,4
7419,2,4
7420,2,3
7421,2,5
7422,2,3
7423,2,4
7424,2,5
7425,2,2
7426,2,4
7427,2,5
7428,2,1
7429,2,1
7430,2,2
7431,2,2
7432,2,3
7433,2,1
7434,2,1
7435,2,1
7436,2,1
7437,2,3
7438,2,1
7439,2,4
7440,2,1
7441,2,1
7442,2,1
7443,2,3
7444,2,5
7445,2,2
7446,2,5
7447,2,2
7448,2,5
7449,2,2
7450,2,5
7451,2,5
7452,2,5
7453,2,4
7454,2,5
7455,2,3
7456,2,4
7457,2,5
7458,2,5
7459,2,4
7460,2,4
7461,2,2
7462,2,1
7463,2,2
7464,2,2
7465,2,1
7466,2,1
7467,2,1
7468,2,3
7469,2,1
7470,2,4
7471,2,5
7472,2,1
7473,2,4
7474,2,1
7475,2,4
7476,2,5
7477,2,3
7478,2,4
7479,2,4
7480,2,3
7481,2,3
7482,2,3
7483,2,5
7484,2,3
7485,2,3
7486,2,5
7487,2,3
7488,2,5
7489,2,5
7490,2,3
7491,2,5
7492,2,4
7493,2,5
7494,2,4
7495,2,3
7496,2,3
7497,2,3
7498,2,1
7499,2,1
7500,2,1
7501,2,5
7502,2,1
7503,2,5
7504,2,1
7505,2,5
7506,2,1
7507,2,4
7508,2,2
7509,2,1
7510,2,4
7511,2,1
7512,2,3
7513,2,5
7514,2,1
7515,2,5
7516,2,3
7517,2,5
7518,2,5
7519,2,1
7520,2,4
7521,2,3
7522,2,5
7523,2,4
7524,2,3
7525,2,2
7526,2,5
7527,2,5
7528,2,2
7529,2,4
7530,2,3
7531,2,5
7532,2,5
7533,2,2
7534,2,2
7535,2,3
7536,2,5
7537,2,1
7538,2,1
7539,2,1
7540,2,1
7541,2,1
7542,2,1
7543,2,1
7544,2,1
7545,2,1
7546,2,1
7547,2,1
7548,2,3
7549,2,1
7550,2,1
7551,2,1
7552,2,5
7553,2,3
7554,2,1
7555,2,4
7556,2,3
7557,2,2
7558,2,1
7559,2,2
7560,2,2
7561,2,1
7562,2,4
7563,2,1
7564,2,3
7565,2,3
7566,2,3
7567,2,1
7568,2,1
7569,2,5
7570,2,3
7571,2,4
7572,2,3
7573,2,1
7574,2,1
7575,2,1
7576,2,1
7577,2,1
7578,2,1
7579,2,1
7580,2,1
7581,2,3
7582,2,4
7583,2,3
7584,2,1
7585,2,5
7586,2,1
7587,2,1
7588,2,1
7589,2,3
7590,2,3
7591,2,3
7592,2,2
7593,2,4
7594,2,5
7595,2,1
7596,2,3
7597,2,3
7598,2,1
7599,2,1
7600,2,1
7601,2,1
7602,2,1
7603,2,1
7604,2,2
7605,2,3
7606,2,2
7607,2,1
7608,2,1
7609,2,1
7610,2,1
7611,2,1
7612,2,3
7613,2,1
7614,2,1
7615,2,1
7616,2,1
7617,2,1
7618,2,1
7619,2,1
7620,2,1
7621,2,1
7622,2,1
7623,2,3
7624,2,3
7625,2,1
7626,2,2
7627,2,1
7628,2,3
7629,2,1
7630,2,2
7631,2,1
7632,2,3
7633,2,5
7634,2,3
7635,2,3
7636,2,3
7637,2,3
7638,2,2
7639,2,5
7640,2,4
7641,2,5
7642,2,3
7643,2,5
7644,2,1
7645,2,1
7646,2,1
7647,2,1
7648,2,1
7649,2,2
7650,2,4
7651,2,5
7652,2,3
7653,2,5
7654,2,4
7655,2,2
7656,2,1
7657,2,1
7658,2,1
7659,2,1
7660,2,1
7661,2,1
7662,2,1
7663,2,1
7664,2,1
7665,2,1
7666,2,4
7667,2,3
7668,2,3
7669,2,3
7670,2,2
7671,2,3
7672,2,2
7673,2,4
7674,2,2
7675,2,2
7676,2,3
7677,2,4
7678,2,2
7679,2,4
7680,2,2
7681,2,1
7682,2,5
7683,2,4
7684,2,3
7685,2,3
7686,2,1
7687,2,3
7688,2,1
7689,2,1
7690,2,3
7691,2,3
7692,2,2
7693,2,1
7694,2,1
7695,2,1
7696,2,1
7697,2,1
7698,2,3
7699,2,4
7700,2,3
7701,2,3
7702,2,4
7703,2,3
7704,2,4
7705,2,5
7706,2,2
7707,2,1
7708,2,2
7709,2,5
7710,2,2
7711,2,5
7712,2,4
7713,2,5
7714,2,3
7715,2,1
7716,2,1
7717,2,1
7718,2,3
7719,2,3
7720,2,1
7721,2,1
7722,2,1
7723,2,1
7724,2,1
7725,2,3
7726,2,1
7727,2,1
7728,2,3
7729,2,3
7730,2,1
7731,2,3
7732,2,1
7733,2,1
7734,2,1
7735,2,3
7736,2,3
7737,2,4
7738,2,3
7739,2,4
7740,2,4
7741,2,3
7742,2,3
7743,2,3
7744,2,4
7745,2,1
7746,2,2
7747,2,3
7748,2,4
7749,2,5
7750,2,1
7751,2,5
7752,2,1
7753,2,1
7754,2,1
7755,2,1
7756,2,3
7757,2,1
7758,2,4
7759,2,2
7760,2,1
7761,2,1
7762,2,1
7763,2,1
7764,2,1
7765,2,1
7766,2,1
7767,2,1
7768,2,1
7769,2,1
7770,2,3
7771,2,3
7772,2,4
7773,2,2
7774,2,4
7775,2,5
7776,2,5
7777,2,2
7778,2,2
7779,2,1
7780,2,1
7781,2,4
7782,2,4
7783,2,3
7784,2,2
7785,2,2
7786,2,1
7787,2,1
7788,2,1
7789,2,1
7790,2,4
7791,2,4
7792,2,2
7793,2,1
7794,2,1
7795,2,1
7796,2,1
7797,2,1
7798,2,1
7799,2,1
7800,2,1
7801,2,1
7802,2,3
7803,2,3
7804,2,4
7805,2,5
7806,2,3
7807,2,4
7808,2,3
7809,2,3
7810,2,2
7811,2,3
7812,2,3
7813,2,1
7814,2,3
7815,2,5
7816,2,3
7817,2,2
7818,2,1
7819,2,1
7820,2,1
7821,2,1
7822,2,1
7823,2,1
7824,2,5
7825,2,1
7826,2,1
7827,2,5
7828,2,3
7829,2,1
7830,2,1
7831,2,1
7832,2,1
7833,2,1
7834,2,3
7835,2,3
7836,2,2
7837,2,2
7838,2,2
7839,2,4
7840,2,3
7841,2,1
7842,2,2
7843,2,3
7844,2,1
7845,2,4
7846,2,5
7847,2,2
7848,2,5
7849,2,4
7850,2,1
7851,2,1
7852,2,3
7853,2,1
7854,2,2
7855,2,1
7856,2,1
7857,2,1
7858,2,1
7859,2,1
7860,2,1
7861,2,1
7862,2,1
7863,2,1
7864,2,1
7865,2,1
7866,2,1
7867,2,1
7868,2,3
7869,2,5
7870,2,1
7871,2,3
7872,2,3
7873,2,3
7874,2,3
7875,2,5
7876,2,4
7877,2,5
7878,2,1
7879,2,3
7880,2,3
7881,2,4
7882,2,4
7883,2,1
7884,2,3
7885,2,3
7886,2,4
7887,2,1
7888,2,1
7889,2,1
7890,2,1
7891,2,1
7892,2,1
7893,2,1
7894,2,1
7895,2,3
7896,2,1
7897,2,1
7898,2,1
7899,2,1
7900,2,1
7901,2,4
7902,2,4
7903,2,3
7904,2,3
7905,2,4
7906,2,3
7907,2,5
7908,2,4
7909,2,2
7910,2,4
7911,2,2
7912,2,3
7913,2,5
7914,2,5
7915,2,5
7916,2,2
7917,2,1
7918,2,4
7919,2,4
7920,2,3
7921,2,3
7922,2,4
7923,2,3
7924,2,1
7925,2,1
7926,2,2
7927,2,3
7928,2,4
7929,2,5
7930,2,1
7931,2,1
7932,2,1
7933,2,1
7934,2,1
7935,2,1
7936,2,1
7937,2,1
7938,2,1
7939,2,2
7940,2,5
7941,2,5
7942,2,4
7943,2,1
7944,2,4
7945,2,3
7946,2,3
7947,2,3
7948,2,3
7949,2,3
7950,2,3
7951,2,3
7952,2,3
7953,2,1
7954,2,1
7955,2,4
7956,2,4
7957,2,3
7958,2,4
7959,2,2
7960,2,1
7961,2,1
7962,2,4
7963,2,1
7964,2,1
7965,2,3
7966,2,4
7967,2,3
7968,2,4
7969,2,1
7970,2,1
7971,2,1
7972,2,1
7973,2,1
7974,2,1
7975,2,1
7976,2,1
7977,2,1
7978,2,1
7979,2,1
7980,2,1
7981,2,1
7982,2,1
7983,2,1
7984,2,4
7985,2,3
7986,2,2
7987,2,3
7988,2,4
7989,2,3
7990,2,4
7991,2,5
7992,2,4
7993,2,2
7994,2,4
7995,2,4
7996,2,2
7997,2,3
7998,2,1
7999,2,3
8000,2,3
8001,2,4
8002,2,3
8003,2,3
8004,2,3
8005,2,5
8006,2,3
8007,2,2
8008,2,1
8009,2,4
8010,2,1
8011,2,3
8012,2,3
8013,2,1
8014,2,1
8015,2,1
8016,2,1
8017,2,1
8018,2,1
8019,2,1
8020,2,1
8021,2,1
8022,2,1
8023,2,1
8024,2,1
8025,2,1
8026,2,1
8027,2,1
8028,2,1
8029,2,1
8030,2,2
8031,2,1
8032,2,1
8033,2,5
8034,2,4
8035,2,1
8036,2,3
8037,2,3
8038,2,2
8039,2,4
8040,2,5
8041,2,5
8042,2,4
8043,2,3
8044,2,1
8045,2,2
8046,2,4
8047,2,2
8048,2,3
8049,2,1
8050,2,3
8051,2,2
8052,2,4
8053,2,2
8054,2,1
8055,2,1
8056,2,1
8057,2,1
8058,2,1
8059,2,2
8060,2,1
8061,2,3
8062,2,1
8063,2,3
8064,2,1
8065,2,1
8066,2,3
8067,2,1
8068,2,1
8069,2,1
8070,2,1
8071,2,1
8072,2,1
8073,2,1
8074,2,3
8075,2,4
8076,2,3
8077,2,4
8078,2,2
8079,2,1
8080,2,4
8081,2,3
8082,2,3
8083,2,4
8084,2,3
8085,2,3
8086,2,3
8087,2,4
8088,2,5
8089,2,4
8090,2,3
8091,2,1
8092,2,3
8093,2,1
8094,2,1
8095,2,1
8096,2,1
8097,2,5
8098,2,2
8099,2,1
8100,2,5
8101,2,1
8102,2,1
8103,2,1
8104,2,1
8105,2,1
8106,2,2
8107,2,1
8108,2,5
8109,2,4
8110,2,1
8111,2,2
8112,2,4
8113,2,2
8114,2,5
8115,2,3
8116,2,3
8117,2,4
8118,2,3
8119,2,1
8120,2,5
8121,2,2
8122,2,1
8123,2,3
8124,2,3
8125,2,3
8126,2,1
8127,2,1
8128,2,1
8129,2,1
8130,2,1
8131,2,3
8132,2,1
8133,2,1
8134,2,1
8135,2,1
8136,2,1
8137,2,1
8138,2,1
8139,2,1
8140,2,4
8141,2,3
8142,2,3
8143,2,1
8144,2,4
8145,2,2
8146,2,1
8147,2,3
8148,2,3
8149,2,3
8150,2,1
8151,2,5
8152,2,2
8153,2,2
8154,2,4
8155,2,3
8156,2,3
8157,2,1
8158,2,3
8159,2,5
8160,2,4
8161,2,3
8162,2,4
8163,2,3
8164,2,4
8165,2,3
8166,2,1
8167,2,1
8168,2,1
8169,2,3
8170,2,4
8171,2,5
8172,2,3
8173,2,5
8174,2,1
8175,2,1
8176,2,1
8177,2,1
8178,2,1
8179,2,1
8180,2,1
8181,2,1
8182,2,1
8183,2,1
8184,2,1
8185,2,1
8186,2,1
8187,2,1
8188,2,1
8189,2,1
8190,2,4
8191,2,3
8192,2,3
8193,2,3
8194,2,2
8195,2,4
8196,2,2
8197,2,1
8198,2,1
8199,2,1
8200,2,4
8201,2,3
8202,2,4
8203,2,2
8204,2,4
8205,2,3
8206,2,1
8207,2,1
8208,2,1
8209,2,1
8210,2,1
8211,2,1
8212,2,1
8213,2,1
8214,2,1
8215,2,1
8216,2,1
8217,2,1
8218,2,1
8219,2,1
8220,2,3
8221,2,1
8222,2,1
8223,2,1
8224,2,1
8225,2,1
8226,2,1
8227,2,1
8228,2,1
8229,2,1
8230,2,3
8231,2,1
8232,2,2
8233,2,3
8234,2,3
8235,2,4
8236,2,1
8237,2,2
8238,2,4
8239,2,4
8240,2,1
8241,2,2
8242,2,1
8243,2,3
8244,2,2
8245,2,3
8246,2,1
8247,2,1
8248,2,1
8249,2,1
8250,2,1
8251,2,1
8252,2,1
8253,2,1
8254,2,1
8255,2,1
8256,2,1
8257,2,5
8258,2,3
8259,2,4
8260,2,1
8261,2,1
8262,2,4
8263,2,3
8264,2,3
8265,2,4
8266,2,2
8267,2,2
8268,2,2
8269,2,3
8270,2,1
8271,2,5
8272,2,2
8273,2,3
8274,2,4
8275,2,2
8276,2,1
8277,2,4
8278,2,4
8279,2,3
8280,2,2
8281,2,4
8282,2,3
8283,2,3
8284,2,1
8285,2,1
8286,2,3
8287,2,1
8288,2,1
8289,2,2
8290,2,2
8291,2,1
8292,2,3
8293,2,1
8294,2,1
8295,2,1
8296,2,1
8297,2,1
8298,2,1
8299,2,1
8300,2,4
8301,2,3
8302,2,4
8303,2,4
8304,2,3
8305,2,1
8306,2,4
8307,2,3
8308,2,3
8309,2,3
8310,2,5
8311,2,3
8312,2,4
8313,2,4
8314,2,3
8315,2,5
8316,2,2
8317,2,5
8318,2,3
8319,2,4
8320,2,2
8321,2,3
8322,2,3
8323,2,1
8324,2,1
8325,2,1
8326,2,3
8327,2,1
8328,2,1
8329,2,5
8330,2,5
8331,2,1
8332,2,3
8333,2,1
8334,2,1
8335,2,1
8336,2,1
8337,2,1
8338,2,1
8339,2,3
8340,2,1
8341,2,1
8342,2,1
8343,2,3
8344,2,1
8345,2,1
8346,2,5
8347,2,2
8348,2,2
8349,2,5
8350,2,4
8351,2,3
8352,2,1
8353,2,3
8354,2,5
8355,2,1
8356,2,3
8357,2,5
8358,2,4
8359,2,4
8360,2,3
8361,2,4
8362,2,5
8363,2,1
8364,2,1
8365,2,1
8366,2,3
8367,2,1
8368,2,1
8369,2,1
8370,2,3
8371,2,1
8372,2,1
8373,2,1
8374,2,1
8375,2,1
8376,2,1
8377,2,1
8378,2,1
8379,2,1
8380,2,1
8381,2,1
8382,2,1
8383,2,1
8384,2,1
8385,2,3
8386,2,5
8387,2,2
8388,2,2
8389,2,4
8390,2,3
8391,2,4
8392,2,5
8393,2,3
8394,2,4
8395,2,4
8396,2,1
8397,2,1
8398,2,3
8399,2,3
8400,2,3
8401,2,5
8402,2,2
8403,2,1
8404,2,3
8405,2,1
8406,2,3
8407,2,3
8408,2,1
8409,2,1
8410,2,1
8411,2,1
8412,2,3
8413,2,3
8414,2,1
8415,2,4
8416,2,4
8417,2,3
8418,2,1
8419,2,1
8420,2,1
8421,2,1
8422,2,3
8423,2,1
8424,2,1
8425,2,1
8426,2,1
8427,2,3
8428,2,1
8429,2,1
8430,2,2
8431,2,4
8432,2,4
8433,2,3
8434,2,1
8435,2,4
8436,2,1
8437,2,2
8438,2,2
8439,2,3
8440,2,5
8441,2,3
8442,2,4
8443,2,1
8444,2,1
8445,2,1
8446,2,1
8447,2,3
8448,2,2
8449,2,3
8450,2,1
8451,2,2
8452,2,1
8453,2,4
8454,2,4
8455,2,2
8456,2,1
8457,2,1
8458,2,1
8459,2,1
8460,2,1
8461,2,1
8462,2,1
8463,2,1
8464,2,1
8465,2,1
8466,2,1
8467,2,4
8468,2,1
8469,2,4
8470,2,1
8471,2,4
8472,2,4
8473,2,3
8474,2,3
8475,2,5
8476,2,1
8477,2,4
8478,2,5
8479,2,1
8480,2,4
8481,2,2
8482,2,4
8483,2,3
8484,2,3
8485,2,3
8486,2,2
8487,2,1
8488,2,5
8489,2,1
8490,2,1
8491,2,1
8492,2,1
8493,2,2
8494,2,1
8495,2,1
8496,2,1
8497,2,1
8498,2,3
8499,2,1
8500,2,1
8501,2,1
8502,2,1
8503,2,4
8504,2,3
8505,2,3
8506,2,5
8507,2,4
8508,2,3
8509,2,1
8510,2,3
8511,2,5
8512,2,1
8513,2,2
8514,2,1
8515,2,3
8516,2,3
8517,2,3
8518,2,4
8519,2,5
8520,2,3
8521,2,4
8522,2,3
8523,2,3
8524,2,2
8525,2,3
8526,2,1
8527,2,1
8528,2,1
8529,2,3
8530,2,1
8531,2,1
8532,2,1
8533,2,1
8534,2,3
8535,2,4
8536,2,3
8537,2,1
8538,2,2
8539,2,1
8540,2,1
8541,2,1
8542,2,1
8543,2,1
8544,2,1
8545,2,1
8546,2,1
8547,2,1
8548,2,1
8549,2,1
8550,2,1
8551,2,1
8552,2,1
8553,2,2
8554,2,4
8555,2,2
8556,2,1
8557,2,3
8558,2,3
8559,2,3
8560,2,4
8561,2,2
8562,2,4
8563,2,3
8564,2,5
8565,2,4
8566,2,3
8567,2,4
8568,2,3
8569,2,1
8570,2,2
8571,2,2
8572,2,3
8573,2,2
8574,2,4
8575,2,1
8576,2,1
8577,2,2
8578,2,3
8579,2,3
8580,2,1
8581,2,1
8582,2,3
8583,2,1
8584,2,1
8585,2,1
8586,2,1
8587,2,1
8588,2,1
8589,2,1
8590,2,1
8591,2,1
8592,2,1
8593,2,3
8594,2,5
8595,2,3
8596,2,4
8597,2,4
8598,2,1
8599,2,3
8600,2,1
8601,2,4
8602,2,3
8603,2,4
8604,2,4
8605,2,4
8606,2,1
8607,2,1
8608,2,3
8609,2,1
8610,2,1
8611,2,4
8612,2,1
8613,2,1
8614,2,1
8615,2,2
8616,2,2
8617,2,1
8618,2,1
8619,2,1
8620,2,1
8621,2,1
8622,2,3
8623,2,1
8624,2,1
8625,2,3
8626,2,1
8627,2,1
8628,2,1
8629,2,1
8630,2,3
8631,2,2
8632,2,2
8633,2,4
8634,2,3
8635,2,4
8636,2,2
8637,2,5
8638,2,4
8639,2,4
8640,2,1
8641,2,3
8642,2,3
8643,2,4
8644,2,3
8645,2,1
8646,2,1
8647,2,3
8648,2,3
8649,2,1
8650,2,1
8651,2,1
8652,2,1
8653,2,1
8654,2,1
8655,2,1
8656,2,3
8657,2,1
8658,2,1
8659,2,1
8660,2,1
8661,2,1
8662,2,1
8663,2,1
8664,2,3
8665,2,3
8666,2,1
8667,2,3
8668,2,3
8669,2,2
8670,2,4
8671,2,4
8672,2,3
8673,2,4
8674,2,3
8675,2,3
8676,2,3
8677,2,1
8678,2,3
8679,2,4
8680,2,2
8681,2,3
8682,2,1
8683,2,2
8684,2,5
8685,2,3
8686,2,4
8687,2,4
8688,2,4
8689,2,3
8690,2,1
8691,2,3
8692,2,1
8693,2,1
8694,2,1
8695,2,3
8696,2,1
8697,2,1
8698,2,1
8699,2,1
8700,2,1
8701,2,1
8702,2,1
8703,2,1
8704,2,1
8705,2,1
8706,2,1
8707,2,1
8708,2,1
8709,2,4
8710,2,3
8711,2,2
8712,2,2
8713,2,4
8714,2,3
8715,2,2
8716,2,2
8717,2,4
8718,2,3
8719,2,2
8720,2,4
8721,2,3
8722,2,4
8723,2,3
8724,2,1
8725,2,1
8726,2,1
8727,2,3
8728,2,1
8729,2,3
8730,2,3
8731,2,3
8732,2,1
8733,2,2
8734,2,1
8735,2,1
8736,2,1
8737,2,1
8738,2,1
8739,2,1
8740,2,1
8741,2,1
8742,2,1
8743,2,1
8744,2,1
8745,2,1
8746,2,1
8747,2,1
8748,2,1
8749,2,1
8750,2,3
8751,2,1
8752,2,5
8753,2,4
8754,2,3
8755,2,1
8756,2,5
8757,2,4
8758,2,1
8759,2,4
8760,2,1
8761,2,3
8762,2,3
8763,2,4
8764,2,4
8765,2,2
8766,2,5
8767,2,3
8768,2,3
8769,2,1
8770,2,5
8771,2,4
8772,2,3
8773,2,3
8774,2,3
8775,2,3
8776,2,3
8777,2,1
8778,2,2
8779,2,1
8780,2,4
8781,2,1
8782,2,1
8783,2,1
8784,2,1
8785,2,1
8786,2,1
8787,2,1
8788,2,1
8789,2,1
8790,2,3
8791,2,1
8792,2,1
8793,2,1
8794,2,5
8795,2,1
8796,2,4
8797,2,2
8798,2,4
8799,2,1
8800,2,3
8801,2,2
8802,2,2
8803,2,3
8804,2,3
8805,2,5
8806,2,1
8807,2,3
8808,2,4
8809,2,4
8810,2,3
8811,2,1
8812,2,1
8813,2,4
8814,2,3
8815,2,1
8816,2,1
8817,2,1
8818,2,1
8819,2,1
8820,2,1
8821,2,1
8822,2,1
8823,2,1
8824,2,1
8825,2,2
8826,2,3
8827,2,2
8828,2,4
8829,2,4
8830,2,3
8831,2,4
8832,2,4
8833,2,4
8834,2,3
8835,2,2
8836,2,4
8837,2,1
8838,2,4
8839,2,3
8840,2,3
8841,2,3
8842,2,3
8843,2,3
8844,2,3
8845,2,1
8846,2,5
8847,2,3
8848,2,1
8849,2,1
8850,2,1
8851,2,1
8852,2,1
8853,2,1
8854,2,1
8855,2,1
8856,2,1
8857,2,1
8858,2,1
8859,2,4
8860,2,3
8861,2,5
8862,2,2
8863,2,4
8864,2,3
8865,2,2
8866,2,1
8867,2,2
8868,2,3
8869,2,3
8870,2,2
8871,2,1
8872,2,2
8873,2,4
8874,2,3
8875,2,2
8876,2,1
8877,2,3
8878,2,2
8879,2,1
8880,2,3
8881,2,3
8882,2,1
8883,2,3
8884,2,1
8885,2,1
8886,2,1
8887,2,1
8888,2,4
8889,2,3
8890,2,1
8891,2,1
8892,2,1
8893,2,1
8894,2,3
8895,2,3
8896,2,1
8897,2,1
8898,2,1
8899,2,1
8900,2,1
8901,2,1
8902,2,1
8903,2,1
8904,2,1
8905,2,1
8906,2,2
8907,2,3
8908,2,4
8909,2,4
8910,2,3
8911,2,3
8912,2,3
8913,2,3
8914,2,5
8915,2,4
8916,2,5
8917,2,5
8918,2,2
8919,2,4
8920,2,4
8921,2,1
8922,2,1
8923,2,1
8924,2,2
8925,2,4
8926,2,2
8927,2,1
8928,2,1
8929,2,1
8930,2,3
8931,2,1
8932,2,1
8933,2,1
8934,2,1
8935,2,1
8936,2,1
8937,2,1
8938,2,1
8939,2,3
8940,2,1
8941,2,4
8942,2,5
8943,2,5
8944,2,4
8945,2,5
8946,2,3
8947,2,3
8948,2,1
8949,2,4
8950,2,4
8951,2,5
8952,2,1
8953,2,1
8954,2,1
8955,2,1
8956,2,1
8957,2,4
8958,2,4
8959,2,1
8960,2,1
8961,2,1
8962,2,1
8963,2,1
8964,2,1
8965,2,1
8966,2,1
8967,2,1
8968,2,3
8969,2,4
8970,2,2
8971,2,3
8972,2,3
8973,2,1
8974,2,4
8975,2,2
8976,2,2
8977,2,3
8978,2,3
8979,2,1
8980,2,5
8981,2,2
8982,2,1
8983,2,3
8984,2,1
8985,2,1
8986,2,1
8987,2,1
8988,2,1
8989,2,1
8990,2,1
8991,2,1
8992,2,2
8993,2,3
8994,2,2
8995,2,1
8996,2,1
8997,2,1
8998,2,1
8999,2,1
9000,2,1
9001,2,1
9002,2,1
9003,2,3
9004,2,1
9005,2,1
9006,2,1
9007,2,1
9008,2,4
9009,2,4
9010,2,5
9011,2,3
9012,2,2
9013,2,3
9014,2,3
9015,2,4
9016,2,2
9017,2,5
9018,2,2
9019,2,2
9020,2,4
9021,2,3
9022,2,3
9023,2,3
9024,2,4
9025,2,3
9026,2,5
9027,2,1
9028,2,3
9029,2,4
9030,2,1
9031,2,2
9032,2,5
9033,2,1
9034,2,1
9035,2,3
9036,2,1
9037,2,1
9038,2,3
9039,2,1
9040,2,4
9041,2,1
9042,2,1
9043,2,1
9044,2,1
9045,2,1
9046,2,1
9047,2,1
9048,2,1
9049,2,1
9050,2,1
9051,2,1
9052,2,1
9053,2,1
9054,2,1
9055,2,1
9056,2,5
9057,2,5
9058,2,1
9059,2,2
9060,2,2
9061,2,3
9062,2,4
9063,2,2
9064,2,5
9065,2,3
9066,2,5
9067,2,3
9068,2,5
9069,2,3
9070,2,4
9071,2,4
9072,2,2
9073,2,5
9074,2,1
9075,2,1
9076,2,2
9077,2,3
9078,2,1
9079,2,1
9080,2,1
9081,2,1
9082,2,1
9083,2,1
9084,2,3
9085,2,1
9086,2,1
9087,2,1
9088,2,1
9089,2,1
9090,2,1
9091,2,3
9092,2,3
9093,2,4
9094,2,3
9095,2,3
9096,2,4
9097,2,3
9098,2,1
9099,2,4
9100,2,5
9101,2,5
9102,2,5
9103,2,2
9104,2,2
9105,2,2
9106,2,3
9107,2,5
9108,2,2
9109,2,1
9110,2,1
9111,2,1
9112,2,3
9113,2,1
9114,2,4
9115,2,3
9116,2,4
9117,2,1
9118,2,1
9119,2,1
9120,2,3
9121,2,1
9122,2,1
9123,2,1
9124,2,1
9125,2,1
9126,2,1
9127,2,3
9128,2,3
9129,2,3
9130,2,4
9131,2,3
9132,2,4
9133,2,1
9134,2,3
9135,2,3
9136,2,3
9137,2,4
9138,2,3
9139,2,3
9140,2,3
9141,2,3
9142,2,2
9143,2,4
9144,2,3
9145,2,1
9146,2,1
9147,2,4
9148,2,3
9149,2,1
9150,2,3
9151,2,1
9152,2,1
9153,2,1
9154,2,1
9155,2,1
9156,2,1
9157,2,1
9158,2,1
9159,2,1
9160,2,3
9161,2,5
9162,2,3
9163,2,4
9164,2,4
9165,2,4
9166,2,3
9167,2,4
9168,2,3
9169,2,2
9170,2,5
9171,2,4
9172,2,4
9173,2,4
9174,2,3
9175,2,5
9176,2,1
9177,2,1
9178,2,1
9179,2,4
9180,2,3
9181,2,1
9182,2,3
9183,2,1
9184,2,1
9185,2,1
9186,2,1
9187,2,1
9188,2,1
9189,2,1
9190,2,1
9191,2,3
9192,2,4
9193,2,3
9194,2,1
9195,2,1
9196,2,5
9197,2,1
9198,2,3
9199,2,3
9200,2,5
9201,2,3
9202,2,4
9203,2,4
9204,2,1
9205,2,4
9206,2,5
9207,2,1
9208,2,1
9209,2,4
9210,2,1
9211,2,4
9212,2,2
9213,2,5
9214,2,1
9215,2,3
9216,2,1
9217,2,1
9218,2,1
9219,2,3
9220,2,1
9221,2,3
9222,2,5
9223,2,1
9224,2,1
9225,2,1
9226,2,1
9227,2,1
9228,2,1
9229,2,1
9230,2,1
9231,2,1
9232,2,5
9233,2,5
9234,2,4
9235,2,3
9236,2,3
9237,2,4
9238,2,4
9239,2,5
9240,2,1
9241,2,1
9242,2,1
9243,2,4
9244,2,3
9245,2,4
9246,2,3
9247,2,1
9248,2,3
9249,2,4
9250,2,3
9251,2,1
9252,2,3
9253,2,1
9254,2,1
9255,2,2
9256,2,3
9257,2,1
9258,2,1
9259,2,1
9260,2,1
9261,2,1
9262,2,1
9263,2,1
9264,2,1
9265,2,1
9266,2,1
9267,2,1
9268,2,1
9269,2,1
9270,2,3
9271,2,2
9272,2,2
9273,2,3
9274,2,5
9275,2,5
9276,2,5
9277,2,1
9278,2,4
9279,2,3
9280,2,3
9281,2,4
9282,2,2
9283,2,5
9284,2,3
9285,2,2
9286,2,5
9287,2,3
9288,2,4
9289,2,3
9290,2,3
9291,2,1
9292,2,1
9293,2,1
9294,2,1
9295,2,1
9296,2,1
9297,2,3
9298,2,1
9299,2,1
9300,2,4
9301,2,4
9302,2,4
9303,2,1
9304,2,3
9305,2,1
9306,2,1
9307,2,3
9308,2,1
9309,2,1
9310,2,1
9311,2,1
9312,2,1
9313,2,1
9314,2,5
9315,2,5
9316,2,3
9317,2,3
9318,2,5
9319,2,5
9320,2,4
9321,2,3
9322,2,3
9323,2,5
9324,2,2
9325,2,4
9326,2,3
9327,2,3
9328,2,4
9329,2,4
9330,2,3
9331,2,4
9332,2,5
9333,2,2
9334,2,1
9335,2,5
9336,2,1
9337,2,1
9338,2,1
9339,2,1
9340,2,1
9341,2,3
9342,2,3
9343,2,1
9344,2,1
9345,2,1
9346,2,1
9347,2,1
9348,2,1
9349,2,3
9350,2,3
9351,2,1
9352,2,1
9353,2,3
9354,2,4
9355,2,2
9356,2,3
9357,2,5
9358,2,2
9359,2,3
9360,2,3
9361,2,3
9362,2,2
9363,2,1
9364,2,3
9365,2,4
9366,2,3
9367,2,3
9368,2,1
9369,2,3
9370,2,1
9371,2,1
9372,2,2
9373,2,2
9374,2,1
9375,2,1
9376,2,1
9377,2,1
9378,2,1
9379,2,1
9380,2,1
9381,2,1
9382,2,1
9383,2,1
9384,2,1
9385,2,1
9386,2,3
9387,2,3
9388,2,1
9389,2,3
9390,2,4
9391,2,3
9392,2,3
9393,2,2
9394,2,3
9395,2,3
9396,2,3
9397,2,3
9398,2,5
9399,2,4
9400,2,5
9401,2,1
9402,2,4
9403,2,3
9404,2,3
9405,2,1
9406,2,1
9407,2,1
9408,2,1
9409,2,1
9410,2,1
9411,2,1
9412,2,1
9413,2,1
9414,2,3
9415,2,1
9416,2,1
9417,2,1
9418,2,1
9419,2,1
9420,2,5
9421,2,5
9422,2,5
9423,2,2
9424,2,1
9425,2,3
9426,2,1
9427,2,4
9428,2,5
9429,2,3
9430,2,1
9431,2,4
9432,2,1
9433,2,4
9434,2,1
9435,2,5
9436,2,2
9437,2,4
9438,2,1
9439,2,2
9440,2,3
9441,2,4
9442,2,4
9443,2,2
9444,2,1
9445,2,1
9446,2,2
9447,2,4
9448,2,1
9449,2,3
9450,2,1
9451,2,3
9452,2,1
9453,2,1
9454,2,1
9455,2,1
9456,2,1
9457,2,1
9458,2,1
9459,2,4
9460,2,3
9461,2,1
9462,2,3
9463,2,3
9464,2,1
9465,2,4
9466,2,3
9467,2,2
9468,2,4
9469,2,4
9470,2,4
9471,2,5
9472,2,5
9473,2,4
9474,2,3
9475,2,2
9476,2,2
9477,2,1
9478,2,5
9479,2,1
9480,2,1
9481,2,4
9482,2,3
9483,2,5
9484,2,3
9485,2,2
9486,2,1
9487,2,1
9488,2,1
9489,2,1
9490,2,3
9491,2,3
9492,2,2
9493,2,3
9494,2,1
9495,2,3
9496,2,1
9497,2,1
9498,2,1
9499,2,1
9500,2,1
9501,2,1
9502,2,4
9503,2,1
9504,2,4
9505,2,5
9506,2,4
9507,2,3
9508,2,3
9509,2,4
9510,2,4
9511,2,4
9512,2,3
9513,2,3
9514,2,2
9515,2,1
9516,2,1
9517,2,1
9518,2,1
9519,2,1
9520,2,3
9521,2,1
9522,2,1
9523,2,1
9524,2,1
9525,2,1
9526,2,1
9527,2,1
9528,2,1
9529,2,1
9530,2,1
9531,2,3
9532,2,1
9533,2,1
9534,2,1
9535,2,1
9536,2,1
9537,2,1
9538,2,1
9539,2,1
9540,2,3
9541,2,4
9542,2,3
9543,2,3
9544,2,4
9545,2,2
9546,2,1
9547,2,2
9548,2,3
9549,2,3
9550,2,4
9551,2,4
9552,2,1
9553,2,3
9554,2,4
9555,2,1
9556,2,1
9557,2,3
9558,2,3
9559,2,1
9560,2,3
9561,2,1
9562,2,1
9563,2,1
9564,2,1
9565,2,1
9566,2,1
9567,2,4
9568,2,2
9569,2,4
9570,2,5
9571,2,5
9572,2,3
9573,2,1
9574,2,3
9575,2,3
9576,2,5
9577,2,3
9578,2,4
9579,2,1
9580,2,3
9581,2,2
9582,2,4
9583,2,4
9584,2,3
9585,2,3
9586,2,1
9587,2,1
9588,2,1
9589,2,1
9590,2,1
9591,2,1
9592,2,1
9593,2,3
9594,2,1
9595,2,1
9596,2,1
9597,2,1
9598,2,3
9599,2,3
9600,2,4
9601,2,5
9602,2,3
9603,2,3
9604,2,4
9605,2,2
9606,2,5
9607,2,4
9608,2,4
9609,2,5
9610,2,1
9611,2,1
9612,2,1
9613,2,1
9614,2,1
9615,2,3
9616,2,3
9617,2,4
9618,2,2
9619,2,1
9620,2,1
9621,2,1
9622,2,1
9623,2,1
9624,2,3
9625,2,1
9626,2,1
9627,2,1
9628,2,1
9629,2,1
9630,2,1
9631,2,1
9632,2,1
9633,2,3
9634,2,3
9635,2,1
9636,2,4
9637,2,3
9638,2,2
9639,2,2
9640,2,3
9641,2,4
9642,2,5
9643,2,1
9644,2,2
9645,2,4
9646,2,1
9647,2,1
9648,2,1
9649,2,1
9650,2,1
9651,2,1
9652,2,1
9653,2,1
9654,2,1
9655,2,1
9656,2,1
9657,2,1
9658,2,3
9659,2,1
9660,2,1
9661,2,1
9662,2,1
9663,2,1
9664,2,1
9665,2,1
9666,2,1
9667,2,3
9668,2,1
9669,2,2
9670,2,2
9671,2,4
9672,2,3
9673,2,3
9674,2,2
9675,2,4
9676,2,3
9677,2,4
9678,2,1
9679,2,4
9680,2,5
9681,2,3
9682,2,4
9683,2,1
9684,2,1
9685,2,1
9686,2,1
9687,2,3
9688,2,1
9689,2,1
9690,2,1
9691,2,3
9692,2,4
9693,2,1
9694,2,1
9695,2,1
9696,2,1
9697,2,1
9698,2,1
9699,2,1
9700,2,1
9701,2,1
9702,2,1
9703,2,4
9704,2,4
9705,2,5
9706,2,5
9707,2,1
9708,2,4
9709,2,3
9710,2,3
9711,2,5
9712,2,2
9713,2,4
9714,2,4
9715,2,1
9716,2,5
9717,2,5
9718,2,4
9719,2,4
9720,2,1
9721,2,1
9722,2,1
9723,2,1
9724,2,1
9725,2,1
9726,2,1
9727,2,1
9728,2,1
9729,2,1
9730,2,1
9731,2,3
9732,2,1
9733,2,1
9734,2,3
9735,2,5
9736,2,5
9737,2,4
9738,2,4
9739,2,3
9740,2,1
9741,2,4
9742,2,5
9743,2,5
9744,2,3
9745,2,4
9746,2,4
9747,2,2
9748,2,1
9749,2,1
9750,2,2
9751,2,3
9752,2,3
9753,2,1
9754,2,3
9755,2,3
9756,2,1
9757,2,1
9758,2,1
9759,2,1
9760,2,1
9761,2,1
9762,2,1
9763,2,1
9764,2,3
9765,2,1
9766,2,5
9767,2,3
9768,2,3
9769,2,3
9770,2,3
9771,2,3
9772,2,5
9773,2,5
9774,2,3
9775,2,4
9776,2,3
9777,2,3
9778,2,2
9779,2,4
9780,2,5
9781,2,3
9782,2,1
9783,2,1
9784,2,1
9785,2,1
9786,2,1
9787,2,2
9788,2,1
9789,2,1
9790,2,1
9791,2,1
9792,2,1
9793,2,1
9794,2,1
9795,2,1
9796,2,1
9797,2,1
9798,2,2
9799,2,2
9800,2,3
9801,2,4
9802,2,4
9803,2,2
9804,2,1
9805,2,4
9806,2,3
9807,2,3
9808,2,2
9809,2,5
9810,2,1
9811,2,2
9812,2,3
9813,2,1
9814,2,3
9815,2,2
9816,2,1
9817,2,3
9818,2,1
9819,2,3
9820,2,1
9821,2,1
9822,2,2
9823,2,1
9824,2,1
9825,2,1
9826,2,1
9827,2,1
9828,2,1
9829,2,1
9830,2,1
9831,2,1
9832,2,1
9833,2,1
9834,2,1
9835,2,5
9836,2,3
9837,2,3
9838,2,4
9839,2,3
9840,2,4
9841,2,1
9842,2,3
9843,2,2
9844,2,5
9845,2,1
9846,2,1
9847,2,4
9848,2,5
9849,2,3
9850,2,4
9851,2,2
9852,2,1
9853,2,5
9854,2,2
9855,2,4
9856,2,3
9857,2,1
9858,2,3
9859,2,1
9860,2,3
9861,2,4
9862,2,2
9863,2,3
9864,2,1
9865,2,1
9866,2,1
9867,2,3
9868,2,1
9869,2,1
9870,2,1
9871,2,1
9872,2,1
9873,2,1
9874,2,1
9875,2,3
9876,2,4
9877,2,4
9878,2,3
9879,2,5
9880,2,5
9881,2,3
9882,2,1
9883,2,3
9884,2,2
9885,2,2
9886,2,3
9887,2,4
9888,2,5
9889,2,1
9890,2,3
9891,2,4
9892,2,5
9893,2,3
9894,2,3
9895,2,4
9896,2,1
9897,2,1
9898,2,1
9899,2,1
9900,2,3
9901,2,1
9902,2,1
9903,2,1
9904,2,3
9905,2,2
9906,2,1
9907,2,5
9908,2,5
9909,2,1
9910,2,1
9911,2,3
9912,2,1
9913,2,1
9914,2,1
9915,2,1
9916,2,3
9917,2,1
9918,2,1
9919,2,3
9920,2,3
9921,2,3
9922,2,5
9923,2,5
9924,2,5
9925,2,2
9926,2,4
9927,2,4
9928,2,2
9929,2,5
9930,2,5
9931,2,3
9932,2,1
9933,2,1
9934,2,1
9935,2,1
9936,2,1
9937,2,1
9938,2,1
9939,2,2
9940,2,3
9941,2,2
9942,2,2
9943,2,2
9944,2,1
9945,2,1
9946,2,1
9947,2,1
9948,2,1
9949,2,1
9950,2,1
9951,2,1
9952,2,1
9953,2,3
9954,2,4
9955,2,4
9956,2,2
9957,2,5
9958,2,4
9959,2,1
9960,2,2
9961,2,1
9962,2,5
9963,2,3
9964,2,5
9965,2,4
9966,2,4
9967,2,4
9968,2,1
9969,2,3
9970,2,4
9971,2,1
9972,2,5
9973,2,5
9974,2,1
9975,2,1
9976,2,5
9977,2,3
9978,2,1
9979,2,1
9980,2,1
9981,2,1
9982,2,1
9983,2,1
9984,2,3
9985,2,3
9986,2,3
9987,2,3
9988,2,3
9989,2,1
9990,2,3
9991,2,3
9992,2,4
9993,2,3
9994,2,3
9995,2,2
9996,2,1
9997,2,1
9998,2,1
9999,2,1
10000,2,1
1,3,3
2,3,3
3,3,3
4,3,1
5,3,1
6,3,1
7,3,1
8,3,1
9,3,1
10,3,1
11,3,1
12,3,1
13,3,3
14,3,3
15,3,3
16,3,3
17,3,4
18,3,4
19,3,3
20,3,2
21,3,2
22,3,1
23,3,4
24,3,5
25,3,4
26,3,5
27,3,1
28,3,3
29,3,4
30,3,2
31,3,1
32,3,4
33,3,2
34,3,4
35,3,2
36,3,1
37,3,1
38,3,1
39,3,1
40,3,1
41,3,1
42,3,1
43,3,1
44,3,1
45,3,4
46,3,3
47,3,1
48,3,3
49,3,4
50,3,5
51,3,5
52,3,4
53,3,4
54,3,3
55,3,3
56,3,5
57,3,5
58,3,4
59,3,2
60,3,4
61,3,3
62,3,1
63,3,4
64,3,1
65,3,2
66,3,1
67,3,3
68,3,2
69,3,5
70,3,4
71,3,1
72,3,1
73,3,1
74,3,1
75,3,1
76,3,1
77,3,1
78,3,1
79,3,1
80,3,1
81,3,1
82,3,1
83,3,1
84,3,1
85,3,1
86,3,1
87,3,2
88,3,3
89,3,5
90,3,4
91,3,2
92,3,4
93,3,5
94,3,3
95,3,2
96,3,5
97,3,4
98,3,2
99,3,5
100,3,4
101,3,3
102,3,3
103,3,3
104,3,4
105,3,3
106,3,1
107,3,1
108,3,3
109,3,1
110,3,1
111,3,1
112,3,1
113,3,4
114,3,1
115,3,3
116,3,1
117,3,1
118,3,1
119,3,1
120,3,1
121,3,3
122,3,1
123,3,3
124,3,1
125,3,1
126,3,5
127,3,2
128,3,4
129,3,4
130,3,4
131,3,3
132,3,2
133,3,2
134,3,5
135,3,3
136,3,2
137,3,2
138,3,4
139,3,5
140,3,4
141,3,1
142,3,3
143,3,4
144,3,2
145,3,5
146,3,3
147,3,2
148,3,3
149,3,5
150,3,1
151,3,1
152,3,3
153,3,3
154,3,1
155,3,1
156,3,1
157,3,1
158,3,1
159,3,1
160,3,1
161,3,1
162,3,1
163,3,1
164,3,1
165,3,1
166,3,3
167,3,3
168,3,3
169,3,2
170,3,3
171,3,4
172,3,3
173,3,2
174,3,5
175,3,5
176,3,2
177,3,1
178,3,4
179,3,4
180,3,1
181,3,5
182,3,2
183,3,2
184,3,4
185,3,3
186,3,4
187,3,1
188,3,3
189,3,4
190,3,3
191,3,3
192,3,3
193,3,5
194,3,5
195,3,1
196,3,1
197,3,2
198,3,2
199,3,4
200,3,3
201,3,1
202,3,1
203,3,1
204,3,1
205,3,1
206,3,1
207,3,1
208,3,1
209,3,1
210,3,1
211,3,1
212,3,1
213,3,1
214,3,1
215,3,1
216,3,3
217,3,3
218,3,3
219,3,4
220,3,4
221,3,1
222,3,3
223,3,4
224,3,3
225,3,3
226,3,4
227,3,3
228,3,4
229,3,4
230,3,1
231,3,1
232,3,4
233,3,1
234,3,1
235,3,1
236,3,1
237,3,1
238,3,1
239,3,1
240,3,3
241,3,1
242,3,1
243,3,1
244,3,1
245,3,1
246,3,1
247,3,4
248,3,1
249,3,4
250,3,3
251,3,5
252,3,3
253,3,3
254,3,3
255,3,5
256,3,4
257,3,4
258,3,4
259,3,2
260,3,1
261,3,3
262,3,1
263,3,3
264,3,5
265,3,5
266,3,4
267,3,4
268,3,3
269,3,1
270,3,5
271,3,3
272,3,1
273,3,1
274,3,3
275,3,5
276,3,2
277,3,1
278,3,1
279,3,1
280,3,1
281,3,1
282,3,1
283,3,1
284,3,1
285,3,4
286,3,4
287,3,3
288,3,3
289,3,4
290,3,2
291,3,3
292,3,2
293,3,4
294,3,1
295,3,1
296,3,1
297,3,1
298,3,1
299,3,1
300,3,2
301,3,4
302,3,3
303,3,1
304,3,1
305,3,1
306,3,3
307,3,1
308,3,3
309,3,1
310,3,1
311,3,1
312,3,1
313,3,1
314,3,1
315,3,1
316,3,1
317,3,1
318,3,1
319,3,1
320,3,3
321,3,2
322,3,5
323,3,2
324,3,4
325,3,4
326,3,4
327,3,2
328,3,3
329,3,5
330,3,3
331,3,3
332,3,4
333,3,5
334,3,4
335,3,3
336,3,3
337,3,4
338,3,3
339,3,3
340,3,3
341,3,1
342,3,1
343,3,3
344,3,5
345,3,1
346,3,2
347,3,1
348,3,1
349,3,1
350,3,1
351,3,1
352,3,1
353,3,3
354,3,1
355,3,1
356,3,3
357,3,1
358,3,1
359,3,1
360,3,1
361,3,1
362,3,1
363,3,1
364,3,3
365,3,2
366,3,3
367,3,3
368,3,3
369,3,5
370,3,5
371,3,1
372,3,4
373,3,3
374,3,1
375,3,5
376,3,3
377,3,4
378,3,3
379,3,3
380,3,5
381,3,1
382,3,1
383,3,3
384,3,2
385,3,2
386,3,1
387,3,3
388,3,3
389,3,1
390,3,1
391,3,1
392,3,1
393,3,1
394,3,3
395,3,4
396,3,5
397,3,2
398,3,4
399,3,3
400,3,1
401,3,3
402,3,5
403,3,4
404,3,4
405,3,4
406,3,2
407,3,4
408,3,4
409,3,4
410,3,3
411,3,4
412,3,4
413,3,4
414,3,3
415,3,1
416,3,5
417,3,1
418,3,4
419,3,3
420,3,1
421,3,1
422,3,1
423,3,2
424,3,4
425,3,4
426,3,1
427,3,1
428,3,1
429,3,1
430,3,1
431,3,1
432,3,1
433,3,1
434,3,1
435,3,1
436,3,3
437,3,1
438,3,3
439,3,3
440,3,3
441,3,5
442,3,3
443,3,4
444,3,3
445,3,4
446,3,3
447,3,5
448,3,3
449,3,4
450,3,3
451,3,4
452,3,4
453,3,4
454,3,3
455,3,4
456,3,5
457,3,1
458,3,1
459,3,1
460,3,1
461,3,1
462,3,4
463,3,4
464,3,1
465,3,1
466,3,1
467,3,1
468,3,1
469,3,3
470,3,1
471,3,1
472,3,1
473,3,1
474,3,4
475,3,3
476,3,4
477,3,1
478,3,1
479,3,3
480,3,1
481,3,4
482,3,2
483,3,4
484,3,4
485,3,3
486,3,1
487,3,3
488,3,1
489,3,5
490,3,1
491,3,1
492,3,1
493,3,2
494,3,2
495,3,1
496,3,1
497,3,1
498,3,1
499,3,1
500,3,1
501,3,1
502,3,1
503,3,1
504,3,1
505,3,1
506,3,1
507,3,1
508,3,1
509,3,1
510,3,1
511,3,1
512,3,1
513,3,1
514,3,4
515,3,1
516,3,5
517,3,4
518,3,5
519,3,2
520,3,2
521,3,2
522,3,1
523,3,5
524,3,4
525,3,3
526,3,1
527,3,4
528,3,5
529,3,1
530,3,1
531,3,1
532,3,1
533,3,1
534,3,1
535,3,1
536,3,1
537,3,4
538,3,4
539,3,2
540,3,1
541,3,1
542,3,1
543,3,1
544,3,1
545,3,1
546,3,1
547,3,1
548,3,1
549,3,1
550,3,5
551,3,1
552,3,1
553,3,5
554,3,4
555,3,3
556,3,4
557,3,3
558,3,1
559,3,3
560,3,5
561,3,3
562,3,3
563,3,5
564,3,4
565,3,2
566,3,4
567,3,4
568,3,3
569,3,3
570,3,1
571,3,4
572,3,1
573,3,3
574,3,1
575,3,1
576,3,3
577,3,1
578,3,3
579,3,1
580,3,3
581,3,1
582,3,1
583,3,3
584,3,1
585,3,1
586,3,1
587,3,1
588,3,4
589,3,2
590,3,5
591,3,3
592,3,3
593,3,4
594,3,4
595,3,3
596,3,4
597,3,2
598,3,4
599,3,4
600,3,1
601,3,3
602,3,4
603,3,3
604,3,1
605,3,3
606,3,3
607,3,1
608,3,3
609,3,2
610,3,2
611,3,1
612,3,1
613,3,1
614,3,1
615,3,1
616,3,1
617,3,1
618,3,1
619,3,1
620,3,1
621,3,1
622,3,3
623,3,4
624,3,4
625,3,4
626,3,3
627,3,3
628,3,3
629,3,3
630,3,2
631,3,4
632,3,4
633,3,3
634,3,4
635,3,1
636,3,3
637,3,1
638,3,1
639,3,3
640,3,1
641,3,1
642,3,1
643,3,1
644,3,1
645,3,1
646,3,1
647,3,1
648,3,1
649,3,1
650,3,1
651,3,2
652,3,3
653,3,3
654,3,5
655,3,4
656,3,4
657,3,3
658,3,5
659,3,2
660,3,3
661,3,4
662,3,4
663,3,3
664,3,3
665,3,3
666,3,4
667,3,3
668,3,3
669,3,1
670,3,3
671,3,3
672,3,1
673,3,1
674,3,3
675,3,1
676,3,1
677,3,1
678,3,1
679,3,1
680,3,1
681,3,1
682,3,1
683,3,1
684,3,1
685,3,1
686,3,1
687,3,4
688,3,1
689,3,4
690,3,3
691,3,3
692,3,2
693,3,5
694,3,4
695,3,4
696,3,5
697,3,4
698,3,3
699,3,3
700,3,3
701,3,2
702,3,2
703,3,1
704,3,4
705,3,4
706,3,1
707,3,3
708,3,1
709,3,1
710,3,1
711,3,1
712,3,3
713,3,4
714,3,1
715,3,1
716,3,1
717,3,1
718,3,1
719,3,3
720,3,1
721,3,1
722,3,1
723,3,1
724,3,3
725,3,1
726,3,1
727,3,1
728,3,1
729,3,1
730,3,1
731,3,1
732,3,3
733,3,3
734,3,3
735,3,4
736,3,1
737,3,4
738,3,5
739,3,2
740,3,1
741,3,1
742,3,1
743,3,3
744,3,3
745,3,2
746,3,1
747,3,1
748,3,1
749,3,1
750,3,1
751,3,3
752,3,1
753,3,3
754,3,1
755,3,1
756,3,1
757,3,1
758,3,3
759,3,3
760,3,1
761,3,4
762,3,4
763,3,3
764,3,1
765,3,5
766,3,2
767,3,3
768,3,1
769,3,3
770,3,5
771,3,4
772,3,4
773,3,1
774,3,1
775,3,1
776,3,2
777,3,5
778,3,3
779,3,3
780,3,1
781,3,3
782,3,1
783,3,1
784,3,1
785,3,1
786,3,1
787,3,1
788,3,1
789,3,1
790,3,4
791,3,5
792,3,3
793,3,3
794,3,2
795,3,1
796,3,3
797,3,2
798,3,3
799,3,3
800,3,4
801,3,5
802,3,3
803,3,3
804,3,4
805,3,5
806,3,4
807,3,4
808,3,3
809,3,4
810,3,3
811,3,3
812,3,3
813,3,1
814,3,2
815,3,3
816,3,1
817,3,1
818,3,1
819,3,1
820,3,1
821,3,1
822,3,1
823,3,3
824,3,5
825,3,3
826,3,3
827,3,3
828,3,3
829,3,1
830,3,3
831,3,1
832,3,1
833,3,1
834,3,1
835,3,5
836,3,3
837,3,3
838,3,3
839,3,5
840,3,3
841,3,5
842,3,5
843,3,4
844,3,3
845,3,5
846,3,4
847,3,5
848,3,2
849,3,4
850,3,4
851,3,4
852,3,3
853,3,2
854,3,2
855,3,5
856,3,4
857,3,2
858,3,2
859,3,5
860,3,5
861,3,4
862,3,3
863,3,4
864,3,5
865,3,5
866,3,5
867,3,5
868,3,5
869,3,4
870,3,5
871,3,5
872,3,5
873,3,4
874,3,5
875,3,4
876,3,4
877,3,5
878,3,5
879,3,5
880,3,5
881,3,4
882,3,5
883,3,5
884,3,5
885,3,4
886,3,4
887,3,2
888,3,4
889,3,5
890,3,5
891,3,4
892,3,4
893,3,4
894,3,5
895,3,4
896,3,1
897,3,2
898,3,2
899,3,2
900,3,2
901,3,5
902,3,4
903,3,4
904,3,4
905,3,5
906,3,4
907,3,5
908,3,4
909,3,5
910,3,5
911,3,5
912,3,4
913,3,5
914,3,4
915,3,4
916,3,5
917,3,4
918,3,4
919,3,5
920,3,5
921,3,5
922,3,5
923,3,5
924,3,5
925,3,5
926,3,5
927,3,4
928,3,4
929,3,3
930,3,4
931,3,5
932,3,4
933,3,4
934,3,5
935,3,4
936,3,3
937,3,2
938,3,2
939,3,2
940,3,2
941,3,4
942,3,4
943,3,2
944,3,3
945,3,4
946,3,2
947,3,2
948,3,4
949,3,2
950,3,4
951,3,5
952,3,5
953,3,4
954,3,5
955,3,5
956,3,4
957,3,5
958,3,5
959,3,4
960,3,5
961,3,3
962,3,4
963,3,5
964,3,4
965,3,4
966,3,4
967,3,3
968,3,3
969,3,4
970,3,3
971,3,4
972,3,4
973,3,5
974,3,4
975,3,4
976,3,4
977,3,2
978,3,5
979,3,4
980,3,5
981,3,5
982,3,5
983,3,5
984,3,5
985,3,5
986,3,5
987,3,4
988,3,5
989,3,4
990,3,5
991,3,4
992,3,5
993,3,5
994,3,5
995,3,5
996,3,5
997,3,5
998,3,4
999,3,5
1000,3,5
1001,3,5
1002,3,5
1003,3,5
1004,3,4
1005,3,5
1006,3,5
1007,3,3
1008,3,5
1009,3,4
1010,3,4
1011,3,5
1012,3,5
1013,3,4
1014,3,5
1015,3,3
1016,3,4
1017,3,4
1018,3,4
1019,3,4
1020,3,2
1021,3,1
1022,3,1
1023,3,1
1024,3,5
1025,3,4
1026,3,1
1027,3,5
1028,3,5
1029,3,5
1030,3,2
1031,3,1
1032,3,2
1033,3,4
1034,3,3
1035,3,5
1036,3,4
1037,3,5
1038,3,5
1039,3,5
1040,3,3
1041,3,5
1042,3,5
1043,3,4
1044,3,4
1045,3,4
1046,3,4
1047,3,4
1048,3,5
1049,3,5
1050,3,3
1051,3,5
1052,3,4
1053,3,4
1054,3,2
1055,3,5
1056,3,4
1057,3,1
1058,3,2
1059,3,5
1060,3,2
1061,3,2
1062,3,2
1063,3,2
1064,3,3
1065,3,5
1066,3,5
1067,3,5
1068,3,5
1069,3,3
1070,3,4
1071,3,4
1072,3,4
1073,3,5
1074,3,5
1075,3,5
1076,3,5
1077,3,3
1078,3,4
1079,3,5
1080,3,5
1081,3,5
1082,3,5
1083,3,5
1084,3,3
1085,3,1
1086,3,4
1087,3,5
1088,3,3
1089,3,3
1090,3,5
1091,3,3
1092,3,4
1093,3,4
1094,3,3
1095,3,5
1096,3,5
1097,3,4
1098,3,4
1099,3,4
1100,3,1
1101,3,4
1102,3,5
1103,3,5
1104,3,4
1105,3,5
1106,3,5
1107,3,5
1108,3,5
1109,3,4
1110,3,5
1111,3,4
1112,3,4
1113,3,5
1114,3,5
1115,3,5
1116,3,5
1117,3,5
1118,3,5
1119,3,5
1120,3,3
1121,3,4
1122,3,3
1123,3,4
1124,3,3
1125,3,4
1126,3,4
1127,3,5
1128,3,3
1129,3,4
1130,3,4
1131,3,2
1132,3,3
1133,3,4
1134,3,4
1135,3,2
1136,3,4
1137,3,4
1138,3,4
1139,3,4
1140,3,5
1141,3,5
1142,3,3
1143,3,5
1144,3,3
1145,3,5
1146,3,5
1147,3,5
1148,3,4
1149,3,5
1150,3,5
1151,3,5
1152,3,5
1153,3,4
1154,3,4
1155,3,5
1156,3,4
1157,3,5
1158,3,4
1159,3,3
1160,3,5
1161,3,5
1162,3,4
1163,3,3
1164,3,4
1165,3,4
1166,3,4
1167,3,1
1168,3,2
1169,3,4
1170,3,4
1171,3,5
1172,3,4
1173,3,4
1174,3,4
1175,3,3
1176,3,5
1177,3,5
1178,3,5
1179,3,5
1180,3,5
1181,3,5
1182,3,4
1183,3,3
1184,3,5
1185,3,3
1186,3,5
1187,3,3
1188,3,4
1189,3,4
1190,3,4
1191,3,5
1192,3,3
1193,3,4
1194,3,2
1195,3,4
1196,3,2
1197,3,5
1198,3,5
1199,3,4
1200,3,3
1201,3,5
1202,3,3
1203,3,4
1204,3,5
1205,3,4
1206,3,4
1207,3,3
1208,3,1
1209,3,2
1210,3,2
1211,3,5
1212,3,2
1213,3,5
1214,3,2
1215,3,4
1216,3,5
1217,3,4
1218,3,5
1219,3,5
1220,3,4
1221,3,5
1222,3,5
1223,3,4
1224,3,5
1225,3,5
1226,3,4
1227,3,5
1228,3,4
1229,3,5
1230,3,5
1231,3,4
1232,3,3
1233,3,2
1234,3,5
1235,3,1
1236,3,2
1237,3,5
1238,3,5
1239,3,4
1240,3,4
1241,3,5
1242,3,2
1243,3,5
1244,3,2
1245,3,4
1246,3,4
1247,3,1
1248,3,4
1249,3,1
1250,3,5
1251,3,3
1252,3,4
1253,3,5
1254,3,5
1255,3,5
1256,3,5
1257,3,5
1258,3,5
1259,3,5
1260,3,5
1261,3,4
1262,3,4
1263,3,4
1264,3,3
1265,3,5
1266,3,5
1267,3,3
1268,3,4
1269,3,1
1270,3,1
1271,3,4
1272,3,3
1273,3,3
1274,3,4
1275,3,4
1276,3,3
1277,3,4
1278,3,2
1279,3,2
1280,3,4
1281,3,4
1282,3,4
1283,3,2
1284,3,1
1285,3,4
1286,3,2
1287,3,4
1288,3,4
1289,3,2
1290,3,1
1291,3,3
1292,3,2
1293,3,2
1294,3,5
1295,3,5
1296,3,4
1297,3,5
1298,3,5
1299,3,5
1300,3,5
1301,3,4
1302,3,5
1303,3,5
1304,3,5
1305,3,5
1306,3,4
1307,3,5
1308,3,4
1309,3,3
1310,3,5
1311,3,4
1312,3,5
1313,3,4
1314,3,5
1315,3,5
1316,3,5
1317,3,5
1318,3,5
1319,3,4
1320,3,3
1321,3,3
1322,3,5
1323,3,4
1324,3,4
1325,3,1
1326,3,4
1327,3,3
1328,3,1
1329,3,4
1330,3,4
1331,3,4
1332,3,4
1333,3,1
1334,3,5
1335,3,3
1336,3,5
1337,3,5
1338,3,3
1339,3,5
1340,3,5
1341,3,5
1342,3,5
1343,3,5
1344,3,5
1345,3,4
1346,3,4
1347,3,4
1348,3,5
1349,3,5
1350,3,5
1351,3,5
1352,3,4
1353,3,5
1354,3,4
1355,3,5
1356,3,4
1357,3,5
1358,3,5
1359,3,5
1360,3,3
1361,3,5
1362,3,5
1363,3,4
1364,3,2
1365,3,4
1366,3,5
1367,3,2
1368,3,5
1369,3,3
1370,3,5
1371,3,5
1372,3,3
1373,3,4
1374,3,5
1375,3,5
1376,3,5
1377,3,4
1378,3,5
1379,3,5
1380,3,5
1381,3,4
1382,3,5
1383,3,5
1384,3,4
1385,3,5
1386,3,5
1387,3,4
1388,3,4
1389,3,5
1390,3,5
1391,3,5
1392,3,5
1393,3,3
1394,3,4
1395,3,4
1396,3,3
1397,3,4
1398,3,4
1399,3,5
1400,3,5
1401,3,4
1402,3,3
1403,3,4
1404,3,4
1405,3,4
1406,3,4
1407,3,2
1408,3,5
1409,3,2
1410,3,4
1411,3,4
1412,3,4
1413,3,2
1414,3,4
1415,3,4
1416,3,5
1417,3,3
1418,3,4
1419,3,4
1420,3,4
1421,3,5
1422,3,5
1423,3,5
1424,3,4
1425,3,5
1426,3,5
1427,3,5
1428,3,4
1429,3,2
1430,3,4
1431,3,1
1432,3,4
1433,3,1
1434,3,4
1435,3,4
1436,3,5
1437,3,3
1438,3,2
1439,3,3
1440,3,5
1441,3,5
1442,3,5
1443,3,5
1444,3,3
1445,3,5
1446,3,3
1447,3,5
1448,3,5
1449,3,5
1450,3,5
1451,3,5
1452,3,3
1453,3,4
1454,3,5
1455,3,5
1456,3,4
1457,3,5
1458,3,5
1459,3,4
1460,3,4
1461,3,5
1462,3,4
1463,3,3
1464,3,5
1465,3,2
1466,3,4
1467,3,4
1468,3,5
1469,3,4
1470,3,5
1471,3,4
1472,3,3
1473,3,3
1474,3,2
1475,3,4
1476,3,2
1477,3,4
1478,3,4
1479,3,5
1480,3,5
1481,3,4
1482,3,4
1483,3,5
1484,3,4
1485,3,5
1486,3,3
1487,3,5
1488,3,5
1489,3,4
1490,3,3
1491,3,5
1492,3,5
1493,3,4
1494,3,4
1495,3,4
1496,3,5
1497,3,5
1498,3,5
1499,3,4
1500,3,5
1501,3,4
1502,3,5
1503,3,4
1504,3,5
1505,3,4
1506,3,4
1507,3,5
1508,3,4
1509,3,4
1510,3,1
1511,3,4
1512,3,2
1513,3,2
1514,3,4
1515,3,3
1516,3,2
1517,3,4
1518,3,3
1519,3,1
1520,3,4
1521,3,5
1522,3,2
1523,3,4
1524,3,5
1525,3,5
1526,3,5
1527,3,5
1528,3,5
1529,3,5
1530,3,5
1531,3,5
1532,3,5
1533,3,5
1534,3,5
1535,3,5
1536,3,3
1537,3,5
1538,3,5
1539,3,5
1540,3,4
1541,3,5
1542,3,5
1543,3,4
1544,3,4
1545,3,3
1546,3,3
1547,3,5
1548,3,4
1549,3,4
1550,3,5
1551,3,4
1552,3,4
1553,3,3
1554,3,2
1555,3,3
1556,3,4
1557,3,5
1558,3,4
1559,3,4
1560,3,2
1561,3,1
1562,3,4
1563,3,5
1564,3,4
1565,3,5
1566,3,4
1567,3,5
1568,3,4
1569,3,4
1570,3,5
1571,3,4
1572,3,5
1573,3,5
1574,3,5
1575,3,5
1576,3,4
1577,3,4
1578,3,4
1579,3,5
1580,3,3
1581,3,5
1582,3,2
1583,3,4
1584,3,5
1585,3,4
1586,3,1
1587,3,4
1588,3,2
1589,3,2
1590,3,4
1591,3,4
1592,3,1
1593,3,2
1594,3,4
1595,3,3
1596,3,2
1597,3,4
1598,3,5
1599,3,2
1600,3,1
1601,3,2
1602,3,5
1603,3,5
1604,3,4
1605,3,3
1606,3,3
1607,3,5
1608,3,5
1609,3,4
1610,3,5
1611,3,5
1612,3,5
1613,3,4
1614,3,5
1615,3,4
1616,3,5
1617,3,5
1618,3,5
1619,3,5
1620,3,5
1621,3,4
1622,3,5
1623,3,4
1624,3,4
1625,3,5
1626,3,4
1627,3,4
1628,3,4
1629,3,3
1630,3,5
1631,3,5
1632,3,1
1633,3,4
1634,3,4
1635,3,2
1636,3,2
1637,3,4
1638,3,4
1639,3,3
1640,3,2
1641,3,5
1642,3,4
1643,3,4
1644,3,5
1645,3,5
1646,3,4
1647,3,4
1648,3,3
1649,3,4
1650,3,5
1651,3,3
1652,3,5
1653,3,5
1654,3,5
1655,3,3
1656,3,5
1657,3,4
1658,3,5
1659,3,5
1660,3,5
1661,3,5
1662,3,5
1663,3,4
1664,3,3
1665,3,4
1666,3,5
1667,3,4
1668,3,2
1669,3,4
1670,3,2
1671,3,2
1672,3,2
1673,3,4
1674,3,4
1675,3,2
1676,3,4
1677,3,5
1678,3,5
1679,3,5
1680,3,5
1681,3,5
1682,3,5
1683,3,5
1684,3,5
1685,3,4
1686,3,5
1687,3,4
1688,3,5
1689,3,4
1690,3,4
1691,3,3
1692,3,5
1693,3,5
1694,3,3
1695,3,4
1696,3,5
1697,3,4
1698,3,4
1699,3,3
1700,3,5
1701,3,4
1702,3,5
1703,3,5
1704,3,2
1705,3,2
1706,3,2
1707,3,2
1708,3,3
1709,3,4
1710,3,4
1711,3,4
1712,3,3
1713,3,5
1714,3,1
1715,3,2
1716,3,5
1717,3,5
1718,3,5
1719,3,5
1720,3,4
1721,3,5
1722,3,5
1723,3,4
1724,3,4
1725,3,5
1726,3,5
1727,3,4
1728,3,5
1729,3,5
1730,3,5
1731,3,5
1732,3,4
1733,3,4
1734,3,4
1735,3,5
1736,3,5
1737,3,4
1738,3,5
1739,3,2
1740,3,5
1741,3,5
1742,3,4
1743,3,3
1744,3,5
1745,3,4
1746,3,4
1747,3,4
1748,3,3
1749,3,1
1750,3,5
1751,3,4
1752,3,3
1753,3,4
1754,3,4
1755,3,5
1756,3,5
1757,3,5
1758,3,5
1759,3,5
1760,3,5
1761,3,5
1762,3,4
1763,3,4
1764,3,4
1765,3,5
1766,3,5
1767,3,5
1768,3,4
1769,3,4
1770,3,5
1771,3,5
1772,3,4
1773,3,5
1774,3,4
1775,3,5
1776,3,4
1777,3,5
1778,3,5
1779,3,2
1780,3,4
1781,3,1
1782,3,5
1783,3,3
1784,3,5
1785,3,4
1786,3,4
1787,3,1
1788,3,2
1789,3,5
1790,3,5
1791,3,5
1792,3,5
1793,3,5
1794,3,5
1795,3,5
1796,3,5
1797,3,4
1798,3,5
1799,3,5
1800,3,5
1801,3,4
1802,3,5
1803,3,4
1804,3,5
1805,3,4
1806,3,5
1807,3,4
1808,3,5
1809,3,5
1810,3,4
1811,3,1
1812,3,5
1813,3,3
1814,3,3
1815,3,5
1816,3,5
1817,3,4
1818,3,2
1819,3,3
1820,3,5
1821,3,4
1822,3,3
1823,3,5
1824,3,4
1825,3,5
1826,3,5
1827,3,5
1828,3,4
1829,3,5
1830,3,5
1831,3,5
1832,3,4
1833,3,4
1834,3,5
1835,3,5
1836,3,5
1837,3,5
1838,3,2
1839,3,4
1840,3,5
1841,3,2
1842,3,4
1843,3,4
1844,3,4
1845,3,5
1846,3,4
1847,3,4
1848,3,3
1849,3,2
1850,3,4
1851,3,5
1852,3,4
1853,3,3
1854,3,2
1855,3,4
1856,3,2
1857,3,4
1858,3,1
1859,3,2
1860,3,2
1861,3,5
1862,3,5
1863,3,5
1864,3,5
1865,3,4
1866,3,5
1867,3,5
1868,3,4
1869,3,5
1870,3,5
1871,3,5
1872,3,4
1873,3,5
1874,3,4
1875,3,5
1876,3,3
1877,3,5
1878,3,5
1879,3,3
1880,3,5
1881,3,4
1882,3,5
1883,3,4
1884,3,4
1885,3,2
1886,3,4
1887,3,2
1888,3,4
1889,3,3
1890,3,5
1891,3,2
1892,3,4
1893,3,4
1894,3,2
1895,3,3
1896,3,3
1897,3,4
1898,3,4
1899,3,3
1900,3,5
1901,3,4
1902,3,4
1903,3,3
1904,3,5
1905,3,3
1906,3,5
1907,3,5
1908,3,5
1909,3,5
1910,3,5
1911,3,5
1912,3,5
1913,3,3
1914,3,5
1915,3,5
1916,3,5
1917,3,5
1918,3,5
1919,3,5
1920,3,2
1921,3,4
1922,3,5
1923,3,5
1924,3,3
1925,3,4
1926,3,4
1927,3,4
1928,3,4
1929,3,2
1930,3,4
1931,3,1
1932,3,4
1933,3,1
1934,3,4
1935,3,5
1936,3,5
1937,3,2
1938,3,2
1939,3,4
1940,3,2
1941,3,4
1942,3,2
1943,3,1
1944,3,4
1945,3,5
1946,3,5
1947,3,5
1948,3,5
1949,3,4
1950,3,4
1951,3,5
1952,3,5
1953,3,4
1954,3,5
1955,3,5
1956,3,5
1957,3,5
1958,3,5
1959,3,5
1960,3,5
1961,3,5
1962,3,5
1963,3,5
1964,3,5
1965,3,5
1966,3,5
1967,3,5
1968,3,5
1969,3,4
1970,3,5
1971,3,2
1972,3,4
1973,3,5
1974,3,5
1975,3,4
1976,3,4
1977,3,4
1978,3,4
1979,3,4
1980,3,5
1981,3,2
1982,3,3
1983,3,4
1984,3,4
1985,3,4
1986,3,3
1987,3,3
1988,3,5
1989,3,4
1990,3,5
1991,3,4
1992,3,5
1993,3,4
1994,3,5
1995,3,5
1996,3,5
1997,3,5
1998,3,3
1999,3,4
2000,3,5
2001,3,5
2002,3,5
2003,3,4
2004,3,4
2005,3,5
2006,3,2
2007,3,3
2008,3,4
2009,3,2
2010,3,5
2011,3,4
2012,3,2
2013,3,2
2014,3,4
2015,3,4
2016,3,4
2017,3,4
2018,3,1
2019,3,5
2020,3,2
2021,3,2
2022,3,5
2023,3,5
2024,3,5
2025,3,5
2026,3,5
2027,3,4
2028,3,4
2029,3,4
2030,3,5
2031,3,5
2032,3,5
2033,3,5
2034,3,5
2035,3,5
2036,3,4
2037,3,4
2038,3,5
2039,3,4
2040,3,4
2041,3,5
2042,3,4
2043,3,5
2044,3,5
2045,3,5
2046,3,4
2047,3,5
2048,3,5
2049,3,5
2050,3,4
2051,3,2
2052,3,5
2053,3,5
2054,3,4
2055,3,5
2056,3,5
2057,3,4
2058,3,3
2059,3,4
2060,3,2
2061,3,2
2062,3,1
2063,3,3
2064,3,2
2065,3,4
2066,3,1
2067,3,5
2068,3,2
2069,3,5
2070,3,1
2071,3,4
2072,3,5
2073,3,5
2074,3,4
2075,3,4
2076,3,5
2077,3,5
2078,3,4
2079,3,3
2080,3,5
2081,3,5
2082,3,5
2083,3,4
2084,3,4
2085,3,5
2086,3,5
2087,3,5
2088,3,5
2089,3,5
2090,3,5
2091,3,4
2092,3,4
2093,3,3
2094,3,1
2095,3,2
2096,3,5
2097,3,5
2098,3,5
2099,3,5
2100,3,2
2101,3,2
2102,3,1
2103,3,5
2104,3,5
2105,3,4
2106,3,3
2107,3,4
2108,3,3
2109,3,5
2110,3,5
2111,3,4
2112,3,4
2113,3,5
2114,3,4
2115,3,5
2116,3,4
2117,3,5
2118,3,5
2119,3,4
2120,3,4
2121,3,5
2122,3,4
2123,3,3
2124,3,3
2125,3,5
2126,3,5
2127,3,5
2128,3,5
2129,3,4
2130,3,4
2131,3,1
2132,3,4
2133,3,4
2134,3,4
2135,3,4
2136,3,4
2137,3,4
2138,3,4
2139,3,5
2140,3,5
2141,3,4
2142,3,5
2143,3,5
2144,3,5
2145,3,4
2146,3,5
2147,3,5
2148,3,5
2149,3,5
2150,3,5
2151,3,5
2152,3,5
2153,3,5
2154,3,5
2155,3,5
2156,3,5
2157,3,4
2158,3,3
2159,3,5
2160,3,5
2161,3,2
2162,3,5
2163,3,4
2164,3,4
2165,3,5
2166,3,4
2167,3,5
2168,3,4
2169,3,1
2170,3,4
2171,3,4
2172,3,4
2173,3,5
2174,3,2
2175,3,4
2176,3,2
2177,3,5
2178,3,3
2179,3,5
2180,3,4
2181,3,5
2182,3,5
2183,3,4
2184,3,5
2185,3,5
2186,3,5
2187,3,5
2188,3,5
2189,3,2
2190,3,2
2191,3,5
2192,3,4
2193,3,4
2194,3,5
2195,3,4
2196,3,2
2197,3,2
2198,3,4
2199,3,4
2200,3,4
2201,3,4
2202,3,4
2203,3,4
2204,3,5
2205,3,4
2206,3,2
2207,3,3
2208,3,4
2209,3,4
2210,3,5
2211,3,4
2212,3,5
2213,3,5
2214,3,5
2215,3,4
2216,3,5
2217,3,5
2218,3,5
2219,3,5
2220,3,5
2221,3,5
2222,3,5
2223,3,5
2224,3,5
2225,3,5
2226,3,5
2227,3,5
2228,3,5
2229,3,5
2230,3,3
2231,3,4
2232,3,4
2233,3,5
2234,3,4
2235,3,3
2236,3,1
2237,3,4
2238,3,1
2239,3,4
2240,3,5
2241,3,1
2242,3,2
2243,3,4
2244,3,4
2245,3,1
2246,3,5
2247,3,5
2248,3,5
2249,3,4
2250,3,5
2251,3,5
2252,3,5
2253,3,5
2254,3,4
2255,3,4
2256,3,5
2257,3,5
2258,3,5
2259,3,4
2260,3,5
2261,3,4
2262,3,4
2263,3,4
2264,3,3
2265,3,2
2266,3,4
2267,3,1
2268,3,2
2269,3,4
2270,3,2
2271,3,1
2272,3,1
2273,3,1
2274,3,1
2275,3,4
2276,3,3
2277,3,3
2278,3,1
2279,3,1
2280,3,4
2281,3,5
2282,3,1
2283,3,4
2284,3,4
2285,3,4
2286,3,4
2287,3,4
2288,3,5
2289,3,5
2290,3,1
2291,3,5
2292,3,5
2293,3,5
2294,3,5
2295,3,4
2296,3,2
2297,3,1
2298,3,1
2299,3,1
2300,3,3
2301,3,5
2302,3,1
2303,3,1
2304,3,4
2305,3,1
2306,3,4
2307,3,4
2308,3,4
2309,3,5
2310,3,4
2311,3,5
2312,3,5
2313,3,4
2314,3,5
2315,3,2
2316,3,4
2317,3,4
2318,3,5
2319,3,4
2320,3,5
2321,3,5
2322,3,1
2323,3,5
2324,3,5
2325,3,5
2326,3,2
2327,3,3
2328,3,3
2329,3,3
2330,3,5
2331,3,4
2332,3,3
2333,3,5
2334,3,4
2335,3,1
2336,3,3
2337,3,4
2338,3,4
2339,3,1
2340,3,1
2341,3,1
2342,3,5
2343,3,1
2344,3,5
2345,3,1
2346,3,5
2347,3,5
2348,3,5
2349,3,1
2350,3,4
2351,3,4
2352,3,5
2353,3,3
2354,3,3
2355,3,4
2356,3,3
2357,3,3
2358,3,4
2359,3,4
2360,3,4
2361,3,5
2362,3,3
2363,3,4
2364,3,3
2365,3,5
2366,3,4
2367,3,1
2368,3,3
2369,3,1
2370,3,2
2371,3,2
2372,3,4
2373,3,1
2374,3,1
2375,3,1
2376,3,5
2377,3,3
2378,3,1
2379,3,4
2380,3,1
2381,3,4
2382,3,1
2383,3,1
2384,3,5
2385,3,1
2386,3,2
2387,3,4
2388,3,3
2389,3,5
2390,3,5
2391,3,5
2392,3,5
2393,3,5
2394,3,5
2395,3,3
2396,3,5
2397,3,4
2398,3,3
2399,3,1
2400,3,5
2401,3,4
2402,3,2
2403,3,4
2404,3,5
2405,3,1
2406,3,4
2407,3,3
2408,3,1
2409,3,1
2410,3,5
2411,3,1
2412,3,1
2413,3,5
2414,3,3
2415,3,4
2416,3,4
2417,3,4
2418,3,2
2419,3,1
2420,3,4
2421,3,5
2422,3,4
2423,3,4
2424,3,1
2425,3,1
2426,3,1
2427,3,3
2428,3,3
2429,3,4
2430,3,4
2431,3,2
2432,3,4
2433,3,1
2434,3,1
2435,3,4
2436,3,4
2437,3,1
2438,3,1
2439,3,1
2440,3,1
2441,3,4
2442,3,5
2443,3,5
2444,3,4
2445,3,5
2446,3,5
2447,3,5
2448,3,1
2449,3,3
2450,3,3
2451,3,4
2452,3,3
2453,3,4
2454,3,4
2455,3,3
2456,3,1
2457,3,4
2458,3,4
2459,3,2
2460,3,1
2461,3,1
2462,3,1
2463,3,1
2464,3,2
2465,3,1
2466,3,1
2467,3,1
2468,3,5
2469,3,1
2470,3,4
2471,3,1
2472,3,4
2473,3,4
2474,3,4
2475,3,2
2476,3,5
2477,3,5
2478,3,2
2479,3,5
2480,3,5
2481,3,4
2482,3,3
2483,3,5
2484,3,4
2485,3,3
2486,3,5
2487,3,4
2488,3,1
2489,3,1
2490,3,1
2491,3,5
2492,3,4
2493,3,1
2494,3,5
2495,3,4
2496,3,4
2497,3,1
2498,3,5
2499,3,5
2500,3,3
2501,3,5
2502,3,5
2503,3,5
2504,3,5
2505,3,2
2506,3,5
2507,3,3
2508,3,3
2509,3,5
2510,3,5
2511,3,4
2512,3,4
2513,3,5
2514,3,5
2515,3,5
2516,3,5
2517,3,5
2518,3,5
2519,3,3
2520,3,1
2521,3,1
2522,3,3
2523,3,1
2524,3,5
2525,3,2
2526,3,1
2527,3,1
2528,3,1
2529,3,4
2530,3,3
2531,3,4
2532,3,4
2533,3,1
2534,3,1
2535,3,3
2536,3,5
2537,3,1
2538,3,4
2539,3,5
2540,3,4
2541,3,5
2542,3,4
2543,3,4
2544,3,4
2545,3,4
2546,3,3
2547,3,5
2548,3,3
2549,3,1
2550,3,5
2551,3,4
2552,3,5
2553,3,4
2554,3,3
2555,3,2
2556,3,4
2557,3,1
2558,3,1
2559,3,1
2560,3,2
2561,3,1
2562,3,1
2563,3,1
2564,3,3
2565,3,1
2566,3,1
2567,3,4
2568,3,4
2569,3,3
2570,3,5
2571,3,5
2572,3,3
2573,3,3
2574,3,3
2575,3,5
2576,3,4
2577,3,3
2578,3,2
2579,3,4
2580,3,5
2581,3,4
2582,3,5
2583,3,5
2584,3,2
2585,3,1
2586,3,5
2587,3,5
2588,3,4
2589,3,1
2590,3,3
2591,3,5
2592,3,1
2593,3,2
2594,3,4
2595,3,1
2596,3,1
2597,3,2
2598,3,5
2599,3,5
2600,3,1
2601,3,1
2602,3,3
2603,3,5
2604,3,4
2605,3,5
2606,3,5
2607,3,5
2608,3,4
2609,3,5
2610,3,5
2611,3,5
2612,3,4
2613,3,2
2614,3,4
2615,3,5
2616,3,5
2617,3,2
2618,3,3
2619,3,4
2620,3,3
2621,3,5
2622,3,4
2623,3,1
2624,3,1
2625,3,5
2626,3,4
2627,3,1
2628,3,4
2629,3,1
2630,3,4
2631,3,4
2632,3,1
2633,3,1
2634,3,4
2635,3,2
2636,3,1
2637,3,2
2638,3,1
2639,3,5
2640,3,3
2641,3,5
2642,3,5
2643,3,4
2644,3,3
2645,3,5
2646,3,4
2647,3,5
2648,3,4
2649,3,4
2650,3,1
2651,3,3
2652,3,1
2653,3,1
2654,3,3
2655,3,4
2656,3,2
2657,3,2
2658,3,5
2659,3,4
2660,3,3
2661,3,2
2662,3,1
2663,3,2
2664,3,3
2665,3,4
2666,3,1
2667,3,1
2668,3,2
2669,3,5
2670,3,5
2671,3,5
2672,3,5
2673,3,2
2674,3,4
2675,3,5
2676,3,5
2677,3,5
2678,3,3
2679,3,4
2680,3,5
2681,3,5
2682,3,2
2683,3,1
2684,3,3
2685,3,1
2686,3,3
2687,3,5
2688,3,3
2689,3,3
2690,3,1
2691,3,1
2692,3,1
2693,3,1
2694,3,5
2695,3,3
2696,3,2
2697,3,1
2698,3,5
2699,3,1
2700,3,2
2701,3,2
2702,3,1
2703,3,5
2704,3,3
2705,3,4
2706,3,5
2707,3,1
2708,3,5
2709,3,5
2710,3,3
2711,3,3
2712,3,4
2713,3,1
2714,3,5
2715,3,5
2716,3,4
2717,3,5
2718,3,5
2719,3,4
2720,3,5
2721,3,4
2722,3,5
2723,3,1
2724,3,5
2725,3,4
2726,3,5
2727,3,3
2728,3,1
2729,3,2
2730,3,1
2731,3,2
2732,3,1
2733,3,2
2734,3,1
2735,3,3
2736,3,1
2737,3,4
2738,3,2
2739,3,5
2740,3,4
2741,3,4
2742,3,3
2743,3,2
2744,3,3
2745,3,4
2746,3,5
2747,3,3
2748,3,5
2749,3,5
2750,3,5
2751,3,2
2752,3,3
2753,3,1
2754,3,2
2755,3,5
2756,3,4
2757,3,4
2758,3,4
2759,3,1
2760,3,4
2761,3,4
2762,3,1
2763,3,2
2764,3,4
2765,3,4
2766,3,2
2767,3,1
2768,3,3
2769,3,2
2770,3,1
2771,3,1
2772,3,1
2773,3,2
2774,3,1
2775,3,1
2776,3,1
2777,3,1
2778,3,5
2779,3,5
2780,3,5
2781,3,4
2782,3,3
2783,3,4
2784,3,2
2785,3,1
2786,3,5
2787,3,5
2788,3,3
2789,3,4
2790,3,1
2791,3,3
2792,3,4
2793,3,4
2794,3,4
2795,3,1
2796,3,4
2797,3,1
2798,3,1
2799,3,1
2800,3,1
2801,3,4
2802,3,5
2803,3,3
2804,3,5
2805,3,5
2806,3,3
2807,3,4
2808,3,3
2809,3,3
2810,3,2
2811,3,5
2812,3,5
2813,3,5
2814,3,5
2815,3,5
2816,3,5
2817,3,4
2818,3,2
2819,3,3
2820,3,5
2821,3,5
2822,3,4
2823,3,1
2824,3,3
2825,3,5
2826,3,5
2827,3,4
2828,3,4
2829,3,3
2830,3,4
2831,3,4
2832,3,1
2833,3,1
2834,3,1
2835,3,1
2836,3,1
2837,3,1
2838,3,1
2839,3,1
2840,3,1
2841,3,3
2842,3,4
2843,3,4
2844,3,3
2845,3,2
2846,3,3
2847,3,5
2848,3,5
2849,3,4
2850,3,4
2851,3,3
2852,3,3
2853,3,4
2854,3,5
2855,3,3
2856,3,3
2857,3,1
2858,3,2
2859,3,5
2860,3,3
2861,3,3
2862,3,2
2863,3,1
2864,3,5
2865,3,1
2866,3,5
2867,3,1
2868,3,2
2869,3,2
2870,3,1
2871,3,1
2872,3,5
2873,3,1
2874,3,3
2875,3,3
2876,3,5
2877,3,3
2878,3,2
2879,3,5
2880,3,3
2881,3,3
2882,3,3
2883,3,3
2884,3,1
2885,3,5
2886,3,3
2887,3,5
2888,3,5
2889,3,5
2890,3,5
2891,3,4
2892,3,1
2893,3,1
2894,3,1
2895,3,1
2896,3,4
2897,3,5
2898,3,4
2899,3,5
2900,3,3
2901,3,1
2902,3,1
2903,3,1
2904,3,1
2905,3,4
2906,3,1
2907,3,1
2908,3,1
2909,3,1
2910,3,1
2911,3,1
2912,3,4
2913,3,5
2914,3,4
2915,3,4
2916,3,1
2917,3,4
2918,3,5
2919,3,5
2920,3,5
2921,3,3
2922,3,4
2923,3,3
2924,3,2
2925,3,4
2926,3,4
2927,3,4
2928,3,4
2929,3,4
2930,3,5
2931,3,4
2932,3,5
2933,3,3
2934,3,5
2935,3,5
2936,3,1
2937,3,4
2938,3,5
2939,3,5
2940,3,4
2941,3,1
2942,3,2
2943,3,1
2944,3,4
2945,3,5
2946,3,4
2947,3,1
2948,3,1
2949,3,4
2950,3,4
2951,3,5
2952,3,1
2953,3,4
2954,3,1
2955,3,5
2956,3,1
2957,3,5
2958,3,5
2959,3,3
2960,3,1
2961,3,5
2962,3,4
2963,3,4
2964,3,4
2965,3,3
2966,3,1
2967,3,4
2968,3,5
2969,3,4
2970,3,4
2971,3,4
2972,3,5
2973,3,3
2974,3,5
2975,3,4
2976,3,1
2977,3,1
2978,3,1
2979,3,3
2980,3,1
2981,3,3
2982,3,2
2983,3,1
2984,3,2
2985,3,1
2986,3,1
2987,3,4
2988,3,4
2989,3,1
2990,3,1
2991,3,3
2992,3,5
2993,3,4
2994,3,4
2995,3,4
2996,3,4
2997,3,5
2998,3,2
2999,3,5
3000,3,5
3001,3,5
3002,3,3
3003,3,5
3004,3,4
3005,3,5
3006,3,4
3007,3,5
3008,3,1
3009,3,4
3010,3,1
3011,3,1
3012,3,4
3013,3,5
3014,3,1
3015,3,5
3016,3,5
3017,3,5
3018,3,2
3019,3,5
3020,3,4
3021,3,3
3022,3,4
3023,3,5
3024,3,4
3025,3,3
3026,3,4
3027,3,5
3028,3,3
3029,3,3
3030,3,3
3031,3,5
3032,3,5
3033,3,3
3034,3,4
3035,3,1
3036,3,5
3037,3,2
3038,3,4
3039,3,4
3040,3,1
3041,3,3
3042,3,3
3043,3,5
3044,3,4
3045,3,1
3046,3,1
3047,3,4
3048,3,2
3049,3,4
3050,3,1
3051,3,3
3052,3,4
3053,3,4
3054,3,4
3055,3,3
3056,3,4
3057,3,5
3058,3,2
3059,3,5
3060,3,3
3061,3,5
3062,3,1
3063,3,4
3064,3,4
3065,3,5
3066,3,4
3067,3,5
3068,3,3
3069,3,4
3070,3,5
3071,3,4
3072,3,5
3073,3,4
3074,3,4
3075,3,4
3076,3,1
3077,3,1
3078,3,3
3079,3,5
3080,3,4
3081,3,4
3082,3,3
3083,3,4
3084,3,5
3085,3,4
3086,3,1
3087,3,5
3088,3,1
3089,3,3
3090,3,2
3091,3,1
3092,3,1
3093,3,5
3094,3,1
3095,3,4
3096,3,1
3097,3,1
3098,3,5
3099,3,2
3100,3,4
3101,3,5
3102,3,3
3103,3,5
3104,3,5
3105,3,5
3106,3,4
3107,3,3
3108,3,5
3109,3,1
3110,3,4
3111,3,5
3112,3,4
3113,3,5
3114,3,4
3115,3,5
3116,3,4
3117,3,4
3118,3,1
3119,3,5
3120,3,3
3121,3,2
3122,3,3
3123,3,5
3124,3,2
3125,3,1
3126,3,4
3127,3,3
3128,3,1
3129,3,5
3130,3,4
3131,3,4
3132,3,1
3133,3,3
3134,3,1
3135,3,4
3136,3,5
3137,3,1
3138,3,1
3139,3,1
3140,3,3
3141,3,1
3142,3,4
3143,3,4
3144,3,1
3145,3,1
3146,3,1
3147,3,4
3148,3,5
3149,3,5
3150,3,5
3151,3,5
3152,3,3
3153,3,4
3154,3,5
3155,3,5
3156,3,5
3157,3,3
3158,3,4
3159,3,4
3160,3,4
3161,3,4
3162,3,5
3163,3,1
3164,3,1
3165,3,5
3166,3,5
3167,3,1
3168,3,1
3169,3,4
3170,3,4
3171,3,4
3172,3,3
3173,3,1
3174,3,1
3175,3,4
3176,3,4
3177,3,5
3178,3,2
3179,3,3
3180,3,5
3181,3,2
3182,3,4
3183,3,2
3184,3,3
3185,3,3
3186,3,2
3187,3,5
3188,3,3
3189,3,3
3190,3,5
3191,3,5
3192,3,5
3193,3,3
3194,3,4
3195,3,5
3196,3,2
3197,3,3
3198,3,4
3199,3,4
3200,3,3
3201,3,5
3202,3,4
3203,3,1
3204,3,3
3205,3,4
3206,3,4
3207,3,5
3208,3,4
3209,3,1
3210,3,1
3211,3,4
3212,3,1
3213,3,1
3214,3,1
3215,3,2
3216,3,5
3217,3,3
3218,3,1
3219,3,2
3220,3,1
3221,3,1
3222,3,5
3223,3,1
3224,3,4
3225,3,5
3226,3,3
3227,3,5
3228,3,5
3229,3,3
3230,3,5
3231,3,4
3232,3,1
3233,3,5
3234,3,5
3235,3,5
3236,3,4
3237,3,5
3238,3,3
3239,3,4
3240,3,4
3241,3,2
3242,3,5
3243,3,5
3244,3,5
3245,3,5
3246,3,3
3247,3,1
3248,3,1
3249,3,4
3250,3,1
3251,3,1
3252,3,4
3253,3,1
3254,3,5
3255,3,1
3256,3,3
3257,3,5
3258,3,5
3259,3,5
3260,3,3
3261,3,4
3262,3,4
3263,3,3
3264,3,2
3265,3,5
3266,3,4
3267,3,5
3268,3,2
3269,3,5
3270,3,3
3271,3,5
3272,3,4
3273,3,5
3274,3,3
3275,3,4
3276,3,5
3277,3,5
3278,3,2
3279,3,5
3280,3,2
3281,3,4
3282,3,3
3283,3,3
3284,3,1
3285,3,3
3286,3,4
3287,3,1
3288,3,1
3289,3,1
3290,3,1
3291,3,2
3292,3,1
3293,3,1
3294,3,1
3295,3,1
3296,3,1
3297,3,5
3298,3,2
3299,3,1
3300,3,4
3301,3,5
3302,3,5
3303,3,4
3304,3,3
3305,3,4
3306,3,5
3307,3,5
3308,3,4
3309,3,4
3310,3,5
3311,3,3
3312,3,4
3313,3,3
3314,3,3
3315,3,4
3316,3,4
3317,3,1
3318,3,3
3319,3,4
3320,3,5
3321,3,3
3322,3,5
3323,3,3
3324,3,1
3325,3,5
3326,3,1
3327,3,1
3328,3,2
3329,3,1
3330,3,3
3331,3,1
3332,3,4
3333,3,1
3334,3,1
3335,3,2
3336,3,4
3337,3,2
3338,3,3
3339,3,2
3340,3,2
3341,3,5
3342,3,5
3343,3,3
3344,3,5
3345,3,4
3346,3,4
3347,3,4
3348,3,5
3349,3,5
3350,3,1
3351,3,1
3352,3,2
3353,3,4
3354,3,1
3355,3,4
3356,3,5
3357,3,2
3358,3,4
3359,3,2
3360,3,4
3361,3,1
3362,3,1
3363,3,4
3364,3,1
3365,3,1
3366,3,4
3367,3,1
3368,3,1
3369,3,5
3370,3,3
3371,3,1
3372,3,1
3373,3,1
3374,3,1
3375,3,5
3376,3,5
3377,3,3
3378,3,5
3379,3,4
3380,3,5
3381,3,2
3382,3,5
3383,3,4
3384,3,1
3385,3,4
3386,3,4
3387,3,1
3388,3,3
3389,3,4
3390,3,3
3391,3,5
3392,3,4
3393,3,1
3394,3,4
3395,3,3
3396,3,2
3397,3,3
3398,3,4
3399,3,2
3400,3,5
3401,3,1
3402,3,1
3403,3,2
3404,3,1
3405,3,1
3406,3,4
3407,3,3
3408,3,1
3409,3,3
3410,3,5
3411,3,4
3412,3,5
3413,3,3
3414,3,5
3415,3,5
3416,3,3
3417,3,2
3418,3,5
3419,3,3
3420,3,5
3421,3,4
3422,3,4
3423,3,5
3424,3,4
3425,3,5
3426,3,1
3427,3,5
3428,3,4
3429,3,4
3430,3,4
3431,3,4
3432,3,4
3433,3,2
3434,3,5
3435,3,3
3436,3,3
3437,3,5
3438,3,2
3439,3,5
3440,3,2
3441,3,1
3442,3,3
3443,3,3
3444,3,3
3445,3,1
3446,3,5
3447,3,5
3448,3,4
3449,3,4
3450,3,1
3451,3,2
3452,3,5
3453,3,1
3454,3,3
3455,3,2
3456,3,5
3457,3,2
3458,3,4
3459,3,4
3460,3,5
3461,3,5
3462,3,5
3463,3,4
3464,3,1
3465,3,2
3466,3,5
3467,3,1
3468,3,5
3469,3,3
3470,3,5
3471,3,5
3472,3,5
3473,3,1
3474,3,1
3475,3,1
3476,3,2
3477,3,1
3478,3,1
3479,3,4
3480,3,1
3481,3,1
3482,3,1
3483,3,5
3484,3,4
3485,3,4
3486,3,5
3487,3,2
3488,3,3
3489,3,3
3490,3,5
3491,3,3
3492,3,1
3493,3,4
3494,3,4
3495,3,3
3496,3,5
3497,3,4
3498,3,4
3499,3,3
3500,3,3
3501,3,4
3502,3,5
3503,3,5
3504,3,1
3505,3,3
3506,3,1
3507,3,1
3508,3,1
3509,3,3
3510,3,2
3511,3,1
3512,3,2
3513,3,1
3514,3,2
3515,3,4
3516,3,4
3517,3,1
3518,3,5
3519,3,1
3520,3,4
3521,3,1
3522,3,5
3523,3,1
3524,3,4
3525,3,4
3526,3,1
3527,3,4
3528,3,5
3529,3,4
3530,3,3
3531,3,4
3532,3,1
3533,3,5
3534,3,2
3535,3,4
3536,3,5
3537,3,5
3538,3,5
3539,3,3
3540,3,4
3541,3,1
3542,3,5
3543,3,2
3544,3,1
3545,3,1
3546,3,2
3547,3,4
3548,3,4
3549,3,5
3550,3,3
3551,3,2
3552,3,2
3553,3,5
3554,3,3
3555,3,5
3556,3,5
3557,3,4
3558,3,5
3559,3,4
3560,3,4
3561,3,4
3562,3,5
3563,3,5
3564,3,5
3565,3,3
3566,3,5
3567,3,5
3568,3,1
3569,3,5
3570,3,4
3571,3,4
3572,3,5
3573,3,5
3574,3,5
3575,3,4
3576,3,5
3577,3,2
3578,3,4
3579,3,3
3580,3,4
3581,3,3
3582,3,2
3583,3,1
3584,3,1
3585,3,4
3586,3,5
3587,3,1
3588,3,1
3589,3,1
3590,3,2
3591,3,4
3592,3,5
3593,3,5
3594,3,5
3595,3,4
3596,3,3
3597,3,1
3598,3,3
3599,3,3
3600,3,3
3601,3,4
3602,3,5
3603,3,4
3604,3,1
3605,3,3
3606,3,4
3607,3,5
3608,3,4
3609,3,4
3610,3,1
3611,3,2
3612,3,1
3613,3,1
3614,3,4
3615,3,3
3616,3,3
3617,3,1
3618,3,1
3619,3,1
3620,3,5
3621,3,1
3622,3,4
3623,3,5
3624,3,5
3625,3,2
3626,3,3
3627,3,1
3628,3,5
3629,3,5
3630,3,5
3631,3,4
3632,3,5
3633,3,4
3634,3,4
3635,3,5
3636,3,5
3637,3,3
3638,3,2
3639,3,5
3640,3,2
3641,3,5
3642,3,5
3643,3,4
3644,3,1
3645,3,4
3646,3,5
3647,3,1
3648,3,5
3649,3,5
3650,3,1
3651,3,1
3652,3,1
3653,3,3
3654,3,4
3655,3,4
3656,3,4
3657,3,4
3658,3,4
3659,3,4
3660,3,3
3661,3,3
3662,3,5
3663,3,4
3664,3,3
3665,3,5
3666,3,5
3667,3,5
3668,3,5
3669,3,5
3670,3,4
3671,3,1
3672,3,5
3673,3,5
3674,3,2
3675,3,1
3676,3,5
3677,3,2
3678,3,5
3679,3,5
3680,3,1
3681,3,4
3682,3,1
3683,3,1
3684,3,3
3685,3,5
3686,3,1
3687,3,2
3688,3,1
3689,3,1
3690,3,1
3691,3,1
3692,3,1
3693,3,5
3694,3,4
3695,3,3
3696,3,1
3697,3,3
3698,3,4
3699,3,5
3700,3,1
3701,3,5
3702,3,5
3703,3,4
3704,3,4
3705,3,5
3706,3,1
3707,3,5
3708,3,4
3709,3,5
3710,3,3
3711,3,1
3712,3,5
3713,3,5
3714,3,3
3715,3,2
3716,3,4
3717,3,5
3718,3,3
3719,3,3
3720,3,1
3721,3,1
3722,3,5
3723,3,5
3724,3,4
3725,3,1
3726,3,4
3727,3,1
3728,3,1
3729,3,4
3730,3,1
3731,3,1
3732,3,1
3733,3,3
3734,3,5
3735,3,5
3736,3,3
3737,3,4
3738,3,3
3739,3,5
3740,3,2
3741,3,5
3742,3,4
3743,3,4
3744,3,5
3745,3,4
3746,3,3
3747,3,5
3748,3,4
3749,3,1
3750,3,4
3751,3,1
3752,3,4
3753,3,4
3754,3,3
3755,3,1
3756,3,4
3757,3,5
3758,3,4
3759,3,1
3760,3,1
3761,3,4
3762,3,5
3763,3,3
3764,3,1
3765,3,4
3766,3,2
3767,3,4
3768,3,2
3769,3,3
3770,3,4
3771,3,1
3772,3,3
3773,3,4
3774,3,2
3775,3,4
3776,3,1
3777,3,3
3778,3,4
3779,3,4
3780,3,5
3781,3,3
3782,3,1
3783,3,5
3784,3,1
3785,3,3
3786,3,4
3787,3,2
3788,3,4
3789,3,5
3790,3,3
3791,3,1
3792,3,3
3793,3,5
3794,3,5
3795,3,1
3796,3,4
3797,3,2
3798,3,1
3799,3,1
3800,3,1
3801,3,1
3802,3,1
3803,3,3
3804,3,4
3805,3,5
3806,3,5
3807,3,5
3808,3,1
3809,3,2
3810,3,5
3811,3,1
3812,3,5
3813,3,5
3814,3,5
3815,3,3
3816,3,4
3817,3,5
3818,3,5
3819,3,3
3820,3,5
3821,3,5
3822,3,5
3823,3,1
3824,3,5
3825,3,5
3826,3,3
3827,3,3
3828,3,4
3829,3,5
3830,3,5
3831,3,5
3832,3,2
3833,3,1
3834,3,1
3835,3,4
3836,3,4
3837,3,4
3838,3,4
3839,3,5
3840,3,2
3841,3,4
3842,3,2
3843,3,1
3844,3,2
3845,3,4
3846,3,4
3847,3,4
3848,3,5
3849,3,5
3850,3,4
3851,3,1
3852,3,4
3853,3,1
3854,3,5
3855,3,3
3856,3,3
3857,3,3
3858,3,4
3859,3,1
3860,3,4
3861,3,4
3862,3,4
3863,3,1
3864,3,1
3865,3,4
3866,3,1
3867,3,1
3868,3,1
3869,3,5
3870,3,5
3871,3,2
3872,3,4
3873,3,5
3874,3,5
3875,3,5
3876,3,5
3877,3,3
3878,3,5
3879,3,4
3880,3,4
3881,3,3
3882,3,1
3883,3,4
3884,3,5
3885,3,5
3886,3,4
3887,3,1
3888,3,1
3889,3,5
3890,3,4
3891,3,4
3892,3,3
3893,3,1
3894,3,4
3895,3,4
3896,3,2
3897,3,4
3898,3,1
3899,3,1
3900,3,2
3901,3,5
3902,3,5
3903,3,5
3904,3,5
3905,3,2
3906,3,5
3907,3,5
3908,3,5
3909,3,5
3910,3,1
3911,3,3
3912,3,5
3913,3,4
3914,3,4
3915,3,4
3916,3,4
3917,3,4
3918,3,1
3919,3,5
3920,3,5
3921,3,1
3922,3,2
3923,3,4
3924,3,4
3925,3,2
3926,3,1
3927,3,1
3928,3,3
3929,3,1
3930,3,1
3931,3,4
3932,3,1
3933,3,1
3934,3,4
3935,3,2
3936,3,1
3937,3,5
3938,3,3
3939,3,5
3940,3,5
3941,3,2
3942,3,5
3943,3,5
3944,3,1
3945,3,5
3946,3,4
3947,3,2
3948,3,3
3949,3,4
3950,3,3
3951,3,3
3952,3,3
3953,3,4
3954,3,5
3955,3,2
3956,3,4
3957,3,1
3958,3,2
3959,3,2
3960,3,5
3961,3,5
3962,3,4
3963,3,4
3964,3,1
3965,3,5
3966,3,5
3967,3,5
3968,3,5
3969,3,4
3970,3,5
3971,3,4
3972,3,5
3973,3,4
3974,3,5
3975,3,5
3976,3,5
3977,3,5
3978,3,4
3979,3,2
3980,3,5
3981,3,5
3982,3,5
3983,3,4
3984,3,1
3985,3,4
3986,3,2
3987,3,1
3988,3,1
3989,3,1
3990,3,5
3991,3,5
3992,3,5
3993,3,1
3994,3,3
3995,3,3
3996,3,3
3997,3,4
3998,3,1
3999,3,1
4000,3,4
4001,3,1
4002,3,3
4003,3,4
4004,3,1
4005,3,3
4006,3,3
4007,3,5
4008,3,5
4009,3,5
4010,3,5
4011,3,5
4012,3,4
4013,3,5
4014,3,5
4015,3,5
4016,3,4
4017,3,3
4018,3,5
4019,3,4
4020,3,3
4021,3,4
4022,3,3
4023,3,1
4024,3,4
4025,3,1
4026,3,2
4027,3,3
4028,3,1
4029,3,1
4030,3,5
4031,3,1
4032,3,1
4033,3,3
4034,3,3
4035,3,1
4036,3,3
4037,3,1
4038,3,5
4039,3,5
4040,3,4
4041,3,3
4042,3,1
4043,3,4
4044,3,1
4045,3,2
4046,3,4
4047,3,5
4048,3,3
4049,3,4
4050,3,3
4051,3,2
4052,3,4
4053,3,4
4054,3,3
4055,3,4
4056,3,2
4057,3,4
4058,3,5
4059,3,1
4060,3,5
4061,3,5
4062,3,4
4063,3,1
4064,3,3
4065,3,2
4066,3,1
4067,3,1
4068,3,1
4069,3,5
4070,3,4
4071,3,1
4072,3,5
4073,3,4
4074,3,4
4075,3,4
4076,3,3
4077,3,4
4078,3,5
4079,3,4
4080,3,5
4081,3,5
4082,3,1
4083,3,3
4084,3,4
4085,3,3
4086,3,5
4087,3,5
4088,3,3
4089,3,5
4090,3,4
4091,3,5
4092,3,1
4093,3,5
4094,3,3
4095,3,4
4096,3,5
4097,3,5
4098,3,1
4099,3,1
4100,3,1
4101,3,2
4102,3,3
4103,3,1
4104,3,1
4105,3,1
4106,3,2
4107,3,3
4108,3,5
4109,3,4
4110,3,4
4111,3,3
4112,3,5
4113,3,4
4114,3,1
4115,3,1
4116,3,2
4117,3,3
4118,3,3
4119,3,5
4120,3,5
4121,3,4
4122,3,5
4123,3,3
4124,3,5
4125,3,2
4126,3,1
4127,3,3
4128,3,4
4129,3,3
4130,3,5
4131,3,2
4132,3,1
4133,3,3
4134,3,2
4135,3,1
4136,3,5
4137,3,2
4138,3,4
4139,3,2
4140,3,4
4141,3,5
4142,3,3
4143,3,4
4144,3,4
4145,3,4
4146,3,5
4147,3,4
4148,3,4
4149,3,1
4150,3,4
4151,3,2
4152,3,4
4153,3,1
4154,3,1
4155,3,5
4156,3,3
4157,3,4
4158,3,2
4159,3,5
4160,3,4
4161,3,2
4162,3,5
4163,3,3
4164,3,5
4165,3,3
4166,3,5
4167,3,5
4168,3,5
4169,3,5
4170,3,4
4171,3,3
4172,3,4
4173,3,4
4174,3,2
4175,3,1
4176,3,2
4177,3,5
4178,3,4
4179,3,1
4180,3,3
4181,3,4
4182,3,4
4183,3,1
4184,3,1
4185,3,1
4186,3,1
4187,3,2
4188,3,1
4189,3,3
4190,3,1
4191,3,5
4192,3,2
4193,3,3
4194,3,3
4195,3,1
4196,3,5
4197,3,3
4198,3,5
4199,3,5
4200,3,3
4201,3,5
4202,3,3
4203,3,3
4204,3,1
4205,3,1
4206,3,1
4207,3,1
4208,3,4
4209,3,3
4210,3,1
4211,3,1
4212,3,1
4213,3,2
4214,3,2
4215,3,1
4216,3,1
4217,3,4
4218,3,1
4219,3,4
4220,3,3
4221,3,4
4222,3,3
4223,3,5
4224,3,5
4225,3,4
4226,3,5
4227,3,5
4228,3,5
4229,3,5
4230,3,5
4231,3,4
4232,3,5
4233,3,4
4234,3,5
4235,3,5
4236,3,2
4237,3,4
4238,3,1
4239,3,5
4240,3,3
4241,3,5
4242,3,4
4243,3,5
4244,3,1
4245,3,1
4246,3,2
4247,3,4
4248,3,3
4249,3,1
4250,3,2
4251,3,1
4252,3,1
4253,3,1
4254,3,1
4255,3,1
4256,3,4
4257,3,4
4258,3,1
4259,3,4
4260,3,2
4261,3,5
4262,3,5
4263,3,5
4264,3,3
4265,3,3
4266,3,5
4267,3,5
4268,3,5
4269,3,4
4270,3,4
4271,3,5
4272,3,3
4273,3,5
4274,3,4
4275,3,4
4276,3,5
4277,3,1
4278,3,1
4279,3,1
4280,3,3
4281,3,4
4282,3,5
4283,3,1
4284,3,1
4285,3,2
4286,3,2
4287,3,1
4288,3,1
4289,3,1
4290,3,2
4291,3,3
4292,3,1
4293,3,5
4294,3,4
4295,3,4
4296,3,5
4297,3,5
4298,3,5
4299,3,5
4300,3,1
4301,3,5
4302,3,4
4303,3,5
4304,3,3
4305,3,3
4306,3,1
4307,3,3
4308,3,2
4309,3,5
4310,3,1
4311,3,2
4312,3,4
4313,3,3
4314,3,1
4315,3,5
4316,3,2
4317,3,4
4318,3,5
4319,3,2
4320,3,1
4321,3,4
4322,3,1
4323,3,1
4324,3,2
4325,3,3
4326,3,5
4327,3,4
4328,3,5
4329,3,5
4330,3,5
4331,3,2
4332,3,5
4333,3,3
4334,3,5
4335,3,5
4336,3,2
4337,3,5
4338,3,3
4339,3,1
4340,3,3
4341,3,4
4342,3,1
4343,3,3
4344,3,1
4345,3,3
4346,3,5
4347,3,1
4348,3,1
4349,3,4
4350,3,4
4351,3,3
4352,3,5
4353,3,1
4354,3,5
4355,3,1
4356,3,1
4357,3,1
4358,3,4
4359,3,4
4360,3,3
4361,3,1
4362,3,4
4363,3,4
4364,3,1
4365,3,1
4366,3,3
4367,3,2
4368,3,5
4369,3,5
4370,3,2
4371,3,4
4372,3,5
4373,3,5
4374,3,4
4375,3,4
4376,3,5
4377,3,4
4378,3,3
4379,3,4
4380,3,2
4381,3,1
4382,3,1
4383,3,3
4384,3,1
4385,3,4
4386,3,4
4387,3,5
4388,3,3
4389,3,4
4390,3,4
4391,3,3
4392,3,2
4393,3,4
4394,3,1
4395,3,4
4396,3,2
4397,3,1
4398,3,1
4399,3,1
4400,3,1
4401,3,1
4402,3,1
4403,3,1
4404,3,3
4405,3,5
4406,3,4
4407,3,4
4408,3,3
4409,3,2
4410,3,5
4411,3,5
4412,3,4
4413,3,5
4414,3,3
4415,3,5
4416,3,3
4417,3,4
4418,3,5
4419,3,3
4420,3,2
4421,3,4
4422,3,4
4423,3,5
4424,3,1
4425,3,1
4426,3,1
4427,3,1
4428,3,3
4429,3,5
4430,3,2
4431,3,5
4432,3,5
4433,3,1
4434,3,4
4435,3,4
4436,3,3
4437,3,1
4438,3,4
4439,3,3
4440,3,1
4441,3,4
4442,3,1
4443,3,2
4444,3,1
4445,3,5
4446,3,3
4447,3,4
4448,3,5
4449,3,3
4450,3,4
4451,3,3
4452,3,2
4453,3,5
4454,3,5
4455,3,5
4456,3,5
4457,3,5
4458,3,4
4459,3,4
4460,3,5
4461,3,3
4462,3,4
4463,3,3
4464,3,5
4465,3,2
4466,3,4
4467,3,4
4468,3,2
4469,3,1
4470,3,1
4471,3,5
4472,3,1
4473,3,2
4474,3,3
4475,3,4
4476,3,4
4477,3,1
4478,3,1
4479,3,4
4480,3,4
4481,3,2
4482,3,4
4483,3,2
4484,3,2
4485,3,4
4486,3,4
4487,3,3
4488,3,4
4489,3,4
4490,3,5
4491,3,2
4492,3,5
4493,3,3
4494,3,1
4495,3,5
4496,3,5
4497,3,4
4498,3,5
4499,3,5
4500,3,5
4501,3,2
4502,3,3
4503,3,5
4504,3,5
4505,3,4
4506,3,2
4507,3,1
4508,3,5
4509,3,4
4510,3,5
4511,3,5
4512,3,1
4513,3,4
4514,3,4
4515,3,4
4516,3,1
4517,3,1
4518,3,1
4519,3,1
4520,3,1
4521,3,5
4522,3,1
4523,3,3
4524,3,5
4525,3,1
4526,3,1
4527,3,4
4528,3,5
4529,3,2
4530,3,5
4531,3,5
4532,3,3
4533,3,1
4534,3,3
4535,3,4
4536,3,5
4537,3,5
4538,3,4
4539,3,1
4540,3,3
4541,3,5
4542,3,5
4543,3,3
4544,3,5
4545,3,5
4546,3,3
4547,3,3
4548,3,3
4549,3,1
4550,3,5
4551,3,4
4552,3,3
4553,3,1
4554,3,4
4555,3,1
4556,3,2
4557,3,4
4558,3,5
4559,3,1
4560,3,1
4561,3,4
4562,3,5
4563,3,3
4564,3,5
4565,3,4
4566,3,1
4567,3,5
4568,3,3
4569,3,4
4570,3,3
4571,3,3
4572,3,5
4573,3,5
4574,3,5
4575,3,4
4576,3,3
4577,3,3
4578,3,4
4579,3,5
4580,3,5
4581,3,4
4582,3,2
4583,3,1
4584,3,1
4585,3,4
4586,3,1
4587,3,4
4588,3,3
4589,3,1
4590,3,4
4591,3,1
4592,3,1
4593,3,3
4594,3,1
4595,3,4
4596,3,3
4597,3,3
4598,3,3
4599,3,5
4600,3,5
4601,3,4
4602,3,3
4603,3,5
4604,3,3
4605,3,3
4606,3,4
4607,3,4
4608,3,5
4609,3,5
4610,3,1
4611,3,5
4612,3,4
4613,3,1
4614,3,1
4615,3,1
4616,3,5
4617,3,5
4618,3,4
4619,3,3
4620,3,3
4621,3,1
4622,3,1
4623,3,1
4624,3,1
4625,3,4
4626,3,4
4627,3,1
4628,3,1
4629,3,3
4630,3,4
4631,3,5
4632,3,4
4633,3,5
4634,3,2
4635,3,5
4636,3,4
4637,3,5
4638,3,2
4639,3,5
4640,3,5
4641,3,4
4642,3,4
4643,3,5
4644,3,4
4645,3,5
4646,3,5
4647,3,3
4648,3,1
4649,3,1
4650,3,4
4651,3,3
4652,3,5
4653,3,4
4654,3,1
4655,3,1
4656,3,1
4657,3,1
4658,3,3
4659,3,5
4660,3,1
4661,3,1
4662,3,1
4663,3,4
4664,3,4
4665,3,1
4666,3,3
4667,3,5
4668,3,3
4669,3,5
4670,3,5
4671,3,2
4672,3,4
4673,3,2
4674,3,4
4675,3,5
4676,3,5
4677,3,4
4678,3,5
4679,3,5
4680,3,3
4681,3,4
4682,3,3
4683,3,4
4684,3,1
4685,3,4
4686,3,1
4687,3,5
4688,3,1
4689,3,1
4690,3,4
4691,3,3
4692,3,4
4693,3,3
4694,3,3
4695,3,5
4696,3,5
4697,3,1
4698,3,5
4699,3,1
4700,3,5
4701,3,4
4702,3,2
4703,3,4
4704,3,1
4705,3,1
4706,3,1
4707,3,4
4708,3,1
4709,3,1
4710,3,5
4711,3,3
4712,3,5
4713,3,5
4714,3,5
4715,3,4
4716,3,5
4717,3,3
4718,3,4
4719,3,3
4720,3,4
4721,3,1
4722,3,3
4723,3,3
4724,3,3
4725,3,1
4726,3,1
4727,3,2
4728,3,1
4729,3,5
4730,3,4
4731,3,4
4732,3,4
4733,3,1
4734,3,3
4735,3,1
4736,3,2
4737,3,1
4738,3,4
4739,3,1
4740,3,2
4741,3,5
4742,3,5
4743,3,5
4744,3,5
4745,3,4
4746,3,5
4747,3,1
4748,3,5
4749,3,3
4750,3,5
4751,3,4
4752,3,3
4753,3,3
4754,3,4
4755,3,2
4756,3,5
4757,3,5
4758,3,1
4759,3,3
4760,3,5
4761,3,1
4762,3,5
4763,3,3
4764,3,3
4765,3,1
4766,3,3
4767,3,5
4768,3,2
4769,3,5
4770,3,5
4771,3,2
4772,3,2
4773,3,1
4774,3,4
4775,3,2
4776,3,1
4777,3,1
4778,3,1
4779,3,4
4780,3,4
4781,3,5
4782,3,5
4783,3,3
4784,3,5
4785,3,4
4786,3,5
4787,3,3
4788,3,5
4789,3,2
4790,3,5
4791,3,5
4792,3,4
4793,3,4
4794,3,1
4795,3,5
4796,3,1
4797,3,5
4798,3,3
4799,3,5
4800,3,4
4801,3,2
4802,3,2
4803,3,1
4804,3,4
4805,3,4
4806,3,2
4807,3,5
4808,3,5
4809,3,4
4810,3,5
4811,3,4
4812,3,1
4813,3,1
4814,3,4
4815,3,1
4816,3,1
4817,3,1
4818,3,2
4819,3,2
4820,3,3
4821,3,4
4822,3,5
4823,3,3
4824,3,4
4825,3,5
4826,3,5
4827,3,1
4828,3,3
4829,3,4
4830,3,4
4831,3,4
4832,3,5
4833,3,5
4834,3,3
4835,3,5
4836,3,4
4837,3,1
4838,3,1
4839,3,4
4840,3,1
4841,3,3
4842,3,3
4843,3,4
4844,3,5
4845,3,3
4846,3,1
4847,3,1
4848,3,4
4849,3,1
4850,3,1
4851,3,1
4852,3,1
4853,3,5
4854,3,1
4855,3,1
4856,3,1
4857,3,4
4858,3,1
4859,3,1
4860,3,1
4861,3,1
4862,3,4
4863,3,4
4864,3,5
4865,3,2
4866,3,3
4867,3,5
4868,3,5
4869,3,4
4870,3,4
4871,3,4
4872,3,3
4873,3,5
4874,3,4
4875,3,5
4876,3,5
4877,3,5
4878,3,3
4879,3,3
4880,3,4
4881,3,5
4882,3,3
4883,3,1
4884,3,3
4885,3,4
4886,3,5
4887,3,1
4888,3,1
4889,3,4
4890,3,2
4891,3,2
4892,3,1
4893,3,5
4894,3,4
4895,3,5
4896,3,2
4897,3,3
4898,3,4
4899,3,5
4900,3,5
4901,3,4
4902,3,3
4903,3,5
4904,3,3
4905,3,3
4906,3,5
4907,3,4
4908,3,5
4909,3,5
4910,3,5
4911,3,1
4912,3,3
4913,3,4
4914,3,3
4915,3,3
4916,3,2
4917,3,3
4918,3,1
4919,3,1
4920,3,4
4921,3,4
4922,3,4
4923,3,1
4924,3,2
4925,3,4
4926,3,5
4927,3,3
4928,3,4
4929,3,4
4930,3,4
4931,3,5
4932,3,4
4933,3,4
4934,3,5
4935,3,5
4936,3,4
4937,3,4
4938,3,3
4939,3,5
4940,3,1
4941,3,1
4942,3,1
4943,3,2
4944,3,4
4945,3,4
4946,3,1
4947,3,4
4948,3,2
4949,3,1
4950,3,1
4951,3,5
4952,3,3
4953,3,1
4954,3,1
4955,3,5
4956,3,5
4957,3,5
4958,3,4
4959,3,4
4960,3,4
4961,3,3
4962,3,1
4963,3,5
4964,3,5
4965,3,1
4966,3,5
4967,3,5
4968,3,5
4969,3,4
4970,3,2
4971,3,4
4972,3,4
4973,3,5
4974,3,4
4975,3,1
4976,3,3
4977,3,2
4978,3,3
4979,3,3
4980,3,4
4981,3,1
4982,3,1
4983,3,1
4984,3,2
4985,3,1
4986,3,5
4987,3,3
4988,3,1
4989,3,1
4990,3,5
4991,3,4
4992,3,3
4993,3,3
4994,3,4
4995,3,5
4996,3,5
4997,3,3
4998,3,4
4999,3,4
5000,3,4
5001,3,3
5002,3,3
5003,3,5
5004,3,4
5005,3,5
5006,3,1
5007,3,4
5008,3,4
5009,3,4
5010,3,5
5011,3,3
5012,3,4
5013,3,2
5014,3,4
5015,3,1
5016,3,1
5017,3,5
5018,3,5
5019,3,4
5020,3,4
5021,3,1
5022,3,1
5023,3,3
5024,3,5
5025,3,5
5026,3,5
5027,3,4
5028,3,4
5029,3,5
5030,3,5
5031,3,4
5032,3,3
5033,3,2
5034,3,4
5035,3,3
5036,3,4
5037,3,5
5038,3,4
5039,3,1
5040,3,3
5041,3,5
5042,3,4
5043,3,2
5044,3,4
5045,3,5
5046,3,3
5047,3,3
5048,3,5
5049,3,3
5050,3,4
5051,3,5
5052,3,1
5053,3,1
5054,3,4
5055,3,1
5056,3,4
5057,3,1
5058,3,1
5059,3,1
5060,3,1
5061,3,1
5062,3,1
5063,3,4
5064,3,4
5065,3,5
5066,3,3
5067,3,3
5068,3,5
5069,3,5
5070,3,4
5071,3,5
5072,3,5
5073,3,3
5074,3,3
5075,3,3
5076,3,3
5077,3,5
5078,3,3
5079,3,2
5080,3,4
5081,3,5
5082,3,5
5083,3,1
5084,3,3
5085,3,5
5086,3,3
5087,3,1
5088,3,2
5089,3,3
5090,3,3
5091,3,2
5092,3,1
5093,3,1
5094,3,1
5095,3,1
5096,3,1
5097,3,5
5098,3,1
5099,3,5
5100,3,2
5101,3,5
5102,3,3
5103,3,5
5104,3,5
5105,3,5
5106,3,4
5107,3,5
5108,3,5
5109,3,4
5110,3,4
5111,3,3
5112,3,5
5113,3,1
5114,3,3
5115,3,4
5116,3,4
5117,3,1
5118,3,5
5119,3,4
5120,3,4
5121,3,4
5122,3,5
5123,3,5
5124,3,1
5125,3,5
5126,3,2
5127,3,1
5128,3,2
5129,3,1
5130,3,1
5131,3,2
5132,3,1
5133,3,4
5134,3,1
5135,3,3
5136,3,2
5137,3,4
5138,3,4
5139,3,3
5140,3,1
5141,3,5
5142,3,4
5143,3,3
5144,3,4
5145,3,3
5146,3,1
5147,3,3
5148,3,4
5149,3,5
5150,3,3
5151,3,1
5152,3,1
5153,3,4
5154,3,3
5155,3,1
5156,3,3
5157,3,5
5158,3,5
5159,3,1
5160,3,1
5161,3,2
5162,3,5
5163,3,5
5164,3,4
5165,3,2
5166,3,2
5167,3,4
5168,3,5
5169,3,5
5170,3,5
5171,3,3
5172,3,5
5173,3,5
5174,3,4
5175,3,5
5176,3,5
5177,3,3
5178,3,5
5179,3,3
5180,3,3
5181,3,2
5182,3,5
5183,3,5
5184,3,5
5185,3,3
5186,3,5
5187,3,3
5188,3,4
5189,3,5
5190,3,5
5191,3,5
5192,3,5
5193,3,1
5194,3,1
5195,3,1
5196,3,3
5197,3,5
5198,3,5
5199,3,5
5200,3,4
5201,3,1
5202,3,1
5203,3,5
5204,3,1
5205,3,4
5206,3,1
5207,3,2
5208,3,2
5209,3,3
5210,3,4
5211,3,5
5212,3,3
5213,3,2
5214,3,4
5215,3,3
5216,3,3
5217,3,3
5218,3,5
5219,3,4
5220,3,5
5221,3,4
5222,3,3
5223,3,1
5224,3,5
5225,3,3
5226,3,3
5227,3,4
5228,3,4
5229,3,1
5230,3,4
5231,3,2
5232,3,1
5233,3,4
5234,3,3
5235,3,3
5236,3,4
5237,3,1
5238,3,1
5239,3,1
5240,3,2
5241,3,4
5242,3,1
5243,3,1
5244,3,4
5245,3,4
5246,3,3
5247,3,3
5248,3,2
5249,3,4
5250,3,4
5251,3,1
5252,3,2
5253,3,4
5254,3,3
5255,3,3
5256,3,5
5257,3,4
5258,3,3
5259,3,5
5260,3,3
5261,3,1
5262,3,4
5263,3,5
5264,3,1
5265,3,4
5266,3,1
5267,3,1
5268,3,2
5269,3,5
5270,3,3
5271,3,4
5272,3,4
5273,3,4
5274,3,1
5275,3,2
5276,3,1
5277,3,1
5278,3,4
5279,3,4
5280,3,4
5281,3,4
5282,3,5
5283,3,3
5284,3,4
5285,3,5
5286,3,3
5287,3,1
5288,3,3
5289,3,4
5290,3,5
5291,3,3
5292,3,2
5293,3,5
5294,3,3
5295,3,5
5296,3,5
5297,3,5
5298,3,4
5299,3,5
5300,3,2
5301,3,4
5302,3,1
5303,3,2
5304,3,4
5305,3,2
5306,3,1
5307,3,1
5308,3,1
5309,3,1
5310,3,4
5311,3,5
5312,3,5
5313,3,5
5314,3,3
5315,3,4
5316,3,4
5317,3,3
5318,3,3
5319,3,5
5320,3,3
5321,3,1
5322,3,5
5323,3,5
5324,3,5
5325,3,5
5326,3,1
5327,3,2
5328,3,4
5329,3,1
5330,3,1
5331,3,2
5332,3,1
5333,3,1
5334,3,1
5335,3,4
5336,3,5
5337,3,3
5338,3,5
5339,3,3
5340,3,5
5341,3,1
5342,3,5
5343,3,5
5344,3,5
5345,3,1
5346,3,2
5347,3,2
5348,3,2
5349,3,4
5350,3,5
5351,3,5
5352,3,5
5353,3,1
5354,3,2
5355,3,4
5356,3,4
5357,3,1
5358,3,1
5359,3,1
5360,3,1
5361,3,2
5362,3,1
5363,3,4
5364,3,3
5365,3,4
5366,3,5
5367,3,5
5368,3,5
5369,3,3
5370,3,4
5371,3,5
5372,3,3
5373,3,2
5374,3,1
5375,3,5
5376,3,3
5377,3,3
5378,3,3
5379,3,4
5380,3,4
5381,3,4
5382,3,1
5383,3,1
5384,3,5
5385,3,1
5386,3,4
5387,3,3
5388,3,1
5389,3,1
5390,3,1
5391,3,2
5392,3,3
5393,3,1
5394,3,2
5395,3,1
5396,3,1
5397,3,5
5398,3,5
5399,3,5
5400,3,5
5401,3,5
5402,3,5
5403,3,3
5404,3,5
5405,3,5
5406,3,4
5407,3,4
5408,3,5
5409,3,4
5410,3,4
5411,3,5
5412,3,1
5413,3,4
5414,3,4
5415,3,1
5416,3,2
5417,3,1
5418,3,4
5419,3,1
5420,3,2
5421,3,1
5422,3,4
5423,3,3
5424,3,5
5425,3,5
5426,3,3
5427,3,2
5428,3,4
5429,3,5
5430,3,5
5431,3,5
5432,3,5
5433,3,3
5434,3,5
5435,3,5
5436,3,4
5437,3,4
5438,3,2
5439,3,3
5440,3,2
5441,3,3
5442,3,2
5443,3,2
5444,3,4
5445,3,2
5446,3,2
5447,3,5
5448,3,4
5449,3,5
5450,3,3
5451,3,1
5452,3,1
5453,3,1
5454,3,2
5455,3,2
5456,3,1
5457,3,5
5458,3,4
5459,3,1
5460,3,4
5461,3,1
5462,3,4
5463,3,5
5464,3,4
5465,3,3
5466,3,5
5467,3,4
5468,3,4
5469,3,4
5470,3,4
5471,3,5
5472,3,1
5473,3,2
5474,3,1
5475,3,3
5476,3,4
5477,3,4
5478,3,4
5479,3,1
5480,3,5
5481,3,1
5482,3,4
5483,3,2
5484,3,3
5485,3,1
5486,3,1
5487,3,1
5488,3,1
5489,3,1
5490,3,4
5491,3,1
5492,3,1
5493,3,5
5494,3,4
5495,3,5
5496,3,2
5497,3,4
5498,3,5
5499,3,3
5500,3,4
5501,3,5
5502,3,5
5503,3,4
5504,3,5
5505,3,5
5506,3,1
5507,3,3
5508,3,3
5509,3,3
5510,3,1
5511,3,1
5512,3,4
5513,3,3
5514,3,3
5515,3,5
5516,3,1
5517,3,4
5518,3,3
5519,3,2
5520,3,3
5521,3,1
5522,3,3
5523,3,2
5524,3,5
5525,3,5
5526,3,3
5527,3,5
5528,3,5
5529,3,3
5530,3,5
5531,3,4
5532,3,4
5533,3,5
5534,3,3
5535,3,4
5536,3,4
5537,3,5
5538,3,3
5539,3,5
5540,3,5
5541,3,2
5542,3,4
5543,3,4
5544,3,5
5545,3,2
5546,3,2
5547,3,1
5548,3,4
5549,3,4
5550,3,5
5551,3,1
5552,3,5
5553,3,4
5554,3,1
5555,3,2
5556,3,4
5557,3,1
5558,3,1
5559,3,1
5560,3,1
5561,3,2
5562,3,1
5563,3,1
5564,3,1
5565,3,1
5566,3,4
5567,3,1
5568,3,4
5569,3,5
5570,3,5
5571,3,5
5572,3,3
5573,3,5
5574,3,4
5575,3,3
5576,3,3
5577,3,5
5578,3,1
5579,3,3
5580,3,3
5581,3,5
5582,3,1
5583,3,5
5584,3,5
5585,3,2
5586,3,1
5587,3,1
5588,3,1
5589,3,1
5590,3,3
5591,3,1
5592,3,5
5593,3,4
5594,3,2
5595,3,1
5596,3,1
5597,3,1
5598,3,4
5599,3,5
5600,3,4
5601,3,1
5602,3,3
5603,3,3
5604,3,3
5605,3,5
5606,3,5
5607,3,3
5608,3,4
5609,3,5
5610,3,2
5611,3,1
5612,3,5
5613,3,5
5614,3,3
5615,3,4
5616,3,5
5617,3,1
5618,3,1
5619,3,1
5620,3,5
5621,3,1
5622,3,1
5623,3,4
5624,3,5
5625,3,3
5626,3,4
5627,3,1
5628,3,3
5629,3,4
5630,3,4
5631,3,1
5632,3,3
5633,3,4
5634,3,5
5635,3,5
5636,3,5
5637,3,4
5638,3,4
5639,3,4
5640,3,5
5641,3,5
5642,3,5
5643,3,4
5644,3,5
5645,3,5
5646,3,5
5647,3,5
5648,3,3
5649,3,4
5650,3,4
5651,3,2
5652,3,4
5653,3,1
5654,3,1
5655,3,4
5656,3,1
5657,3,4
5658,3,3
5659,3,3
5660,3,1
5661,3,1
5662,3,1
5663,3,4
5664,3,2
5665,3,3
5666,3,4
5667,3,4
5668,3,1
5669,3,2
5670,3,1
5671,3,1
5672,3,5
5673,3,5
5674,3,5
5675,3,5
5676,3,5
5677,3,4
5678,3,3
5679,3,2
5680,3,5
5681,3,5
5682,3,4
5683,3,3
5684,3,5
5685,3,1
5686,3,3
5687,3,5
5688,3,4
5689,3,2
5690,3,3
5691,3,4
5692,3,5
5693,3,3
5694,3,4
5695,3,2
5696,3,1
5697,3,5
5698,3,4
5699,3,4
5700,3,5
5701,3,4
5702,3,1
5703,3,4
5704,3,1
5705,3,5
5706,3,4
5707,3,4
5708,3,3
5709,3,1
5710,3,2
5711,3,1
5712,3,2
5713,3,5
5714,3,5
5715,3,3
5716,3,3
5717,3,4
5718,3,5
5719,3,1
5720,3,2
5721,3,4
5722,3,3
5723,3,5
5724,3,1
5725,3,3
5726,3,4
5727,3,5
5728,3,5
5729,3,2
5730,3,5
5731,3,3
5732,3,1
5733,3,5
5734,3,4
5735,3,1
5736,3,1
5737,3,4
5738,3,1
5739,3,5
5740,3,2
5741,3,1
5742,3,1
5743,3,1
5744,3,3
5745,3,4
5746,3,5
5747,3,3
5748,3,5
5749,3,3
5750,3,5
5751,3,5
5752,3,3
5753,3,4
5754,3,3
5755,3,5
5756,3,4
5757,3,5
5758,3,4
5759,3,5
5760,3,4
5761,3,5
5762,3,3
5763,3,5
5764,3,5
5765,3,1
5766,3,5
5767,3,4
5768,3,5
5769,3,2
5770,3,4
5771,3,4
5772,3,4
5773,3,5
5774,3,1
5775,3,1
5776,3,5
5777,3,1
5778,3,1
5779,3,4
5780,3,5
5781,3,4
5782,3,3
5783,3,3
5784,3,5
5785,3,4
5786,3,4
5787,3,4
5788,3,2
5789,3,5
5790,3,5
5791,3,4
5792,3,3
5793,3,5
5794,3,4
5795,3,5
5796,3,5
5797,3,5
5798,3,3
5799,3,5
5800,3,1
5801,3,2
5802,3,4
5803,3,3
5804,3,1
5805,3,1
5806,3,1
5807,3,4
5808,3,1
5809,3,4
5810,3,1
5811,3,4
5812,3,1
5813,3,1
5814,3,5
5815,3,4
5816,3,4
5817,3,5
5818,3,5
5819,3,1
5820,3,1
5821,3,3
5822,3,5
5823,3,5
5824,3,4
5825,3,5
5826,3,4
5827,3,4
5828,3,5
5829,3,3
5830,3,3
5831,3,5
5832,3,4
5833,3,1
5834,3,4
5835,3,3
5836,3,1
5837,3,1
5838,3,1
5839,3,1
5840,3,1
5841,3,1
5842,3,4
5843,3,1
5844,3,1
5845,3,4
5846,3,1
5847,3,2
5848,3,1
5849,3,4
5850,3,5
5851,3,1
5852,3,4
5853,3,5
5854,3,4
5855,3,3
5856,3,4
5857,3,4
5858,3,5
5859,3,5
5860,3,2
5861,3,5
5862,3,3
5863,3,5
5864,3,4
5865,3,5
5866,3,5
5867,3,4
5868,3,5
5869,3,5
5870,3,4
5871,3,2
5872,3,4
5873,3,3
5874,3,5
5875,3,1
5876,3,1
5877,3,1
5878,3,3
5879,3,1
5880,3,3
5881,3,1
5882,3,5
5883,3,1
5884,3,4
5885,3,2
5886,3,1
5887,3,5
5888,3,1
5889,3,1
5890,3,4
5891,3,1
5892,3,3
5893,3,1
5894,3,5
5895,3,4
5896,3,1
5897,3,4
5898,3,5
5899,3,3
5900,3,3
5901,3,5
5902,3,4
5903,3,3
5904,3,3
5905,3,5
5906,3,4
5907,3,5
5908,3,4
5909,3,2
5910,3,4
5911,3,5
5912,3,5
5913,3,5
5914,3,5
5915,3,5
5916,3,4
5917,3,3
5918,3,2
5919,3,3
5920,3,1
5921,3,4
5922,3,4
5923,3,4
5924,3,4
5925,3,5
5926,3,1
5927,3,1
5928,3,2
5929,3,1
5930,3,4
5931,3,1
5932,3,1
5933,3,1
5934,3,2
5935,3,2
5936,3,1
5937,3,1
5938,3,1
5939,3,1
5940,3,2
5941,3,2
5942,3,5
5943,3,5
5944,3,4
5945,3,4
5946,3,5
5947,3,3
5948,3,3
5949,3,5
5950,3,3
5951,3,4
5952,3,5
5953,3,4
5954,3,4
5955,3,3
5956,3,3
5957,3,5
5958,3,5
5959,3,1
5960,3,5
5961,3,4
5962,3,3
5963,3,4
5964,3,2
5965,3,5
5966,3,1
5967,3,1
5968,3,5
5969,3,3
5970,3,2
5971,3,4
5972,3,3
5973,3,1
5974,3,4
5975,3,3
5976,3,3
5977,3,3
5978,3,5
5979,3,3
5980,3,3
5981,3,4
5982,3,3
5983,3,5
5984,3,4
5985,3,3
5986,3,5
5987,3,4
5988,3,2
5989,3,3
5990,3,3
5991,3,1
5992,3,3
5993,3,1
5994,3,5
5995,3,5
5996,3,1
5997,3,4
5998,3,1
5999,3,2
6000,3,2
6001,3,4
6002,3,3
6003,3,1
6004,3,1
6005,3,1
6006,3,4
6007,3,1
6008,3,5
6009,3,1
6010,3,1
6011,3,3
6012,3,3
6013,3,5
6014,3,5
6015,3,3
6016,3,5
6017,3,3
6018,3,4
6019,3,4
6020,3,2
6021,3,3
6022,3,4
6023,3,3
6024,3,1
6025,3,2
6026,3,3
6027,3,1
6028,3,1
6029,3,1
6030,3,1
6031,3,1
6032,3,4
6033,3,1
6034,3,4
6035,3,1
6036,3,5
6037,3,5
6038,3,4
6039,3,2
6040,3,5
6041,3,5
6042,3,5
6043,3,4
6044,3,3
6045,3,5
6046,3,2
6047,3,4
6048,3,1
6049,3,3
6050,3,4
6051,3,1
6052,3,5
6053,3,3
6054,3,3
6055,3,5
6056,3,1
6057,3,3
6058,3,4
6059,3,3
6060,3,3
6061,3,4
6062,3,2
6063,3,5
6064,3,5
6065,3,2
6066,3,3
6067,3,5
6068,3,5
6069,3,4
6070,3,5
6071,3,4
6072,3,5
6073,3,5
6074,3,5
6075,3,3
6076,3,1
6077,3,1
6078,3,4
6079,3,4
6080,3,5
6081,3,1
6082,3,1
6083,3,3
6084,3,1
6085,3,5
6086,3,4
6087,3,5
6088,3,4
6089,3,4
6090,3,2
6091,3,4
6092,3,1
6093,3,4
6094,3,1
6095,3,4
6096,3,1
6097,3,4
6098,3,4
6099,3,5
6100,3,3
6101,3,4
6102,3,1
6103,3,1
6104,3,4
6105,3,5
6106,3,5
6107,3,1
6108,3,4
6109,3,3
6110,3,4
6111,3,4
6112,3,5
6113,3,4
6114,3,5
6115,3,4
6116,3,5
6117,3,3
6118,3,5
6119,3,5
6120,3,4
6121,3,1
6122,3,1
6123,3,4
6124,3,5
6125,3,4
6126,3,5
6127,3,5
6128,3,4
6129,3,3
6130,3,1
6131,3,3
6132,3,1
6133,3,3
6134,3,1
6135,3,5
6136,3,1
6137,3,3
6138,3,2
6139,3,3
6140,3,1
6141,3,4
6142,3,4
6143,3,5
6144,3,4
6145,3,2
6146,3,4
6147,3,4
6148,3,3
6149,3,5
6150,3,5
6151,3,3
6152,3,4
6153,3,3
6154,3,5
6155,3,1
6156,3,3
6157,3,1
6158,3,3
6159,3,1
6160,3,5
6161,3,2
6162,3,3
6163,3,1
6164,3,1
6165,3,1
6166,3,3
6167,3,4
6168,3,1
6169,3,1
6170,3,1
6171,3,1
6172,3,1
6173,3,1
6174,3,1
6175,3,4
6176,3,1
6177,3,3
6178,3,1
6179,3,4
6180,3,4
6181,3,5
6182,3,5
6183,3,4
6184,3,4
6185,3,2
6186,3,5
6187,3,5
6188,3,5
6189,3,4
6190,3,4
6191,3,5
6192,3,4
6193,3,5
6194,3,4
6195,3,3
6196,3,4
6197,3,3
6198,3,1
6199,3,4
6200,3,1
6201,3,2
6202,3,4
6203,3,5
6204,3,2
6205,3,3
6206,3,1
6207,3,2
6208,3,3
6209,3,1
6210,3,1
6211,3,3
6212,3,4
6213,3,2
6214,3,3
6215,3,1
6216,3,1
6217,3,1
6218,3,3
6219,3,5
6220,3,5
6221,3,5
6222,3,4
6223,3,5
6224,3,4
6225,3,3
6226,3,5
6227,3,5
6228,3,5
6229,3,5
6230,3,4
6231,3,5
6232,3,5
6233,3,2
6234,3,5
6235,3,3
6236,3,5
6237,3,2
6238,3,1
6239,3,1
6240,3,3
6241,3,4
6242,3,4
6243,3,4
6244,3,2
6245,3,4
6246,3,4
6247,3,2
6248,3,2
6249,3,2
6250,3,1
6251,3,1
6252,3,1
6253,3,1
6254,3,1
6255,3,1
6256,3,4
6257,3,2
6258,3,1
6259,3,5
6260,3,4
6261,3,5
6262,3,5
6263,3,5
6264,3,3
6265,3,5
6266,3,3
6267,3,4
6268,3,2
6269,3,5
6270,3,5
6271,3,5
6272,3,4
6273,3,5
6274,3,1
6275,3,5
6276,3,3
6277,3,1
6278,3,1
6279,3,5
6280,3,1
6281,3,1
6282,3,4
6283,3,1
6284,3,2
6285,3,1
6286,3,2
6287,3,1
6288,3,4
6289,3,3
6290,3,5
6291,3,3
6292,3,5
6293,3,5
6294,3,4
6295,3,3
6296,3,5
6297,3,3
6298,3,3
6299,3,5
6300,3,5
6301,3,1
6302,3,3
6303,3,2
6304,3,1
6305,3,3
6306,3,4
6307,3,3
6308,3,5
6309,3,4
6310,3,4
6311,3,3
6312,3,3
6313,3,4
6314,3,3
6315,3,1
6316,3,4
6317,3,1
6318,3,4
6319,3,1
6320,3,4
6321,3,1
6322,3,4
6323,3,3
6324,3,1
6325,3,5
6326,3,5
6327,3,4
6328,3,4
6329,3,4
6330,3,2
6331,3,2
6332,3,4
6333,3,5
6334,3,3
6335,3,3
6336,3,5
6337,3,5
6338,3,5
6339,3,4
6340,3,4
6341,3,5
6342,3,4
6343,3,3
6344,3,3
6345,3,3
6346,3,3
6347,3,5
6348,3,2
6349,3,1
6350,3,4
6351,3,3
6352,3,5
6353,3,4
6354,3,4
6355,3,1
6356,3,4
6357,3,1
6358,3,1
6359,3,1
6360,3,1
6361,3,1
6362,3,1
6363,3,1
6364,3,1
6365,3,4
6366,3,2
6367,3,5
6368,3,2
6369,3,5
6370,3,4
6371,3,4
6372,3,3
6373,3,3
6374,3,1
6375,3,1
6376,3,5
6377,3,4
6378,3,1
6379,3,1
6380,3,2
6381,3,3
6382,3,3
6383,3,4
6384,3,4
6385,3,4
6386,3,5
6387,3,3
6388,3,4
6389,3,2
6390,3,4
6391,3,3
6392,3,5
6393,3,1
6394,3,1
6395,3,4
6396,3,5
6397,3,1
6398,3,1
6399,3,5
6400,3,1
6401,3,5
6402,3,3
6403,3,3
6404,3,4
6405,3,4
6406,3,4
6407,3,3
6408,3,3
6409,3,5
6410,3,2
6411,3,1
6412,3,5
6413,3,5
6414,3,2
6415,3,5
6416,3,5
6417,3,4
6418,3,4
6419,3,5
6420,3,1
6421,3,1
6422,3,4
6423,3,4
6424,3,4
6425,3,1
6426,3,3
6427,3,1
6428,3,1
6429,3,1
6430,3,1
6431,3,1
6432,3,4
6433,3,4
6434,3,3
6435,3,5
6436,3,5
6437,3,3
6438,3,4
6439,3,5
6440,3,1
6441,3,5
6442,3,4
6443,3,5
6444,3,3
6445,3,3
6446,3,4
6447,3,5
6448,3,2
6449,3,1
6450,3,2
6451,3,3
6452,3,3
6453,3,1
6454,3,4
6455,3,1
6456,3,4
6457,3,1
6458,3,4
6459,3,1
6460,3,2
6461,3,1
6462,3,1
6463,3,5
6464,3,2
6465,3,2
6466,3,3
6467,3,3
6468,3,4
6469,3,4
6470,3,1
6471,3,5
6472,3,3
6473,3,5
6474,3,4
6475,3,5
6476,3,5
6477,3,4
6478,3,4
6479,3,5
6480,3,1
6481,3,1
6482,3,3
6483,3,3
6484,3,1
6485,3,5
6486,3,5
6487,3,1
6488,3,4
6489,3,1
6490,3,4
6491,3,4
6492,3,1
6493,3,4
6494,3,2
6495,3,3
6496,3,1
6497,3,1
6498,3,3
6499,3,5
6500,3,5
6501,3,4
6502,3,4
6503,3,4
6504,3,4
6505,3,4
6506,3,4
6507,3,4
6508,3,4
6509,3,5
6510,3,3
6511,3,5
6512,3,5
6513,3,5
6514,3,5
6515,3,4
6516,3,4
6517,3,2
6518,3,5
6519,3,5
6520,3,1
6521,3,1
6522,3,1
6523,3,1
6524,3,2
6525,3,3
6526,3,3
6527,3,5
6528,3,2
6529,3,1
6530,3,5
6531,3,1
6532,3,1
6533,3,2
6534,3,1
6535,3,4
6536,3,1
6537,3,4
6538,3,4
6539,3,5
6540,3,5
6541,3,5
6542,3,5
6543,3,3
6544,3,4
6545,3,3
6546,3,4
6547,3,3
6548,3,4
6549,3,3
6550,3,4
6551,3,5
6552,3,4
6553,3,3
6554,3,2
6555,3,4
6556,3,1
6557,3,5
6558,3,3
6559,3,5
6560,3,3
6561,3,4
6562,3,3
6563,3,5
6564,3,2
6565,3,3
6566,3,1
6567,3,2
6568,3,3
6569,3,4
6570,3,5
6571,3,2
6572,3,4
6573,3,4
6574,3,5
6575,3,4
6576,3,5
6577,3,5
6578,3,3
6579,3,1
6580,3,3
6581,3,5
6582,3,4
6583,3,3
6584,3,4
6585,3,5
6586,3,3
6587,3,2
6588,3,5
6589,3,5
6590,3,5
6591,3,5
6592,3,3
6593,3,5
6594,3,3
6595,3,5
6596,3,1
6597,3,4
6598,3,4
6599,3,2
6600,3,3
6601,3,5
6602,3,4
6603,3,1
6604,3,4
6605,3,5
6606,3,1
6607,3,1
6608,3,2
6609,3,1
6610,3,4
6611,3,1
6612,3,1
6613,3,3
6614,3,4
6615,3,5
6616,3,3
6617,3,4
6618,3,2
6619,3,4
6620,3,3
6621,3,4
6622,3,5
6623,3,5
6624,3,4
6625,3,3
6626,3,5
6627,3,5
6628,3,4
6629,3,3
6630,3,2
6631,3,1
6632,3,5
6633,3,4
6634,3,2
6635,3,4
6636,3,1
6637,3,1
6638,3,2
6639,3,3
6640,3,2
6641,3,1
6642,3,3
6643,3,4
6644,3,4
6645,3,4
6646,3,2
6647,3,1
6648,3,4
6649,3,5
6650,3,5
6651,3,4
6652,3,2
6653,3,4
6654,3,5
6655,3,5
6656,3,4
6657,3,2
6658,3,3
6659,3,5
6660,3,5
6661,3,4
6662,3,5
6663,3,3
6664,3,3
6665,3,5
6666,3,5
6667,3,1
6668,3,1
6669,3,1
6670,3,3
6671,3,5
6672,3,4
6673,3,3
6674,3,1
6675,3,2
6676,3,1
6677,3,1
6678,3,5
6679,3,4
6680,3,3
6681,3,4
6682,3,3
6683,3,5
6684,3,2
6685,3,5
6686,3,5
6687,3,5
6688,3,4
6689,3,3
6690,3,3
6691,3,5
6692,3,5
6693,3,4
6694,3,1
6695,3,5
6696,3,1
6697,3,5
6698,3,1
6699,3,1
6700,3,1
6701,3,1
6702,3,4
6703,3,2
6704,3,4
6705,3,1
6706,3,4
6707,3,1
6708,3,5
6709,3,3
6710,3,5
6711,3,5
6712,3,4
6713,3,3
6714,3,5
6715,3,5
6716,3,4
6717,3,5
6718,3,4
6719,3,1
6720,3,5
6721,3,4
6722,3,5
6723,3,2
6724,3,1
6725,3,5
6726,3,5
6727,3,5
6728,3,5
6729,3,4
6730,3,1
6731,3,1
6732,3,5
6733,3,1
6734,3,1
6735,3,1
6736,3,1
6737,3,1
6738,3,4
6739,3,1
6740,3,2
6741,3,1
6742,3,4
6743,3,1
6744,3,5
6745,3,4
6746,3,4
6747,3,1
6748,3,4
6749,3,5
6750,3,4
6751,3,4
6752,3,4
6753,3,2
6754,3,5
6755,3,4
6756,3,2
6757,3,2
6758,3,2
6759,3,4
6760,3,5
6761,3,4
6762,3,4
6763,3,5
6764,3,5
6765,3,3
6766,3,5
6767,3,5
6768,3,5
6769,3,5
6770,3,1
6771,3,1
6772,3,1
6773,3,4
6774,3,2
6775,3,1
6776,3,5
6777,3,5
6778,3,4
6779,3,3
6780,3,1
6781,3,1
6782,3,4
6783,3,3
6784,3,1
6785,3,2
6786,3,4
6787,3,1
6788,3,1
6789,3,1
6790,3,5
6791,3,4
6792,3,2
6793,3,3
6794,3,3
6795,3,5
6796,3,5
6797,3,4
6798,3,3
6799,3,4
6800,3,2
6801,3,4
6802,3,4
6803,3,4
6804,3,1
6805,3,5
6806,3,1
6807,3,1
6808,3,4
6809,3,4
6810,3,5
6811,3,2
6812,3,1
6813,3,3
6814,3,1
6815,3,1
6816,3,1
6817,3,4
6818,3,5
6819,3,2
6820,3,1
6821,3,5
6822,3,3
6823,3,5
6824,3,3
6825,3,2
6826,3,4
6827,3,5
6828,3,3
6829,3,1
6830,3,5
6831,3,2
6832,3,5
6833,3,1
6834,3,5
6835,3,1
6836,3,4
6837,3,1
6838,3,1
6839,3,1
6840,3,1
6841,3,1
6842,3,1
6843,3,5
6844,3,5
6845,3,4
6846,3,1
6847,3,1
6848,3,4
6849,3,5
6850,3,5
6851,3,5
6852,3,5
6853,3,3
6854,3,5
6855,3,4
6856,3,2
6857,3,5
6858,3,5
6859,3,5
6860,3,4
6861,3,1
6862,3,5
6863,3,4
6864,3,1
6865,3,1
6866,3,1
6867,3,4
6868,3,3
6869,3,4
6870,3,1
6871,3,4
6872,3,4
6873,3,3
6874,3,4
6875,3,1
6876,3,2
6877,3,1
6878,3,1
6879,3,1
6880,3,5
6881,3,4
6882,3,1
6883,3,5
6884,3,1
6885,3,4
6886,3,5
6887,3,3
6888,3,4
6889,3,4
6890,3,5
6891,3,5
6892,3,5
6893,3,5
6894,3,5
6895,3,3
6896,3,2
6897,3,4
6898,3,5
6899,3,3
6900,3,3
6901,3,1
6902,3,3
6903,3,4
6904,3,3
6905,3,3
6906,3,3
6907,3,4
6908,3,5
6909,3,4
6910,3,1
6911,3,1
6912,3,1
6913,3,1
6914,3,1
6915,3,1
6916,3,1
6917,3,3
6918,3,1
6919,3,4
6920,3,3
6921,3,5
6922,3,4
6923,3,4
6924,3,4
6925,3,2
6926,3,5
6927,3,5
6928,3,4
6929,3,5
6930,3,5
6931,3,4
6932,3,5
6933,3,4
6934,3,3
6935,3,5
6936,3,1
6937,3,5
6938,3,2
6939,3,4
6940,3,5
6941,3,1
6942,3,4
6943,3,2
6944,3,5
6945,3,1
6946,3,5
6947,3,1
6948,3,1
6949,3,5
6950,3,1
6951,3,4
6952,3,2
6953,3,1
6954,3,5
6955,3,4
6956,3,1
6957,3,4
6958,3,1
6959,3,5
6960,3,5
6961,3,5
6962,3,5
6963,3,4
6964,3,5
6965,3,4
6966,3,4
6967,3,3
6968,3,3
6969,3,4
6970,3,4
6971,3,5
6972,3,4
6973,3,3
6974,3,5
6975,3,2
6976,3,1
6977,3,3
6978,3,5
6979,3,1
6980,3,1
6981,3,3
6982,3,3
6983,3,1
6984,3,2
6985,3,4
6986,3,4
6987,3,1
6988,3,5
6989,3,4
6990,3,2
6991,3,1
6992,3,4
6993,3,1
6994,3,5
6995,3,2
6996,3,3
6997,3,4
6998,3,4
6999,3,4
7000,3,2
7001,3,3
7002,3,4
7003,3,3
7004,3,4
7005,3,5
7006,3,4
7007,3,5
7008,3,3
7009,3,3
7010,3,2
7011,3,5
7012,3,3
7013,3,5
7014,3,1
7015,3,5
7016,3,5
7017,3,1
7018,3,4
7019,3,3
7020,3,5
7021,3,1
7022,3,1
7023,3,1
7024,3,1
7025,3,1
7026,3,4
7027,3,1
7028,3,1
7029,3,1
7030,3,5
7031,3,5
7032,3,3
7033,3,5
7034,3,1
7035,3,5
7036,3,5
7037,3,4
7038,3,3
7039,3,4
7040,3,5
7041,3,5
7042,3,1
7043,3,5
7044,3,1
7045,3,4
7046,3,1
7047,3,5
7048,3,1
7049,3,5
7050,3,1
7051,3,5
7052,3,3
7053,3,3
7054,3,4
7055,3,1
7056,3,5
7057,3,3
7058,3,4
7059,3,1
7060,3,4
7061,3,1
7062,3,2
7063,3,2
7064,3,1
7065,3,1
7066,3,4
7067,3,2
7068,3,1
7069,3,5
7070,3,1
7071,3,5
7072,3,5
7073,3,4
7074,3,3
7075,3,3
7076,3,5
7077,3,5
7078,3,5
7079,3,4
7080,3,1
7081,3,1
7082,3,3
7083,3,3
7084,3,4
7085,3,4
7086,3,4
7087,3,4
7088,3,4
7089,3,4
7090,3,3
7091,3,5
7092,3,3
7093,3,4
7094,3,1
7095,3,4
7096,3,1
7097,3,1
7098,3,1
7099,3,4
7100,3,5
7101,3,5
7102,3,2
7103,3,1
7104,3,4
7105,3,3
7106,3,3
7107,3,5
7108,3,5
7109,3,3
7110,3,5
7111,3,1
7112,3,2
7113,3,3
7114,3,4
7115,3,4
7116,3,4
7117,3,5
7118,3,5
7119,3,3
7120,3,1
7121,3,1
7122,3,2
7123,3,5
7124,3,1
7125,3,5
7126,3,5
7127,3,4
7128,3,1
7129,3,4
7130,3,4
7131,3,3
7132,3,5
7133,3,1
7134,3,1
7135,3,1
7136,3,5
7137,3,3
7138,3,3
7139,3,2
7140,3,5
7141,3,4
7142,3,5
7143,3,5
7144,3,2
7145,3,4
7146,3,3
7147,3,3
7148,3,5
7149,3,4
7150,3,4
7151,3,3
7152,3,5
7153,3,5
7154,3,3
7155,3,5
7156,3,1
7157,3,2
7158,3,1
7159,3,2
7160,3,1
7161,3,4
7162,3,3
7163,3,4
7164,3,2
7165,3,4
7166,3,1
7167,3,4
7168,3,4
7169,3,3
7170,3,4
7171,3,4
7172,3,4
7173,3,4
7174,3,1
7175,3,5
7176,3,3
7177,3,4
7178,3,3
7179,3,5
7180,3,4
7181,3,4
7182,3,3
7183,3,3
7184,3,5
7185,3,5
7186,3,4
7187,3,3
7188,3,3
7189,3,4
7190,3,2
7191,3,3
7192,3,3
7193,3,5
7194,3,5
7195,3,3
7196,3,2
7197,3,1
7198,3,2
7199,3,4
7200,3,4
7201,3,1
7202,3,5
7203,3,4
7204,3,1
7205,3,4
7206,3,4
7207,3,3
7208,3,1
7209,3,1
7210,3,4
7211,3,4
7212,3,4
7213,3,3
7214,3,3
7215,3,3
7216,3,4
7217,3,5
7218,3,5
7219,3,3
7220,3,4
7221,3,5
7222,3,4
7223,3,5
7224,3,5
7225,3,1
7226,3,5
7227,3,5
7228,3,1
7229,3,1
7230,3,1
7231,3,1
7232,3,4
7233,3,1
7234,3,2
7235,3,1
7236,3,1
7237,3,2
7238,3,3
7239,3,1
7240,3,4
7241,3,4
7242,3,3
7243,3,5
7244,3,4
7245,3,4
7246,3,5
7247,3,5
7248,3,4
7249,3,3
7250,3,4
7251,3,4
7252,3,4
7253,3,2
7254,3,5
7255,3,2
7256,3,1
7257,3,3
7258,3,2
7259,3,4
7260,3,1
7261,3,1
7262,3,1
7263,3,1
7264,3,3
7265,3,4
7266,3,2
7267,3,3
7268,3,3
7269,3,3
7270,3,5
7271,3,1
7272,3,5
7273,3,3
7274,3,3
7275,3,4
7276,3,4
7277,3,4
7278,3,2
7279,3,5
7280,3,5
7281,3,3
7282,3,4
7283,3,4
7284,3,5
7285,3,1
7286,3,1
7287,3,1
7288,3,2
7289,3,3
7290,3,3
7291,3,1
7292,3,1
7293,3,4
7294,3,1
7295,3,1
7296,3,1
7297,3,4
7298,3,1
7299,3,1
7300,3,1
7301,3,1
7302,3,2
7303,3,4
7304,3,2
7305,3,4
7306,3,5
7307,3,3
7308,3,3
7309,3,4
7310,3,2
7311,3,4
7312,3,4
7313,3,3
7314,3,4
7315,3,2
7316,3,5
7317,3,4
7318,3,4
7319,3,5
7320,3,5
7321,3,5
7322,3,4
7323,3,1
7324,3,1
7325,3,3
7326,3,1
7327,3,3
7328,3,5
7329,3,5
7330,3,4
7331,3,4
7332,3,3
7333,3,1
7334,3,5
7335,3,1
7336,3,1
7337,3,1
7338,3,5
7339,3,1
7340,3,4
7341,3,5
7342,3,1
7343,3,2
7344,3,3
7345,3,5
7346,3,3
7347,3,5
7348,3,5
7349,3,4
7350,3,5
7351,3,2
7352,3,2
7353,3,4
7354,3,2
7355,3,3
7356,3,1
7357,3,1
7358,3,1
7359,3,1
7360,3,1
7361,3,3
7362,3,1
7363,3,1
7364,3,2
7365,3,1
7366,3,4
7367,3,2
7368,3,3
7369,3,2
7370,3,1
7371,3,4
7372,3,1
7373,3,3
7374,3,1
7375,3,2
7376,3,2
7377,3,3
7378,3,2
7379,3,5
7380,3,4
7381,3,5
7382,3,4
7383,3,5
7384,3,5
7385,3,4
7386,3,5
7387,3,5
7388,3,5
7389,3,5
7390,3,5
7391,3,2
7392,3,1
7393,3,1
7394,3,1
7395,3,3
7396,3,1
7397,3,1
7398,3,1
7399,3,1
7400,3,1
7401,3,3
7402,3,1
7403,3,2
7404,3,4
7405,3,1
7406,3,3
7407,3,4
7408,3,1
7409,3,5
7410,3,3
7411,3,5
7412,3,5
7413,3,2
7414,3,5
7415,3,1
7416,3,5
7417,3,1
7418,3,5
7419,3,4
7420,3,5
7421,3,3
7422,3,5
7423,3,2
7424,3,5
7425,3,1
7426,3,2
7427,3,1
7428,3,3
7429,3,1
7430,3,2
7431,3,1
7432,3,1
7433,3,1
7434,3,4
7435,3,2
7436,3,1
7437,3,1
7438,3,2
7439,3,1
7440,3,1
7441,3,1
7442,3,4
7443,3,1
7444,3,3
7445,3,3
7446,3,5
7447,3,4
7448,3,4
7449,3,3
7450,3,3
7451,3,5
7452,3,5
7453,3,2
7454,3,3
7455,3,2
7456,3,5
7457,3,3
7458,3,3
7459,3,5
7460,3,1
7461,3,4
7462,3,3
7463,3,1
7464,3,1
7465,3,4
7466,3,1
7467,3,4
7468,3,1
7469,3,1
7470,3,1
7471,3,5
7472,3,3
7473,3,1
7474,3,4
7475,3,4
7476,3,5
7477,3,5
7478,3,5
7479,3,4
7480,3,5
7481,3,5
7482,3,5
7483,3,5
7484,3,1
7485,3,5
7486,3,5
7487,3,2
7488,3,5
7489,3,4
7490,3,3
7491,3,3
7492,3,4
7493,3,4
7494,3,3
7495,3,1
7496,3,1
7497,3,5
7498,3,1
7499,3,5
7500,3,1
7501,3,5
7502,3,1
7503,3,4
7504,3,1
7505,3,3
7506,3,4
7507,3,3
7508,3,2
7509,3,4
7510,3,5
7511,3,1
7512,3,3
7513,3,5
7514,3,4
7515,3,5
7516,3,4
7517,3,5
7518,3,5
7519,3,1
7520,3,4
7521,3,5
7522,3,5
7523,3,5
7524,3,2
7525,3,4
7526,3,5
7527,3,5
7528,3,1
7529,3,4
7530,3,5
7531,3,3
7532,3,3
7533,3,2
7534,3,1
7535,3,1
7536,3,4
7537,3,1
7538,3,1
7539,3,1
7540,3,1
7541,3,1
7542,3,1
7543,3,1
7544,3,1
7545,3,1
7546,3,1
7547,3,1
7548,3,1
7549,3,1
7550,3,1
7551,3,1
7552,3,3
7553,3,3
7554,3,3
7555,3,5
7556,3,1
7557,3,1
7558,3,2
7559,3,1
7560,3,1
7561,3,1
7562,3,4
7563,3,2
7564,3,4
7565,3,5
7566,3,3
7567,3,1
7568,3,1
7569,3,3
7570,3,3
7571,3,4
7572,3,1
7573,3,1
7574,3,1
7575,3,1
7576,3,1
7577,3,1
7578,3,1
7579,3,1
7580,3,1
7581,3,4
7582,3,5
7583,3,4
7584,3,2
7585,3,4
7586,3,2
7587,3,2
7588,3,1
7589,3,4
7590,3,5
7591,3,3
7592,3,3
7593,3,3
7594,3,3
7595,3,1
7596,3,3
7597,3,1
7598,3,1
7599,3,3
7600,3,1
7601,3,1
7602,3,3
7603,3,3
7604,3,2
7605,3,4
7606,3,1
7607,3,1
7608,3,1
7609,3,1
7610,3,1
7611,3,1
7612,3,1
7613,3,1
7614,3,3
7615,3,1
7616,3,1
7617,3,1
7618,3,1
7619,3,1
7620,3,1
7621,3,1
7622,3,1
7623,3,4
7624,3,5
7625,3,1
7626,3,3
7627,3,2
7628,3,5
7629,3,2
7630,3,1
7631,3,1
7632,3,4
7633,3,4
7634,3,2
7635,3,3
7636,3,3
7637,3,3
7638,3,1
7639,3,3
7640,3,4
7641,3,3
7642,3,3
7643,3,3
7644,3,1
7645,3,1
7646,3,1
7647,3,1
7648,3,1
7649,3,3
7650,3,4
7651,3,4
7652,3,2
7653,3,3
7654,3,4
7655,3,1
7656,3,1
7657,3,1
7658,3,1
7659,3,1
7660,3,1
7661,3,1
7662,3,1
7663,3,1
7664,3,1
7665,3,1
7666,3,3
7667,3,5
7668,3,3
7669,3,3
7670,3,2
7671,3,4
7672,3,2
7673,3,5
7674,3,1
7675,3,3
7676,3,4
7677,3,5
7678,3,1
7679,3,3
7680,3,3
7681,3,1
7682,3,3
7683,3,3
7684,3,3
7685,3,3
7686,3,2
7687,3,2
7688,3,1
7689,3,1
7690,3,1
7691,3,1
7692,3,1
7693,3,1
7694,3,1
7695,3,1
7696,3,1
7697,3,1
7698,3,3
7699,3,3
7700,3,3
7701,3,3
7702,3,5
7703,3,4
7704,3,4
7705,3,3
7706,3,1
7707,3,1
7708,3,2
7709,3,3
7710,3,1
7711,3,3
7712,3,5
7713,3,3
7714,3,1
7715,3,1
7716,3,1
7717,3,1
7718,3,4
7719,3,3
7720,3,1
7721,3,1
7722,3,1
7723,3,1
7724,3,1
7725,3,1
7726,3,1
7727,3,1
7728,3,3
7729,3,3
7730,3,1
7731,3,1
7732,3,1
7733,3,1
7734,3,1
7735,3,4
7736,3,5
7737,3,4
7738,3,4
7739,3,3
7740,3,5
7741,3,4
7742,3,3
7743,3,5
7744,3,4
7745,3,3
7746,3,1
7747,3,4
7748,3,3
7749,3,5
7750,3,1
7751,3,4
7752,3,2
7753,3,1
7754,3,3
7755,3,1
7756,3,2
7757,3,1
7758,3,3
7759,3,2
7760,3,1
7761,3,1
7762,3,1
7763,3,1
7764,3,1
7765,3,1
7766,3,1
7767,3,1
7768,3,1
7769,3,1
7770,3,5
7771,3,3
7772,3,3
7773,3,2
7774,3,4
7775,3,3
7776,3,4
7777,3,2
7778,3,2
7779,3,1
7780,3,2
7781,3,3
7782,3,4
7783,3,4
7784,3,3
7785,3,2
7786,3,3
7787,3,1
7788,3,1
7789,3,1
7790,3,5
7791,3,5
7792,3,1
7793,3,1
7794,3,1
7795,3,1
7796,3,1
7797,3,1
7798,3,1
7799,3,1
7800,3,1
7801,3,1
7802,3,3
7803,3,3
7804,3,3
7805,3,3
7806,3,3
7807,3,4
7808,3,5
7809,3,3
7810,3,2
7811,3,4
7812,3,4
7813,3,2
7814,3,5
7815,3,5
7816,3,3
7817,3,1
7818,3,1
7819,3,1
7820,3,1
7821,3,1
7822,3,1
7823,3,1
7824,3,4
7825,3,2
7826,3,1
7827,3,5
7828,3,4
7829,3,1
7830,3,1
7831,3,1
7832,3,1
7833,3,1
7834,3,3
7835,3,3
7836,3,1
7837,3,1
7838,3,1
7839,3,4
7840,3,5
7841,3,2
7842,3,1
7843,3,3
7844,3,1
7845,3,5
7846,3,3
7847,3,1
7848,3,4
7849,3,4
7850,3,1
7851,3,1
7852,3,4
7853,3,1
7854,3,3
7855,3,1
7856,3,1
7857,3,1
7858,3,1
7859,3,1
7860,3,1
7861,3,1
7862,3,1
7863,3,1
7864,3,1
7865,3,1
7866,3,1
7867,3,1
7868,3,4
7869,3,3
7870,3,1
7871,3,5
7872,3,3
7873,3,3
7874,3,4
7875,3,3
7876,3,4
7877,3,4
7878,3,1
7879,3,5
7880,3,4
7881,3,3
7882,3,3
7883,3,2
7884,3,1
7885,3,4
7886,3,4
7887,3,2
7888,3,1
7889,3,1
7890,3,1
7891,3,1
7892,3,1
7893,3,1
7894,3,1
7895,3,1
7896,3,1
7897,3,1
7898,3,1
7899,3,1
7900,3,1
7901,3,4
7902,3,4
7903,3,2
7904,3,4
7905,3,3
7906,3,2
7907,3,3
7908,3,3
7909,3,1
7910,3,4
7911,3,1
7912,3,2
7913,3,4
7914,3,5
7915,3,4
7916,3,1
7917,3,1
7918,3,3
7919,3,5
7920,3,3
7921,3,4
7922,3,3
7923,3,1
7924,3,1
7925,3,1
7926,3,1
7927,3,2
7928,3,4
7929,3,3
7930,3,3
7931,3,1
7932,3,1
7933,3,1
7934,3,1
7935,3,1
7936,3,1
7937,3,1
7938,3,1
7939,3,2
7940,3,5
7941,3,4
7942,3,4
7943,3,3
7944,3,3
7945,3,3
7946,3,3
7947,3,3
7948,3,2
7949,3,2
7950,3,4
7951,3,4
7952,3,4
7953,3,1
7954,3,1
7955,3,4
7956,3,4
7957,3,1
7958,3,3
7959,3,1
7960,3,1
7961,3,1
7962,3,3
7963,3,2
7964,3,2
7965,3,2
7966,3,3
7967,3,2
7968,3,5
7969,3,1
7970,3,1
7971,3,1
7972,3,1
7973,3,1
7974,3,1
7975,3,1
7976,3,1
7977,3,1
7978,3,1
7979,3,1
7980,3,1
7981,3,1
7982,3,1
7983,3,3
7984,3,5
7985,3,3
7986,3,3
7987,3,5
7988,3,3
7989,3,5
7990,3,4
7991,3,3
7992,3,3
7993,3,2
7994,3,4
7995,3,3
7996,3,1
7997,3,4
7998,3,1
7999,3,3
8000,3,4
8001,3,3
8002,3,5
8003,3,1
8004,3,3
8005,3,4
8006,3,2
8007,3,1
8008,3,1
8009,3,3
8010,3,2
8011,3,4
8012,3,2
8013,3,1
8014,3,1
8015,3,1
8016,3,1
8017,3,1
8018,3,1
8019,3,1
8020,3,1
8021,3,1
8022,3,1
8023,3,1
8024,3,1
8025,3,1
8026,3,1
8027,3,3
8028,3,1
8029,3,1
8030,3,2
8031,3,1
8032,3,1
8033,3,4
8034,3,3
8035,3,1
8036,3,1
8037,3,3
8038,3,3
8039,3,4
8040,3,3
8041,3,3
8042,3,3
8043,3,3
8044,3,1
8045,3,3
8046,3,5
8047,3,1
8048,3,3
8049,3,1
8050,3,5
8051,3,1
8052,3,3
8053,3,3
8054,3,1
8055,3,3
8056,3,1
8057,3,1
8058,3,1
8059,3,2
8060,3,1
8061,3,1
8062,3,1
8063,3,3
8064,3,1
8065,3,1
8066,3,1
8067,3,1
8068,3,1
8069,3,1
8070,3,1
8071,3,1
8072,3,1
8073,3,1
8074,3,4
8075,3,4
8076,3,4
8077,3,3
8078,3,2
8079,3,2
8080,3,5
8081,3,4
8082,3,4
8083,3,4
8084,3,4
8085,3,3
8086,3,5
8087,3,3
8088,3,4
8089,3,5
8090,3,5
8091,3,1
8092,3,1
8093,3,3
8094,3,1
8095,3,1
8096,3,3
8097,3,3
8098,3,2
8099,3,2
8100,3,3
8101,3,1
8102,3,1
8103,3,1
8104,3,1
8105,3,1
8106,3,1
8107,3,2
8108,3,3
8109,3,4
8110,3,3
8111,3,1
8112,3,4
8113,3,1
8114,3,3
8115,3,4
8116,3,4
8117,3,4
8118,3,5
8119,3,1
8120,3,3
8121,3,2
8122,3,2
8123,3,1
8124,3,3
8125,3,3
8126,3,3
8127,3,1
8128,3,3
8129,3,1
8130,3,1
8131,3,1
8132,3,1
8133,3,1
8134,3,3
8135,3,1
8136,3,3
8137,3,1
8138,3,1
8139,3,1
8140,3,4
8141,3,2
8142,3,3
8143,3,1
8144,3,3
8145,3,1
8146,3,2
8147,3,3
8148,3,5
8149,3,5
8150,3,2
8151,3,4
8152,3,2
8153,3,2
8154,3,4
8155,3,4
8156,3,4
8157,3,2
8158,3,3
8159,3,5
8160,3,4
8161,3,4
8162,3,4
8163,3,4
8164,3,5
8165,3,3
8166,3,1
8167,3,1
8168,3,1
8169,3,1
8170,3,3
8171,3,4
8172,3,4
8173,3,4
8174,3,1
8175,3,1
8176,3,1
8177,3,1
8178,3,1
8179,3,1
8180,3,1
8181,3,1
8182,3,1
8183,3,1
8184,3,1
8185,3,1
8186,3,1
8187,3,1
8188,3,1
8189,3,2
8190,3,4
8191,3,4
8192,3,5
8193,3,1
8194,3,2
8195,3,5
8196,3,1
8197,3,3
8198,3,3
8199,3,2
8200,3,5
8201,3,5
8202,3,4
8203,3,2
8204,3,3
8205,3,1
8206,3,1
8207,3,1
8208,3,1
8209,3,1
8210,3,1
8211,3,1
8212,3,3
8213,3,2
8214,3,2
8215,3,1
8216,3,1
8217,3,1
8218,3,1
8219,3,3
8220,3,3
8221,3,1
8222,3,3
8223,3,1
8224,3,1
8225,3,1
8226,3,1
8227,3,1
8228,3,1
8229,3,1
8230,3,4
8231,3,3
8232,3,2
8233,3,5
8234,3,5
8235,3,4
8236,3,2
8237,3,2
8238,3,4
8239,3,5
8240,3,1
8241,3,1
8242,3,2
8243,3,4
8244,3,2
8245,3,1
8246,3,1
8247,3,1
8248,3,3
8249,3,1
8250,3,1
8251,3,1
8252,3,1
8253,3,1
8254,3,1
8255,3,1
8256,3,1
8257,3,3
8258,3,3
8259,3,3
8260,3,2
8261,3,3
8262,3,4
8263,3,3
8264,3,5
8265,3,3
8266,3,1
8267,3,1
8268,3,1
8269,3,4
8270,3,1
8271,3,3
8272,3,2
8273,3,4
8274,3,4
8275,3,2
8276,3,2
8277,3,3
8278,3,5
8279,3,1
8280,3,2
8281,3,5
8282,3,5
8283,3,4
8284,3,1
8285,3,3
8286,3,1
8287,3,1
8288,3,1
8289,3,2
8290,3,3
8291,3,1
8292,3,1
8293,3,1
8294,3,1
8295,3,3
8296,3,1
8297,3,1
8298,3,1
8299,3,1
8300,3,3
8301,3,2
8302,3,3
8303,3,3
8304,3,3
8305,3,3
8306,3,3
8307,3,4
8308,3,5
8309,3,4
8310,3,3
8311,3,4
8312,3,4
8313,3,4
8314,3,2
8315,3,3
8316,3,1
8317,3,4
8318,3,1
8319,3,3
8320,3,2
8321,3,2
8322,3,1
8323,3,1
8324,3,1
8325,3,1
8326,3,3
8327,3,1
8328,3,3
8329,3,3
8330,3,4
8331,3,3
8332,3,1
8333,3,3
8334,3,1
8335,3,1
8336,3,1
8337,3,1
8338,3,1
8339,3,1
8340,3,1
8341,3,1
8342,3,1
8343,3,1
8344,3,1
8345,3,1
8346,3,4
8347,3,2
8348,3,1
8349,3,5
8350,3,5
8351,3,5
8352,3,3
8353,3,4
8354,3,3
8355,3,3
8356,3,3
8357,3,4
8358,3,3
8359,3,5
8360,3,3
8361,3,4
8362,3,4
8363,3,3
8364,3,2
8365,3,1
8366,3,1
8367,3,1
8368,3,1
8369,3,3
8370,3,1
8371,3,1
8372,3,3
8373,3,1
8374,3,1
8375,3,1
8376,3,1
8377,3,1
8378,3,1
8379,3,1
8380,3,1
8381,3,1
8382,3,1
8383,3,1
8384,3,1
8385,3,1
8386,3,5
8387,3,2
8388,3,2
8389,3,4
8390,3,4
8391,3,4
8392,3,4
8393,3,3
8394,3,4
8395,3,5
8396,3,3
8397,3,1
8398,3,3
8399,3,1
8400,3,3
8401,3,5
8402,3,2
8403,3,1
8404,3,1
8405,3,3
8406,3,4
8407,3,2
8408,3,1
8409,3,1
8410,3,1
8411,3,1
8412,3,3
8413,3,1
8414,3,1
8415,3,4
8416,3,5
8417,3,5
8418,3,1
8419,3,3
8420,3,1
8421,3,1
8422,3,1
8423,3,1
8424,3,1
8425,3,1
8426,3,1
8427,3,1
8428,3,1
8429,3,1
8430,3,2
8431,3,4
8432,3,3
8433,3,3
8434,3,1
8435,3,5
8436,3,2
8437,3,1
8438,3,1
8439,3,5
8440,3,4
8441,3,1
8442,3,5
8443,3,3
8444,3,1
8445,3,1
8446,3,3
8447,3,1
8448,3,2
8449,3,1
8450,3,2
8451,3,1
8452,3,2
8453,3,4
8454,3,5
8455,3,1
8456,3,1
8457,3,1
8458,3,1
8459,3,1
8460,3,1
8461,3,1
8462,3,1
8463,3,1
8464,3,1
8465,3,1
8466,3,1
8467,3,4
8468,3,1
8469,3,4
8470,3,2
8471,3,5
8472,3,3
8473,3,3
8474,3,3
8475,3,3
8476,3,2
8477,3,3
8478,3,5
8479,3,2
8480,3,3
8481,3,3
8482,3,3
8483,3,5
8484,3,4
8485,3,3
8486,3,1
8487,3,1
8488,3,3
8489,3,1
8490,3,1
8491,3,1
8492,3,1
8493,3,2
8494,3,3
8495,3,1
8496,3,3
8497,3,1
8498,3,3
8499,3,3
8500,3,1
8501,3,1
8502,3,1
8503,3,4
8504,3,5
8505,3,3
8506,3,4
8507,3,5
8508,3,4
8509,3,2
8510,3,1
8511,3,4
8512,3,1
8513,3,1
8514,3,1
8515,3,2
8516,3,4
8517,3,4
8518,3,5
8519,3,3
8520,3,3
8521,3,4
8522,3,1
8523,3,4
8524,3,1
8525,3,1
8526,3,1
8527,3,1
8528,3,3
8529,3,3
8530,3,1
8531,3,1
8532,3,3
8533,3,2
8534,3,2
8535,3,4
8536,3,3
8537,3,2
8538,3,2
8539,3,1
8540,3,1
8541,3,1
8542,3,3
8543,3,1
8544,3,1
8545,3,1
8546,3,1
8547,3,1
8548,3,1
8549,3,1
8550,3,3
8551,3,1
8552,3,1
8553,3,1
8554,3,4
8555,3,1
8556,3,1
8557,3,3
8558,3,3
8559,3,2
8560,3,4
8561,3,2
8562,3,4
8563,3,4
8564,3,4
8565,3,5
8566,3,4
8567,3,3
8568,3,4
8569,3,1
8570,3,1
8571,3,2
8572,3,2
8573,3,3
8574,3,3
8575,3,3
8576,3,1
8577,3,1
8578,3,3
8579,3,3
8580,3,1
8581,3,1
8582,3,1
8583,3,1
8584,3,1
8585,3,1
8586,3,1
8587,3,1
8588,3,1
8589,3,1
8590,3,1
8591,3,1
8592,3,1
8593,3,3
8594,3,3
8595,3,3
8596,3,5
8597,3,4
8598,3,2
8599,3,5
8600,3,2
8601,3,3
8602,3,2
8603,3,3
8604,3,5
8605,3,4
8606,3,3
8607,3,1
8608,3,1
8609,3,1
8610,3,1
8611,3,5
8612,3,3
8613,3,2
8614,3,2
8615,3,1
8616,3,2
8617,3,1
8618,3,1
8619,3,1
8620,3,1
8621,3,1
8622,3,3
8623,3,1
8624,3,1
8625,3,1
8626,3,1
8627,3,1
8628,3,1
8629,3,1
8630,3,3
8631,3,2
8632,3,1
8633,3,3
8634,3,4
8635,3,3
8636,3,1
8637,3,4
8638,3,3
8639,3,3
8640,3,1
8641,3,5
8642,3,5
8643,3,3
8644,3,3
8645,3,3
8646,3,1
8647,3,5
8648,3,3
8649,3,1
8650,3,1
8651,3,1
8652,3,1
8653,3,1
8654,3,1
8655,3,1
8656,3,1
8657,3,1
8658,3,1
8659,3,1
8660,3,1
8661,3,1
8662,3,1
8663,3,1
8664,3,1
8665,3,4
8666,3,3
8667,3,5
8668,3,3
8669,3,1
8670,3,5
8671,3,3
8672,3,3
8673,3,5
8674,3,3
8675,3,1
8676,3,4
8677,3,2
8678,3,2
8679,3,4
8680,3,1
8681,3,5
8682,3,1
8683,3,1
8684,3,3
8685,3,3
8686,3,4
8687,3,5
8688,3,5
8689,3,3
8690,3,1
8691,3,1
8692,3,1
8693,3,1
8694,3,1
8695,3,4
8696,3,3
8697,3,3
8698,3,1
8699,3,1
8700,3,1
8701,3,1
8702,3,1
8703,3,1
8704,3,1
8705,3,1
8706,3,1
8707,3,1
8708,3,1
8709,3,3
8710,3,3
8711,3,2
8712,3,2
8713,3,3
8714,3,4
8715,3,3
8716,3,1
8717,3,3
8718,3,2
8719,3,1
8720,3,3
8721,3,1
8722,3,5
8723,3,2
8724,3,3
8725,3,1
8726,3,1
8727,3,1
8728,3,1
8729,3,3
8730,3,4
8731,3,1
8732,3,1
8733,3,3
8734,3,1
8735,3,1
8736,3,1
8737,3,1
8738,3,1
8739,3,1
8740,3,1
8741,3,1
8742,3,1
8743,3,1
8744,3,3
8745,3,1
8746,3,1
8747,3,1
8748,3,1
8749,3,1
8750,3,4
8751,3,3
8752,3,4
8753,3,4
8754,3,4
8755,3,1
8756,3,3
8757,3,3
8758,3,3
8759,3,4
8760,3,3
8761,3,3
8762,3,4
8763,3,3
8764,3,5
8765,3,2
8766,3,4
8767,3,3
8768,3,4
8769,3,1
8770,3,3
8771,3,5
8772,3,2
8773,3,3
8774,3,4
8775,3,3
8776,3,4
8777,3,2
8778,3,1
8779,3,1
8780,3,4
8781,3,1
8782,3,1
8783,3,1
8784,3,1
8785,3,1
8786,3,3
8787,3,3
8788,3,1
8789,3,1
8790,3,1
8791,3,1
8792,3,1
8793,3,1
8794,3,3
8795,3,3
8796,3,4
8797,3,2
8798,3,3
8799,3,2
8800,3,3
8801,3,2
8802,3,2
8803,3,3
8804,3,5
8805,3,3
8806,3,1
8807,3,3
8808,3,5
8809,3,3
8810,3,5
8811,3,1
8812,3,3
8813,3,4
8814,3,3
8815,3,1
8816,3,1
8817,3,1
8818,3,1
8819,3,1
8820,3,1
8821,3,1
8822,3,1
8823,3,1
8824,3,1
8825,3,2
8826,3,3
8827,3,1
8828,3,4
8829,3,5
8830,3,2
8831,3,4
8832,3,4
8833,3,5
8834,3,2
8835,3,1
8836,3,4
8837,3,2
8838,3,4
8839,3,1
8840,3,3
8841,3,4
8842,3,5
8843,3,1
8844,3,1
8845,3,1
8846,3,5
8847,3,4
8848,3,1
8849,3,1
8850,3,1
8851,3,1
8852,3,1
8853,3,1
8854,3,1
8855,3,1
8856,3,1
8857,3,1
8858,3,1
8859,3,5
8860,3,4
8861,3,5
8862,3,1
8863,3,3
8864,3,3
8865,3,2
8866,3,2
8867,3,2
8868,3,5
8869,3,5
8870,3,1
8871,3,1
8872,3,1
8873,3,3
8874,3,3
8875,3,1
8876,3,1
8877,3,4
8878,3,1
8879,3,3
8880,3,2
8881,3,3
8882,3,3
8883,3,3
8884,3,1
8885,3,1
8886,3,1
8887,3,3
8888,3,4
8889,3,4
8890,3,1
8891,3,1
8892,3,1
8893,3,1
8894,3,1
8895,3,1
8896,3,1
8897,3,1
8898,3,1
8899,3,1
8900,3,1
8901,3,1
8902,3,1
8903,3,1
8904,3,1
8905,3,1
8906,3,2
8907,3,3
8908,3,4
8909,3,5
8910,3,3
8911,3,2
8912,3,5
8913,3,2
8914,3,3
8915,3,4
8916,3,4
8917,3,3
8918,3,2
8919,3,3
8920,3,4
8921,3,3
8922,3,1
8923,3,1
8924,3,2
8925,3,3
8926,3,1
8927,3,3
8928,3,1
8929,3,1
8930,3,1
8931,3,1
8932,3,3
8933,3,1
8934,3,1
8935,3,1
8936,3,1
8937,3,1
8938,3,1
8939,3,3
8940,3,2
8941,3,3
8942,3,3
8943,3,3
8944,3,3
8945,3,5
8946,3,2
8947,3,3
8948,3,3
8949,3,4
8950,3,3
8951,3,3
8952,3,1
8953,3,2
8954,3,1
8955,3,1
8956,3,1
8957,3,4
8958,3,3
8959,3,1
8960,3,1
8961,3,1
8962,3,1
8963,3,3
8964,3,1
8965,3,1
8966,3,1
8967,3,1
8968,3,4
8969,3,4
8970,3,2
8971,3,4
8972,3,2
8973,3,2
8974,3,3
8975,3,3
8976,3,2
8977,3,5
8978,3,3
8979,3,3
8980,3,3
8981,3,3
8982,3,1
8983,3,1
8984,3,1
8985,3,1
8986,3,1
8987,3,1
8988,3,1
8989,3,1
8990,3,1
8991,3,3
8992,3,3
8993,3,1
8994,3,3
8995,3,1
8996,3,1
8997,3,1
8998,3,1
8999,3,1
9000,3,1
9001,3,1
9002,3,1
9003,3,1
9004,3,1
9005,3,1
9006,3,1
9007,3,1
9008,3,4
9009,3,3
9010,3,4
9011,3,3
9012,3,1
9013,3,4
9014,3,1
9015,3,3
9016,3,2
9017,3,4
9018,3,3
9019,3,3
9020,3,3
9021,3,3
9022,3,3
9023,3,4
9024,3,5
9025,3,1
9026,3,4
9027,3,1
9028,3,5
9029,3,3
9030,3,2
9031,3,3
9032,3,5
9033,3,1
9034,3,1
9035,3,1
9036,3,1
9037,3,1
9038,3,1
9039,3,3
9040,3,4
9041,3,1
9042,3,1
9043,3,1
9044,3,3
9045,3,1
9046,3,1
9047,3,1
9048,3,1
9049,3,1
9050,3,1
9051,3,1
9052,3,1
9053,3,1
9054,3,1
9055,3,1
9056,3,3
9057,3,4
9058,3,2
9059,3,1
9060,3,1
9061,3,3
9062,3,4
9063,3,2
9064,3,5
9065,3,1
9066,3,3
9067,3,3
9068,3,4
9069,3,3
9070,3,5
9071,3,4
9072,3,2
9073,3,3
9074,3,1
9075,3,1
9076,3,2
9077,3,4
9078,3,1
9079,3,1
9080,3,3
9081,3,3
9082,3,1
9083,3,1
9084,3,1
9085,3,1
9086,3,1
9087,3,1
9088,3,1
9089,3,1
9090,3,1
9091,3,3
9092,3,3
9093,3,3
9094,3,5
9095,3,4
9096,3,4
9097,3,3
9098,3,2
9099,3,4
9100,3,4
9101,3,4
9102,3,5
9103,3,3
9104,3,2
9105,3,2
9106,3,5
9107,3,4
9108,3,1
9109,3,1
9110,3,1
9111,3,1
9112,3,1
9113,3,1
9114,3,3
9115,3,5
9116,3,5
9117,3,1
9118,3,1
9119,3,1
9120,3,1
9121,3,1
9122,3,1
9123,3,1
9124,3,3
9125,3,1
9126,3,1
9127,3,2
9128,3,4
9129,3,3
9130,3,5
9131,3,4
9132,3,4
9133,3,1
9134,3,3
9135,3,5
9136,3,4
9137,3,3
9138,3,5
9139,3,3
9140,3,4
9141,3,5
9142,3,1
9143,3,3
9144,3,1
9145,3,3
9146,3,1
9147,3,3
9148,3,3
9149,3,1
9150,3,1
9151,3,1
9152,3,1
9153,3,1
9154,3,1
9155,3,1
9156,3,1
9157,3,1
9158,3,1
9159,3,1
9160,3,3
9161,3,3
9162,3,3
9163,3,3
9164,3,4
9165,3,4
9166,3,4
9167,3,3
9168,3,5
9169,3,2
9170,3,3
9171,3,3
9172,3,4
9173,3,5
9174,3,2
9175,3,5
9176,3,1
9177,3,1
9178,3,1
9179,3,5
9180,3,3
9181,3,2
9182,3,1
9183,3,1
9184,3,1
9185,3,1
9186,3,1
9187,3,1
9188,3,1
9189,3,1
9190,3,1
9191,3,1
9192,3,5
9193,3,3
9194,3,1
9195,3,1
9196,3,5
9197,3,1
9198,3,5
9199,3,4
9200,3,4
9201,3,1
9202,3,3
9203,3,5
9204,3,1
9205,3,3
9206,3,4
9207,3,2
9208,3,3
9209,3,3
9210,3,1
9211,3,4
9212,3,3
9213,3,3
9214,3,3
9215,3,1
9216,3,1
9217,3,1
9218,3,1
9219,3,3
9220,3,1
9221,3,1
9222,3,5
9223,3,1
9224,3,1
9225,3,1
9226,3,1
9227,3,1
9228,3,1
9229,3,1
9230,3,1
9231,3,1
9232,3,4
9233,3,4
9234,3,4
9235,3,1
9236,3,3
9237,3,3
9238,3,5
9239,3,4
9240,3,2
9241,3,1
9242,3,3
9243,3,3
9244,3,3
9245,3,4
9246,3,5
9247,3,1
9248,3,4
9249,3,5
9250,3,1
9251,3,2
9252,3,2
9253,3,3
9254,3,1
9255,3,3
9256,3,2
9257,3,1
9258,3,2
9259,3,1
9260,3,1
9261,3,1
9262,3,1
9263,3,1
9264,3,1
9265,3,1
9266,3,1
9267,3,1
9268,3,1
9269,3,1
9270,3,5
9271,3,3
9272,3,2
9273,3,3
9274,3,3
9275,3,3
9276,3,3
9277,3,3
9278,3,3
9279,3,3
9280,3,4
9281,3,4
9282,3,3
9283,3,5
9284,3,3
9285,3,2
9286,3,4
9287,3,2
9288,3,3
9289,3,5
9290,3,1
9291,3,1
9292,3,1
9293,3,1
9294,3,1
9295,3,1
9296,3,1
9297,3,1
9298,3,1
9299,3,1
9300,3,3
9301,3,3
9302,3,3
9303,3,1
9304,3,1
9305,3,1
9306,3,1
9307,3,3
9308,3,1
9309,3,1
9310,3,1
9311,3,1
9312,3,3
9313,3,1
9314,3,3
9315,3,3
9316,3,1
9317,3,5
9318,3,5
9319,3,3
9320,3,4
9321,3,4
9322,3,5
9323,3,3
9324,3,2
9325,3,4
9326,3,4
9327,3,4
9328,3,3
9329,3,3
9330,3,1
9331,3,3
9332,3,4
9333,3,2
9334,3,1
9335,3,3
9336,3,1
9337,3,1
9338,3,1
9339,3,1
9340,3,1
9341,3,3
9342,3,3
9343,3,2
9344,3,1
9345,3,1
9346,3,1
9347,3,1
9348,3,1
9349,3,1
9350,3,3
9351,3,1
9352,3,1
9353,3,3
9354,3,3
9355,3,2
9356,3,2
9357,3,3
9358,3,2
9359,3,3
9360,3,4
9361,3,3
9362,3,3
9363,3,2
9364,3,4
9365,3,4
9366,3,3
9367,3,3
9368,3,1
9369,3,1
9370,3,1
9371,3,1
9372,3,2
9373,3,2
9374,3,1
9375,3,1
9376,3,1
9377,3,1
9378,3,1
9379,3,1
9380,3,1
9381,3,1
9382,3,1
9383,3,1
9384,3,1
9385,3,1
9386,3,3
9387,3,3
9388,3,1
9389,3,3
9390,3,3
9391,3,4
9392,3,5
9393,3,2
9394,3,5
9395,3,3
9396,3,4
9397,3,3
9398,3,3
9399,3,4
9400,3,5
9401,3,3
9402,3,3
9403,3,3
9404,3,1
9405,3,1
9406,3,1
9407,3,1
9408,3,3
9409,3,1
9410,3,1
9411,3,1
9412,3,1
9413,3,3
9414,3,1
9415,3,1
9416,3,3
9417,3,1
9418,3,1
9419,3,1
9420,3,4
9421,3,3
9422,3,3
9423,3,1
9424,3,2
9425,3,5
9426,3,1
9427,3,4
9428,3,5
9429,3,3
9430,3,3
9431,3,3
9432,3,1
9433,3,3
9434,3,3
9435,3,3
9436,3,2
9437,3,4
9438,3,3
9439,3,1
9440,3,4
9441,3,3
9442,3,4
9443,3,1
9444,3,1
9445,3,1
9446,3,1
9447,3,5
9448,3,1
9449,3,1
9450,3,1
9451,3,1
9452,3,1
9453,3,1
9454,3,1
9455,3,1
9456,3,1
9457,3,1
9458,3,1
9459,3,3
9460,3,4
9461,3,1
9462,3,4
9463,3,1
9464,3,1
9465,3,4
9466,3,5
9467,3,2
9468,3,3
9469,3,4
9470,3,4
9471,3,4
9472,3,4
9473,3,3
9474,3,2
9475,3,2
9476,3,3
9477,3,1
9478,3,4
9479,3,3
9480,3,1
9481,3,3
9482,3,3
9483,3,5
9484,3,3
9485,3,2
9486,3,1
9487,3,1
9488,3,1
9489,3,3
9490,3,5
9491,3,1
9492,3,1
9493,3,3
9494,3,1
9495,3,1
9496,3,3
9497,3,1
9498,3,1
9499,3,1
9500,3,1
9501,3,1
9502,3,4
9503,3,3
9504,3,4
9505,3,3
9506,3,4
9507,3,5
9508,3,2
9509,3,4
9510,3,5
9511,3,4
9512,3,4
9513,3,3
9514,3,2
9515,3,1
9516,3,1
9517,3,1
9518,3,1
9519,3,1
9520,3,1
9521,3,1
9522,3,3
9523,3,1
9524,3,1
9525,3,1
9526,3,1
9527,3,3
9528,3,1
9529,3,1
9530,3,1
9531,3,1
9532,3,1
9533,3,1
9534,3,1
9535,3,1
9536,3,1
9537,3,1
9538,3,1
9539,3,1
9540,3,3
9541,3,4
9542,3,5
9543,3,1
9544,3,5
9545,3,1
9546,3,1
9547,3,3
9548,3,1
9549,3,4
9550,3,4
9551,3,4
9552,3,2
9553,3,2
9554,3,3
9555,3,1
9556,3,1
9557,3,1
9558,3,2
9559,3,1
9560,3,1
9561,3,1
9562,3,3
9563,3,1
9564,3,1
9565,3,1
9566,3,1
9567,3,4
9568,3,2
9569,3,4
9570,3,4
9571,3,3
9572,3,3
9573,3,2
9574,3,1
9575,3,4
9576,3,4
9577,3,4
9578,3,4
9579,3,2
9580,3,5
9581,3,1
9582,3,5
9583,3,4
9584,3,3
9585,3,1
9586,3,1
9587,3,1
9588,3,1
9589,3,1
9590,3,1
9591,3,1
9592,3,1
9593,3,3
9594,3,1
9595,3,1
9596,3,1
9597,3,1
9598,3,2
9599,3,4
9600,3,5
9601,3,3
9602,3,3
9603,3,4
9604,3,4
9605,3,1
9606,3,4
9607,3,4
9608,3,4
9609,3,3
9610,3,2
9611,3,3
9612,3,1
9613,3,1
9614,3,1
9615,3,2
9616,3,3
9617,3,4
9618,3,2
9619,3,1
9620,3,1
9621,3,1
9622,3,1
9623,3,1
9624,3,1
9625,3,1
9626,3,1
9627,3,1
9628,3,1
9629,3,1
9630,3,1
9631,3,1
9632,3,2
9633,3,4
9634,3,2
9635,3,3
9636,3,4
9637,3,4
9638,3,3
9639,3,1
9640,3,3
9641,3,4
9642,3,4
9643,3,1
9644,3,2
9645,3,3
9646,3,1
9647,3,1
9648,3,1
9649,3,1
9650,3,2
9651,3,1
9652,3,1
9653,3,1
9654,3,1
9655,3,3
9656,3,1
9657,3,1
9658,3,1
9659,3,1
9660,3,1
9661,3,1
9662,3,1
9663,3,1
9664,3,1
9665,3,1
9666,3,1
9667,3,4
9668,3,3
9669,3,2
9670,3,1
9671,3,5
9672,3,2
9673,3,3
9674,3,2
9675,3,4
9676,3,3
9677,3,5
9678,3,1
9679,3,4
9680,3,4
9681,3,2
9682,3,4
9683,3,1
9684,3,3
9685,3,1
9686,3,1
9687,3,3
9688,3,1
9689,3,2
9690,3,3
9691,3,3
9692,3,5
9693,3,1
9694,3,1
9695,3,1
9696,3,1
9697,3,1
9698,3,1
9699,3,1
9700,3,1
9701,3,1
9702,3,3
9703,3,5
9704,3,3
9705,3,3
9706,3,5
9707,3,3
9708,3,3
9709,3,3
9710,3,4
9711,3,4
9712,3,3
9713,3,4
9714,3,4
9715,3,1
9716,3,3
9717,3,4
9718,3,5
9719,3,4
9720,3,2
9721,3,1
9722,3,2
9723,3,1
9724,3,1
9725,3,1
9726,3,1
9727,3,1
9728,3,1
9729,3,1
9730,3,1
9731,3,1
9732,3,1
9733,3,1
9734,3,2
9735,3,3
9736,3,3
9737,3,3
9738,3,3
9739,3,3
9740,3,2
9741,3,4
9742,3,4
9743,3,4
9744,3,3
9745,3,3
9746,3,4
9747,3,2
9748,3,1
9749,3,1
9750,3,2
9751,3,2
9752,3,5
9753,3,3
9754,3,1
9755,3,3
9756,3,1
9757,3,1
9758,3,1
9759,3,1
9760,3,1
9761,3,1
9762,3,1
9763,3,1
9764,3,3
9765,3,1
9766,3,4
9767,3,4
9768,3,5
9769,3,4
9770,3,3
9771,3,3
9772,3,4
9773,3,4
9774,3,4
9775,3,3
9776,3,4
9777,3,3
9778,3,3
9779,3,4
9780,3,3
9781,3,1
9782,3,1
9783,3,1
9784,3,1
9785,3,1
9786,3,1
9787,3,3
9788,3,2
9789,3,1
9790,3,1
9791,3,1
9792,3,1
9793,3,1
9794,3,3
9795,3,1
9796,3,1
9797,3,3
9798,3,1
9799,3,2
9800,3,4
9801,3,5
9802,3,3
9803,3,1
9804,3,3
9805,3,5
9806,3,5
9807,3,4
9808,3,3
9809,3,3
9810,3,2
9811,3,2
9812,3,3
9813,3,2
9814,3,3
9815,3,3
9816,3,1
9817,3,4
9818,3,3
9819,3,1
9820,3,1
9821,3,1
9822,3,2
9823,3,1
9824,3,1
9825,3,1
9826,3,1
9827,3,1
9828,3,1
9829,3,1
9830,3,1
9831,3,3
9832,3,3
9833,3,1
9834,3,1
9835,3,3
9836,3,5
9837,3,4
9838,3,4
9839,3,5
9840,3,4
9841,3,2
9842,3,5
9843,3,2
9844,3,3
9845,3,3
9846,3,1
9847,3,4
9848,3,3
9849,3,5
9850,3,4
9851,3,1
9852,3,1
9853,3,4
9854,3,1
9855,3,4
9856,3,1
9857,3,1
9858,3,1
9859,3,1
9860,3,1
9861,3,5
9862,3,2
9863,3,2
9864,3,1
9865,3,3
9866,3,1
9867,3,3
9868,3,1
9869,3,1
9870,3,1
9871,3,1
9872,3,1
9873,3,1
9874,3,1
9875,3,1
9876,3,3
9877,3,4
9878,3,3
9879,3,3
9880,3,5
9881,3,4
9882,3,3
9883,3,3
9884,3,1
9885,3,1
9886,3,4
9887,3,4
9888,3,5
9889,3,1
9890,3,3
9891,3,4
9892,3,4
9893,3,4
9894,3,3
9895,3,3
9896,3,2
9897,3,1
9898,3,1
9899,3,1
9900,3,1
9901,3,1
9902,3,1
9903,3,3
9904,3,1
9905,3,1
9906,3,1
9907,3,5
9908,3,4
9909,3,1
9910,3,1
9911,3,1
9912,3,1
9913,3,1
9914,3,1
9915,3,1
9916,3,1
9917,3,1
9918,3,1
9919,3,4
9920,3,1
9921,3,4
9922,3,5
9923,3,3
9924,3,3
9925,3,2
9926,3,3
9927,3,3
9928,3,2
9929,3,3
9930,3,3
9931,3,5
9932,3,1
9933,3,1
9934,3,1
9935,3,1
9936,3,1
9937,3,1
9938,3,1
9939,3,1
9940,3,5
9941,3,1
9942,3,1
9943,3,2
9944,3,1
9945,3,1
9946,3,1
9947,3,1
9948,3,1
9949,3,1
9950,3,1
9951,3,1
9952,3,1
9953,3,1
9954,3,4
9955,3,3
9956,3,2
9957,3,3
9958,3,3
9959,3,2
9960,3,3
9961,3,1
9962,3,4
9963,3,3
9964,3,3
9965,3,5
9966,3,4
9967,3,3
9968,3,2
9969,3,4
9970,3,4
9971,3,1
9972,3,4
9973,3,4
9974,3,3
9975,3,1
9976,3,3
9977,3,3
9978,3,1
9979,3,1
9980,3,1
9981,3,1
9982,3,1
9983,3,3
9984,3,5
9985,3,3
9986,3,1
9987,3,3
9988,3,3
9989,3,2
9990,3,3
9991,3,3
9992,3,3
9993,3,4
9994,3,4
9995,3,1
9996,3,2
9997,3,1
9998,3,1
9999,3,1
10000,3,1
1,4,2
2,4,3
3,4,4
4,4,1
5,4,1
6,4,1
7,4,1
8,4,1
9,4,1
10,4,1
11,4,1
12,4,1
13,4,3
14,4,1
15,4,3
16,4,3
17,4,4
18,4,3
19,4,4
20,4,1
21,4,1
22,4,2
23,4,3
24,4,4
25,4,5
26,4,3
27,4,2
28,4,4
29,4,3
30,4,1
31,4,1
32,4,3
33,4,1
34,4,4
35,4,1
36,4,1
37,4,1
38,4,3
39,4,1
40,4,1
41,4,3
42,4,1
43,4,1
44,4,1
45,4,4
46,4,3
47,4,1
48,4,3
49,4,3
50,4,3
51,4,3
52,4,5
53,4,4
54,4,5
55,4,4
56,4,3
57,4,3
58,4,4
59,4,2
60,4,4
61,4,5
62,4,2
63,4,3
64,4,3
65,4,1
66,4,3
67,4,1
68,4,1
69,4,5
70,4,5
71,4,1
72,4,1
73,4,1
74,4,1
75,4,1
76,4,3
77,4,1
78,4,1
79,4,1
80,4,1
81,4,1
82,4,1
83,4,1
84,4,1
85,4,3
86,4,1
87,4,3
88,4,3
89,4,5
90,4,3
91,4,2
92,4,4
93,4,3
94,4,3
95,4,2
96,4,3
97,4,3
98,4,2
99,4,4
100,4,5
101,4,4
102,4,4
103,4,1
104,4,3
105,4,5
106,4,1
107,4,1
108,4,1
109,4,1
110,4,1
111,4,1
112,4,3
113,4,3
114,4,1
115,4,1
116,4,1
117,4,1
118,4,1
119,4,1
120,4,1
121,4,1
122,4,1
123,4,1
124,4,3
125,4,1
126,4,5
127,4,1
128,4,4
129,4,4
130,4,4
131,4,3
132,4,2
133,4,1
134,4,3
135,4,3
136,4,2
137,4,2
138,4,5
139,4,3
140,4,5
141,4,2
142,4,3
143,4,3
144,4,3
145,4,4
146,4,4
147,4,1
148,4,3
149,4,3
150,4,1
151,4,1
152,4,3
153,4,3
154,4,3
155,4,1
156,4,1
157,4,1
158,4,1
159,4,1
160,4,1
161,4,1
162,4,1
163,4,1
164,4,1
165,4,3
166,4,3
167,4,3
168,4,3
169,4,2
170,4,5
171,4,4
172,4,5
173,4,1
174,4,4
175,4,3
176,4,2
177,4,2
178,4,5
179,4,4
180,4,1
181,4,4
182,4,1
183,4,2
184,4,3
185,4,2
186,4,5
187,4,1
188,4,1
189,4,4
190,4,4
191,4,3
192,4,4
193,4,3
194,4,3
195,4,1
196,4,1
197,4,3
198,4,3
199,4,4
200,4,1
201,4,1
202,4,1
203,4,1
204,4,1
205,4,1
206,4,1
207,4,1
208,4,1
209,4,1
210,4,1
211,4,1
212,4,1
213,4,1
214,4,1
215,4,1
216,4,1
217,4,4
218,4,3
219,4,3
220,4,3
221,4,2
222,4,4
223,4,4
224,4,4
225,4,3
226,4,3
227,4,3
228,4,5
229,4,5
230,4,1
231,4,1
232,4,3
233,4,1
234,4,1
235,4,1
236,4,1
237,4,1
238,4,1
239,4,1
240,4,3
241,4,1
242,4,1
243,4,1
244,4,1
245,4,1
246,4,1
247,4,3
248,4,2
249,4,3
250,4,3
251,4,4
252,4,4
253,4,2
254,4,3
255,4,4
256,4,4
257,4,5
258,4,4
259,4,2
260,4,3
261,4,3
262,4,2
263,4,3
264,4,4
265,4,3
266,4,3
267,4,3
268,4,3
269,4,2
270,4,4
271,4,1
272,4,1
273,4,3
274,4,4
275,4,3
276,4,2
277,4,1
278,4,1
279,4,1
280,4,1
281,4,3
282,4,1
283,4,1
284,4,1
285,4,5
286,4,3
287,4,3
288,4,2
289,4,4
290,4,2
291,4,3
292,4,2
293,4,3
294,4,2
295,4,3
296,4,1
297,4,3
298,4,3
299,4,2
300,4,1
301,4,4
302,4,5
303,4,3
304,4,1
305,4,1
306,4,1
307,4,1
308,4,3
309,4,1
310,4,1
311,4,1
312,4,1
313,4,1
314,4,1
315,4,1
316,4,1
317,4,1
318,4,1
319,4,1
320,4,4
321,4,3
322,4,4
323,4,2
324,4,3
325,4,5
326,4,4
327,4,1
328,4,5
329,4,4
330,4,2
331,4,3
332,4,5
333,4,5
334,4,3
335,4,3
336,4,3
337,4,5
338,4,5
339,4,3
340,4,1
341,4,3
342,4,1
343,4,5
344,4,4
345,4,3
346,4,3
347,4,3
348,4,1
349,4,1
350,4,3
351,4,1
352,4,1
353,4,1
354,4,1
355,4,1
356,4,1
357,4,1
358,4,1
359,4,1
360,4,1
361,4,1
362,4,1
363,4,1
364,4,5
365,4,2
366,4,5
367,4,3
368,4,4
369,4,3
370,4,5
371,4,1
372,4,4
373,4,3
374,4,3
375,4,5
376,4,5
377,4,3
378,4,5
379,4,2
380,4,4
381,4,1
382,4,1
383,4,1
384,4,3
385,4,2
386,4,1
387,4,2
388,4,1
389,4,1
390,4,1
391,4,1
392,4,1
393,4,1
394,4,4
395,4,3
396,4,3
397,4,1
398,4,5
399,4,4
400,4,2
401,4,4
402,4,4
403,4,4
404,4,4
405,4,4
406,4,2
407,4,3
408,4,5
409,4,3
410,4,3
411,4,5
412,4,4
413,4,3
414,4,3
415,4,2
416,4,4
417,4,1
418,4,4
419,4,1
420,4,2
421,4,1
422,4,1
423,4,3
424,4,4
425,4,3
426,4,1
427,4,1
428,4,1
429,4,1
430,4,1
431,4,1
432,4,1
433,4,1
434,4,1
435,4,1
436,4,1
437,4,1
438,4,1
439,4,2
440,4,5
441,4,3
442,4,2
443,4,4
444,4,5
445,4,3
446,4,3
447,4,4
448,4,1
449,4,3
450,4,3
451,4,4
452,4,3
453,4,5
454,4,3
455,4,3
456,4,5
457,4,1
458,4,1
459,4,1
460,4,1
461,4,1
462,4,4
463,4,3
464,4,1
465,4,1
466,4,1
467,4,1
468,4,1
469,4,3
470,4,1
471,4,3
472,4,1
473,4,3
474,4,5
475,4,4
476,4,4
477,4,1
478,4,2
479,4,3
480,4,2
481,4,3
482,4,3
483,4,4
484,4,4
485,4,3
486,4,3
487,4,1
488,4,2
489,4,5
490,4,1
491,4,1
492,4,3
493,4,2
494,4,1
495,4,1
496,4,1
497,4,1
498,4,3
499,4,1
500,4,1
501,4,1
502,4,1
503,4,3
504,4,1
505,4,1
506,4,1
507,4,1
508,4,1
509,4,1
510,4,1
511,4,1
512,4,1
513,4,1
514,4,4
515,4,2
516,4,4
517,4,4
518,4,5
519,4,2
520,4,2
521,4,1
522,4,1
523,4,4
524,4,3
525,4,1
526,4,1
527,4,3
528,4,4
529,4,1
530,4,1
531,4,1
532,4,1
533,4,1
534,4,1
535,4,3
536,4,3
537,4,3
538,4,3
539,4,1
540,4,1
541,4,1
542,4,1
543,4,1
544,4,3
545,4,1
546,4,1
547,4,1
548,4,1
549,4,3
550,4,3
551,4,1
552,4,1
553,4,4
554,4,5
555,4,4
556,4,3
557,4,4
558,4,2
559,4,5
560,4,3
561,4,4
562,4,4
563,4,4
564,4,5
565,4,1
566,4,5
567,4,4
568,4,4
569,4,1
570,4,1
571,4,3
572,4,1
573,4,3
574,4,1
575,4,1
576,4,4
577,4,1
578,4,5
579,4,1
580,4,1
581,4,1
582,4,1
583,4,1
584,4,1
585,4,1
586,4,1
587,4,1
588,4,5
589,4,1
590,4,5
591,4,2
592,4,4
593,4,3
594,4,4
595,4,4
596,4,5
597,4,3
598,4,5
599,4,3
600,4,3
601,4,4
602,4,3
603,4,5
604,4,1
605,4,5
606,4,1
607,4,1
608,4,1
609,4,2
610,4,2
611,4,1
612,4,1
613,4,1
614,4,1
615,4,1
616,4,1
617,4,1
618,4,1
619,4,1
620,4,1
621,4,1
622,4,5
623,4,3
624,4,5
625,4,4
626,4,2
627,4,1
628,4,4
629,4,4
630,4,1
631,4,5
632,4,3
633,4,3
634,4,4
635,4,1
636,4,1
637,4,1
638,4,3
639,4,3
640,4,1
641,4,1
642,4,1
643,4,1
644,4,3
645,4,1
646,4,1
647,4,1
648,4,1
649,4,1
650,4,1
651,4,3
652,4,5
653,4,4
654,4,5
655,4,3
656,4,3
657,4,5
658,4,5
659,4,3
660,4,4
661,4,3
662,4,3
663,4,3
664,4,1
665,4,4
666,4,3
667,4,3
668,4,4
669,4,1
670,4,1
671,4,3
672,4,2
673,4,1
674,4,4
675,4,1
676,4,1
677,4,1
678,4,1
679,4,1
680,4,1
681,4,1
682,4,1
683,4,1
684,4,3
685,4,1
686,4,1
687,4,5
688,4,3
689,4,3
690,4,5
691,4,3
692,4,2
693,4,4
694,4,5
695,4,3
696,4,5
697,4,5
698,4,2
699,4,3
700,4,5
701,4,2
702,4,3
703,4,2
704,4,3
705,4,5
706,4,1
707,4,1
708,4,3
709,4,1
710,4,1
711,4,1
712,4,5
713,4,3
714,4,1
715,4,1
716,4,1
717,4,1
718,4,1
719,4,3
720,4,1
721,4,1
722,4,1
723,4,1
724,4,1
725,4,1
726,4,1
727,4,1
728,4,1
729,4,1
730,4,1
731,4,3
732,4,4
733,4,5
734,4,1
735,4,4
736,4,3
737,4,3
738,4,4
739,4,2
740,4,1
741,4,1
742,4,3
743,4,1
744,4,4
745,4,1
746,4,1
747,4,1
748,4,1
749,4,1
750,4,1
751,4,1
752,4,1
753,4,1
754,4,1
755,4,1
756,4,1
757,4,1
758,4,4
759,4,3
760,4,2
761,4,5
762,4,3
763,4,3
764,4,2
765,4,3
766,4,2
767,4,4
768,4,2
769,4,2
770,4,3
771,4,4
772,4,4
773,4,1
774,4,1
775,4,1
776,4,1
777,4,4
778,4,1
779,4,1
780,4,1
781,4,3
782,4,1
783,4,1
784,4,1
785,4,1
786,4,1
787,4,1
788,4,1
789,4,1
790,4,4
791,4,3
792,4,4
793,4,1
794,4,2
795,4,2
796,4,5
797,4,2
798,4,5
799,4,1
800,4,3
801,4,4
802,4,4
803,4,4
804,4,4
805,4,3
806,4,4
807,4,5
808,4,4
809,4,4
810,4,5
811,4,1
812,4,5
813,4,1
814,4,1
815,4,2
816,4,1
817,4,1
818,4,1
819,4,1
820,4,1
821,4,1
822,4,1
823,4,1
824,4,3
825,4,5
826,4,4
827,4,4
828,4,1
829,4,2
830,4,4
831,4,1
832,4,2
833,4,1
834,4,1
835,4,4
836,4,3
837,4,5
838,4,4
839,4,4
840,4,4
841,4,5
842,4,5
843,4,4
844,4,4
845,4,4
846,4,4
847,4,5
848,4,2
849,4,4
850,4,5
851,4,3
852,4,3
853,4,4
854,4,2
855,4,5
856,4,4
857,4,1
858,4,2
859,4,5
860,4,5
861,4,4
862,4,4
863,4,4
864,4,5
865,4,5
866,4,5
867,4,5
868,4,5
869,4,3
870,4,5
871,4,5
872,4,5
873,4,4
874,4,5
875,4,3
876,4,4
877,4,5
878,4,5
879,4,5
880,4,5
881,4,3
882,4,5
883,4,5
884,4,5
885,4,3
886,4,5
887,4,2
888,4,3
889,4,5
890,4,5
891,4,4
892,4,4
893,4,4
894,4,3
895,4,4
896,4,4
897,4,4
898,4,2
899,4,4
900,4,4
901,4,5
902,4,3
903,4,1
904,4,2
905,4,5
906,4,2
907,4,5
908,4,4
909,4,5
910,4,5
911,4,5
912,4,4
913,4,5
914,4,4
915,4,4
916,4,5
917,4,4
918,4,4
919,4,5
920,4,5
921,4,5
922,4,5
923,4,5
924,4,5
925,4,5
926,4,5
927,4,5
928,4,4
929,4,4
930,4,4
931,4,4
932,4,4
933,4,4
934,4,5
935,4,4
936,4,4
937,4,2
938,4,2
939,4,1
940,4,2
941,4,2
942,4,2
943,4,4
944,4,4
945,4,2
946,4,2
947,4,1
948,4,2
949,4,4
950,4,4
951,4,5
952,4,5
953,4,4
954,4,5
955,4,5
956,4,4
957,4,5
958,4,5
959,4,3
960,4,5
961,4,4
962,4,4
963,4,5
964,4,4
965,4,4
966,4,4
967,4,4
968,4,3
969,4,4
970,4,3
971,4,4
972,4,3
973,4,4
974,4,2
975,4,5
976,4,2
977,4,4
978,4,5
979,4,4
980,4,5
981,4,5
982,4,5
983,4,5
984,4,5
985,4,5
986,4,5
987,4,4
988,4,5
989,4,4
990,4,5
991,4,4
992,4,5
993,4,5
994,4,5
995,4,5
996,4,5
997,4,5
998,4,3
999,4,5
1000,4,5
1001,4,5
1002,4,5
1003,4,5
1004,4,4
1005,4,5
1006,4,3
1007,4,5
1008,4,5
1009,4,4
1010,4,4
1011,4,5
1012,4,5
1013,4,4
1014,4,5
1015,4,4
1016,4,4
1017,4,4
1018,4,4
1019,4,3
1020,4,1
1021,4,4
1022,4,4
1023,4,4
1024,4,3
1025,4,4
1026,4,2
1027,4,4
1028,4,5
1029,4,5
1030,4,2
1031,4,2
1032,4,4
1033,4,3
1034,4,3
1035,4,5
1036,4,3
1037,4,5
1038,4,5
1039,4,5
1040,4,4
1041,4,5
1042,4,5
1043,4,4
1044,4,4
1045,4,3
1046,4,2
1047,4,4
1048,4,3
1049,4,5
1050,4,3
1051,4,5
1052,4,1
1053,4,2
1054,4,4
1055,4,3
1056,4,2
1057,4,1
1058,4,4
1059,4,4
1060,4,1
1061,4,2
1062,4,1
1063,4,2
1064,4,3
1065,4,5
1066,4,5
1067,4,5
1068,4,5
1069,4,4
1070,4,4
1071,4,4
1072,4,3
1073,4,5
1074,4,5
1075,4,5
1076,4,5
1077,4,3
1078,4,4
1079,4,5
1080,4,5
1081,4,5
1082,4,5
1083,4,5
1084,4,3
1085,4,4
1086,4,1
1087,4,3
1088,4,5
1089,4,4
1090,4,5
1091,4,4
1092,4,4
1093,4,2
1094,4,4
1095,4,3
1096,4,5
1097,4,2
1098,4,4
1099,4,3
1100,4,1
1101,4,2
1102,4,4
1103,4,5
1104,4,3
1105,4,5
1106,4,5
1107,4,5
1108,4,5
1109,4,4
1110,4,5
1111,4,4
1112,4,4
1113,4,5
1114,4,5
1115,4,5
1116,4,5
1117,4,5
1118,4,5
1119,4,5
1120,4,4
1121,4,5
1122,4,4
1123,4,4
1124,4,4
1125,4,4
1126,4,4
1127,4,5
1128,4,5
1129,4,4
1130,4,5
1131,4,4
1132,4,5
1133,4,3
1134,4,5
1135,4,2
1136,4,5
1137,4,4
1138,4,3
1139,4,4
1140,4,5
1141,4,5
1142,4,4
1143,4,5
1144,4,3
1145,4,5
1146,4,5
1147,4,5
1148,4,4
1149,4,5
1150,4,5
1151,4,5
1152,4,5
1153,4,5
1154,4,2
1155,4,4
1156,4,5
1157,4,4
1158,4,4
1159,4,4
1160,4,5
1161,4,5
1162,4,4
1163,4,4
1164,4,5
1165,4,4
1166,4,4
1167,4,1
1168,4,2
1169,4,1
1170,4,4
1171,4,5
1172,4,3
1173,4,4
1174,4,4
1175,4,4
1176,4,5
1177,4,5
1178,4,5
1179,4,5
1180,4,5
1181,4,5
1182,4,4
1183,4,4
1184,4,5
1185,4,4
1186,4,5
1187,4,4
1188,4,4
1189,4,3
1190,4,4
1191,4,5
1192,4,4
1193,4,4
1194,4,4
1195,4,2
1196,4,4
1197,4,5
1198,4,3
1199,4,5
1200,4,3
1201,4,5
1202,4,4
1203,4,4
1204,4,5
1205,4,4
1206,4,4
1207,4,4
1208,4,2
1209,4,4
1210,4,4
1211,4,3
1212,4,2
1213,4,3
1214,4,1
1215,4,4
1216,4,5
1217,4,4
1218,4,5
1219,4,5
1220,4,3
1221,4,5
1222,4,5
1223,4,4
1224,4,5
1225,4,5
1226,4,3
1227,4,5
1228,4,4
1229,4,5
1230,4,5
1231,4,3
1232,4,4
1233,4,2
1234,4,4
1235,4,1
1236,4,4
1237,4,5
1238,4,5
1239,4,3
1240,4,4
1241,4,3
1242,4,2
1243,4,4
1244,4,4
1245,4,4
1246,4,2
1247,4,4
1248,4,4
1249,4,4
1250,4,4
1251,4,3
1252,4,4
1253,4,5
1254,4,5
1255,4,5
1256,4,5
1257,4,5
1258,4,5
1259,4,5
1260,4,5
1261,4,3
1262,4,4
1263,4,4
1264,4,3
1265,4,5
1266,4,4
1267,4,5
1268,4,3
1269,4,2
1270,4,4
1271,4,4
1272,4,5
1273,4,4
1274,4,3
1275,4,1
1276,4,5
1277,4,4
1278,4,2
1279,4,2
1280,4,2
1281,4,2
1282,4,4
1283,4,2
1284,4,4
1285,4,2
1286,4,2
1287,4,2
1288,4,4
1289,4,4
1290,4,4
1291,4,5
1292,4,4
1293,4,2
1294,4,5
1295,4,5
1296,4,4
1297,4,5
1298,4,5
1299,4,5
1300,4,5
1301,4,4
1302,4,5
1303,4,5
1304,4,5
1305,4,5
1306,4,4
1307,4,5
1308,4,4
1309,4,4
1310,4,5
1311,4,4
1312,4,5
1313,4,3
1314,4,5
1315,4,5
1316,4,5
1317,4,5
1318,4,5
1319,4,4
1320,4,5
1321,4,5
1322,4,5
1323,4,4
1324,4,5
1325,4,2
1326,4,5
1327,4,5
1328,4,2
1329,4,5
1330,4,4
1331,4,2
1332,4,4
1333,4,1
1334,4,5
1335,4,3
1336,4,5
1337,4,5
1338,4,4
1339,4,5
1340,4,5
1341,4,5
1342,4,5
1343,4,5
1344,4,5
1345,4,4
1346,4,4
1347,4,4
1348,4,5
1349,4,5
1350,4,5
1351,4,5
1352,4,3
1353,4,5
1354,4,4
1355,4,4
1356,4,4
1357,4,4
1358,4,3
1359,4,5
1360,4,3
1361,4,5
1362,4,5
1363,4,4
1364,4,4
1365,4,5
1366,4,4
1367,4,2
1368,4,4
1369,4,4
1370,4,5
1371,4,4
1372,4,4
1373,4,1
1374,4,5
1375,4,5
1376,4,5
1377,4,3
1378,4,5
1379,4,5
1380,4,5
1381,4,3
1382,4,5
1383,4,5
1384,4,4
1385,4,5
1386,4,5
1387,4,4
1388,4,4
1389,4,5
1390,4,5
1391,4,5
1392,4,5
1393,4,3
1394,4,4
1395,4,4
1396,4,5
1397,4,5
1398,4,4
1399,4,5
1400,4,5
1401,4,4
1402,4,4
1403,4,4
1404,4,4
1405,4,1
1406,4,5
1407,4,2
1408,4,5
1409,4,1
1410,4,4
1411,4,4
1412,4,5
1413,4,4
1414,4,1
1415,4,4
1416,4,5
1417,4,4
1418,4,4
1419,4,4
1420,4,4
1421,4,5
1422,4,5
1423,4,5
1424,4,4
1425,4,5
1426,4,4
1427,4,5
1428,4,4
1429,4,1
1430,4,5
1431,4,4
1432,4,4
1433,4,4
1434,4,4
1435,4,1
1436,4,5
1437,4,3
1438,4,1
1439,4,5
1440,4,4
1441,4,4
1442,4,5
1443,4,5
1444,4,4
1445,4,5
1446,4,3
1447,4,5
1448,4,5
1449,4,5
1450,4,5
1451,4,5
1452,4,4
1453,4,4
1454,4,5
1455,4,5
1456,4,4
1457,4,5
1458,4,5
1459,4,4
1460,4,4
1461,4,5
1462,4,4
1463,4,5
1464,4,5
1465,4,2
1466,4,4
1467,4,4
1468,4,5
1469,4,4
1470,4,4
1471,4,4
1472,4,4
1473,4,4
1474,4,2
1475,4,4
1476,4,1
1477,4,4
1478,4,2
1479,4,5
1480,4,5
1481,4,4
1482,4,4
1483,4,5
1484,4,4
1485,4,5
1486,4,4
1487,4,5
1488,4,5
1489,4,3
1490,4,4
1491,4,5
1492,4,5
1493,4,4
1494,4,3
1495,4,3
1496,4,5
1497,4,5
1498,4,5
1499,4,4
1500,4,5
1501,4,3
1502,4,5
1503,4,4
1504,4,5
1505,4,3
1506,4,2
1507,4,5
1508,4,4
1509,4,2
1510,4,4
1511,4,4
1512,4,4
1513,4,2
1514,4,4
1515,4,4
1516,4,2
1517,4,5
1518,4,5
1519,4,4
1520,4,4
1521,4,4
1522,4,1
1523,4,4
1524,4,5
1525,4,5
1526,4,5
1527,4,5
1528,4,5
1529,4,5
1530,4,5
1531,4,5
1532,4,5
1533,4,5
1534,4,5
1535,4,5
1536,4,3
1537,4,5
1538,4,5
1539,4,5
1540,4,4
1541,4,5
1542,4,3
1543,4,4
1544,4,4
1545,4,4
1546,4,3
1547,4,4
1548,4,4
1549,4,4
1550,4,5
1551,4,3
1552,4,4
1553,4,5
1554,4,4
1555,4,3
1556,4,1
1557,4,5
1558,4,1
1559,4,5
1560,4,2
1561,4,4
1562,4,4
1563,4,5
1564,4,4
1565,4,5
1566,4,4
1567,4,5
1568,4,4
1569,4,4
1570,4,5
1571,4,4
1572,4,5
1573,4,5
1574,4,5
1575,4,5
1576,4,4
1577,4,4
1578,4,3
1579,4,5
1580,4,4
1581,4,4
1582,4,2
1583,4,4
1584,4,5
1585,4,4
1586,4,2
1587,4,5
1588,4,4
1589,4,1
1590,4,5
1591,4,2
1592,4,1
1593,4,4
1594,4,1
1595,4,4
1596,4,1
1597,4,2
1598,4,5
1599,4,1
1600,4,4
1601,4,1
1602,4,5
1603,4,5
1604,4,3
1605,4,4
1606,4,4
1607,4,5
1608,4,5
1609,4,4
1610,4,5
1611,4,5
1612,4,5
1613,4,4
1614,4,5
1615,4,4
1616,4,5
1617,4,5
1618,4,5
1619,4,5
1620,4,5
1621,4,4
1622,4,5
1623,4,3
1624,4,1
1625,4,5
1626,4,4
1627,4,5
1628,4,4
1629,4,3
1630,4,4
1631,4,5
1632,4,1
1633,4,5
1634,4,4
1635,4,4
1636,4,1
1637,4,1
1638,4,4
1639,4,5
1640,4,2
1641,4,3
1642,4,1
1643,4,5
1644,4,5
1645,4,5
1646,4,4
1647,4,4
1648,4,4
1649,4,4
1650,4,5
1651,4,4
1652,4,5
1653,4,5
1654,4,5
1655,4,4
1656,4,5
1657,4,4
1658,4,5
1659,4,5
1660,4,5
1661,4,5
1662,4,5
1663,4,3
1664,4,4
1665,4,2
1666,4,5
1667,4,4
1668,4,4
1669,4,4
1670,4,4
1671,4,1
1672,4,2
1673,4,2
1674,4,3
1675,4,4
1676,4,5
1677,4,5
1678,4,5
1679,4,5
1680,4,5
1681,4,5
1682,4,5
1683,4,5
1684,4,5
1685,4,3
1686,4,5
1687,4,4
1688,4,5
1689,4,4
1690,4,4
1691,4,4
1692,4,5
1693,4,5
1694,4,5
1695,4,2
1696,4,3
1697,4,2
1698,4,4
1699,4,3
1700,4,5
1701,4,3
1702,4,5
1703,4,5
1704,4,2
1705,4,2
1706,4,2
1707,4,4
1708,4,4
1709,4,3
1710,4,2
1711,4,2
1712,4,5
1713,4,5
1714,4,2
1715,4,2
1716,4,5
1717,4,5
1718,4,5
1719,4,5
1720,4,4
1721,4,5
1722,4,5
1723,4,3
1724,4,4
1725,4,5
1726,4,5
1727,4,4
1728,4,5
1729,4,5
1730,4,5
1731,4,5
1732,4,4
1733,4,4
1734,4,3
1735,4,5
1736,4,5
1737,4,4
1738,4,5
1739,4,1
1740,4,3
1741,4,4
1742,4,3
1743,4,4
1744,4,5
1745,4,4
1746,4,2
1747,4,4
1748,4,5
1749,4,2
1750,4,4
1751,4,4
1752,4,4
1753,4,4
1754,4,5
1755,4,5
1756,4,4
1757,4,5
1758,4,5
1759,4,5
1760,4,5
1761,4,5
1762,4,4
1763,4,4
1764,4,4
1765,4,5
1766,4,5
1767,4,5
1768,4,4
1769,4,4
1770,4,5
1771,4,5
1772,4,4
1773,4,5
1774,4,4
1775,4,5
1776,4,4
1777,4,5
1778,4,4
1779,4,4
1780,4,2
1781,4,4
1782,4,3
1783,4,4
1784,4,5
1785,4,5
1786,4,4
1787,4,1
1788,4,2
1789,4,5
1790,4,5
1791,4,5
1792,4,5
1793,4,5
1794,4,5
1795,4,5
1796,4,5
1797,4,4
1798,4,5
1799,4,5
1800,4,5
1801,4,4
1802,4,5
1803,4,4
1804,4,5
1805,4,4
1806,4,5
1807,4,3
1808,4,5
1809,4,5
1810,4,4
1811,4,2
1812,4,5
1813,4,4
1814,4,4
1815,4,4
1816,4,3
1817,4,5
1818,4,2
1819,4,4
1820,4,5
1821,4,4
1822,4,4
1823,4,5
1824,4,4
1825,4,5
1826,4,5
1827,4,5
1828,4,4
1829,4,5
1830,4,5
1831,4,5
1832,4,4
1833,4,4
1834,4,5
1835,4,5
1836,4,5
1837,4,4
1838,4,2
1839,4,3
1840,4,5
1841,4,4
1842,4,4
1843,4,4
1844,4,4
1845,4,5
1846,4,4
1847,4,4
1848,4,3
1849,4,1
1850,4,5
1851,4,4
1852,4,4
1853,4,4
1854,4,2
1855,4,3
1856,4,2
1857,4,5
1858,4,2
1859,4,4
1860,4,4
1861,4,4
1862,4,5
1863,4,5
1864,4,5
1865,4,4
1866,4,5
1867,4,5
1868,4,4
1869,4,5
1870,4,5
1871,4,5
1872,4,4
1873,4,5
1874,4,4
1875,4,5
1876,4,4
1877,4,5
1878,4,3
1879,4,5
1880,4,3
1881,4,4
1882,4,5
1883,4,4
1884,4,4
1885,4,4
1886,4,4
1887,4,1
1888,4,5
1889,4,5
1890,4,4
1891,4,4
1892,4,5
1893,4,4
1894,4,1
1895,4,4
1896,4,5
1897,4,4
1898,4,4
1899,4,4
1900,4,5
1901,4,3
1902,4,4
1903,4,3
1904,4,5
1905,4,4
1906,4,5
1907,4,5
1908,4,5
1909,4,5
1910,4,5
1911,4,5
1912,4,5
1913,4,4
1914,4,5
1915,4,5
1916,4,5
1917,4,5
1918,4,5
1919,4,5
1920,4,4
1921,4,4
1922,4,5
1923,4,5
1924,4,4
1925,4,4
1926,4,2
1927,4,1
1928,4,3
1929,4,2
1930,4,4
1931,4,2
1932,4,1
1933,4,1
1934,4,2
1935,4,5
1936,4,3
1937,4,4
1938,4,4
1939,4,5
1940,4,4
1941,4,4
1942,4,2
1943,4,4
1944,4,4
1945,4,5
1946,4,5
1947,4,5
1948,4,5
1949,4,4
1950,4,3
1951,4,5
1952,4,5
1953,4,4
1954,4,5
1955,4,5
1956,4,5
1957,4,5
1958,4,5
1959,4,5
1960,4,5
1961,4,5
1962,4,5
1963,4,5
1964,4,5
1965,4,5
1966,4,5
1967,4,5
1968,4,4
1969,4,4
1970,4,4
1971,4,4
1972,4,5
1973,4,5
1974,4,5
1975,4,3
1976,4,4
1977,4,4
1978,4,4
1979,4,4
1980,4,4
1981,4,4
1982,4,4
1983,4,1
1984,4,4
1985,4,5
1986,4,3
1987,4,4
1988,4,5
1989,4,3
1990,4,5
1991,4,3
1992,4,5
1993,4,3
1994,4,5
1995,4,5
1996,4,5
1997,4,5
1998,4,4
1999,4,4
2000,4,5
2001,4,5
2002,4,5
2003,4,4
2004,4,4
2005,4,5
2006,4,1
2007,4,4
2008,4,4
2009,4,4
2010,4,3
2011,4,4
2012,4,2
2013,4,2
2014,4,5
2015,4,4
2016,4,1
2017,4,5
2018,4,2
2019,4,5
2020,4,2
2021,4,4
2022,4,5
2023,4,5
2024,4,5
2025,4,5
2026,4,5
2027,4,3
2028,4,4
2029,4,4
2030,4,5
2031,4,5
2032,4,5
2033,4,5
2034,4,5
2035,4,5
2036,4,4
2037,4,4
2038,4,5
2039,4,4
2040,4,4
2041,4,5
2042,4,3
2043,4,5
2044,4,5
2045,4,5
2046,4,4
2047,4,5
2048,4,4
2049,4,5
2050,4,4
2051,4,4
2052,4,3
2053,4,5
2054,4,4
2055,4,5
2056,4,5
2057,4,4
2058,4,4
2059,4,4
2060,4,2
2061,4,4
2062,4,2
2063,4,5
2064,4,4
2065,4,2
2066,4,4
2067,4,4
2068,4,2
2069,4,4
2070,4,2
2071,4,3
2072,4,5
2073,4,5
2074,4,4
2075,4,4
2076,4,5
2077,4,5
2078,4,4
2079,4,4
2080,4,5
2081,4,5
2082,4,5
2083,4,4
2084,4,4
2085,4,5
2086,4,5
2087,4,5
2088,4,5
2089,4,5
2090,4,5
2091,4,4
2092,4,3
2093,4,3
2094,4,2
2095,4,2
2096,4,5
2097,4,5
2098,4,5
2099,4,5
2100,4,4
2101,4,4
2102,4,2
2103,4,3
2104,4,4
2105,4,4
2106,4,4
2107,4,4
2108,4,5
2109,4,5
2110,4,5
2111,4,4
2112,4,4
2113,4,5
2114,4,4
2115,4,5
2116,4,3
2117,4,5
2118,4,5
2119,4,4
2120,4,4
2121,4,5
2122,4,4
2123,4,3
2124,4,4
2125,4,5
2126,4,5
2127,4,5
2128,4,5
2129,4,3
2130,4,2
2131,4,4
2132,4,5
2133,4,1
2134,4,1
2135,4,1
2136,4,4
2137,4,4
2138,4,1
2139,4,5
2140,4,5
2141,4,3
2142,4,5
2143,4,5
2144,4,5
2145,4,3
2146,4,5
2147,4,5
2148,4,5
2149,4,5
2150,4,5
2151,4,5
2152,4,5
2153,4,5
2154,4,5
2155,4,5
2156,4,5
2157,4,4
2158,4,5
2159,4,4
2160,4,5
2161,4,2
2162,4,5
2163,4,4
2164,4,4
2165,4,4
2166,4,4
2167,4,4
2168,4,2
2169,4,4
2170,4,4
2171,4,4
2172,4,1
2173,4,5
2174,4,4
2175,4,4
2176,4,2
2177,4,5
2178,4,4
2179,4,5
2180,4,4
2181,4,5
2182,4,5
2183,4,4
2184,4,5
2185,4,5
2186,4,5
2187,4,5
2188,4,5
2189,4,4
2190,4,2
2191,4,4
2192,4,4
2193,4,4
2194,4,5
2195,4,3
2196,4,4
2197,4,2
2198,4,4
2199,4,4
2200,4,5
2201,4,5
2202,4,4
2203,4,4
2204,4,4
2205,4,4
2206,4,2
2207,4,4
2208,4,1
2209,4,3
2210,4,5
2211,4,4
2212,4,5
2213,4,5
2214,4,5
2215,4,4
2216,4,5
2217,4,5
2218,4,5
2219,4,5
2220,4,5
2221,4,5
2222,4,5
2223,4,5
2224,4,5
2225,4,5
2226,4,5
2227,4,5
2228,4,5
2229,4,4
2230,4,5
2231,4,3
2232,4,4
2233,4,5
2234,4,4
2235,4,4
2236,4,2
2237,4,4
2238,4,2
2239,4,4
2240,4,3
2241,4,2
2242,4,1
2243,4,3
2244,4,4
2245,4,2
2246,4,5
2247,4,5
2248,4,5
2249,4,4
2250,4,5
2251,4,5
2252,4,5
2253,4,5
2254,4,3
2255,4,4
2256,4,5
2257,4,5
2258,4,5
2259,4,3
2260,4,3
2261,4,3
2262,4,3
2263,4,2
2264,4,4
2265,4,4
2266,4,2
2267,4,2
2268,4,1
2269,4,1
2270,4,1
2271,4,1
2272,4,1
2273,4,1
2274,4,3
2275,4,2
2276,4,1
2277,4,4
2278,4,4
2279,4,4
2280,4,4
2281,4,5
2282,4,4
2283,4,5
2284,4,4
2285,4,2
2286,4,1
2287,4,2
2288,4,5
2289,4,1
2290,4,4
2291,4,4
2292,4,3
2293,4,5
2294,4,5
2295,4,3
2296,4,1
2297,4,2
2298,4,1
2299,4,1
2300,4,5
2301,4,1
2302,4,1
2303,4,3
2304,4,1
2305,4,1
2306,4,2
2307,4,5
2308,4,2
2309,4,5
2310,4,5
2311,4,5
2312,4,5
2313,4,3
2314,4,5
2315,4,3
2316,4,5
2317,4,4
2318,4,4
2319,4,3
2320,4,3
2321,4,4
2322,4,4
2323,4,4
2324,4,5
2325,4,5
2326,4,4
2327,4,3
2328,4,4
2329,4,4
2330,4,1
2331,4,4
2332,4,5
2333,4,4
2334,4,2
2335,4,3
2336,4,4
2337,4,1
2338,4,1
2339,4,5
2340,4,1
2341,4,1
2342,4,3
2343,4,1
2344,4,5
2345,4,4
2346,4,5
2347,4,5
2348,4,5
2349,4,4
2350,4,1
2351,4,4
2352,4,4
2353,4,3
2354,4,5
2355,4,4
2356,4,1
2357,4,5
2358,4,4
2359,4,5
2360,4,4
2361,4,5
2362,4,5
2363,4,5
2364,4,3
2365,4,5
2366,4,3
2367,4,4
2368,4,4
2369,4,1
2370,4,4
2371,4,1
2372,4,4
2373,4,1
2374,4,4
2375,4,2
2376,4,1
2377,4,1
2378,4,1
2379,4,5
2380,4,4
2381,4,1
2382,4,1
2383,4,3
2384,4,4
2385,4,1
2386,4,4
2387,4,3
2388,4,5
2389,4,5
2390,4,5
2391,4,5
2392,4,5
2393,4,5
2394,4,5
2395,4,4
2396,4,3
2397,4,4
2398,4,4
2399,4,1
2400,4,3
2401,4,3
2402,4,2
2403,4,3
2404,4,5
2405,4,1
2406,4,1
2407,4,4
2408,4,3
2409,4,1
2410,4,5
2411,4,4
2412,4,3
2413,4,4
2414,4,1
2415,4,5
2416,4,3
2417,4,4
2418,4,3
2419,4,4
2420,4,1
2421,4,5
2422,4,4
2423,4,3
2424,4,1
2425,4,3
2426,4,1
2427,4,1
2428,4,4
2429,4,2
2430,4,2
2431,4,3
2432,4,3
2433,4,5
2434,4,1
2435,4,1
2436,4,1
2437,4,4
2438,4,1
2439,4,1
2440,4,4
2441,4,3
2442,4,4
2443,4,5
2444,4,1
2445,4,4
2446,4,4
2447,4,5
2448,4,4
2449,4,4
2450,4,5
2451,4,5
2452,4,5
2453,4,4
2454,4,4
2455,4,5
2456,4,4
2457,4,4
2458,4,3
2459,4,1
2460,4,1
2461,4,1
2462,4,1
2463,4,1
2464,4,4
2465,4,4
2466,4,1
2467,4,1
2468,4,1
2469,4,1
2470,4,3
2471,4,2
2472,4,1
2473,4,3
2474,4,1
2475,4,4
2476,4,3
2477,4,4
2478,4,3
2479,4,5
2480,4,3
2481,4,4
2482,4,5
2483,4,3
2484,4,2
2485,4,4
2486,4,3
2487,4,4
2488,4,3
2489,4,5
2490,4,1
2491,4,5
2492,4,1
2493,4,3
2494,4,4
2495,4,1
2496,4,1
2497,4,1
2498,4,1
2499,4,5
2500,4,2
2501,4,5
2502,4,5
2503,4,5
2504,4,5
2505,4,2
2506,4,3
2507,4,3
2508,4,4
2509,4,5
2510,4,5
2511,4,1
2512,4,5
2513,4,5
2514,4,3
2515,4,5
2516,4,5
2517,4,5
2518,4,5
2519,4,5
2520,4,5
2521,4,1
2522,4,1
2523,4,1
2524,4,4
2525,4,1
2526,4,1
2527,4,4
2528,4,1
2529,4,1
2530,4,5
2531,4,3
2532,4,1
2533,4,4
2534,4,1
2535,4,5
2536,4,3
2537,4,2
2538,4,1
2539,4,4
2540,4,5
2541,4,5
2542,4,4
2543,4,4
2544,4,3
2545,4,5
2546,4,1
2547,4,5
2548,4,5
2549,4,2
2550,4,3
2551,4,5
2552,4,1
2553,4,4
2554,4,5
2555,4,4
2556,4,3
2557,4,1
2558,4,1
2559,4,1
2560,4,1
2561,4,1
2562,4,5
2563,4,2
2564,4,5
2565,4,1
2566,4,1
2567,4,5
2568,4,5
2569,4,3
2570,4,5
2571,4,3
2572,4,5
2573,4,3
2574,4,5
2575,4,5
2576,4,2
2577,4,4
2578,4,1
2579,4,4
2580,4,5
2581,4,4
2582,4,4
2583,4,3
2584,4,4
2585,4,3
2586,4,5
2587,4,4
2588,4,4
2589,4,2
2590,4,3
2591,4,5
2592,4,4
2593,4,1
2594,4,1
2595,4,4
2596,4,1
2597,4,4
2598,4,4
2599,4,3
2600,4,2
2601,4,2
2602,4,5
2603,4,3
2604,4,1
2605,4,4
2606,4,4
2607,4,3
2608,4,4
2609,4,5
2610,4,5
2611,4,5
2612,4,5
2613,4,4
2614,4,1
2615,4,5
2616,4,5
2617,4,4
2618,4,5
2619,4,4
2620,4,5
2621,4,3
2622,4,1
2623,4,1
2624,4,3
2625,4,3
2626,4,3
2627,4,4
2628,4,1
2629,4,1
2630,4,1
2631,4,4
2632,4,1
2633,4,1
2634,4,1
2635,4,1
2636,4,2
2637,4,2
2638,4,1
2639,4,5
2640,4,4
2641,4,5
2642,4,5
2643,4,1
2644,4,4
2645,4,3
2646,4,5
2647,4,5
2648,4,1
2649,4,2
2650,4,2
2651,4,3
2652,4,5
2653,4,3
2654,4,3
2655,4,1
2656,4,2
2657,4,4
2658,4,5
2659,4,2
2660,4,5
2661,4,2
2662,4,2
2663,4,2
2664,4,1
2665,4,1
2666,4,1
2667,4,1
2668,4,2
2669,4,5
2670,4,5
2671,4,5
2672,4,3
2673,4,4
2674,4,4
2675,4,5
2676,4,3
2677,4,5
2678,4,5
2679,4,2
2680,4,5
2681,4,5
2682,4,2
2683,4,5
2684,4,1
2685,4,1
2686,4,5
2687,4,4
2688,4,3
2689,4,3
2690,4,2
2691,4,1
2692,4,1
2693,4,3
2694,4,5
2695,4,4
2696,4,2
2697,4,4
2698,4,3
2699,4,1
2700,4,2
2701,4,1
2702,4,2
2703,4,5
2704,4,5
2705,4,3
2706,4,4
2707,4,1
2708,4,3
2709,4,5
2710,4,5
2711,4,4
2712,4,5
2713,4,1
2714,4,5
2715,4,4
2716,4,4
2717,4,5
2718,4,3
2719,4,3
2720,4,4
2721,4,5
2722,4,5
2723,4,1
2724,4,4
2725,4,2
2726,4,5
2727,4,5
2728,4,1
2729,4,2
2730,4,4
2731,4,1
2732,4,1
2733,4,1
2734,4,4
2735,4,1
2736,4,3
2737,4,4
2738,4,1
2739,4,5
2740,4,5
2741,4,1
2742,4,5
2743,4,4
2744,4,5
2745,4,4
2746,4,5
2747,4,1
2748,4,4
2749,4,4
2750,4,3
2751,4,3
2752,4,4
2753,4,1
2754,4,4
2755,4,4
2756,4,5
2757,4,5
2758,4,4
2759,4,1
2760,4,2
2761,4,5
2762,4,2
2763,4,2
2764,4,4
2765,4,2
2766,4,1
2767,4,3
2768,4,5
2769,4,2
2770,4,5
2771,4,1
2772,4,4
2773,4,1
2774,4,3
2775,4,2
2776,4,1
2777,4,4
2778,4,5
2779,4,5
2780,4,4
2781,4,5
2782,4,2
2783,4,4
2784,4,4
2785,4,4
2786,4,5
2787,4,5
2788,4,4
2789,4,3
2790,4,4
2791,4,5
2792,4,4
2793,4,4
2794,4,2
2795,4,1
2796,4,1
2797,4,1
2798,4,5
2799,4,4
2800,4,4
2801,4,2
2802,4,5
2803,4,5
2804,4,4
2805,4,4
2806,4,4
2807,4,4
2808,4,4
2809,4,5
2810,4,4
2811,4,4
2812,4,4
2813,4,3
2814,4,3
2815,4,5
2816,4,5
2817,4,5
2818,4,3
2819,4,4
2820,4,5
2821,4,5
2822,4,5
2823,4,4
2824,4,4
2825,4,1
2826,4,1
2827,4,1
2828,4,4
2829,4,5
2830,4,1
2831,4,4
2832,4,1
2833,4,1
2834,4,4
2835,4,1
2836,4,2
2837,4,5
2838,4,4
2839,4,1
2840,4,4
2841,4,5
2842,4,5
2843,4,5
2844,4,5
2845,4,4
2846,4,5
2847,4,4
2848,4,5
2849,4,5
2850,4,4
2851,4,4
2852,4,5
2853,4,4
2854,4,5
2855,4,2
2856,4,4
2857,4,3
2858,4,1
2859,4,1
2860,4,5
2861,4,3
2862,4,1
2863,4,1
2864,4,3
2865,4,4
2866,4,1
2867,4,2
2868,4,2
2869,4,1
2870,4,1
2871,4,1
2872,4,4
2873,4,1
2874,4,1
2875,4,3
2876,4,4
2877,4,4
2878,4,3
2879,4,4
2880,4,4
2881,4,5
2882,4,2
2883,4,1
2884,4,4
2885,4,5
2886,4,3
2887,4,5
2888,4,5
2889,4,3
2890,4,3
2891,4,3
2892,4,2
2893,4,1
2894,4,3
2895,4,5
2896,4,4
2897,4,1
2898,4,4
2899,4,5
2900,4,3
2901,4,1
2902,4,4
2903,4,1
2904,4,2
2905,4,3
2906,4,1
2907,4,1
2908,4,3
2909,4,4
2910,4,1
2911,4,3
2912,4,4
2913,4,5
2914,4,4
2915,4,5
2916,4,3
2917,4,4
2918,4,5
2919,4,5
2920,4,4
2921,4,1
2922,4,4
2923,4,3
2924,4,1
2925,4,3
2926,4,3
2927,4,1
2928,4,3
2929,4,5
2930,4,5
2931,4,1
2932,4,4
2933,4,4
2934,4,5
2935,4,5
2936,4,4
2937,4,3
2938,4,5
2939,4,4
2940,4,1
2941,4,1
2942,4,4
2943,4,2
2944,4,4
2945,4,4
2946,4,5
2947,4,1
2948,4,1
2949,4,5
2950,4,5
2951,4,4
2952,4,1
2953,4,4
2954,4,1
2955,4,3
2956,4,4
2957,4,5
2958,4,4
2959,4,4
2960,4,3
2961,4,3
2962,4,5
2963,4,3
2964,4,4
2965,4,3
2966,4,2
2967,4,4
2968,4,5
2969,4,5
2970,4,4
2971,4,4
2972,4,4
2973,4,1
2974,4,5
2975,4,1
2976,4,1
2977,4,1
2978,4,1
2979,4,4
2980,4,1
2981,4,3
2982,4,4
2983,4,1
2984,4,4
2985,4,3
2986,4,5
2987,4,1
2988,4,1
2989,4,1
2990,4,2
2991,4,1
2992,4,5
2993,4,3
2994,4,4
2995,4,4
2996,4,4
2997,4,4
2998,4,3
2999,4,4
3000,4,5
3001,4,3
3002,4,5
3003,4,1
3004,4,4
3005,4,4
3006,4,1
3007,4,1
3008,4,4
3009,4,1
3010,4,1
3011,4,4
3012,4,1
3013,4,5
3014,4,4
3015,4,5
3016,4,5
3017,4,5
3018,4,4
3019,4,5
3020,4,5
3021,4,4
3022,4,5
3023,4,5
3024,4,4
3025,4,3
3026,4,5
3027,4,5
3028,4,5
3029,4,3
3030,4,3
3031,4,5
3032,4,3
3033,4,4
3034,4,3
3035,4,4
3036,4,4
3037,4,1
3038,4,1
3039,4,4
3040,4,1
3041,4,4
3042,4,1
3043,4,4
3044,4,4
3045,4,1
3046,4,1
3047,4,1
3048,4,1
3049,4,1
3050,4,3
3051,4,4
3052,4,3
3053,4,3
3054,4,4
3055,4,4
3056,4,3
3057,4,5
3058,4,3
3059,4,5
3060,4,3
3061,4,5
3062,4,4
3063,4,2
3064,4,2
3065,4,3
3066,4,4
3067,4,5
3068,4,5
3069,4,2
3070,4,3
3071,4,4
3072,4,3
3073,4,5
3074,4,4
3075,4,2
3076,4,5
3077,4,4
3078,4,5
3079,4,3
3080,4,3
3081,4,4
3082,4,2
3083,4,1
3084,4,5
3085,4,2
3086,4,4
3087,4,4
3088,4,1
3089,4,1
3090,4,4
3091,4,1
3092,4,1
3093,4,1
3094,4,1
3095,4,3
3096,4,5
3097,4,3
3098,4,5
3099,4,1
3100,4,1
3101,4,5
3102,4,4
3103,4,5
3104,4,5
3105,4,5
3106,4,2
3107,4,3
3108,4,5
3109,4,4
3110,4,4
3111,4,5
3112,4,3
3113,4,3
3114,4,5
3115,4,4
3116,4,5
3117,4,4
3118,4,1
3119,4,5
3120,4,2
3121,4,3
3122,4,3
3123,4,5
3124,4,2
3125,4,4
3126,4,3
3127,4,1
3128,4,1
3129,4,5
3130,4,3
3131,4,4
3132,4,2
3133,4,1
3134,4,1
3135,4,4
3136,4,5
3137,4,2
3138,4,2
3139,4,4
3140,4,1
3141,4,1
3142,4,1
3143,4,1
3144,4,1
3145,4,1
3146,4,1
3147,4,5
3148,4,5
3149,4,5
3150,4,5
3151,4,3
3152,4,4
3153,4,3
3154,4,3
3155,4,5
3156,4,3
3157,4,4
3158,4,5
3159,4,4
3160,4,4
3161,4,4
3162,4,3
3163,4,3
3164,4,4
3165,4,1
3166,4,1
3167,4,4
3168,4,4
3169,4,1
3170,4,4
3171,4,4
3172,4,5
3173,4,1
3174,4,1
3175,4,4
3176,4,5
3177,4,5
3178,4,4
3179,4,4
3180,4,3
3181,4,2
3182,4,4
3183,4,1
3184,4,3
3185,4,5
3186,4,4
3187,4,3
3188,4,1
3189,4,5
3190,4,5
3191,4,5
3192,4,5
3193,4,5
3194,4,4
3195,4,5
3196,4,1
3197,4,3
3198,4,5
3199,4,5
3200,4,5
3201,4,5
3202,4,4
3203,4,1
3204,4,4
3205,4,1
3206,4,4
3207,4,4
3208,4,1
3209,4,1
3210,4,1
3211,4,1
3212,4,1
3213,4,4
3214,4,1
3215,4,4
3216,4,3
3217,4,1
3218,4,1
3219,4,1
3220,4,1
3221,4,4
3222,4,5
3223,4,4
3224,4,1
3225,4,3
3226,4,5
3227,4,5
3228,4,5
3229,4,1
3230,4,4
3231,4,2
3232,4,1
3233,4,5
3234,4,3
3235,4,5
3236,4,4
3237,4,5
3238,4,5
3239,4,3
3240,4,5
3241,4,2
3242,4,5
3243,4,5
3244,4,5
3245,4,3
3246,4,4
3247,4,1
3248,4,4
3249,4,1
3250,4,4
3251,4,4
3252,4,2
3253,4,1
3254,4,5
3255,4,1
3256,4,5
3257,4,5
3258,4,4
3259,4,3
3260,4,4
3261,4,4
3262,4,1
3263,4,5
3264,4,3
3265,4,3
3266,4,3
3267,4,5
3268,4,2
3269,4,4
3270,4,3
3271,4,3
3272,4,1
3273,4,5
3274,4,4
3275,4,5
3276,4,5
3277,4,5
3278,4,4
3279,4,5
3280,4,3
3281,4,5
3282,4,5
3283,4,4
3284,4,1
3285,4,1
3286,4,4
3287,4,1
3288,4,4
3289,4,3
3290,4,3
3291,4,2
3292,4,2
3293,4,4
3294,4,1
3295,4,4
3296,4,1
3297,4,5
3298,4,2
3299,4,1
3300,4,4
3301,4,4
3302,4,5
3303,4,1
3304,4,3
3305,4,3
3306,4,5
3307,4,5
3308,4,4
3309,4,4
3310,4,5
3311,4,5
3312,4,4
3313,4,3
3314,4,3
3315,4,4
3316,4,2
3317,4,1
3318,4,5
3319,4,3
3320,4,5
3321,4,5
3322,4,5
3323,4,2
3324,4,1
3325,4,5
3326,4,1
3327,4,1
3328,4,1
3329,4,4
3330,4,1
3331,4,1
3332,4,1
3333,4,1
3334,4,1
3335,4,1
3336,4,1
3337,4,4
3338,4,3
3339,4,1
3340,4,3
3341,4,5
3342,4,5
3343,4,5
3344,4,5
3345,4,5
3346,4,2
3347,4,5
3348,4,4
3349,4,5
3350,4,4
3351,4,1
3352,4,2
3353,4,3
3354,4,1
3355,4,2
3356,4,1
3357,4,1
3358,4,2
3359,4,1
3360,4,1
3361,4,4
3362,4,4
3363,4,1
3364,4,1
3365,4,1
3366,4,4
3367,4,1
3368,4,2
3369,4,1
3370,4,4
3371,4,1
3372,4,1
3373,4,4
3374,4,4
3375,4,5
3376,4,5
3377,4,4
3378,4,5
3379,4,1
3380,4,5
3381,4,4
3382,4,5
3383,4,5
3384,4,4
3385,4,5
3386,4,4
3387,4,1
3388,4,5
3389,4,4
3390,4,4
3391,4,1
3392,4,1
3393,4,1
3394,4,1
3395,4,3
3396,4,3
3397,4,3
3398,4,3
3399,4,4
3400,4,5
3401,4,1
3402,4,1
3403,4,4
3404,4,1
3405,4,1
3406,4,3
3407,4,1
3408,4,2
3409,4,3
3410,4,4
3411,4,5
3412,4,3
3413,4,3
3414,4,5
3415,4,3
3416,4,1
3417,4,1
3418,4,5
3419,4,3
3420,4,5
3421,4,2
3422,4,4
3423,4,5
3424,4,4
3425,4,3
3426,4,1
3427,4,3
3428,4,4
3429,4,2
3430,4,3
3431,4,5
3432,4,1
3433,4,2
3434,4,4
3435,4,1
3436,4,1
3437,4,1
3438,4,2
3439,4,1
3440,4,1
3441,4,3
3442,4,5
3443,4,3
3444,4,3
3445,4,2
3446,4,5
3447,4,5
3448,4,4
3449,4,5
3450,4,4
3451,4,1
3452,4,4
3453,4,2
3454,4,1
3455,4,3
3456,4,3
3457,4,3
3458,4,1
3459,4,5
3460,4,5
3461,4,5
3462,4,3
3463,4,3
3464,4,2
3465,4,2
3466,4,1
3467,4,1
3468,4,4
3469,4,4
3470,4,4
3471,4,5
3472,4,5
3473,4,2
3474,4,3
3475,4,4
3476,4,1
3477,4,1
3478,4,1
3479,4,1
3480,4,4
3481,4,1
3482,4,4
3483,4,5
3484,4,5
3485,4,2
3486,4,5
3487,4,3
3488,4,1
3489,4,5
3490,4,4
3491,4,5
3492,4,4
3493,4,4
3494,4,4
3495,4,3
3496,4,5
3497,4,4
3498,4,3
3499,4,5
3500,4,3
3501,4,4
3502,4,5
3503,4,1
3504,4,1
3505,4,4
3506,4,1
3507,4,1
3508,4,1
3509,4,1
3510,4,2
3511,4,4
3512,4,1
3513,4,2
3514,4,4
3515,4,4
3516,4,5
3517,4,1
3518,4,5
3519,4,2
3520,4,3
3521,4,1
3522,4,5
3523,4,2
3524,4,5
3525,4,1
3526,4,4
3527,4,5
3528,4,5
3529,4,4
3530,4,5
3531,4,4
3532,4,4
3533,4,4
3534,4,2
3535,4,4
3536,4,5
3537,4,5
3538,4,4
3539,4,3
3540,4,4
3541,4,3
3542,4,5
3543,4,4
3544,4,4
3545,4,3
3546,4,1
3547,4,1
3548,4,3
3549,4,4
3550,4,4
3551,4,4
3552,4,4
3553,4,1
3554,4,1
3555,4,5
3556,4,5
3557,4,2
3558,4,5
3559,4,3
3560,4,5
3561,4,4
3562,4,5
3563,4,4
3564,4,5
3565,4,4
3566,4,5
3567,4,5
3568,4,2
3569,4,5
3570,4,5
3571,4,4
3572,4,5
3573,4,5
3574,4,1
3575,4,1
3576,4,3
3577,4,3
3578,4,1
3579,4,3
3580,4,3
3581,4,5
3582,4,4
3583,4,4
3584,4,3
3585,4,1
3586,4,5
3587,4,4
3588,4,1
3589,4,1
3590,4,2
3591,4,4
3592,4,5
3593,4,4
3594,4,5
3595,4,5
3596,4,3
3597,4,2
3598,4,3
3599,4,2
3600,4,3
3601,4,4
3602,4,4
3603,4,4
3604,4,4
3605,4,1
3606,4,4
3607,4,5
3608,4,4
3609,4,5
3610,4,4
3611,4,2
3612,4,1
3613,4,2
3614,4,4
3615,4,5
3616,4,1
3617,4,1
3618,4,3
3619,4,1
3620,4,5
3621,4,1
3622,4,3
3623,4,3
3624,4,3
3625,4,3
3626,4,4
3627,4,3
3628,4,4
3629,4,5
3630,4,5
3631,4,4
3632,4,5
3633,4,1
3634,4,4
3635,4,4
3636,4,3
3637,4,1
3638,4,4
3639,4,5
3640,4,1
3641,4,1
3642,4,3
3643,4,2
3644,4,1
3645,4,1
3646,4,5
3647,4,3
3648,4,3
3649,4,4
3650,4,1
3651,4,1
3652,4,1
3653,4,1
3654,4,4
3655,4,1
3656,4,1
3657,4,5
3658,4,4
3659,4,3
3660,4,4
3661,4,4
3662,4,3
3663,4,4
3664,4,2
3665,4,4
3666,4,3
3667,4,5
3668,4,4
3669,4,5
3670,4,4
3671,4,4
3672,4,5
3673,4,5
3674,4,1
3675,4,1
3676,4,3
3677,4,3
3678,4,4
3679,4,5
3680,4,1
3681,4,1
3682,4,5
3683,4,2
3684,4,3
3685,4,3
3686,4,1
3687,4,4
3688,4,4
3689,4,4
3690,4,1
3691,4,1
3692,4,1
3693,4,5
3694,4,5
3695,4,5
3696,4,4
3697,4,5
3698,4,1
3699,4,5
3700,4,2
3701,4,5
3702,4,5
3703,4,3
3704,4,4
3705,4,5
3706,4,1
3707,4,4
3708,4,4
3709,4,5
3710,4,5
3711,4,3
3712,4,1
3713,4,1
3714,4,4
3715,4,1
3716,4,4
3717,4,5
3718,4,1
3719,4,1
3720,4,1
3721,4,1
3722,4,1
3723,4,1
3724,4,1
3725,4,1
3726,4,5
3727,4,1
3728,4,2
3729,4,2
3730,4,1
3731,4,1
3732,4,1
3733,4,4
3734,4,5
3735,4,5
3736,4,5
3737,4,1
3738,4,4
3739,4,5
3740,4,1
3741,4,5
3742,4,5
3743,4,5
3744,4,5
3745,4,4
3746,4,3
3747,4,4
3748,4,4
3749,4,1
3750,4,1
3751,4,3
3752,4,4
3753,4,5
3754,4,5
3755,4,2
3756,4,2
3757,4,5
3758,4,4
3759,4,1
3760,4,1
3761,4,1
3762,4,5
3763,4,5
3764,4,3
3765,4,1
3766,4,4
3767,4,1
3768,4,4
3769,4,5
3770,4,3
3771,4,1
3772,4,4
3773,4,1
3774,4,2
3775,4,2
3776,4,4
3777,4,5
3778,4,5
3779,4,1
3780,4,5
3781,4,1
3782,4,1
3783,4,3
3784,4,5
3785,4,3
3786,4,4
3787,4,1
3788,4,1
3789,4,5
3790,4,1
3791,4,1
3792,4,4
3793,4,1
3794,4,3
3795,4,1
3796,4,4
3797,4,4
3798,4,1
3799,4,1
3800,4,1
3801,4,5
3802,4,1
3803,4,3
3804,4,2
3805,4,4
3806,4,3
3807,4,3
3808,4,1
3809,4,4
3810,4,3
3811,4,4
3812,4,5
3813,4,4
3814,4,3
3815,4,3
3816,4,5
3817,4,4
3818,4,4
3819,4,5
3820,4,5
3821,4,5
3822,4,4
3823,4,2
3824,4,4
3825,4,5
3826,4,1
3827,4,4
3828,4,3
3829,4,5
3830,4,3
3831,4,5
3832,4,1
3833,4,4
3834,4,2
3835,4,1
3836,4,5
3837,4,5
3838,4,4
3839,4,3
3840,4,1
3841,4,1
3842,4,4
3843,4,2
3844,4,4
3845,4,4
3846,4,3
3847,4,3
3848,4,3
3849,4,5
3850,4,1
3851,4,4
3852,4,1
3853,4,3
3854,4,3
3855,4,1
3856,4,3
3857,4,5
3858,4,3
3859,4,1
3860,4,1
3861,4,1
3862,4,1
3863,4,1
3864,4,2
3865,4,1
3866,4,1
3867,4,1
3868,4,3
3869,4,5
3870,4,5
3871,4,3
3872,4,2
3873,4,4
3874,4,5
3875,4,3
3876,4,5
3877,4,3
3878,4,5
3879,4,5
3880,4,4
3881,4,3
3882,4,4
3883,4,4
3884,4,5
3885,4,3
3886,4,5
3887,4,1
3888,4,1
3889,4,3
3890,4,1
3891,4,1
3892,4,5
3893,4,1
3894,4,4
3895,4,5
3896,4,1
3897,4,4
3898,4,1
3899,4,1
3900,4,2
3901,4,5
3902,4,3
3903,4,5
3904,4,4
3905,4,2
3906,4,5
3907,4,3
3908,4,4
3909,4,3
3910,4,3
3911,4,3
3912,4,4
3913,4,2
3914,4,4
3915,4,4
3916,4,5
3917,4,5
3918,4,4
3919,4,4
3920,4,5
3921,4,1
3922,4,3
3923,4,4
3924,4,4
3925,4,4
3926,4,4
3927,4,1
3928,4,4
3929,4,5
3930,4,4
3931,4,1
3932,4,1
3933,4,2
3934,4,1
3935,4,2
3936,4,3
3937,4,5
3938,4,4
3939,4,4
3940,4,5
3941,4,2
3942,4,3
3943,4,5
3944,4,3
3945,4,5
3946,4,3
3947,4,4
3948,4,5
3949,4,1
3950,4,3
3951,4,3
3952,4,3
3953,4,3
3954,4,5
3955,4,1
3956,4,4
3957,4,1
3958,4,1
3959,4,4
3960,4,1
3961,4,1
3962,4,4
3963,4,1
3964,4,2
3965,4,4
3966,4,5
3967,4,5
3968,4,3
3969,4,4
3970,4,5
3971,4,5
3972,4,4
3973,4,1
3974,4,5
3975,4,3
3976,4,5
3977,4,4
3978,4,3
3979,4,1
3980,4,5
3981,4,4
3982,4,1
3983,4,4
3984,4,4
3985,4,3
3986,4,1
3987,4,4
3988,4,1
3989,4,1
3990,4,3
3991,4,5
3992,4,4
3993,4,1
3994,4,1
3995,4,1
3996,4,3
3997,4,1
3998,4,3
3999,4,2
4000,4,1
4001,4,1
4002,4,1
4003,4,3
4004,4,1
4005,4,5
4006,4,4
4007,4,5
4008,4,5
4009,4,5
4010,4,5
4011,4,5
4012,4,3
4013,4,4
4014,4,4
4015,4,5
4016,4,5
4017,4,2
4018,4,4
4019,4,5
4020,4,3
4021,4,5
4022,4,5
4023,4,1
4024,4,3
4025,4,1
4026,4,1
4027,4,3
4028,4,1
4029,4,1
4030,4,4
4031,4,2
4032,4,1
4033,4,4
4034,4,4
4035,4,1
4036,4,1
4037,4,1
4038,4,5
4039,4,4
4040,4,1
4041,4,1
4042,4,1
4043,4,4
4044,4,1
4045,4,4
4046,4,5
4047,4,3
4048,4,5
4049,4,4
4050,4,4
4051,4,3
4052,4,2
4053,4,3
4054,4,5
4055,4,4
4056,4,1
4057,4,5
4058,4,3
4059,4,3
4060,4,3
4061,4,5
4062,4,3
4063,4,1
4064,4,3
4065,4,1
4066,4,2
4067,4,1
4068,4,4
4069,4,1
4070,4,1
4071,4,3
4072,4,3
4073,4,4
4074,4,1
4075,4,4
4076,4,5
4077,4,1
4078,4,5
4079,4,1
4080,4,5
4081,4,5
4082,4,4
4083,4,4
4084,4,4
4085,4,5
4086,4,5
4087,4,3
4088,4,2
4089,4,3
4090,4,3
4091,4,3
4092,4,4
4093,4,1
4094,4,4
4095,4,4
4096,4,5
4097,4,1
4098,4,1
4099,4,1
4100,4,1
4101,4,1
4102,4,1
4103,4,3
4104,4,1
4105,4,1
4106,4,4
4107,4,3
4108,4,3
4109,4,2
4110,4,5
4111,4,4
4112,4,3
4113,4,4
4114,4,2
4115,4,4
4116,4,1
4117,4,3
4118,4,3
4119,4,3
4120,4,3
4121,4,5
4122,4,5
4123,4,4
4124,4,5
4125,4,4
4126,4,1
4127,4,5
4128,4,1
4129,4,5
4130,4,3
4131,4,1
4132,4,5
4133,4,5
4134,4,1
4135,4,1
4136,4,4
4137,4,4
4138,4,5
4139,4,4
4140,4,5
4141,4,4
4142,4,4
4143,4,2
4144,4,1
4145,4,5
4146,4,3
4147,4,4
4148,4,5
4149,4,1
4150,4,1
4151,4,1
4152,4,1
4153,4,1
4154,4,1
4155,4,4
4156,4,2
4157,4,5
4158,4,1
4159,4,3
4160,4,3
4161,4,4
4162,4,5
4163,4,4
4164,4,3
4165,4,5
4166,4,5
4167,4,5
4168,4,5
4169,4,5
4170,4,5
4171,4,3
4172,4,5
4173,4,5
4174,4,4
4175,4,1
4176,4,1
4177,4,1
4178,4,1
4179,4,1
4180,4,2
4181,4,1
4182,4,1
4183,4,1
4184,4,1
4185,4,1
4186,4,4
4187,4,2
4188,4,1
4189,4,4
4190,4,5
4191,4,5
4192,4,1
4193,4,3
4194,4,2
4195,4,4
4196,4,5
4197,4,3
4198,4,4
4199,4,5
4200,4,5
4201,4,5
4202,4,1
4203,4,5
4204,4,4
4205,4,1
4206,4,5
4207,4,1
4208,4,4
4209,4,3
4210,4,4
4211,4,2
4212,4,1
4213,4,1
4214,4,2
4215,4,1
4216,4,1
4217,4,1
4218,4,4
4219,4,2
4220,4,3
4221,4,5
4222,4,1
4223,4,3
4224,4,5
4225,4,4
4226,4,3
4227,4,5
4228,4,5
4229,4,4
4230,4,5
4231,4,4
4232,4,5
4233,4,5
4234,4,4
4235,4,5
4236,4,1
4237,4,5
4238,4,1
4239,4,1
4240,4,1
4241,4,5
4242,4,1
4243,4,4
4244,4,2
4245,4,1
4246,4,1
4247,4,4
4248,4,1
4249,4,1
4250,4,2
4251,4,1
4252,4,1
4253,4,1
4254,4,1
4255,4,1
4256,4,1
4257,4,1
4258,4,1
4259,4,1
4260,4,2
4261,4,3
4262,4,5
4263,4,4
4264,4,4
4265,4,5
4266,4,5
4267,4,5
4268,4,3
4269,4,4
4270,4,5
4271,4,4
4272,4,5
4273,4,3
4274,4,5
4275,4,5
4276,4,5
4277,4,2
4278,4,1
4279,4,4
4280,4,4
4281,4,3
4282,4,5
4283,4,1
4284,4,4
4285,4,2
4286,4,4
4287,4,5
4288,4,1
4289,4,1
4290,4,1
4291,4,1
4292,4,1
4293,4,3
4294,4,1
4295,4,5
4296,4,5
4297,4,4
4298,4,5
4299,4,3
4300,4,4
4301,4,3
4302,4,3
4303,4,5
4304,4,5
4305,4,5
4306,4,4
4307,4,5
4308,4,1
4309,4,1
4310,4,3
4311,4,1
4312,4,1
4313,4,3
4314,4,4
4315,4,5
4316,4,2
4317,4,4
4318,4,1
4319,4,4
4320,4,5
4321,4,4
4322,4,1
4323,4,1
4324,4,1
4325,4,3
4326,4,5
4327,4,4
4328,4,5
4329,4,5
4330,4,3
4331,4,2
4332,4,3
4333,4,5
4334,4,5
4335,4,5
4336,4,2
4337,4,5
4338,4,5
4339,4,1
4340,4,3
4341,4,4
4342,4,1
4343,4,2
4344,4,1
4345,4,3
4346,4,1
4347,4,4
4348,4,3
4349,4,3
4350,4,1
4351,4,5
4352,4,5
4353,4,2
4354,4,5
4355,4,1
4356,4,1
4357,4,2
4358,4,1
4359,4,1
4360,4,4
4361,4,1
4362,4,1
4363,4,1
4364,4,4
4365,4,1
4366,4,2
4367,4,3
4368,4,5
4369,4,3
4370,4,1
4371,4,1
4372,4,3
4373,4,4
4374,4,5
4375,4,4
4376,4,5
4377,4,4
4378,4,1
4379,4,5
4380,4,4
4381,4,4
4382,4,1
4383,4,3
4384,4,3
4385,4,1
4386,4,4
4387,4,3
4388,4,2
4389,4,3
4390,4,3
4391,4,4
4392,4,3
4393,4,5
4394,4,1
4395,4,1
4396,4,2
4397,4,1
4398,4,3
4399,4,1
4400,4,5
4401,4,4
4402,4,4
4403,4,1
4404,4,5
4405,4,5
4406,4,4
4407,4,4
4408,4,5
4409,4,1
4410,4,3
4411,4,5
4412,4,3
4413,4,5
4414,4,3
4415,4,5
4416,4,3
4417,4,4
4418,4,5
4419,4,4
4420,4,4
4421,4,4
4422,4,4
4423,4,5
4424,4,1
4425,4,1
4426,4,1
4427,4,1
4428,4,4
4429,4,3
4430,4,2
4431,4,3
4432,4,4
4433,4,4
4434,4,1
4435,4,1
4436,4,1
4437,4,4
4438,4,4
4439,4,3
4440,4,3
4441,4,1
4442,4,1
4443,4,2
4444,4,2
4445,4,5
4446,4,5
4447,4,2
4448,4,5
4449,4,5
4450,4,4
4451,4,4
4452,4,2
4453,4,3
4454,4,3
4455,4,4
4456,4,4
4457,4,4
4458,4,3
4459,4,5
4460,4,5
4461,4,5
4462,4,1
4463,4,4
4464,4,5
4465,4,4
4466,4,2
4467,4,4
4468,4,1
4469,4,1
4470,4,1
4471,4,1
4472,4,1
4473,4,1
4474,4,4
4475,4,1
4476,4,3
4477,4,1
4478,4,4
4479,4,3
4480,4,4
4481,4,2
4482,4,1
4483,4,1
4484,4,3
4485,4,2
4486,4,4
4487,4,4
4488,4,3
4489,4,5
4490,4,5
4491,4,3
4492,4,5
4493,4,5
4494,4,4
4495,4,3
4496,4,5
4497,4,4
4498,4,3
4499,4,5
4500,4,3
4501,4,3
4502,4,5
4503,4,5
4504,4,5
4505,4,1
4506,4,4
4507,4,1
4508,4,3
4509,4,4
4510,4,4
4511,4,5
4512,4,4
4513,4,1
4514,4,4
4515,4,5
4516,4,1
4517,4,3
4518,4,1
4519,4,2
4520,4,1
4521,4,5
4522,4,1
4523,4,4
4524,4,4
4525,4,1
4526,4,1
4527,4,1
4528,4,5
4529,4,3
4530,4,5
4531,4,3
4532,4,4
4533,4,1
4534,4,4
4535,4,5
4536,4,5
4537,4,5
4538,4,5
4539,4,2
4540,4,3
4541,4,5
4542,4,5
4543,4,4
4544,4,3
4545,4,1
4546,4,1
4547,4,5
4548,4,4
4549,4,2
4550,4,5
4551,4,4
4552,4,3
4553,4,1
4554,4,5
4555,4,2
4556,4,2
4557,4,1
4558,4,1
4559,4,1
4560,4,5
4561,4,1
4562,4,3
4563,4,5
4564,4,3
4565,4,3
4566,4,1
4567,4,4
4568,4,5
4569,4,5
4570,4,5
4571,4,5
4572,4,5
4573,4,3
4574,4,5
4575,4,4
4576,4,5
4577,4,4
4578,4,1
4579,4,1
4580,4,4
4581,4,4
4582,4,1
4583,4,3
4584,4,3
4585,4,1
4586,4,1
4587,4,2
4588,4,4
4589,4,2
4590,4,1
4591,4,1
4592,4,1
4593,4,1
4594,4,5
4595,4,3
4596,4,3
4597,4,3
4598,4,5
4599,4,3
4600,4,3
4601,4,3
4602,4,4
4603,4,5
4604,4,5
4605,4,4
4606,4,3
4607,4,5
4608,4,5
4609,4,4
4610,4,2
4611,4,5
4612,4,3
4613,4,1
4614,4,2
4615,4,1
4616,4,5
4617,4,3
4618,4,2
4619,4,5
4620,4,4
4621,4,4
4622,4,1
4623,4,1
4624,4,5
4625,4,4
4626,4,4
4627,4,1
4628,4,1
4629,4,5
4630,4,1
4631,4,5
4632,4,3
4633,4,3
4634,4,4
4635,4,3
4636,4,3
4637,4,5
4638,4,4
4639,4,5
4640,4,4
4641,4,5
4642,4,4
4643,4,4
4644,4,4
4645,4,4
4646,4,3
4647,4,4
4648,4,2
4649,4,4
4650,4,4
4651,4,3
4652,4,5
4653,4,4
4654,4,1
4655,4,1
4656,4,4
4657,4,1
4658,4,1
4659,4,1
4660,4,1
4661,4,3
4662,4,4
4663,4,1
4664,4,4
4665,4,1
4666,4,5
4667,4,5
4668,4,5
4669,4,5
4670,4,3
4671,4,4
4672,4,5
4673,4,1
4674,4,4
4675,4,5
4676,4,5
4677,4,4
4678,4,5
4679,4,3
4680,4,5
4681,4,4
4682,4,5
4683,4,4
4684,4,4
4685,4,4
4686,4,1
4687,4,5
4688,4,1
4689,4,3
4690,4,2
4691,4,3
4692,4,4
4693,4,1
4694,4,4
4695,4,4
4696,4,5
4697,4,1
4698,4,1
4699,4,4
4700,4,3
4701,4,1
4702,4,4
4703,4,1
4704,4,5
4705,4,5
4706,4,4
4707,4,3
4708,4,3
4709,4,1
4710,4,5
4711,4,3
4712,4,5
4713,4,5
4714,4,3
4715,4,1
4716,4,5
4717,4,3
4718,4,3
4719,4,5
4720,4,3
4721,4,4
4722,4,4
4723,4,4
4724,4,5
4725,4,1
4726,4,1
4727,4,4
4728,4,4
4729,4,5
4730,4,3
4731,4,1
4732,4,1
4733,4,4
4734,4,1
4735,4,1
4736,4,1
4737,4,2
4738,4,4
4739,4,1
4740,4,2
4741,4,5
4742,4,5
4743,4,4
4744,4,5
4745,4,4
4746,4,5
4747,4,3
4748,4,5
4749,4,4
4750,4,5
4751,4,2
4752,4,5
4753,4,5
4754,4,5
4755,4,1
4756,4,4
4757,4,5
4758,4,1
4759,4,1
4760,4,3
4761,4,1
4762,4,4
4763,4,5
4764,4,1
4765,4,2
4766,4,5
4767,4,5
4768,4,1
4769,4,1
4770,4,5
4771,4,4
4772,4,1
4773,4,1
4774,4,4
4775,4,2
4776,4,2
4777,4,1
4778,4,1
4779,4,4
4780,4,5
4781,4,3
4782,4,5
4783,4,5
4784,4,5
4785,4,4
4786,4,5
4787,4,5
4788,4,5
4789,4,3
4790,4,5
4791,4,5
4792,4,1
4793,4,1
4794,4,3
4795,4,5
4796,4,3
4797,4,5
4798,4,5
4799,4,5
4800,4,1
4801,4,4
4802,4,2
4803,4,2
4804,4,1
4805,4,5
4806,4,1
4807,4,4
4808,4,4
4809,4,1
4810,4,1
4811,4,4
4812,4,1
4813,4,4
4814,4,4
4815,4,4
4816,4,1
4817,4,4
4818,4,3
4819,4,1
4820,4,2
4821,4,2
4822,4,3
4823,4,5
4824,4,5
4825,4,5
4826,4,5
4827,4,1
4828,4,4
4829,4,3
4830,4,1
4831,4,5
4832,4,3
4833,4,4
4834,4,5
4835,4,4
4836,4,4
4837,4,1
4838,4,1
4839,4,5
4840,4,3
4841,4,3
4842,4,3
4843,4,5
4844,4,5
4845,4,5
4846,4,2
4847,4,4
4848,4,1
4849,4,1
4850,4,1
4851,4,2
4852,4,1
4853,4,5
4854,4,1
4855,4,3
4856,4,1
4857,4,5
4858,4,1
4859,4,1
4860,4,1
4861,4,1
4862,4,4
4863,4,4
4864,4,4
4865,4,4
4866,4,3
4867,4,5
4868,4,4
4869,4,3
4870,4,1
4871,4,5
4872,4,3
4873,4,3
4874,4,5
4875,4,3
4876,4,4
4877,4,5
4878,4,5
4879,4,4
4880,4,5
4881,4,5
4882,4,5
4883,4,1
4884,4,5
4885,4,4
4886,4,5
4887,4,4
4888,4,1
4889,4,3
4890,4,1
4891,4,1
4892,4,2
4893,4,4
4894,4,4
4895,4,5
4896,4,1
4897,4,4
4898,4,4
4899,4,4
4900,4,3
4901,4,1
4902,4,5
4903,4,5
4904,4,4
4905,4,4
4906,4,5
4907,4,3
4908,4,5
4909,4,5
4910,4,4
4911,4,1
4912,4,1
4913,4,1
4914,4,3
4915,4,1
4916,4,2
4917,4,1
4918,4,5
4919,4,5
4920,4,2
4921,4,3
4922,4,2
4923,4,1
4924,4,4
4925,4,3
4926,4,5
4927,4,5
4928,4,2
4929,4,5
4930,4,2
4931,4,4
4932,4,3
4933,4,4
4934,4,3
4935,4,5
4936,4,1
4937,4,4
4938,4,5
4939,4,5
4940,4,5
4941,4,3
4942,4,4
4943,4,1
4944,4,3
4945,4,3
4946,4,2
4947,4,3
4948,4,1
4949,4,1
4950,4,1
4951,4,3
4952,4,4
4953,4,1
4954,4,2
4955,4,5
4956,4,4
4957,4,5
4958,4,2
4959,4,1
4960,4,5
4961,4,5
4962,4,4
4963,4,3
4964,4,5
4965,4,3
4966,4,3
4967,4,5
4968,4,4
4969,4,4
4970,4,4
4971,4,2
4972,4,4
4973,4,5
4974,4,3
4975,4,2
4976,4,5
4977,4,1
4978,4,1
4979,4,1
4980,4,1
4981,4,1
4982,4,1
4983,4,2
4984,4,1
4985,4,1
4986,4,3
4987,4,5
4988,4,4
4989,4,3
4990,4,4
4991,4,5
4992,4,1
4993,4,4
4994,4,2
4995,4,5
4996,4,5
4997,4,3
4998,4,1
4999,4,4
5000,4,4
5001,4,4
5002,4,4
5003,4,3
5004,4,5
5005,4,4
5006,4,5
5007,4,1
5008,4,5
5009,4,4
5010,4,5
5011,4,5
5012,4,3
5013,4,4
5014,4,2
5015,4,1
5016,4,2
5017,4,5
5018,4,5
5019,4,5
5020,4,2
5021,4,1
5022,4,1
5023,4,3
5024,4,4
5025,4,3
5026,4,5
5027,4,3
5028,4,4
5029,4,5
5030,4,4
5031,4,5
5032,4,4
5033,4,1
5034,4,3
5035,4,5
5036,4,3
5037,4,5
5038,4,5
5039,4,4
5040,4,3
5041,4,3
5042,4,5
5043,4,1
5044,4,3
5045,4,1
5046,4,4
5047,4,1
5048,4,3
5049,4,2
5050,4,4
5051,4,1
5052,4,1
5053,4,1
5054,4,3
5055,4,1
5056,4,4
5057,4,4
5058,4,1
5059,4,1
5060,4,4
5061,4,4
5062,4,1
5063,4,1
5064,4,5
5065,4,3
5066,4,5
5067,4,5
5068,4,5
5069,4,5
5070,4,3
5071,4,5
5072,4,5
5073,4,5
5074,4,5
5075,4,3
5076,4,4
5077,4,5
5078,4,5
5079,4,4
5080,4,4
5081,4,5
5082,4,5
5083,4,1
5084,4,5
5085,4,4
5086,4,2
5087,4,4
5088,4,3
5089,4,5
5090,4,3
5091,4,4
5092,4,1
5093,4,1
5094,4,4
5095,4,4
5096,4,5
5097,4,3
5098,4,1
5099,4,1
5100,4,1
5101,4,4
5102,4,5
5103,4,3
5104,4,3
5105,4,3
5106,4,1
5107,4,5
5108,4,5
5109,4,4
5110,4,2
5111,4,2
5112,4,4
5113,4,4
5114,4,5
5115,4,3
5116,4,4
5117,4,2
5118,4,5
5119,4,5
5120,4,3
5121,4,1
5122,4,3
5123,4,1
5124,4,4
5125,4,5
5126,4,1
5127,4,1
5128,4,1
5129,4,1
5130,4,4
5131,4,1
5132,4,1
5133,4,1
5134,4,1
5135,4,5
5136,4,2
5137,4,1
5138,4,2
5139,4,1
5140,4,1
5141,4,5
5142,4,2
5143,4,5
5144,4,5
5145,4,2
5146,4,4
5147,4,4
5148,4,4
5149,4,4
5150,4,1
5151,4,1
5152,4,4
5153,4,5
5154,4,5
5155,4,4
5156,4,5
5157,4,4
5158,4,5
5159,4,2
5160,4,1
5161,4,2
5162,4,4
5163,4,1
5164,4,1
5165,4,4
5166,4,4
5167,4,5
5168,4,5
5169,4,5
5170,4,5
5171,4,5
5172,4,5
5173,4,3
5174,4,1
5175,4,5
5176,4,5
5177,4,5
5178,4,3
5179,4,5
5180,4,5
5181,4,4
5182,4,5
5183,4,5
5184,4,5
5185,4,5
5186,4,5
5187,4,4
5188,4,3
5189,4,5
5190,4,5
5191,4,5
5192,4,5
5193,4,3
5194,4,1
5195,4,1
5196,4,4
5197,4,3
5198,4,5
5199,4,5
5200,4,4
5201,4,1
5202,4,2
5203,4,5
5204,4,3
5205,4,4
5206,4,2
5207,4,1
5208,4,4
5209,4,5
5210,4,5
5211,4,5
5212,4,4
5213,4,4
5214,4,3
5215,4,4
5216,4,5
5217,4,5
5218,4,5
5219,4,1
5220,4,3
5221,4,2
5222,4,5
5223,4,2
5224,4,3
5225,4,3
5226,4,5
5227,4,1
5228,4,5
5229,4,4
5230,4,1
5231,4,4
5232,4,4
5233,4,3
5234,4,3
5235,4,1
5236,4,5
5237,4,4
5238,4,1
5239,4,5
5240,4,4
5241,4,4
5242,4,3
5243,4,5
5244,4,1
5245,4,1
5246,4,1
5247,4,1
5248,4,2
5249,4,1
5250,4,1
5251,4,3
5252,4,4
5253,4,3
5254,4,3
5255,4,3
5256,4,5
5257,4,3
5258,4,5
5259,4,4
5260,4,4
5261,4,3
5262,4,2
5263,4,4
5264,4,3
5265,4,4
5266,4,2
5267,4,1
5268,4,3
5269,4,4
5270,4,4
5271,4,2
5272,4,2
5273,4,1
5274,4,2
5275,4,1
5276,4,1
5277,4,2
5278,4,3
5279,4,4
5280,4,3
5281,4,4
5282,4,5
5283,4,4
5284,4,5
5285,4,5
5286,4,1
5287,4,4
5288,4,3
5289,4,5
5290,4,3
5291,4,5
5292,4,3
5293,4,4
5294,4,5
5295,4,5
5296,4,4
5297,4,5
5298,4,1
5299,4,5
5300,4,3
5301,4,2
5302,4,4
5303,4,1
5304,4,1
5305,4,1
5306,4,1
5307,4,2
5308,4,1
5309,4,2
5310,4,3
5311,4,5
5312,4,5
5313,4,5
5314,4,3
5315,4,3
5316,4,5
5317,4,3
5318,4,4
5319,4,3
5320,4,1
5321,4,1
5322,4,5
5323,4,4
5324,4,3
5325,4,3
5326,4,1
5327,4,1
5328,4,2
5329,4,1
5330,4,1
5331,4,1
5332,4,4
5333,4,1
5334,4,5
5335,4,4
5336,4,1
5337,4,4
5338,4,4
5339,4,1
5340,4,5
5341,4,4
5342,4,4
5343,4,5
5344,4,4
5345,4,4
5346,4,4
5347,4,3
5348,4,4
5349,4,5
5350,4,5
5351,4,5
5352,4,1
5353,4,3
5354,4,1
5355,4,4
5356,4,4
5357,4,5
5358,4,1
5359,4,4
5360,4,5
5361,4,2
5362,4,3
5363,4,5
5364,4,4
5365,4,3
5366,4,3
5367,4,5
5368,4,3
5369,4,5
5370,4,4
5371,4,3
5372,4,3
5373,4,4
5374,4,3
5375,4,5
5376,4,3
5377,4,3
5378,4,5
5379,4,5
5380,4,3
5381,4,3
5382,4,1
5383,4,4
5384,4,5
5385,4,4
5386,4,1
5387,4,1
5388,4,4
5389,4,2
5390,4,1
5391,4,1
5392,4,3
5393,4,3
5394,4,1
5395,4,4
5396,4,1
5397,4,5
5398,4,5
5399,4,5
5400,4,4
5401,4,5
5402,4,4
5403,4,3
5404,4,3
5405,4,5
5406,4,3
5407,4,4
5408,4,5
5409,4,1
5410,4,4
5411,4,5
5412,4,2
5413,4,1
5414,4,1
5415,4,1
5416,4,1
5417,4,1
5418,4,1
5419,4,1
5420,4,4
5421,4,4
5422,4,5
5423,4,2
5424,4,5
5425,4,4
5426,4,5
5427,4,3
5428,4,4
5429,4,3
5430,4,5
5431,4,5
5432,4,4
5433,4,5
5434,4,4
5435,4,4
5436,4,3
5437,4,4
5438,4,4
5439,4,3
5440,4,4
5441,4,1
5442,4,4
5443,4,1
5444,4,4
5445,4,2
5446,4,2
5447,4,3
5448,4,4
5449,4,5
5450,4,2
5451,4,1
5452,4,1
5453,4,4
5454,4,2
5455,4,2
5456,4,2
5457,4,4
5458,4,1
5459,4,1
5460,4,1
5461,4,1
5462,4,3
5463,4,5
5464,4,3
5465,4,5
5466,4,3
5467,4,2
5468,4,3
5469,4,1
5470,4,5
5471,4,4
5472,4,2
5473,4,4
5474,4,4
5475,4,4
5476,4,3
5477,4,1
5478,4,1
5479,4,4
5480,4,5
5481,4,2
5482,4,4
5483,4,3
5484,4,2
5485,4,1
5486,4,4
5487,4,1
5488,4,2
5489,4,2
5490,4,1
5491,4,2
5492,4,1
5493,4,3
5494,4,2
5495,4,5
5496,4,4
5497,4,5
5498,4,4
5499,4,4
5500,4,2
5501,4,3
5502,4,5
5503,4,2
5504,4,5
5505,4,5
5506,4,1
5507,4,3
5508,4,4
5509,4,5
5510,4,1
5511,4,1
5512,4,1
5513,4,4
5514,4,5
5515,4,5
5516,4,1
5517,4,1
5518,4,1
5519,4,1
5520,4,5
5521,4,4
5522,4,4
5523,4,1
5524,4,5
5525,4,5
5526,4,5
5527,4,5
5528,4,3
5529,4,4
5530,4,5
5531,4,4
5532,4,2
5533,4,4
5534,4,5
5535,4,3
5536,4,4
5537,4,4
5538,4,5
5539,4,5
5540,4,4
5541,4,4
5542,4,5
5543,4,1
5544,4,3
5545,4,2
5546,4,1
5547,4,1
5548,4,5
5549,4,5
5550,4,4
5551,4,3
5552,4,5
5553,4,4
5554,4,1
5555,4,2
5556,4,1
5557,4,5
5558,4,1
5559,4,4
5560,4,1
5561,4,2
5562,4,3
5563,4,1
5564,4,1
5565,4,1
5566,4,1
5567,4,1
5568,4,4
5569,4,5
5570,4,5
5571,4,5
5572,4,5
5573,4,5
5574,4,3
5575,4,1
5576,4,4
5577,4,3
5578,4,3
5579,4,5
5580,4,3
5581,4,5
5582,4,1
5583,4,5
5584,4,5
5585,4,4
5586,4,4
5587,4,3
5588,4,5
5589,4,4
5590,4,1
5591,4,1
5592,4,4
5593,4,1
5594,4,2
5595,4,1
5596,4,1
5597,4,4
5598,4,4
5599,4,3
5600,4,4
5601,4,4
5602,4,3
5603,4,4
5604,4,4
5605,4,3
5606,4,4
5607,4,5
5608,4,3
5609,4,4
5610,4,3
5611,4,3
5612,4,5
5613,4,3
5614,4,3
5615,4,1
5616,4,3
5617,4,4
5618,4,5
5619,4,4
5620,4,1
5621,4,1
5622,4,1
5623,4,1
5624,4,1
5625,4,3
5626,4,2
5627,4,1
5628,4,5
5629,4,4
5630,4,3
5631,4,4
5632,4,4
5633,4,4
5634,4,5
5635,4,5
5636,4,3
5637,4,3
5638,4,5
5639,4,4
5640,4,5
5641,4,4
5642,4,5
5643,4,4
5644,4,5
5645,4,5
5646,4,5
5647,4,5
5648,4,4
5649,4,3
5650,4,1
5651,4,1
5652,4,4
5653,4,4
5654,4,4
5655,4,4
5656,4,4
5657,4,4
5658,4,3
5659,4,1
5660,4,2
5661,4,1
5662,4,2
5663,4,1
5664,4,1
5665,4,5
5666,4,1
5667,4,4
5668,4,1
5669,4,2
5670,4,1
5671,4,3
5672,4,3
5673,4,5
5674,4,5
5675,4,5
5676,4,5
5677,4,4
5678,4,4
5679,4,2
5680,4,3
5681,4,3
5682,4,2
5683,4,3
5684,4,3
5685,4,4
5686,4,5
5687,4,3
5688,4,5
5689,4,4
5690,4,4
5691,4,4
5692,4,4
5693,4,4
5694,4,2
5695,4,4
5696,4,3
5697,4,4
5698,4,1
5699,4,5
5700,4,5
5701,4,3
5702,4,1
5703,4,4
5704,4,1
5705,4,5
5706,4,4
5707,4,1
5708,4,4
5709,4,1
5710,4,2
5711,4,5
5712,4,2
5713,4,5
5714,4,5
5715,4,5
5716,4,5
5717,4,4
5718,4,5
5719,4,2
5720,4,2
5721,4,4
5722,4,3
5723,4,3
5724,4,1
5725,4,5
5726,4,1
5727,4,1
5728,4,1
5729,4,4
5730,4,4
5731,4,4
5732,4,4
5733,4,5
5734,4,3
5735,4,1
5736,4,4
5737,4,1
5738,4,2
5739,4,4
5740,4,1
5741,4,5
5742,4,1
5743,4,2
5744,4,4
5745,4,4
5746,4,4
5747,4,3
5748,4,4
5749,4,5
5750,4,5
5751,4,5
5752,4,2
5753,4,4
5754,4,4
5755,4,5
5756,4,5
5757,4,5
5758,4,1
5759,4,5
5760,4,4
5761,4,5
5762,4,2
5763,4,3
5764,4,5
5765,4,4
5766,4,3
5767,4,4
5768,4,1
5769,4,4
5770,4,5
5771,4,2
5772,4,2
5773,4,1
5774,4,4
5775,4,2
5776,4,4
5777,4,5
5778,4,1
5779,4,4
5780,4,5
5781,4,4
5782,4,5
5783,4,4
5784,4,3
5785,4,3
5786,4,2
5787,4,5
5788,4,4
5789,4,4
5790,4,4
5791,4,4
5792,4,5
5793,4,5
5794,4,1
5795,4,4
5796,4,3
5797,4,5
5798,4,4
5799,4,5
5800,4,1
5801,4,1
5802,4,3
5803,4,3
5804,4,1
5805,4,1
5806,4,3
5807,4,5
5808,4,1
5809,4,4
5810,4,1
5811,4,1
5812,4,4
5813,4,4
5814,4,5
5815,4,5
5816,4,1
5817,4,3
5818,4,5
5819,4,1
5820,4,1
5821,4,4
5822,4,5
5823,4,5
5824,4,3
5825,4,4
5826,4,1
5827,4,5
5828,4,5
5829,4,3
5830,4,4
5831,4,1
5832,4,3
5833,4,4
5834,4,4
5835,4,4
5836,4,1
5837,4,1
5838,4,1
5839,4,2
5840,4,1
5841,4,1
5842,4,1
5843,4,4
5844,4,1
5845,4,5
5846,4,4
5847,4,4
5848,4,4
5849,4,5
5850,4,5
5851,4,4
5852,4,2
5853,4,5
5854,4,3
5855,4,4
5856,4,4
5857,4,1
5858,4,5
5859,4,5
5860,4,2
5861,4,5
5862,4,4
5863,4,5
5864,4,1
5865,4,5
5866,4,5
5867,4,4
5868,4,3
5869,4,5
5870,4,2
5871,4,3
5872,4,5
5873,4,1
5874,4,1
5875,4,5
5876,4,5
5877,4,4
5878,4,1
5879,4,2
5880,4,1
5881,4,4
5882,4,1
5883,4,1
5884,4,1
5885,4,1
5886,4,3
5887,4,1
5888,4,2
5889,4,4
5890,4,1
5891,4,2
5892,4,1
5893,4,2
5894,4,1
5895,4,5
5896,4,4
5897,4,3
5898,4,5
5899,4,5
5900,4,1
5901,4,5
5902,4,4
5903,4,5
5904,4,3
5905,4,4
5906,4,5
5907,4,5
5908,4,2
5909,4,4
5910,4,2
5911,4,5
5912,4,5
5913,4,3
5914,4,3
5915,4,4
5916,4,3
5917,4,5
5918,4,1
5919,4,5
5920,4,1
5921,4,3
5922,4,3
5923,4,1
5924,4,4
5925,4,4
5926,4,1
5927,4,4
5928,4,1
5929,4,1
5930,4,2
5931,4,1
5932,4,1
5933,4,1
5934,4,1
5935,4,1
5936,4,1
5937,4,1
5938,4,4
5939,4,4
5940,4,2
5941,4,4
5942,4,4
5943,4,5
5944,4,4
5945,4,2
5946,4,5
5947,4,5
5948,4,4
5949,4,3
5950,4,5
5951,4,4
5952,4,5
5953,4,4
5954,4,4
5955,4,1
5956,4,3
5957,4,5
5958,4,3
5959,4,5
5960,4,3
5961,4,3
5962,4,4
5963,4,4
5964,4,3
5965,4,5
5966,4,4
5967,4,1
5968,4,3
5969,4,3
5970,4,4
5971,4,2
5972,4,5
5973,4,1
5974,4,5
5975,4,2
5976,4,5
5977,4,3
5978,4,5
5979,4,5
5980,4,5
5981,4,4
5982,4,5
5983,4,5
5984,4,4
5985,4,3
5986,4,5
5987,4,5
5988,4,1
5989,4,1
5990,4,1
5991,4,4
5992,4,1
5993,4,1
5994,4,5
5995,4,3
5996,4,1
5997,4,1
5998,4,3
5999,4,1
6000,4,1
6001,4,2
6002,4,3
6003,4,1
6004,4,1
6005,4,4
6006,4,2
6007,4,1
6008,4,3
6009,4,1
6010,4,3
6011,4,3
6012,4,5
6013,4,4
6014,4,4
6015,4,4
6016,4,5
6017,4,3
6018,4,5
6019,4,4
6020,4,2
6021,4,4
6022,4,4
6023,4,5
6024,4,1
6025,4,4
6026,4,3
6027,4,1
6028,4,1
6029,4,2
6030,4,1
6031,4,2
6032,4,1
6033,4,1
6034,4,4
6035,4,2
6036,4,4
6037,4,5
6038,4,3
6039,4,2
6040,4,5
6041,4,5
6042,4,3
6043,4,4
6044,4,4
6045,4,5
6046,4,4
6047,4,4
6048,4,3
6049,4,4
6050,4,4
6051,4,1
6052,4,5
6053,4,1
6054,4,1
6055,4,4
6056,4,3
6057,4,4
6058,4,1
6059,4,1
6060,4,1
6061,4,1
6062,4,1
6063,4,5
6064,4,3
6065,4,1
6066,4,3
6067,4,3
6068,4,4
6069,4,5
6070,4,5
6071,4,5
6072,4,5
6073,4,3
6074,4,5
6075,4,3
6076,4,4
6077,4,3
6078,4,5
6079,4,1
6080,4,5
6081,4,1
6082,4,1
6083,4,1
6084,4,2
6085,4,1
6086,4,1
6087,4,5
6088,4,3
6089,4,4
6090,4,1
6091,4,4
6092,4,4
6093,4,1
6094,4,4
6095,4,2
6096,4,4
6097,4,2
6098,4,5
6099,4,5
6100,4,1
6101,4,1
6102,4,3
6103,4,1
6104,4,1
6105,4,5
6106,4,3
6107,4,1
6108,4,4
6109,4,4
6110,4,4
6111,4,3
6112,4,5
6113,4,3
6114,4,5
6115,4,5
6116,4,4
6117,4,4
6118,4,5
6119,4,4
6120,4,5
6121,4,1
6122,4,4
6123,4,3
6124,4,5
6125,4,5
6126,4,3
6127,4,3
6128,4,2
6129,4,3
6130,4,4
6131,4,4
6132,4,5
6133,4,3
6134,4,4
6135,4,1
6136,4,1
6137,4,1
6138,4,4
6139,4,1
6140,4,1
6141,4,4
6142,4,4
6143,4,4
6144,4,3
6145,4,3
6146,4,5
6147,4,4
6148,4,5
6149,4,5
6150,4,5
6151,4,3
6152,4,4
6153,4,5
6154,4,5
6155,4,4
6156,4,3
6157,4,4
6158,4,5
6159,4,4
6160,4,4
6161,4,4
6162,4,5
6163,4,1
6164,4,2
6165,4,3
6166,4,4
6167,4,2
6168,4,1
6169,4,2
6170,4,1
6171,4,1
6172,4,2
6173,4,1
6174,4,1
6175,4,2
6176,4,1
6177,4,4
6178,4,3
6179,4,4
6180,4,3
6181,4,4
6182,4,3
6183,4,1
6184,4,3
6185,4,3
6186,4,5
6187,4,4
6188,4,5
6189,4,2
6190,4,5
6191,4,5
6192,4,3
6193,4,4
6194,4,1
6195,4,4
6196,4,4
6197,4,4
6198,4,2
6199,4,1
6200,4,1
6201,4,1
6202,4,4
6203,4,5
6204,4,3
6205,4,3
6206,4,3
6207,4,2
6208,4,1
6209,4,1
6210,4,5
6211,4,4
6212,4,3
6213,4,2
6214,4,5
6215,4,4
6216,4,4
6217,4,1
6218,4,3
6219,4,5
6220,4,5
6221,4,5
6222,4,3
6223,4,4
6224,4,4
6225,4,4
6226,4,3
6227,4,5
6228,4,5
6229,4,5
6230,4,2
6231,4,5
6232,4,4
6233,4,3
6234,4,3
6235,4,5
6236,4,5
6237,4,1
6238,4,4
6239,4,1
6240,4,5
6241,4,3
6242,4,2
6243,4,4
6244,4,4
6245,4,5
6246,4,3
6247,4,2
6248,4,1
6249,4,4
6250,4,1
6251,4,1
6252,4,1
6253,4,1
6254,4,1
6255,4,2
6256,4,2
6257,4,4
6258,4,1
6259,4,3
6260,4,5
6261,4,4
6262,4,5
6263,4,5
6264,4,3
6265,4,4
6266,4,5
6267,4,5
6268,4,3
6269,4,4
6270,4,4
6271,4,5
6272,4,5
6273,4,5
6274,4,4
6275,4,5
6276,4,3
6277,4,4
6278,4,3
6279,4,5
6280,4,1
6281,4,4
6282,4,1
6283,4,1
6284,4,1
6285,4,1
6286,4,2
6287,4,1
6288,4,1
6289,4,3
6290,4,4
6291,4,5
6292,4,5
6293,4,4
6294,4,5
6295,4,5
6296,4,4
6297,4,1
6298,4,5
6299,4,5
6300,4,5
6301,4,1
6302,4,4
6303,4,4
6304,4,2
6305,4,5
6306,4,1
6307,4,1
6308,4,5
6309,4,1
6310,4,4
6311,4,4
6312,4,5
6313,4,4
6314,4,1
6315,4,1
6316,4,4
6317,4,1
6318,4,1
6319,4,1
6320,4,4
6321,4,1
6322,4,4
6323,4,5
6324,4,4
6325,4,5
6326,4,3
6327,4,4
6328,4,2
6329,4,4
6330,4,3
6331,4,2
6332,4,4
6333,4,5
6334,4,3
6335,4,5
6336,4,5
6337,4,3
6338,4,5
6339,4,5
6340,4,3
6341,4,5
6342,4,4
6343,4,1
6344,4,3
6345,4,4
6346,4,4
6347,4,5
6348,4,4
6349,4,1
6350,4,4
6351,4,2
6352,4,5
6353,4,2
6354,4,5
6355,4,3
6356,4,5
6357,4,1
6358,4,4
6359,4,4
6360,4,2
6361,4,2
6362,4,3
6363,4,1
6364,4,1
6365,4,2
6366,4,1
6367,4,5
6368,4,2
6369,4,5
6370,4,5
6371,4,5
6372,4,5
6373,4,2
6374,4,4
6375,4,3
6376,4,4
6377,4,1
6378,4,1
6379,4,1
6380,4,1
6381,4,1
6382,4,5
6383,4,5
6384,4,4
6385,4,4
6386,4,4
6387,4,4
6388,4,2
6389,4,4
6390,4,1
6391,4,1
6392,4,1
6393,4,1
6394,4,1
6395,4,4
6396,4,4
6397,4,5
6398,4,1
6399,4,5
6400,4,4
6401,4,4
6402,4,4
6403,4,4
6404,4,1
6405,4,5
6406,4,2
6407,4,5
6408,4,3
6409,4,5
6410,4,1
6411,4,1
6412,4,5
6413,4,3
6414,4,4
6415,4,5
6416,4,3
6417,4,1
6418,4,4
6419,4,4
6420,4,1
6421,4,3
6422,4,2
6423,4,3
6424,4,4
6425,4,2
6426,4,4
6427,4,1
6428,4,2
6429,4,1
6430,4,4
6431,4,5
6432,4,2
6433,4,1
6434,4,1
6435,4,5
6436,4,5
6437,4,3
6438,4,1
6439,4,3
6440,4,4
6441,4,5
6442,4,5
6443,4,5
6444,4,5
6445,4,4
6446,4,5
6447,4,5
6448,4,1
6449,4,3
6450,4,1
6451,4,3
6452,4,3
6453,4,4
6454,4,1
6455,4,2
6456,4,1
6457,4,4
6458,4,1
6459,4,1
6460,4,4
6461,4,1
6462,4,1
6463,4,1
6464,4,1
6465,4,4
6466,4,4
6467,4,4
6468,4,4
6469,4,2
6470,4,1
6471,4,4
6472,4,3
6473,4,3
6474,4,5
6475,4,5
6476,4,5
6477,4,1
6478,4,5
6479,4,5
6480,4,1
6481,4,5
6482,4,1
6483,4,2
6484,4,1
6485,4,5
6486,4,3
6487,4,4
6488,4,5
6489,4,2
6490,4,1
6491,4,1
6492,4,4
6493,4,3
6494,4,2
6495,4,1
6496,4,5
6497,4,3
6498,4,4
6499,4,5
6500,4,5
6501,4,4
6502,4,2
6503,4,2
6504,4,5
6505,4,1
6506,4,5
6507,4,5
6508,4,4
6509,4,5
6510,4,3
6511,4,5
6512,4,5
6513,4,4
6514,4,5
6515,4,5
6516,4,3
6517,4,1
6518,4,5
6519,4,3
6520,4,2
6521,4,1
6522,4,4
6523,4,1
6524,4,4
6525,4,3
6526,4,3
6527,4,3
6528,4,2
6529,4,1
6530,4,4
6531,4,4
6532,4,2
6533,4,4
6534,4,1
6535,4,5
6536,4,5
6537,4,4
6538,4,5
6539,4,5
6540,4,5
6541,4,4
6542,4,4
6543,4,3
6544,4,5
6545,4,1
6546,4,2
6547,4,5
6548,4,3
6549,4,3
6550,4,3
6551,4,4
6552,4,2
6553,4,5
6554,4,2
6555,4,5
6556,4,1
6557,4,5
6558,4,2
6559,4,5
6560,4,4
6561,4,5
6562,4,1
6563,4,5
6564,4,4
6565,4,5
6566,4,4
6567,4,4
6568,4,3
6569,4,5
6570,4,1
6571,4,4
6572,4,4
6573,4,5
6574,4,5
6575,4,4
6576,4,5
6577,4,5
6578,4,4
6579,4,1
6580,4,5
6581,4,3
6582,4,5
6583,4,3
6584,4,3
6585,4,4
6586,4,5
6587,4,1
6588,4,5
6589,4,5
6590,4,5
6591,4,3
6592,4,3
6593,4,4
6594,4,5
6595,4,4
6596,4,4
6597,4,4
6598,4,3
6599,4,4
6600,4,5
6601,4,5
6602,4,1
6603,4,2
6604,4,5
6605,4,3
6606,4,2
6607,4,4
6608,4,1
6609,4,1
6610,4,1
6611,4,5
6612,4,1
6613,4,3
6614,4,5
6615,4,5
6616,4,5
6617,4,2
6618,4,3
6619,4,3
6620,4,4
6621,4,5
6622,4,5
6623,4,4
6624,4,4
6625,4,5
6626,4,3
6627,4,5
6628,4,5
6629,4,4
6630,4,1
6631,4,2
6632,4,3
6633,4,1
6634,4,4
6635,4,2
6636,4,4
6637,4,1
6638,4,2
6639,4,5
6640,4,2
6641,4,4
6642,4,3
6643,4,1
6644,4,1
6645,4,1
6646,4,1
6647,4,1
6648,4,2
6649,4,3
6650,4,3
6651,4,3
6652,4,4
6653,4,5
6654,4,5
6655,4,5
6656,4,3
6657,4,4
6658,4,3
6659,4,5
6660,4,3
6661,4,3
6662,4,5
6663,4,5
6664,4,3
6665,4,5
6666,4,5
6667,4,3
6668,4,2
6669,4,4
6670,4,5
6671,4,5
6672,4,5
6673,4,1
6674,4,4
6675,4,4
6676,4,1
6677,4,4
6678,4,3
6679,4,1
6680,4,2
6681,4,1
6682,4,3
6683,4,5
6684,4,3
6685,4,5
6686,4,5
6687,4,5
6688,4,5
6689,4,4
6690,4,4
6691,4,5
6692,4,1
6693,4,5
6694,4,1
6695,4,5
6696,4,1
6697,4,4
6698,4,3
6699,4,1
6700,4,1
6701,4,4
6702,4,1
6703,4,1
6704,4,1
6705,4,1
6706,4,4
6707,4,1
6708,4,5
6709,4,5
6710,4,4
6711,4,5
6712,4,4
6713,4,4
6714,4,5
6715,4,5
6716,4,4
6717,4,5
6718,4,1
6719,4,1
6720,4,5
6721,4,3
6722,4,4
6723,4,2
6724,4,1
6725,4,1
6726,4,4
6727,4,4
6728,4,5
6729,4,4
6730,4,4
6731,4,1
6732,4,4
6733,4,4
6734,4,1
6735,4,1
6736,4,1
6737,4,2
6738,4,2
6739,4,1
6740,4,1
6741,4,2
6742,4,1
6743,4,1
6744,4,1
6745,4,5
6746,4,3
6747,4,4
6748,4,1
6749,4,5
6750,4,4
6751,4,1
6752,4,3
6753,4,3
6754,4,3
6755,4,2
6756,4,4
6757,4,1
6758,4,1
6759,4,5
6760,4,5
6761,4,3
6762,4,3
6763,4,5
6764,4,5
6765,4,4
6766,4,3
6767,4,5
6768,4,4
6769,4,5
6770,4,4
6771,4,4
6772,4,3
6773,4,4
6774,4,1
6775,4,1
6776,4,4
6777,4,5
6778,4,3
6779,4,3
6780,4,1
6781,4,1
6782,4,1
6783,4,3
6784,4,4
6785,4,1
6786,4,1
6787,4,3
6788,4,1
6789,4,2
6790,4,3
6791,4,1
6792,4,1
6793,4,5
6794,4,4
6795,4,5
6796,4,5
6797,4,4
6798,4,5
6799,4,1
6800,4,4
6801,4,5
6802,4,4
6803,4,3
6804,4,1
6805,4,5
6806,4,3
6807,4,2
6808,4,4
6809,4,1
6810,4,4
6811,4,2
6812,4,4
6813,4,1
6814,4,5
6815,4,1
6816,4,3
6817,4,5
6818,4,4
6819,4,4
6820,4,3
6821,4,4
6822,4,3
6823,4,5
6824,4,4
6825,4,1
6826,4,5
6827,4,3
6828,4,4
6829,4,1
6830,4,1
6831,4,3
6832,4,3
6833,4,4
6834,4,4
6835,4,1
6836,4,4
6837,4,4
6838,4,1
6839,4,4
6840,4,1
6841,4,2
6842,4,1
6843,4,1
6844,4,1
6845,4,1
6846,4,4
6847,4,1
6848,4,2
6849,4,4
6850,4,5
6851,4,5
6852,4,5
6853,4,3
6854,4,5
6855,4,4
6856,4,2
6857,4,5
6858,4,5
6859,4,3
6860,4,2
6861,4,4
6862,4,4
6863,4,2
6864,4,2
6865,4,4
6866,4,3
6867,4,5
6868,4,4
6869,4,5
6870,4,1
6871,4,1
6872,4,1
6873,4,1
6874,4,4
6875,4,1
6876,4,1
6877,4,4
6878,4,3
6879,4,1
6880,4,1
6881,4,1
6882,4,2
6883,4,5
6884,4,1
6885,4,5
6886,4,4
6887,4,4
6888,4,5
6889,4,4
6890,4,4
6891,4,4
6892,4,4
6893,4,5
6894,4,5
6895,4,4
6896,4,2
6897,4,4
6898,4,5
6899,4,4
6900,4,1
6901,4,1
6902,4,4
6903,4,2
6904,4,5
6905,4,3
6906,4,1
6907,4,4
6908,4,1
6909,4,1
6910,4,1
6911,4,1
6912,4,1
6913,4,1
6914,4,2
6915,4,2
6916,4,2
6917,4,1
6918,4,1
6919,4,1
6920,4,5
6921,4,5
6922,4,5
6923,4,5
6924,4,3
6925,4,4
6926,4,3
6927,4,5
6928,4,2
6929,4,3
6930,4,5
6931,4,5
6932,4,4
6933,4,4
6934,4,2
6935,4,5
6936,4,4
6937,4,3
6938,4,1
6939,4,4
6940,4,1
6941,4,5
6942,4,1
6943,4,1
6944,4,1
6945,4,1
6946,4,1
6947,4,2
6948,4,1
6949,4,1
6950,4,1
6951,4,1
6952,4,1
6953,4,1
6954,4,3
6955,4,5
6956,4,4
6957,4,3
6958,4,2
6959,4,5
6960,4,4
6961,4,3
6962,4,5
6963,4,3
6964,4,5
6965,4,3
6966,4,3
6967,4,3
6968,4,3
6969,4,3
6970,4,4
6971,4,4
6972,4,5
6973,4,5
6974,4,5
6975,4,4
6976,4,3
6977,4,5
6978,4,5
6979,4,3
6980,4,1
6981,4,1
6982,4,3
6983,4,1
6984,4,1
6985,4,1
6986,4,4
6987,4,4
6988,4,1
6989,4,2
6990,4,4
6991,4,5
6992,4,2
6993,4,4
6994,4,3
6995,4,3
6996,4,1
6997,4,1
6998,4,4
6999,4,3
7000,4,3
7001,4,3
7002,4,5
7003,4,3
7004,4,4
7005,4,5
7006,4,4
7007,4,5
7008,4,4
7009,4,3
7010,4,1
7011,4,4
7012,4,1
7013,4,5
7014,4,2
7015,4,1
7016,4,1
7017,4,4
7018,4,5
7019,4,3
7020,4,3
7021,4,1
7022,4,4
7023,4,1
7024,4,1
7025,4,4
7026,4,4
7027,4,5
7028,4,5
7029,4,4
7030,4,5
7031,4,5
7032,4,3
7033,4,3
7034,4,2
7035,4,5
7036,4,5
7037,4,5
7038,4,1
7039,4,3
7040,4,5
7041,4,5
7042,4,4
7043,4,4
7044,4,2
7045,4,4
7046,4,3
7047,4,1
7048,4,5
7049,4,1
7050,4,5
7051,4,4
7052,4,3
7053,4,4
7054,4,3
7055,4,4
7056,4,5
7057,4,4
7058,4,2
7059,4,2
7060,4,1
7061,4,1
7062,4,4
7063,4,1
7064,4,1
7065,4,4
7066,4,1
7067,4,1
7068,4,1
7069,4,4
7070,4,4
7071,4,3
7072,4,4
7073,4,4
7074,4,5
7075,4,2
7076,4,5
7077,4,5
7078,4,5
7079,4,2
7080,4,5
7081,4,1
7082,4,4
7083,4,1
7084,4,1
7085,4,3
7086,4,4
7087,4,5
7088,4,3
7089,4,4
7090,4,3
7091,4,5
7092,4,5
7093,4,4
7094,4,4
7095,4,2
7096,4,2
7097,4,1
7098,4,2
7099,4,2
7100,4,5
7101,4,5
7102,4,2
7103,4,3
7104,4,3
7105,4,4
7106,4,1
7107,4,5
7108,4,5
7109,4,3
7110,4,5
7111,4,3
7112,4,4
7113,4,3
7114,4,4
7115,4,4
7116,4,5
7117,4,5
7118,4,4
7119,4,5
7120,4,4
7121,4,1
7122,4,4
7123,4,4
7124,4,1
7125,4,5
7126,4,5
7127,4,4
7128,4,4
7129,4,1
7130,4,1
7131,4,4
7132,4,3
7133,4,1
7134,4,5
7135,4,4
7136,4,4
7137,4,4
7138,4,3
7139,4,2
7140,4,4
7141,4,2
7142,4,5
7143,4,3
7144,4,2
7145,4,5
7146,4,1
7147,4,4
7148,4,3
7149,4,3
7150,4,4
7151,4,3
7152,4,1
7153,4,1
7154,4,4
7155,4,5
7156,4,1
7157,4,1
7158,4,4
7159,4,2
7160,4,2
7161,4,5
7162,4,4
7163,4,1
7164,4,1
7165,4,1
7166,4,1
7167,4,1
7168,4,1
7169,4,1
7170,4,1
7171,4,1
7172,4,1
7173,4,5
7174,4,4
7175,4,4
7176,4,3
7177,4,4
7178,4,5
7179,4,5
7180,4,4
7181,4,3
7182,4,5
7183,4,3
7184,4,5
7185,4,3
7186,4,5
7187,4,5
7188,4,4
7189,4,1
7190,4,1
7191,4,4
7192,4,5
7193,4,4
7194,4,5
7195,4,3
7196,4,1
7197,4,1
7198,4,4
7199,4,5
7200,4,4
7201,4,1
7202,4,4
7203,4,2
7204,4,4
7205,4,1
7206,4,4
7207,4,5
7208,4,1
7209,4,1
7210,4,5
7211,4,4
7212,4,1
7213,4,4
7214,4,4
7215,4,4
7216,4,4
7217,4,5
7218,4,3
7219,4,4
7220,4,3
7221,4,3
7222,4,4
7223,4,5
7224,4,5
7225,4,1
7226,4,1
7227,4,5
7228,4,2
7229,4,1
7230,4,1
7231,4,2
7232,4,4
7233,4,1
7234,4,1
7235,4,1
7236,4,4
7237,4,1
7238,4,1
7239,4,4
7240,4,5
7241,4,1
7242,4,5
7243,4,5
7244,4,5
7245,4,3
7246,4,4
7247,4,5
7248,4,4
7249,4,2
7250,4,1
7251,4,4
7252,4,5
7253,4,3
7254,4,1
7255,4,2
7256,4,4
7257,4,3
7258,4,4
7259,4,4
7260,4,1
7261,4,4
7262,4,1
7263,4,2
7264,4,3
7265,4,1
7266,4,4
7267,4,1
7268,4,4
7269,4,2
7270,4,3
7271,4,1
7272,4,4
7273,4,4
7274,4,5
7275,4,2
7276,4,4
7277,4,4
7278,4,3
7279,4,5
7280,4,5
7281,4,5
7282,4,4
7283,4,2
7284,4,5
7285,4,2
7286,4,3
7287,4,1
7288,4,1
7289,4,3
7290,4,4
7291,4,1
7292,4,1
7293,4,2
7294,4,3
7295,4,1
7296,4,1
7297,4,5
7298,4,1
7299,4,1
7300,4,1
7301,4,1
7302,4,2
7303,4,1
7304,4,2
7305,4,1
7306,4,1
7307,4,5
7308,4,4
7309,4,3
7310,4,4
7311,4,1
7312,4,3
7313,4,5
7314,4,5
7315,4,4
7316,4,3
7317,4,4
7318,4,1
7319,4,5
7320,4,4
7321,4,4
7322,4,3
7323,4,1
7324,4,1
7325,4,1
7326,4,2
7327,4,1
7328,4,3
7329,4,5
7330,4,2
7331,4,4
7332,4,2
7333,4,1
7334,4,4
7335,4,3
7336,4,1
7337,4,5
7338,4,4
7339,4,1
7340,4,5
7341,4,3
7342,4,4
7343,4,4
7344,4,4
7345,4,5
7346,4,3
7347,4,5
7348,4,5
7349,4,1
7350,4,5
7351,4,4
7352,4,3
7353,4,4
7354,4,4
7355,4,3
7356,4,1
7357,4,1
7358,4,5
7359,4,4
7360,4,4
7361,4,5
7362,4,2
7363,4,5
7364,4,1
7365,4,1
7366,4,1
7367,4,2
7368,4,1
7369,4,2
7370,4,5
7371,4,1
7372,4,3
7373,4,4
7374,4,4
7375,4,2
7376,4,4
7377,4,1
7378,4,4
7379,4,5
7380,4,3
7381,4,4
7382,4,3
7383,4,3
7384,4,5
7385,4,2
7386,4,5
7387,4,3
7388,4,1
7389,4,5
7390,4,5
7391,4,4
7392,4,4
7393,4,1
7394,4,1
7395,4,5
7396,4,1
7397,4,4
7398,4,2
7399,4,2
7400,4,3
7401,4,1
7402,4,2
7403,4,4
7404,4,1
7405,4,1
7406,4,3
7407,4,5
7408,4,2
7409,4,5
7410,4,4
7411,4,3
7412,4,5
7413,4,3
7414,4,5
7415,4,4
7416,4,5
7417,4,4
7418,4,4
7419,4,3
7420,4,5
7421,4,3
7422,4,5
7423,4,1
7424,4,4
7425,4,4
7426,4,1
7427,4,4
7428,4,4
7429,4,1
7430,4,1
7431,4,1
7432,4,5
7433,4,3
7434,4,4
7435,4,1
7436,4,4
7437,4,1
7438,4,4
7439,4,1
7440,4,1
7441,4,2
7442,4,4
7443,4,4
7444,4,5
7445,4,3
7446,4,3
7447,4,3
7448,4,4
7449,4,3
7450,4,4
7451,4,5
7452,4,5
7453,4,2
7454,4,3
7455,4,1
7456,4,5
7457,4,3
7458,4,3
7459,4,1
7460,4,1
7461,4,4
7462,4,1
7463,4,1
7464,4,1
7465,4,2
7466,4,1
7467,4,2
7468,4,3
7469,4,4
7470,4,4
7471,4,1
7472,4,1
7473,4,2
7474,4,1
7475,4,3
7476,4,5
7477,4,5
7478,4,4
7479,4,4
7480,4,4
7481,4,4
7482,4,5
7483,4,4
7484,4,3
7485,4,3
7486,4,5
7487,4,4
7488,4,5
7489,4,5
7490,4,5
7491,4,5
7492,4,4
7493,4,5
7494,4,1
7495,4,4
7496,4,1
7497,4,5
7498,4,3
7499,4,1
7500,4,1
7501,4,4
7502,4,5
7503,4,3
7504,4,2
7505,4,5
7506,4,1
7507,4,1
7508,4,2
7509,4,4
7510,4,1
7511,4,4
7512,4,4
7513,4,4
7514,4,4
7515,4,3
7516,4,4
7517,4,3
7518,4,5
7519,4,3
7520,4,4
7521,4,4
7522,4,3
7523,4,3
7524,4,4
7525,4,1
7526,4,5
7527,4,5
7528,4,4
7529,4,3
7530,4,5
7531,4,5
7532,4,1
7533,4,1
7534,4,1
7535,4,3
7536,4,5
7537,4,1
7538,4,1
7539,4,1
7540,4,1
7541,4,3
7542,4,1
7543,4,1
7544,4,1
7545,4,1
7546,4,1
7547,4,3
7548,4,3
7549,4,3
7550,4,1
7551,4,1
7552,4,4
7553,4,1
7554,4,1
7555,4,5
7556,4,1
7557,4,1
7558,4,2
7559,4,1
7560,4,3
7561,4,2
7562,4,4
7563,4,1
7564,4,4
7565,4,5
7566,4,3
7567,4,1
7568,4,1
7569,4,4
7570,4,2
7571,4,5
7572,4,1
7573,4,1
7574,4,1
7575,4,1
7576,4,1
7577,4,1
7578,4,1
7579,4,1
7580,4,1
7581,4,3
7582,4,3
7583,4,4
7584,4,2
7585,4,5
7586,4,1
7587,4,1
7588,4,3
7589,4,4
7590,4,5
7591,4,4
7592,4,2
7593,4,5
7594,4,5
7595,4,3
7596,4,3
7597,4,1
7598,4,1
7599,4,1
7600,4,1
7601,4,1
7602,4,1
7603,4,1
7604,4,3
7605,4,4
7606,4,1
7607,4,1
7608,4,1
7609,4,1
7610,4,1
7611,4,1
7612,4,1
7613,4,1
7614,4,1
7615,4,1
7616,4,1
7617,4,1
7618,4,1
7619,4,1
7620,4,1
7621,4,1
7622,4,1
7623,4,3
7624,4,4
7625,4,1
7626,4,1
7627,4,2
7628,4,4
7629,4,1
7630,4,1
7631,4,2
7632,4,4
7633,4,3
7634,4,3
7635,4,3
7636,4,4
7637,4,3
7638,4,2
7639,4,4
7640,4,3
7641,4,4
7642,4,4
7643,4,3
7644,4,1
7645,4,3
7646,4,1
7647,4,1
7648,4,1
7649,4,2
7650,4,4
7651,4,3
7652,4,2
7653,4,4
7654,4,5
7655,4,2
7656,4,1
7657,4,1
7658,4,1
7659,4,1
7660,4,1
7661,4,1
7662,4,1
7663,4,1
7664,4,1
7665,4,1
7666,4,3
7667,4,3
7668,4,4
7669,4,5
7670,4,2
7671,4,3
7672,4,3
7673,4,4
7674,4,2
7675,4,3
7676,4,4
7677,4,5
7678,4,2
7679,4,4
7680,4,2
7681,4,2
7682,4,3
7683,4,3
7684,4,1
7685,4,4
7686,4,1
7687,4,2
7688,4,1
7689,4,1
7690,4,1
7691,4,1
7692,4,1
7693,4,1
7694,4,1
7695,4,1
7696,4,1
7697,4,1
7698,4,1
7699,4,3
7700,4,5
7701,4,3
7702,4,3
7703,4,4
7704,4,3
7705,4,3
7706,4,1
7707,4,1
7708,4,2
7709,4,4
7710,4,2
7711,4,5
7712,4,4
7713,4,3
7714,4,1
7715,4,3
7716,4,1
7717,4,1
7718,4,3
7719,4,3
7720,4,1
7721,4,1
7722,4,1
7723,4,1
7724,4,1
7725,4,3
7726,4,1
7727,4,1
7728,4,1
7729,4,1
7730,4,1
7731,4,1
7732,4,1
7733,4,1
7734,4,1
7735,4,4
7736,4,4
7737,4,4
7738,4,3
7739,4,5
7740,4,3
7741,4,3
7742,4,3
7743,4,3
7744,4,4
7745,4,2
7746,4,3
7747,4,4
7748,4,4
7749,4,5
7750,4,1
7751,4,3
7752,4,2
7753,4,1
7754,4,1
7755,4,1
7756,4,1
7757,4,2
7758,4,3
7759,4,1
7760,4,1
7761,4,1
7762,4,1
7763,4,1
7764,4,1
7765,4,1
7766,4,1
7767,4,1
7768,4,1
7769,4,1
7770,4,5
7771,4,3
7772,4,3
7773,4,1
7774,4,4
7775,4,4
7776,4,3
7777,4,1
7778,4,3
7779,4,2
7780,4,1
7781,4,4
7782,4,4
7783,4,3
7784,4,2
7785,4,2
7786,4,3
7787,4,1
7788,4,3
7789,4,1
7790,4,3
7791,4,3
7792,4,1
7793,4,1
7794,4,1
7795,4,1
7796,4,1
7797,4,1
7798,4,1
7799,4,1
7800,4,1
7801,4,1
7802,4,3
7803,4,3
7804,4,4
7805,4,4
7806,4,1
7807,4,4
7808,4,5
7809,4,4
7810,4,3
7811,4,3
7812,4,4
7813,4,3
7814,4,5
7815,4,4
7816,4,4
7817,4,3
7818,4,1
7819,4,1
7820,4,1
7821,4,1
7822,4,1
7823,4,1
7824,4,3
7825,4,2
7826,4,2
7827,4,3
7828,4,5
7829,4,1
7830,4,1
7831,4,1
7832,4,1
7833,4,1
7834,4,4
7835,4,3
7836,4,1
7837,4,3
7838,4,2
7839,4,4
7840,4,5
7841,4,2
7842,4,3
7843,4,5
7844,4,1
7845,4,3
7846,4,5
7847,4,2
7848,4,5
7849,4,3
7850,4,1
7851,4,3
7852,4,3
7853,4,3
7854,4,2
7855,4,1
7856,4,1
7857,4,1
7858,4,1
7859,4,1
7860,4,3
7861,4,1
7862,4,1
7863,4,1
7864,4,1
7865,4,1
7866,4,1
7867,4,1
7868,4,3
7869,4,5
7870,4,1
7871,4,4
7872,4,3
7873,4,1
7874,4,5
7875,4,4
7876,4,4
7877,4,5
7878,4,3
7879,4,5
7880,4,3
7881,4,3
7882,4,3
7883,4,3
7884,4,1
7885,4,5
7886,4,5
7887,4,1
7888,4,3
7889,4,1
7890,4,1
7891,4,1
7892,4,1
7893,4,1
7894,4,1
7895,4,1
7896,4,1
7897,4,1
7898,4,1
7899,4,1
7900,4,1
7901,4,3
7902,4,5
7903,4,3
7904,4,5
7905,4,3
7906,4,1
7907,4,4
7908,4,4
7909,4,1
7910,4,4
7911,4,1
7912,4,3
7913,4,3
7914,4,3
7915,4,4
7916,4,1
7917,4,1
7918,4,5
7919,4,3
7920,4,4
7921,4,4
7922,4,3
7923,4,1
7924,4,1
7925,4,1
7926,4,1
7927,4,2
7928,4,3
7929,4,3
7930,4,2
7931,4,1
7932,4,1
7933,4,1
7934,4,1
7935,4,1
7936,4,1
7937,4,1
7938,4,1
7939,4,2
7940,4,4
7941,4,3
7942,4,4
7943,4,1
7944,4,3
7945,4,3
7946,4,4
7947,4,2
7948,4,1
7949,4,3
7950,4,4
7951,4,3
7952,4,3
7953,4,1
7954,4,2
7955,4,3
7956,4,4
7957,4,2
7958,4,3
7959,4,2
7960,4,1
7961,4,1
7962,4,3
7963,4,1
7964,4,3
7965,4,2
7966,4,4
7967,4,3
7968,4,4
7969,4,1
7970,4,3
7971,4,3
7972,4,1
7973,4,1
7974,4,1
7975,4,1
7976,4,1
7977,4,1
7978,4,1
7979,4,1
7980,4,1
7981,4,1
7982,4,3
7983,4,2
7984,4,4
7985,4,4
7986,4,1
7987,4,3
7988,4,4
7989,4,5
7990,4,5
7991,4,3
7992,4,3
7993,4,3
7994,4,4
7995,4,3
7996,4,2
7997,4,4
7998,4,1
7999,4,1
8000,4,3
8001,4,3
8002,4,3
8003,4,3
8004,4,2
8005,4,4
8006,4,1
8007,4,1
8008,4,1
8009,4,4
8010,4,1
8011,4,5
8012,4,3
8013,4,1
8014,4,1
8015,4,1
8016,4,1
8017,4,1
8018,4,1
8019,4,1
8020,4,1
8021,4,1
8022,4,1
8023,4,1
8024,4,1
8025,4,1
8026,4,1
8027,4,1
8028,4,1
8029,4,1
8030,4,1
8031,4,3
8032,4,3
8033,4,5
8034,4,3
8035,4,3
8036,4,1
8037,4,2
8038,4,2
8039,4,3
8040,4,5
8041,4,3
8042,4,4
8043,4,3
8044,4,2
8045,4,2
8046,4,4
8047,4,2
8048,4,3
8049,4,1
8050,4,5
8051,4,3
8052,4,5
8053,4,2
8054,4,3
8055,4,1
8056,4,3
8057,4,1
8058,4,3
8059,4,2
8060,4,3
8061,4,1
8062,4,1
8063,4,3
8064,4,1
8065,4,1
8066,4,1
8067,4,1
8068,4,1
8069,4,1
8070,4,1
8071,4,1
8072,4,1
8073,4,1
8074,4,5
8075,4,4
8076,4,5
8077,4,5
8078,4,1
8079,4,1
8080,4,3
8081,4,5
8082,4,4
8083,4,3
8084,4,5
8085,4,4
8086,4,3
8087,4,5
8088,4,5
8089,4,5
8090,4,4
8091,4,1
8092,4,3
8093,4,1
8094,4,1
8095,4,1
8096,4,3
8097,4,3
8098,4,2
8099,4,1
8100,4,5
8101,4,1
8102,4,1
8103,4,1
8104,4,1
8105,4,1
8106,4,1
8107,4,2
8108,4,3
8109,4,4
8110,4,3
8111,4,2
8112,4,4
8113,4,3
8114,4,3
8115,4,3
8116,4,4
8117,4,3
8118,4,3
8119,4,1
8120,4,3
8121,4,2
8122,4,2
8123,4,3
8124,4,2
8125,4,3
8126,4,1
8127,4,1
8128,4,1
8129,4,1
8130,4,1
8131,4,1
8132,4,1
8133,4,1
8134,4,1
8135,4,1
8136,4,1
8137,4,1
8138,4,1
8139,4,1
8140,4,4
8141,4,2
8142,4,4
8143,4,3
8144,4,5
8145,4,2
8146,4,2
8147,4,1
8148,4,3
8149,4,4
8150,4,2
8151,4,3
8152,4,2
8153,4,3
8154,4,5
8155,4,5
8156,4,3
8157,4,2
8158,4,3
8159,4,4
8160,4,3
8161,4,3
8162,4,5
8163,4,4
8164,4,5
8165,4,4
8166,4,2
8167,4,3
8168,4,1
8169,4,3
8170,4,4
8171,4,4
8172,4,3
8173,4,3
8174,4,1
8175,4,1
8176,4,1
8177,4,1
8178,4,1
8179,4,1
8180,4,1
8181,4,1
8182,4,1
8183,4,1
8184,4,1
8185,4,1
8186,4,1
8187,4,1
8188,4,1
8189,4,3
8190,4,3
8191,4,4
8192,4,5
8193,4,1
8194,4,1
8195,4,3
8196,4,2
8197,4,2
8198,4,2
8199,4,2
8200,4,5
8201,4,4
8202,4,5
8203,4,2
8204,4,5
8205,4,1
8206,4,1
8207,4,1
8208,4,1
8209,4,1
8210,4,1
8211,4,1
8212,4,1
8213,4,3
8214,4,1
8215,4,1
8216,4,1
8217,4,1
8218,4,1
8219,4,1
8220,4,1
8221,4,1
8222,4,1
8223,4,1
8224,4,1
8225,4,1
8226,4,1
8227,4,1
8228,4,1
8229,4,1
8230,4,5
8231,4,3
8232,4,2
8233,4,3
8234,4,3
8235,4,4
8236,4,1
8237,4,1
8238,4,5
8239,4,5
8240,4,1
8241,4,2
8242,4,3
8243,4,4
8244,4,2
8245,4,2
8246,4,1
8247,4,1
8248,4,1
8249,4,1
8250,4,1
8251,4,1
8252,4,1
8253,4,1
8254,4,1
8255,4,1
8256,4,1
8257,4,5
8258,4,3
8259,4,4
8260,4,2
8261,4,2
8262,4,3
8263,4,5
8264,4,3
8265,4,4
8266,4,2
8267,4,3
8268,4,2
8269,4,3
8270,4,3
8271,4,5
8272,4,2
8273,4,4
8274,4,5
8275,4,2
8276,4,1
8277,4,3
8278,4,3
8279,4,2
8280,4,1
8281,4,3
8282,4,5
8283,4,4
8284,4,3
8285,4,3
8286,4,1
8287,4,3
8288,4,3
8289,4,2
8290,4,3
8291,4,1
8292,4,1
8293,4,1
8294,4,1
8295,4,3
8296,4,1
8297,4,1
8298,4,1
8299,4,1
8300,4,5
8301,4,1
8302,4,3
8303,4,3
8304,4,4
8305,4,3
8306,4,3
8307,4,5
8308,4,5
8309,4,3
8310,4,4
8311,4,5
8312,4,3
8313,4,5
8314,4,2
8315,4,3
8316,4,2
8317,4,4
8318,4,1
8319,4,4
8320,4,1
8321,4,2
8322,4,1
8323,4,1
8324,4,1
8325,4,1
8326,4,1
8327,4,1
8328,4,1
8329,4,4
8330,4,4
8331,4,2
8332,4,1
8333,4,3
8334,4,1
8335,4,1
8336,4,1
8337,4,1
8338,4,1
8339,4,1
8340,4,1
8341,4,1
8342,4,1
8343,4,1
8344,4,1
8345,4,1
8346,4,4
8347,4,1
8348,4,3
8349,4,4
8350,4,4
8351,4,4
8352,4,1
8353,4,3
8354,4,4
8355,4,3
8356,4,5
8357,4,4
8358,4,4
8359,4,4
8360,4,3
8361,4,4
8362,4,3
8363,4,2
8364,4,3
8365,4,1
8366,4,1
8367,4,1
8368,4,3
8369,4,1
8370,4,1
8371,4,1
8372,4,1
8373,4,1
8374,4,1
8375,4,1
8376,4,1
8377,4,1
8378,4,1
8379,4,1
8380,4,1
8381,4,1
8382,4,1
8383,4,1
8384,4,1
8385,4,1
8386,4,3
8387,4,3
8388,4,2
8389,4,5
8390,4,3
8391,4,4
8392,4,5
8393,4,5
8394,4,3
8395,4,5
8396,4,1
8397,4,2
8398,4,5
8399,4,2
8400,4,4
8401,4,5
8402,4,2
8403,4,2
8404,4,1
8405,4,1
8406,4,4
8407,4,1
8408,4,1
8409,4,1
8410,4,1
8411,4,3
8412,4,1
8413,4,1
8414,4,1
8415,4,4
8416,4,4
8417,4,5
8418,4,1
8419,4,1
8420,4,1
8421,4,1
8422,4,3
8423,4,3
8424,4,1
8425,4,3
8426,4,1
8427,4,1
8428,4,1
8429,4,1
8430,4,1
8431,4,3
8432,4,4
8433,4,3
8434,4,2
8435,4,4
8436,4,2
8437,4,1
8438,4,2
8439,4,3
8440,4,4
8441,4,1
8442,4,3
8443,4,1
8444,4,1
8445,4,1
8446,4,1
8447,4,1
8448,4,3
8449,4,2
8450,4,3
8451,4,2
8452,4,2
8453,4,5
8454,4,3
8455,4,1
8456,4,1
8457,4,1
8458,4,1
8459,4,1
8460,4,1
8461,4,1
8462,4,1
8463,4,1
8464,4,1
8465,4,1
8466,4,1
8467,4,3
8468,4,1
8469,4,4
8470,4,1
8471,4,5
8472,4,3
8473,4,3
8474,4,3
8475,4,5
8476,4,2
8477,4,3
8478,4,5
8479,4,3
8480,4,3
8481,4,3
8482,4,5
8483,4,3
8484,4,3
8485,4,4
8486,4,1
8487,4,3
8488,4,4
8489,4,1
8490,4,1
8491,4,1
8492,4,1
8493,4,2
8494,4,1
8495,4,1
8496,4,1
8497,4,1
8498,4,1
8499,4,3
8500,4,3
8501,4,1
8502,4,1
8503,4,4
8504,4,5
8505,4,3
8506,4,4
8507,4,5
8508,4,5
8509,4,2
8510,4,3
8511,4,3
8512,4,2
8513,4,2
8514,4,1
8515,4,2
8516,4,3
8517,4,4
8518,4,4
8519,4,4
8520,4,3
8521,4,3
8522,4,3
8523,4,3
8524,4,2
8525,4,1
8526,4,1
8527,4,1
8528,4,1
8529,4,3
8530,4,1
8531,4,1
8532,4,3
8533,4,2
8534,4,2
8535,4,3
8536,4,3
8537,4,3
8538,4,1
8539,4,1
8540,4,1
8541,4,1
8542,4,1
8543,4,1
8544,4,1
8545,4,1
8546,4,1
8547,4,1
8548,4,1
8549,4,1
8550,4,1
8551,4,1
8552,4,1
8553,4,2
8554,4,5
8555,4,2
8556,4,1
8557,4,4
8558,4,3
8559,4,2
8560,4,3
8561,4,2
8562,4,5
8563,4,3
8564,4,4
8565,4,4
8566,4,5
8567,4,3
8568,4,5
8569,4,1
8570,4,3
8571,4,2
8572,4,2
8573,4,1
8574,4,3
8575,4,1
8576,4,1
8577,4,2
8578,4,5
8579,4,4
8580,4,1
8581,4,1
8582,4,1
8583,4,1
8584,4,1
8585,4,1
8586,4,1
8587,4,1
8588,4,1
8589,4,1
8590,4,1
8591,4,1
8592,4,1
8593,4,5
8594,4,4
8595,4,3
8596,4,4
8597,4,3
8598,4,1
8599,4,4
8600,4,2
8601,4,3
8602,4,1
8603,4,3
8604,4,4
8605,4,4
8606,4,1
8607,4,1
8608,4,1
8609,4,1
8610,4,1
8611,4,4
8612,4,1
8613,4,1
8614,4,2
8615,4,1
8616,4,2
8617,4,1
8618,4,1
8619,4,1
8620,4,1
8621,4,1
8622,4,1
8623,4,3
8624,4,1
8625,4,3
8626,4,1
8627,4,1
8628,4,1
8629,4,1
8630,4,5
8631,4,2
8632,4,2
8633,4,3
8634,4,4
8635,4,5
8636,4,3
8637,4,4
8638,4,4
8639,4,5
8640,4,2
8641,4,5
8642,4,3
8643,4,5
8644,4,3
8645,4,1
8646,4,3
8647,4,4
8648,4,2
8649,4,1
8650,4,1
8651,4,1
8652,4,1
8653,4,1
8654,4,1
8655,4,1
8656,4,1
8657,4,1
8658,4,1
8659,4,1
8660,4,1
8661,4,3
8662,4,1
8663,4,1
8664,4,1
8665,4,3
8666,4,2
8667,4,4
8668,4,4
8669,4,2
8670,4,4
8671,4,3
8672,4,3
8673,4,4
8674,4,5
8675,4,1
8676,4,4
8677,4,3
8678,4,3
8679,4,3
8680,4,2
8681,4,4
8682,4,3
8683,4,3
8684,4,4
8685,4,3
8686,4,3
8687,4,3
8688,4,3
8689,4,4
8690,4,3
8691,4,1
8692,4,1
8693,4,1
8694,4,1
8695,4,4
8696,4,1
8697,4,1
8698,4,1
8699,4,1
8700,4,1
8701,4,1
8702,4,1
8703,4,1
8704,4,1
8705,4,1
8706,4,1
8707,4,1
8708,4,1
8709,4,5
8710,4,1
8711,4,1
8712,4,1
8713,4,4
8714,4,5
8715,4,2
8716,4,1
8717,4,5
8718,4,1
8719,4,3
8720,4,3
8721,4,3
8722,4,3
8723,4,3
8724,4,1
8725,4,1
8726,4,3
8727,4,3
8728,4,1
8729,4,2
8730,4,3
8731,4,1
8732,4,1
8733,4,1
8734,4,1
8735,4,1
8736,4,3
8737,4,1
8738,4,1
8739,4,1
8740,4,1
8741,4,1
8742,4,1
8743,4,1
8744,4,3
8745,4,1
8746,4,1
8747,4,1
8748,4,1
8749,4,1
8750,4,4
8751,4,3
8752,4,3
8753,4,3
8754,4,4
8755,4,2
8756,4,5
8757,4,4
8758,4,2
8759,4,3
8760,4,1
8761,4,3
8762,4,4
8763,4,4
8764,4,3
8765,4,2
8766,4,4
8767,4,4
8768,4,5
8769,4,2
8770,4,3
8771,4,3
8772,4,2
8773,4,5
8774,4,4
8775,4,4
8776,4,3
8777,4,2
8778,4,3
8779,4,3
8780,4,3
8781,4,1
8782,4,1
8783,4,1
8784,4,1
8785,4,1
8786,4,1
8787,4,1
8788,4,3
8789,4,1
8790,4,3
8791,4,1
8792,4,1
8793,4,1
8794,4,3
8795,4,1
8796,4,3
8797,4,1
8798,4,3
8799,4,1
8800,4,4
8801,4,1
8802,4,2
8803,4,5
8804,4,4
8805,4,4
8806,4,1
8807,4,3
8808,4,3
8809,4,5
8810,4,3
8811,4,1
8812,4,1
8813,4,3
8814,4,4
8815,4,1
8816,4,1
8817,4,1
8818,4,1
8819,4,1
8820,4,3
8821,4,1
8822,4,1
8823,4,1
8824,4,1
8825,4,3
8826,4,4
8827,4,2
8828,4,3
8829,4,4
8830,4,3
8831,4,4
8832,4,5
8833,4,3
8834,4,2
8835,4,2
8836,4,3
8837,4,1
8838,4,4
8839,4,2
8840,4,3
8841,4,3
8842,4,3
8843,4,1
8844,4,2
8845,4,2
8846,4,3
8847,4,4
8848,4,1
8849,4,1
8850,4,1
8851,4,1
8852,4,1
8853,4,1
8854,4,1
8855,4,3
8856,4,1
8857,4,1
8858,4,1
8859,4,3
8860,4,5
8861,4,5
8862,4,2
8863,4,4
8864,4,1
8865,4,1
8866,4,1
8867,4,2
8868,4,5
8869,4,5
8870,4,1
8871,4,1
8872,4,2
8873,4,4
8874,4,3
8875,4,1
8876,4,2
8877,4,3
8878,4,1
8879,4,2
8880,4,2
8881,4,4
8882,4,3
8883,4,1
8884,4,1
8885,4,1
8886,4,3
8887,4,3
8888,4,3
8889,4,3
8890,4,1
8891,4,1
8892,4,1
8893,4,3
8894,4,1
8895,4,3
8896,4,1
8897,4,1
8898,4,1
8899,4,1
8900,4,1
8901,4,1
8902,4,1
8903,4,1
8904,4,1
8905,4,1
8906,4,2
8907,4,3
8908,4,4
8909,4,4
8910,4,4
8911,4,1
8912,4,4
8913,4,2
8914,4,3
8915,4,4
8916,4,4
8917,4,5
8918,4,2
8919,4,4
8920,4,3
8921,4,2
8922,4,3
8923,4,1
8924,4,3
8925,4,5
8926,4,2
8927,4,2
8928,4,1
8929,4,1
8930,4,3
8931,4,1
8932,4,1
8933,4,1
8934,4,1
8935,4,1
8936,4,1
8937,4,1
8938,4,1
8939,4,4
8940,4,3
8941,4,5
8942,4,5
8943,4,4
8944,4,3
8945,4,4
8946,4,2
8947,4,3
8948,4,3
8949,4,4
8950,4,4
8951,4,5
8952,4,1
8953,4,1
8954,4,1
8955,4,1
8956,4,1
8957,4,3
8958,4,3
8959,4,3
8960,4,1
8961,4,1
8962,4,1
8963,4,1
8964,4,1
8965,4,1
8966,4,1
8967,4,1
8968,4,4
8969,4,3
8970,4,1
8971,4,5
8972,4,1
8973,4,1
8974,4,3
8975,4,2
8976,4,2
8977,4,3
8978,4,5
8979,4,1
8980,4,3
8981,4,3
8982,4,1
8983,4,1
8984,4,1
8985,4,1
8986,4,1
8987,4,1
8988,4,1
8989,4,1
8990,4,1
8991,4,1
8992,4,1
8993,4,1
8994,4,2
8995,4,1
8996,4,1
8997,4,3
8998,4,1
8999,4,1
9000,4,1
9001,4,1
9002,4,1
9003,4,1
9004,4,1
9005,4,1
9006,4,1
9007,4,1
9008,4,4
9009,4,3
9010,4,3
9011,4,3
9012,4,2
9013,4,3
9014,4,1
9015,4,4
9016,4,1
9017,4,5
9018,4,2
9019,4,2
9020,4,4
9021,4,3
9022,4,3
9023,4,4
9024,4,5
9025,4,3
9026,4,3
9027,4,3
9028,4,5
9029,4,3
9030,4,2
9031,4,2
9032,4,4
9033,4,2
9034,4,1
9035,4,3
9036,4,1
9037,4,1
9038,4,1
9039,4,2
9040,4,3
9041,4,1
9042,4,1
9043,4,1
9044,4,1
9045,4,1
9046,4,1
9047,4,1
9048,4,1
9049,4,1
9050,4,1
9051,4,1
9052,4,1
9053,4,1
9054,4,1
9055,4,1
9056,4,3
9057,4,3
9058,4,1
9059,4,1
9060,4,3
9061,4,5
9062,4,3
9063,4,1
9064,4,4
9065,4,3
9066,4,3
9067,4,2
9068,4,3
9069,4,4
9070,4,3
9071,4,4
9072,4,2
9073,4,3
9074,4,1
9075,4,1
9076,4,1
9077,4,5
9078,4,1
9079,4,1
9080,4,1
9081,4,1
9082,4,1
9083,4,1
9084,4,1
9085,4,1
9086,4,1
9087,4,1
9088,4,3
9089,4,1
9090,4,1
9091,4,4
9092,4,5
9093,4,3
9094,4,5
9095,4,4
9096,4,5
9097,4,3
9098,4,3
9099,4,5
9100,4,4
9101,4,5
9102,4,3
9103,4,2
9104,4,2
9105,4,2
9106,4,4
9107,4,4
9108,4,2
9109,4,1
9110,4,1
9111,4,3
9112,4,1
9113,4,2
9114,4,3
9115,4,4
9116,4,3
9117,4,1
9118,4,1
9119,4,1
9120,4,3
9121,4,1
9122,4,1
9123,4,1
9124,4,1
9125,4,1
9126,4,1
9127,4,2
9128,4,5
9129,4,1
9130,4,5
9131,4,5
9132,4,3
9133,4,2
9134,4,4
9135,4,3
9136,4,3
9137,4,3
9138,4,3
9139,4,4
9140,4,4
9141,4,5
9142,4,3
9143,4,5
9144,4,1
9145,4,3
9146,4,1
9147,4,3
9148,4,5
9149,4,1
9150,4,1
9151,4,1
9152,4,1
9153,4,1
9154,4,1
9155,4,1
9156,4,1
9157,4,1
9158,4,1
9159,4,1
9160,4,3
9161,4,5
9162,4,3
9163,4,4
9164,4,5
9165,4,3
9166,4,3
9167,4,4
9168,4,3
9169,4,3
9170,4,3
9171,4,4
9172,4,5
9173,4,3
9174,4,2
9175,4,3
9176,4,1
9177,4,1
9178,4,1
9179,4,4
9180,4,3
9181,4,1
9182,4,1
9183,4,1
9184,4,1
9185,4,1
9186,4,1
9187,4,1
9188,4,1
9189,4,1
9190,4,1
9191,4,1
9192,4,3
9193,4,4
9194,4,1
9195,4,2
9196,4,4
9197,4,1
9198,4,3
9199,4,4
9200,4,5
9201,4,2
9202,4,5
9203,4,4
9204,4,3
9205,4,3
9206,4,3
9207,4,2
9208,4,1
9209,4,3
9210,4,1
9211,4,5
9212,4,1
9213,4,4
9214,4,1
9215,4,1
9216,4,1
9217,4,1
9218,4,1
9219,4,3
9220,4,2
9221,4,2
9222,4,4
9223,4,1
9224,4,1
9225,4,1
9226,4,1
9227,4,1
9228,4,1
9229,4,1
9230,4,1
9231,4,3
9232,4,5
9233,4,3
9234,4,4
9235,4,3
9236,4,3
9237,4,3
9238,4,4
9239,4,5
9240,4,2
9241,4,2
9242,4,2
9243,4,4
9244,4,4
9245,4,3
9246,4,3
9247,4,2
9248,4,5
9249,4,3
9250,4,3
9251,4,1
9252,4,1
9253,4,1
9254,4,1
9255,4,2
9256,4,3
9257,4,1
9258,4,2
9259,4,1
9260,4,1
9261,4,1
9262,4,1
9263,4,1
9264,4,1
9265,4,1
9266,4,1
9267,4,1
9268,4,1
9269,4,1
9270,4,4
9271,4,3
9272,4,2
9273,4,5
9274,4,5
9275,4,3
9276,4,3
9277,4,2
9278,4,5
9279,4,5
9280,4,4
9281,4,4
9282,4,3
9283,4,4
9284,4,4
9285,4,3
9286,4,4
9287,4,1
9288,4,3
9289,4,4
9290,4,1
9291,4,1
9292,4,1
9293,4,1
9294,4,1
9295,4,1
9296,4,1
9297,4,1
9298,4,1
9299,4,1
9300,4,4
9301,4,4
9302,4,3
9303,4,1
9304,4,1
9305,4,1
9306,4,1
9307,4,1
9308,4,1
9309,4,1
9310,4,1
9311,4,1
9312,4,1
9313,4,3
9314,4,3
9315,4,3
9316,4,1
9317,4,5
9318,4,3
9319,4,4
9320,4,4
9321,4,4
9322,4,4
9323,4,3
9324,4,2
9325,4,5
9326,4,3
9327,4,5
9328,4,4
9329,4,4
9330,4,3
9331,4,4
9332,4,3
9333,4,1
9334,4,2
9335,4,5
9336,4,1
9337,4,1
9338,4,1
9339,4,1
9340,4,1
9341,4,3
9342,4,3
9343,4,1
9344,4,1
9345,4,3
9346,4,1
9347,4,1
9348,4,3
9349,4,1
9350,4,1
9351,4,1
9352,4,1
9353,4,3
9354,4,3
9355,4,3
9356,4,2
9357,4,4
9358,4,2
9359,4,3
9360,4,3
9361,4,5
9362,4,2
9363,4,3
9364,4,3
9365,4,4
9366,4,3
9367,4,3
9368,4,1
9369,4,1
9370,4,1
9371,4,1
9372,4,2
9373,4,1
9374,4,1
9375,4,1
9376,4,1
9377,4,1
9378,4,1
9379,4,1
9380,4,1
9381,4,1
9382,4,3
9383,4,1
9384,4,1
9385,4,1
9386,4,3
9387,4,4
9388,4,1
9389,4,3
9390,4,3
9391,4,3
9392,4,4
9393,4,1
9394,4,4
9395,4,5
9396,4,3
9397,4,3
9398,4,3
9399,4,4
9400,4,4
9401,4,2
9402,4,3
9403,4,5
9404,4,1
9405,4,1
9406,4,1
9407,4,1
9408,4,1
9409,4,1
9410,4,1
9411,4,1
9412,4,1
9413,4,1
9414,4,3
9415,4,1
9416,4,1
9417,4,1
9418,4,1
9419,4,1
9420,4,5
9421,4,5
9422,4,3
9423,4,1
9424,4,2
9425,4,3
9426,4,3
9427,4,3
9428,4,3
9429,4,4
9430,4,2
9431,4,3
9432,4,2
9433,4,3
9434,4,3
9435,4,4
9436,4,2
9437,4,3
9438,4,2
9439,4,3
9440,4,4
9441,4,3
9442,4,3
9443,4,1
9444,4,1
9445,4,3
9446,4,3
9447,4,3
9448,4,1
9449,4,1
9450,4,3
9451,4,1
9452,4,1
9453,4,1
9454,4,1
9455,4,1
9456,4,1
9457,4,1
9458,4,1
9459,4,4
9460,4,3
9461,4,1
9462,4,5
9463,4,1
9464,4,3
9465,4,4
9466,4,4
9467,4,3
9468,4,3
9469,4,3
9470,4,3
9471,4,5
9472,4,4
9473,4,3
9474,4,2
9475,4,1
9476,4,3
9477,4,2
9478,4,4
9479,4,1
9480,4,1
9481,4,4
9482,4,4
9483,4,5
9484,4,5
9485,4,2
9486,4,3
9487,4,1
9488,4,1
9489,4,2
9490,4,4
9491,4,2
9492,4,2
9493,4,3
9494,4,1
9495,4,1
9496,4,3
9497,4,1
9498,4,3
9499,4,3
9500,4,1
9501,4,1
9502,4,4
9503,4,2
9504,4,5
9505,4,5
9506,4,5
9507,4,4
9508,4,1
9509,4,3
9510,4,3
9511,4,5
9512,4,3
9513,4,5
9514,4,3
9515,4,1
9516,4,1
9517,4,1
9518,4,1
9519,4,1
9520,4,1
9521,4,1
9522,4,1
9523,4,1
9524,4,3
9525,4,1
9526,4,1
9527,4,1
9528,4,1
9529,4,1
9530,4,1
9531,4,1
9532,4,1
9533,4,1
9534,4,1
9535,4,1
9536,4,1
9537,4,1
9538,4,1
9539,4,3
9540,4,3
9541,4,4
9542,4,4
9543,4,1
9544,4,4
9545,4,1
9546,4,1
9547,4,2
9548,4,1
9549,4,3
9550,4,4
9551,4,3
9552,4,1
9553,4,3
9554,4,4
9555,4,1
9556,4,1
9557,4,1
9558,4,2
9559,4,1
9560,4,1
9561,4,1
9562,4,1
9563,4,1
9564,4,1
9565,4,1
9566,4,1
9567,4,4
9568,4,2
9569,4,3
9570,4,3
9571,4,5
9572,4,3
9573,4,1
9574,4,2
9575,4,5
9576,4,3
9577,4,5
9578,4,3
9579,4,2
9580,4,4
9581,4,3
9582,4,3
9583,4,3
9584,4,1
9585,4,1
9586,4,3
9587,4,1
9588,4,1
9589,4,1
9590,4,1
9591,4,1
9592,4,1
9593,4,3
9594,4,1
9595,4,1
9596,4,1
9597,4,1
9598,4,2
9599,4,5
9600,4,3
9601,4,4
9602,4,5
9603,4,3
9604,4,4
9605,4,1
9606,4,3
9607,4,3
9608,4,5
9609,4,3
9610,4,3
9611,4,1
9612,4,1
9613,4,1
9614,4,1
9615,4,2
9616,4,5
9617,4,3
9618,4,3
9619,4,1
9620,4,1
9621,4,1
9622,4,1
9623,4,1
9624,4,1
9625,4,1
9626,4,1
9627,4,1
9628,4,1
9629,4,1
9630,4,1
9631,4,3
9632,4,1
9633,4,3
9634,4,2
9635,4,2
9636,4,4
9637,4,5
9638,4,2
9639,4,2
9640,4,5
9641,4,5
9642,4,3
9643,4,3
9644,4,1
9645,4,4
9646,4,1
9647,4,1
9648,4,3
9649,4,1
9650,4,1
9651,4,1
9652,4,1
9653,4,1
9654,4,1
9655,4,1
9656,4,1
9657,4,1
9658,4,1
9659,4,1
9660,4,1
9661,4,1
9662,4,1
9663,4,1
9664,4,1
9665,4,1
9666,4,1
9667,4,4
9668,4,2
9669,4,3
9670,4,2
9671,4,4
9672,4,2
9673,4,4
9674,4,1
9675,4,3
9676,4,3
9677,4,3
9678,4,1
9679,4,3
9680,4,3
9681,4,1
9682,4,4
9683,4,3
9684,4,1
9685,4,1
9686,4,1
9687,4,3
9688,4,1
9689,4,3
9690,4,1
9691,4,3
9692,4,3
9693,4,1
9694,4,1
9695,4,1
9696,4,1
9697,4,1
9698,4,3
9699,4,1
9700,4,3
9701,4,1
9702,4,2
9703,4,4
9704,4,5
9705,4,5
9706,4,3
9707,4,2
9708,4,4
9709,4,3
9710,4,3
9711,4,3
9712,4,1
9713,4,4
9714,4,5
9715,4,1
9716,4,5
9717,4,4
9718,4,4
9719,4,5
9720,4,2
9721,4,1
9722,4,1
9723,4,1
9724,4,1
9725,4,1
9726,4,1
9727,4,1
9728,4,1
9729,4,1
9730,4,1
9731,4,3
9732,4,1
9733,4,1
9734,4,2
9735,4,3
9736,4,4
9737,4,5
9738,4,5
9739,4,3
9740,4,1
9741,4,4
9742,4,5
9743,4,3
9744,4,5
9745,4,5
9746,4,3
9747,4,3
9748,4,1
9749,4,1
9750,4,3
9751,4,2
9752,4,4
9753,4,1
9754,4,1
9755,4,1
9756,4,1
9757,4,1
9758,4,1
9759,4,1
9760,4,1
9761,4,1
9762,4,1
9763,4,1
9764,4,2
9765,4,1
9766,4,5
9767,4,4
9768,4,3
9769,4,3
9770,4,2
9771,4,3
9772,4,4
9773,4,3
9774,4,4
9775,4,4
9776,4,3
9777,4,3
9778,4,2
9779,4,4
9780,4,3
9781,4,1
9782,4,1
9783,4,1
9784,4,1
9785,4,1
9786,4,1
9787,4,2
9788,4,1
9789,4,1
9790,4,1
9791,4,1
9792,4,1
9793,4,1
9794,4,1
9795,4,1
9796,4,1
9797,4,1
9798,4,2
9799,4,2
9800,4,4
9801,4,3
9802,4,4
9803,4,1
9804,4,2
9805,4,4
9806,4,5
9807,4,5
9808,4,3
9809,4,4
9810,4,1
9811,4,3
9812,4,4
9813,4,2
9814,4,4
9815,4,1
9816,4,1
9817,4,4
9818,4,3
9819,4,1
9820,4,1
9821,4,1
9822,4,1
9823,4,3
9824,4,1
9825,4,3
9826,4,1
9827,4,1
9828,4,1
9829,4,1
9830,4,1
9831,4,3
9832,4,1
9833,4,1
9834,4,3
9835,4,5
9836,4,3
9837,4,4
9838,4,4
9839,4,3
9840,4,3
9841,4,1
9842,4,3
9843,4,2
9844,4,3
9845,4,1
9846,4,2
9847,4,4
9848,4,3
9849,4,3
9850,4,4
9851,4,2
9852,4,1
9853,4,4
9854,4,2
9855,4,4
9856,4,1
9857,4,1
9858,4,1
9859,4,1
9860,4,1
9861,4,5
9862,4,2
9863,4,2
9864,4,1
9865,4,3
9866,4,1
9867,4,1
9868,4,1
9869,4,1
9870,4,1
9871,4,1
9872,4,1
9873,4,1
9874,4,1
9875,4,2
9876,4,4
9877,4,4
9878,4,3
9879,4,4
9880,4,3
9881,4,4
9882,4,1
9883,4,4
9884,4,2
9885,4,2
9886,4,4
9887,4,3
9888,4,4
9889,4,1
9890,4,3
9891,4,5
9892,4,3
9893,4,3
9894,4,5
9895,4,5
9896,4,2
9897,4,1
9898,4,1
9899,4,1
9900,4,1
9901,4,1
9902,4,1
9903,4,1
9904,4,1
9905,4,2
9906,4,1
9907,4,3
9908,4,5
9909,4,1
9910,4,1
9911,4,1
9912,4,1
9913,4,1
9914,4,1
9915,4,1
9916,4,1
9917,4,1
9918,4,1
9919,4,4
9920,4,2
9921,4,4
9922,4,5
9923,4,3
9924,4,3
9925,4,2
9926,4,3
9927,4,3
9928,4,2
9929,4,4
9930,4,4
9931,4,3
9932,4,3
9933,4,1
9934,4,1
9935,4,1
9936,4,1
9937,4,1
9938,4,1
9939,4,2
9940,4,4
9941,4,2
9942,4,2
9943,4,2
9944,4,3
9945,4,1
9946,4,1
9947,4,1
9948,4,1
9949,4,1
9950,4,1
9951,4,1
9952,4,1
9953,4,3
9954,4,3
9955,4,3
9956,4,2
9957,4,3
9958,4,4
9959,4,2
9960,4,3
9961,4,1
9962,4,4
9963,4,5
9964,4,3
9965,4,5
9966,4,4
9967,4,3
9968,4,1
9969,4,4
9970,4,5
9971,4,3
9972,4,4
9973,4,3
9974,4,1
9975,4,1
9976,4,3
9977,4,3
9978,4,1
9979,4,1
9980,4,1
9981,4,1
9982,4,1
9983,4,1
9984,4,5
9985,4,5
9986,4,2
9987,4,3
9988,4,4
9989,4,2
9990,4,3
9991,4,1
9992,4,4
9993,4,4
9994,4,5
9995,4,3
9996,4,1
9997,4,1
9998,4,1
9999,4,1
10000,4,1
1,5,1
2,5,1
3,5,5
4,5,1
5,5,1
6,5,1
7,5,1
8,5,1
9,5,1
10,5,1
11,5,1
12,5,1
13,5,3
14,5,1
15,5,1
16,5,4
17,5,3
18,5,3
19,5,3
20,5,2
21,5,2
22,5,2
23,5,4
24,5,5
25,5,4
26,5,3
27,5,2
28,5,4
29,5,5
30,5,3
31,5,3
32,5,5
33,5,2
34,5,5
35,5,1
36,5,3
37,5,1
38,5,3
39,5,1
40,5,1
41,5,3
42,5,1
43,5,1
44,5,3
45,5,5
46,5,4
47,5,2
48,5,4
49,5,4
50,5,3
51,5,4
52,5,4
53,5,4
54,5,3
55,5,4
56,5,3
57,5,5
58,5,3
59,5,2
60,5,4
61,5,4
62,5,1
63,5,3
64,5,1
65,5,1
66,5,3
67,5,1
68,5,1
69,5,5
70,5,5
71,5,1
72,5,1
73,5,1
74,5,1
75,5,1
76,5,3
77,5,1
78,5,1
79,5,1
80,5,1
81,5,1
82,5,1
83,5,1
84,5,1
85,5,3
86,5,1
87,5,1
88,5,4
89,5,5
90,5,3
91,5,2
92,5,3
93,5,5
94,5,3
95,5,2
96,5,3
97,5,5
98,5,3
99,5,3
100,5,5
101,5,4
102,5,5
103,5,2
104,5,3
105,5,3
106,5,1
107,5,1
108,5,1
109,5,1
110,5,3
111,5,1
112,5,1
113,5,3
114,5,1
115,5,1
116,5,1
117,5,1
118,5,1
119,5,1
120,5,3
121,5,1
122,5,1
123,5,1
124,5,3
125,5,1
126,5,4
127,5,1
128,5,3
129,5,5
130,5,3
131,5,4
132,5,2
133,5,2
134,5,4
135,5,4
136,5,1
137,5,2
138,5,5
139,5,3
140,5,3
141,5,3
142,5,3
143,5,3
144,5,2
145,5,5
146,5,4
147,5,1
148,5,3
149,5,5
150,5,1
151,5,1
152,5,3
153,5,1
154,5,1
155,5,1
156,5,1
157,5,1
158,5,1
159,5,1
160,5,1
161,5,1
162,5,1
163,5,1
164,5,1
165,5,3
166,5,4
167,5,3
168,5,4
169,5,2
170,5,3
171,5,4
172,5,3
173,5,2
174,5,5
175,5,3
176,5,1
177,5,3
178,5,3
179,5,4
180,5,1
181,5,3
182,5,1
183,5,3
184,5,4
185,5,2
186,5,3
187,5,2
188,5,2
189,5,4
190,5,4
191,5,5
192,5,3
193,5,3
194,5,3
195,5,1
196,5,1
197,5,1
198,5,2
199,5,4
200,5,1
201,5,1
202,5,1
203,5,1
204,5,1
205,5,1
206,5,1
207,5,1
208,5,1
209,5,1
210,5,1
211,5,1
212,5,1
213,5,1
214,5,1
215,5,3
216,5,3
217,5,5
218,5,3
219,5,3
220,5,3
221,5,1
222,5,4
223,5,3
224,5,5
225,5,3
226,5,4
227,5,3
228,5,3
229,5,3
230,5,1
231,5,3
232,5,5
233,5,1
234,5,1
235,5,1
236,5,1
237,5,1
238,5,1
239,5,1
240,5,1
241,5,1
242,5,1
243,5,3
244,5,1
245,5,1
246,5,1
247,5,3
248,5,1
249,5,3
250,5,5
251,5,3
252,5,3
253,5,1
254,5,3
255,5,3
256,5,5
257,5,3
258,5,3
259,5,1
260,5,1
261,5,5
262,5,3
263,5,5
264,5,3
265,5,4
266,5,4
267,5,3
268,5,4
269,5,1
270,5,4
271,5,1
272,5,3
273,5,1
274,5,3
275,5,5
276,5,1
277,5,1
278,5,1
279,5,1
280,5,1
281,5,3
282,5,1
283,5,1
284,5,1
285,5,5
286,5,4
287,5,4
288,5,2
289,5,4
290,5,2
291,5,4
292,5,1
293,5,3
294,5,1
295,5,1
296,5,1
297,5,1
298,5,2
299,5,3
300,5,2
301,5,4
302,5,5
303,5,1
304,5,1
305,5,1
306,5,1
307,5,1
308,5,3
309,5,1
310,5,1
311,5,1
312,5,1
313,5,1
314,5,1
315,5,1
316,5,1
317,5,1
318,5,1
319,5,1
320,5,3
321,5,1
322,5,3
323,5,2
324,5,5
325,5,4
326,5,4
327,5,3
328,5,3
329,5,3
330,5,1
331,5,3
332,5,5
333,5,4
334,5,3
335,5,4
336,5,4
337,5,4
338,5,5
339,5,4
340,5,1
341,5,3
342,5,1
343,5,4
344,5,3
345,5,3
346,5,2
347,5,2
348,5,1
349,5,1
350,5,1
351,5,3
352,5,1
353,5,1
354,5,1
355,5,1
356,5,1
357,5,1
358,5,1
359,5,1
360,5,1
361,5,1
362,5,1
363,5,1
364,5,4
365,5,3
366,5,5
367,5,4
368,5,3
369,5,4
370,5,4
371,5,3
372,5,3
373,5,5
374,5,1
375,5,5
376,5,3
377,5,3
378,5,4
379,5,1
380,5,4
381,5,1
382,5,1
383,5,3
384,5,2
385,5,2
386,5,3
387,5,1
388,5,1
389,5,1
390,5,1
391,5,1
392,5,1
393,5,1
394,5,3
395,5,5
396,5,3
397,5,2
398,5,3
399,5,5
400,5,2
401,5,5
402,5,3
403,5,5
404,5,3
405,5,5
406,5,2
407,5,5
408,5,3
409,5,4
410,5,3
411,5,4
412,5,3
413,5,4
414,5,5
415,5,2
416,5,4
417,5,2
418,5,3
419,5,1
420,5,3
421,5,1
422,5,1
423,5,3
424,5,4
425,5,5
426,5,2
427,5,1
428,5,1
429,5,1
430,5,1
431,5,1
432,5,1
433,5,1
434,5,1
435,5,1
436,5,1
437,5,1
438,5,1
439,5,2
440,5,3
441,5,3
442,5,1
443,5,4
444,5,4
445,5,4
446,5,3
447,5,4
448,5,3
449,5,5
450,5,3
451,5,5
452,5,4
453,5,3
454,5,3
455,5,4
456,5,4
457,5,2
458,5,1
459,5,1
460,5,1
461,5,1
462,5,4
463,5,4
464,5,1
465,5,1
466,5,1
467,5,1
468,5,1
469,5,3
470,5,1
471,5,1
472,5,1
473,5,1
474,5,4
475,5,4
476,5,3
477,5,2
478,5,1
479,5,3
480,5,1
481,5,3
482,5,1
483,5,5
484,5,3
485,5,3
486,5,1
487,5,2
488,5,3
489,5,4
490,5,1
491,5,1
492,5,1
493,5,1
494,5,2
495,5,1
496,5,1
497,5,1
498,5,1
499,5,1
500,5,1
501,5,1
502,5,1
503,5,1
504,5,1
505,5,1
506,5,1
507,5,1
508,5,1
509,5,1
510,5,1
511,5,1
512,5,1
513,5,1
514,5,3
515,5,1
516,5,3
517,5,3
518,5,3
519,5,3
520,5,1
521,5,2
522,5,2
523,5,5
524,5,3
525,5,2
526,5,2
527,5,4
528,5,3
529,5,3
530,5,3
531,5,1
532,5,1
533,5,1
534,5,1
535,5,1
536,5,1
537,5,3
538,5,5
539,5,1
540,5,1
541,5,1
542,5,1
543,5,1
544,5,3
545,5,1
546,5,1
547,5,1
548,5,1
549,5,1
550,5,3
551,5,3
552,5,2
553,5,4
554,5,3
555,5,3
556,5,4
557,5,3
558,5,1
559,5,4
560,5,3
561,5,4
562,5,3
563,5,3
564,5,3
565,5,2
566,5,5
567,5,3
568,5,5
569,5,1
570,5,1
571,5,5
572,5,1
573,5,3
574,5,1
575,5,1
576,5,4
577,5,2
578,5,4
579,5,1
580,5,1
581,5,1
582,5,1
583,5,1
584,5,1
585,5,1
586,5,1
587,5,1
588,5,4
589,5,1
590,5,3
591,5,1
592,5,3
593,5,4
594,5,3
595,5,4
596,5,4
597,5,1
598,5,4
599,5,3
600,5,3
601,5,5
602,5,5
603,5,4
604,5,1
605,5,4
606,5,1
607,5,3
608,5,1
609,5,2
610,5,1
611,5,1
612,5,1
613,5,1
614,5,1
615,5,1
616,5,1
617,5,1
618,5,1
619,5,1
620,5,3
621,5,3
622,5,5
623,5,3
624,5,3
625,5,3
626,5,2
627,5,1
628,5,5
629,5,3
630,5,1
631,5,3
632,5,5
633,5,4
634,5,4
635,5,1
636,5,1
637,5,1
638,5,1
639,5,1
640,5,1
641,5,1
642,5,1
643,5,1
644,5,3
645,5,1
646,5,1
647,5,1
648,5,1
649,5,1
650,5,1
651,5,1
652,5,3
653,5,4
654,5,4
655,5,3
656,5,4
657,5,4
658,5,4
659,5,1
660,5,3
661,5,3
662,5,3
663,5,3
664,5,3
665,5,4
666,5,5
667,5,2
668,5,4
669,5,1
670,5,1
671,5,2
672,5,2
673,5,1
674,5,3
675,5,1
676,5,1
677,5,1
678,5,1
679,5,1
680,5,3
681,5,1
682,5,1
683,5,1
684,5,1
685,5,1
686,5,1
687,5,3
688,5,2
689,5,3
690,5,3
691,5,4
692,5,2
693,5,3
694,5,4
695,5,3
696,5,4
697,5,4
698,5,2
699,5,4
700,5,3
701,5,3
702,5,3
703,5,2
704,5,5
705,5,4
706,5,1
707,5,1
708,5,1
709,5,3
710,5,3
711,5,1
712,5,3
713,5,4
714,5,1
715,5,1
716,5,1
717,5,1
718,5,1
719,5,1
720,5,1
721,5,1
722,5,1
723,5,1
724,5,3
725,5,1
726,5,1
727,5,1
728,5,1
729,5,1
730,5,1
731,5,1
732,5,3
733,5,4
734,5,2
735,5,4
736,5,1
737,5,4
738,5,4
739,5,1
740,5,1
741,5,1
742,5,3
743,5,1
744,5,3
745,5,1
746,5,1
747,5,1
748,5,1
749,5,1
750,5,1
751,5,1
752,5,1
753,5,1
754,5,1
755,5,1
756,5,1
757,5,1
758,5,3
759,5,3
760,5,2
761,5,5
762,5,3
763,5,3
764,5,2
765,5,4
766,5,1
767,5,3
768,5,3
769,5,1
770,5,3
771,5,4
772,5,4
773,5,3
774,5,3
775,5,1
776,5,1
777,5,4
778,5,2
779,5,3
780,5,3
781,5,1
782,5,3
783,5,1
784,5,1
785,5,1
786,5,1
787,5,1
788,5,1
789,5,1
790,5,5
791,5,4
792,5,4
793,5,2
794,5,1
795,5,2
796,5,3
797,5,1
798,5,3
799,5,1
800,5,3
801,5,3
802,5,3
803,5,4
804,5,3
805,5,3
806,5,5
807,5,5
808,5,3
809,5,3
810,5,4
811,5,3
812,5,3
813,5,1
814,5,1
815,5,1
816,5,2
817,5,1
818,5,1
819,5,1
820,5,1
821,5,1
822,5,1
823,5,1
824,5,3
825,5,4
826,5,5
827,5,5
828,5,1
829,5,2
830,5,3
831,5,2
832,5,2
833,5,1
834,5,2
835,5,3
836,5,5
837,5,3
838,5,4
839,5,4
840,5,3
841,5,5
842,5,5
843,5,4
844,5,4
845,5,5
846,5,4
847,5,5
848,5,4
849,5,4
850,5,4
851,5,5
852,5,4
853,5,4
854,5,4
855,5,3
856,5,1
857,5,4
858,5,1
859,5,5
860,5,5
861,5,3
862,5,4
863,5,4
864,5,5
865,5,5
866,5,5
867,5,5
868,5,5
869,5,4
870,5,5
871,5,5
872,5,5
873,5,4
874,5,5
875,5,4
876,5,4
877,5,5
878,5,5
879,5,5
880,5,5
881,5,4
882,5,5
883,5,5
884,5,5
885,5,4
886,5,5
887,5,2
888,5,4
889,5,5
890,5,5
891,5,4
892,5,4
893,5,3
894,5,5
895,5,2
896,5,4
897,5,4
898,5,4
899,5,4
900,5,2
901,5,5
902,5,5
903,5,4
904,5,1
905,5,5
906,5,1
907,5,5
908,5,3
909,5,5
910,5,5
911,5,5
912,5,4
913,5,5
914,5,4
915,5,3
916,5,5
917,5,4
918,5,4
919,5,5
920,5,5
921,5,5
922,5,5
923,5,5
924,5,5
925,5,5
926,5,5
927,5,5
928,5,2
929,5,5
930,5,4
931,5,4
932,5,4
933,5,4
934,5,5
935,5,4
936,5,4
937,5,4
938,5,4
939,5,4
940,5,2
941,5,2
942,5,1
943,5,2
944,5,5
945,5,4
946,5,2
947,5,2
948,5,1
949,5,2
950,5,4
951,5,5
952,5,5
953,5,4
954,5,5
955,5,5
956,5,4
957,5,5
958,5,5
959,5,4
960,5,5
961,5,4
962,5,4
963,5,5
964,5,4
965,5,3
966,5,4
967,5,3
968,5,3
969,5,4
970,5,4
971,5,4
972,5,4
973,5,4
974,5,2
975,5,3
976,5,2
977,5,2
978,5,4
979,5,4
980,5,5
981,5,5
982,5,5
983,5,5
984,5,5
985,5,5
986,5,5
987,5,3
988,5,5
989,5,4
990,5,5
991,5,4
992,5,5
993,5,5
994,5,5
995,5,5
996,5,5
997,5,5
998,5,3
999,5,5
1000,5,5
1001,5,5
1002,5,5
1003,5,5
1004,5,4
1005,5,5
1006,5,5
1007,5,4
1008,5,5
1009,5,5
1010,5,5
1011,5,5
1012,5,5
1013,5,4
1014,5,5
1015,5,4
1016,5,3
1017,5,4
1018,5,4
1019,5,3
1020,5,2
1021,5,1
1022,5,2
1023,5,4
1024,5,5
1025,5,4
1026,5,4
1027,5,3
1028,5,5
1029,5,3
1030,5,4
1031,5,2
1032,5,2
1033,5,5
1034,5,4
1035,5,5
1036,5,4
1037,5,5
1038,5,5
1039,5,5
1040,5,4
1041,5,5
1042,5,5
1043,5,4
1044,5,4
1045,5,4
1046,5,2
1047,5,4
1048,5,5
1049,5,5
1050,5,4
1051,5,5
1052,5,4
1053,5,4
1054,5,1
1055,5,4
1056,5,2
1057,5,4
1058,5,2
1059,5,4
1060,5,2
1061,5,4
1062,5,1
1063,5,2
1064,5,4
1065,5,5
1066,5,5
1067,5,5
1068,5,5
1069,5,4
1070,5,4
1071,5,4
1072,5,4
1073,5,5
1074,5,5
1075,5,5
1076,5,5
1077,5,4
1078,5,4
1079,5,5
1080,5,5
1081,5,5
1082,5,5
1083,5,5
1084,5,4
1085,5,4
1086,5,2
1087,5,5
1088,5,5
1089,5,4
1090,5,5
1091,5,4
1092,5,4
1093,5,2
1094,5,5
1095,5,5
1096,5,5
1097,5,1
1098,5,3
1099,5,4
1100,5,2
1101,5,2
1102,5,3
1103,5,5
1104,5,4
1105,5,5
1106,5,5
1107,5,5
1108,5,5
1109,5,4
1110,5,5
1111,5,4
1112,5,4
1113,5,5
1114,5,5
1115,5,5
1116,5,5
1117,5,5
1118,5,5
1119,5,5
1120,5,4
1121,5,3
1122,5,5
1123,5,3
1124,5,3
1125,5,4
1126,5,3
1127,5,5
1128,5,5
1129,5,2
1130,5,3
1131,5,4
1132,5,5
1133,5,5
1134,5,5
1135,5,2
1136,5,4
1137,5,2
1138,5,3
1139,5,4
1140,5,5
1141,5,5
1142,5,4
1143,5,5
1144,5,4
1145,5,5
1146,5,5
1147,5,5
1148,5,4
1149,5,5
1150,5,5
1151,5,5
1152,5,5
1153,5,3
1154,5,2
1155,5,3
1156,5,5
1157,5,5
1158,5,4
1159,5,4
1160,5,5
1161,5,5
1162,5,5
1163,5,5
1164,5,3
1165,5,4
1166,5,2
1167,5,2
1168,5,2
1169,5,1
1170,5,5
1171,5,5
1172,5,4
1173,5,4
1174,5,4
1175,5,4
1176,5,5
1177,5,5
1178,5,5
1179,5,5
1180,5,5
1181,5,5
1182,5,4
1183,5,4
1184,5,5
1185,5,4
1186,5,5
1187,5,3
1188,5,4
1189,5,4
1190,5,4
1191,5,5
1192,5,3
1193,5,4
1194,5,4
1195,5,2
1196,5,4
1197,5,5
1198,5,5
1199,5,4
1200,5,4
1201,5,5
1202,5,4
1203,5,4
1204,5,5
1205,5,3
1206,5,4
1207,5,4
1208,5,4
1209,5,2
1210,5,4
1211,5,3
1212,5,4
1213,5,3
1214,5,2
1215,5,3
1216,5,5
1217,5,4
1218,5,5
1219,5,5
1220,5,4
1221,5,5
1222,5,5
1223,5,4
1224,5,5
1225,5,5
1226,5,4
1227,5,5
1228,5,4
1229,5,5
1230,5,5
1231,5,4
1232,5,3
1233,5,2
1234,5,3
1235,5,2
1236,5,2
1237,5,5
1238,5,5
1239,5,4
1240,5,5
1241,5,5
1242,5,4
1243,5,4
1244,5,2
1245,5,5
1246,5,4
1247,5,4
1248,5,4
1249,5,2
1250,5,5
1251,5,4
1252,5,4
1253,5,5
1254,5,5
1255,5,5
1256,5,5
1257,5,5
1258,5,5
1259,5,5
1260,5,5
1261,5,4
1262,5,4
1263,5,4
1264,5,4
1265,5,5
1266,5,5
1267,5,4
1268,5,4
1269,5,1
1270,5,4
1271,5,5
1272,5,4
1273,5,4
1274,5,3
1275,5,2
1276,5,4
1277,5,4
1278,5,1
1279,5,4
1280,5,4
1281,5,4
1282,5,2
1283,5,2
1284,5,1
1285,5,4
1286,5,4
1287,5,1
1288,5,4
1289,5,2
1290,5,4
1291,5,5
1292,5,1
1293,5,2
1294,5,5
1295,5,5
1296,5,4
1297,5,5
1298,5,5
1299,5,5
1300,5,5
1301,5,3
1302,5,5
1303,5,5
1304,5,5
1305,5,5
1306,5,4
1307,5,5
1308,5,4
1309,5,4
1310,5,5
1311,5,4
1312,5,5
1313,5,3
1314,5,5
1315,5,5
1316,5,5
1317,5,5
1318,5,5
1319,5,3
1320,5,5
1321,5,5
1322,5,5
1323,5,2
1324,5,5
1325,5,1
1326,5,3
1327,5,4
1328,5,4
1329,5,3
1330,5,2
1331,5,2
1332,5,4
1333,5,4
1334,5,5
1335,5,4
1336,5,5
1337,5,5
1338,5,3
1339,5,5
1340,5,5
1341,5,5
1342,5,5
1343,5,5
1344,5,5
1345,5,3
1346,5,3
1347,5,4
1348,5,5
1349,5,5
1350,5,5
1351,5,5
1352,5,3
1353,5,5
1354,5,4
1355,5,5
1356,5,2
1357,5,4
1358,5,5
1359,5,5
1360,5,4
1361,5,5
1362,5,4
1363,5,3
1364,5,4
1365,5,4
1366,5,5
1367,5,4
1368,5,5
1369,5,5
1370,5,3
1371,5,5
1372,5,3
1373,5,2
1374,5,5
1375,5,5
1376,5,5
1377,5,4
1378,5,5
1379,5,5
1380,5,5
1381,5,4
1382,5,5
1383,5,5
1384,5,3
1385,5,5
1386,5,5
1387,5,3
1388,5,4
1389,5,5
1390,5,5
1391,5,5
1392,5,5
1393,5,4
1394,5,5
1395,5,3
1396,5,4
1397,5,4
1398,5,4
1399,5,5
1400,5,5
1401,5,4
1402,5,4
1403,5,2
1404,5,2
1405,5,4
1406,5,4
1407,5,2
1408,5,5
1409,5,4
1410,5,4
1411,5,2
1412,5,5
1413,5,2
1414,5,1
1415,5,4
1416,5,5
1417,5,4
1418,5,4
1419,5,4
1420,5,4
1421,5,5
1422,5,5
1423,5,5
1424,5,3
1425,5,4
1426,5,3
1427,5,5
1428,5,3
1429,5,1
1430,5,5
1431,5,2
1432,5,2
1433,5,4
1434,5,2
1435,5,2
1436,5,4
1437,5,5
1438,5,4
1439,5,3
1440,5,4
1441,5,4
1442,5,5
1443,5,5
1444,5,3
1445,5,5
1446,5,4
1447,5,5
1448,5,5
1449,5,5
1450,5,5
1451,5,5
1452,5,4
1453,5,4
1454,5,5
1455,5,5
1456,5,4
1457,5,5
1458,5,5
1459,5,4
1460,5,4
1461,5,5
1462,5,4
1463,5,4
1464,5,5
1465,5,2
1466,5,3
1467,5,4
1468,5,5
1469,5,4
1470,5,5
1471,5,5
1472,5,5
1473,5,3
1474,5,2
1475,5,2
1476,5,1
1477,5,4
1478,5,2
1479,5,5
1480,5,5
1481,5,3
1482,5,4
1483,5,5
1484,5,4
1485,5,5
1486,5,4
1487,5,5
1488,5,5
1489,5,4
1490,5,4
1491,5,5
1492,5,5
1493,5,4
1494,5,4
1495,5,4
1496,5,5
1497,5,5
1498,5,5
1499,5,4
1500,5,5
1501,5,3
1502,5,5
1503,5,4
1504,5,5
1505,5,3
1506,5,4
1507,5,3
1508,5,2
1509,5,1
1510,5,4
1511,5,2
1512,5,4
1513,5,2
1514,5,2
1515,5,5
1516,5,4
1517,5,4
1518,5,5
1519,5,2
1520,5,2
1521,5,3
1522,5,2
1523,5,2
1524,5,5
1525,5,5
1526,5,5
1527,5,5
1528,5,5
1529,5,5
1530,5,5
1531,5,5
1532,5,5
1533,5,5
1534,5,5
1535,5,5
1536,5,4
1537,5,5
1538,5,5
1539,5,5
1540,5,4
1541,5,5
1542,5,4
1543,5,1
1544,5,4
1545,5,3
1546,5,4
1547,5,4
1548,5,4
1549,5,4
1550,5,5
1551,5,4
1552,5,5
1553,5,4
1554,5,4
1555,5,4
1556,5,4
1557,5,5
1558,5,1
1559,5,5
1560,5,4
1561,5,4
1562,5,1
1563,5,5
1564,5,4
1565,5,5
1566,5,4
1567,5,5
1568,5,4
1569,5,4
1570,5,5
1571,5,4
1572,5,5
1573,5,5
1574,5,5
1575,5,5
1576,5,4
1577,5,3
1578,5,4
1579,5,5
1580,5,4
1581,5,4
1582,5,2
1583,5,4
1584,5,5
1585,5,4
1586,5,2
1587,5,4
1588,5,1
1589,5,4
1590,5,5
1591,5,2
1592,5,2
1593,5,4
1594,5,2
1595,5,5
1596,5,1
1597,5,1
1598,5,5
1599,5,2
1600,5,2
1601,5,4
1602,5,5
1603,5,5
1604,5,4
1605,5,4
1606,5,3
1607,5,5
1608,5,5
1609,5,4
1610,5,5
1611,5,5
1612,5,5
1613,5,4
1614,5,5
1615,5,4
1616,5,5
1617,5,5
1618,5,5
1619,5,5
1620,5,5
1621,5,4
1622,5,5
1623,5,3
1624,5,4
1625,5,4
1626,5,4
1627,5,3
1628,5,2
1629,5,4
1630,5,3
1631,5,5
1632,5,2
1633,5,5
1634,5,4
1635,5,4
1636,5,1
1637,5,4
1638,5,5
1639,5,3
1640,5,4
1641,5,4
1642,5,2
1643,5,4
1644,5,5
1645,5,5
1646,5,4
1647,5,4
1648,5,4
1649,5,4
1650,5,5
1651,5,3
1652,5,5
1653,5,5
1654,5,5
1655,5,3
1656,5,5
1657,5,4
1658,5,5
1659,5,5
1660,5,5
1661,5,5
1662,5,5
1663,5,4
1664,5,4
1665,5,2
1666,5,5
1667,5,4
1668,5,4
1669,5,4
1670,5,4
1671,5,2
1672,5,2
1673,5,2
1674,5,3
1675,5,2
1676,5,3
1677,5,5
1678,5,5
1679,5,5
1680,5,5
1681,5,5
1682,5,5
1683,5,5
1684,5,5
1685,5,3
1686,5,5
1687,5,4
1688,5,5
1689,5,3
1690,5,4
1691,5,4
1692,5,5
1693,5,5
1694,5,5
1695,5,2
1696,5,3
1697,5,4
1698,5,3
1699,5,3
1700,5,5
1701,5,3
1702,5,5
1703,5,5
1704,5,2
1705,5,4
1706,5,4
1707,5,4
1708,5,5
1709,5,5
1710,5,4
1711,5,4
1712,5,5
1713,5,3
1714,5,2
1715,5,2
1716,5,5
1717,5,5
1718,5,5
1719,5,5
1720,5,4
1721,5,5
1722,5,5
1723,5,3
1724,5,3
1725,5,5
1726,5,5
1727,5,4
1728,5,5
1729,5,5
1730,5,5
1731,5,5
1732,5,4
1733,5,4
1734,5,4
1735,5,5
1736,5,5
1737,5,3
1738,5,5
1739,5,4
1740,5,3
1741,5,4
1742,5,4
1743,5,4
1744,5,5
1745,5,3
1746,5,2
1747,5,5
1748,5,5
1749,5,2
1750,5,4
1751,5,4
1752,5,4
1753,5,2
1754,5,4
1755,5,4
1756,5,3
1757,5,5
1758,5,5
1759,5,5
1760,5,5
1761,5,5
1762,5,4
1763,5,3
1764,5,3
1765,5,5
1766,5,5
1767,5,5
1768,5,4
1769,5,4
1770,5,5
1771,5,5
1772,5,4
1773,5,5
1774,5,4
1775,5,5
1776,5,5
1777,5,4
1778,5,3
1779,5,2
1780,5,4
1781,5,2
1782,5,3
1783,5,5
1784,5,4
1785,5,3
1786,5,5
1787,5,1
1788,5,4
1789,5,5
1790,5,5
1791,5,5
1792,5,5
1793,5,5
1794,5,5
1795,5,5
1796,5,5
1797,5,3
1798,5,5
1799,5,5
1800,5,5
1801,5,4
1802,5,5
1803,5,4
1804,5,5
1805,5,4
1806,5,5
1807,5,3
1808,5,5
1809,5,5
1810,5,5
1811,5,2
1812,5,5
1813,5,4
1814,5,4
1815,5,5
1816,5,5
1817,5,4
1818,5,4
1819,5,4
1820,5,5
1821,5,4
1822,5,4
1823,5,5
1824,5,4
1825,5,5
1826,5,5
1827,5,5
1828,5,4
1829,5,5
1830,5,5
1831,5,5
1832,5,4
1833,5,4
1834,5,5
1835,5,5
1836,5,5
1837,5,5
1838,5,2
1839,5,4
1840,5,5
1841,5,2
1842,5,1
1843,5,3
1844,5,4
1845,5,5
1846,5,4
1847,5,5
1848,5,5
1849,5,4
1850,5,5
1851,5,4
1852,5,4
1853,5,4
1854,5,1
1855,5,4
1856,5,4
1857,5,4
1858,5,4
1859,5,2
1860,5,1
1861,5,5
1862,5,5
1863,5,5
1864,5,5
1865,5,4
1866,5,5
1867,5,5
1868,5,4
1869,5,5
1870,5,5
1871,5,5
1872,5,4
1873,5,5
1874,5,4
1875,5,5
1876,5,4
1877,5,5
1878,5,5
1879,5,4
1880,5,5
1881,5,3
1882,5,5
1883,5,4
1884,5,4
1885,5,2
1886,5,3
1887,5,4
1888,5,5
1889,5,4
1890,5,4
1891,5,2
1892,5,4
1893,5,1
1894,5,2
1895,5,3
1896,5,5
1897,5,2
1898,5,1
1899,5,4
1900,5,5
1901,5,4
1902,5,4
1903,5,4
1904,5,5
1905,5,4
1906,5,5
1907,5,5
1908,5,5
1909,5,5
1910,5,5
1911,5,5
1912,5,5
1913,5,4
1914,5,5
1915,5,5
1916,5,5
1917,5,5
1918,5,5
1919,5,5
1920,5,4
1921,5,5
1922,5,4
1923,5,5
1924,5,4
1925,5,4
1926,5,2
1927,5,2
1928,5,3
1929,5,4
1930,5,1
1931,5,1
1932,5,2
1933,5,1
1934,5,1
1935,5,4
1936,5,5
1937,5,4
1938,5,1
1939,5,4
1940,5,4
1941,5,3
1942,5,2
1943,5,4
1944,5,4
1945,5,5
1946,5,5
1947,5,5
1948,5,5
1949,5,4
1950,5,4
1951,5,5
1952,5,5
1953,5,4
1954,5,5
1955,5,5
1956,5,5
1957,5,5
1958,5,5
1959,5,5
1960,5,5
1961,5,5
1962,5,5
1963,5,5
1964,5,5
1965,5,5
1966,5,5
1967,5,5
1968,5,3
1969,5,3
1970,5,5
1971,5,2
1972,5,4
1973,5,5
1974,5,5
1975,5,4
1976,5,4
1977,5,4
1978,5,4
1979,5,5
1980,5,5
1981,5,2
1982,5,5
1983,5,2
1984,5,2
1985,5,5
1986,5,4
1987,5,3
1988,5,5
1989,5,3
1990,5,5
1991,5,4
1992,5,5
1993,5,4
1994,5,5
1995,5,5
1996,5,5
1997,5,5
1998,5,4
1999,5,4
2000,5,5
2001,5,5
2002,5,5
2003,5,3
2004,5,4
2005,5,5
2006,5,2
2007,5,3
2008,5,4
2009,5,2
2010,5,4
2011,5,4
2012,5,4
2013,5,2
2014,5,4
2015,5,5
2016,5,4
2017,5,3
2018,5,4
2019,5,3
2020,5,4
2021,5,2
2022,5,5
2023,5,5
2024,5,5
2025,5,5
2026,5,5
2027,5,4
2028,5,3
2029,5,4
2030,5,5
2031,5,5
2032,5,5
2033,5,5
2034,5,5
2035,5,5
2036,5,3
2037,5,4
2038,5,5
2039,5,3
2040,5,4
2041,5,5
2042,5,4
2043,5,5
2044,5,5
2045,5,5
2046,5,4
2047,5,5
2048,5,4
2049,5,4
2050,5,4
2051,5,2
2052,5,5
2053,5,5
2054,5,4
2055,5,5
2056,5,5
2057,5,3
2058,5,4
2059,5,4
2060,5,2
2061,5,4
2062,5,2
2063,5,4
2064,5,2
2065,5,1
2066,5,2
2067,5,3
2068,5,2
2069,5,5
2070,5,4
2071,5,3
2072,5,5
2073,5,5
2074,5,3
2075,5,3
2076,5,5
2077,5,5
2078,5,4
2079,5,4
2080,5,5
2081,5,5
2082,5,5
2083,5,4
2084,5,4
2085,5,5
2086,5,5
2087,5,5
2088,5,5
2089,5,5
2090,5,5
2091,5,4
2092,5,3
2093,5,4
2094,5,2
2095,5,2
2096,5,5
2097,5,5
2098,5,5
2099,5,5
2100,5,2
2101,5,1
2102,5,4
2103,5,5
2104,5,3
2105,5,5
2106,5,4
2107,5,1
2108,5,5
2109,5,5
2110,5,5
2111,5,4
2112,5,3
2113,5,5
2114,5,4
2115,5,5
2116,5,4
2117,5,5
2118,5,5
2119,5,4
2120,5,4
2121,5,5
2122,5,4
2123,5,4
2124,5,5
2125,5,5
2126,5,5
2127,5,5
2128,5,5
2129,5,3
2130,5,4
2131,5,2
2132,5,5
2133,5,4
2134,5,4
2135,5,4
2136,5,5
2137,5,2
2138,5,4
2139,5,5
2140,5,5
2141,5,4
2142,5,5
2143,5,5
2144,5,5
2145,5,4
2146,5,5
2147,5,5
2148,5,5
2149,5,5
2150,5,5
2151,5,5
2152,5,5
2153,5,5
2154,5,5
2155,5,5
2156,5,5
2157,5,5
2158,5,3
2159,5,5
2160,5,5
2161,5,2
2162,5,3
2163,5,3
2164,5,4
2165,5,4
2166,5,5
2167,5,5
2168,5,4
2169,5,2
2170,5,3
2171,5,4
2172,5,2
2173,5,5
2174,5,2
2175,5,1
2176,5,4
2177,5,5
2178,5,4
2179,5,5
2180,5,3
2181,5,5
2182,5,5
2183,5,4
2184,5,5
2185,5,5
2186,5,5
2187,5,5
2188,5,5
2189,5,4
2190,5,2
2191,5,5
2192,5,5
2193,5,5
2194,5,5
2195,5,4
2196,5,4
2197,5,2
2198,5,5
2199,5,3
2200,5,3
2201,5,4
2202,5,3
2203,5,5
2204,5,5
2205,5,1
2206,5,2
2207,5,5
2208,5,2
2209,5,4
2210,5,5
2211,5,3
2212,5,5
2213,5,5
2214,5,5
2215,5,3
2216,5,5
2217,5,5
2218,5,5
2219,5,5
2220,5,5
2221,5,5
2222,5,5
2223,5,5
2224,5,5
2225,5,5
2226,5,5
2227,5,5
2228,5,3
2229,5,5
2230,5,3
2231,5,4
2232,5,3
2233,5,5
2234,5,4
2235,5,4
2236,5,2
2237,5,4
2238,5,4
2239,5,3
2240,5,4
2241,5,1
2242,5,2
2243,5,4
2244,5,4
2245,5,2
2246,5,5
2247,5,5
2248,5,5
2249,5,4
2250,5,5
2251,5,5
2252,5,5
2253,5,5
2254,5,4
2255,5,3
2256,5,5
2257,5,5
2258,5,5
2259,5,5
2260,5,4
2261,5,2
2262,5,3
2263,5,3
2264,5,3
2265,5,4
2266,5,1
2267,5,1
2268,5,1
2269,5,1
2270,5,1
2271,5,1
2272,5,5
2273,5,1
2274,5,3
2275,5,2
2276,5,3
2277,5,2
2278,5,4
2279,5,3
2280,5,1
2281,5,5
2282,5,4
2283,5,5
2284,5,2
2285,5,4
2286,5,3
2287,5,4
2288,5,5
2289,5,3
2290,5,3
2291,5,5
2292,5,5
2293,5,5
2294,5,5
2295,5,4
2296,5,1
2297,5,1
2298,5,1
2299,5,1
2300,5,1
2301,5,1
2302,5,5
2303,5,4
2304,5,2
2305,5,1
2306,5,1
2307,5,5
2308,5,1
2309,5,5
2310,5,5
2311,5,4
2312,5,4
2313,5,4
2314,5,3
2315,5,2
2316,5,4
2317,5,1
2318,5,5
2319,5,1
2320,5,3
2321,5,3
2322,5,4
2323,5,5
2324,5,3
2325,5,5
2326,5,4
2327,5,5
2328,5,5
2329,5,5
2330,5,4
2331,5,1
2332,5,5
2333,5,5
2334,5,4
2335,5,2
2336,5,4
2337,5,4
2338,5,1
2339,5,1
2340,5,1
2341,5,1
2342,5,1
2343,5,1
2344,5,5
2345,5,4
2346,5,3
2347,5,5
2348,5,5
2349,5,4
2350,5,4
2351,5,3
2352,5,3
2353,5,3
2354,5,5
2355,5,4
2356,5,2
2357,5,5
2358,5,5
2359,5,5
2360,5,4
2361,5,5
2362,5,3
2363,5,5
2364,5,2
2365,5,1
2366,5,3
2367,5,1
2368,5,5
2369,5,1
2370,5,4
2371,5,1
2372,5,1
2373,5,4
2374,5,1
2375,5,1
2376,5,3
2377,5,1
2378,5,5
2379,5,3
2380,5,5
2381,5,3
2382,5,1
2383,5,4
2384,5,4
2385,5,1
2386,5,4
2387,5,1
2388,5,5
2389,5,3
2390,5,4
2391,5,5
2392,5,5
2393,5,5
2394,5,5
2395,5,4
2396,5,3
2397,5,2
2398,5,5
2399,5,1
2400,5,1
2401,5,1
2402,5,1
2403,5,5
2404,5,5
2405,5,1
2406,5,3
2407,5,1
2408,5,3
2409,5,1
2410,5,4
2411,5,2
2412,5,1
2413,5,5
2414,5,4
2415,5,5
2416,5,5
2417,5,2
2418,5,3
2419,5,4
2420,5,4
2421,5,5
2422,5,4
2423,5,3
2424,5,4
2425,5,1
2426,5,5
2427,5,1
2428,5,1
2429,5,2
2430,5,4
2431,5,3
2432,5,3
2433,5,4
2434,5,1
2435,5,1
2436,5,1
2437,5,4
2438,5,1
2439,5,1
2440,5,1
2441,5,3
2442,5,5
2443,5,5
2444,5,3
2445,5,4
2446,5,5
2447,5,3
2448,5,4
2449,5,4
2450,5,4
2451,5,5
2452,5,5
2453,5,4
2454,5,3
2455,5,3
2456,5,1
2457,5,3
2458,5,4
2459,5,2
2460,5,1
2461,5,1
2462,5,1
2463,5,1
2464,5,1
2465,5,1
2466,5,1
2467,5,4
2468,5,3
2469,5,1
2470,5,5
2471,5,1
2472,5,1
2473,5,5
2474,5,1
2475,5,3
2476,5,5
2477,5,5
2478,5,1
2479,5,3
2480,5,3
2481,5,2
2482,5,5
2483,5,5
2484,5,4
2485,5,4
2486,5,4
2487,5,5
2488,5,1
2489,5,4
2490,5,4
2491,5,5
2492,5,4
2493,5,5
2494,5,3
2495,5,4
2496,5,3
2497,5,1
2498,5,3
2499,5,3
2500,5,3
2501,5,3
2502,5,3
2503,5,5
2504,5,3
2505,5,1
2506,5,5
2507,5,5
2508,5,3
2509,5,3
2510,5,5
2511,5,4
2512,5,5
2513,5,5
2514,5,5
2515,5,4
2516,5,5
2517,5,3
2518,5,5
2519,5,5
2520,5,5
2521,5,2
2522,5,1
2523,5,1
2524,5,5
2525,5,1
2526,5,4
2527,5,3
2528,5,4
2529,5,1
2530,5,5
2531,5,4
2532,5,2
2533,5,4
2534,5,1
2535,5,5
2536,5,3
2537,5,2
2538,5,3
2539,5,5
2540,5,5
2541,5,5
2542,5,4
2543,5,1
2544,5,4
2545,5,5
2546,5,4
2547,5,5
2548,5,5
2549,5,1
2550,5,4
2551,5,5
2552,5,1
2553,5,1
2554,5,3
2555,5,4
2556,5,4
2557,5,3
2558,5,4
2559,5,1
2560,5,1
2561,5,1
2562,5,1
2563,5,4
2564,5,3
2565,5,1
2566,5,1
2567,5,5
2568,5,5
2569,5,4
2570,5,3
2571,5,4
2572,5,3
2573,5,4
2574,5,3
2575,5,5
2576,5,3
2577,5,4
2578,5,4
2579,5,1
2580,5,5
2581,5,5
2582,5,4
2583,5,4
2584,5,1
2585,5,1
2586,5,3
2587,5,4
2588,5,3
2589,5,1
2590,5,1
2591,5,5
2592,5,1
2593,5,1
2594,5,4
2595,5,1
2596,5,4
2597,5,1
2598,5,5
2599,5,1
2600,5,1
2601,5,4
2602,5,5
2603,5,5
2604,5,4
2605,5,5
2606,5,4
2607,5,5
2608,5,3
2609,5,5
2610,5,4
2611,5,3
2612,5,5
2613,5,4
2614,5,1
2615,5,5
2616,5,4
2617,5,4
2618,5,5
2619,5,2
2620,5,5
2621,5,5
2622,5,2
2623,5,1
2624,5,1
2625,5,4
2626,5,4
2627,5,3
2628,5,4
2629,5,4
2630,5,1
2631,5,1
2632,5,1
2633,5,1
2634,5,1
2635,5,2
2636,5,1
2637,5,1
2638,5,1
2639,5,3
2640,5,3
2641,5,4
2642,5,5
2643,5,1
2644,5,3
2645,5,5
2646,5,3
2647,5,4
2648,5,2
2649,5,4
2650,5,4
2651,5,5
2652,5,5
2653,5,4
2654,5,3
2655,5,4
2656,5,2
2657,5,3
2658,5,5
2659,5,2
2660,5,3
2661,5,1
2662,5,1
2663,5,2
2664,5,4
2665,5,4
2666,5,4
2667,5,4
2668,5,1
2669,5,5
2670,5,5
2671,5,5
2672,5,3
2673,5,2
2674,5,4
2675,5,4
2676,5,5
2677,5,5
2678,5,3
2679,5,4
2680,5,5
2681,5,5
2682,5,2
2683,5,1
2684,5,3
2685,5,1
2686,5,5
2687,5,5
2688,5,3
2689,5,1
2690,5,1
2691,5,1
2692,5,1
2693,5,4
2694,5,3
2695,5,5
2696,5,1
2697,5,2
2698,5,4
2699,5,1
2700,5,1
2701,5,2
2702,5,1
2703,5,3
2704,5,5
2705,5,2
2706,5,3
2707,5,3
2708,5,4
2709,5,4
2710,5,5
2711,5,3
2712,5,5
2713,5,2
2714,5,5
2715,5,4
2716,5,4
2717,5,5
2718,5,5
2719,5,5
2720,5,3
2721,5,5
2722,5,5
2723,5,4
2724,5,4
2725,5,2
2726,5,5
2727,5,4
2728,5,3
2729,5,2
2730,5,4
2731,5,2
2732,5,1
2733,5,2
2734,5,4
2735,5,4
2736,5,1
2737,5,5
2738,5,2
2739,5,5
2740,5,5
2741,5,4
2742,5,5
2743,5,4
2744,5,4
2745,5,3
2746,5,5
2747,5,1
2748,5,5
2749,5,5
2750,5,3
2751,5,4
2752,5,5
2753,5,4
2754,5,1
2755,5,5
2756,5,4
2757,5,5
2758,5,5
2759,5,4
2760,5,1
2761,5,3
2762,5,1
2763,5,2
2764,5,5
2765,5,4
2766,5,1
2767,5,1
2768,5,3
2769,5,1
2770,5,5
2771,5,2
2772,5,4
2773,5,1
2774,5,1
2775,5,1
2776,5,5
2777,5,3
2778,5,3
2779,5,5
2780,5,5
2781,5,5
2782,5,1
2783,5,4
2784,5,3
2785,5,4
2786,5,5
2787,5,5
2788,5,3
2789,5,3
2790,5,3
2791,5,3
2792,5,4
2793,5,4
2794,5,1
2795,5,1
2796,5,1
2797,5,3
2798,5,5
2799,5,1
2800,5,1
2801,5,1
2802,5,5
2803,5,4
2804,5,5
2805,5,5
2806,5,4
2807,5,3
2808,5,4
2809,5,3
2810,5,1
2811,5,3
2812,5,5
2813,5,5
2814,5,3
2815,5,5
2816,5,5
2817,5,5
2818,5,4
2819,5,3
2820,5,5
2821,5,5
2822,5,4
2823,5,4
2824,5,5
2825,5,3
2826,5,3
2827,5,3
2828,5,4
2829,5,5
2830,5,4
2831,5,3
2832,5,5
2833,5,2
2834,5,1
2835,5,1
2836,5,1
2837,5,4
2838,5,2
2839,5,1
2840,5,4
2841,5,5
2842,5,5
2843,5,5
2844,5,5
2845,5,2
2846,5,5
2847,5,5
2848,5,3
2849,5,5
2850,5,4
2851,5,5
2852,5,3
2853,5,4
2854,5,5
2855,5,1
2856,5,4
2857,5,1
2858,5,1
2859,5,5
2860,5,5
2861,5,5
2862,5,2
2863,5,1
2864,5,3
2865,5,1
2866,5,3
2867,5,1
2868,5,4
2869,5,1
2870,5,4
2871,5,1
2872,5,4
2873,5,3
2874,5,1
2875,5,3
2876,5,3
2877,5,3
2878,5,3
2879,5,5
2880,5,3
2881,5,3
2882,5,2
2883,5,4
2884,5,3
2885,5,4
2886,5,5
2887,5,3
2888,5,5
2889,5,5
2890,5,5
2891,5,4
2892,5,2
2893,5,4
2894,5,5
2895,5,4
2896,5,2
2897,5,3
2898,5,4
2899,5,5
2900,5,5
2901,5,1
2902,5,1
2903,5,3
2904,5,1
2905,5,5
2906,5,2
2907,5,4
2908,5,1
2909,5,1
2910,5,1
2911,5,2
2912,5,4
2913,5,4
2914,5,1
2915,5,3
2916,5,1
2917,5,2
2918,5,3
2919,5,5
2920,5,5
2921,5,3
2922,5,4
2923,5,2
2924,5,3
2925,5,3
2926,5,5
2927,5,2
2928,5,4
2929,5,3
2930,5,5
2931,5,3
2932,5,5
2933,5,4
2934,5,4
2935,5,3
2936,5,3
2937,5,1
2938,5,4
2939,5,5
2940,5,3
2941,5,1
2942,5,3
2943,5,4
2944,5,3
2945,5,3
2946,5,3
2947,5,4
2948,5,1
2949,5,1
2950,5,1
2951,5,1
2952,5,2
2953,5,1
2954,5,1
2955,5,1
2956,5,1
2957,5,5
2958,5,4
2959,5,5
2960,5,3
2961,5,5
2962,5,5
2963,5,3
2964,5,2
2965,5,5
2966,5,4
2967,5,1
2968,5,5
2969,5,4
2970,5,4
2971,5,5
2972,5,5
2973,5,2
2974,5,4
2975,5,4
2976,5,1
2977,5,5
2978,5,1
2979,5,2
2980,5,1
2981,5,3
2982,5,2
2983,5,1
2984,5,2
2985,5,1
2986,5,1
2987,5,5
2988,5,2
2989,5,1
2990,5,1
2991,5,4
2992,5,5
2993,5,3
2994,5,4
2995,5,1
2996,5,3
2997,5,5
2998,5,4
2999,5,5
3000,5,5
3001,5,3
3002,5,5
3003,5,1
3004,5,1
3005,5,4
3006,5,3
3007,5,4
3008,5,1
3009,5,4
3010,5,2
3011,5,1
3012,5,4
3013,5,1
3014,5,2
3015,5,1
3016,5,4
3017,5,3
3018,5,3
3019,5,3
3020,5,5
3021,5,3
3022,5,5
3023,5,5
3024,5,4
3025,5,4
3026,5,5
3027,5,5
3028,5,4
3029,5,4
3030,5,2
3031,5,3
3032,5,5
3033,5,4
3034,5,4
3035,5,4
3036,5,1
3037,5,2
3038,5,4
3039,5,1
3040,5,1
3041,5,5
3042,5,1
3043,5,5
3044,5,4
3045,5,1
3046,5,1
3047,5,2
3048,5,1
3049,5,4
3050,5,4
3051,5,4
3052,5,3
3053,5,4
3054,5,1
3055,5,4
3056,5,2
3057,5,5
3058,5,3
3059,5,5
3060,5,3
3061,5,4
3062,5,4
3063,5,4
3064,5,3
3065,5,5
3066,5,5
3067,5,5
3068,5,3
3069,5,3
3070,5,5
3071,5,3
3072,5,4
3073,5,5
3074,5,4
3075,5,1
3076,5,1
3077,5,1
3078,5,1
3079,5,1
3080,5,1
3081,5,1
3082,5,3
3083,5,3
3084,5,4
3085,5,4
3086,5,2
3087,5,1
3088,5,1
3089,5,5
3090,5,1
3091,5,1
3092,5,3
3093,5,5
3094,5,4
3095,5,4
3096,5,4
3097,5,1
3098,5,4
3099,5,1
3100,5,4
3101,5,5
3102,5,4
3103,5,4
3104,5,3
3105,5,5
3106,5,4
3107,5,5
3108,5,3
3109,5,4
3110,5,3
3111,5,5
3112,5,5
3113,5,5
3114,5,3
3115,5,4
3116,5,3
3117,5,5
3118,5,4
3119,5,5
3120,5,2
3121,5,1
3122,5,5
3123,5,3
3124,5,4
3125,5,1
3126,5,1
3127,5,1
3128,5,1
3129,5,5
3130,5,2
3131,5,4
3132,5,1
3133,5,5
3134,5,4
3135,5,3
3136,5,1
3137,5,4
3138,5,1
3139,5,1
3140,5,5
3141,5,1
3142,5,1
3143,5,1
3144,5,1
3145,5,2
3146,5,2
3147,5,5
3148,5,4
3149,5,5
3150,5,5
3151,5,4
3152,5,5
3153,5,1
3154,5,5
3155,5,3
3156,5,3
3157,5,4
3158,5,5
3159,5,5
3160,5,5
3161,5,5
3162,5,3
3163,5,4
3164,5,5
3165,5,3
3166,5,4
3167,5,2
3168,5,1
3169,5,1
3170,5,3
3171,5,1
3172,5,1
3173,5,1
3174,5,2
3175,5,4
3176,5,5
3177,5,5
3178,5,4
3179,5,5
3180,5,5
3181,5,3
3182,5,1
3183,5,4
3184,5,5
3185,5,5
3186,5,1
3187,5,5
3188,5,4
3189,5,5
3190,5,5
3191,5,5
3192,5,5
3193,5,4
3194,5,4
3195,5,5
3196,5,4
3197,5,2
3198,5,5
3199,5,4
3200,5,5
3201,5,3
3202,5,5
3203,5,3
3204,5,5
3205,5,1
3206,5,4
3207,5,3
3208,5,1
3209,5,5
3210,5,1
3211,5,4
3212,5,1
3213,5,1
3214,5,4
3215,5,1
3216,5,1
3217,5,1
3218,5,2
3219,5,1
3220,5,4
3221,5,2
3222,5,3
3223,5,3
3224,5,3
3225,5,5
3226,5,5
3227,5,5
3228,5,5
3229,5,4
3230,5,3
3231,5,4
3232,5,4
3233,5,5
3234,5,4
3235,5,5
3236,5,2
3237,5,5
3238,5,4
3239,5,3
3240,5,3
3241,5,1
3242,5,5
3243,5,5
3244,5,5
3245,5,3
3246,5,1
3247,5,1
3248,5,1
3249,5,4
3250,5,1
3251,5,2
3252,5,4
3253,5,4
3254,5,4
3255,5,3
3256,5,5
3257,5,5
3258,5,4
3259,5,5
3260,5,5
3261,5,4
3262,5,1
3263,5,5
3264,5,2
3265,5,4
3266,5,4
3267,5,5
3268,5,4
3269,5,5
3270,5,3
3271,5,3
3272,5,1
3273,5,5
3274,5,4
3275,5,5
3276,5,5
3277,5,5
3278,5,4
3279,5,4
3280,5,1
3281,5,3
3282,5,1
3283,5,5
3284,5,4
3285,5,3
3286,5,4
3287,5,4
3288,5,4
3289,5,5
3290,5,1
3291,5,2
3292,5,1
3293,5,1
3294,5,1
3295,5,1
3296,5,1
3297,5,1
3298,5,4
3299,5,1
3300,5,3
3301,5,5
3302,5,5
3303,5,1
3304,5,4
3305,5,5
3306,5,3
3307,5,4
3308,5,3
3309,5,5
3310,5,5
3311,5,3
3312,5,4
3313,5,5
3314,5,2
3315,5,5
3316,5,2
3317,5,1
3318,5,3
3319,5,5
3320,5,4
3321,5,5
3322,5,5
3323,5,4
3324,5,4
3325,5,3
3326,5,4
3327,5,2
3328,5,1
3329,5,4
3330,5,5
3331,5,4
3332,5,1
3333,5,1
3334,5,4
3335,5,1
3336,5,1
3337,5,3
3338,5,3
3339,5,2
3340,5,3
3341,5,5
3342,5,5
3343,5,5
3344,5,5
3345,5,4
3346,5,4
3347,5,5
3348,5,3
3349,5,5
3350,5,2
3351,5,4
3352,5,1
3353,5,1
3354,5,3
3355,5,1
3356,5,1
3357,5,3
3358,5,1
3359,5,4
3360,5,1
3361,5,5
3362,5,1
3363,5,1
3364,5,4
3365,5,1
3366,5,2
3367,5,4
3368,5,2
3369,5,5
3370,5,5
3371,5,1
3372,5,1
3373,5,1
3374,5,1
3375,5,5
3376,5,5
3377,5,5
3378,5,3
3379,5,4
3380,5,5
3381,5,2
3382,5,5
3383,5,3
3384,5,2
3385,5,5
3386,5,5
3387,5,2
3388,5,5
3389,5,1
3390,5,3
3391,5,1
3392,5,3
3393,5,1
3394,5,1
3395,5,5
3396,5,4
3397,5,5
3398,5,5
3399,5,3
3400,5,5
3401,5,2
3402,5,1
3403,5,1
3404,5,3
3405,5,3
3406,5,1
3407,5,3
3408,5,1
3409,5,3
3410,5,5
3411,5,3
3412,5,3
3413,5,5
3414,5,5
3415,5,5
3416,5,4
3417,5,3
3418,5,4
3419,5,5
3420,5,5
3421,5,2
3422,5,5
3423,5,4
3424,5,1
3425,5,4
3426,5,1
3427,5,5
3428,5,5
3429,5,2
3430,5,1
3431,5,5
3432,5,1
3433,5,1
3434,5,5
3435,5,5
3436,5,4
3437,5,5
3438,5,1
3439,5,5
3440,5,1
3441,5,3
3442,5,5
3443,5,3
3444,5,4
3445,5,4
3446,5,5
3447,5,3
3448,5,5
3449,5,5
3450,5,2
3451,5,2
3452,5,5
3453,5,1
3454,5,2
3455,5,2
3456,5,4
3457,5,4
3458,5,3
3459,5,5
3460,5,3
3461,5,5
3462,5,5
3463,5,2
3464,5,4
3465,5,1
3466,5,3
3467,5,1
3468,5,4
3469,5,3
3470,5,5
3471,5,3
3472,5,4
3473,5,1
3474,5,3
3475,5,2
3476,5,1
3477,5,2
3478,5,1
3479,5,5
3480,5,3
3481,5,1
3482,5,4
3483,5,4
3484,5,5
3485,5,1
3486,5,5
3487,5,1
3488,5,4
3489,5,5
3490,5,5
3491,5,5
3492,5,4
3493,5,4
3494,5,5
3495,5,5
3496,5,5
3497,5,3
3498,5,5
3499,5,4
3500,5,3
3501,5,5
3502,5,5
3503,5,1
3504,5,2
3505,5,3
3506,5,3
3507,5,1
3508,5,3
3509,5,3
3510,5,1
3511,5,1
3512,5,1
3513,5,4
3514,5,1
3515,5,4
3516,5,3
3517,5,1
3518,5,5
3519,5,1
3520,5,5
3521,5,1
3522,5,3
3523,5,2
3524,5,3
3525,5,1
3526,5,1
3527,5,3
3528,5,5
3529,5,4
3530,5,5
3531,5,4
3532,5,1
3533,5,5
3534,5,2
3535,5,2
3536,5,3
3537,5,5
3538,5,5
3539,5,2
3540,5,1
3541,5,1
3542,5,5
3543,5,2
3544,5,4
3545,5,5
3546,5,4
3547,5,5
3548,5,4
3549,5,5
3550,5,3
3551,5,1
3552,5,2
3553,5,1
3554,5,3
3555,5,5
3556,5,5
3557,5,2
3558,5,5
3559,5,3
3560,5,4
3561,5,5
3562,5,5
3563,5,4
3564,5,3
3565,5,4
3566,5,4
3567,5,3
3568,5,4
3569,5,5
3570,5,5
3571,5,1
3572,5,5
3573,5,5
3574,5,5
3575,5,4
3576,5,4
3577,5,2
3578,5,3
3579,5,4
3580,5,1
3581,5,1
3582,5,4
3583,5,4
3584,5,3
3585,5,1
3586,5,4
3587,5,1
3588,5,5
3589,5,1
3590,5,1
3591,5,1
3592,5,3
3593,5,5
3594,5,5
3595,5,4
3596,5,3
3597,5,2
3598,5,5
3599,5,2
3600,5,3
3601,5,5
3602,5,5
3603,5,5
3604,5,4
3605,5,5
3606,5,4
3607,5,5
3608,5,4
3609,5,5
3610,5,4
3611,5,2
3612,5,1
3613,5,2
3614,5,4
3615,5,1
3616,5,1
3617,5,1
3618,5,4
3619,5,2
3620,5,4
3621,5,1
3622,5,3
3623,5,1
3624,5,5
3625,5,3
3626,5,4
3627,5,2
3628,5,4
3629,5,5
3630,5,5
3631,5,5
3632,5,5
3633,5,4
3634,5,1
3635,5,4
3636,5,5
3637,5,3
3638,5,3
3639,5,5
3640,5,1
3641,5,4
3642,5,5
3643,5,1
3644,5,1
3645,5,4
3646,5,4
3647,5,1
3648,5,5
3649,5,1
3650,5,1
3651,5,1
3652,5,1
3653,5,3
3654,5,1
3655,5,4
3656,5,5
3657,5,5
3658,5,5
3659,5,5
3660,5,4
3661,5,4
3662,5,3
3663,5,4
3664,5,4
3665,5,3
3666,5,5
3667,5,5
3668,5,5
3669,5,5
3670,5,3
3671,5,4
3672,5,4
3673,5,5
3674,5,4
3675,5,3
3676,5,1
3677,5,4
3678,5,5
3679,5,3
3680,5,3
3681,5,1
3682,5,1
3683,5,1
3684,5,1
3685,5,5
3686,5,1
3687,5,1
3688,5,4
3689,5,4
3690,5,1
3691,5,4
3692,5,1
3693,5,5
3694,5,3
3695,5,5
3696,5,4
3697,5,3
3698,5,1
3699,5,5
3700,5,4
3701,5,3
3702,5,5
3703,5,4
3704,5,5
3705,5,4
3706,5,1
3707,5,5
3708,5,4
3709,5,5
3710,5,1
3711,5,1
3712,5,5
3713,5,1
3714,5,3
3715,5,4
3716,5,2
3717,5,4
3718,5,3
3719,5,4
3720,5,1
3721,5,4
3722,5,1
3723,5,1
3724,5,4
3725,5,1
3726,5,3
3727,5,4
3728,5,1
3729,5,1
3730,5,1
3731,5,1
3732,5,1
3733,5,2
3734,5,4
3735,5,5
3736,5,5
3737,5,1
3738,5,3
3739,5,4
3740,5,4
3741,5,3
3742,5,3
3743,5,5
3744,5,3
3745,5,3
3746,5,4
3747,5,4
3748,5,3
3749,5,4
3750,5,5
3751,5,1
3752,5,1
3753,5,5
3754,5,5
3755,5,4
3756,5,4
3757,5,1
3758,5,1
3759,5,1
3760,5,4
3761,5,1
3762,5,1
3763,5,1
3764,5,4
3765,5,1
3766,5,2
3767,5,4
3768,5,2
3769,5,5
3770,5,1
3771,5,4
3772,5,4
3773,5,4
3774,5,1
3775,5,4
3776,5,3
3777,5,5
3778,5,5
3779,5,2
3780,5,5
3781,5,5
3782,5,2
3783,5,1
3784,5,4
3785,5,5
3786,5,1
3787,5,1
3788,5,1
3789,5,3
3790,5,4
3791,5,1
3792,5,4
3793,5,1
3794,5,4
3795,5,2
3796,5,2
3797,5,2
3798,5,1
3799,5,1
3800,5,1
3801,5,1
3802,5,4
3803,5,4
3804,5,3
3805,5,4
3806,5,5
3807,5,3
3808,5,3
3809,5,4
3810,5,4
3811,5,2
3812,5,4
3813,5,3
3814,5,5
3815,5,3
3816,5,4
3817,5,4
3818,5,4
3819,5,5
3820,5,5
3821,5,5
3822,5,5
3823,5,1
3824,5,3
3825,5,4
3826,5,5
3827,5,1
3828,5,4
3829,5,3
3830,5,4
3831,5,5
3832,5,2
3833,5,5
3834,5,1
3835,5,4
3836,5,4
3837,5,4
3838,5,4
3839,5,5
3840,5,2
3841,5,1
3842,5,2
3843,5,2
3844,5,2
3845,5,3
3846,5,3
3847,5,5
3848,5,3
3849,5,5
3850,5,2
3851,5,5
3852,5,1
3853,5,4
3854,5,5
3855,5,2
3856,5,2
3857,5,5
3858,5,1
3859,5,1
3860,5,1
3861,5,2
3862,5,2
3863,5,4
3864,5,1
3865,5,2
3866,5,4
3867,5,2
3868,5,1
3869,5,5
3870,5,5
3871,5,3
3872,5,3
3873,5,3
3874,5,4
3875,5,5
3876,5,5
3877,5,1
3878,5,4
3879,5,5
3880,5,5
3881,5,5
3882,5,3
3883,5,3
3884,5,5
3885,5,4
3886,5,5
3887,5,2
3888,5,5
3889,5,3
3890,5,4
3891,5,4
3892,5,1
3893,5,1
3894,5,5
3895,5,4
3896,5,4
3897,5,1
3898,5,1
3899,5,1
3900,5,1
3901,5,5
3902,5,5
3903,5,4
3904,5,4
3905,5,1
3906,5,3
3907,5,5
3908,5,5
3909,5,5
3910,5,2
3911,5,4
3912,5,5
3913,5,3
3914,5,5
3915,5,2
3916,5,5
3917,5,5
3918,5,1
3919,5,5
3920,5,5
3921,5,1
3922,5,2
3923,5,3
3924,5,2
3925,5,2
3926,5,1
3927,5,5
3928,5,5
3929,5,1
3930,5,1
3931,5,4
3932,5,5
3933,5,1
3934,5,1
3935,5,3
3936,5,4
3937,5,5
3938,5,5
3939,5,3
3940,5,5
3941,5,4
3942,5,5
3943,5,5
3944,5,4
3945,5,5
3946,5,4
3947,5,2
3948,5,5
3949,5,3
3950,5,3
3951,5,4
3952,5,4
3953,5,4
3954,5,5
3955,5,4
3956,5,1
3957,5,2
3958,5,4
3959,5,1
3960,5,3
3961,5,1
3962,5,2
3963,5,1
3964,5,1
3965,5,1
3966,5,3
3967,5,5
3968,5,4
3969,5,4
3970,5,3
3971,5,5
3972,5,4
3973,5,4
3974,5,5
3975,5,5
3976,5,5
3977,5,5
3978,5,5
3979,5,1
3980,5,5
3981,5,5
3982,5,1
3983,5,1
3984,5,1
3985,5,5
3986,5,1
3987,5,5
3988,5,1
3989,5,4
3990,5,5
3991,5,4
3992,5,3
3993,5,1
3994,5,1
3995,5,5
3996,5,5
3997,5,1
3998,5,1
3999,5,2
4000,5,1
4001,5,1
4002,5,5
4003,5,1
4004,5,1
4005,5,5
4006,5,3
4007,5,5
4008,5,5
4009,5,5
4010,5,4
4011,5,3
4012,5,2
4013,5,5
4014,5,3
4015,5,4
4016,5,5
4017,5,4
4018,5,5
4019,5,5
4020,5,4
4021,5,5
4022,5,4
4023,5,1
4024,5,3
4025,5,1
4026,5,1
4027,5,4
4028,5,4
4029,5,3
4030,5,4
4031,5,4
4032,5,1
4033,5,3
4034,5,5
4035,5,1
4036,5,3
4037,5,1
4038,5,1
4039,5,1
4040,5,2
4041,5,3
4042,5,1
4043,5,1
4044,5,4
4045,5,1
4046,5,5
4047,5,3
4048,5,5
4049,5,3
4050,5,4
4051,5,2
4052,5,4
4053,5,5
4054,5,5
4055,5,4
4056,5,3
4057,5,5
4058,5,4
4059,5,3
4060,5,1
4061,5,1
4062,5,2
4063,5,1
4064,5,4
4065,5,2
4066,5,4
4067,5,2
4068,5,1
4069,5,5
4070,5,1
4071,5,1
4072,5,3
4073,5,5
4074,5,1
4075,5,3
4076,5,4
4077,5,1
4078,5,5
4079,5,1
4080,5,5
4081,5,5
4082,5,4
4083,5,5
4084,5,2
4085,5,4
4086,5,5
4087,5,3
4088,5,2
4089,5,4
4090,5,5
4091,5,5
4092,5,1
4093,5,1
4094,5,4
4095,5,3
4096,5,4
4097,5,1
4098,5,1
4099,5,2
4100,5,4
4101,5,1
4102,5,4
4103,5,3
4104,5,3
4105,5,1
4106,5,2
4107,5,4
4108,5,5
4109,5,2
4110,5,5
4111,5,4
4112,5,5
4113,5,4
4114,5,4
4115,5,2
4116,5,1
4117,5,4
4118,5,4
4119,5,5
4120,5,5
4121,5,3
4122,5,5
4123,5,5
4124,5,5
4125,5,4
4126,5,3
4127,5,5
4128,5,2
4129,5,5
4130,5,5
4131,5,2
4132,5,1
4133,5,4
4134,5,1
4135,5,4
4136,5,4
4137,5,3
4138,5,5
4139,5,4
4140,5,4
4141,5,5
4142,5,5
4143,5,4
4144,5,1
4145,5,5
4146,5,5
4147,5,2
4148,5,4
4149,5,4
4150,5,1
4151,5,1
4152,5,1
4153,5,1
4154,5,3
4155,5,5
4156,5,1
4157,5,5
4158,5,1
4159,5,5
4160,5,2
4161,5,4
4162,5,4
4163,5,4
4164,5,5
4165,5,5
4166,5,5
4167,5,5
4168,5,4
4169,5,3
4170,5,4
4171,5,3
4172,5,5
4173,5,5
4174,5,1
4175,5,5
4176,5,4
4177,5,1
4178,5,1
4179,5,1
4180,5,1
4181,5,4
4182,5,4
4183,5,1
4184,5,4
4185,5,4
4186,5,1
4187,5,1
4188,5,2
4189,5,1
4190,5,1
4191,5,3
4192,5,1
4193,5,3
4194,5,4
4195,5,2
4196,5,5
4197,5,3
4198,5,3
4199,5,3
4200,5,5
4201,5,5
4202,5,2
4203,5,3
4204,5,4
4205,5,1
4206,5,4
4207,5,4
4208,5,4
4209,5,1
4210,5,4
4211,5,1
4212,5,1
4213,5,1
4214,5,1
4215,5,1
4216,5,1
4217,5,4
4218,5,2
4219,5,1
4220,5,3
4221,5,5
4222,5,4
4223,5,5
4224,5,3
4225,5,2
4226,5,3
4227,5,5
4228,5,5
4229,5,5
4230,5,5
4231,5,3
4232,5,5
4233,5,5
4234,5,5
4235,5,4
4236,5,1
4237,5,1
4238,5,3
4239,5,3
4240,5,3
4241,5,5
4242,5,4
4243,5,3
4244,5,1
4245,5,2
4246,5,1
4247,5,4
4248,5,5
4249,5,2
4250,5,4
4251,5,1
4252,5,1
4253,5,1
4254,5,3
4255,5,1
4256,5,1
4257,5,2
4258,5,4
4259,5,1
4260,5,4
4261,5,5
4262,5,4
4263,5,4
4264,5,5
4265,5,4
4266,5,3
4267,5,4
4268,5,5
4269,5,5
4270,5,5
4271,5,5
4272,5,4
4273,5,3
4274,5,5
4275,5,5
4276,5,4
4277,5,1
4278,5,1
4279,5,3
4280,5,4
4281,5,5
4282,5,5
4283,5,1
4284,5,3
4285,5,4
4286,5,1
4287,5,4
4288,5,4
4289,5,1
4290,5,1
4291,5,4
4292,5,1
4293,5,5
4294,5,4
4295,5,4
4296,5,5
4297,5,3
4298,5,3
4299,5,5
4300,5,4
4301,5,4
4302,5,4
4303,5,4
4304,5,4
4305,5,5
4306,5,3
4307,5,1
4308,5,1
4309,5,1
4310,5,3
4311,5,1
4312,5,1
4313,5,4
4314,5,3
4315,5,5
4316,5,4
4317,5,1
4318,5,4
4319,5,1
4320,5,1
4321,5,1
4322,5,1
4323,5,4
4324,5,1
4325,5,3
4326,5,5
4327,5,1
4328,5,4
4329,5,5
4330,5,5
4331,5,3
4332,5,4
4333,5,3
4334,5,4
4335,5,4
4336,5,4
4337,5,5
4338,5,5
4339,5,2
4340,5,2
4341,5,4
4342,5,1
4343,5,4
4344,5,4
4345,5,3
4346,5,1
4347,5,1
4348,5,3
4349,5,5
4350,5,4
4351,5,4
4352,5,4
4353,5,4
4354,5,4
4355,5,4
4356,5,1
4357,5,1
4358,5,5
4359,5,5
4360,5,5
4361,5,1
4362,5,1
4363,5,1
4364,5,2
4365,5,4
4366,5,2
4367,5,4
4368,5,5
4369,5,4
4370,5,2
4371,5,4
4372,5,4
4373,5,3
4374,5,5
4375,5,2
4376,5,5
4377,5,5
4378,5,3
4379,5,5
4380,5,2
4381,5,1
4382,5,3
4383,5,5
4384,5,3
4385,5,2
4386,5,2
4387,5,3
4388,5,4
4389,5,5
4390,5,5
4391,5,2
4392,5,3
4393,5,4
4394,5,1
4395,5,1
4396,5,2
4397,5,1
4398,5,4
4399,5,2
4400,5,1
4401,5,1
4402,5,5
4403,5,4
4404,5,4
4405,5,4
4406,5,1
4407,5,3
4408,5,4
4409,5,1
4410,5,5
4411,5,4
4412,5,2
4413,5,5
4414,5,5
4415,5,5
4416,5,5
4417,5,5
4418,5,3
4419,5,3
4420,5,1
4421,5,4
4422,5,1
4423,5,4
4424,5,1
4425,5,4
4426,5,1
4427,5,1
4428,5,3
4429,5,1
4430,5,4
4431,5,5
4432,5,5
4433,5,1
4434,5,2
4435,5,1
4436,5,4
4437,5,1
4438,5,1
4439,5,5
4440,5,3
4441,5,1
4442,5,2
4443,5,1
4444,5,2
4445,5,5
4446,5,4
4447,5,2
4448,5,3
4449,5,5
4450,5,1
4451,5,3
4452,5,4
4453,5,4
4454,5,5
4455,5,5
4456,5,5
4457,5,5
4458,5,3
4459,5,3
4460,5,3
4461,5,5
4462,5,5
4463,5,1
4464,5,5
4465,5,4
4466,5,3
4467,5,5
4468,5,1
4469,5,5
4470,5,1
4471,5,1
4472,5,1
4473,5,1
4474,5,4
4475,5,4
4476,5,5
4477,5,1
4478,5,1
4479,5,5
4480,5,3
4481,5,4
4482,5,3
4483,5,3
4484,5,2
4485,5,2
4486,5,4
4487,5,5
4488,5,1
4489,5,5
4490,5,4
4491,5,1
4492,5,3
4493,5,3
4494,5,1
4495,5,5
4496,5,5
4497,5,5
4498,5,5
4499,5,5
4500,5,5
4501,5,3
4502,5,5
4503,5,5
4504,5,4
4505,5,4
4506,5,4
4507,5,5
4508,5,5
4509,5,1
4510,5,5
4511,5,3
4512,5,1
4513,5,5
4514,5,4
4515,5,1
4516,5,1
4517,5,5
4518,5,1
4519,5,1
4520,5,2
4521,5,4
4522,5,4
4523,5,1
4524,5,4
4525,5,1
4526,5,1
4527,5,4
4528,5,5
4529,5,3
4530,5,5
4531,5,5
4532,5,1
4533,5,2
4534,5,3
4535,5,5
4536,5,5
4537,5,5
4538,5,5
4539,5,1
4540,5,4
4541,5,3
4542,5,5
4543,5,3
4544,5,5
4545,5,1
4546,5,1
4547,5,3
4548,5,4
4549,5,1
4550,5,5
4551,5,2
4552,5,5
4553,5,4
4554,5,5
4555,5,2
4556,5,1
4557,5,4
4558,5,4
4559,5,1
4560,5,5
4561,5,1
4562,5,5
4563,5,5
4564,5,5
4565,5,3
4566,5,4
4567,5,5
4568,5,3
4569,5,5
4570,5,5
4571,5,4
4572,5,5
4573,5,5
4574,5,4
4575,5,4
4576,5,3
4577,5,4
4578,5,5
4579,5,1
4580,5,4
4581,5,4
4582,5,2
4583,5,5
4584,5,5
4585,5,2
4586,5,4
4587,5,4
4588,5,5
4589,5,1
4590,5,2
4591,5,1
4592,5,1
4593,5,4
4594,5,5
4595,5,4
4596,5,4
4597,5,5
4598,5,5
4599,5,3
4600,5,5
4601,5,3
4602,5,3
4603,5,5
4604,5,5
4605,5,3
4606,5,1
4607,5,5
4608,5,5
4609,5,5
4610,5,2
4611,5,3
4612,5,5
4613,5,1
4614,5,1
4615,5,1
4616,5,4
4617,5,4
4618,5,2
4619,5,4
4620,5,3
4621,5,1
4622,5,3
4623,5,1
4624,5,3
4625,5,3
4626,5,3
4627,5,2
4628,5,2
4629,5,5
4630,5,3
4631,5,4
4632,5,4
4633,5,5
4634,5,4
4635,5,5
4636,5,5
4637,5,5
4638,5,3
4639,5,5
4640,5,5
4641,5,5
4642,5,3
4643,5,3
4644,5,3
4645,5,5
4646,5,5
4647,5,4
4648,5,2
4649,5,4
4650,5,1
4651,5,5
4652,5,5
4653,5,4
4654,5,3
4655,5,1
4656,5,1
4657,5,5
4658,5,1
4659,5,1
4660,5,1
4661,5,5
4662,5,1
4663,5,1
4664,5,1
4665,5,1
4666,5,4
4667,5,5
4668,5,5
4669,5,5
4670,5,3
4671,5,4
4672,5,5
4673,5,3
4674,5,4
4675,5,5
4676,5,5
4677,5,1
4678,5,5
4679,5,5
4680,5,5
4681,5,4
4682,5,5
4683,5,4
4684,5,4
4685,5,2
4686,5,2
4687,5,4
4688,5,1
4689,5,4
4690,5,1
4691,5,4
4692,5,4
4693,5,1
4694,5,4
4695,5,5
4696,5,4
4697,5,1
4698,5,3
4699,5,1
4700,5,5
4701,5,2
4702,5,4
4703,5,1
4704,5,4
4705,5,4
4706,5,1
4707,5,4
4708,5,5
4709,5,1
4710,5,5
4711,5,3
4712,5,4
4713,5,5
4714,5,4
4715,5,3
4716,5,5
4717,5,5
4718,5,3
4719,5,3
4720,5,3
4721,5,4
4722,5,3
4723,5,4
4724,5,5
4725,5,1
4726,5,1
4727,5,3
4728,5,4
4729,5,5
4730,5,1
4731,5,4
4732,5,4
4733,5,2
4734,5,4
4735,5,2
4736,5,1
4737,5,1
4738,5,2
4739,5,1
4740,5,2
4741,5,5
4742,5,5
4743,5,5
4744,5,5
4745,5,4
4746,5,5
4747,5,3
4748,5,3
4749,5,4
4750,5,5
4751,5,3
4752,5,3
4753,5,5
4754,5,3
4755,5,3
4756,5,5
4757,5,5
4758,5,1
4759,5,4
4760,5,4
4761,5,3
4762,5,4
4763,5,5
4764,5,4
4765,5,1
4766,5,5
4767,5,5
4768,5,1
4769,5,1
4770,5,4
4771,5,1
4772,5,2
4773,5,5
4774,5,1
4775,5,1
4776,5,1
4777,5,1
4778,5,3
4779,5,4
4780,5,5
4781,5,3
4782,5,5
4783,5,5
4784,5,5
4785,5,4
4786,5,3
4787,5,4
4788,5,5
4789,5,4
4790,5,5
4791,5,3
4792,5,1
4793,5,4
4794,5,1
4795,5,5
4796,5,3
4797,5,4
4798,5,5
4799,5,5
4800,5,2
4801,5,4
4802,5,2
4803,5,4
4804,5,1
4805,5,5
4806,5,3
4807,5,5
4808,5,5
4809,5,3
4810,5,4
4811,5,3
4812,5,1
4813,5,4
4814,5,3
4815,5,1
4816,5,2
4817,5,4
4818,5,1
4819,5,1
4820,5,3
4821,5,4
4822,5,5
4823,5,5
4824,5,5
4825,5,4
4826,5,5
4827,5,4
4828,5,4
4829,5,1
4830,5,2
4831,5,5
4832,5,3
4833,5,3
4834,5,5
4835,5,5
4836,5,4
4837,5,1
4838,5,2
4839,5,4
4840,5,5
4841,5,4
4842,5,1
4843,5,4
4844,5,5
4845,5,3
4846,5,3
4847,5,4
4848,5,1
4849,5,1
4850,5,1
4851,5,1
4852,5,2
4853,5,4
4854,5,4
4855,5,1
4856,5,2
4857,5,5
4858,5,4
4859,5,5
4860,5,4
4861,5,4
4862,5,5
4863,5,4
4864,5,5
4865,5,4
4866,5,5
4867,5,4
4868,5,3
4869,5,1
4870,5,2
4871,5,4
4872,5,5
4873,5,4
4874,5,3
4875,5,5
4876,5,3
4877,5,5
4878,5,5
4879,5,5
4880,5,3
4881,5,3
4882,5,4
4883,5,1
4884,5,4
4885,5,2
4886,5,5
4887,5,1
4888,5,1
4889,5,4
4890,5,1
4891,5,1
4892,5,1
4893,5,5
4894,5,3
4895,5,4
4896,5,1
4897,5,4
4898,5,5
4899,5,5
4900,5,3
4901,5,4
4902,5,3
4903,5,3
4904,5,5
4905,5,2
4906,5,5
4907,5,5
4908,5,4
4909,5,5
4910,5,1
4911,5,2
4912,5,4
4913,5,1
4914,5,4
4915,5,3
4916,5,1
4917,5,4
4918,5,5
4919,5,1
4920,5,4
4921,5,1
4922,5,1
4923,5,4
4924,5,1
4925,5,5
4926,5,5
4927,5,5
4928,5,2
4929,5,5
4930,5,3
4931,5,5
4932,5,5
4933,5,5
4934,5,5
4935,5,4
4936,5,4
4937,5,3
4938,5,5
4939,5,5
4940,5,1
4941,5,4
4942,5,4
4943,5,2
4944,5,3
4945,5,5
4946,5,1
4947,5,3
4948,5,1
4949,5,1
4950,5,5
4951,5,4
4952,5,4
4953,5,2
4954,5,2
4955,5,5
4956,5,5
4957,5,5
4958,5,4
4959,5,3
4960,5,5
4961,5,5
4962,5,3
4963,5,4
4964,5,3
4965,5,4
4966,5,5
4967,5,3
4968,5,5
4969,5,4
4970,5,2
4971,5,4
4972,5,5
4973,5,4
4974,5,1
4975,5,4
4976,5,4
4977,5,1
4978,5,4
4979,5,4
4980,5,4
4981,5,2
4982,5,5
4983,5,4
4984,5,2
4985,5,4
4986,5,4
4987,5,1
4988,5,4
4989,5,5
4990,5,4
4991,5,5
4992,5,4
4993,5,5
4994,5,2
4995,5,5
4996,5,5
4997,5,5
4998,5,2
4999,5,1
5000,5,5
5001,5,3
5002,5,5
5003,5,5
5004,5,5
5005,5,5
5006,5,3
5007,5,5
5008,5,3
5009,5,3
5010,5,5
5011,5,5
5012,5,4
5013,5,1
5014,5,1
5015,5,1
5016,5,4
5017,5,5
5018,5,3
5019,5,3
5020,5,4
5021,5,1
5022,5,4
5023,5,5
5024,5,4
5025,5,5
5026,5,5
5027,5,2
5028,5,2
5029,5,4
5030,5,4
5031,5,5
5032,5,5
5033,5,4
5034,5,4
5035,5,4
5036,5,4
5037,5,5
5038,5,5
5039,5,4
5040,5,1
5041,5,4
5042,5,1
5043,5,2
5044,5,1
5045,5,4
5046,5,3
5047,5,2
5048,5,4
5049,5,4
5050,5,4
5051,5,1
5052,5,4
5053,5,4
5054,5,3
5055,5,1
5056,5,2
5057,5,1
5058,5,3
5059,5,3
5060,5,1
5061,5,1
5062,5,4
5063,5,4
5064,5,3
5065,5,5
5066,5,5
5067,5,3
5068,5,4
5069,5,5
5070,5,3
5071,5,5
5072,5,4
5073,5,5
5074,5,3
5075,5,1
5076,5,5
5077,5,5
5078,5,5
5079,5,4
5080,5,3
5081,5,3
5082,5,3
5083,5,1
5084,5,1
5085,5,5
5086,5,3
5087,5,2
5088,5,4
5089,5,3
5090,5,1
5091,5,3
5092,5,3
5093,5,1
5094,5,4
5095,5,1
5096,5,5
5097,5,1
5098,5,1
5099,5,4
5100,5,4
5101,5,3
5102,5,4
5103,5,5
5104,5,5
5105,5,4
5106,5,4
5107,5,5
5108,5,4
5109,5,3
5110,5,1
5111,5,4
5112,5,5
5113,5,3
5114,5,3
5115,5,1
5116,5,4
5117,5,1
5118,5,4
5119,5,5
5120,5,4
5121,5,4
5122,5,5
5123,5,1
5124,5,2
5125,5,4
5126,5,1
5127,5,1
5128,5,1
5129,5,1
5130,5,4
5131,5,2
5132,5,5
5133,5,1
5134,5,1
5135,5,4
5136,5,4
5137,5,2
5138,5,4
5139,5,2
5140,5,1
5141,5,5
5142,5,4
5143,5,4
5144,5,5
5145,5,2
5146,5,1
5147,5,5
5148,5,2
5149,5,5
5150,5,3
5151,5,4
5152,5,1
5153,5,5
5154,5,5
5155,5,1
5156,5,5
5157,5,1
5158,5,1
5159,5,2
5160,5,1
5161,5,2
5162,5,4
5163,5,5
5164,5,1
5165,5,1
5166,5,4
5167,5,5
5168,5,3
5169,5,3
5170,5,5
5171,5,5
5172,5,5
5173,5,3
5174,5,3
5175,5,3
5176,5,5
5177,5,5
5178,5,3
5179,5,5
5180,5,4
5181,5,3
5182,5,4
5183,5,4
5184,5,4
5185,5,5
5186,5,5
5187,5,5
5188,5,5
5189,5,5
5190,5,5
5191,5,3
5192,5,5
5193,5,3
5194,5,1
5195,5,5
5196,5,3
5197,5,3
5198,5,5
5199,5,3
5200,5,4
5201,5,1
5202,5,4
5203,5,1
5204,5,4
5205,5,4
5206,5,1
5207,5,1
5208,5,4
5209,5,5
5210,5,5
5211,5,4
5212,5,5
5213,5,4
5214,5,5
5215,5,1
5216,5,5
5217,5,5
5218,5,4
5219,5,3
5220,5,5
5221,5,3
5222,5,3
5223,5,4
5224,5,5
5225,5,4
5226,5,4
5227,5,4
5228,5,5
5229,5,1
5230,5,2
5231,5,3
5232,5,3
5233,5,5
5234,5,3
5235,5,4
5236,5,4
5237,5,4
5238,5,1
5239,5,5
5240,5,1
5241,5,3
5242,5,3
5243,5,1
5244,5,1
5245,5,1
5246,5,5
5247,5,3
5248,5,4
5249,5,4
5250,5,2
5251,5,2
5252,5,1
5253,5,4
5254,5,1
5255,5,4
5256,5,3
5257,5,5
5258,5,5
5259,5,5
5260,5,3
5261,5,3
5262,5,4
5263,5,5
5264,5,5
5265,5,1
5266,5,1
5267,5,1
5268,5,4
5269,5,5
5270,5,1
5271,5,1
5272,5,2
5273,5,1
5274,5,1
5275,5,1
5276,5,1
5277,5,1
5278,5,1
5279,5,3
5280,5,5
5281,5,4
5282,5,5
5283,5,4
5284,5,4
5285,5,5
5286,5,3
5287,5,2
5288,5,5
5289,5,4
5290,5,5
5291,5,5
5292,5,4
5293,5,5
5294,5,5
5295,5,5
5296,5,3
5297,5,4
5298,5,1
5299,5,5
5300,5,4
5301,5,1
5302,5,4
5303,5,2
5304,5,3
5305,5,2
5306,5,4
5307,5,1
5308,5,2
5309,5,1
5310,5,3
5311,5,3
5312,5,5
5313,5,5
5314,5,3
5315,5,1
5316,5,5
5317,5,3
5318,5,3
5319,5,5
5320,5,4
5321,5,4
5322,5,1
5323,5,4
5324,5,1
5325,5,5
5326,5,1
5327,5,1
5328,5,1
5329,5,4
5330,5,4
5331,5,1
5332,5,1
5333,5,2
5334,5,1
5335,5,1
5336,5,1
5337,5,4
5338,5,5
5339,5,2
5340,5,5
5341,5,4
5342,5,5
5343,5,5
5344,5,5
5345,5,3
5346,5,4
5347,5,4
5348,5,2
5349,5,3
5350,5,5
5351,5,5
5352,5,5
5353,5,1
5354,5,1
5355,5,1
5356,5,1
5357,5,1
5358,5,1
5359,5,1
5360,5,3
5361,5,2
5362,5,4
5363,5,5
5364,5,4
5365,5,5
5366,5,5
5367,5,5
5368,5,5
5369,5,5
5370,5,3
5371,5,3
5372,5,5
5373,5,4
5374,5,4
5375,5,5
5376,5,1
5377,5,1
5378,5,4
5379,5,4
5380,5,3
5381,5,3
5382,5,1
5383,5,4
5384,5,1
5385,5,1
5386,5,1
5387,5,5
5388,5,3
5389,5,1
5390,5,1
5391,5,4
5392,5,4
5393,5,5
5394,5,1
5395,5,1
5396,5,1
5397,5,4
5398,5,5
5399,5,5
5400,5,3
5401,5,5
5402,5,5
5403,5,4
5404,5,4
5405,5,4
5406,5,1
5407,5,4
5408,5,5
5409,5,4
5410,5,1
5411,5,4
5412,5,4
5413,5,4
5414,5,1
5415,5,4
5416,5,4
5417,5,1
5418,5,4
5419,5,1
5420,5,1
5421,5,3
5422,5,3
5423,5,1
5424,5,5
5425,5,5
5426,5,4
5427,5,2
5428,5,3
5429,5,4
5430,5,4
5431,5,4
5432,5,4
5433,5,5
5434,5,3
5435,5,5
5436,5,5
5437,5,1
5438,5,2
5439,5,5
5440,5,4
5441,5,2
5442,5,4
5443,5,2
5444,5,4
5445,5,1
5446,5,4
5447,5,4
5448,5,4
5449,5,5
5450,5,3
5451,5,1
5452,5,4
5453,5,1
5454,5,4
5455,5,1
5456,5,1
5457,5,4
5458,5,1
5459,5,4
5460,5,1
5461,5,1
5462,5,1
5463,5,4
5464,5,4
5465,5,4
5466,5,5
5467,5,4
5468,5,2
5469,5,4
5470,5,5
5471,5,3
5472,5,2
5473,5,1
5474,5,2
5475,5,4
5476,5,5
5477,5,2
5478,5,3
5479,5,1
5480,5,1
5481,5,1
5482,5,2
5483,5,1
5484,5,1
5485,5,2
5486,5,4
5487,5,1
5488,5,4
5489,5,1
5490,5,1
5491,5,4
5492,5,1
5493,5,5
5494,5,2
5495,5,3
5496,5,4
5497,5,3
5498,5,4
5499,5,3
5500,5,2
5501,5,4
5502,5,5
5503,5,1
5504,5,5
5505,5,5
5506,5,2
5507,5,5
5508,5,3
5509,5,3
5510,5,4
5511,5,1
5512,5,1
5513,5,4
5514,5,4
5515,5,4
5516,5,1
5517,5,1
5518,5,5
5519,5,1
5520,5,3
5521,5,1
5522,5,4
5523,5,4
5524,5,5
5525,5,3
5526,5,4
5527,5,5
5528,5,5
5529,5,3
5530,5,5
5531,5,4
5532,5,3
5533,5,5
5534,5,4
5535,5,5
5536,5,4
5537,5,3
5538,5,3
5539,5,5
5540,5,3
5541,5,4
5542,5,3
5543,5,3
5544,5,1
5545,5,1
5546,5,4
5547,5,1
5548,5,5
5549,5,5
5550,5,5
5551,5,2
5552,5,5
5553,5,2
5554,5,2
5555,5,4
5556,5,1
5557,5,3
5558,5,1
5559,5,3
5560,5,1
5561,5,1
5562,5,1
5563,5,1
5564,5,4
5565,5,1
5566,5,3
5567,5,2
5568,5,1
5569,5,4
5570,5,4
5571,5,3
5572,5,3
5573,5,5
5574,5,3
5575,5,4
5576,5,3
5577,5,5
5578,5,2
5579,5,4
5580,5,5
5581,5,4
5582,5,4
5583,5,5
5584,5,5
5585,5,4
5586,5,3
5587,5,5
5588,5,4
5589,5,4
5590,5,2
5591,5,1
5592,5,1
5593,5,1
5594,5,1
5595,5,1
5596,5,1
5597,5,4
5598,5,1
5599,5,5
5600,5,1
5601,5,4
5602,5,5
5603,5,5
5604,5,5
5605,5,5
5606,5,4
5607,5,5
5608,5,1
5609,5,4
5610,5,4
5611,5,3
5612,5,3
5613,5,4
5614,5,1
5615,5,1
5616,5,5
5617,5,2
5618,5,5
5619,5,1
5620,5,3
5621,5,1
5622,5,1
5623,5,1
5624,5,5
5625,5,3
5626,5,4
5627,5,2
5628,5,5
5629,5,4
5630,5,5
5631,5,4
5632,5,2
5633,5,4
5634,5,5
5635,5,4
5636,5,5
5637,5,4
5638,5,5
5639,5,1
5640,5,5
5641,5,5
5642,5,3
5643,5,2
5644,5,5
5645,5,4
5646,5,4
5647,5,5
5648,5,4
5649,5,2
5650,5,1
5651,5,4
5652,5,4
5653,5,1
5654,5,4
5655,5,4
5656,5,2
5657,5,4
5658,5,1
5659,5,3
5660,5,1
5661,5,2
5662,5,1
5663,5,4
5664,5,4
5665,5,1
5666,5,2
5667,5,4
5668,5,5
5669,5,1
5670,5,1
5671,5,3
5672,5,3
5673,5,4
5674,5,5
5675,5,4
5676,5,3
5677,5,4
5678,5,3
5679,5,4
5680,5,5
5681,5,5
5682,5,4
5683,5,4
5684,5,3
5685,5,4
5686,5,5
5687,5,4
5688,5,5
5689,5,4
5690,5,4
5691,5,5
5692,5,4
5693,5,1
5694,5,1
5695,5,1
5696,5,3
5697,5,5
5698,5,3
5699,5,5
5700,5,5
5701,5,1
5702,5,4
5703,5,4
5704,5,1
5705,5,3
5706,5,4
5707,5,2
5708,5,1
5709,5,2
5710,5,2
5711,5,3
5712,5,2
5713,5,3
5714,5,3
5715,5,5
5716,5,3
5717,5,1
5718,5,4
5719,5,1
5720,5,4
5721,5,3
5722,5,5
5723,5,5
5724,5,1
5725,5,3
5726,5,1
5727,5,3
5728,5,4
5729,5,1
5730,5,5
5731,5,4
5732,5,3
5733,5,5
5734,5,1
5735,5,1
5736,5,1
5737,5,1
5738,5,1
5739,5,5
5740,5,4
5741,5,1
5742,5,4
5743,5,1
5744,5,4
5745,5,3
5746,5,5
5747,5,5
5748,5,5
5749,5,3
5750,5,4
5751,5,5
5752,5,1
5753,5,3
5754,5,1
5755,5,5
5756,5,5
5757,5,5
5758,5,3
5759,5,5
5760,5,1
5761,5,5
5762,5,4
5763,5,5
5764,5,5
5765,5,1
5766,5,3
5767,5,1
5768,5,1
5769,5,4
5770,5,3
5771,5,4
5772,5,3
5773,5,4
5774,5,1
5775,5,1
5776,5,5
5777,5,3
5778,5,4
5779,5,1
5780,5,4
5781,5,2
5782,5,4
5783,5,3
5784,5,5
5785,5,3
5786,5,4
5787,5,4
5788,5,4
5789,5,4
5790,5,5
5791,5,4
5792,5,5
5793,5,3
5794,5,4
5795,5,4
5796,5,3
5797,5,3
5798,5,1
5799,5,5
5800,5,1
5801,5,1
5802,5,4
5803,5,5
5804,5,1
5805,5,1
5806,5,4
5807,5,1
5808,5,1
5809,5,2
5810,5,1
5811,5,1
5812,5,4
5813,5,1
5814,5,1
5815,5,4
5816,5,3
5817,5,4
5818,5,5
5819,5,4
5820,5,3
5821,5,3
5822,5,5
5823,5,5
5824,5,3
5825,5,3
5826,5,3
5827,5,5
5828,5,3
5829,5,4
5830,5,1
5831,5,3
5832,5,1
5833,5,2
5834,5,5
5835,5,1
5836,5,1
5837,5,1
5838,5,4
5839,5,1
5840,5,2
5841,5,1
5842,5,1
5843,5,5
5844,5,1
5845,5,3
5846,5,3
5847,5,2
5848,5,1
5849,5,3
5850,5,4
5851,5,4
5852,5,3
5853,5,4
5854,5,5
5855,5,2
5856,5,4
5857,5,4
5858,5,4
5859,5,5
5860,5,1
5861,5,3
5862,5,5
5863,5,5
5864,5,3
5865,5,5
5866,5,5
5867,5,4
5868,5,5
5869,5,4
5870,5,3
5871,5,3
5872,5,4
5873,5,4
5874,5,4
5875,5,4
5876,5,3
5877,5,1
5878,5,4
5879,5,1
5880,5,4
5881,5,1
5882,5,1
5883,5,1
5884,5,2
5885,5,1
5886,5,4
5887,5,1
5888,5,2
5889,5,4
5890,5,2
5891,5,2
5892,5,1
5893,5,2
5894,5,5
5895,5,4
5896,5,1
5897,5,1
5898,5,5
5899,5,3
5900,5,2
5901,5,4
5902,5,5
5903,5,5
5904,5,5
5905,5,5
5906,5,3
5907,5,5
5908,5,4
5909,5,4
5910,5,2
5911,5,5
5912,5,5
5913,5,3
5914,5,3
5915,5,5
5916,5,5
5917,5,3
5918,5,4
5919,5,3
5920,5,2
5921,5,1
5922,5,1
5923,5,5
5924,5,1
5925,5,5
5926,5,1
5927,5,3
5928,5,1
5929,5,1
5930,5,4
5931,5,4
5932,5,1
5933,5,4
5934,5,1
5935,5,1
5936,5,3
5937,5,1
5938,5,1
5939,5,2
5940,5,1
5941,5,4
5942,5,5
5943,5,5
5944,5,4
5945,5,4
5946,5,4
5947,5,4
5948,5,4
5949,5,3
5950,5,3
5951,5,5
5952,5,5
5953,5,2
5954,5,5
5955,5,3
5956,5,2
5957,5,5
5958,5,3
5959,5,3
5960,5,3
5961,5,1
5962,5,2
5963,5,4
5964,5,1
5965,5,5
5966,5,2
5967,5,1
5968,5,3
5969,5,3
5970,5,2
5971,5,1
5972,5,3
5973,5,2
5974,5,4
5975,5,2
5976,5,5
5977,5,3
5978,5,4
5979,5,5
5980,5,3
5981,5,4
5982,5,5
5983,5,4
5984,5,4
5985,5,2
5986,5,5
5987,5,3
5988,5,1
5989,5,4
5990,5,1
5991,5,2
5992,5,1
5993,5,5
5994,5,4
5995,5,3
5996,5,1
5997,5,1
5998,5,4
5999,5,1
6000,5,1
6001,5,1
6002,5,4
6003,5,2
6004,5,4
6005,5,1
6006,5,1
6007,5,1
6008,5,1
6009,5,4
6010,5,3
6011,5,5
6012,5,5
6013,5,5
6014,5,3
6015,5,4
6016,5,3
6017,5,4
6018,5,3
6019,5,4
6020,5,4
6021,5,4
6022,5,3
6023,5,3
6024,5,5
6025,5,3
6026,5,5
6027,5,2
6028,5,1
6029,5,1
6030,5,1
6031,5,4
6032,5,1
6033,5,2
6034,5,5
6035,5,1
6036,5,4
6037,5,5
6038,5,3
6039,5,2
6040,5,3
6041,5,5
6042,5,5
6043,5,3
6044,5,4
6045,5,5
6046,5,3
6047,5,2
6048,5,3
6049,5,5
6050,5,4
6051,5,1
6052,5,3
6053,5,5
6054,5,3
6055,5,1
6056,5,3
6057,5,1
6058,5,4
6059,5,4
6060,5,3
6061,5,2
6062,5,1
6063,5,5
6064,5,4
6065,5,1
6066,5,5
6067,5,5
6068,5,4
6069,5,3
6070,5,5
6071,5,5
6072,5,5
6073,5,5
6074,5,3
6075,5,1
6076,5,4
6077,5,4
6078,5,5
6079,5,3
6080,5,5
6081,5,5
6082,5,1
6083,5,4
6084,5,4
6085,5,4
6086,5,4
6087,5,5
6088,5,4
6089,5,2
6090,5,4
6091,5,1
6092,5,1
6093,5,1
6094,5,1
6095,5,1
6096,5,1
6097,5,2
6098,5,3
6099,5,5
6100,5,3
6101,5,4
6102,5,1
6103,5,2
6104,5,3
6105,5,3
6106,5,5
6107,5,4
6108,5,4
6109,5,4
6110,5,4
6111,5,3
6112,5,4
6113,5,3
6114,5,5
6115,5,5
6116,5,3
6117,5,5
6118,5,5
6119,5,5
6120,5,4
6121,5,4
6122,5,4
6123,5,3
6124,5,5
6125,5,3
6126,5,5
6127,5,5
6128,5,2
6129,5,3
6130,5,1
6131,5,1
6132,5,1
6133,5,3
6134,5,3
6135,5,1
6136,5,1
6137,5,5
6138,5,2
6139,5,1
6140,5,1
6141,5,5
6142,5,5
6143,5,5
6144,5,4
6145,5,3
6146,5,5
6147,5,2
6148,5,5
6149,5,5
6150,5,5
6151,5,3
6152,5,5
6153,5,5
6154,5,4
6155,5,3
6156,5,3
6157,5,3
6158,5,5
6159,5,3
6160,5,5
6161,5,2
6162,5,4
6163,5,1
6164,5,1
6165,5,4
6166,5,3
6167,5,1
6168,5,2
6169,5,2
6170,5,4
6171,5,4
6172,5,4
6173,5,1
6174,5,1
6175,5,1
6176,5,1
6177,5,1
6178,5,1
6179,5,5
6180,5,3
6181,5,5
6182,5,5
6183,5,1
6184,5,4
6185,5,4
6186,5,5
6187,5,3
6188,5,4
6189,5,4
6190,5,3
6191,5,5
6192,5,1
6193,5,5
6194,5,3
6195,5,3
6196,5,4
6197,5,1
6198,5,1
6199,5,5
6200,5,1
6201,5,1
6202,5,5
6203,5,5
6204,5,3
6205,5,1
6206,5,1
6207,5,1
6208,5,3
6209,5,1
6210,5,1
6211,5,1
6212,5,1
6213,5,1
6214,5,1
6215,5,1
6216,5,1
6217,5,1
6218,5,1
6219,5,4
6220,5,3
6221,5,5
6222,5,4
6223,5,5
6224,5,3
6225,5,4
6226,5,5
6227,5,3
6228,5,3
6229,5,5
6230,5,1
6231,5,5
6232,5,5
6233,5,4
6234,5,4
6235,5,4
6236,5,5
6237,5,3
6238,5,1
6239,5,4
6240,5,5
6241,5,1
6242,5,4
6243,5,1
6244,5,1
6245,5,1
6246,5,5
6247,5,4
6248,5,1
6249,5,2
6250,5,1
6251,5,3
6252,5,4
6253,5,1
6254,5,2
6255,5,4
6256,5,2
6257,5,4
6258,5,1
6259,5,4
6260,5,3
6261,5,5
6262,5,5
6263,5,3
6264,5,3
6265,5,5
6266,5,5
6267,5,4
6268,5,3
6269,5,3
6270,5,4
6271,5,4
6272,5,4
6273,5,5
6274,5,3
6275,5,5
6276,5,5
6277,5,1
6278,5,1
6279,5,3
6280,5,2
6281,5,2
6282,5,3
6283,5,1
6284,5,1
6285,5,4
6286,5,1
6287,5,4
6288,5,1
6289,5,5
6290,5,4
6291,5,5
6292,5,5
6293,5,3
6294,5,4
6295,5,5
6296,5,5
6297,5,4
6298,5,5
6299,5,5
6300,5,5
6301,5,2
6302,5,4
6303,5,4
6304,5,4
6305,5,5
6306,5,5
6307,5,1
6308,5,4
6309,5,2
6310,5,4
6311,5,5
6312,5,4
6313,5,3
6314,5,1
6315,5,2
6316,5,1
6317,5,1
6318,5,1
6319,5,2
6320,5,5
6321,5,4
6322,5,1
6323,5,3
6324,5,1
6325,5,3
6326,5,4
6327,5,4
6328,5,3
6329,5,4
6330,5,4
6331,5,4
6332,5,1
6333,5,4
6334,5,2
6335,5,5
6336,5,5
6337,5,3
6338,5,4
6339,5,3
6340,5,4
6341,5,5
6342,5,4
6343,5,4
6344,5,5
6345,5,4
6346,5,3
6347,5,4
6348,5,1
6349,5,5
6350,5,3
6351,5,2
6352,5,5
6353,5,4
6354,5,3
6355,5,1
6356,5,3
6357,5,1
6358,5,2
6359,5,4
6360,5,2
6361,5,4
6362,5,4
6363,5,1
6364,5,1
6365,5,4
6366,5,2
6367,5,3
6368,5,4
6369,5,4
6370,5,3
6371,5,5
6372,5,5
6373,5,4
6374,5,4
6375,5,4
6376,5,3
6377,5,2
6378,5,1
6379,5,1
6380,5,2
6381,5,1
6382,5,3
6383,5,4
6384,5,1
6385,5,5
6386,5,3
6387,5,4
6388,5,1
6389,5,2
6390,5,4
6391,5,5
6392,5,3
6393,5,1
6394,5,1
6395,5,1
6396,5,4
6397,5,4
6398,5,1
6399,5,4
6400,5,1
6401,5,5
6402,5,4
6403,5,5
6404,5,4
6405,5,5
6406,5,3
6407,5,4
6408,5,2
6409,5,5
6410,5,3
6411,5,4
6412,5,3
6413,5,5
6414,5,4
6415,5,5
6416,5,5
6417,5,2
6418,5,3
6419,5,5
6420,5,1
6421,5,4
6422,5,3
6423,5,4
6424,5,4
6425,5,4
6426,5,5
6427,5,1
6428,5,1
6429,5,1
6430,5,3
6431,5,3
6432,5,1
6433,5,2
6434,5,2
6435,5,4
6436,5,5
6437,5,5
6438,5,4
6439,5,5
6440,5,2
6441,5,3
6442,5,4
6443,5,5
6444,5,3
6445,5,1
6446,5,5
6447,5,5
6448,5,4
6449,5,1
6450,5,1
6451,5,4
6452,5,4
6453,5,4
6454,5,1
6455,5,1
6456,5,4
6457,5,2
6458,5,1
6459,5,1
6460,5,1
6461,5,4
6462,5,1
6463,5,3
6464,5,2
6465,5,4
6466,5,4
6467,5,4
6468,5,4
6469,5,4
6470,5,4
6471,5,5
6472,5,5
6473,5,4
6474,5,3
6475,5,5
6476,5,5
6477,5,3
6478,5,5
6479,5,5
6480,5,5
6481,5,1
6482,5,4
6483,5,4
6484,5,1
6485,5,5
6486,5,3
6487,5,1
6488,5,1
6489,5,1
6490,5,1
6491,5,2
6492,5,1
6493,5,1
6494,5,1
6495,5,3
6496,5,1
6497,5,4
6498,5,5
6499,5,5
6500,5,3
6501,5,2
6502,5,3
6503,5,1
6504,5,5
6505,5,4
6506,5,4
6507,5,5
6508,5,2
6509,5,5
6510,5,5
6511,5,5
6512,5,5
6513,5,4
6514,5,4
6515,5,3
6516,5,4
6517,5,4
6518,5,3
6519,5,1
6520,5,1
6521,5,1
6522,5,1
6523,5,4
6524,5,2
6525,5,3
6526,5,2
6527,5,4
6528,5,4
6529,5,2
6530,5,5
6531,5,4
6532,5,4
6533,5,2
6534,5,1
6535,5,1
6536,5,5
6537,5,3
6538,5,5
6539,5,5
6540,5,5
6541,5,5
6542,5,5
6543,5,4
6544,5,3
6545,5,3
6546,5,3
6547,5,4
6548,5,1
6549,5,4
6550,5,4
6551,5,3
6552,5,2
6553,5,4
6554,5,4
6555,5,3
6556,5,1
6557,5,5
6558,5,4
6559,5,3
6560,5,5
6561,5,3
6562,5,1
6563,5,5
6564,5,4
6565,5,4
6566,5,1
6567,5,1
6568,5,1
6569,5,3
6570,5,1
6571,5,1
6572,5,1
6573,5,5
6574,5,4
6575,5,4
6576,5,5
6577,5,4
6578,5,5
6579,5,4
6580,5,5
6581,5,5
6582,5,5
6583,5,5
6584,5,3
6585,5,4
6586,5,3
6587,5,2
6588,5,5
6589,5,4
6590,5,5
6591,5,5
6592,5,3
6593,5,5
6594,5,4
6595,5,5
6596,5,4
6597,5,4
6598,5,2
6599,5,1
6600,5,5
6601,5,4
6602,5,4
6603,5,1
6604,5,5
6605,5,5
6606,5,1
6607,5,1
6608,5,1
6609,5,1
6610,5,2
6611,5,4
6612,5,4
6613,5,5
6614,5,5
6615,5,3
6616,5,3
6617,5,2
6618,5,4
6619,5,4
6620,5,1
6621,5,5
6622,5,5
6623,5,4
6624,5,4
6625,5,3
6626,5,5
6627,5,3
6628,5,3
6629,5,4
6630,5,4
6631,5,2
6632,5,5
6633,5,1
6634,5,4
6635,5,3
6636,5,4
6637,5,5
6638,5,1
6639,5,1
6640,5,4
6641,5,1
6642,5,1
6643,5,1
6644,5,3
6645,5,1
6646,5,1
6647,5,1
6648,5,2
6649,5,5
6650,5,4
6651,5,1
6652,5,4
6653,5,5
6654,5,5
6655,5,5
6656,5,1
6657,5,4
6658,5,5
6659,5,4
6660,5,5
6661,5,5
6662,5,3
6663,5,3
6664,5,5
6665,5,4
6666,5,4
6667,5,4
6668,5,1
6669,5,1
6670,5,3
6671,5,5
6672,5,5
6673,5,1
6674,5,1
6675,5,1
6676,5,1
6677,5,1
6678,5,3
6679,5,1
6680,5,3
6681,5,4
6682,5,5
6683,5,3
6684,5,4
6685,5,3
6686,5,3
6687,5,4
6688,5,4
6689,5,4
6690,5,4
6691,5,3
6692,5,4
6693,5,1
6694,5,3
6695,5,3
6696,5,1
6697,5,1
6698,5,3
6699,5,1
6700,5,4
6701,5,2
6702,5,3
6703,5,2
6704,5,4
6705,5,4
6706,5,4
6707,5,4
6708,5,3
6709,5,4
6710,5,5
6711,5,3
6712,5,1
6713,5,3
6714,5,5
6715,5,5
6716,5,1
6717,5,4
6718,5,2
6719,5,4
6720,5,5
6721,5,5
6722,5,5
6723,5,1
6724,5,4
6725,5,3
6726,5,5
6727,5,5
6728,5,4
6729,5,4
6730,5,5
6731,5,4
6732,5,1
6733,5,1
6734,5,1
6735,5,1
6736,5,4
6737,5,2
6738,5,2
6739,5,1
6740,5,1
6741,5,1
6742,5,4
6743,5,1
6744,5,3
6745,5,3
6746,5,1
6747,5,1
6748,5,1
6749,5,4
6750,5,3
6751,5,4
6752,5,4
6753,5,2
6754,5,5
6755,5,3
6756,5,3
6757,5,3
6758,5,1
6759,5,4
6760,5,5
6761,5,5
6762,5,5
6763,5,3
6764,5,5
6765,5,1
6766,5,5
6767,5,5
6768,5,3
6769,5,5
6770,5,1
6771,5,1
6772,5,3
6773,5,1
6774,5,1
6775,5,2
6776,5,5
6777,5,5
6778,5,2
6779,5,5
6780,5,4
6781,5,1
6782,5,4
6783,5,1
6784,5,1
6785,5,1
6786,5,2
6787,5,1
6788,5,1
6789,5,4
6790,5,4
6791,5,1
6792,5,1
6793,5,4
6794,5,4
6795,5,5
6796,5,5
6797,5,5
6798,5,5
6799,5,1
6800,5,1
6801,5,3
6802,5,4
6803,5,4
6804,5,4
6805,5,5
6806,5,2
6807,5,1
6808,5,2
6809,5,2
6810,5,3
6811,5,2
6812,5,4
6813,5,4
6814,5,1
6815,5,1
6816,5,1
6817,5,3
6818,5,4
6819,5,2
6820,5,4
6821,5,5
6822,5,5
6823,5,5
6824,5,3
6825,5,4
6826,5,3
6827,5,5
6828,5,2
6829,5,1
6830,5,5
6831,5,3
6832,5,5
6833,5,4
6834,5,5
6835,5,4
6836,5,3
6837,5,5
6838,5,4
6839,5,2
6840,5,1
6841,5,1
6842,5,3
6843,5,1
6844,5,4
6845,5,2
6846,5,1
6847,5,4
6848,5,3
6849,5,5
6850,5,3
6851,5,3
6852,5,5
6853,5,4
6854,5,4
6855,5,3
6856,5,2
6857,5,4
6858,5,5
6859,5,5
6860,5,1
6861,5,4
6862,5,5
6863,5,1
6864,5,1
6865,5,5
6866,5,5
6867,5,5
6868,5,3
6869,5,5
6870,5,2
6871,5,1
6872,5,5
6873,5,4
6874,5,1
6875,5,1
6876,5,2
6877,5,1
6878,5,5
6879,5,5
6880,5,5
6881,5,1
6882,5,1
6883,5,5
6884,5,1
6885,5,4
6886,5,5
6887,5,3
6888,5,3
6889,5,2
6890,5,5
6891,5,5
6892,5,3
6893,5,5
6894,5,5
6895,5,3
6896,5,4
6897,5,4
6898,5,1
6899,5,5
6900,5,4
6901,5,5
6902,5,3
6903,5,4
6904,5,5
6905,5,4
6906,5,2
6907,5,3
6908,5,4
6909,5,1
6910,5,2
6911,5,1
6912,5,1
6913,5,4
6914,5,4
6915,5,2
6916,5,4
6917,5,5
6918,5,1
6919,5,4
6920,5,5
6921,5,5
6922,5,5
6923,5,5
6924,5,3
6925,5,2
6926,5,5
6927,5,5
6928,5,4
6929,5,4
6930,5,5
6931,5,5
6932,5,5
6933,5,1
6934,5,3
6935,5,4
6936,5,1
6937,5,4
6938,5,2
6939,5,3
6940,5,1
6941,5,4
6942,5,1
6943,5,1
6944,5,1
6945,5,3
6946,5,1
6947,5,2
6948,5,5
6949,5,4
6950,5,1
6951,5,2
6952,5,4
6953,5,4
6954,5,3
6955,5,4
6956,5,4
6957,5,5
6958,5,1
6959,5,5
6960,5,5
6961,5,5
6962,5,5
6963,5,4
6964,5,3
6965,5,3
6966,5,4
6967,5,5
6968,5,4
6969,5,5
6970,5,4
6971,5,5
6972,5,4
6973,5,4
6974,5,5
6975,5,2
6976,5,4
6977,5,5
6978,5,5
6979,5,4
6980,5,1
6981,5,1
6982,5,5
6983,5,1
6984,5,2
6985,5,4
6986,5,4
6987,5,3
6988,5,3
6989,5,1
6990,5,1
6991,5,1
6992,5,4
6993,5,1
6994,5,4
6995,5,2
6996,5,2
6997,5,2
6998,5,1
6999,5,4
7000,5,2
7001,5,3
7002,5,5
7003,5,3
7004,5,4
7005,5,5
7006,5,2
7007,5,3
7008,5,4
7009,5,5
7010,5,3
7011,5,5
7012,5,1
7013,5,5
7014,5,2
7015,5,3
7016,5,4
7017,5,3
7018,5,5
7019,5,1
7020,5,1
7021,5,1
7022,5,3
7023,5,2
7024,5,1
7025,5,1
7026,5,4
7027,5,4
7028,5,3
7029,5,1
7030,5,5
7031,5,5
7032,5,3
7033,5,5
7034,5,2
7035,5,3
7036,5,5
7037,5,4
7038,5,1
7039,5,5
7040,5,4
7041,5,3
7042,5,1
7043,5,5
7044,5,4
7045,5,3
7046,5,3
7047,5,1
7048,5,1
7049,5,1
7050,5,4
7051,5,5
7052,5,1
7053,5,1
7054,5,2
7055,5,2
7056,5,5
7057,5,3
7058,5,1
7059,5,4
7060,5,1
7061,5,1
7062,5,1
7063,5,2
7064,5,4
7065,5,4
7066,5,1
7067,5,1
7068,5,1
7069,5,4
7070,5,4
7071,5,4
7072,5,4
7073,5,5
7074,5,5
7075,5,4
7076,5,5
7077,5,5
7078,5,4
7079,5,2
7080,5,3
7081,5,2
7082,5,1
7083,5,5
7084,5,1
7085,5,3
7086,5,4
7087,5,5
7088,5,1
7089,5,2
7090,5,4
7091,5,3
7092,5,4
7093,5,1
7094,5,4
7095,5,1
7096,5,1
7097,5,1
7098,5,1
7099,5,2
7100,5,5
7101,5,4
7102,5,3
7103,5,4
7104,5,1
7105,5,4
7106,5,3
7107,5,4
7108,5,5
7109,5,4
7110,5,5
7111,5,1
7112,5,4
7113,5,5
7114,5,5
7115,5,1
7116,5,5
7117,5,5
7118,5,4
7119,5,3
7120,5,1
7121,5,1
7122,5,1
7123,5,1
7124,5,4
7125,5,3
7126,5,3
7127,5,1
7128,5,1
7129,5,1
7130,5,1
7131,5,5
7132,5,4
7133,5,2
7134,5,3
7135,5,4
7136,5,3
7137,5,5
7138,5,2
7139,5,3
7140,5,3
7141,5,4
7142,5,5
7143,5,5
7144,5,2
7145,5,5
7146,5,1
7147,5,2
7148,5,5
7149,5,3
7150,5,5
7151,5,5
7152,5,5
7153,5,4
7154,5,4
7155,5,4
7156,5,1
7157,5,1
7158,5,1
7159,5,2
7160,5,1
7161,5,4
7162,5,3
7163,5,1
7164,5,1
7165,5,4
7166,5,1
7167,5,2
7168,5,1
7169,5,1
7170,5,2
7171,5,5
7172,5,1
7173,5,5
7174,5,3
7175,5,4
7176,5,1
7177,5,4
7178,5,3
7179,5,3
7180,5,4
7181,5,5
7182,5,5
7183,5,5
7184,5,4
7185,5,5
7186,5,4
7187,5,5
7188,5,5
7189,5,2
7190,5,1
7191,5,4
7192,5,5
7193,5,4
7194,5,1
7195,5,3
7196,5,2
7197,5,1
7198,5,3
7199,5,3
7200,5,4
7201,5,2
7202,5,1
7203,5,2
7204,5,1
7205,5,1
7206,5,1
7207,5,1
7208,5,1
7209,5,1
7210,5,5
7211,5,2
7212,5,4
7213,5,4
7214,5,3
7215,5,5
7216,5,5
7217,5,3
7218,5,5
7219,5,3
7220,5,4
7221,5,3
7222,5,4
7223,5,5
7224,5,5
7225,5,3
7226,5,1
7227,5,4
7228,5,1
7229,5,1
7230,5,3
7231,5,1
7232,5,5
7233,5,2
7234,5,2
7235,5,1
7236,5,2
7237,5,2
7238,5,1
7239,5,2
7240,5,5
7241,5,4
7242,5,5
7243,5,5
7244,5,5
7245,5,2
7246,5,5
7247,5,3
7248,5,4
7249,5,4
7250,5,2
7251,5,5
7252,5,3
7253,5,3
7254,5,5
7255,5,4
7256,5,1
7257,5,5
7258,5,4
7259,5,1
7260,5,4
7261,5,4
7262,5,1
7263,5,2
7264,5,1
7265,5,4
7266,5,1
7267,5,4
7268,5,3
7269,5,2
7270,5,3
7271,5,4
7272,5,5
7273,5,4
7274,5,5
7275,5,3
7276,5,4
7277,5,2
7278,5,2
7279,5,5
7280,5,5
7281,5,5
7282,5,4
7283,5,4
7284,5,5
7285,5,1
7286,5,5
7287,5,4
7288,5,2
7289,5,3
7290,5,4
7291,5,4
7292,5,1
7293,5,1
7294,5,1
7295,5,1
7296,5,1
7297,5,3
7298,5,2
7299,5,1
7300,5,1
7301,5,4
7302,5,2
7303,5,1
7304,5,1
7305,5,1
7306,5,1
7307,5,4
7308,5,3
7309,5,1
7310,5,1
7311,5,1
7312,5,3
7313,5,5
7314,5,4
7315,5,3
7316,5,4
7317,5,4
7318,5,2
7319,5,4
7320,5,3
7321,5,4
7322,5,3
7323,5,3
7324,5,4
7325,5,4
7326,5,1
7327,5,4
7328,5,5
7329,5,5
7330,5,4
7331,5,1
7332,5,1
7333,5,1
7334,5,4
7335,5,4
7336,5,5
7337,5,1
7338,5,4
7339,5,1
7340,5,4
7341,5,5
7342,5,3
7343,5,4
7344,5,2
7345,5,5
7346,5,3
7347,5,5
7348,5,5
7349,5,2
7350,5,3
7351,5,2
7352,5,4
7353,5,5
7354,5,2
7355,5,5
7356,5,1
7357,5,1
7358,5,4
7359,5,1
7360,5,4
7361,5,5
7362,5,1
7363,5,5
7364,5,4
7365,5,3
7366,5,2
7367,5,1
7368,5,1
7369,5,1
7370,5,1
7371,5,5
7372,5,1
7373,5,5
7374,5,1
7375,5,1
7376,5,4
7377,5,2
7378,5,3
7379,5,5
7380,5,3
7381,5,3
7382,5,5
7383,5,5
7384,5,3
7385,5,4
7386,5,5
7387,5,3
7388,5,3
7389,5,4
7390,5,5
7391,5,2
7392,5,1
7393,5,5
7394,5,1
7395,5,3
7396,5,1
7397,5,5
7398,5,1
7399,5,1
7400,5,5
7401,5,1
7402,5,1
7403,5,1
7404,5,4
7405,5,2
7406,5,5
7407,5,4
7408,5,2
7409,5,4
7410,5,3
7411,5,5
7412,5,5
7413,5,3
7414,5,3
7415,5,1
7416,5,3
7417,5,3
7418,5,3
7419,5,4
7420,5,5
7421,5,5
7422,5,3
7423,5,3
7424,5,5
7425,5,4
7426,5,1
7427,5,5
7428,5,3
7429,5,4
7430,5,4
7431,5,1
7432,5,4
7433,5,3
7434,5,1
7435,5,1
7436,5,1
7437,5,1
7438,5,1
7439,5,4
7440,5,3
7441,5,4
7442,5,2
7443,5,4
7444,5,4
7445,5,1
7446,5,4
7447,5,2
7448,5,5
7449,5,1
7450,5,4
7451,5,5
7452,5,4
7453,5,4
7454,5,5
7455,5,2
7456,5,3
7457,5,5
7458,5,3
7459,5,1
7460,5,1
7461,5,4
7462,5,4
7463,5,4
7464,5,4
7465,5,1
7466,5,1
7467,5,2
7468,5,3
7469,5,4
7470,5,4
7471,5,1
7472,5,1
7473,5,2
7474,5,4
7475,5,1
7476,5,3
7477,5,5
7478,5,5
7479,5,1
7480,5,5
7481,5,5
7482,5,5
7483,5,5
7484,5,1
7485,5,5
7486,5,5
7487,5,4
7488,5,5
7489,5,5
7490,5,5
7491,5,5
7492,5,5
7493,5,4
7494,5,1
7495,5,4
7496,5,4
7497,5,5
7498,5,5
7499,5,1
7500,5,1
7501,5,1
7502,5,1
7503,5,1
7504,5,1
7505,5,1
7506,5,1
7507,5,3
7508,5,4
7509,5,2
7510,5,3
7511,5,3
7512,5,5
7513,5,5
7514,5,4
7515,5,5
7516,5,4
7517,5,3
7518,5,5
7519,5,4
7520,5,2
7521,5,5
7522,5,4
7523,5,5
7524,5,4
7525,5,2
7526,5,5
7527,5,3
7528,5,2
7529,5,3
7530,5,3
7531,5,1
7532,5,4
7533,5,3
7534,5,1
7535,5,2
7536,5,3
7537,5,1
7538,5,1
7539,5,1
7540,5,1
7541,5,1
7542,5,1
7543,5,3
7544,5,1
7545,5,1
7546,5,1
7547,5,1
7548,5,1
7549,5,1
7550,5,1
7551,5,3
7552,5,3
7553,5,2
7554,5,2
7555,5,4
7556,5,2
7557,5,1
7558,5,2
7559,5,1
7560,5,2
7561,5,1
7562,5,4
7563,5,1
7564,5,5
7565,5,5
7566,5,3
7567,5,1
7568,5,1
7569,5,3
7570,5,1
7571,5,4
7572,5,1
7573,5,1
7574,5,1
7575,5,1
7576,5,1
7577,5,1
7578,5,1
7579,5,1
7580,5,1
7581,5,5
7582,5,5
7583,5,4
7584,5,1
7585,5,3
7586,5,2
7587,5,2
7588,5,2
7589,5,5
7590,5,3
7591,5,3
7592,5,2
7593,5,3
7594,5,4
7595,5,1
7596,5,2
7597,5,1
7598,5,1
7599,5,1
7600,5,1
7601,5,1
7602,5,1
7603,5,1
7604,5,2
7605,5,3
7606,5,2
7607,5,1
7608,5,1
7609,5,1
7610,5,3
7611,5,1
7612,5,1
7613,5,1
7614,5,1
7615,5,1
7616,5,1
7617,5,1
7618,5,1
7619,5,1
7620,5,1
7621,5,1
7622,5,1
7623,5,4
7624,5,5
7625,5,3
7626,5,2
7627,5,1
7628,5,4
7629,5,1
7630,5,2
7631,5,1
7632,5,5
7633,5,3
7634,5,2
7635,5,4
7636,5,4
7637,5,5
7638,5,2
7639,5,3
7640,5,3
7641,5,3
7642,5,3
7643,5,4
7644,5,1
7645,5,1
7646,5,1
7647,5,3
7648,5,3
7649,5,1
7650,5,3
7651,5,4
7652,5,1
7653,5,5
7654,5,4
7655,5,1
7656,5,1
7657,5,1
7658,5,1
7659,5,1
7660,5,1
7661,5,1
7662,5,1
7663,5,1
7664,5,1
7665,5,1
7666,5,3
7667,5,3
7668,5,4
7669,5,3
7670,5,2
7671,5,3
7672,5,3
7673,5,4
7674,5,3
7675,5,3
7676,5,3
7677,5,5
7678,5,2
7679,5,4
7680,5,1
7681,5,3
7682,5,3
7683,5,4
7684,5,3
7685,5,4
7686,5,1
7687,5,2
7688,5,1
7689,5,3
7690,5,1
7691,5,1
7692,5,1
7693,5,2
7694,5,1
7695,5,1
7696,5,1
7697,5,1
7698,5,3
7699,5,4
7700,5,3
7701,5,4
7702,5,3
7703,5,3
7704,5,3
7705,5,3
7706,5,1
7707,5,3
7708,5,1
7709,5,4
7710,5,2
7711,5,4
7712,5,5
7713,5,3
7714,5,1
7715,5,1
7716,5,1
7717,5,3
7718,5,4
7719,5,5
7720,5,1
7721,5,1
7722,5,1
7723,5,3
7724,5,1
7725,5,1
7726,5,1
7727,5,1
7728,5,3
7729,5,1
7730,5,1
7731,5,1
7732,5,1
7733,5,1
7734,5,1
7735,5,3
7736,5,3
7737,5,3
7738,5,3
7739,5,3
7740,5,5
7741,5,4
7742,5,3
7743,5,3
7744,5,3
7745,5,1
7746,5,3
7747,5,3
7748,5,4
7749,5,5
7750,5,2
7751,5,3
7752,5,2
7753,5,1
7754,5,1
7755,5,1
7756,5,2
7757,5,3
7758,5,4
7759,5,1
7760,5,1
7761,5,1
7762,5,1
7763,5,1
7764,5,1
7765,5,1
7766,5,1
7767,5,1
7768,5,1
7769,5,1
7770,5,4
7771,5,4
7772,5,4
7773,5,3
7774,5,3
7775,5,3
7776,5,5
7777,5,1
7778,5,1
7779,5,2
7780,5,1
7781,5,3
7782,5,4
7783,5,5
7784,5,1
7785,5,1
7786,5,1
7787,5,1
7788,5,1
7789,5,1
7790,5,3
7791,5,4
7792,5,3
7793,5,1
7794,5,1
7795,5,1
7796,5,1
7797,5,1
7798,5,1
7799,5,1
7800,5,1
7801,5,1
7802,5,4
7803,5,4
7804,5,3
7805,5,4
7806,5,1
7807,5,4
7808,5,3
7809,5,4
7810,5,3
7811,5,3
7812,5,5
7813,5,3
7814,5,5
7815,5,3
7816,5,4
7817,5,1
7818,5,3
7819,5,1
7820,5,1
7821,5,1
7822,5,1
7823,5,1
7824,5,4
7825,5,2
7826,5,1
7827,5,3
7828,5,4
7829,5,1
7830,5,1
7831,5,1
7832,5,1
7833,5,1
7834,5,3
7835,5,3
7836,5,1
7837,5,2
7838,5,3
7839,5,4
7840,5,3
7841,5,1
7842,5,1
7843,5,3
7844,5,2
7845,5,4
7846,5,4
7847,5,1
7848,5,3
7849,5,5
7850,5,1
7851,5,1
7852,5,4
7853,5,2
7854,5,2
7855,5,1
7856,5,1
7857,5,1
7858,5,1
7859,5,1
7860,5,1
7861,5,1
7862,5,1
7863,5,1
7864,5,1
7865,5,1
7866,5,1
7867,5,1
7868,5,3
7869,5,5
7870,5,2
7871,5,4
7872,5,5
7873,5,3
7874,5,3
7875,5,5
7876,5,3
7877,5,3
7878,5,2
7879,5,3
7880,5,4
7881,5,4
7882,5,3
7883,5,1
7884,5,1
7885,5,3
7886,5,5
7887,5,2
7888,5,1
7889,5,1
7890,5,1
7891,5,1
7892,5,1
7893,5,1
7894,5,1
7895,5,3
7896,5,1
7897,5,1
7898,5,1
7899,5,1
7900,5,1
7901,5,4
7902,5,3
7903,5,3
7904,5,3
7905,5,4
7906,5,1
7907,5,4
7908,5,4
7909,5,1
7910,5,3
7911,5,1
7912,5,1
7913,5,3
7914,5,4
7915,5,3
7916,5,3
7917,5,3
7918,5,4
7919,5,4
7920,5,3
7921,5,3
7922,5,4
7923,5,1
7924,5,1
7925,5,3
7926,5,2
7927,5,1
7928,5,3
7929,5,3
7930,5,1
7931,5,1
7932,5,1
7933,5,1
7934,5,1
7935,5,1
7936,5,1
7937,5,1
7938,5,1
7939,5,2
7940,5,4
7941,5,5
7942,5,3
7943,5,1
7944,5,4
7945,5,5
7946,5,5
7947,5,2
7948,5,2
7949,5,2
7950,5,4
7951,5,4
7952,5,3
7953,5,2
7954,5,1
7955,5,3
7956,5,4
7957,5,2
7958,5,4
7959,5,1
7960,5,1
7961,5,1
7962,5,4
7963,5,1
7964,5,1
7965,5,3
7966,5,4
7967,5,1
7968,5,3
7969,5,1
7970,5,3
7971,5,3
7972,5,1
7973,5,1
7974,5,1
7975,5,1
7976,5,1
7977,5,1
7978,5,1
7979,5,1
7980,5,1
7981,5,1
7982,5,2
7983,5,1
7984,5,3
7985,5,3
7986,5,2
7987,5,5
7988,5,5
7989,5,4
7990,5,4
7991,5,5
7992,5,3
7993,5,1
7994,5,3
7995,5,3
7996,5,1
7997,5,3
7998,5,2
7999,5,2
8000,5,5
8001,5,5
8002,5,4
8003,5,2
8004,5,2
8005,5,5
8006,5,1
8007,5,1
8008,5,2
8009,5,5
8010,5,1
8011,5,3
8012,5,1
8013,5,1
8014,5,1
8015,5,1
8016,5,1
8017,5,1
8018,5,1
8019,5,1
8020,5,1
8021,5,1
8022,5,3
8023,5,1
8024,5,1
8025,5,1
8026,5,1
8027,5,1
8028,5,1
8029,5,1
8030,5,1
8031,5,1
8032,5,1
8033,5,3
8034,5,4
8035,5,2
8036,5,3
8037,5,2
8038,5,2
8039,5,4
8040,5,4
8041,5,4
8042,5,4
8043,5,4
8044,5,2
8045,5,3
8046,5,4
8047,5,2
8048,5,4
8049,5,3
8050,5,4
8051,5,1
8052,5,3
8053,5,1
8054,5,1
8055,5,3
8056,5,1
8057,5,1
8058,5,1
8059,5,3
8060,5,2
8061,5,3
8062,5,1
8063,5,1
8064,5,1
8065,5,1
8066,5,1
8067,5,1
8068,5,1
8069,5,1
8070,5,1
8071,5,1
8072,5,1
8073,5,3
8074,5,4
8075,5,4
8076,5,4
8077,5,4
8078,5,1
8079,5,1
8080,5,5
8081,5,3
8082,5,3
8083,5,5
8084,5,5
8085,5,5
8086,5,3
8087,5,4
8088,5,4
8089,5,3
8090,5,3
8091,5,3
8092,5,1
8093,5,3
8094,5,1
8095,5,1
8096,5,2
8097,5,4
8098,5,2
8099,5,2
8100,5,4
8101,5,1
8102,5,1
8103,5,1
8104,5,1
8105,5,1
8106,5,2
8107,5,3
8108,5,3
8109,5,3
8110,5,2
8111,5,1
8112,5,4
8113,5,1
8114,5,3
8115,5,3
8116,5,4
8117,5,4
8118,5,4
8119,5,1
8120,5,4
8121,5,1
8122,5,3
8123,5,1
8124,5,3
8125,5,3
8126,5,1
8127,5,1
8128,5,3
8129,5,1
8130,5,1
8131,5,1
8132,5,1
8133,5,1
8134,5,1
8135,5,1
8136,5,1
8137,5,1
8138,5,1
8139,5,1
8140,5,4
8141,5,3
8142,5,4
8143,5,2
8144,5,3
8145,5,1
8146,5,1
8147,5,3
8148,5,3
8149,5,4
8150,5,1
8151,5,4
8152,5,2
8153,5,1
8154,5,5
8155,5,5
8156,5,5
8157,5,1
8158,5,4
8159,5,4
8160,5,5
8161,5,5
8162,5,5
8163,5,4
8164,5,5
8165,5,4
8166,5,2
8167,5,1
8168,5,1
8169,5,3
8170,5,3
8171,5,3
8172,5,4
8173,5,4
8174,5,1
8175,5,1
8176,5,1
8177,5,3
8178,5,1
8179,5,1
8180,5,1
8181,5,1
8182,5,1
8183,5,1
8184,5,1
8185,5,1
8186,5,1
8187,5,1
8188,5,1
8189,5,2
8190,5,5
8191,5,3
8192,5,5
8193,5,1
8194,5,1
8195,5,4
8196,5,2
8197,5,1
8198,5,1
8199,5,2
8200,5,4
8201,5,5
8202,5,4
8203,5,2
8204,5,5
8205,5,2
8206,5,1
8207,5,1
8208,5,3
8209,5,1
8210,5,1
8211,5,1
8212,5,1
8213,5,1
8214,5,2
8215,5,3
8216,5,1
8217,5,1
8218,5,1
8219,5,1
8220,5,1
8221,5,1
8222,5,1
8223,5,1
8224,5,1
8225,5,1
8226,5,1
8227,5,1
8228,5,1
8229,5,3
8230,5,3
8231,5,1
8232,5,3
8233,5,5
8234,5,3
8235,5,3
8236,5,3
8237,5,1
8238,5,3
8239,5,3
8240,5,1
8241,5,1
8242,5,1
8243,5,3
8244,5,3
8245,5,1
8246,5,1
8247,5,1
8248,5,3
8249,5,1
8250,5,1
8251,5,3
8252,5,1
8253,5,1
8254,5,1
8255,5,1
8256,5,1
8257,5,5
8258,5,3
8259,5,4
8260,5,1
8261,5,1
8262,5,3
8263,5,3
8264,5,4
8265,5,5
8266,5,2
8267,5,2
8268,5,1
8269,5,4
8270,5,3
8271,5,3
8272,5,3
8273,5,4
8274,5,3
8275,5,1
8276,5,1
8277,5,3
8278,5,3
8279,5,2
8280,5,3
8281,5,5
8282,5,4
8283,5,4
8284,5,3
8285,5,1
8286,5,1
8287,5,3
8288,5,1
8289,5,3
8290,5,1
8291,5,1
8292,5,3
8293,5,1
8294,5,1
8295,5,1
8296,5,1
8297,5,1
8298,5,1
8299,5,1
8300,5,5
8301,5,3
8302,5,4
8303,5,4
8304,5,3
8305,5,2
8306,5,5
8307,5,4
8308,5,3
8309,5,3
8310,5,4
8311,5,4
8312,5,3
8313,5,4
8314,5,2
8315,5,4
8316,5,1
8317,5,3
8318,5,1
8319,5,3
8320,5,3
8321,5,2
8322,5,1
8323,5,1
8324,5,3
8325,5,1
8326,5,1
8327,5,1
8328,5,2
8329,5,3
8330,5,5
8331,5,2
8332,5,3
8333,5,1
8334,5,1
8335,5,1
8336,5,1
8337,5,1
8338,5,1
8339,5,1
8340,5,1
8341,5,1
8342,5,1
8343,5,1
8344,5,1
8345,5,1
8346,5,5
8347,5,3
8348,5,2
8349,5,5
8350,5,4
8351,5,3
8352,5,2
8353,5,3
8354,5,3
8355,5,2
8356,5,4
8357,5,5
8358,5,4
8359,5,3
8360,5,4
8361,5,4
8362,5,5
8363,5,1
8364,5,3
8365,5,1
8366,5,1
8367,5,3
8368,5,1
8369,5,3
8370,5,3
8371,5,1
8372,5,1
8373,5,3
8374,5,1
8375,5,1
8376,5,1
8377,5,1
8378,5,1
8379,5,1
8380,5,1
8381,5,1
8382,5,3
8383,5,1
8384,5,1
8385,5,3
8386,5,4
8387,5,2
8388,5,2
8389,5,5
8390,5,5
8391,5,4
8392,5,3
8393,5,4
8394,5,3
8395,5,4
8396,5,3
8397,5,1
8398,5,4
8399,5,1
8400,5,5
8401,5,5
8402,5,1
8403,5,1
8404,5,1
8405,5,1
8406,5,5
8407,5,2
8408,5,1
8409,5,1
8410,5,1
8411,5,1
8412,5,3
8413,5,1
8414,5,1
8415,5,4
8416,5,4
8417,5,4
8418,5,1
8419,5,1
8420,5,1
8421,5,1
8422,5,3
8423,5,1
8424,5,1
8425,5,1
8426,5,1
8427,5,1
8428,5,1
8429,5,1
8430,5,1
8431,5,4
8432,5,4
8433,5,3
8434,5,1
8435,5,3
8436,5,1
8437,5,3
8438,5,1
8439,5,4
8440,5,3
8441,5,1
8442,5,4
8443,5,1
8444,5,1
8445,5,1
8446,5,1
8447,5,3
8448,5,1
8449,5,1
8450,5,1
8451,5,1
8452,5,2
8453,5,4
8454,5,3
8455,5,2
8456,5,1
8457,5,1
8458,5,1
8459,5,1
8460,5,1
8461,5,3
8462,5,1
8463,5,1
8464,5,1
8465,5,1
8466,5,1
8467,5,5
8468,5,2
8469,5,3
8470,5,2
8471,5,4
8472,5,3
8473,5,3
8474,5,4
8475,5,3
8476,5,1
8477,5,5
8478,5,5
8479,5,1
8480,5,3
8481,5,2
8482,5,3
8483,5,3
8484,5,3
8485,5,3
8486,5,1
8487,5,1
8488,5,4
8489,5,3
8490,5,1
8491,5,1
8492,5,1
8493,5,2
8494,5,1
8495,5,1
8496,5,1
8497,5,1
8498,5,1
8499,5,1
8500,5,1
8501,5,1
8502,5,1
8503,5,4
8504,5,4
8505,5,4
8506,5,4
8507,5,4
8508,5,5
8509,5,3
8510,5,1
8511,5,3
8512,5,1
8513,5,3
8514,5,2
8515,5,3
8516,5,4
8517,5,3
8518,5,3
8519,5,3
8520,5,4
8521,5,4
8522,5,1
8523,5,4
8524,5,2
8525,5,1
8526,5,1
8527,5,1
8528,5,1
8529,5,1
8530,5,1
8531,5,1
8532,5,1
8533,5,3
8534,5,2
8535,5,4
8536,5,3
8537,5,1
8538,5,1
8539,5,1
8540,5,1
8541,5,1
8542,5,1
8543,5,1
8544,5,1
8545,5,1
8546,5,1
8547,5,1
8548,5,1
8549,5,1
8550,5,1
8551,5,1
8552,5,1
8553,5,2
8554,5,3
8555,5,1
8556,5,1
8557,5,4
8558,5,4
8559,5,1
8560,5,4
8561,5,2
8562,5,4
8563,5,3
8564,5,5
8565,5,3
8566,5,4
8567,5,4
8568,5,5
8569,5,2
8570,5,1
8571,5,1
8572,5,3
8573,5,1
8574,5,3
8575,5,1
8576,5,3
8577,5,2
8578,5,3
8579,5,3
8580,5,1
8581,5,1
8582,5,1
8583,5,1
8584,5,1
8585,5,1
8586,5,1
8587,5,1
8588,5,1
8589,5,1
8590,5,1
8591,5,1
8592,5,1
8593,5,5
8594,5,4
8595,5,3
8596,5,5
8597,5,3
8598,5,1
8599,5,5
8600,5,2
8601,5,5
8602,5,1
8603,5,4
8604,5,4
8605,5,5
8606,5,1
8607,5,1
8608,5,3
8609,5,1
8610,5,1
8611,5,4
8612,5,2
8613,5,3
8614,5,2
8615,5,1
8616,5,3
8617,5,1
8618,5,1
8619,5,1
8620,5,1
8621,5,1
8622,5,1
8623,5,1
8624,5,1
8625,5,3
8626,5,1
8627,5,1
8628,5,1
8629,5,1
8630,5,3
8631,5,2
8632,5,1
8633,5,3
8634,5,4
8635,5,5
8636,5,3
8637,5,4
8638,5,5
8639,5,3
8640,5,3
8641,5,5
8642,5,4
8643,5,5
8644,5,4
8645,5,1
8646,5,1
8647,5,4
8648,5,3
8649,5,1
8650,5,1
8651,5,3
8652,5,1
8653,5,1
8654,5,1
8655,5,1
8656,5,1
8657,5,1
8658,5,1
8659,5,1
8660,5,1
8661,5,1
8662,5,1
8663,5,1
8664,5,3
8665,5,5
8666,5,2
8667,5,3
8668,5,3
8669,5,1
8670,5,4
8671,5,3
8672,5,3
8673,5,4
8674,5,5
8675,5,2
8676,5,5
8677,5,2
8678,5,1
8679,5,4
8680,5,2
8681,5,3
8682,5,2
8683,5,2
8684,5,3
8685,5,4
8686,5,4
8687,5,3
8688,5,5
8689,5,3
8690,5,3
8691,5,3
8692,5,1
8693,5,1
8694,5,1
8695,5,3
8696,5,1
8697,5,1
8698,5,1
8699,5,1
8700,5,1
8701,5,1
8702,5,1
8703,5,3
8704,5,1
8705,5,1
8706,5,1
8707,5,1
8708,5,1
8709,5,3
8710,5,2
8711,5,3
8712,5,3
8713,5,5
8714,5,4
8715,5,3
8716,5,3
8717,5,4
8718,5,3
8719,5,1
8720,5,4
8721,5,2
8722,5,4
8723,5,1
8724,5,1
8725,5,3
8726,5,1
8727,5,3
8728,5,3
8729,5,2
8730,5,3
8731,5,2
8732,5,3
8733,5,2
8734,5,1
8735,5,1
8736,5,1
8737,5,1
8738,5,1
8739,5,1
8740,5,1
8741,5,1
8742,5,1
8743,5,1
8744,5,3
8745,5,1
8746,5,1
8747,5,1
8748,5,1
8749,5,1
8750,5,3
8751,5,2
8752,5,3
8753,5,4
8754,5,4
8755,5,2
8756,5,4
8757,5,4
8758,5,2
8759,5,3
8760,5,1
8761,5,3
8762,5,4
8763,5,4
8764,5,5
8765,5,2
8766,5,5
8767,5,5
8768,5,3
8769,5,2
8770,5,3
8771,5,4
8772,5,1
8773,5,4
8774,5,4
8775,5,4
8776,5,4
8777,5,1
8778,5,2
8779,5,3
8780,5,3
8781,5,1
8782,5,1
8783,5,1
8784,5,1
8785,5,1
8786,5,1
8787,5,1
8788,5,1
8789,5,1
8790,5,1
8791,5,1
8792,5,1
8793,5,1
8794,5,4
8795,5,2
8796,5,4
8797,5,1
8798,5,4
8799,5,1
8800,5,4
8801,5,1
8802,5,2
8803,5,3
8804,5,3
8805,5,4
8806,5,1
8807,5,3
8808,5,3
8809,5,4
8810,5,3
8811,5,1
8812,5,1
8813,5,3
8814,5,3
8815,5,1
8816,5,1
8817,5,1
8818,5,1
8819,5,1
8820,5,1
8821,5,1
8822,5,1
8823,5,1
8824,5,1
8825,5,1
8826,5,3
8827,5,2
8828,5,3
8829,5,5
8830,5,3
8831,5,3
8832,5,4
8833,5,4
8834,5,1
8835,5,3
8836,5,5
8837,5,1
8838,5,4
8839,5,2
8840,5,5
8841,5,4
8842,5,4
8843,5,3
8844,5,2
8845,5,3
8846,5,5
8847,5,3
8848,5,1
8849,5,1
8850,5,1
8851,5,1
8852,5,1
8853,5,1
8854,5,1
8855,5,1
8856,5,1
8857,5,1
8858,5,1
8859,5,3
8860,5,4
8861,5,4
8862,5,3
8863,5,3
8864,5,1
8865,5,2
8866,5,2
8867,5,1
8868,5,5
8869,5,3
8870,5,2
8871,5,3
8872,5,2
8873,5,3
8874,5,3
8875,5,2
8876,5,2
8877,5,4
8878,5,2
8879,5,1
8880,5,3
8881,5,5
8882,5,1
8883,5,1
8884,5,1
8885,5,1
8886,5,1
8887,5,1
8888,5,3
8889,5,4
8890,5,1
8891,5,1
8892,5,1
8893,5,1
8894,5,1
8895,5,3
8896,5,1
8897,5,1
8898,5,1
8899,5,1
8900,5,1
8901,5,1
8902,5,1
8903,5,1
8904,5,1
8905,5,1
8906,5,2
8907,5,3
8908,5,4
8909,5,4
8910,5,3
8911,5,3
8912,5,4
8913,5,2
8914,5,4
8915,5,4
8916,5,4
8917,5,4
8918,5,1
8919,5,3
8920,5,4
8921,5,2
8922,5,1
8923,5,1
8924,5,1
8925,5,5
8926,5,2
8927,5,2
8928,5,1
8929,5,1
8930,5,1
8931,5,1
8932,5,1
8933,5,1
8934,5,1
8935,5,1
8936,5,1
8937,5,1
8938,5,1
8939,5,4
8940,5,1
8941,5,3
8942,5,4
8943,5,5
8944,5,4
8945,5,4
8946,5,3
8947,5,4
8948,5,2
8949,5,4
8950,5,3
8951,5,5
8952,5,1
8953,5,1
8954,5,1
8955,5,1
8956,5,3
8957,5,3
8958,5,3
8959,5,1
8960,5,1
8961,5,1
8962,5,1
8963,5,3
8964,5,1
8965,5,1
8966,5,1
8967,5,1
8968,5,3
8969,5,3
8970,5,1
8971,5,3
8972,5,1
8973,5,1
8974,5,5
8975,5,1
8976,5,2
8977,5,4
8978,5,5
8979,5,1
8980,5,4
8981,5,3
8982,5,1
8983,5,2
8984,5,1
8985,5,3
8986,5,1
8987,5,1
8988,5,1
8989,5,1
8990,5,1
8991,5,1
8992,5,2
8993,5,2
8994,5,1
8995,5,1
8996,5,1
8997,5,3
8998,5,1
8999,5,1
9000,5,1
9001,5,1
9002,5,1
9003,5,1
9004,5,1
9005,5,1
9006,5,3
9007,5,1
9008,5,3
9009,5,3
9010,5,4
9011,5,3
9012,5,1
9013,5,4
9014,5,3
9015,5,4
9016,5,2
9017,5,4
9018,5,3
9019,5,2
9020,5,5
9021,5,3
9022,5,3
9023,5,3
9024,5,4
9025,5,1
9026,5,3
9027,5,1
9028,5,4
9029,5,5
9030,5,2
9031,5,1
9032,5,3
9033,5,1
9034,5,1
9035,5,3
9036,5,1
9037,5,3
9038,5,1
9039,5,2
9040,5,4
9041,5,1
9042,5,1
9043,5,3
9044,5,1
9045,5,1
9046,5,1
9047,5,1
9048,5,1
9049,5,1
9050,5,1
9051,5,1
9052,5,1
9053,5,1
9054,5,1
9055,5,1
9056,5,3
9057,5,3
9058,5,1
9059,5,1
9060,5,1
9061,5,5
9062,5,3
9063,5,3
9064,5,4
9065,5,2
9066,5,4
9067,5,1
9068,5,5
9069,5,3
9070,5,3
9071,5,4
9072,5,3
9073,5,4
9074,5,1
9075,5,1
9076,5,1
9077,5,3
9078,5,1
9079,5,1
9080,5,1
9081,5,1
9082,5,1
9083,5,1
9084,5,1
9085,5,1
9086,5,3
9087,5,1
9088,5,1
9089,5,1
9090,5,1
9091,5,4
9092,5,3
9093,5,4
9094,5,3
9095,5,4
9096,5,5
9097,5,4
9098,5,2
9099,5,4
9100,5,3
9101,5,4
9102,5,4
9103,5,1
9104,5,3
9105,5,2
9106,5,3
9107,5,3
9108,5,2
9109,5,3
9110,5,1
9111,5,1
9112,5,1
9113,5,2
9114,5,4
9115,5,4
9116,5,4
9117,5,1
9118,5,1
9119,5,1
9120,5,1
9121,5,1
9122,5,1
9123,5,1
9124,5,3
9125,5,1
9126,5,1
9127,5,2
9128,5,4
9129,5,2
9130,5,3
9131,5,4
9132,5,3
9133,5,1
9134,5,3
9135,5,4
9136,5,4
9137,5,3
9138,5,3
9139,5,4
9140,5,4
9141,5,4
9142,5,1
9143,5,3
9144,5,1
9145,5,1
9146,5,3
9147,5,3
9148,5,3
9149,5,1
9150,5,1
9151,5,1
9152,5,1
9153,5,1
9154,5,1
9155,5,1
9156,5,1
9157,5,1
9158,5,1
9159,5,1
9160,5,4
9161,5,4
9162,5,4
9163,5,4
9164,5,4
9165,5,4
9166,5,5
9167,5,3
9168,5,3
9169,5,2
9170,5,4
9171,5,3
9172,5,3
9173,5,5
9174,5,1
9175,5,4
9176,5,1
9177,5,1
9178,5,1
9179,5,4
9180,5,3
9181,5,1
9182,5,1
9183,5,1
9184,5,1
9185,5,1
9186,5,3
9187,5,1
9188,5,3
9189,5,3
9190,5,1
9191,5,2
9192,5,3
9193,5,4
9194,5,1
9195,5,1
9196,5,5
9197,5,1
9198,5,4
9199,5,4
9200,5,3
9201,5,1
9202,5,4
9203,5,3
9204,5,2
9205,5,3
9206,5,4
9207,5,1
9208,5,1
9209,5,5
9210,5,2
9211,5,4
9212,5,2
9213,5,5
9214,5,1
9215,5,1
9216,5,1
9217,5,1
9218,5,1
9219,5,1
9220,5,2
9221,5,3
9222,5,4
9223,5,1
9224,5,3
9225,5,1
9226,5,1
9227,5,3
9228,5,1
9229,5,1
9230,5,1
9231,5,3
9232,5,5
9233,5,4
9234,5,5
9235,5,2
9236,5,5
9237,5,4
9238,5,3
9239,5,4
9240,5,1
9241,5,2
9242,5,1
9243,5,4
9244,5,5
9245,5,5
9246,5,4
9247,5,2
9248,5,4
9249,5,3
9250,5,1
9251,5,3
9252,5,2
9253,5,1
9254,5,3
9255,5,2
9256,5,1
9257,5,2
9258,5,1
9259,5,1
9260,5,1
9261,5,1
9262,5,1
9263,5,1
9264,5,1
9265,5,1
9266,5,1
9267,5,1
9268,5,1
9269,5,1
9270,5,4
9271,5,1
9272,5,2
9273,5,5
9274,5,3
9275,5,4
9276,5,3
9277,5,2
9278,5,4
9279,5,5
9280,5,5
9281,5,4
9282,5,1
9283,5,3
9284,5,4
9285,5,3
9286,5,3
9287,5,2
9288,5,4
9289,5,3
9290,5,1
9291,5,1
9292,5,1
9293,5,1
9294,5,1
9295,5,1
9296,5,1
9297,5,1
9298,5,1
9299,5,1
9300,5,4
9301,5,3
9302,5,3
9303,5,1
9304,5,1
9305,5,1
9306,5,1
9307,5,1
9308,5,3
9309,5,1
9310,5,1
9311,5,1
9312,5,1
9313,5,1
9314,5,3
9315,5,3
9316,5,1
9317,5,5
9318,5,3
9319,5,5
9320,5,3
9321,5,5
9322,5,3
9323,5,4
9324,5,2
9325,5,5
9326,5,3
9327,5,4
9328,5,4
9329,5,4
9330,5,2
9331,5,3
9332,5,4
9333,5,1
9334,5,1
9335,5,3
9336,5,1
9337,5,1
9338,5,1
9339,5,1
9340,5,1
9341,5,3
9342,5,3
9343,5,2
9344,5,1
9345,5,1
9346,5,1
9347,5,1
9348,5,1
9349,5,1
9350,5,1
9351,5,1
9352,5,1
9353,5,3
9354,5,4
9355,5,1
9356,5,1
9357,5,5
9358,5,1
9359,5,3
9360,5,3
9361,5,3
9362,5,2
9363,5,1
9364,5,3
9365,5,4
9366,5,4
9367,5,5
9368,5,1
9369,5,1
9370,5,3
9371,5,1
9372,5,1
9373,5,2
9374,5,1
9375,5,3
9376,5,1
9377,5,1
9378,5,1
9379,5,1
9380,5,1
9381,5,1
9382,5,3
9383,5,1
9384,5,1
9385,5,1
9386,5,4
9387,5,5
9388,5,1
9389,5,4
9390,5,3
9391,5,4
9392,5,4
9393,5,2
9394,5,3
9395,5,4
9396,5,5
9397,5,4
9398,5,3
9399,5,4
9400,5,3
9401,5,1
9402,5,4
9403,5,3
9404,5,3
9405,5,1
9406,5,1
9407,5,1
9408,5,3
9409,5,1
9410,5,1
9411,5,1
9412,5,1
9413,5,1
9414,5,3
9415,5,1
9416,5,3
9417,5,1
9418,5,1
9419,5,1
9420,5,3
9421,5,3
9422,5,3
9423,5,3
9424,5,3
9425,5,4
9426,5,2
9427,5,3
9428,5,5
9429,5,3
9430,5,2
9431,5,3
9432,5,2
9433,5,3
9434,5,1
9435,5,3
9436,5,2
9437,5,4
9438,5,2
9439,5,2
9440,5,4
9441,5,5
9442,5,4
9443,5,3
9444,5,1
9445,5,1
9446,5,1
9447,5,4
9448,5,1
9449,5,1
9450,5,1
9451,5,1
9452,5,1
9453,5,1
9454,5,1
9455,5,3
9456,5,1
9457,5,1
9458,5,1
9459,5,4
9460,5,5
9461,5,2
9462,5,3
9463,5,2
9464,5,3
9465,5,4
9466,5,3
9467,5,2
9468,5,4
9469,5,3
9470,5,5
9471,5,4
9472,5,4
9473,5,3
9474,5,2
9475,5,2
9476,5,2
9477,5,1
9478,5,5
9479,5,2
9480,5,2
9481,5,3
9482,5,3
9483,5,5
9484,5,5
9485,5,2
9486,5,1
9487,5,1
9488,5,1
9489,5,2
9490,5,3
9491,5,1
9492,5,1
9493,5,4
9494,5,1
9495,5,1
9496,5,1
9497,5,1
9498,5,1
9499,5,1
9500,5,1
9501,5,1
9502,5,4
9503,5,1
9504,5,3
9505,5,3
9506,5,4
9507,5,5
9508,5,1
9509,5,4
9510,5,3
9511,5,4
9512,5,3
9513,5,3
9514,5,1
9515,5,3
9516,5,1
9517,5,1
9518,5,1
9519,5,1
9520,5,3
9521,5,1
9522,5,3
9523,5,1
9524,5,3
9525,5,1
9526,5,1
9527,5,1
9528,5,1
9529,5,1
9530,5,1
9531,5,1
9532,5,1
9533,5,1
9534,5,1
9535,5,1
9536,5,1
9537,5,1
9538,5,1
9539,5,1
9540,5,1
9541,5,5
9542,5,4
9543,5,1
9544,5,4
9545,5,1
9546,5,1
9547,5,1
9548,5,2
9549,5,5
9550,5,3
9551,5,3
9552,5,3
9553,5,2
9554,5,5
9555,5,1
9556,5,1
9557,5,1
9558,5,2
9559,5,1
9560,5,1
9561,5,1
9562,5,1
9563,5,1
9564,5,1
9565,5,1
9566,5,1
9567,5,5
9568,5,1
9569,5,4
9570,5,4
9571,5,3
9572,5,3
9573,5,2
9574,5,1
9575,5,3
9576,5,3
9577,5,3
9578,5,5
9579,5,3
9580,5,5
9581,5,1
9582,5,3
9583,5,4
9584,5,1
9585,5,1
9586,5,3
9587,5,1
9588,5,1
9589,5,1
9590,5,1
9591,5,3
9592,5,1
9593,5,1
9594,5,1
9595,5,1
9596,5,1
9597,5,3
9598,5,3
9599,5,4
9600,5,5
9601,5,3
9602,5,4
9603,5,3
9604,5,5
9605,5,1
9606,5,3
9607,5,4
9608,5,4
9609,5,4
9610,5,2
9611,5,1
9612,5,1
9613,5,1
9614,5,1
9615,5,3
9616,5,4
9617,5,5
9618,5,3
9619,5,1
9620,5,1
9621,5,1
9622,5,1
9623,5,1
9624,5,1
9625,5,1
9626,5,1
9627,5,1
9628,5,1
9629,5,1
9630,5,1
9631,5,3
9632,5,3
9633,5,3
9634,5,1
9635,5,2
9636,5,3
9637,5,4
9638,5,2
9639,5,1
9640,5,4
9641,5,4
9642,5,4
9643,5,2
9644,5,3
9645,5,4
9646,5,1
9647,5,3
9648,5,3
9649,5,1
9650,5,2
9651,5,1
9652,5,3
9653,5,1
9654,5,1
9655,5,1
9656,5,3
9657,5,1
9658,5,1
9659,5,1
9660,5,1
9661,5,1
9662,5,1
9663,5,3
9664,5,3
9665,5,1
9666,5,1
9667,5,3
9668,5,3
9669,5,1
9670,5,2
9671,5,4
9672,5,1
9673,5,3
9674,5,2
9675,5,4
9676,5,4
9677,5,3
9678,5,3
9679,5,3
9680,5,4
9681,5,1
9682,5,4
9683,5,1
9684,5,1
9685,5,1
9686,5,3
9687,5,3
9688,5,1
9689,5,2
9690,5,1
9691,5,3
9692,5,4
9693,5,1
9694,5,1
9695,5,1
9696,5,1
9697,5,1
9698,5,1
9699,5,1
9700,5,3
9701,5,1
9702,5,1
9703,5,4
9704,5,4
9705,5,3
9706,5,4
9707,5,2
9708,5,4
9709,5,4
9710,5,4
9711,5,5
9712,5,1
9713,5,4
9714,5,3
9715,5,2
9716,5,5
9717,5,3
9718,5,3
9719,5,4
9720,5,1
9721,5,1
9722,5,2
9723,5,1
9724,5,1
9725,5,1
9726,5,1
9727,5,1
9728,5,1
9729,5,1
9730,5,1
9731,5,1
9732,5,1
9733,5,1
9734,5,1
9735,5,3
9736,5,3
9737,5,3
9738,5,5
9739,5,3
9740,5,2
9741,5,4
9742,5,3
9743,5,4
9744,5,4
9745,5,4
9746,5,4
9747,5,1
9748,5,1
9749,5,1
9750,5,1
9751,5,1
9752,5,4
9753,5,1
9754,5,1
9755,5,3
9756,5,1
9757,5,1
9758,5,1
9759,5,1
9760,5,1
9761,5,1
9762,5,1
9763,5,1
9764,5,3
9765,5,1
9766,5,3
9767,5,3
9768,5,4
9769,5,3
9770,5,1
9771,5,4
9772,5,4
9773,5,4
9774,5,4
9775,5,3
9776,5,3
9777,5,3
9778,5,2
9779,5,3
9780,5,4
9781,5,2
9782,5,3
9783,5,1
9784,5,1
9785,5,1
9786,5,1
9787,5,1
9788,5,1
9789,5,1
9790,5,1
9791,5,1
9792,5,1
9793,5,1
9794,5,1
9795,5,1
9796,5,1
9797,5,1
9798,5,2
9799,5,1
9800,5,4
9801,5,5
9802,5,4
9803,5,3
9804,5,2
9805,5,3
9806,5,4
9807,5,5
9808,5,2
9809,5,3
9810,5,1
9811,5,2
9812,5,3
9813,5,2
9814,5,5
9815,5,1
9816,5,1
9817,5,4
9818,5,1
9819,5,1
9820,5,1
9821,5,1
9822,5,3
9823,5,1
9824,5,1
9825,5,1
9826,5,1
9827,5,1
9828,5,1
9829,5,1
9830,5,1
9831,5,1
9832,5,1
9833,5,1
9834,5,3
9835,5,4
9836,5,5
9837,5,5
9838,5,3
9839,5,4
9840,5,5
9841,5,2
9842,5,3
9843,5,2
9844,5,5
9845,5,1
9846,5,3
9847,5,4
9848,5,3
9849,5,4
9850,5,3
9851,5,2
9852,5,1
9853,5,3
9854,5,1
9855,5,4
9856,5,3
9857,5,1
9858,5,1
9859,5,1
9860,5,1
9861,5,5
9862,5,1
9863,5,3
9864,5,1
9865,5,1
9866,5,1
9867,5,1
9868,5,1
9869,5,1
9870,5,1
9871,5,1
9872,5,1
9873,5,1
9874,5,1
9875,5,1
9876,5,5
9877,5,3
9878,5,4
9879,5,3
9880,5,3
9881,5,3
9882,5,2
9883,5,4
9884,5,2
9885,5,2
9886,5,3
9887,5,3
9888,5,3
9889,5,1
9890,5,3
9891,5,4
9892,5,4
9893,5,5
9894,5,4
9895,5,4
9896,5,3
9897,5,1
9898,5,1
9899,5,1
9900,5,1
9901,5,1
9902,5,1
9903,5,1
9904,5,1
9905,5,1
9906,5,2
9907,5,4
9908,5,5
9909,5,1
9910,5,1
9911,5,1
9912,5,1
9913,5,1
9914,5,1
9915,5,3
9916,5,1
9917,5,1
9918,5,1
9919,5,4
9920,5,1
9921,5,4
9922,5,5
9923,5,4
9924,5,4
9925,5,1
9926,5,4
9927,5,4
9928,5,3
9929,5,3
9930,5,5
9931,5,5
9932,5,1
9933,5,1
9934,5,1
9935,5,3
9936,5,1
9937,5,1
9938,5,1
9939,5,2
9940,5,3
9941,5,1
9942,5,3
9943,5,1
9944,5,1
9945,5,1
9946,5,1
9947,5,1
9948,5,1
9949,5,1
9950,5,1
9951,5,1
9952,5,1
9953,5,1
9954,5,3
9955,5,4
9956,5,1
9957,5,4
9958,5,4
9959,5,2
9960,5,2
9961,5,2
9962,5,4
9963,5,5
9964,5,3
9965,5,4
9966,5,4
9967,5,3
9968,5,3
9969,5,4
9970,5,5
9971,5,2
9972,5,5
9973,5,5
9974,5,3
9975,5,1
9976,5,4
9977,5,3
9978,5,1
9979,5,1
9980,5,1
9981,5,1
9982,5,1
9983,5,3
9984,5,4
9985,5,5
9986,5,2
9987,5,5
9988,5,4
9989,5,2
9990,5,3
9991,5,3
9992,5,3
9993,5,5
9994,5,4
9995,5,3
9996,5,1
9997,5,1
9998,5,1
9999,5,1
10000,5,1
1,6,3
2,6,1
3,6,4
4,6,1
5,6,1
6,6,1
7,6,1
8,6,1
9,6,1
10,6,1
11,6,1
12,6,1
13,6,4
14,6,2
15,6,2
16,6,4
17,6,5
18,6,3
19,6,3
20,6,2
21,6,2
22,6,2
23,6,4
24,6,3
25,6,4
26,6,5
27,6,2
28,6,3
29,6,4
30,6,1
31,6,1
32,6,3
33,6,3
34,6,4
35,6,2
36,6,1
37,6,1
38,6,1
39,6,1
40,6,1
41,6,1
42,6,1
43,6,1
44,6,1
45,6,3
46,6,4
47,6,3
48,6,3
49,6,5
50,6,3
51,6,3
52,6,4
53,6,5
54,6,4
55,6,4
56,6,4
57,6,4
58,6,3
59,6,2
60,6,5
61,6,3
62,6,1
63,6,4
64,6,1
65,6,2
66,6,3
67,6,3
68,6,1
69,6,3
70,6,3
71,6,1
72,6,1
73,6,1
74,6,1
75,6,1
76,6,1
77,6,1
78,6,1
79,6,1
80,6,1
81,6,1
82,6,1
83,6,1
84,6,1
85,6,1
86,6,1
87,6,2
88,6,4
89,6,4
90,6,5
91,6,1
92,6,3
93,6,5
94,6,4
95,6,2
96,6,5
97,6,5
98,6,3
99,6,4
100,6,5
101,6,4
102,6,3
103,6,3
104,6,4
105,6,4
106,6,1
107,6,1
108,6,1
109,6,1
110,6,3
111,6,1
112,6,1
113,6,5
114,6,2
115,6,2
116,6,1
117,6,1
118,6,1
119,6,1
120,6,3
121,6,1
122,6,1
123,6,1
124,6,1
125,6,1
126,6,3
127,6,3
128,6,3
129,6,3
130,6,4
131,6,4
132,6,2
133,6,2
134,6,3
135,6,4
136,6,1
137,6,2
138,6,3
139,6,3
140,6,4
141,6,3
142,6,4
143,6,4
144,6,2
145,6,4
146,6,5
147,6,1
148,6,5
149,6,5
150,6,1
151,6,1
152,6,5
153,6,1
154,6,3
155,6,1
156,6,1
157,6,1
158,6,1
159,6,1
160,6,1
161,6,1
162,6,1
163,6,3
164,6,1
165,6,1
166,6,5
167,6,4
168,6,4
169,6,2
170,6,4
171,6,3
172,6,5
173,6,1
174,6,3
175,6,5
176,6,1
177,6,2
178,6,4
179,6,5
180,6,1
181,6,3
182,6,3
183,6,1
184,6,4
185,6,2
186,6,4
187,6,2
188,6,1
189,6,3
190,6,3
191,6,3
192,6,5
193,6,4
194,6,3
195,6,1
196,6,1
197,6,3
198,6,1
199,6,5
200,6,1
201,6,3
202,6,1
203,6,1
204,6,1
205,6,1
206,6,1
207,6,1
208,6,1
209,6,1
210,6,1
211,6,3
212,6,1
213,6,1
214,6,1
215,6,1
216,6,2
217,6,5
218,6,5
219,6,3
220,6,5
221,6,2
222,6,5
223,6,4
224,6,3
225,6,5
226,6,4
227,6,4
228,6,4
229,6,3
230,6,3
231,6,1
232,6,4
233,6,1
234,6,1
235,6,1
236,6,1
237,6,1
238,6,1
239,6,1
240,6,1
241,6,1
242,6,1
243,6,1
244,6,1
245,6,1
246,6,2
247,6,4
248,6,2
249,6,3
250,6,3
251,6,3
252,6,5
253,6,2
254,6,4
255,6,4
256,6,5
257,6,3
258,6,4
259,6,1
260,6,1
261,6,3
262,6,2
263,6,4
264,6,5
265,6,3
266,6,5
267,6,5
268,6,4
269,6,1
270,6,4
271,6,3
272,6,1
273,6,1
274,6,3
275,6,5
276,6,3
277,6,1
278,6,1
279,6,1
280,6,1
281,6,1
282,6,1
283,6,1
284,6,3
285,6,3
286,6,4
287,6,4
288,6,3
289,6,4
290,6,1
291,6,3
292,6,1
293,6,3
294,6,2
295,6,1
296,6,2
297,6,1
298,6,3
299,6,1
300,6,3
301,6,5
302,6,4
303,6,1
304,6,3
305,6,1
306,6,1
307,6,1
308,6,3
309,6,1
310,6,1
311,6,1
312,6,1
313,6,1
314,6,1
315,6,1
316,6,1
317,6,3
318,6,1
319,6,1
320,6,4
321,6,1
322,6,3
323,6,1
324,6,3
325,6,5
326,6,5
327,6,1
328,6,5
329,6,3
330,6,2
331,6,5
332,6,5
333,6,3
334,6,3
335,6,3
336,6,4
337,6,4
338,6,3
339,6,3
340,6,1
341,6,3
342,6,1
343,6,5
344,6,3
345,6,3
346,6,3
347,6,2
348,6,1
349,6,1
350,6,3
351,6,1
352,6,1
353,6,1
354,6,3
355,6,1
356,6,3
357,6,1
358,6,1
359,6,1
360,6,1
361,6,1
362,6,1
363,6,1
364,6,4
365,6,2
366,6,5
367,6,3
368,6,3
369,6,4
370,6,4
371,6,1
372,6,5
373,6,3
374,6,1
375,6,3
376,6,4
377,6,3
378,6,3
379,6,3
380,6,5
381,6,2
382,6,1
383,6,3
384,6,2
385,6,1
386,6,3
387,6,2
388,6,3
389,6,1
390,6,1
391,6,3
392,6,3
393,6,1
394,6,3
395,6,4
396,6,5
397,6,2
398,6,3
399,6,5
400,6,2
401,6,3
402,6,4
403,6,5
404,6,3
405,6,3
406,6,2
407,6,3
408,6,4
409,6,4
410,6,3
411,6,4
412,6,3
413,6,3
414,6,5
415,6,3
416,6,3
417,6,3
418,6,4
419,6,1
420,6,3
421,6,1
422,6,1
423,6,2
424,6,4
425,6,4
426,6,1
427,6,1
428,6,1
429,6,1
430,6,1
431,6,1
432,6,1
433,6,1
434,6,1
435,6,1
436,6,1
437,6,1
438,6,3
439,6,1
440,6,4
441,6,4
442,6,1
443,6,4
444,6,4
445,6,4
446,6,3
447,6,4
448,6,2
449,6,4
450,6,5
451,6,5
452,6,4
453,6,3
454,6,3
455,6,4
456,6,4
457,6,2
458,6,1
459,6,1
460,6,1
461,6,1
462,6,3
463,6,4
464,6,1
465,6,1
466,6,1
467,6,1
468,6,1
469,6,1
470,6,1
471,6,1
472,6,1
473,6,1
474,6,4
475,6,3
476,6,4
477,6,2
478,6,3
479,6,5
480,6,2
481,6,4
482,6,2
483,6,4
484,6,4
485,6,4
486,6,3
487,6,2
488,6,3
489,6,4
490,6,1
491,6,1
492,6,3
493,6,2
494,6,1
495,6,1
496,6,1
497,6,1
498,6,1
499,6,1
500,6,1
501,6,1
502,6,1
503,6,1
504,6,1
505,6,1
506,6,1
507,6,1
508,6,1
509,6,1
510,6,1
511,6,1
512,6,1
513,6,1
514,6,3
515,6,2
516,6,5
517,6,4
518,6,3
519,6,3
520,6,1
521,6,1
522,6,2
523,6,4
524,6,3
525,6,1
526,6,1
527,6,3
528,6,4
529,6,1
530,6,1
531,6,3
532,6,3
533,6,1
534,6,1
535,6,1
536,6,1
537,6,5
538,6,5
539,6,2
540,6,1
541,6,1
542,6,1
543,6,3
544,6,1
545,6,1
546,6,1
547,6,3
548,6,1
549,6,1
550,6,3
551,6,1
552,6,1
553,6,3
554,6,4
555,6,5
556,6,3
557,6,5
558,6,3
559,6,3
560,6,4
561,6,4
562,6,5
563,6,3
564,6,5
565,6,1
566,6,5
567,6,4
568,6,4
569,6,3
570,6,2
571,6,3
572,6,1
573,6,4
574,6,1
575,6,1
576,6,3
577,6,1
578,6,5
579,6,1
580,6,1
581,6,1
582,6,1
583,6,1
584,6,1
585,6,1
586,6,1
587,6,3
588,6,3
589,6,1
590,6,4
591,6,2
592,6,4
593,6,3
594,6,5
595,6,4
596,6,3
597,6,1
598,6,4
599,6,5
600,6,2
601,6,4
602,6,5
603,6,4
604,6,3
605,6,5
606,6,1
607,6,1
608,6,2
609,6,3
610,6,3
611,6,1
612,6,1
613,6,1
614,6,1
615,6,1
616,6,1
617,6,1
618,6,1
619,6,1
620,6,1
621,6,3
622,6,3
623,6,3
624,6,5
625,6,3
626,6,1
627,6,2
628,6,5
629,6,4
630,6,1
631,6,5
632,6,4
633,6,4
634,6,3
635,6,3
636,6,1
637,6,1
638,6,1
639,6,1
640,6,1
641,6,1
642,6,1
643,6,1
644,6,1
645,6,1
646,6,1
647,6,1
648,6,1
649,6,1
650,6,1
651,6,3
652,6,5
653,6,3
654,6,4
655,6,4
656,6,4
657,6,4
658,6,5
659,6,2
660,6,3
661,6,3
662,6,4
663,6,4
664,6,1
665,6,3
666,6,5
667,6,3
668,6,3
669,6,3
670,6,1
671,6,3
672,6,1
673,6,1
674,6,4
675,6,1
676,6,1
677,6,3
678,6,1
679,6,1
680,6,1
681,6,1
682,6,1
683,6,1
684,6,1
685,6,1
686,6,1
687,6,4
688,6,2
689,6,4
690,6,4
691,6,3
692,6,1
693,6,3
694,6,4
695,6,3
696,6,3
697,6,3
698,6,2
699,6,4
700,6,5
701,6,3
702,6,2
703,6,3
704,6,3
705,6,4
706,6,1
707,6,1
708,6,1
709,6,1
710,6,1
711,6,1
712,6,4
713,6,4
714,6,1
715,6,1
716,6,1
717,6,1
718,6,1
719,6,3
720,6,1
721,6,1
722,6,3
723,6,1
724,6,1
725,6,1
726,6,1
727,6,1
728,6,1
729,6,3
730,6,1
731,6,1
732,6,3
733,6,5
734,6,3
735,6,4
736,6,2
737,6,4
738,6,3
739,6,2
740,6,1
741,6,1
742,6,1
743,6,1
744,6,3
745,6,1
746,6,1
747,6,1
748,6,1
749,6,1
750,6,3
751,6,1
752,6,1
753,6,1
754,6,1
755,6,1
756,6,1
757,6,1
758,6,4
759,6,3
760,6,2
761,6,3
762,6,3
763,6,3
764,6,1
765,6,4
766,6,2
767,6,4
768,6,3
769,6,2
770,6,3
771,6,4
772,6,4
773,6,3
774,6,1
775,6,1
776,6,1
777,6,3
778,6,3
779,6,1
780,6,1
781,6,1
782,6,1
783,6,1
784,6,1
785,6,1
786,6,1
787,6,1
788,6,1
789,6,1
790,6,4
791,6,3
792,6,3
793,6,2
794,6,2
795,6,3
796,6,4
797,6,3
798,6,3
799,6,2
800,6,5
801,6,3
802,6,4
803,6,3
804,6,3
805,6,3
806,6,5
807,6,4
808,6,4
809,6,3
810,6,4
811,6,2
812,6,3
813,6,1
814,6,3
815,6,1
816,6,3
817,6,3
818,6,1
819,6,1
820,6,1
821,6,1
822,6,1
823,6,1
824,6,5
825,6,3
826,6,5
827,6,4
828,6,2
829,6,2
830,6,3
831,6,2
832,6,1
833,6,1
834,6,1
835,6,5
836,6,4
837,6,4
838,6,3
839,6,3
840,6,5
841,6,5
842,6,5
843,6,3
844,6,4
845,6,4
846,6,3
847,6,5
848,6,4
849,6,5
850,6,5
851,6,4
852,6,4
853,6,4
854,6,2
855,6,3
856,6,4
857,6,2
858,6,4
859,6,5
860,6,5
861,6,3
862,6,3
863,6,3
864,6,5
865,6,5
866,6,5
867,6,5
868,6,5
869,6,4
870,6,5
871,6,5
872,6,5
873,6,4
874,6,5
875,6,4
876,6,4
877,6,5
878,6,5
879,6,5
880,6,5
881,6,4
882,6,5
883,6,5
884,6,5
885,6,4
886,6,4
887,6,2
888,6,4
889,6,5
890,6,5
891,6,4
892,6,3
893,6,4
894,6,5
895,6,4
896,6,2
897,6,4
898,6,4
899,6,1
900,6,2
901,6,3
902,6,5
903,6,1
904,6,4
905,6,4
906,6,4
907,6,5
908,6,3
909,6,5
910,6,5
911,6,5
912,6,4
913,6,5
914,6,4
915,6,4
916,6,5
917,6,4
918,6,4
919,6,5
920,6,5
921,6,5
922,6,5
923,6,5
924,6,5
925,6,5
926,6,5
927,6,4
928,6,4
929,6,4
930,6,5
931,6,5
932,6,3
933,6,3
934,6,5
935,6,3
936,6,4
937,6,4
938,6,2
939,6,2
940,6,1
941,6,2
942,6,2
943,6,2
944,6,3
945,6,2
946,6,2
947,6,4
948,6,1
949,6,2
950,6,3
951,6,5
952,6,5
953,6,4
954,6,5
955,6,5
956,6,3
957,6,5
958,6,5
959,6,4
960,6,5
961,6,4
962,6,4
963,6,5
964,6,4
965,6,3
966,6,4
967,6,4
968,6,4
969,6,4
970,6,4
971,6,4
972,6,5
973,6,4
974,6,2
975,6,4
976,6,4
977,6,1
978,6,4
979,6,2
980,6,5
981,6,5
982,6,5
983,6,5
984,6,5
985,6,5
986,6,5
987,6,4
988,6,5
989,6,4
990,6,5
991,6,4
992,6,5
993,6,5
994,6,5
995,6,5
996,6,5
997,6,5
998,6,4
999,6,5
1000,6,5
1001,6,5
1002,6,5
1003,6,5
1004,6,3
1005,6,5
1006,6,5
1007,6,3
1008,6,5
1009,6,5
1010,6,4
1011,6,5
1012,6,5
1013,6,4
1014,6,5
1015,6,3
1016,6,4
1017,6,3
1018,6,4
1019,6,3
1020,6,2
1021,6,2
1022,6,4
1023,6,2
1024,6,4
1025,6,2
1026,6,4
1027,6,4
1028,6,5
1029,6,3
1030,6,1
1031,6,2
1032,6,2
1033,6,4
1034,6,4
1035,6,5
1036,6,3
1037,6,5
1038,6,5
1039,6,5
1040,6,4
1041,6,5
1042,6,5
1043,6,4
1044,6,3
1045,6,4
1046,6,4
1047,6,4
1048,6,4
1049,6,5
1050,6,4
1051,6,5
1052,6,1
1053,6,4
1054,6,4
1055,6,4
1056,6,4
1057,6,2
1058,6,4
1059,6,5
1060,6,1
1061,6,4
1062,6,2
1063,6,1
1064,6,4
1065,6,5
1066,6,5
1067,6,5
1068,6,5
1069,6,3
1070,6,4
1071,6,3
1072,6,4
1073,6,5
1074,6,5
1075,6,5
1076,6,5
1077,6,4
1078,6,4
1079,6,5
1080,6,5
1081,6,5
1082,6,5
1083,6,5
1084,6,5
1085,6,4
1086,6,2
1087,6,5
1088,6,4
1089,6,4
1090,6,5
1091,6,5
1092,6,2
1093,6,1
1094,6,4
1095,6,3
1096,6,4
1097,6,2
1098,6,5
1099,6,4
1100,6,4
1101,6,1
1102,6,4
1103,6,5
1104,6,4
1105,6,5
1106,6,5
1107,6,5
1108,6,5
1109,6,4
1110,6,5
1111,6,3
1112,6,4
1113,6,5
1114,6,5
1115,6,5
1116,6,5
1117,6,5
1118,6,5
1119,6,5
1120,6,4
1121,6,4
1122,6,3
1123,6,4
1124,6,4
1125,6,4
1126,6,4
1127,6,5
1128,6,4
1129,6,4
1130,6,5
1131,6,2
1132,6,5
1133,6,4
1134,6,5
1135,6,2
1136,6,5
1137,6,2
1138,6,4
1139,6,4
1140,6,5
1141,6,5
1142,6,4
1143,6,5
1144,6,4
1145,6,5
1146,6,5
1147,6,5
1148,6,4
1149,6,5
1150,6,5
1151,6,5
1152,6,5
1153,6,5
1154,6,2
1155,6,5
1156,6,4
1157,6,4
1158,6,4
1159,6,4
1160,6,5
1161,6,5
1162,6,4
1163,6,4
1164,6,4
1165,6,4
1166,6,2
1167,6,1
1168,6,4
1169,6,2
1170,6,4
1171,6,5
1172,6,4
1173,6,4
1174,6,4
1175,6,4
1176,6,5
1177,6,5
1178,6,5
1179,6,5
1180,6,5
1181,6,5
1182,6,4
1183,6,4
1184,6,5
1185,6,4
1186,6,5
1187,6,4
1188,6,3
1189,6,4
1190,6,4
1191,6,5
1192,6,4
1193,6,4
1194,6,4
1195,6,4
1196,6,4
1197,6,4
1198,6,5
1199,6,5
1200,6,5
1201,6,5
1202,6,3
1203,6,4
1204,6,5
1205,6,4
1206,6,4
1207,6,4
1208,6,1
1209,6,2
1210,6,2
1211,6,5
1212,6,4
1213,6,4
1214,6,1
1215,6,4
1216,6,5
1217,6,4
1218,6,5
1219,6,5
1220,6,4
1221,6,5
1222,6,5
1223,6,4
1224,6,5
1225,6,5
1226,6,4
1227,6,5
1228,6,4
1229,6,5
1230,6,5
1231,6,4
1232,6,4
1233,6,1
1234,6,5
1235,6,1
1236,6,4
1237,6,5
1238,6,5
1239,6,4
1240,6,4
1241,6,5
1242,6,4
1243,6,4
1244,6,1
1245,6,4
1246,6,4
1247,6,2
1248,6,4
1249,6,2
1250,6,3
1251,6,4
1252,6,4
1253,6,5
1254,6,5
1255,6,5
1256,6,5
1257,6,5
1258,6,5
1259,6,5
1260,6,5
1261,6,4
1262,6,4
1263,6,4
1264,6,4
1265,6,5
1266,6,5
1267,6,4
1268,6,3
1269,6,2
1270,6,4
1271,6,3
1272,6,5
1273,6,4
1274,6,4
1275,6,4
1276,6,5
1277,6,4
1278,6,2
1279,6,4
1280,6,2
1281,6,2
1282,6,4
1283,6,1
1284,6,4
1285,6,2
1286,6,2
1287,6,2
1288,6,5
1289,6,4
1290,6,1
1291,6,5
1292,6,1
1293,6,1
1294,6,5
1295,6,5
1296,6,3
1297,6,5
1298,6,5
1299,6,5
1300,6,5
1301,6,3
1302,6,5
1303,6,5
1304,6,5
1305,6,5
1306,6,4
1307,6,5
1308,6,4
1309,6,4
1310,6,5
1311,6,4
1312,6,5
1313,6,4
1314,6,5
1315,6,5
1316,6,5
1317,6,5
1318,6,5
1319,6,4
1320,6,4
1321,6,5
1322,6,5
1323,6,2
1324,6,4
1325,6,4
1326,6,3
1327,6,5
1328,6,4
1329,6,3
1330,6,4
1331,6,4
1332,6,4
1333,6,4
1334,6,5
1335,6,3
1336,6,5
1337,6,5
1338,6,4
1339,6,5
1340,6,5
1341,6,5
1342,6,5
1343,6,5
1344,6,5
1345,6,3
1346,6,3
1347,6,4
1348,6,5
1349,6,5
1350,6,5
1351,6,5
1352,6,4
1353,6,5
1354,6,3
1355,6,4
1356,6,4
1357,6,5
1358,6,5
1359,6,5
1360,6,4
1361,6,5
1362,6,3
1363,6,4
1364,6,2
1365,6,3
1366,6,5
1367,6,1
1368,6,5
1369,6,4
1370,6,4
1371,6,5
1372,6,4
1373,6,4
1374,6,5
1375,6,5
1376,6,5
1377,6,4
1378,6,5
1379,6,5
1380,6,5
1381,6,4
1382,6,5
1383,6,5
1384,6,4
1385,6,5
1386,6,5
1387,6,4
1388,6,3
1389,6,5
1390,6,5
1391,6,5
1392,6,5
1393,6,5
1394,6,4
1395,6,3
1396,6,5
1397,6,4
1398,6,4
1399,6,5
1400,6,5
1401,6,4
1402,6,4
1403,6,2
1404,6,4
1405,6,2
1406,6,5
1407,6,2
1408,6,3
1409,6,2
1410,6,4
1411,6,2
1412,6,4
1413,6,2
1414,6,2
1415,6,4
1416,6,5
1417,6,4
1418,6,4
1419,6,4
1420,6,3
1421,6,5
1422,6,5
1423,6,5
1424,6,4
1425,6,4
1426,6,5
1427,6,5
1428,6,4
1429,6,2
1430,6,3
1431,6,4
1432,6,4
1433,6,1
1434,6,1
1435,6,2
1436,6,4
1437,6,4
1438,6,2
1439,6,5
1440,6,4
1441,6,4
1442,6,4
1443,6,5
1444,6,4
1445,6,5
1446,6,3
1447,6,5
1448,6,5
1449,6,5
1450,6,5
1451,6,5
1452,6,4
1453,6,4
1454,6,5
1455,6,5
1456,6,4
1457,6,5
1458,6,5
1459,6,4
1460,6,3
1461,6,5
1462,6,4
1463,6,4
1464,6,4
1465,6,1
1466,6,4
1467,6,4
1468,6,5
1469,6,4
1470,6,5
1471,6,5
1472,6,5
1473,6,4
1474,6,2
1475,6,4
1476,6,4
1477,6,2
1478,6,4
1479,6,5
1480,6,5
1481,6,4
1482,6,4
1483,6,5
1484,6,4
1485,6,5
1486,6,3
1487,6,5
1488,6,5
1489,6,4
1490,6,3
1491,6,5
1492,6,5
1493,6,4
1494,6,4
1495,6,4
1496,6,5
1497,6,5
1498,6,5
1499,6,4
1500,6,5
1501,6,3
1502,6,5
1503,6,4
1504,6,5
1505,6,4
1506,6,2
1507,6,3
1508,6,4
1509,6,2
1510,6,2
1511,6,1
1512,6,4
1513,6,2
1514,6,2
1515,6,5
1516,6,2
1517,6,5
1518,6,5
1519,6,1
1520,6,2
1521,6,5
1522,6,4
1523,6,1
1524,6,5
1525,6,5
1526,6,5
1527,6,5
1528,6,5
1529,6,5
1530,6,5
1531,6,5
1532,6,5
1533,6,5
1534,6,5
1535,6,5
1536,6,4
1537,6,5
1538,6,5
1539,6,5
1540,6,3
1541,6,5
1542,6,4
1543,6,1
1544,6,5
1545,6,4
1546,6,5
1547,6,5
1548,6,4
1549,6,3
1550,6,5
1551,6,5
1552,6,5
1553,6,3
1554,6,2
1555,6,5
1556,6,1
1557,6,3
1558,6,4
1559,6,3
1560,6,1
1561,6,2
1562,6,1
1563,6,5
1564,6,4
1565,6,5
1566,6,4
1567,6,5
1568,6,4
1569,6,3
1570,6,5
1571,6,4
1572,6,5
1573,6,5
1574,6,5
1575,6,5
1576,6,4
1577,6,3
1578,6,3
1579,6,5
1580,6,4
1581,6,3
1582,6,4
1583,6,3
1584,6,5
1585,6,4
1586,6,4
1587,6,4
1588,6,4
1589,6,4
1590,6,5
1591,6,4
1592,6,2
1593,6,2
1594,6,4
1595,6,5
1596,6,4
1597,6,4
1598,6,4
1599,6,2
1600,6,4
1601,6,2
1602,6,5
1603,6,5
1604,6,4
1605,6,4
1606,6,3
1607,6,5
1608,6,5
1609,6,3
1610,6,5
1611,6,5
1612,6,5
1613,6,3
1614,6,5
1615,6,4
1616,6,5
1617,6,5
1618,6,5
1619,6,5
1620,6,5
1621,6,4
1622,6,5
1623,6,4
1624,6,2
1625,6,3
1626,6,3
1627,6,4
1628,6,1
1629,6,4
1630,6,4
1631,6,5
1632,6,2
1633,6,3
1634,6,5
1635,6,2
1636,6,2
1637,6,4
1638,6,5
1639,6,4
1640,6,2
1641,6,5
1642,6,2
1643,6,3
1644,6,5
1645,6,5
1646,6,4
1647,6,3
1648,6,3
1649,6,4
1650,6,5
1651,6,4
1652,6,5
1653,6,5
1654,6,5
1655,6,4
1656,6,5
1657,6,3
1658,6,5
1659,6,5
1660,6,5
1661,6,5
1662,6,5
1663,6,4
1664,6,5
1665,6,1
1666,6,5
1667,6,4
1668,6,4
1669,6,2
1670,6,2
1671,6,2
1672,6,4
1673,6,4
1674,6,4
1675,6,2
1676,6,5
1677,6,5
1678,6,5
1679,6,5
1680,6,5
1681,6,5
1682,6,5
1683,6,5
1684,6,5
1685,6,4
1686,6,5
1687,6,3
1688,6,5
1689,6,4
1690,6,4
1691,6,4
1692,6,5
1693,6,5
1694,6,4
1695,6,2
1696,6,3
1697,6,4
1698,6,3
1699,6,4
1700,6,5
1701,6,3
1702,6,5
1703,6,5
1704,6,2
1705,6,4
1706,6,2
1707,6,4
1708,6,5
1709,6,5
1710,6,1
1711,6,4
1712,6,5
1713,6,4
1714,6,4
1715,6,1
1716,6,5
1717,6,5
1718,6,5
1719,6,5
1720,6,4
1721,6,5
1722,6,5
1723,6,3
1724,6,4
1725,6,5
1726,6,5
1727,6,4
1728,6,5
1729,6,5
1730,6,5
1731,6,5
1732,6,3
1733,6,4
1734,6,4
1735,6,5
1736,6,5
1737,6,4
1738,6,5
1739,6,4
1740,6,4
1741,6,3
1742,6,4
1743,6,3
1744,6,5
1745,6,4
1746,6,2
1747,6,4
1748,6,3
1749,6,4
1750,6,4
1751,6,5
1752,6,4
1753,6,2
1754,6,3
1755,6,3
1756,6,3
1757,6,5
1758,6,5
1759,6,5
1760,6,5
1761,6,5
1762,6,4
1763,6,4
1764,6,4
1765,6,5
1766,6,5
1767,6,5
1768,6,3
1769,6,3
1770,6,5
1771,6,5
1772,6,4
1773,6,5
1774,6,4
1775,6,5
1776,6,4
1777,6,5
1778,6,5
1779,6,4
1780,6,1
1781,6,4
1782,6,4
1783,6,3
1784,6,4
1785,6,5
1786,6,5
1787,6,2
1788,6,4
1789,6,5
1790,6,5
1791,6,5
1792,6,5
1793,6,5
1794,6,5
1795,6,5
1796,6,5
1797,6,4
1798,6,5
1799,6,5
1800,6,5
1801,6,4
1802,6,5
1803,6,4
1804,6,5
1805,6,4
1806,6,5
1807,6,4
1808,6,5
1809,6,5
1810,6,4
1811,6,2
1812,6,5
1813,6,4
1814,6,4
1815,6,5
1816,6,3
1817,6,4
1818,6,1
1819,6,5
1820,6,5
1821,6,3
1822,6,4
1823,6,5
1824,6,3
1825,6,5
1826,6,5
1827,6,5
1828,6,4
1829,6,5
1830,6,5
1831,6,5
1832,6,4
1833,6,4
1834,6,5
1835,6,5
1836,6,5
1837,6,4
1838,6,4
1839,6,3
1840,6,3
1841,6,1
1842,6,4
1843,6,3
1844,6,3
1845,6,5
1846,6,4
1847,6,5
1848,6,3
1849,6,4
1850,6,4
1851,6,4
1852,6,3
1853,6,4
1854,6,1
1855,6,5
1856,6,4
1857,6,4
1858,6,2
1859,6,4
1860,6,2
1861,6,4
1862,6,5
1863,6,5
1864,6,5
1865,6,3
1866,6,5
1867,6,5
1868,6,4
1869,6,5
1870,6,5
1871,6,5
1872,6,4
1873,6,5
1874,6,4
1875,6,5
1876,6,4
1877,6,5
1878,6,5
1879,6,5
1880,6,5
1881,6,4
1882,6,5
1883,6,4
1884,6,2
1885,6,4
1886,6,5
1887,6,4
1888,6,4
1889,6,4
1890,6,5
1891,6,2
1892,6,5
1893,6,4
1894,6,1
1895,6,3
1896,6,4
1897,6,2
1898,6,4
1899,6,3
1900,6,5
1901,6,4
1902,6,4
1903,6,4
1904,6,5
1905,6,3
1906,6,5
1907,6,5
1908,6,5
1909,6,5
1910,6,5
1911,6,5
1912,6,5
1913,6,4
1914,6,5
1915,6,5
1916,6,5
1917,6,5
1918,6,5
1919,6,5
1920,6,4
1921,6,3
1922,6,5
1923,6,5
1924,6,4
1925,6,4
1926,6,4
1927,6,1
1928,6,5
1929,6,4
1930,6,2
1931,6,2
1932,6,2
1933,6,4
1934,6,4
1935,6,5
1936,6,4
1937,6,4
1938,6,2
1939,6,4
1940,6,1
1941,6,3
1942,6,2
1943,6,4
1944,6,4
1945,6,5
1946,6,5
1947,6,5
1948,6,5
1949,6,3
1950,6,4
1951,6,5
1952,6,5
1953,6,3
1954,6,5
1955,6,5
1956,6,5
1957,6,5
1958,6,5
1959,6,5
1960,6,5
1961,6,5
1962,6,5
1963,6,5
1964,6,5
1965,6,5
1966,6,5
1967,6,5
1968,6,4
1969,6,4
1970,6,4
1971,6,1
1972,6,5
1973,6,5
1974,6,5
1975,6,4
1976,6,3
1977,6,4
1978,6,4
1979,6,5
1980,6,4
1981,6,1
1982,6,4
1983,6,4
1984,6,2
1985,6,5
1986,6,4
1987,6,4
1988,6,5
1989,6,4
1990,6,5
1991,6,4
1992,6,5
1993,6,3
1994,6,5
1995,6,5
1996,6,5
1997,6,5
1998,6,3
1999,6,4
2000,6,5
2001,6,5
2002,6,5
2003,6,4
2004,6,4
2005,6,5
2006,6,4
2007,6,4
2008,6,4
2009,6,2
2010,6,4
2011,6,5
2012,6,2
2013,6,2
2014,6,4
2015,6,5
2016,6,4
2017,6,4
2018,6,4
2019,6,4
2020,6,1
2021,6,2
2022,6,5
2023,6,5
2024,6,5
2025,6,5
2026,6,5
2027,6,4
2028,6,4
2029,6,3
2030,6,5
2031,6,5
2032,6,5
2033,6,5
2034,6,5
2035,6,5
2036,6,4
2037,6,4
2038,6,5
2039,6,4
2040,6,4
2041,6,5
2042,6,4
2043,6,5
2044,6,5
2045,6,5
2046,6,4
2047,6,5
2048,6,4
2049,6,4
2050,6,3
2051,6,2
2052,6,5
2053,6,5
2054,6,3
2055,6,5
2056,6,5
2057,6,3
2058,6,3
2059,6,2
2060,6,4
2061,6,4
2062,6,2
2063,6,3
2064,6,2
2065,6,1
2066,6,4
2067,6,4
2068,6,1
2069,6,5
2070,6,1
2071,6,4
2072,6,5
2073,6,5
2074,6,4
2075,6,4
2076,6,5
2077,6,5
2078,6,4
2079,6,4
2080,6,5
2081,6,5
2082,6,5
2083,6,4
2084,6,4
2085,6,5
2086,6,5
2087,6,5
2088,6,5
2089,6,5
2090,6,5
2091,6,4
2092,6,4
2093,6,5
2094,6,4
2095,6,2
2096,6,3
2097,6,5
2098,6,5
2099,6,5
2100,6,2
2101,6,2
2102,6,4
2103,6,5
2104,6,3
2105,6,5
2106,6,4
2107,6,4
2108,6,5
2109,6,5
2110,6,5
2111,6,4
2112,6,3
2113,6,5
2114,6,3
2115,6,5
2116,6,4
2117,6,5
2118,6,5
2119,6,4
2120,6,4
2121,6,5
2122,6,4
2123,6,5
2124,6,5
2125,6,5
2126,6,5
2127,6,5
2128,6,5
2129,6,4
2130,6,2
2131,6,2
2132,6,4
2133,6,1
2134,6,4
2135,6,2
2136,6,5
2137,6,4
2138,6,4
2139,6,5
2140,6,5
2141,6,4
2142,6,5
2143,6,5
2144,6,5
2145,6,4
2146,6,5
2147,6,5
2148,6,5
2149,6,5
2150,6,5
2151,6,5
2152,6,5
2153,6,5
2154,6,5
2155,6,5
2156,6,5
2157,6,4
2158,6,5
2159,6,4
2160,6,4
2161,6,2
2162,6,3
2163,6,4
2164,6,3
2165,6,3
2166,6,4
2167,6,5
2168,6,4
2169,6,1
2170,6,5
2171,6,5
2172,6,2
2173,6,3
2174,6,2
2175,6,2
2176,6,2
2177,6,5
2178,6,4
2179,6,5
2180,6,4
2181,6,5
2182,6,5
2183,6,4
2184,6,5
2185,6,5
2186,6,5
2187,6,5
2188,6,5
2189,6,2
2190,6,1
2191,6,4
2192,6,5
2193,6,4
2194,6,5
2195,6,4
2196,6,1
2197,6,1
2198,6,4
2199,6,5
2200,6,4
2201,6,4
2202,6,4
2203,6,3
2204,6,3
2205,6,2
2206,6,2
2207,6,3
2208,6,2
2209,6,5
2210,6,5
2211,6,3
2212,6,5
2213,6,5
2214,6,5
2215,6,4
2216,6,5
2217,6,5
2218,6,5
2219,6,5
2220,6,5
2221,6,5
2222,6,5
2223,6,5
2224,6,5
2225,6,5
2226,6,5
2227,6,5
2228,6,4
2229,6,5
2230,6,3
2231,6,4
2232,6,4
2233,6,5
2234,6,4
2235,6,4
2236,6,2
2237,6,5
2238,6,2
2239,6,4
2240,6,4
2241,6,1
2242,6,1
2243,6,3
2244,6,2
2245,6,1
2246,6,5
2247,6,5
2248,6,5
2249,6,3
2250,6,5
2251,6,5
2252,6,5
2253,6,5
2254,6,4
2255,6,4
2256,6,5
2257,6,5
2258,6,5
2259,6,4
2260,6,5
2261,6,4
2262,6,4
2263,6,4
2264,6,3
2265,6,4
2266,6,4
2267,6,2
2268,6,2
2269,6,4
2270,6,1
2271,6,3
2272,6,3
2273,6,1
2274,6,1
2275,6,2
2276,6,1
2277,6,3
2278,6,1
2279,6,2
2280,6,3
2281,6,5
2282,6,3
2283,6,5
2284,6,1
2285,6,1
2286,6,4
2287,6,1
2288,6,5
2289,6,1
2290,6,4
2291,6,5
2292,6,5
2293,6,5
2294,6,4
2295,6,2
2296,6,2
2297,6,2
2298,6,4
2299,6,4
2300,6,5
2301,6,4
2302,6,1
2303,6,3
2304,6,1
2305,6,4
2306,6,2
2307,6,5
2308,6,3
2309,6,5
2310,6,3
2311,6,4
2312,6,5
2313,6,4
2314,6,5
2315,6,3
2316,6,5
2317,6,3
2318,6,5
2319,6,4
2320,6,5
2321,6,4
2322,6,2
2323,6,3
2324,6,4
2325,6,3
2326,6,3
2327,6,4
2328,6,5
2329,6,3
2330,6,3
2331,6,1
2332,6,1
2333,6,1
2334,6,3
2335,6,3
2336,6,3
2337,6,3
2338,6,1
2339,6,3
2340,6,1
2341,6,2
2342,6,3
2343,6,1
2344,6,5
2345,6,4
2346,6,4
2347,6,5
2348,6,4
2349,6,4
2350,6,3
2351,6,4
2352,6,4
2353,6,3
2354,6,5
2355,6,4
2356,6,4
2357,6,4
2358,6,3
2359,6,5
2360,6,4
2361,6,3
2362,6,3
2363,6,5
2364,6,3
2365,6,3
2366,6,5
2367,6,4
2368,6,5
2369,6,2
2370,6,2
2371,6,4
2372,6,1
2373,6,4
2374,6,1
2375,6,1
2376,6,1
2377,6,1
2378,6,1
2379,6,3
2380,6,1
2381,6,4
2382,6,1
2383,6,4
2384,6,5
2385,6,1
2386,6,3
2387,6,2
2388,6,4
2389,6,3
2390,6,3
2391,6,5
2392,6,5
2393,6,4
2394,6,5
2395,6,3
2396,6,5
2397,6,1
2398,6,5
2399,6,4
2400,6,1
2401,6,4
2402,6,4
2403,6,5
2404,6,5
2405,6,1
2406,6,1
2407,6,5
2408,6,3
2409,6,1
2410,6,3
2411,6,3
2412,6,3
2413,6,5
2414,6,3
2415,6,5
2416,6,5
2417,6,4
2418,6,4
2419,6,4
2420,6,2
2421,6,5
2422,6,3
2423,6,3
2424,6,1
2425,6,1
2426,6,4
2427,6,1
2428,6,5
2429,6,1
2430,6,3
2431,6,4
2432,6,3
2433,6,3
2434,6,1
2435,6,2
2436,6,1
2437,6,4
2438,6,4
2439,6,4
2440,6,2
2441,6,4
2442,6,3
2443,6,3
2444,6,3
2445,6,5
2446,6,5
2447,6,5
2448,6,4
2449,6,3
2450,6,5
2451,6,3
2452,6,5
2453,6,3
2454,6,4
2455,6,5
2456,6,2
2457,6,4
2458,6,1
2459,6,1
2460,6,2
2461,6,4
2462,6,1
2463,6,4
2464,6,1
2465,6,1
2466,6,4
2467,6,4
2468,6,1
2469,6,2
2470,6,4
2471,6,2
2472,6,1
2473,6,4
2474,6,1
2475,6,4
2476,6,5
2477,6,3
2478,6,4
2479,6,4
2480,6,5
2481,6,3
2482,6,4
2483,6,5
2484,6,4
2485,6,4
2486,6,4
2487,6,5
2488,6,3
2489,6,1
2490,6,1
2491,6,3
2492,6,4
2493,6,4
2494,6,3
2495,6,4
2496,6,1
2497,6,1
2498,6,1
2499,6,5
2500,6,2
2501,6,3
2502,6,5
2503,6,5
2504,6,5
2505,6,4
2506,6,4
2507,6,3
2508,6,4
2509,6,4
2510,6,5
2511,6,3
2512,6,5
2513,6,3
2514,6,4
2515,6,4
2516,6,5
2517,6,5
2518,6,5
2519,6,5
2520,6,1
2521,6,1
2522,6,3
2523,6,5
2524,6,4
2525,6,1
2526,6,1
2527,6,4
2528,6,2
2529,6,1
2530,6,1
2531,6,4
2532,6,1
2533,6,1
2534,6,1
2535,6,4
2536,6,3
2537,6,3
2538,6,2
2539,6,5
2540,6,4
2541,6,5
2542,6,2
2543,6,4
2544,6,4
2545,6,5
2546,6,3
2547,6,5
2548,6,5
2549,6,2
2550,6,5
2551,6,5
2552,6,5
2553,6,5
2554,6,4
2555,6,2
2556,6,2
2557,6,5
2558,6,1
2559,6,4
2560,6,2
2561,6,2
2562,6,4
2563,6,2
2564,6,5
2565,6,1
2566,6,2
2567,6,5
2568,6,5
2569,6,3
2570,6,5
2571,6,3
2572,6,4
2573,6,5
2574,6,5
2575,6,3
2576,6,2
2577,6,4
2578,6,2
2579,6,1
2580,6,5
2581,6,5
2582,6,5
2583,6,1
2584,6,2
2585,6,4
2586,6,3
2587,6,5
2588,6,4
2589,6,1
2590,6,1
2591,6,3
2592,6,5
2593,6,2
2594,6,1
2595,6,1
2596,6,1
2597,6,2
2598,6,1
2599,6,4
2600,6,4
2601,6,2
2602,6,5
2603,6,4
2604,6,4
2605,6,3
2606,6,4
2607,6,5
2608,6,5
2609,6,5
2610,6,5
2611,6,5
2612,6,4
2613,6,1
2614,6,4
2615,6,3
2616,6,5
2617,6,4
2618,6,5
2619,6,1
2620,6,4
2621,6,5
2622,6,1
2623,6,1
2624,6,5
2625,6,4
2626,6,1
2627,6,3
2628,6,4
2629,6,3
2630,6,1
2631,6,4
2632,6,2
2633,6,4
2634,6,2
2635,6,1
2636,6,1
2637,6,1
2638,6,1
2639,6,5
2640,6,1
2641,6,3
2642,6,5
2643,6,2
2644,6,5
2645,6,3
2646,6,5
2647,6,5
2648,6,2
2649,6,3
2650,6,2
2651,6,5
2652,6,4
2653,6,1
2654,6,1
2655,6,2
2656,6,1
2657,6,3
2658,6,5
2659,6,3
2660,6,4
2661,6,2
2662,6,1
2663,6,1
2664,6,4
2665,6,1
2666,6,1
2667,6,4
2668,6,1
2669,6,3
2670,6,3
2671,6,3
2672,6,3
2673,6,4
2674,6,4
2675,6,5
2676,6,5
2677,6,3
2678,6,5
2679,6,4
2680,6,4
2681,6,4
2682,6,4
2683,6,5
2684,6,1
2685,6,1
2686,6,3
2687,6,3
2688,6,5
2689,6,1
2690,6,1
2691,6,1
2692,6,1
2693,6,5
2694,6,1
2695,6,1
2696,6,4
2697,6,2
2698,6,4
2699,6,4
2700,6,1
2701,6,2
2702,6,1
2703,6,5
2704,6,3
2705,6,4
2706,6,4
2707,6,4
2708,6,5
2709,6,3
2710,6,5
2711,6,1
2712,6,5
2713,6,2
2714,6,5
2715,6,5
2716,6,1
2717,6,5
2718,6,5
2719,6,5
2720,6,5
2721,6,5
2722,6,5
2723,6,1
2724,6,5
2725,6,1
2726,6,5
2727,6,5
2728,6,1
2729,6,2
2730,6,5
2731,6,2
2732,6,1
2733,6,2
2734,6,4
2735,6,4
2736,6,3
2737,6,1
2738,6,1
2739,6,5
2740,6,3
2741,6,3
2742,6,4
2743,6,4
2744,6,5
2745,6,3
2746,6,4
2747,6,4
2748,6,5
2749,6,4
2750,6,5
2751,6,1
2752,6,5
2753,6,4
2754,6,3
2755,6,4
2756,6,5
2757,6,5
2758,6,5
2759,6,4
2760,6,1
2761,6,4
2762,6,2
2763,6,1
2764,6,5
2765,6,3
2766,6,1
2767,6,4
2768,6,1
2769,6,2
2770,6,1
2771,6,4
2772,6,1
2773,6,1
2774,6,4
2775,6,2
2776,6,1
2777,6,4
2778,6,5
2779,6,3
2780,6,4
2781,6,3
2782,6,3
2783,6,3
2784,6,3
2785,6,4
2786,6,5
2787,6,5
2788,6,4
2789,6,4
2790,6,5
2791,6,3
2792,6,2
2793,6,2
2794,6,1
2795,6,4
2796,6,1
2797,6,4
2798,6,3
2799,6,1
2800,6,1
2801,6,4
2802,6,3
2803,6,5
2804,6,5
2805,6,5
2806,6,1
2807,6,4
2808,6,4
2809,6,5
2810,6,4
2811,6,5
2812,6,5
2813,6,5
2814,6,5
2815,6,5
2816,6,5
2817,6,5
2818,6,4
2819,6,5
2820,6,3
2821,6,5
2822,6,3
2823,6,1
2824,6,4
2825,6,1
2826,6,5
2827,6,3
2828,6,4
2829,6,5
2830,6,4
2831,6,4
2832,6,1
2833,6,1
2834,6,1
2835,6,2
2836,6,1
2837,6,4
2838,6,2
2839,6,4
2840,6,3
2841,6,3
2842,6,5
2843,6,4
2844,6,3
2845,6,2
2846,6,5
2847,6,5
2848,6,3
2849,6,4
2850,6,3
2851,6,5
2852,6,3
2853,6,4
2854,6,3
2855,6,4
2856,6,1
2857,6,4
2858,6,1
2859,6,5
2860,6,4
2861,6,1
2862,6,4
2863,6,1
2864,6,1
2865,6,1
2866,6,1
2867,6,2
2868,6,1
2869,6,1
2870,6,1
2871,6,1
2872,6,5
2873,6,5
2874,6,3
2875,6,4
2876,6,4
2877,6,4
2878,6,2
2879,6,5
2880,6,4
2881,6,5
2882,6,4
2883,6,1
2884,6,3
2885,6,4
2886,6,5
2887,6,5
2888,6,5
2889,6,4
2890,6,3
2891,6,4
2892,6,3
2893,6,1
2894,6,3
2895,6,5
2896,6,2
2897,6,5
2898,6,1
2899,6,5
2900,6,5
2901,6,1
2902,6,1
2903,6,5
2904,6,1
2905,6,5
2906,6,1
2907,6,2
2908,6,1
2909,6,1
2910,6,1
2911,6,2
2912,6,3
2913,6,5
2914,6,4
2915,6,5
2916,6,3
2917,6,4
2918,6,5
2919,6,5
2920,6,5
2921,6,1
2922,6,4
2923,6,4
2924,6,2
2925,6,4
2926,6,5
2927,6,1
2928,6,3
2929,6,3
2930,6,4
2931,6,2
2932,6,5
2933,6,5
2934,6,5
2935,6,3
2936,6,4
2937,6,4
2938,6,4
2939,6,5
2940,6,1
2941,6,3
2942,6,2
2943,6,2
2944,6,3
2945,6,4
2946,6,5
2947,6,4
2948,6,1
2949,6,1
2950,6,1
2951,6,1
2952,6,1
2953,6,4
2954,6,4
2955,6,5
2956,6,1
2957,6,4
2958,6,3
2959,6,5
2960,6,3
2961,6,5
2962,6,5
2963,6,5
2964,6,4
2965,6,5
2966,6,2
2967,6,2
2968,6,5
2969,6,5
2970,6,2
2971,6,4
2972,6,5
2973,6,1
2974,6,5
2975,6,2
2976,6,3
2977,6,4
2978,6,1
2979,6,2
2980,6,1
2981,6,1
2982,6,1
2983,6,1
2984,6,1
2985,6,4
2986,6,4
2987,6,3
2988,6,1
2989,6,2
2990,6,1
2991,6,5
2992,6,5
2993,6,4
2994,6,3
2995,6,4
2996,6,5
2997,6,4
2998,6,1
2999,6,5
3000,6,5
3001,6,5
3002,6,3
3003,6,4
3004,6,3
3005,6,4
3006,6,1
3007,6,5
3008,6,1
3009,6,4
3010,6,1
3011,6,1
3012,6,5
3013,6,5
3014,6,2
3015,6,4
3016,6,5
3017,6,5
3018,6,1
3019,6,4
3020,6,5
3021,6,5
3022,6,3
3023,6,5
3024,6,4
3025,6,1
3026,6,4
3027,6,4
3028,6,5
3029,6,5
3030,6,4
3031,6,5
3032,6,5
3033,6,1
3034,6,5
3035,6,1
3036,6,1
3037,6,1
3038,6,1
3039,6,1
3040,6,4
3041,6,1
3042,6,4
3043,6,4
3044,6,1
3045,6,2
3046,6,1
3047,6,2
3048,6,1
3049,6,1
3050,6,5
3051,6,4
3052,6,3
3053,6,1
3054,6,4
3055,6,1
3056,6,2
3057,6,5
3058,6,1
3059,6,3
3060,6,4
3061,6,5
3062,6,2
3063,6,2
3064,6,2
3065,6,5
3066,6,3
3067,6,5
3068,6,4
3069,6,4
3070,6,5
3071,6,3
3072,6,5
3073,6,5
3074,6,4
3075,6,1
3076,6,4
3077,6,1
3078,6,3
3079,6,4
3080,6,4
3081,6,4
3082,6,2
3083,6,2
3084,6,3
3085,6,2
3086,6,4
3087,6,1
3088,6,4
3089,6,4
3090,6,1
3091,6,2
3092,6,4
3093,6,5
3094,6,2
3095,6,4
3096,6,3
3097,6,5
3098,6,4
3099,6,1
3100,6,3
3101,6,5
3102,6,4
3103,6,5
3104,6,5
3105,6,5
3106,6,2
3107,6,5
3108,6,3
3109,6,4
3110,6,2
3111,6,5
3112,6,5
3113,6,5
3114,6,3
3115,6,4
3116,6,5
3117,6,5
3118,6,1
3119,6,3
3120,6,3
3121,6,1
3122,6,5
3123,6,3
3124,6,4
3125,6,1
3126,6,5
3127,6,1
3128,6,3
3129,6,5
3130,6,3
3131,6,4
3132,6,2
3133,6,4
3134,6,2
3135,6,4
3136,6,5
3137,6,2
3138,6,1
3139,6,1
3140,6,3
3141,6,5
3142,6,3
3143,6,4
3144,6,1
3145,6,1
3146,6,4
3147,6,5
3148,6,5
3149,6,4
3150,6,5
3151,6,5
3152,6,5
3153,6,2
3154,6,3
3155,6,4
3156,6,5
3157,6,3
3158,6,5
3159,6,5
3160,6,5
3161,6,3
3162,6,5
3163,6,3
3164,6,3
3165,6,4
3166,6,1
3167,6,4
3168,6,1
3169,6,1
3170,6,3
3171,6,4
3172,6,5
3173,6,2
3174,6,4
3175,6,1
3176,6,4
3177,6,4
3178,6,3
3179,6,4
3180,6,5
3181,6,3
3182,6,3
3183,6,4
3184,6,5
3185,6,5
3186,6,1
3187,6,4
3188,6,4
3189,6,5
3190,6,5
3191,6,5
3192,6,3
3193,6,5
3194,6,1
3195,6,5
3196,6,4
3197,6,1
3198,6,5
3199,6,5
3200,6,5
3201,6,5
3202,6,5
3203,6,4
3204,6,5
3205,6,3
3206,6,5
3207,6,5
3208,6,1
3209,6,3
3210,6,1
3211,6,1
3212,6,5
3213,6,2
3214,6,1
3215,6,2
3216,6,1
3217,6,1
3218,6,2
3219,6,1
3220,6,2
3221,6,1
3222,6,1
3223,6,3
3224,6,3
3225,6,5
3226,6,3
3227,6,3
3228,6,3
3229,6,4
3230,6,5
3231,6,4
3232,6,2
3233,6,5
3234,6,5
3235,6,4
3236,6,3
3237,6,5
3238,6,3
3239,6,5
3240,6,4
3241,6,1
3242,6,3
3243,6,5
3244,6,5
3245,6,1
3246,6,5
3247,6,3
3248,6,4
3249,6,4
3250,6,4
3251,6,1
3252,6,2
3253,6,1
3254,6,5
3255,6,2
3256,6,5
3257,6,5
3258,6,4
3259,6,3
3260,6,5
3261,6,2
3262,6,4
3263,6,3
3264,6,4
3265,6,5
3266,6,2
3267,6,3
3268,6,1
3269,6,4
3270,6,5
3271,6,5
3272,6,4
3273,6,5
3274,6,4
3275,6,3
3276,6,5
3277,6,3
3278,6,4
3279,6,5
3280,6,4
3281,6,1
3282,6,3
3283,6,1
3284,6,4
3285,6,2
3286,6,2
3287,6,4
3288,6,1
3289,6,1
3290,6,1
3291,6,2
3292,6,1
3293,6,1
3294,6,1
3295,6,1
3296,6,1
3297,6,1
3298,6,2
3299,6,1
3300,6,2
3301,6,5
3302,6,5
3303,6,4
3304,6,3
3305,6,4
3306,6,5
3307,6,4
3308,6,2
3309,6,5
3310,6,5
3311,6,5
3312,6,1
3313,6,5
3314,6,2
3315,6,4
3316,6,2
3317,6,1
3318,6,5
3319,6,1
3320,6,5
3321,6,4
3322,6,4
3323,6,2
3324,6,4
3325,6,5
3326,6,1
3327,6,1
3328,6,4
3329,6,4
3330,6,5
3331,6,4
3332,6,1
3333,6,1
3334,6,1
3335,6,1
3336,6,3
3337,6,1
3338,6,4
3339,6,4
3340,6,2
3341,6,3
3342,6,5
3343,6,3
3344,6,5
3345,6,5
3346,6,4
3347,6,5
3348,6,5
3349,6,3
3350,6,4
3351,6,4
3352,6,2
3353,6,1
3354,6,1
3355,6,1
3356,6,1
3357,6,4
3358,6,2
3359,6,4
3360,6,1
3361,6,4
3362,6,1
3363,6,1
3364,6,1
3365,6,1
3366,6,1
3367,6,1
3368,6,1
3369,6,1
3370,6,4
3371,6,2
3372,6,1
3373,6,1
3374,6,1
3375,6,5
3376,6,5
3377,6,5
3378,6,5
3379,6,1
3380,6,5
3381,6,2
3382,6,5
3383,6,4
3384,6,4
3385,6,5
3386,6,5
3387,6,2
3388,6,5
3389,6,4
3390,6,4
3391,6,1
3392,6,4
3393,6,4
3394,6,4
3395,6,4
3396,6,4
3397,6,5
3398,6,5
3399,6,4
3400,6,4
3401,6,2
3402,6,2
3403,6,1
3404,6,1
3405,6,1
3406,6,3
3407,6,3
3408,6,1
3409,6,2
3410,6,3
3411,6,5
3412,6,4
3413,6,5
3414,6,5
3415,6,5
3416,6,2
3417,6,1
3418,6,4
3419,6,3
3420,6,4
3421,6,1
3422,6,5
3423,6,5
3424,6,2
3425,6,3
3426,6,2
3427,6,5
3428,6,5
3429,6,2
3430,6,2
3431,6,4
3432,6,1
3433,6,1
3434,6,4
3435,6,4
3436,6,1
3437,6,3
3438,6,1
3439,6,1
3440,6,1
3441,6,1
3442,6,5
3443,6,1
3444,6,4
3445,6,4
3446,6,5
3447,6,3
3448,6,5
3449,6,5
3450,6,2
3451,6,4
3452,6,4
3453,6,4
3454,6,3
3455,6,4
3456,6,5
3457,6,4
3458,6,4
3459,6,5
3460,6,3
3461,6,5
3462,6,3
3463,6,3
3464,6,2
3465,6,1
3466,6,5
3467,6,1
3468,6,4
3469,6,4
3470,6,5
3471,6,5
3472,6,3
3473,6,2
3474,6,1
3475,6,1
3476,6,1
3477,6,1
3478,6,1
3479,6,1
3480,6,1
3481,6,4
3482,6,1
3483,6,5
3484,6,4
3485,6,1
3486,6,3
3487,6,3
3488,6,1
3489,6,5
3490,6,5
3491,6,5
3492,6,4
3493,6,1
3494,6,4
3495,6,5
3496,6,5
3497,6,3
3498,6,3
3499,6,4
3500,6,4
3501,6,5
3502,6,3
3503,6,3
3504,6,1
3505,6,1
3506,6,1
3507,6,4
3508,6,3
3509,6,3
3510,6,1
3511,6,2
3512,6,2
3513,6,1
3514,6,4
3515,6,4
3516,6,1
3517,6,1
3518,6,1
3519,6,4
3520,6,5
3521,6,4
3522,6,1
3523,6,2
3524,6,1
3525,6,1
3526,6,3
3527,6,3
3528,6,3
3529,6,3
3530,6,3
3531,6,3
3532,6,1
3533,6,5
3534,6,2
3535,6,2
3536,6,5
3537,6,4
3538,6,4
3539,6,3
3540,6,1
3541,6,4
3542,6,5
3543,6,3
3544,6,3
3545,6,4
3546,6,2
3547,6,1
3548,6,1
3549,6,3
3550,6,1
3551,6,1
3552,6,1
3553,6,5
3554,6,3
3555,6,4
3556,6,4
3557,6,3
3558,6,5
3559,6,5
3560,6,4
3561,6,5
3562,6,3
3563,6,3
3564,6,3
3565,6,4
3566,6,5
3567,6,5
3568,6,2
3569,6,3
3570,6,5
3571,6,2
3572,6,4
3573,6,3
3574,6,3
3575,6,4
3576,6,5
3577,6,3
3578,6,5
3579,6,4
3580,6,1
3581,6,5
3582,6,1
3583,6,2
3584,6,1
3585,6,1
3586,6,1
3587,6,4
3588,6,3
3589,6,1
3590,6,2
3591,6,3
3592,6,3
3593,6,5
3594,6,5
3595,6,5
3596,6,5
3597,6,4
3598,6,4
3599,6,3
3600,6,5
3601,6,5
3602,6,4
3603,6,5
3604,6,2
3605,6,5
3606,6,3
3607,6,5
3608,6,3
3609,6,5
3610,6,5
3611,6,1
3612,6,1
3613,6,1
3614,6,4
3615,6,3
3616,6,4
3617,6,2
3618,6,3
3619,6,1
3620,6,3
3621,6,1
3622,6,1
3623,6,5
3624,6,4
3625,6,4
3626,6,5
3627,6,2
3628,6,5
3629,6,5
3630,6,3
3631,6,4
3632,6,5
3633,6,3
3634,6,3
3635,6,5
3636,6,4
3637,6,1
3638,6,4
3639,6,5
3640,6,4
3641,6,1
3642,6,3
3643,6,1
3644,6,2
3645,6,2
3646,6,4
3647,6,1
3648,6,5
3649,6,4
3650,6,1
3651,6,5
3652,6,1
3653,6,1
3654,6,2
3655,6,1
3656,6,4
3657,6,3
3658,6,3
3659,6,5
3660,6,1
3661,6,4
3662,6,3
3663,6,1
3664,6,4
3665,6,5
3666,6,5
3667,6,3
3668,6,4
3669,6,4
3670,6,2
3671,6,1
3672,6,3
3673,6,5
3674,6,4
3675,6,5
3676,6,3
3677,6,4
3678,6,3
3679,6,5
3680,6,2
3681,6,4
3682,6,1
3683,6,4
3684,6,4
3685,6,1
3686,6,1
3687,6,1
3688,6,1
3689,6,2
3690,6,1
3691,6,1
3692,6,1
3693,6,5
3694,6,3
3695,6,5
3696,6,4
3697,6,3
3698,6,2
3699,6,5
3700,6,4
3701,6,3
3702,6,5
3703,6,2
3704,6,5
3705,6,3
3706,6,2
3707,6,4
3708,6,4
3709,6,3
3710,6,1
3711,6,3
3712,6,3
3713,6,3
3714,6,5
3715,6,2
3716,6,3
3717,6,5
3718,6,5
3719,6,5
3720,6,2
3721,6,4
3722,6,3
3723,6,5
3724,6,2
3725,6,1
3726,6,1
3727,6,1
3728,6,1
3729,6,1
3730,6,2
3731,6,5
3732,6,1
3733,6,2
3734,6,4
3735,6,5
3736,6,5
3737,6,2
3738,6,5
3739,6,5
3740,6,2
3741,6,3
3742,6,5
3743,6,5
3744,6,5
3745,6,1
3746,6,5
3747,6,5
3748,6,5
3749,6,3
3750,6,4
3751,6,3
3752,6,1
3753,6,4
3754,6,3
3755,6,4
3756,6,1
3757,6,3
3758,6,1
3759,6,1
3760,6,2
3761,6,1
3762,6,1
3763,6,1
3764,6,4
3765,6,1
3766,6,4
3767,6,2
3768,6,4
3769,6,3
3770,6,2
3771,6,1
3772,6,1
3773,6,4
3774,6,2
3775,6,1
3776,6,3
3777,6,5
3778,6,5
3779,6,4
3780,6,5
3781,6,3
3782,6,2
3783,6,3
3784,6,4
3785,6,1
3786,6,5
3787,6,1
3788,6,4
3789,6,5
3790,6,3
3791,6,1
3792,6,1
3793,6,1
3794,6,3
3795,6,1
3796,6,1
3797,6,4
3798,6,1
3799,6,1
3800,6,2
3801,6,4
3802,6,1
3803,6,3
3804,6,3
3805,6,5
3806,6,3
3807,6,5
3808,6,2
3809,6,3
3810,6,5
3811,6,2
3812,6,5
3813,6,3
3814,6,3
3815,6,5
3816,6,5
3817,6,5
3818,6,3
3819,6,5
3820,6,3
3821,6,5
3822,6,3
3823,6,4
3824,6,5
3825,6,4
3826,6,4
3827,6,4
3828,6,1
3829,6,3
3830,6,3
3831,6,4
3832,6,2
3833,6,3
3834,6,1
3835,6,1
3836,6,5
3837,6,5
3838,6,1
3839,6,5
3840,6,1
3841,6,2
3842,6,4
3843,6,2
3844,6,1
3845,6,4
3846,6,4
3847,6,5
3848,6,5
3849,6,5
3850,6,1
3851,6,1
3852,6,1
3853,6,4
3854,6,5
3855,6,1
3856,6,3
3857,6,3
3858,6,4
3859,6,5
3860,6,1
3861,6,4
3862,6,1
3863,6,3
3864,6,1
3865,6,4
3866,6,1
3867,6,1
3868,6,1
3869,6,4
3870,6,5
3871,6,2
3872,6,2
3873,6,3
3874,6,5
3875,6,5
3876,6,5
3877,6,2
3878,6,4
3879,6,5
3880,6,5
3881,6,3
3882,6,4
3883,6,4
3884,6,4
3885,6,3
3886,6,1
3887,6,1
3888,6,1
3889,6,5
3890,6,1
3891,6,1
3892,6,1
3893,6,1
3894,6,3
3895,6,5
3896,6,1
3897,6,1
3898,6,1
3899,6,1
3900,6,1
3901,6,5
3902,6,5
3903,6,5
3904,6,5
3905,6,4
3906,6,3
3907,6,5
3908,6,5
3909,6,3
3910,6,4
3911,6,5
3912,6,5
3913,6,3
3914,6,5
3915,6,1
3916,6,3
3917,6,4
3918,6,4
3919,6,3
3920,6,1
3921,6,1
3922,6,1
3923,6,3
3924,6,4
3925,6,4
3926,6,4
3927,6,5
3928,6,4
3929,6,1
3930,6,4
3931,6,5
3932,6,5
3933,6,1
3934,6,4
3935,6,1
3936,6,3
3937,6,5
3938,6,5
3939,6,3
3940,6,5
3941,6,3
3942,6,3
3943,6,5
3944,6,3
3945,6,5
3946,6,4
3947,6,4
3948,6,5
3949,6,4
3950,6,5
3951,6,3
3952,6,4
3953,6,5
3954,6,5
3955,6,1
3956,6,1
3957,6,1
3958,6,1
3959,6,1
3960,6,4
3961,6,4
3962,6,1
3963,6,1
3964,6,1
3965,6,1
3966,6,4
3967,6,5
3968,6,5
3969,6,4
3970,6,3
3971,6,5
3972,6,5
3973,6,4
3974,6,4
3975,6,5
3976,6,5
3977,6,5
3978,6,4
3979,6,3
3980,6,5
3981,6,4
3982,6,1
3983,6,1
3984,6,3
3985,6,1
3986,6,1
3987,6,1
3988,6,1
3989,6,1
3990,6,5
3991,6,3
3992,6,5
3993,6,1
3994,6,5
3995,6,3
3996,6,4
3997,6,1
3998,6,5
3999,6,1
4000,6,1
4001,6,1
4002,6,3
4003,6,4
4004,6,4
4005,6,5
4006,6,4
4007,6,5
4008,6,5
4009,6,5
4010,6,5
4011,6,4
4012,6,1
4013,6,5
4014,6,5
4015,6,4
4016,6,5
4017,6,3
4018,6,5
4019,6,5
4020,6,1
4021,6,3
4022,6,3
4023,6,1
4024,6,1
4025,6,1
4026,6,1
4027,6,4
4028,6,4
4029,6,4
4030,6,3
4031,6,1
4032,6,1
4033,6,3
4034,6,3
4035,6,5
4036,6,4
4037,6,3
4038,6,5
4039,6,1
4040,6,1
4041,6,4
4042,6,1
4043,6,1
4044,6,2
4045,6,1
4046,6,4
4047,6,4
4048,6,5
4049,6,2
4050,6,3
4051,6,3
4052,6,2
4053,6,4
4054,6,5
4055,6,4
4056,6,3
4057,6,5
4058,6,5
4059,6,5
4060,6,1
4061,6,1
4062,6,4
4063,6,3
4064,6,3
4065,6,4
4066,6,1
4067,6,4
4068,6,1
4069,6,1
4070,6,1
4071,6,3
4072,6,1
4073,6,5
4074,6,4
4075,6,5
4076,6,5
4077,6,3
4078,6,5
4079,6,4
4080,6,5
4081,6,4
4082,6,3
4083,6,5
4084,6,4
4085,6,5
4086,6,5
4087,6,4
4088,6,3
4089,6,4
4090,6,3
4091,6,3
4092,6,1
4093,6,4
4094,6,2
4095,6,1
4096,6,5
4097,6,1
4098,6,4
4099,6,4
4100,6,4
4101,6,4
4102,6,4
4103,6,1
4104,6,5
4105,6,1
4106,6,1
4107,6,5
4108,6,5
4109,6,2
4110,6,4
4111,6,3
4112,6,5
4113,6,3
4114,6,1
4115,6,2
4116,6,1
4117,6,4
4118,6,4
4119,6,5
4120,6,5
4121,6,5
4122,6,4
4123,6,5
4124,6,5
4125,6,1
4126,6,3
4127,6,1
4128,6,1
4129,6,1
4130,6,5
4131,6,2
4132,6,1
4133,6,1
4134,6,1
4135,6,1
4136,6,5
4137,6,1
4138,6,5
4139,6,4
4140,6,4
4141,6,5
4142,6,5
4143,6,4
4144,6,2
4145,6,3
4146,6,5
4147,6,1
4148,6,5
4149,6,1
4150,6,1
4151,6,4
4152,6,1
4153,6,4
4154,6,5
4155,6,4
4156,6,1
4157,6,5
4158,6,4
4159,6,3
4160,6,1
4161,6,1
4162,6,3
4163,6,5
4164,6,4
4165,6,5
4166,6,5
4167,6,3
4168,6,5
4169,6,3
4170,6,5
4171,6,5
4172,6,5
4173,6,5
4174,6,1
4175,6,5
4176,6,1
4177,6,3
4178,6,4
4179,6,1
4180,6,4
4181,6,4
4182,6,3
4183,6,3
4184,6,1
4185,6,2
4186,6,1
4187,6,1
4188,6,1
4189,6,1
4190,6,4
4191,6,3
4192,6,4
4193,6,4
4194,6,2
4195,6,2
4196,6,5
4197,6,4
4198,6,5
4199,6,5
4200,6,3
4201,6,5
4202,6,4
4203,6,3
4204,6,4
4205,6,3
4206,6,1
4207,6,3
4208,6,3
4209,6,5
4210,6,1
4211,6,2
4212,6,1
4213,6,4
4214,6,4
4215,6,4
4216,6,1
4217,6,1
4218,6,2
4219,6,1
4220,6,4
4221,6,3
4222,6,3
4223,6,4
4224,6,3
4225,6,3
4226,6,5
4227,6,5
4228,6,5
4229,6,4
4230,6,4
4231,6,3
4232,6,5
4233,6,3
4234,6,5
4235,6,3
4236,6,2
4237,6,1
4238,6,1
4239,6,1
4240,6,4
4241,6,3
4242,6,4
4243,6,1
4244,6,1
4245,6,4
4246,6,4
4247,6,4
4248,6,1
4249,6,1
4250,6,1
4251,6,1
4252,6,4
4253,6,4
4254,6,5
4255,6,2
4256,6,2
4257,6,2
4258,6,1
4259,6,1
4260,6,3
4261,6,5
4262,6,5
4263,6,5
4264,6,4
4265,6,5
4266,6,5
4267,6,4
4268,6,5
4269,6,3
4270,6,3
4271,6,5
4272,6,5
4273,6,5
4274,6,5
4275,6,5
4276,6,3
4277,6,1
4278,6,4
4279,6,1
4280,6,2
4281,6,5
4282,6,5
4283,6,4
4284,6,1
4285,6,1
4286,6,1
4287,6,5
4288,6,4
4289,6,5
4290,6,1
4291,6,1
4292,6,5
4293,6,5
4294,6,4
4295,6,3
4296,6,5
4297,6,5
4298,6,5
4299,6,3
4300,6,3
4301,6,4
4302,6,4
4303,6,4
4304,6,5
4305,6,4
4306,6,1
4307,6,4
4308,6,4
4309,6,1
4310,6,1
4311,6,1
4312,6,4
4313,6,1
4314,6,4
4315,6,5
4316,6,1
4317,6,1
4318,6,3
4319,6,1
4320,6,3
4321,6,1
4322,6,1
4323,6,1
4324,6,1
4325,6,4
4326,6,4
4327,6,1
4328,6,3
4329,6,5
4330,6,4
4331,6,4
4332,6,3
4333,6,5
4334,6,3
4335,6,5
4336,6,4
4337,6,5
4338,6,4
4339,6,4
4340,6,2
4341,6,3
4342,6,2
4343,6,4
4344,6,1
4345,6,1
4346,6,1
4347,6,4
4348,6,4
4349,6,5
4350,6,1
4351,6,3
4352,6,4
4353,6,3
4354,6,3
4355,6,1
4356,6,4
4357,6,2
4358,6,1
4359,6,1
4360,6,5
4361,6,4
4362,6,1
4363,6,1
4364,6,1
4365,6,1
4366,6,4
4367,6,4
4368,6,5
4369,6,5
4370,6,2
4371,6,3
4372,6,5
4373,6,3
4374,6,4
4375,6,3
4376,6,5
4377,6,5
4378,6,3
4379,6,3
4380,6,3
4381,6,4
4382,6,1
4383,6,1
4384,6,1
4385,6,3
4386,6,4
4387,6,3
4388,6,4
4389,6,4
4390,6,5
4391,6,3
4392,6,2
4393,6,3
4394,6,4
4395,6,1
4396,6,1
4397,6,4
4398,6,1
4399,6,1
4400,6,3
4401,6,1
4402,6,4
4403,6,1
4404,6,4
4405,6,5
4406,6,4
4407,6,3
4408,6,4
4409,6,3
4410,6,3
4411,6,5
4412,6,1
4413,6,5
4414,6,4
4415,6,4
4416,6,5
4417,6,5
4418,6,5
4419,6,4
4420,6,4
4421,6,2
4422,6,2
4423,6,5
4424,6,4
4425,6,1
4426,6,4
4427,6,1
4428,6,1
4429,6,3
4430,6,1
4431,6,5
4432,6,5
4433,6,4
4434,6,4
4435,6,2
4436,6,4
4437,6,3
4438,6,1
4439,6,4
4440,6,1
4441,6,1
4442,6,4
4443,6,1
4444,6,1
4445,6,4
4446,6,5
4447,6,1
4448,6,5
4449,6,5
4450,6,2
4451,6,5
4452,6,2
4453,6,5
4454,6,3
4455,6,5
4456,6,5
4457,6,3
4458,6,4
4459,6,5
4460,6,5
4461,6,5
4462,6,5
4463,6,4
4464,6,5
4465,6,3
4466,6,4
4467,6,1
4468,6,4
4469,6,1
4470,6,1
4471,6,3
4472,6,2
4473,6,4
4474,6,5
4475,6,4
4476,6,1
4477,6,2
4478,6,4
4479,6,5
4480,6,2
4481,6,4
4482,6,4
4483,6,2
4484,6,3
4485,6,4
4486,6,4
4487,6,3
4488,6,4
4489,6,3
4490,6,5
4491,6,3
4492,6,5
4493,6,4
4494,6,3
4495,6,4
4496,6,4
4497,6,3
4498,6,5
4499,6,4
4500,6,5
4501,6,1
4502,6,3
4503,6,5
4504,6,5
4505,6,2
4506,6,3
4507,6,1
4508,6,1
4509,6,1
4510,6,5
4511,6,3
4512,6,1
4513,6,1
4514,6,5
4515,6,1
4516,6,5
4517,6,1
4518,6,1
4519,6,1
4520,6,2
4521,6,1
4522,6,4
4523,6,1
4524,6,4
4525,6,2
4526,6,1
4527,6,4
4528,6,5
4529,6,2
4530,6,5
4531,6,3
4532,6,2
4533,6,2
4534,6,5
4535,6,5
4536,6,5
4537,6,5
4538,6,3
4539,6,3
4540,6,4
4541,6,5
4542,6,5
4543,6,4
4544,6,3
4545,6,1
4546,6,3
4547,6,4
4548,6,3
4549,6,1
4550,6,4
4551,6,4
4552,6,5
4553,6,3
4554,6,1
4555,6,2
4556,6,4
4557,6,1
4558,6,3
4559,6,1
4560,6,1
4561,6,2
4562,6,5
4563,6,5
4564,6,5
4565,6,4
4566,6,1
4567,6,5
4568,6,5
4569,6,5
4570,6,4
4571,6,5
4572,6,5
4573,6,5
4574,6,5
4575,6,1
4576,6,4
4577,6,4
4578,6,5
4579,6,5
4580,6,3
4581,6,4
4582,6,4
4583,6,1
4584,6,4
4585,6,1
4586,6,1
4587,6,1
4588,6,3
4589,6,1
4590,6,1
4591,6,1
4592,6,1
4593,6,4
4594,6,5
4595,6,4
4596,6,1
4597,6,5
4598,6,5
4599,6,5
4600,6,5
4601,6,4
4602,6,5
4603,6,3
4604,6,5
4605,6,4
4606,6,4
4607,6,3
4608,6,3
4609,6,5
4610,6,4
4611,6,5
4612,6,4
4613,6,1
4614,6,4
4615,6,5
4616,6,5
4617,6,4
4618,6,4
4619,6,5
4620,6,3
4621,6,4
4622,6,5
4623,6,1
4624,6,4
4625,6,5
4626,6,1
4627,6,2
4628,6,1
4629,6,5
4630,6,1
4631,6,5
4632,6,3
4633,6,4
4634,6,3
4635,6,3
4636,6,5
4637,6,4
4638,6,2
4639,6,4
4640,6,5
4641,6,5
4642,6,5
4643,6,5
4644,6,4
4645,6,5
4646,6,5
4647,6,3
4648,6,1
4649,6,1
4650,6,4
4651,6,3
4652,6,3
4653,6,1
4654,6,4
4655,6,1
4656,6,4
4657,6,1
4658,6,1
4659,6,5
4660,6,1
4661,6,5
4662,6,4
4663,6,2
4664,6,1
4665,6,2
4666,6,5
4667,6,5
4668,6,4
4669,6,5
4670,6,4
4671,6,2
4672,6,4
4673,6,4
4674,6,2
4675,6,4
4676,6,5
4677,6,4
4678,6,3
4679,6,5
4680,6,3
4681,6,4
4682,6,5
4683,6,4
4684,6,2
4685,6,4
4686,6,2
4687,6,5
4688,6,1
4689,6,3
4690,6,2
4691,6,4
4692,6,1
4693,6,4
4694,6,3
4695,6,5
4696,6,3
4697,6,1
4698,6,4
4699,6,1
4700,6,1
4701,6,1
4702,6,4
4703,6,1
4704,6,5
4705,6,3
4706,6,2
4707,6,3
4708,6,4
4709,6,2
4710,6,5
4711,6,4
4712,6,4
4713,6,4
4714,6,3
4715,6,1
4716,6,4
4717,6,5
4718,6,5
4719,6,3
4720,6,3
4721,6,1
4722,6,3
4723,6,5
4724,6,5
4725,6,3
4726,6,3
4727,6,1
4728,6,1
4729,6,3
4730,6,3
4731,6,1
4732,6,4
4733,6,2
4734,6,5
4735,6,2
4736,6,4
4737,6,1
4738,6,1
4739,6,1
4740,6,1
4741,6,3
4742,6,5
4743,6,4
4744,6,5
4745,6,4
4746,6,4
4747,6,2
4748,6,5
4749,6,3
4750,6,5
4751,6,4
4752,6,3
4753,6,5
4754,6,5
4755,6,4
4756,6,5
4757,6,5
4758,6,1
4759,6,5
4760,6,5
4761,6,1
4762,6,4
4763,6,5
4764,6,1
4765,6,4
4766,6,3
4767,6,5
4768,6,1
4769,6,4
4770,6,1
4771,6,1
4772,6,1
4773,6,1
4774,6,1
4775,6,1
4776,6,1
4777,6,5
4778,6,1
4779,6,4
4780,6,5
4781,6,3
4782,6,5
4783,6,4
4784,6,3
4785,6,4
4786,6,5
4787,6,5
4788,6,5
4789,6,1
4790,6,3
4791,6,5
4792,6,3
4793,6,3
4794,6,4
4795,6,5
4796,6,4
4797,6,3
4798,6,5
4799,6,5
4800,6,4
4801,6,1
4802,6,3
4803,6,4
4804,6,2
4805,6,5
4806,6,3
4807,6,3
4808,6,5
4809,6,3
4810,6,4
4811,6,1
4812,6,1
4813,6,3
4814,6,5
4815,6,1
4816,6,2
4817,6,3
4818,6,2
4819,6,1
4820,6,2
4821,6,3
4822,6,5
4823,6,4
4824,6,5
4825,6,5
4826,6,5
4827,6,3
4828,6,3
4829,6,1
4830,6,1
4831,6,5
4832,6,3
4833,6,5
4834,6,3
4835,6,5
4836,6,3
4837,6,3
4838,6,1
4839,6,3
4840,6,1
4841,6,4
4842,6,1
4843,6,3
4844,6,5
4845,6,5
4846,6,2
4847,6,4
4848,6,3
4849,6,4
4850,6,1
4851,6,2
4852,6,1
4853,6,3
4854,6,4
4855,6,4
4856,6,4
4857,6,4
4858,6,2
4859,6,3
4860,6,1
4861,6,4
4862,6,5
4863,6,4
4864,6,5
4865,6,1
4866,6,5
4867,6,5
4868,6,5
4869,6,2
4870,6,3
4871,6,4
4872,6,5
4873,6,5
4874,6,5
4875,6,5
4876,6,5
4877,6,5
4878,6,4
4879,6,5
4880,6,5
4881,6,3
4882,6,1
4883,6,2
4884,6,5
4885,6,1
4886,6,5
4887,6,1
4888,6,1
4889,6,1
4890,6,1
4891,6,1
4892,6,2
4893,6,5
4894,6,1
4895,6,5
4896,6,1
4897,6,4
4898,6,5
4899,6,5
4900,6,5
4901,6,1
4902,6,5
4903,6,3
4904,6,5
4905,6,2
4906,6,4
4907,6,5
4908,6,5
4909,6,3
4910,6,5
4911,6,1
4912,6,1
4913,6,2
4914,6,3
4915,6,4
4916,6,1
4917,6,4
4918,6,1
4919,6,1
4920,6,1
4921,6,1
4922,6,1
4923,6,4
4924,6,1
4925,6,3
4926,6,5
4927,6,4
4928,6,4
4929,6,5
4930,6,1
4931,6,5
4932,6,5
4933,6,5
4934,6,5
4935,6,5
4936,6,4
4937,6,2
4938,6,5
4939,6,4
4940,6,4
4941,6,1
4942,6,5
4943,6,2
4944,6,3
4945,6,1
4946,6,1
4947,6,4
4948,6,4
4949,6,1
4950,6,1
4951,6,1
4952,6,4
4953,6,2
4954,6,4
4955,6,5
4956,6,5
4957,6,5
4958,6,4
4959,6,1
4960,6,3
4961,6,5
4962,6,3
4963,6,3
4964,6,4
4965,6,1
4966,6,4
4967,6,5
4968,6,3
4969,6,3
4970,6,3
4971,6,2
4972,6,4
4973,6,5
4974,6,3
4975,6,3
4976,6,3
4977,6,1
4978,6,4
4979,6,3
4980,6,1
4981,6,1
4982,6,4
4983,6,1
4984,6,1
4985,6,1
4986,6,1
4987,6,4
4988,6,1
4989,6,4
4990,6,1
4991,6,4
4992,6,4
4993,6,5
4994,6,4
4995,6,5
4996,6,5
4997,6,5
4998,6,4
4999,6,2
5000,6,3
5001,6,4
5002,6,5
5003,6,5
5004,6,5
5005,6,5
5006,6,3
5007,6,5
5008,6,5
5009,6,1
5010,6,3
5011,6,5
5012,6,4
5013,6,2
5014,6,4
5015,6,1
5016,6,2
5017,6,1
5018,6,3
5019,6,5
5020,6,1
5021,6,4
5022,6,1
5023,6,5
5024,6,5
5025,6,4
5026,6,4
5027,6,1
5028,6,4
5029,6,4
5030,6,5
5031,6,5
5032,6,5
5033,6,1
5034,6,3
5035,6,5
5036,6,1
5037,6,4
5038,6,5
5039,6,1
5040,6,3
5041,6,1
5042,6,5
5043,6,1
5044,6,3
5045,6,3
5046,6,3
5047,6,1
5048,6,4
5049,6,3
5050,6,4
5051,6,3
5052,6,1
5053,6,1
5054,6,3
5055,6,1
5056,6,1
5057,6,1
5058,6,4
5059,6,1
5060,6,2
5061,6,2
5062,6,5
5063,6,2
5064,6,4
5065,6,5
5066,6,5
5067,6,5
5068,6,5
5069,6,3
5070,6,4
5071,6,5
5072,6,5
5073,6,3
5074,6,5
5075,6,4
5076,6,5
5077,6,5
5078,6,4
5079,6,3
5080,6,1
5081,6,5
5082,6,5
5083,6,5
5084,6,1
5085,6,5
5086,6,4
5087,6,2
5088,6,4
5089,6,4
5090,6,4
5091,6,3
5092,6,5
5093,6,2
5094,6,4
5095,6,1
5096,6,1
5097,6,5
5098,6,2
5099,6,3
5100,6,4
5101,6,5
5102,6,5
5103,6,5
5104,6,4
5105,6,4
5106,6,3
5107,6,5
5108,6,5
5109,6,4
5110,6,3
5111,6,1
5112,6,5
5113,6,2
5114,6,5
5115,6,4
5116,6,3
5117,6,3
5118,6,4
5119,6,5
5120,6,4
5121,6,4
5122,6,4
5123,6,4
5124,6,2
5125,6,1
5126,6,1
5127,6,1
5128,6,1
5129,6,1
5130,6,1
5131,6,1
5132,6,4
5133,6,1
5134,6,1
5135,6,3
5136,6,4
5137,6,2
5138,6,1
5139,6,1
5140,6,3
5141,6,3
5142,6,1
5143,6,5
5144,6,4
5145,6,3
5146,6,1
5147,6,4
5148,6,1
5149,6,3
5150,6,2
5151,6,1
5152,6,4
5153,6,4
5154,6,5
5155,6,1
5156,6,4
5157,6,1
5158,6,1
5159,6,2
5160,6,4
5161,6,1
5162,6,1
5163,6,1
5164,6,4
5165,6,2
5166,6,4
5167,6,5
5168,6,5
5169,6,5
5170,6,3
5171,6,5
5172,6,5
5173,6,4
5174,6,3
5175,6,5
5176,6,5
5177,6,5
5178,6,5
5179,6,5
5180,6,5
5181,6,4
5182,6,3
5183,6,5
5184,6,5
5185,6,4
5186,6,5
5187,6,5
5188,6,3
5189,6,5
5190,6,5
5191,6,5
5192,6,5
5193,6,1
5194,6,2
5195,6,1
5196,6,3
5197,6,5
5198,6,4
5199,6,5
5200,6,2
5201,6,1
5202,6,2
5203,6,1
5204,6,1
5205,6,2
5206,6,4
5207,6,1
5208,6,4
5209,6,4
5210,6,5
5211,6,4
5212,6,5
5213,6,4
5214,6,5
5215,6,4
5216,6,5
5217,6,5
5218,6,3
5219,6,1
5220,6,3
5221,6,1
5222,6,3
5223,6,4
5224,6,5
5225,6,4
5226,6,5
5227,6,1
5228,6,5
5229,6,1
5230,6,1
5231,6,4
5232,6,3
5233,6,4
5234,6,2
5235,6,2
5236,6,5
5237,6,1
5238,6,2
5239,6,4
5240,6,1
5241,6,5
5242,6,3
5243,6,5
5244,6,1
5245,6,4
5246,6,5
5247,6,4
5248,6,1
5249,6,1
5250,6,4
5251,6,4
5252,6,1
5253,6,5
5254,6,4
5255,6,3
5256,6,5
5257,6,4
5258,6,5
5259,6,3
5260,6,4
5261,6,1
5262,6,4
5263,6,5
5264,6,1
5265,6,1
5266,6,1
5267,6,1
5268,6,4
5269,6,5
5270,6,5
5271,6,4
5272,6,1
5273,6,5
5274,6,4
5275,6,1
5276,6,4
5277,6,1
5278,6,5
5279,6,1
5280,6,5
5281,6,4
5282,6,4
5283,6,5
5284,6,5
5285,6,3
5286,6,1
5287,6,3
5288,6,5
5289,6,5
5290,6,4
5291,6,5
5292,6,4
5293,6,4
5294,6,5
5295,6,5
5296,6,4
5297,6,1
5298,6,3
5299,6,5
5300,6,4
5301,6,1
5302,6,1
5303,6,1
5304,6,4
5305,6,1
5306,6,1
5307,6,1
5308,6,1
5309,6,1
5310,6,1
5311,6,5
5312,6,5
5313,6,3
5314,6,5
5315,6,3
5316,6,5
5317,6,4
5318,6,5
5319,6,5
5320,6,4
5321,6,4
5322,6,5
5323,6,1
5324,6,1
5325,6,5
5326,6,1
5327,6,4
5328,6,1
5329,6,5
5330,6,2
5331,6,1
5332,6,4
5333,6,1
5334,6,3
5335,6,3
5336,6,3
5337,6,3
5338,6,5
5339,6,4
5340,6,4
5341,6,1
5342,6,5
5343,6,3
5344,6,3
5345,6,3
5346,6,4
5347,6,4
5348,6,4
5349,6,5
5350,6,3
5351,6,5
5352,6,3
5353,6,5
5354,6,1
5355,6,4
5356,6,4
5357,6,1
5358,6,2
5359,6,4
5360,6,5
5361,6,2
5362,6,3
5363,6,5
5364,6,4
5365,6,4
5366,6,4
5367,6,3
5368,6,5
5369,6,3
5370,6,1
5371,6,4
5372,6,4
5373,6,4
5374,6,4
5375,6,5
5376,6,3
5377,6,1
5378,6,1
5379,6,1
5380,6,5
5381,6,4
5382,6,4
5383,6,1
5384,6,1
5385,6,1
5386,6,3
5387,6,1
5388,6,1
5389,6,1
5390,6,2
5391,6,2
5392,6,1
5393,6,4
5394,6,2
5395,6,1
5396,6,4
5397,6,4
5398,6,4
5399,6,3
5400,6,5
5401,6,5
5402,6,4
5403,6,4
5404,6,5
5405,6,4
5406,6,4
5407,6,1
5408,6,5
5409,6,3
5410,6,2
5411,6,3
5412,6,1
5413,6,2
5414,6,1
5415,6,2
5416,6,1
5417,6,1
5418,6,2
5419,6,1
5420,6,4
5421,6,5
5422,6,5
5423,6,4
5424,6,5
5425,6,3
5426,6,3
5427,6,4
5428,6,2
5429,6,4
5430,6,3
5431,6,4
5432,6,5
5433,6,4
5434,6,3
5435,6,3
5436,6,5
5437,6,1
5438,6,1
5439,6,5
5440,6,2
5441,6,2
5442,6,1
5443,6,4
5444,6,3
5445,6,1
5446,6,1
5447,6,4
5448,6,3
5449,6,5
5450,6,3
5451,6,1
5452,6,1
5453,6,1
5454,6,1
5455,6,1
5456,6,1
5457,6,4
5458,6,1
5459,6,1
5460,6,1
5461,6,1
5462,6,3
5463,6,4
5464,6,4
5465,6,5
5466,6,5
5467,6,1
5468,6,1
5469,6,1
5470,6,5
5471,6,5
5472,6,4
5473,6,1
5474,6,1
5475,6,4
5476,6,1
5477,6,2
5478,6,1
5479,6,1
5480,6,3
5481,6,1
5482,6,2
5483,6,1
5484,6,2
5485,6,1
5486,6,4
5487,6,1
5488,6,1
5489,6,2
5490,6,1
5491,6,2
5492,6,2
5493,6,4
5494,6,3
5495,6,5
5496,6,3
5497,6,3
5498,6,5
5499,6,5
5500,6,1
5501,6,3
5502,6,5
5503,6,4
5504,6,4
5505,6,5
5506,6,2
5507,6,5
5508,6,1
5509,6,5
5510,6,1
5511,6,4
5512,6,1
5513,6,4
5514,6,5
5515,6,3
5516,6,1
5517,6,2
5518,6,1
5519,6,1
5520,6,5
5521,6,1
5522,6,5
5523,6,1
5524,6,5
5525,6,5
5526,6,3
5527,6,5
5528,6,5
5529,6,2
5530,6,4
5531,6,4
5532,6,3
5533,6,5
5534,6,3
5535,6,3
5536,6,3
5537,6,3
5538,6,3
5539,6,5
5540,6,5
5541,6,4
5542,6,3
5543,6,1
5544,6,3
5545,6,1
5546,6,2
5547,6,1
5548,6,3
5549,6,5
5550,6,4
5551,6,2
5552,6,5
5553,6,1
5554,6,1
5555,6,4
5556,6,1
5557,6,4
5558,6,4
5559,6,1
5560,6,2
5561,6,1
5562,6,5
5563,6,4
5564,6,1
5565,6,2
5566,6,1
5567,6,4
5568,6,4
5569,6,5
5570,6,5
5571,6,4
5572,6,5
5573,6,3
5574,6,5
5575,6,4
5576,6,3
5577,6,3
5578,6,2
5579,6,5
5580,6,3
5581,6,4
5582,6,4
5583,6,5
5584,6,5
5585,6,3
5586,6,3
5587,6,1
5588,6,4
5589,6,1
5590,6,3
5591,6,1
5592,6,3
5593,6,2
5594,6,4
5595,6,4
5596,6,1
5597,6,2
5598,6,1
5599,6,5
5600,6,2
5601,6,4
5602,6,5
5603,6,3
5604,6,3
5605,6,5
5606,6,5
5607,6,5
5608,6,1
5609,6,4
5610,6,1
5611,6,4
5612,6,5
5613,6,5
5614,6,1
5615,6,1
5616,6,3
5617,6,1
5618,6,1
5619,6,4
5620,6,5
5621,6,4
5622,6,1
5623,6,3
5624,6,5
5625,6,1
5626,6,1
5627,6,1
5628,6,3
5629,6,3
5630,6,3
5631,6,4
5632,6,1
5633,6,4
5634,6,4
5635,6,5
5636,6,4
5637,6,4
5638,6,5
5639,6,1
5640,6,3
5641,6,3
5642,6,4
5643,6,4
5644,6,3
5645,6,5
5646,6,3
5647,6,5
5648,6,4
5649,6,1
5650,6,5
5651,6,2
5652,6,1
5653,6,4
5654,6,3
5655,6,3
5656,6,4
5657,6,3
5658,6,5
5659,6,5
5660,6,1
5661,6,4
5662,6,2
5663,6,3
5664,6,4
5665,6,1
5666,6,4
5667,6,4
5668,6,1
5669,6,2
5670,6,1
5671,6,4
5672,6,5
5673,6,5
5674,6,5
5675,6,4
5676,6,5
5677,6,4
5678,6,2
5679,6,4
5680,6,5
5681,6,5
5682,6,3
5683,6,4
5684,6,3
5685,6,3
5686,6,3
5687,6,5
5688,6,5
5689,6,1
5690,6,3
5691,6,1
5692,6,5
5693,6,1
5694,6,1
5695,6,4
5696,6,1
5697,6,1
5698,6,4
5699,6,4
5700,6,5
5701,6,3
5702,6,2
5703,6,1
5704,6,2
5705,6,4
5706,6,1
5707,6,1
5708,6,1
5709,6,4
5710,6,1
5711,6,4
5712,6,2
5713,6,5
5714,6,4
5715,6,5
5716,6,5
5717,6,3
5718,6,5
5719,6,1
5720,6,1
5721,6,3
5722,6,5
5723,6,5
5724,6,1
5725,6,1
5726,6,1
5727,6,5
5728,6,4
5729,6,2
5730,6,5
5731,6,1
5732,6,4
5733,6,3
5734,6,3
5735,6,1
5736,6,5
5737,6,2
5738,6,1
5739,6,1
5740,6,2
5741,6,3
5742,6,1
5743,6,2
5744,6,2
5745,6,4
5746,6,5
5747,6,5
5748,6,4
5749,6,5
5750,6,5
5751,6,4
5752,6,3
5753,6,5
5754,6,4
5755,6,5
5756,6,5
5757,6,5
5758,6,4
5759,6,5
5760,6,1
5761,6,5
5762,6,1
5763,6,3
5764,6,3
5765,6,3
5766,6,1
5767,6,3
5768,6,1
5769,6,4
5770,6,5
5771,6,4
5772,6,1
5773,6,3
5774,6,1
5775,6,1
5776,6,1
5777,6,4
5778,6,1
5779,6,2
5780,6,5
5781,6,1
5782,6,5
5783,6,4
5784,6,5
5785,6,5
5786,6,2
5787,6,4
5788,6,2
5789,6,4
5790,6,5
5791,6,3
5792,6,5
5793,6,5
5794,6,1
5795,6,5
5796,6,5
5797,6,4
5798,6,4
5799,6,5
5800,6,1
5801,6,2
5802,6,4
5803,6,5
5804,6,4
5805,6,1
5806,6,5
5807,6,4
5808,6,1
5809,6,1
5810,6,1
5811,6,1
5812,6,4
5813,6,1
5814,6,1
5815,6,3
5816,6,3
5817,6,4
5818,6,5
5819,6,3
5820,6,4
5821,6,5
5822,6,4
5823,6,3
5824,6,5
5825,6,5
5826,6,2
5827,6,3
5828,6,4
5829,6,4
5830,6,4
5831,6,1
5832,6,3
5833,6,4
5834,6,4
5835,6,4
5836,6,1
5837,6,1
5838,6,1
5839,6,1
5840,6,1
5841,6,5
5842,6,1
5843,6,1
5844,6,3
5845,6,5
5846,6,1
5847,6,1
5848,6,3
5849,6,3
5850,6,5
5851,6,2
5852,6,4
5853,6,3
5854,6,5
5855,6,4
5856,6,5
5857,6,4
5858,6,4
5859,6,3
5860,6,1
5861,6,5
5862,6,5
5863,6,5
5864,6,4
5865,6,5
5866,6,3
5867,6,4
5868,6,4
5869,6,5
5870,6,1
5871,6,2
5872,6,5
5873,6,3
5874,6,1
5875,6,1
5876,6,5
5877,6,3
5878,6,4
5879,6,4
5880,6,2
5881,6,1
5882,6,1
5883,6,1
5884,6,1
5885,6,1
5886,6,1
5887,6,1
5888,6,1
5889,6,1
5890,6,1
5891,6,4
5892,6,5
5893,6,2
5894,6,4
5895,6,1
5896,6,2
5897,6,3
5898,6,3
5899,6,3
5900,6,1
5901,6,4
5902,6,3
5903,6,5
5904,6,4
5905,6,5
5906,6,5
5907,6,5
5908,6,2
5909,6,3
5910,6,4
5911,6,5
5912,6,5
5913,6,5
5914,6,3
5915,6,5
5916,6,5
5917,6,3
5918,6,4
5919,6,5
5920,6,1
5921,6,4
5922,6,1
5923,6,4
5924,6,5
5925,6,3
5926,6,4
5927,6,1
5928,6,1
5929,6,4
5930,6,1
5931,6,4
5932,6,1
5933,6,1
5934,6,2
5935,6,1
5936,6,5
5937,6,1
5938,6,1
5939,6,4
5940,6,4
5941,6,3
5942,6,5
5943,6,5
5944,6,3
5945,6,2
5946,6,5
5947,6,3
5948,6,4
5949,6,5
5950,6,5
5951,6,5
5952,6,4
5953,6,3
5954,6,5
5955,6,3
5956,6,2
5957,6,5
5958,6,4
5959,6,1
5960,6,3
5961,6,5
5962,6,3
5963,6,4
5964,6,1
5965,6,3
5966,6,1
5967,6,1
5968,6,1
5969,6,1
5970,6,1
5971,6,4
5972,6,4
5973,6,1
5974,6,4
5975,6,1
5976,6,3
5977,6,5
5978,6,3
5979,6,4
5980,6,4
5981,6,3
5982,6,4
5983,6,5
5984,6,1
5985,6,4
5986,6,3
5987,6,5
5988,6,4
5989,6,3
5990,6,3
5991,6,1
5992,6,1
5993,6,3
5994,6,1
5995,6,4
5996,6,4
5997,6,2
5998,6,5
5999,6,2
6000,6,1
6001,6,4
6002,6,1
6003,6,1
6004,6,2
6005,6,1
6006,6,4
6007,6,2
6008,6,1
6009,6,2
6010,6,5
6011,6,5
6012,6,5
6013,6,3
6014,6,3
6015,6,5
6016,6,5
6017,6,4
6018,6,5
6019,6,4
6020,6,4
6021,6,1
6022,6,4
6023,6,5
6024,6,3
6025,6,4
6026,6,5
6027,6,1
6028,6,4
6029,6,1
6030,6,4
6031,6,1
6032,6,4
6033,6,1
6034,6,3
6035,6,4
6036,6,5
6037,6,3
6038,6,3
6039,6,4
6040,6,3
6041,6,4
6042,6,3
6043,6,2
6044,6,1
6045,6,4
6046,6,4
6047,6,4
6048,6,4
6049,6,3
6050,6,2
6051,6,2
6052,6,5
6053,6,5
6054,6,1
6055,6,5
6056,6,5
6057,6,1
6058,6,4
6059,6,1
6060,6,5
6061,6,4
6062,6,2
6063,6,1
6064,6,1
6065,6,1
6066,6,1
6067,6,5
6068,6,4
6069,6,5
6070,6,4
6071,6,5
6072,6,3
6073,6,4
6074,6,5
6075,6,4
6076,6,3
6077,6,3
6078,6,3
6079,6,4
6080,6,3
6081,6,1
6082,6,1
6083,6,1
6084,6,1
6085,6,5
6086,6,2
6087,6,5
6088,6,3
6089,6,4
6090,6,2
6091,6,3
6092,6,1
6093,6,5
6094,6,1
6095,6,4
6096,6,1
6097,6,1
6098,6,5
6099,6,1
6100,6,4
6101,6,1
6102,6,1
6103,6,4
6104,6,5
6105,6,3
6106,6,5
6107,6,4
6108,6,3
6109,6,4
6110,6,2
6111,6,3
6112,6,5
6113,6,5
6114,6,5
6115,6,3
6116,6,5
6117,6,3
6118,6,5
6119,6,3
6120,6,3
6121,6,4
6122,6,3
6123,6,5
6124,6,5
6125,6,5
6126,6,4
6127,6,4
6128,6,4
6129,6,5
6130,6,2
6131,6,2
6132,6,1
6133,6,5
6134,6,5
6135,6,1
6136,6,5
6137,6,4
6138,6,1
6139,6,1
6140,6,1
6141,6,5
6142,6,4
6143,6,5
6144,6,4
6145,6,1
6146,6,5
6147,6,2
6148,6,5
6149,6,5
6150,6,5
6151,6,3
6152,6,3
6153,6,3
6154,6,4
6155,6,4
6156,6,3
6157,6,4
6158,6,5
6159,6,2
6160,6,5
6161,6,2
6162,6,1
6163,6,3
6164,6,2
6165,6,1
6166,6,4
6167,6,1
6168,6,4
6169,6,2
6170,6,4
6171,6,4
6172,6,1
6173,6,1
6174,6,1
6175,6,1
6176,6,1
6177,6,1
6178,6,4
6179,6,5
6180,6,3
6181,6,3
6182,6,5
6183,6,2
6184,6,4
6185,6,4
6186,6,5
6187,6,5
6188,6,5
6189,6,2
6190,6,5
6191,6,3
6192,6,4
6193,6,5
6194,6,3
6195,6,1
6196,6,1
6197,6,2
6198,6,1
6199,6,1
6200,6,1
6201,6,2
6202,6,4
6203,6,3
6204,6,4
6205,6,2
6206,6,3
6207,6,4
6208,6,5
6209,6,1
6210,6,1
6211,6,5
6212,6,1
6213,6,2
6214,6,5
6215,6,1
6216,6,4
6217,6,1
6218,6,3
6219,6,5
6220,6,5
6221,6,5
6222,6,2
6223,6,5
6224,6,5
6225,6,4
6226,6,5
6227,6,4
6228,6,5
6229,6,5
6230,6,1
6231,6,5
6232,6,5
6233,6,4
6234,6,3
6235,6,5
6236,6,3
6237,6,4
6238,6,3
6239,6,5
6240,6,5
6241,6,3
6242,6,4
6243,6,4
6244,6,2
6245,6,5
6246,6,1
6247,6,1
6248,6,2
6249,6,2
6250,6,1
6251,6,5
6252,6,4
6253,6,1
6254,6,1
6255,6,2
6256,6,1
6257,6,4
6258,6,1
6259,6,5
6260,6,3
6261,6,3
6262,6,5
6263,6,5
6264,6,4
6265,6,5
6266,6,3
6267,6,4
6268,6,4
6269,6,5
6270,6,5
6271,6,4
6272,6,3
6273,6,4
6274,6,4
6275,6,5
6276,6,1
6277,6,1
6278,6,1
6279,6,3
6280,6,1
6281,6,1
6282,6,4
6283,6,4
6284,6,1
6285,6,3
6286,6,1
6287,6,1
6288,6,1
6289,6,5
6290,6,5
6291,6,3
6292,6,5
6293,6,3
6294,6,5
6295,6,5
6296,6,4
6297,6,4
6298,6,5
6299,6,4
6300,6,5
6301,6,4
6302,6,4
6303,6,2
6304,6,2
6305,6,5
6306,6,1
6307,6,1
6308,6,1
6309,6,2
6310,6,4
6311,6,5
6312,6,5
6313,6,4
6314,6,1
6315,6,1
6316,6,3
6317,6,4
6318,6,3
6319,6,1
6320,6,1
6321,6,1
6322,6,1
6323,6,1
6324,6,4
6325,6,4
6326,6,4
6327,6,4
6328,6,1
6329,6,3
6330,6,2
6331,6,2
6332,6,3
6333,6,5
6334,6,3
6335,6,5
6336,6,5
6337,6,3
6338,6,5
6339,6,5
6340,6,4
6341,6,4
6342,6,3
6343,6,4
6344,6,5
6345,6,1
6346,6,4
6347,6,5
6348,6,1
6349,6,4
6350,6,4
6351,6,4
6352,6,5
6353,6,2
6354,6,4
6355,6,1
6356,6,3
6357,6,1
6358,6,2
6359,6,2
6360,6,2
6361,6,1
6362,6,5
6363,6,1
6364,6,4
6365,6,4
6366,6,3
6367,6,5
6368,6,1
6369,6,3
6370,6,5
6371,6,5
6372,6,3
6373,6,2
6374,6,4
6375,6,4
6376,6,5
6377,6,1
6378,6,1
6379,6,1
6380,6,4
6381,6,2
6382,6,3
6383,6,5
6384,6,1
6385,6,4
6386,6,5
6387,6,2
6388,6,1
6389,6,1
6390,6,1
6391,6,1
6392,6,3
6393,6,3
6394,6,1
6395,6,1
6396,6,1
6397,6,4
6398,6,1
6399,6,5
6400,6,4
6401,6,3
6402,6,4
6403,6,4
6404,6,4
6405,6,3
6406,6,2
6407,6,5
6408,6,2
6409,6,3
6410,6,3
6411,6,4
6412,6,4
6413,6,5
6414,6,2
6415,6,5
6416,6,5
6417,6,1
6418,6,1
6419,6,5
6420,6,1
6421,6,1
6422,6,1
6423,6,2
6424,6,4
6425,6,1
6426,6,5
6427,6,1
6428,6,4
6429,6,5
6430,6,3
6431,6,1
6432,6,4
6433,6,1
6434,6,1
6435,6,5
6436,6,4
6437,6,3
6438,6,2
6439,6,4
6440,6,4
6441,6,4
6442,6,4
6443,6,4
6444,6,5
6445,6,2
6446,6,3
6447,6,5
6448,6,4
6449,6,4
6450,6,1
6451,6,2
6452,6,1
6453,6,1
6454,6,1
6455,6,1
6456,6,1
6457,6,2
6458,6,1
6459,6,1
6460,6,1
6461,6,1
6462,6,1
6463,6,1
6464,6,3
6465,6,4
6466,6,3
6467,6,4
6468,6,2
6469,6,4
6470,6,1
6471,6,5
6472,6,4
6473,6,4
6474,6,5
6475,6,5
6476,6,4
6477,6,4
6478,6,4
6479,6,5
6480,6,4
6481,6,4
6482,6,1
6483,6,2
6484,6,2
6485,6,5
6486,6,1
6487,6,1
6488,6,1
6489,6,4
6490,6,2
6491,6,4
6492,6,1
6493,6,4
6494,6,1
6495,6,3
6496,6,1
6497,6,5
6498,6,5
6499,6,4
6500,6,3
6501,6,4
6502,6,2
6503,6,4
6504,6,5
6505,6,4
6506,6,5
6507,6,5
6508,6,1
6509,6,5
6510,6,5
6511,6,5
6512,6,3
6513,6,3
6514,6,5
6515,6,5
6516,6,4
6517,6,4
6518,6,5
6519,6,1
6520,6,2
6521,6,2
6522,6,4
6523,6,1
6524,6,1
6525,6,5
6526,6,3
6527,6,5
6528,6,2
6529,6,1
6530,6,5
6531,6,1
6532,6,2
6533,6,4
6534,6,1
6535,6,1
6536,6,3
6537,6,4
6538,6,3
6539,6,3
6540,6,5
6541,6,5
6542,6,3
6543,6,3
6544,6,3
6545,6,2
6546,6,2
6547,6,3
6548,6,3
6549,6,4
6550,6,2
6551,6,4
6552,6,4
6553,6,5
6554,6,4
6555,6,5
6556,6,3
6557,6,5
6558,6,3
6559,6,5
6560,6,5
6561,6,5
6562,6,4
6563,6,5
6564,6,3
6565,6,5
6566,6,1
6567,6,1
6568,6,5
6569,6,3
6570,6,1
6571,6,1
6572,6,2
6573,6,3
6574,6,4
6575,6,4
6576,6,5
6577,6,3
6578,6,5
6579,6,3
6580,6,4
6581,6,3
6582,6,5
6583,6,5
6584,6,5
6585,6,4
6586,6,5
6587,6,4
6588,6,3
6589,6,5
6590,6,5
6591,6,5
6592,6,3
6593,6,3
6594,6,5
6595,6,5
6596,6,2
6597,6,4
6598,6,1
6599,6,4
6600,6,3
6601,6,4
6602,6,5
6603,6,2
6604,6,5
6605,6,3
6606,6,4
6607,6,1
6608,6,4
6609,6,1
6610,6,1
6611,6,5
6612,6,4
6613,6,5
6614,6,5
6615,6,3
6616,6,4
6617,6,1
6618,6,4
6619,6,3
6620,6,3
6621,6,4
6622,6,5
6623,6,5
6624,6,1
6625,6,3
6626,6,5
6627,6,5
6628,6,1
6629,6,3
6630,6,2
6631,6,2
6632,6,1
6633,6,1
6634,6,1
6635,6,4
6636,6,4
6637,6,4
6638,6,1
6639,6,1
6640,6,1
6641,6,1
6642,6,3
6643,6,4
6644,6,3
6645,6,1
6646,6,4
6647,6,5
6648,6,4
6649,6,4
6650,6,5
6651,6,4
6652,6,3
6653,6,5
6654,6,3
6655,6,5
6656,6,1
6657,6,4
6658,6,5
6659,6,5
6660,6,5
6661,6,4
6662,6,5
6663,6,3
6664,6,4
6665,6,3
6666,6,4
6667,6,1
6668,6,4
6669,6,1
6670,6,5
6671,6,4
6672,6,1
6673,6,1
6674,6,1
6675,6,1
6676,6,1
6677,6,4
6678,6,5
6679,6,1
6680,6,3
6681,6,4
6682,6,3
6683,6,5
6684,6,4
6685,6,3
6686,6,4
6687,6,3
6688,6,5
6689,6,5
6690,6,5
6691,6,5
6692,6,1
6693,6,4
6694,6,4
6695,6,5
6696,6,1
6697,6,3
6698,6,5
6699,6,1
6700,6,1
6701,6,4
6702,6,1
6703,6,1
6704,6,1
6705,6,4
6706,6,1
6707,6,1
6708,6,3
6709,6,5
6710,6,3
6711,6,5
6712,6,2
6713,6,4
6714,6,3
6715,6,4
6716,6,2
6717,6,4
6718,6,3
6719,6,1
6720,6,5
6721,6,5
6722,6,4
6723,6,3
6724,6,4
6725,6,4
6726,6,4
6727,6,5
6728,6,3
6729,6,3
6730,6,5
6731,6,1
6732,6,1
6733,6,1
6734,6,4
6735,6,2
6736,6,1
6737,6,1
6738,6,1
6739,6,4
6740,6,1
6741,6,1
6742,6,4
6743,6,1
6744,6,3
6745,6,1
6746,6,1
6747,6,4
6748,6,1
6749,6,5
6750,6,3
6751,6,4
6752,6,2
6753,6,3
6754,6,3
6755,6,3
6756,6,2
6757,6,3
6758,6,3
6759,6,5
6760,6,5
6761,6,4
6762,6,4
6763,6,3
6764,6,5
6765,6,2
6766,6,4
6767,6,5
6768,6,3
6769,6,5
6770,6,3
6771,6,1
6772,6,5
6773,6,3
6774,6,4
6775,6,4
6776,6,5
6777,6,3
6778,6,1
6779,6,3
6780,6,1
6781,6,1
6782,6,4
6783,6,3
6784,6,2
6785,6,1
6786,6,4
6787,6,3
6788,6,1
6789,6,4
6790,6,3
6791,6,2
6792,6,2
6793,6,4
6794,6,4
6795,6,3
6796,6,5
6797,6,5
6798,6,5
6799,6,2
6800,6,1
6801,6,5
6802,6,4
6803,6,2
6804,6,4
6805,6,4
6806,6,3
6807,6,4
6808,6,1
6809,6,2
6810,6,4
6811,6,4
6812,6,1
6813,6,1
6814,6,3
6815,6,2
6816,6,3
6817,6,3
6818,6,5
6819,6,3
6820,6,2
6821,6,4
6822,6,5
6823,6,5
6824,6,3
6825,6,4
6826,6,5
6827,6,5
6828,6,1
6829,6,1
6830,6,4
6831,6,4
6832,6,5
6833,6,4
6834,6,4
6835,6,4
6836,6,3
6837,6,1
6838,6,2
6839,6,1
6840,6,2
6841,6,1
6842,6,5
6843,6,1
6844,6,3
6845,6,2
6846,6,1
6847,6,1
6848,6,1
6849,6,5
6850,6,5
6851,6,4
6852,6,4
6853,6,4
6854,6,3
6855,6,4
6856,6,4
6857,6,5
6858,6,5
6859,6,5
6860,6,4
6861,6,4
6862,6,5
6863,6,3
6864,6,1
6865,6,3
6866,6,1
6867,6,3
6868,6,5
6869,6,5
6870,6,2
6871,6,2
6872,6,4
6873,6,5
6874,6,4
6875,6,5
6876,6,1
6877,6,3
6878,6,1
6879,6,1
6880,6,5
6881,6,4
6882,6,1
6883,6,1
6884,6,1
6885,6,4
6886,6,3
6887,6,5
6888,6,5
6889,6,4
6890,6,5
6891,6,5
6892,6,5
6893,6,5
6894,6,3
6895,6,4
6896,6,2
6897,6,5
6898,6,1
6899,6,1
6900,6,1
6901,6,3
6902,6,1
6903,6,2
6904,6,3
6905,6,3
6906,6,4
6907,6,1
6908,6,3
6909,6,4
6910,6,4
6911,6,4
6912,6,2
6913,6,5
6914,6,2
6915,6,1
6916,6,1
6917,6,1
6918,6,1
6919,6,5
6920,6,3
6921,6,5
6922,6,3
6923,6,5
6924,6,3
6925,6,4
6926,6,5
6927,6,3
6928,6,4
6929,6,5
6930,6,5
6931,6,4
6932,6,5
6933,6,2
6934,6,1
6935,6,5
6936,6,4
6937,6,4
6938,6,1
6939,6,4
6940,6,1
6941,6,1
6942,6,4
6943,6,2
6944,6,1
6945,6,3
6946,6,4
6947,6,1
6948,6,3
6949,6,5
6950,6,4
6951,6,1
6952,6,1
6953,6,1
6954,6,5
6955,6,4
6956,6,2
6957,6,4
6958,6,4
6959,6,5
6960,6,5
6961,6,3
6962,6,5
6963,6,5
6964,6,3
6965,6,5
6966,6,2
6967,6,5
6968,6,1
6969,6,5
6970,6,4
6971,6,5
6972,6,3
6973,6,3
6974,6,3
6975,6,4
6976,6,4
6977,6,3
6978,6,3
6979,6,3
6980,6,1
6981,6,3
6982,6,1
6983,6,4
6984,6,1
6985,6,1
6986,6,1
6987,6,4
6988,6,4
6989,6,1
6990,6,4
6991,6,4
6992,6,4
6993,6,2
6994,6,3
6995,6,4
6996,6,4
6997,6,2
6998,6,4
6999,6,5
7000,6,4
7001,6,2
7002,6,3
7003,6,5
7004,6,4
7005,6,5
7006,6,1
7007,6,5
7008,6,3
7009,6,5
7010,6,4
7011,6,5
7012,6,3
7013,6,4
7014,6,1
7015,6,1
7016,6,1
7017,6,1
7018,6,4
7019,6,5
7020,6,1
7021,6,4
7022,6,1
7023,6,1
7024,6,2
7025,6,1
7026,6,1
7027,6,3
7028,6,3
7029,6,4
7030,6,5
7031,6,3
7032,6,5
7033,6,5
7034,6,4
7035,6,3
7036,6,5
7037,6,3
7038,6,3
7039,6,5
7040,6,5
7041,6,5
7042,6,4
7043,6,5
7044,6,2
7045,6,4
7046,6,2
7047,6,1
7048,6,4
7049,6,4
7050,6,5
7051,6,1
7052,6,5
7053,6,3
7054,6,3
7055,6,3
7056,6,4
7057,6,5
7058,6,3
7059,6,1
7060,6,1
7061,6,4
7062,6,1
7063,6,2
7064,6,1
7065,6,1
7066,6,4
7067,6,1
7068,6,1
7069,6,5
7070,6,2
7071,6,5
7072,6,4
7073,6,5
7074,6,5
7075,6,3
7076,6,5
7077,6,5
7078,6,5
7079,6,3
7080,6,4
7081,6,2
7082,6,1
7083,6,1
7084,6,1
7085,6,3
7086,6,1
7087,6,5
7088,6,4
7089,6,4
7090,6,1
7091,6,1
7092,6,4
7093,6,1
7094,6,1
7095,6,4
7096,6,2
7097,6,2
7098,6,2
7099,6,4
7100,6,4
7101,6,4
7102,6,4
7103,6,1
7104,6,1
7105,6,5
7106,6,2
7107,6,3
7108,6,5
7109,6,5
7110,6,5
7111,6,4
7112,6,4
7113,6,5
7114,6,5
7115,6,3
7116,6,5
7117,6,5
7118,6,5
7119,6,5
7120,6,4
7121,6,3
7122,6,1
7123,6,1
7124,6,4
7125,6,4
7126,6,5
7127,6,1
7128,6,1
7129,6,1
7130,6,1
7131,6,5
7132,6,1
7133,6,2
7134,6,1
7135,6,1
7136,6,5
7137,6,5
7138,6,4
7139,6,4
7140,6,3
7141,6,1
7142,6,5
7143,6,5
7144,6,2
7145,6,5
7146,6,1
7147,6,1
7148,6,5
7149,6,1
7150,6,5
7151,6,5
7152,6,3
7153,6,4
7154,6,1
7155,6,5
7156,6,1
7157,6,4
7158,6,2
7159,6,2
7160,6,1
7161,6,1
7162,6,3
7163,6,4
7164,6,2
7165,6,1
7166,6,1
7167,6,4
7168,6,1
7169,6,1
7170,6,1
7171,6,5
7172,6,4
7173,6,3
7174,6,4
7175,6,5
7176,6,4
7177,6,5
7178,6,5
7179,6,5
7180,6,1
7181,6,5
7182,6,5
7183,6,5
7184,6,5
7185,6,4
7186,6,3
7187,6,5
7188,6,5
7189,6,1
7190,6,1
7191,6,5
7192,6,5
7193,6,4
7194,6,1
7195,6,4
7196,6,1
7197,6,1
7198,6,4
7199,6,5
7200,6,1
7201,6,1
7202,6,1
7203,6,1
7204,6,4
7205,6,4
7206,6,2
7207,6,4
7208,6,4
7209,6,1
7210,6,5
7211,6,3
7212,6,3
7213,6,5
7214,6,1
7215,6,3
7216,6,3
7217,6,3
7218,6,3
7219,6,4
7220,6,4
7221,6,3
7222,6,4
7223,6,4
7224,6,3
7225,6,1
7226,6,5
7227,6,1
7228,6,1
7229,6,1
7230,6,4
7231,6,2
7232,6,1
7233,6,4
7234,6,1
7235,6,1
7236,6,1
7237,6,1
7238,6,4
7239,6,1
7240,6,5
7241,6,4
7242,6,5
7243,6,5
7244,6,5
7245,6,2
7246,6,5
7247,6,3
7248,6,2
7249,6,2
7250,6,3
7251,6,5
7252,6,3
7253,6,3
7254,6,5
7255,6,1
7256,6,3
7257,6,4
7258,6,2
7259,6,4
7260,6,5
7261,6,1
7262,6,1
7263,6,1
7264,6,1
7265,6,1
7266,6,4
7267,6,4
7268,6,4
7269,6,3
7270,6,5
7271,6,1
7272,6,3
7273,6,2
7274,6,5
7275,6,1
7276,6,4
7277,6,4
7278,6,2
7279,6,3
7280,6,5
7281,6,5
7282,6,2
7283,6,4
7284,6,5
7285,6,1
7286,6,1
7287,6,4
7288,6,1
7289,6,5
7290,6,3
7291,6,2
7292,6,3
7293,6,4
7294,6,4
7295,6,1
7296,6,1
7297,6,5
7298,6,4
7299,6,1
7300,6,1
7301,6,4
7302,6,1
7303,6,2
7304,6,2
7305,6,4
7306,6,3
7307,6,5
7308,6,3
7309,6,2
7310,6,3
7311,6,1
7312,6,5
7313,6,3
7314,6,5
7315,6,1
7316,6,5
7317,6,5
7318,6,4
7319,6,5
7320,6,4
7321,6,5
7322,6,4
7323,6,4
7324,6,4
7325,6,3
7326,6,1
7327,6,1
7328,6,5
7329,6,5
7330,6,4
7331,6,1
7332,6,3
7333,6,4
7334,6,3
7335,6,3
7336,6,4
7337,6,1
7338,6,1
7339,6,2
7340,6,5
7341,6,5
7342,6,2
7343,6,4
7344,6,2
7345,6,5
7346,6,4
7347,6,5
7348,6,5
7349,6,1
7350,6,5
7351,6,4
7352,6,1
7353,6,5
7354,6,1
7355,6,4
7356,6,1
7357,6,2
7358,6,1
7359,6,2
7360,6,4
7361,6,5
7362,6,1
7363,6,5
7364,6,4
7365,6,1
7366,6,1
7367,6,1
7368,6,1
7369,6,2
7370,6,3
7371,6,5
7372,6,3
7373,6,3
7374,6,1
7375,6,2
7376,6,4
7377,6,4
7378,6,4
7379,6,5
7380,6,3
7381,6,4
7382,6,5
7383,6,5
7384,6,5
7385,6,4
7386,6,5
7387,6,3
7388,6,4
7389,6,5
7390,6,5
7391,6,4
7392,6,1
7393,6,1
7394,6,1
7395,6,3
7396,6,1
7397,6,5
7398,6,4
7399,6,1
7400,6,1
7401,6,3
7402,6,1
7403,6,2
7404,6,1
7405,6,1
7406,6,5
7407,6,3
7408,6,3
7409,6,3
7410,6,5
7411,6,5
7412,6,5
7413,6,4
7414,6,5
7415,6,1
7416,6,4
7417,6,3
7418,6,3
7419,6,1
7420,6,4
7421,6,3
7422,6,5
7423,6,4
7424,6,5
7425,6,1
7426,6,4
7427,6,3
7428,6,4
7429,6,4
7430,6,1
7431,6,1
7432,6,1
7433,6,1
7434,6,1
7435,6,1
7436,6,1
7437,6,1
7438,6,1
7439,6,1
7440,6,1
7441,6,4
7442,6,1
7443,6,4
7444,6,5
7445,6,2
7446,6,4
7447,6,1
7448,6,3
7449,6,2
7450,6,5
7451,6,5
7452,6,5
7453,6,2
7454,6,5
7455,6,4
7456,6,5
7457,6,5
7458,6,5
7459,6,1
7460,6,4
7461,6,2
7462,6,1
7463,6,4
7464,6,1
7465,6,1
7466,6,4
7467,6,2
7468,6,5
7469,6,1
7470,6,1
7471,6,1
7472,6,1
7473,6,2
7474,6,1
7475,6,1
7476,6,5
7477,6,5
7478,6,3
7479,6,1
7480,6,4
7481,6,4
7482,6,4
7483,6,5
7484,6,3
7485,6,5
7486,6,5
7487,6,1
7488,6,3
7489,6,5
7490,6,5
7491,6,5
7492,6,4
7493,6,5
7494,6,1
7495,6,4
7496,6,4
7497,6,3
7498,6,4
7499,6,3
7500,6,4
7501,6,4
7502,6,1
7503,6,4
7504,6,1
7505,6,5
7506,6,1
7507,6,1
7508,6,1
7509,6,1
7510,6,1
7511,6,5
7512,6,4
7513,6,5
7514,6,2
7515,6,3
7516,6,3
7517,6,5
7518,6,4
7519,6,2
7520,6,4
7521,6,5
7522,6,5
7523,6,5
7524,6,2
7525,6,1
7526,6,5
7527,6,5
7528,6,2
7529,6,4
7530,6,5
7531,6,4
7532,6,5
7533,6,1
7534,6,1
7535,6,2
7536,6,5
7537,6,1
7538,6,1
7539,6,1
7540,6,1
7541,6,1
7542,6,1
7543,6,3
7544,6,1
7545,6,1
7546,6,1
7547,6,1
7548,6,3
7549,6,1
7550,6,1
7551,6,1
7552,6,4
7553,6,2
7554,6,2
7555,6,5
7556,6,1
7557,6,1
7558,6,2
7559,6,1
7560,6,3
7561,6,2
7562,6,4
7563,6,1
7564,6,4
7565,6,3
7566,6,1
7567,6,1
7568,6,1
7569,6,5
7570,6,2
7571,6,3
7572,6,3
7573,6,1
7574,6,3
7575,6,3
7576,6,1
7577,6,3
7578,6,1
7579,6,1
7580,6,1
7581,6,3
7582,6,4
7583,6,3
7584,6,1
7585,6,3
7586,6,1
7587,6,1
7588,6,3
7589,6,3
7590,6,3
7591,6,4
7592,6,3
7593,6,4
7594,6,3
7595,6,1
7596,6,2
7597,6,1
7598,6,1
7599,6,1
7600,6,1
7601,6,1
7602,6,1
7603,6,1
7604,6,3
7605,6,4
7606,6,1
7607,6,1
7608,6,1
7609,6,3
7610,6,1
7611,6,1
7612,6,1
7613,6,1
7614,6,3
7615,6,1
7616,6,1
7617,6,1
7618,6,1
7619,6,1
7620,6,1
7621,6,1
7622,6,3
7623,6,3
7624,6,4
7625,6,2
7626,6,2
7627,6,2
7628,6,5
7629,6,2
7630,6,1
7631,6,2
7632,6,5
7633,6,4
7634,6,2
7635,6,3
7636,6,3
7637,6,5
7638,6,1
7639,6,5
7640,6,3
7641,6,4
7642,6,3
7643,6,5
7644,6,1
7645,6,1
7646,6,1
7647,6,1
7648,6,3
7649,6,1
7650,6,5
7651,6,3
7652,6,3
7653,6,3
7654,6,4
7655,6,2
7656,6,3
7657,6,1
7658,6,1
7659,6,1
7660,6,1
7661,6,1
7662,6,1
7663,6,1
7664,6,1
7665,6,1
7666,6,4
7667,6,5
7668,6,5
7669,6,3
7670,6,3
7671,6,5
7672,6,1
7673,6,3
7674,6,3
7675,6,1
7676,6,3
7677,6,4
7678,6,1
7679,6,5
7680,6,1
7681,6,2
7682,6,4
7683,6,4
7684,6,1
7685,6,4
7686,6,2
7687,6,1
7688,6,1
7689,6,3
7690,6,1
7691,6,1
7692,6,2
7693,6,2
7694,6,1
7695,6,1
7696,6,1
7697,6,1
7698,6,1
7699,6,4
7700,6,3
7701,6,5
7702,6,3
7703,6,4
7704,6,3
7705,6,4
7706,6,1
7707,6,3
7708,6,1
7709,6,4
7710,6,1
7711,6,3
7712,6,3
7713,6,4
7714,6,1
7715,6,1
7716,6,1
7717,6,3
7718,6,4
7719,6,4
7720,6,1
7721,6,1
7722,6,1
7723,6,1
7724,6,1
7725,6,1
7726,6,3
7727,6,1
7728,6,1
7729,6,3
7730,6,1
7731,6,1
7732,6,1
7733,6,3
7734,6,1
7735,6,4
7736,6,4
7737,6,3
7738,6,4
7739,6,3
7740,6,3
7741,6,4
7742,6,3
7743,6,3
7744,6,3
7745,6,1
7746,6,1
7747,6,4
7748,6,3
7749,6,5
7750,6,3
7751,6,4
7752,6,2
7753,6,1
7754,6,1
7755,6,1
7756,6,2
7757,6,2
7758,6,5
7759,6,2
7760,6,1
7761,6,1
7762,6,1
7763,6,1
7764,6,1
7765,6,1
7766,6,1
7767,6,1
7768,6,3
7769,6,1
7770,6,3
7771,6,4
7772,6,3
7773,6,1
7774,6,4
7775,6,5
7776,6,3
7777,6,1
7778,6,1
7779,6,3
7780,6,3
7781,6,3
7782,6,3
7783,6,4
7784,6,1
7785,6,1
7786,6,1
7787,6,1
7788,6,3
7789,6,3
7790,6,4
7791,6,3
7792,6,3
7793,6,1
7794,6,1
7795,6,1
7796,6,1
7797,6,1
7798,6,1
7799,6,1
7800,6,1
7801,6,1
7802,6,3
7803,6,4
7804,6,4
7805,6,4
7806,6,1
7807,6,5
7808,6,4
7809,6,5
7810,6,3
7811,6,3
7812,6,3
7813,6,1
7814,6,3
7815,6,3
7816,6,3
7817,6,1
7818,6,3
7819,6,1
7820,6,1
7821,6,1
7822,6,3
7823,6,1
7824,6,5
7825,6,1
7826,6,3
7827,6,4
7828,6,3
7829,6,1
7830,6,1
7831,6,1
7832,6,1
7833,6,3
7834,6,5
7835,6,5
7836,6,2
7837,6,2
7838,6,1
7839,6,5
7840,6,4
7841,6,3
7842,6,1
7843,6,4
7844,6,1
7845,6,4
7846,6,4
7847,6,2
7848,6,4
7849,6,3
7850,6,1
7851,6,3
7852,6,4
7853,6,2
7854,6,1
7855,6,1
7856,6,1
7857,6,1
7858,6,1
7859,6,1
7860,6,3
7861,6,1
7862,6,1
7863,6,1
7864,6,1
7865,6,1
7866,6,1
7867,6,1
7868,6,5
7869,6,5
7870,6,1
7871,6,4
7872,6,4
7873,6,1
7874,6,5
7875,6,3
7876,6,3
7877,6,4
7878,6,3
7879,6,5
7880,6,5
7881,6,3
7882,6,4
7883,6,2
7884,6,1
7885,6,4
7886,6,4
7887,6,3
7888,6,1
7889,6,1
7890,6,1
7891,6,1
7892,6,1
7893,6,1
7894,6,1
7895,6,1
7896,6,1
7897,6,1
7898,6,1
7899,6,1
7900,6,1
7901,6,5
7902,6,3
7903,6,2
7904,6,4
7905,6,3
7906,6,2
7907,6,4
7908,6,4
7909,6,1
7910,6,3
7911,6,2
7912,6,2
7913,6,4
7914,6,3
7915,6,5
7916,6,1
7917,6,1
7918,6,4
7919,6,3
7920,6,3
7921,6,4
7922,6,4
7923,6,1
7924,6,1
7925,6,1
7926,6,2
7927,6,2
7928,6,3
7929,6,3
7930,6,1
7931,6,1
7932,6,1
7933,6,1
7934,6,1
7935,6,1
7936,6,1
7937,6,1
7938,6,1
7939,6,2
7940,6,3
7941,6,3
7942,6,5
7943,6,2
7944,6,4
7945,6,5
7946,6,3
7947,6,1
7948,6,2
7949,6,3
7950,6,3
7951,6,5
7952,6,3
7953,6,2
7954,6,1
7955,6,3
7956,6,3
7957,6,1
7958,6,3
7959,6,2
7960,6,1
7961,6,3
7962,6,4
7963,6,2
7964,6,1
7965,6,1
7966,6,3
7967,6,1
7968,6,4
7969,6,1
7970,6,3
7971,6,3
7972,6,1
7973,6,1
7974,6,1
7975,6,1
7976,6,1
7977,6,1
7978,6,1
7979,6,1
7980,6,1
7981,6,1
7982,6,1
7983,6,1
7984,6,3
7985,6,4
7986,6,2
7987,6,3
7988,6,5
7989,6,5
7990,6,3
7991,6,3
7992,6,5
7993,6,2
7994,6,3
7995,6,5
7996,6,1
7997,6,5
7998,6,2
7999,6,3
8000,6,3
8001,6,3
8002,6,4
8003,6,2
8004,6,2
8005,6,4
8006,6,1
8007,6,1
8008,6,2
8009,6,4
8010,6,3
8011,6,5
8012,6,1
8013,6,1
8014,6,1
8015,6,1
8016,6,1
8017,6,1
8018,6,3
8019,6,1
8020,6,1
8021,6,1
8022,6,1
8023,6,1
8024,6,3
8025,6,1
8026,6,1
8027,6,1
8028,6,1
8029,6,1
8030,6,1
8031,6,1
8032,6,1
8033,6,5
8034,6,3
8035,6,1
8036,6,1
8037,6,2
8038,6,2
8039,6,4
8040,6,3
8041,6,5
8042,6,4
8043,6,3
8044,6,1
8045,6,3
8046,6,4
8047,6,2
8048,6,3
8049,6,1
8050,6,3
8051,6,1
8052,6,3
8053,6,1
8054,6,1
8055,6,1
8056,6,3
8057,6,1
8058,6,1
8059,6,2
8060,6,2
8061,6,1
8062,6,3
8063,6,1
8064,6,1
8065,6,1
8066,6,1
8067,6,1
8068,6,1
8069,6,1
8070,6,1
8071,6,1
8072,6,1
8073,6,1
8074,6,3
8075,6,5
8076,6,4
8077,6,4
8078,6,1
8079,6,2
8080,6,4
8081,6,3
8082,6,4
8083,6,3
8084,6,3
8085,6,4
8086,6,5
8087,6,4
8088,6,4
8089,6,4
8090,6,3
8091,6,3
8092,6,1
8093,6,1
8094,6,1
8095,6,1
8096,6,2
8097,6,3
8098,6,3
8099,6,1
8100,6,3
8101,6,1
8102,6,1
8103,6,1
8104,6,1
8105,6,1
8106,6,1
8107,6,1
8108,6,4
8109,6,5
8110,6,1
8111,6,1
8112,6,5
8113,6,3
8114,6,5
8115,6,4
8116,6,5
8117,6,3
8118,6,3
8119,6,1
8120,6,5
8121,6,3
8122,6,1
8123,6,1
8124,6,1
8125,6,4
8126,6,3
8127,6,1
8128,6,1
8129,6,1
8130,6,1
8131,6,1
8132,6,1
8133,6,1
8134,6,1
8135,6,1
8136,6,1
8137,6,1
8138,6,1
8139,6,1
8140,6,3
8141,6,1
8142,6,5
8143,6,3
8144,6,4
8145,6,1
8146,6,1
8147,6,3
8148,6,4
8149,6,4
8150,6,2
8151,6,4
8152,6,1
8153,6,1
8154,6,4
8155,6,4
8156,6,4
8157,6,2
8158,6,3
8159,6,4
8160,6,5
8161,6,3
8162,6,5
8163,6,5
8164,6,3
8165,6,4
8166,6,2
8167,6,3
8168,6,1
8169,6,1
8170,6,4
8171,6,4
8172,6,3
8173,6,3
8174,6,1
8175,6,1
8176,6,1
8177,6,3
8178,6,1
8179,6,1
8180,6,1
8181,6,1
8182,6,1
8183,6,1
8184,6,1
8185,6,1
8186,6,1
8187,6,1
8188,6,1
8189,6,1
8190,6,4
8191,6,3
8192,6,4
8193,6,2
8194,6,2
8195,6,4
8196,6,2
8197,6,1
8198,6,3
8199,6,2
8200,6,5
8201,6,4
8202,6,3
8203,6,2
8204,6,4
8205,6,2
8206,6,1
8207,6,3
8208,6,3
8209,6,3
8210,6,1
8211,6,1
8212,6,1
8213,6,2
8214,6,3
8215,6,3
8216,6,1
8217,6,1
8218,6,1
8219,6,3
8220,6,1
8221,6,1
8222,6,1
8223,6,1
8224,6,1
8225,6,1
8226,6,1
8227,6,1
8228,6,1
8229,6,1
8230,6,4
8231,6,2
8232,6,2
8233,6,5
8234,6,4
8235,6,3
8236,6,2
8237,6,1
8238,6,3
8239,6,4
8240,6,3
8241,6,1
8242,6,2
8243,6,3
8244,6,2
8245,6,2
8246,6,1
8247,6,1
8248,6,1
8249,6,1
8250,6,1
8251,6,3
8252,6,1
8253,6,1
8254,6,1
8255,6,1
8256,6,1
8257,6,3
8258,6,5
8259,6,4
8260,6,3
8261,6,3
8262,6,3
8263,6,5
8264,6,5
8265,6,4
8266,6,3
8267,6,2
8268,6,1
8269,6,3
8270,6,1
8271,6,4
8272,6,2
8273,6,4
8274,6,5
8275,6,3
8276,6,3
8277,6,4
8278,6,3
8279,6,2
8280,6,2
8281,6,3
8282,6,4
8283,6,4
8284,6,1
8285,6,3
8286,6,1
8287,6,1
8288,6,1
8289,6,2
8290,6,2
8291,6,1
8292,6,3
8293,6,1
8294,6,1
8295,6,1
8296,6,1
8297,6,1
8298,6,1
8299,6,1
8300,6,3
8301,6,2
8302,6,4
8303,6,4
8304,6,5
8305,6,1
8306,6,3
8307,6,5
8308,6,4
8309,6,4
8310,6,4
8311,6,4
8312,6,3
8313,6,3
8314,6,2
8315,6,5
8316,6,2
8317,6,4
8318,6,2
8319,6,4
8320,6,2
8321,6,3
8322,6,1
8323,6,1
8324,6,3
8325,6,1
8326,6,1
8327,6,1
8328,6,1
8329,6,3
8330,6,4
8331,6,1
8332,6,1
8333,6,3
8334,6,1
8335,6,1
8336,6,1
8337,6,1
8338,6,1
8339,6,3
8340,6,1
8341,6,1
8342,6,1
8343,6,1
8344,6,1
8345,6,1
8346,6,3
8347,6,3
8348,6,3
8349,6,3
8350,6,3
8351,6,3
8352,6,3
8353,6,5
8354,6,3
8355,6,1
8356,6,4
8357,6,4
8358,6,4
8359,6,3
8360,6,5
8361,6,3
8362,6,3
8363,6,1
8364,6,1
8365,6,1
8366,6,1
8367,6,1
8368,6,1
8369,6,1
8370,6,1
8371,6,1
8372,6,3
8373,6,3
8374,6,1
8375,6,1
8376,6,1
8377,6,1
8378,6,1
8379,6,1
8380,6,1
8381,6,1
8382,6,1
8383,6,1
8384,6,1
8385,6,1
8386,6,5
8387,6,1
8388,6,3
8389,6,5
8390,6,3
8391,6,4
8392,6,4
8393,6,4
8394,6,4
8395,6,4
8396,6,3
8397,6,1
8398,6,4
8399,6,1
8400,6,4
8401,6,4
8402,6,2
8403,6,1
8404,6,3
8405,6,1
8406,6,4
8407,6,3
8408,6,1
8409,6,1
8410,6,3
8411,6,1
8412,6,1
8413,6,3
8414,6,1
8415,6,4
8416,6,4
8417,6,3
8418,6,1
8419,6,1
8420,6,1
8421,6,1
8422,6,1
8423,6,3
8424,6,1
8425,6,1
8426,6,1
8427,6,1
8428,6,1
8429,6,1
8430,6,2
8431,6,3
8432,6,5
8433,6,4
8434,6,2
8435,6,3
8436,6,1
8437,6,1
8438,6,2
8439,6,3
8440,6,4
8441,6,3
8442,6,4
8443,6,1
8444,6,1
8445,6,1
8446,6,1
8447,6,1
8448,6,3
8449,6,1
8450,6,2
8451,6,3
8452,6,1
8453,6,5
8454,6,3
8455,6,2
8456,6,1
8457,6,1
8458,6,1
8459,6,1
8460,6,1
8461,6,3
8462,6,1
8463,6,1
8464,6,3
8465,6,1
8466,6,1
8467,6,5
8468,6,1
8469,6,5
8470,6,1
8471,6,4
8472,6,3
8473,6,3
8474,6,5
8475,6,3
8476,6,1
8477,6,3
8478,6,5
8479,6,2
8480,6,3
8481,6,3
8482,6,3
8483,6,3
8484,6,4
8485,6,5
8486,6,3
8487,6,2
8488,6,5
8489,6,1
8490,6,1
8491,6,1
8492,6,1
8493,6,3
8494,6,1
8495,6,1
8496,6,1
8497,6,1
8498,6,1
8499,6,1
8500,6,1
8501,6,1
8502,6,1
8503,6,4
8504,6,3
8505,6,3
8506,6,3
8507,6,3
8508,6,4
8509,6,3
8510,6,2
8511,6,4
8512,6,2
8513,6,3
8514,6,3
8515,6,1
8516,6,4
8517,6,4
8518,6,5
8519,6,3
8520,6,5
8521,6,3
8522,6,2
8523,6,4
8524,6,3
8525,6,1
8526,6,1
8527,6,1
8528,6,1
8529,6,1
8530,6,1
8531,6,1
8532,6,1
8533,6,3
8534,6,2
8535,6,4
8536,6,1
8537,6,2
8538,6,2
8539,6,1
8540,6,1
8541,6,1
8542,6,1
8543,6,1
8544,6,1
8545,6,1
8546,6,1
8547,6,1
8548,6,1
8549,6,1
8550,6,1
8551,6,1
8552,6,1
8553,6,3
8554,6,4
8555,6,1
8556,6,3
8557,6,3
8558,6,3
8559,6,2
8560,6,5
8561,6,1
8562,6,4
8563,6,4
8564,6,5
8565,6,3
8566,6,5
8567,6,4
8568,6,5
8569,6,1
8570,6,1
8571,6,2
8572,6,2
8573,6,1
8574,6,3
8575,6,1
8576,6,1
8577,6,1
8578,6,5
8579,6,3
8580,6,1
8581,6,1
8582,6,1
8583,6,1
8584,6,1
8585,6,1
8586,6,1
8587,6,1
8588,6,1
8589,6,1
8590,6,1
8591,6,1
8592,6,1
8593,6,4
8594,6,3
8595,6,3
8596,6,5
8597,6,3
8598,6,2
8599,6,3
8600,6,1
8601,6,4
8602,6,3
8603,6,5
8604,6,4
8605,6,3
8606,6,1
8607,6,1
8608,6,1
8609,6,3
8610,6,1
8611,6,4
8612,6,2
8613,6,1
8614,6,1
8615,6,2
8616,6,1
8617,6,3
8618,6,1
8619,6,1
8620,6,1
8621,6,1
8622,6,1
8623,6,3
8624,6,1
8625,6,1
8626,6,1
8627,6,1
8628,6,1
8629,6,1
8630,6,5
8631,6,2
8632,6,1
8633,6,3
8634,6,3
8635,6,4
8636,6,1
8637,6,4
8638,6,4
8639,6,5
8640,6,1
8641,6,3
8642,6,3
8643,6,4
8644,6,4
8645,6,1
8646,6,1
8647,6,3
8648,6,1
8649,6,1
8650,6,1
8651,6,1
8652,6,1
8653,6,1
8654,6,1
8655,6,1
8656,6,1
8657,6,1
8658,6,1
8659,6,1
8660,6,1
8661,6,1
8662,6,3
8663,6,1
8664,6,1
8665,6,4
8666,6,2
8667,6,3
8668,6,3
8669,6,3
8670,6,3
8671,6,5
8672,6,3
8673,6,3
8674,6,4
8675,6,2
8676,6,5
8677,6,3
8678,6,2
8679,6,3
8680,6,2
8681,6,4
8682,6,1
8683,6,2
8684,6,3
8685,6,3
8686,6,4
8687,6,3
8688,6,3
8689,6,3
8690,6,1
8691,6,1
8692,6,1
8693,6,1
8694,6,1
8695,6,3
8696,6,3
8697,6,1
8698,6,1
8699,6,1
8700,6,1
8701,6,1
8702,6,1
8703,6,1
8704,6,1
8705,6,1
8706,6,1
8707,6,3
8708,6,1
8709,6,3
8710,6,2
8711,6,1
8712,6,3
8713,6,3
8714,6,5
8715,6,2
8716,6,2
8717,6,5
8718,6,1
8719,6,3
8720,6,3
8721,6,2
8722,6,4
8723,6,3
8724,6,1
8725,6,1
8726,6,1
8727,6,1
8728,6,1
8729,6,1
8730,6,4
8731,6,3
8732,6,2
8733,6,2
8734,6,1
8735,6,1
8736,6,1
8737,6,1
8738,6,1
8739,6,1
8740,6,1
8741,6,1
8742,6,1
8743,6,1
8744,6,1
8745,6,1
8746,6,1
8747,6,1
8748,6,1
8749,6,1
8750,6,5
8751,6,1
8752,6,3
8753,6,5
8754,6,5
8755,6,3
8756,6,4
8757,6,3
8758,6,2
8759,6,4
8760,6,1
8761,6,5
8762,6,4
8763,6,5
8764,6,3
8765,6,3
8766,6,3
8767,6,4
8768,6,5
8769,6,1
8770,6,3
8771,6,3
8772,6,1
8773,6,3
8774,6,3
8775,6,5
8776,6,3
8777,6,3
8778,6,3
8779,6,3
8780,6,3
8781,6,3
8782,6,1
8783,6,1
8784,6,1
8785,6,1
8786,6,3
8787,6,1
8788,6,3
8789,6,1
8790,6,1
8791,6,1
8792,6,3
8793,6,3
8794,6,4
8795,6,2
8796,6,4
8797,6,1
8798,6,5
8799,6,2
8800,6,4
8801,6,1
8802,6,1
8803,6,5
8804,6,5
8805,6,3
8806,6,2
8807,6,3
8808,6,5
8809,6,3
8810,6,3
8811,6,1
8812,6,3
8813,6,4
8814,6,3
8815,6,1
8816,6,1
8817,6,1
8818,6,1
8819,6,1
8820,6,1
8821,6,1
8822,6,1
8823,6,1
8824,6,1
8825,6,1
8826,6,3
8827,6,2
8828,6,3
8829,6,4
8830,6,1
8831,6,3
8832,6,3
8833,6,4
8834,6,2
8835,6,1
8836,6,3
8837,6,1
8838,6,4
8839,6,1
8840,6,3
8841,6,4
8842,6,3
8843,6,1
8844,6,1
8845,6,2
8846,6,3
8847,6,5
8848,6,1
8849,6,1
8850,6,1
8851,6,1
8852,6,1
8853,6,1
8854,6,1
8855,6,3
8856,6,1
8857,6,1
8858,6,1
8859,6,4
8860,6,3
8861,6,3
8862,6,2
8863,6,4
8864,6,3
8865,6,2
8866,6,1
8867,6,2
8868,6,5
8869,6,3
8870,6,3
8871,6,3
8872,6,3
8873,6,4
8874,6,5
8875,6,2
8876,6,1
8877,6,4
8878,6,2
8879,6,1
8880,6,3
8881,6,4
8882,6,1
8883,6,1
8884,6,1
8885,6,3
8886,6,1
8887,6,1
8888,6,4
8889,6,3
8890,6,1
8891,6,1
8892,6,1
8893,6,1
8894,6,1
8895,6,1
8896,6,1
8897,6,1
8898,6,1
8899,6,1
8900,6,1
8901,6,1
8902,6,1
8903,6,1
8904,6,1
8905,6,1
8906,6,1
8907,6,4
8908,6,5
8909,6,3
8910,6,4
8911,6,2
8912,6,3
8913,6,2
8914,6,3
8915,6,3
8916,6,3
8917,6,4
8918,6,1
8919,6,3
8920,6,3
8921,6,2
8922,6,1
8923,6,1
8924,6,2
8925,6,4
8926,6,2
8927,6,2
8928,6,1
8929,6,1
8930,6,1
8931,6,1
8932,6,1
8933,6,1
8934,6,1
8935,6,1
8936,6,1
8937,6,1
8938,6,1
8939,6,3
8940,6,2
8941,6,3
8942,6,3
8943,6,3
8944,6,5
8945,6,4
8946,6,1
8947,6,4
8948,6,1
8949,6,4
8950,6,5
8951,6,4
8952,6,1
8953,6,1
8954,6,1
8955,6,1
8956,6,1
8957,6,3
8958,6,3
8959,6,1
8960,6,3
8961,6,1
8962,6,1
8963,6,1
8964,6,1
8965,6,1
8966,6,3
8967,6,1
8968,6,4
8969,6,4
8970,6,3
8971,6,4
8972,6,2
8973,6,1
8974,6,4
8975,6,2
8976,6,1
8977,6,4
8978,6,3
8979,6,1
8980,6,5
8981,6,2
8982,6,3
8983,6,2
8984,6,2
8985,6,1
8986,6,1
8987,6,1
8988,6,1
8989,6,3
8990,6,1
8991,6,1
8992,6,2
8993,6,2
8994,6,3
8995,6,1
8996,6,1
8997,6,1
8998,6,3
8999,6,1
9000,6,1
9001,6,1
9002,6,1
9003,6,1
9004,6,1
9005,6,1
9006,6,1
9007,6,1
9008,6,3
9009,6,4
9010,6,4
9011,6,4
9012,6,3
9013,6,3
9014,6,1
9015,6,4
9016,6,1
9017,6,3
9018,6,2
9019,6,3
9020,6,3
9021,6,3
9022,6,3
9023,6,3
9024,6,4
9025,6,1
9026,6,4
9027,6,2
9028,6,3
9029,6,4
9030,6,1
9031,6,2
9032,6,4
9033,6,3
9034,6,1
9035,6,1
9036,6,1
9037,6,1
9038,6,1
9039,6,1
9040,6,5
9041,6,1
9042,6,1
9043,6,1
9044,6,1
9045,6,1
9046,6,1
9047,6,1
9048,6,1
9049,6,1
9050,6,1
9051,6,1
9052,6,1
9053,6,1
9054,6,1
9055,6,1
9056,6,3
9057,6,3
9058,6,1
9059,6,2
9060,6,2
9061,6,5
9062,6,3
9063,6,3
9064,6,3
9065,6,2
9066,6,4
9067,6,1
9068,6,4
9069,6,3
9070,6,3
9071,6,3
9072,6,1
9073,6,3
9074,6,1
9075,6,1
9076,6,1
9077,6,4
9078,6,1
9079,6,1
9080,6,1
9081,6,3
9082,6,1
9083,6,1
9084,6,1
9085,6,1
9086,6,3
9087,6,1
9088,6,1
9089,6,1
9090,6,1
9091,6,5
9092,6,5
9093,6,5
9094,6,3
9095,6,5
9096,6,3
9097,6,4
9098,6,1
9099,6,4
9100,6,3
9101,6,5
9102,6,3
9103,6,1
9104,6,1
9105,6,1
9106,6,3
9107,6,4
9108,6,3
9109,6,1
9110,6,1
9111,6,1
9112,6,3
9113,6,3
9114,6,3
9115,6,4
9116,6,3
9117,6,1
9118,6,1
9119,6,1
9120,6,1
9121,6,1
9122,6,1
9123,6,3
9124,6,1
9125,6,1
9126,6,1
9127,6,1
9128,6,5
9129,6,2
9130,6,3
9131,6,5
9132,6,5
9133,6,2
9134,6,4
9135,6,5
9136,6,4
9137,6,5
9138,6,4
9139,6,3
9140,6,4
9141,6,4
9142,6,1
9143,6,4
9144,6,1
9145,6,3
9146,6,1
9147,6,4
9148,6,3
9149,6,1
9150,6,1
9151,6,1
9152,6,1
9153,6,1
9154,6,1
9155,6,1
9156,6,1
9157,6,1
9158,6,1
9159,6,1
9160,6,5
9161,6,3
9162,6,5
9163,6,4
9164,6,3
9165,6,5
9166,6,5
9167,6,3
9168,6,3
9169,6,3
9170,6,4
9171,6,3
9172,6,4
9173,6,3
9174,6,2
9175,6,3
9176,6,1
9177,6,1
9178,6,1
9179,6,4
9180,6,4
9181,6,2
9182,6,1
9183,6,1
9184,6,1
9185,6,1
9186,6,1
9187,6,1
9188,6,3
9189,6,1
9190,6,1
9191,6,1
9192,6,5
9193,6,4
9194,6,2
9195,6,2
9196,6,4
9197,6,1
9198,6,4
9199,6,3
9200,6,3
9201,6,1
9202,6,3
9203,6,4
9204,6,2
9205,6,4
9206,6,5
9207,6,2
9208,6,3
9209,6,4
9210,6,1
9211,6,4
9212,6,1
9213,6,3
9214,6,1
9215,6,1
9216,6,1
9217,6,1
9218,6,1
9219,6,1
9220,6,2
9221,6,3
9222,6,5
9223,6,1
9224,6,1
9225,6,1
9226,6,1
9227,6,1
9228,6,1
9229,6,1
9230,6,1
9231,6,1
9232,6,3
9233,6,4
9234,6,3
9235,6,1
9236,6,4
9237,6,3
9238,6,3
9239,6,3
9240,6,3
9241,6,1
9242,6,1
9243,6,4
9244,6,4
9245,6,3
9246,6,3
9247,6,2
9248,6,4
9249,6,4
9250,6,3
9251,6,1
9252,6,1
9253,6,1
9254,6,1
9255,6,2
9256,6,1
9257,6,1
9258,6,1
9259,6,1
9260,6,1
9261,6,1
9262,6,1
9263,6,1
9264,6,1
9265,6,1
9266,6,1
9267,6,1
9268,6,1
9269,6,3
9270,6,3
9271,6,1
9272,6,2
9273,6,5
9274,6,3
9275,6,4
9276,6,3
9277,6,2
9278,6,3
9279,6,3
9280,6,5
9281,6,4
9282,6,2
9283,6,3
9284,6,5
9285,6,2
9286,6,4
9287,6,1
9288,6,5
9289,6,3
9290,6,2
9291,6,1
9292,6,1
9293,6,1
9294,6,3
9295,6,1
9296,6,1
9297,6,1
9298,6,3
9299,6,1
9300,6,3
9301,6,4
9302,6,3
9303,6,1
9304,6,1
9305,6,1
9306,6,1
9307,6,1
9308,6,1
9309,6,1
9310,6,1
9311,6,1
9312,6,1
9313,6,1
9314,6,4
9315,6,4
9316,6,1
9317,6,5
9318,6,3
9319,6,4
9320,6,4
9321,6,4
9322,6,5
9323,6,3
9324,6,1
9325,6,3
9326,6,5
9327,6,5
9328,6,3
9329,6,3
9330,6,2
9331,6,4
9332,6,3
9333,6,1
9334,6,2
9335,6,5
9336,6,1
9337,6,1
9338,6,1
9339,6,1
9340,6,1
9341,6,5
9342,6,3
9343,6,2
9344,6,1
9345,6,1
9346,6,1
9347,6,1
9348,6,1
9349,6,1
9350,6,1
9351,6,1
9352,6,1
9353,6,3
9354,6,3
9355,6,1
9356,6,3
9357,6,3
9358,6,2
9359,6,4
9360,6,3
9361,6,3
9362,6,3
9363,6,1
9364,6,3
9365,6,3
9366,6,3
9367,6,5
9368,6,1
9369,6,1
9370,6,1
9371,6,1
9372,6,1
9373,6,3
9374,6,1
9375,6,1
9376,6,1
9377,6,1
9378,6,1
9379,6,1
9380,6,1
9381,6,1
9382,6,1
9383,6,1
9384,6,1
9385,6,1
9386,6,5
9387,6,3
9388,6,1
9389,6,5
9390,6,3
9391,6,3
9392,6,4
9393,6,2
9394,6,3
9395,6,3
9396,6,3
9397,6,3
9398,6,3
9399,6,3
9400,6,3
9401,6,2
9402,6,4
9403,6,3
9404,6,1
9405,6,1
9406,6,1
9407,6,1
9408,6,1
9409,6,1
9410,6,1
9411,6,1
9412,6,1
9413,6,1
9414,6,3
9415,6,1
9416,6,3
9417,6,1
9418,6,1
9419,6,1
9420,6,3
9421,6,3
9422,6,4
9423,6,1
9424,6,2
9425,6,3
9426,6,2
9427,6,3
9428,6,3
9429,6,5
9430,6,1
9431,6,4
9432,6,2
9433,6,4
9434,6,2
9435,6,4
9436,6,1
9437,6,3
9438,6,1
9439,6,2
9440,6,4
9441,6,3
9442,6,3
9443,6,2
9444,6,1
9445,6,1
9446,6,3
9447,6,3
9448,6,1
9449,6,3
9450,6,1
9451,6,1
9452,6,1
9453,6,1
9454,6,1
9455,6,1
9456,6,1
9457,6,1
9458,6,1
9459,6,4
9460,6,4
9461,6,1
9462,6,4
9463,6,2
9464,6,2
9465,6,4
9466,6,4
9467,6,1
9468,6,4
9469,6,4
9470,6,5
9471,6,4
9472,6,3
9473,6,4
9474,6,2
9475,6,2
9476,6,2
9477,6,2
9478,6,4
9479,6,2
9480,6,3
9481,6,4
9482,6,3
9483,6,3
9484,6,3
9485,6,2
9486,6,1
9487,6,1
9488,6,1
9489,6,1
9490,6,5
9491,6,2
9492,6,3
9493,6,3
9494,6,1
9495,6,1
9496,6,3
9497,6,1
9498,6,1
9499,6,1
9500,6,1
9501,6,1
9502,6,4
9503,6,2
9504,6,5
9505,6,3
9506,6,4
9507,6,5
9508,6,2
9509,6,5
9510,6,4
9511,6,5
9512,6,4
9513,6,3
9514,6,2
9515,6,1
9516,6,1
9517,6,1
9518,6,1
9519,6,1
9520,6,1
9521,6,1
9522,6,2
9523,6,1
9524,6,3
9525,6,1
9526,6,1
9527,6,1
9528,6,1
9529,6,1
9530,6,1
9531,6,1
9532,6,1
9533,6,1
9534,6,1
9535,6,1
9536,6,1
9537,6,1
9538,6,1
9539,6,1
9540,6,3
9541,6,4
9542,6,3
9543,6,2
9544,6,3
9545,6,2
9546,6,1
9547,6,2
9548,6,1
9549,6,3
9550,6,5
9551,6,4
9552,6,1
9553,6,1
9554,6,4
9555,6,1
9556,6,1
9557,6,1
9558,6,1
9559,6,1
9560,6,1
9561,6,1
9562,6,1
9563,6,1
9564,6,1
9565,6,1
9566,6,1
9567,6,5
9568,6,1
9569,6,4
9570,6,4
9571,6,4
9572,6,4
9573,6,2
9574,6,1
9575,6,4
9576,6,5
9577,6,3
9578,6,3
9579,6,3
9580,6,3
9581,6,2
9582,6,3
9583,6,3
9584,6,1
9585,6,1
9586,6,1
9587,6,1
9588,6,3
9589,6,1
9590,6,1
9591,6,1
9592,6,1
9593,6,1
9594,6,1
9595,6,1
9596,6,3
9597,6,1
9598,6,1
9599,6,3
9600,6,3
9601,6,3
9602,6,4
9603,6,5
9604,6,4
9605,6,3
9606,6,3
9607,6,3
9608,6,3
9609,6,5
9610,6,2
9611,6,1
9612,6,1
9613,6,3
9614,6,1
9615,6,3
9616,6,3
9617,6,3
9618,6,2
9619,6,1
9620,6,1
9621,6,1
9622,6,1
9623,6,1
9624,6,1
9625,6,1
9626,6,1
9627,6,1
9628,6,1
9629,6,1
9630,6,1
9631,6,1
9632,6,2
9633,6,3
9634,6,2
9635,6,3
9636,6,5
9637,6,4
9638,6,2
9639,6,1
9640,6,4
9641,6,3
9642,6,3
9643,6,1
9644,6,3
9645,6,3
9646,6,1
9647,6,1
9648,6,1
9649,6,1
9650,6,1
9651,6,1
9652,6,1
9653,6,1
9654,6,1
9655,6,1
9656,6,3
9657,6,1
9658,6,1
9659,6,3
9660,6,1
9661,6,1
9662,6,1
9663,6,1
9664,6,1
9665,6,1
9666,6,1
9667,6,3
9668,6,1
9669,6,1
9670,6,3
9671,6,3
9672,6,1
9673,6,4
9674,6,1
9675,6,4
9676,6,4
9677,6,3
9678,6,1
9679,6,4
9680,6,3
9681,6,1
9682,6,3
9683,6,1
9684,6,1
9685,6,1
9686,6,1
9687,6,1
9688,6,3
9689,6,1
9690,6,3
9691,6,5
9692,6,4
9693,6,1
9694,6,1
9695,6,1
9696,6,3
9697,6,1
9698,6,1
9699,6,1
9700,6,1
9701,6,1
9702,6,3
9703,6,3
9704,6,4
9705,6,3
9706,6,4
9707,6,1
9708,6,3
9709,6,5
9710,6,3
9711,6,4
9712,6,3
9713,6,4
9714,6,4
9715,6,1
9716,6,4
9717,6,5
9718,6,3
9719,6,4
9720,6,2
9721,6,1
9722,6,3
9723,6,1
9724,6,1
9725,6,3
9726,6,1
9727,6,1
9728,6,1
9729,6,1
9730,6,3
9731,6,1
9732,6,1
9733,6,1
9734,6,1
9735,6,3
9736,6,5
9737,6,5
9738,6,3
9739,6,4
9740,6,3
9741,6,4
9742,6,4
9743,6,4
9744,6,3
9745,6,5
9746,6,4
9747,6,1
9748,6,3
9749,6,1
9750,6,1
9751,6,3
9752,6,4
9753,6,3
9754,6,1
9755,6,1
9756,6,1
9757,6,1
9758,6,3
9759,6,1
9760,6,1
9761,6,1
9762,6,1
9763,6,1
9764,6,2
9765,6,2
9766,6,3
9767,6,5
9768,6,4
9769,6,4
9770,6,1
9771,6,3
9772,6,3
9773,6,5
9774,6,3
9775,6,3
9776,6,5
9777,6,3
9778,6,2
9779,6,4
9780,6,4
9781,6,1
9782,6,3
9783,6,1
9784,6,1
9785,6,1
9786,6,1
9787,6,1
9788,6,2
9789,6,1
9790,6,1
9791,6,1
9792,6,1
9793,6,1
9794,6,1
9795,6,1
9796,6,3
9797,6,3
9798,6,1
9799,6,3
9800,6,4
9801,6,4
9802,6,5
9803,6,2
9804,6,1
9805,6,5
9806,6,4
9807,6,3
9808,6,2
9809,6,4
9810,6,1
9811,6,1
9812,6,4
9813,6,2
9814,6,4
9815,6,3
9816,6,1
9817,6,4
9818,6,1
9819,6,1
9820,6,1
9821,6,1
9822,6,1
9823,6,1
9824,6,1
9825,6,3
9826,6,1
9827,6,1
9828,6,3
9829,6,1
9830,6,1
9831,6,3
9832,6,1
9833,6,1
9834,6,1
9835,6,4
9836,6,5
9837,6,5
9838,6,3
9839,6,4
9840,6,4
9841,6,3
9842,6,5
9843,6,2
9844,6,3
9845,6,1
9846,6,1
9847,6,3
9848,6,3
9849,6,3
9850,6,5
9851,6,3
9852,6,2
9853,6,4
9854,6,1
9855,6,4
9856,6,1
9857,6,3
9858,6,1
9859,6,1
9860,6,1
9861,6,4
9862,6,1
9863,6,3
9864,6,1
9865,6,3
9866,6,1
9867,6,1
9868,6,1
9869,6,1
9870,6,1
9871,6,1
9872,6,1
9873,6,1
9874,6,1
9875,6,1
9876,6,4
9877,6,3
9878,6,3
9879,6,3
9880,6,4
9881,6,5
9882,6,1
9883,6,4
9884,6,1
9885,6,2
9886,6,3
9887,6,4
9888,6,5
9889,6,3
9890,6,3
9891,6,3
9892,6,3
9893,6,4
9894,6,3
9895,6,3
9896,6,1
9897,6,1
9898,6,1
9899,6,1
9900,6,1
9901,6,1
9902,6,1
9903,6,1
9904,6,3
9905,6,1
9906,6,1
9907,6,3
9908,6,4
9909,6,1
9910,6,1
9911,6,1
9912,6,1
9913,6,1
9914,6,1
9915,6,1
9916,6,1
9917,6,1
9918,6,1
9919,6,5
9920,6,2
9921,6,3
9922,6,3
9923,6,5
9924,6,3
9925,6,2
9926,6,3
9927,6,3
9928,6,2
9929,6,4
9930,6,4
9931,6,4
9932,6,1
9933,6,1
9934,6,1
9935,6,1
9936,6,1
9937,6,1
9938,6,1
9939,6,1
9940,6,4
9941,6,1
9942,6,1
9943,6,2
9944,6,1
9945,6,1
9946,6,1
9947,6,1
9948,6,1
9949,6,1
9950,6,1
9951,6,1
9952,6,1
9953,6,1
9954,6,3
9955,6,4
9956,6,1
9957,6,4
9958,6,4
9959,6,1
9960,6,2
9961,6,2
9962,6,4
9963,6,4
9964,6,5
9965,6,5
9966,6,3
9967,6,3
9968,6,1
9969,6,3
9970,6,3
9971,6,1
9972,6,4
9973,6,4
9974,6,1
9975,6,1
9976,6,3
9977,6,5
9978,6,1
9979,6,1
9980,6,1
9981,6,1
9982,6,1
9983,6,1
9984,6,3
9985,6,4
9986,6,2
9987,6,5
9988,6,4
9989,6,2
9990,6,4
9991,6,1
9992,6,4
9993,6,4
9994,6,4
9995,6,1
9996,6,2
9997,6,1
9998,6,1
9999,6,1
10000,6,1
1,7,3
2,7,2
3,7,3
4,7,1
5,7,1
6,7,1
7,7,1
8,7,1
9,7,1
10,7,1
11,7,1
12,7,1
13,7,4
14,7,1
15,7,1
16,7,5
17,7,3
18,7,3
19,7,5
20,7,3
21,7,3
22,7,3
23,7,5
24,7,5
25,7,5
26,7,4
27,7,2
28,7,5
29,7,3
30,7,1
31,7,1
32,7,4
33,7,1
34,7,3
35,7,2
36,7,1
37,7,1
38,7,3
39,7,1
40,7,1
41,7,1
42,7,1
43,7,1
44,7,1
45,7,4
46,7,4
47,7,1
48,7,4
49,7,3
50,7,5
51,7,4
52,7,4
53,7,3
54,7,4
55,7,5
56,7,3
57,7,4
58,7,3
59,7,2
60,7,3
61,7,4
62,7,1
63,7,4
64,7,2
65,7,2
66,7,3
67,7,1
68,7,2
69,7,3
70,7,5
71,7,1
72,7,1
73,7,1
74,7,1
75,7,1
76,7,1
77,7,1
78,7,1
79,7,1
80,7,1
81,7,1
82,7,1
83,7,1
84,7,3
85,7,1
86,7,1
87,7,1
88,7,5
89,7,4
90,7,5
91,7,1
92,7,3
93,7,4
94,7,4
95,7,2
96,7,3
97,7,3
98,7,2
99,7,4
100,7,4
101,7,4
102,7,4
103,7,1
104,7,4
105,7,4
106,7,1
107,7,1
108,7,1
109,7,1
110,7,3
111,7,1
112,7,1
113,7,4
114,7,1
115,7,1
116,7,1
117,7,1
118,7,1
119,7,1
120,7,1
121,7,1
122,7,1
123,7,1
124,7,1
125,7,1
126,7,3
127,7,1
128,7,4
129,7,4
130,7,4
131,7,5
132,7,1
133,7,1
134,7,4
135,7,4
136,7,2
137,7,1
138,7,3
139,7,3
140,7,4
141,7,1
142,7,3
143,7,3
144,7,1
145,7,4
146,7,4
147,7,3
148,7,4
149,7,3
150,7,1
151,7,1
152,7,4
153,7,2
154,7,1
155,7,1
156,7,1
157,7,1
158,7,1
159,7,1
160,7,1
161,7,1
162,7,1
163,7,1
164,7,1
165,7,3
166,7,5
167,7,4
168,7,5
169,7,2
170,7,3
171,7,4
172,7,4
173,7,1
174,7,4
175,7,3
176,7,2
177,7,1
178,7,3
179,7,4
180,7,2
181,7,4
182,7,3
183,7,1
184,7,4
185,7,1
186,7,5
187,7,3
188,7,3
189,7,4
190,7,4
191,7,3
192,7,4
193,7,5
194,7,4
195,7,1
196,7,1
197,7,3
198,7,1
199,7,4
200,7,3
201,7,1
202,7,1
203,7,1
204,7,1
205,7,1
206,7,1
207,7,1
208,7,1
209,7,3
210,7,1
211,7,1
212,7,1
213,7,1
214,7,1
215,7,3
216,7,2
217,7,4
218,7,5
219,7,3
220,7,5
221,7,1
222,7,5
223,7,3
224,7,4
225,7,5
226,7,5
227,7,4
228,7,4
229,7,5
230,7,1
231,7,1
232,7,4
233,7,1
234,7,1
235,7,1
236,7,1
237,7,1
238,7,1
239,7,1
240,7,3
241,7,1
242,7,1
243,7,1
244,7,1
245,7,3
246,7,2
247,7,4
248,7,3
249,7,3
250,7,4
251,7,4
252,7,4
253,7,3
254,7,3
255,7,3
256,7,3
257,7,3
258,7,4
259,7,1
260,7,1
261,7,3
262,7,1
263,7,4
264,7,4
265,7,5
266,7,3
267,7,5
268,7,4
269,7,2
270,7,3
271,7,3
272,7,1
273,7,1
274,7,4
275,7,3
276,7,1
277,7,1
278,7,1
279,7,1
280,7,1
281,7,1
282,7,1
283,7,1
284,7,3
285,7,3
286,7,3
287,7,4
288,7,2
289,7,5
290,7,2
291,7,3
292,7,2
293,7,4
294,7,3
295,7,2
296,7,3
297,7,2
298,7,3
299,7,1
300,7,2
301,7,3
302,7,4
303,7,3
304,7,1
305,7,1
306,7,1
307,7,1
308,7,1
309,7,1
310,7,1
311,7,1
312,7,1
313,7,1
314,7,1
315,7,1
316,7,1
317,7,1
318,7,1
319,7,1
320,7,3
321,7,2
322,7,3
323,7,2
324,7,5
325,7,4
326,7,3
327,7,1
328,7,3
329,7,5
330,7,2
331,7,3
332,7,3
333,7,3
334,7,3
335,7,4
336,7,4
337,7,4
338,7,3
339,7,5
340,7,1
341,7,1
342,7,1
343,7,5
344,7,4
345,7,3
346,7,3
347,7,1
348,7,1
349,7,1
350,7,1
351,7,1
352,7,1
353,7,1
354,7,1
355,7,1
356,7,1
357,7,1
358,7,1
359,7,1
360,7,1
361,7,1
362,7,1
363,7,1
364,7,4
365,7,1
366,7,4
367,7,5
368,7,3
369,7,3
370,7,4
371,7,1
372,7,3
373,7,3
374,7,1
375,7,4
376,7,4
377,7,5
378,7,4
379,7,1
380,7,3
381,7,2
382,7,1
383,7,1
384,7,1
385,7,3
386,7,1
387,7,3
388,7,1
389,7,1
390,7,1
391,7,3
392,7,1
393,7,1
394,7,5
395,7,3
396,7,4
397,7,2
398,7,4
399,7,3
400,7,2
401,7,4
402,7,3
403,7,3
404,7,3
405,7,3
406,7,1
407,7,4
408,7,3
409,7,4
410,7,4
411,7,5
412,7,3
413,7,3
414,7,5
415,7,3
416,7,3
417,7,2
418,7,3
419,7,2
420,7,1
421,7,1
422,7,1
423,7,2
424,7,4
425,7,4
426,7,1
427,7,1
428,7,1
429,7,1
430,7,1
431,7,1
432,7,1
433,7,1
434,7,3
435,7,1
436,7,1
437,7,1
438,7,1
439,7,2
440,7,4
441,7,4
442,7,2
443,7,5
444,7,3
445,7,4
446,7,3
447,7,4
448,7,3
449,7,4
450,7,3
451,7,5
452,7,3
453,7,4
454,7,3
455,7,4
456,7,4
457,7,3
458,7,1
459,7,1
460,7,1
461,7,1
462,7,4
463,7,3
464,7,1
465,7,1
466,7,1
467,7,1
468,7,1
469,7,1
470,7,1
471,7,1
472,7,1
473,7,3
474,7,5
475,7,3
476,7,3
477,7,1
478,7,2
479,7,5
480,7,1
481,7,4
482,7,1
483,7,4
484,7,5
485,7,5
486,7,1
487,7,2
488,7,3
489,7,4
490,7,1
491,7,1
492,7,1
493,7,1
494,7,1
495,7,1
496,7,1
497,7,1
498,7,1
499,7,1
500,7,1
501,7,1
502,7,1
503,7,1
504,7,1
505,7,1
506,7,3
507,7,1
508,7,1
509,7,1
510,7,1
511,7,1
512,7,1
513,7,1
514,7,3
515,7,3
516,7,3
517,7,3
518,7,4
519,7,2
520,7,2
521,7,1
522,7,3
523,7,3
524,7,4
525,7,2
526,7,2
527,7,4
528,7,5
529,7,1
530,7,1
531,7,1
532,7,1
533,7,1
534,7,1
535,7,1
536,7,1
537,7,5
538,7,4
539,7,1
540,7,1
541,7,1
542,7,1
543,7,1
544,7,1
545,7,1
546,7,1
547,7,1
548,7,1
549,7,1
550,7,5
551,7,2
552,7,2
553,7,3
554,7,5
555,7,3
556,7,4
557,7,3
558,7,1
559,7,5
560,7,3
561,7,4
562,7,3
563,7,3
564,7,4
565,7,3
566,7,5
567,7,4
568,7,5
569,7,1
570,7,1
571,7,4
572,7,1
573,7,3
574,7,1
575,7,1
576,7,4
577,7,1
578,7,4
579,7,1
580,7,1
581,7,1
582,7,1
583,7,1
584,7,1
585,7,1
586,7,1
587,7,2
588,7,4
589,7,3
590,7,3
591,7,1
592,7,4
593,7,3
594,7,4
595,7,4
596,7,4
597,7,3
598,7,3
599,7,5
600,7,3
601,7,3
602,7,4
603,7,5
604,7,3
605,7,4
606,7,3
607,7,1
608,7,3
609,7,1
610,7,3
611,7,1
612,7,1
613,7,1
614,7,1
615,7,1
616,7,1
617,7,1
618,7,1
619,7,1
620,7,1
621,7,1
622,7,4
623,7,3
624,7,4
625,7,3
626,7,2
627,7,2
628,7,3
629,7,4
630,7,1
631,7,4
632,7,4
633,7,3
634,7,4
635,7,1
636,7,3
637,7,1
638,7,1
639,7,1
640,7,1
641,7,1
642,7,1
643,7,1
644,7,1
645,7,1
646,7,1
647,7,1
648,7,1
649,7,1
650,7,1
651,7,2
652,7,5
653,7,3
654,7,5
655,7,4
656,7,4
657,7,3
658,7,3
659,7,3
660,7,4
661,7,4
662,7,3
663,7,4
664,7,2
665,7,3
666,7,3
667,7,1
668,7,4
669,7,1
670,7,1
671,7,1
672,7,2
673,7,1
674,7,5
675,7,1
676,7,1
677,7,1
678,7,1
679,7,1
680,7,1
681,7,1
682,7,1
683,7,1
684,7,1
685,7,1
686,7,1
687,7,3
688,7,1
689,7,3
690,7,4
691,7,3
692,7,2
693,7,4
694,7,4
695,7,5
696,7,3
697,7,3
698,7,1
699,7,5
700,7,5
701,7,1
702,7,2
703,7,2
704,7,4
705,7,3
706,7,1
707,7,1
708,7,3
709,7,1
710,7,1
711,7,1
712,7,5
713,7,3
714,7,1
715,7,1
716,7,1
717,7,1
718,7,1
719,7,1
720,7,1
721,7,1
722,7,1
723,7,1
724,7,1
725,7,1
726,7,3
727,7,1
728,7,1
729,7,3
730,7,3
731,7,2
732,7,5
733,7,5
734,7,2
735,7,5
736,7,3
737,7,5
738,7,4
739,7,2
740,7,1
741,7,1
742,7,1
743,7,3
744,7,3
745,7,1
746,7,1
747,7,1
748,7,1
749,7,3
750,7,1
751,7,1
752,7,1
753,7,1
754,7,1
755,7,1
756,7,1
757,7,1
758,7,3
759,7,4
760,7,2
761,7,4
762,7,3
763,7,4
764,7,1
765,7,4
766,7,1
767,7,3
768,7,2
769,7,1
770,7,3
771,7,5
772,7,3
773,7,1
774,7,1
775,7,1
776,7,2
777,7,4
778,7,2
779,7,1
780,7,1
781,7,1
782,7,3
783,7,1
784,7,1
785,7,3
786,7,1
787,7,1
788,7,1
789,7,1
790,7,5
791,7,3
792,7,5
793,7,3
794,7,3
795,7,1
796,7,4
797,7,2
798,7,5
799,7,2
800,7,3
801,7,3
802,7,4
803,7,3
804,7,3
805,7,5
806,7,3
807,7,3
808,7,3
809,7,3
810,7,4
811,7,2
812,7,3
813,7,1
814,7,2
815,7,1
816,7,3
817,7,3
818,7,1
819,7,1
820,7,1
821,7,1
822,7,1
823,7,1
824,7,5
825,7,5
826,7,5
827,7,5
828,7,1
829,7,1
830,7,5
831,7,1
832,7,1
833,7,1
834,7,1
835,7,4
836,7,3
837,7,4
838,7,4
839,7,3
840,7,5
841,7,5
842,7,5
843,7,4
844,7,5
845,7,3
846,7,4
847,7,5
848,7,4
849,7,4
850,7,5
851,7,5
852,7,5
853,7,2
854,7,1
855,7,5
856,7,1
857,7,4
858,7,1
859,7,5
860,7,5
861,7,4
862,7,4
863,7,4
864,7,5
865,7,5
866,7,5
867,7,5
868,7,5
869,7,4
870,7,5
871,7,5
872,7,5
873,7,4
874,7,5
875,7,4
876,7,4
877,7,5
878,7,5
879,7,5
880,7,5
881,7,4
882,7,5
883,7,5
884,7,5
885,7,4
886,7,3
887,7,2
888,7,3
889,7,5
890,7,5
891,7,4
892,7,4
893,7,4
894,7,5
895,7,4
896,7,4
897,7,2
898,7,4
899,7,4
900,7,2
901,7,4
902,7,5
903,7,2
904,7,4
905,7,4
906,7,4
907,7,5
908,7,4
909,7,5
910,7,5
911,7,5
912,7,4
913,7,5
914,7,3
915,7,4
916,7,5
917,7,3
918,7,4
919,7,5
920,7,5
921,7,5
922,7,5
923,7,5
924,7,5
925,7,5
926,7,5
927,7,4
928,7,2
929,7,5
930,7,5
931,7,5
932,7,4
933,7,4
934,7,5
935,7,4
936,7,4
937,7,4
938,7,4
939,7,1
940,7,4
941,7,2
942,7,2
943,7,4
944,7,5
945,7,1
946,7,4
947,7,4
948,7,2
949,7,4
950,7,5
951,7,5
952,7,5
953,7,4
954,7,5
955,7,5
956,7,3
957,7,5
958,7,5
959,7,4
960,7,5
961,7,4
962,7,4
963,7,5
964,7,4
965,7,4
966,7,4
967,7,5
968,7,4
969,7,4
970,7,4
971,7,4
972,7,4
973,7,4
974,7,1
975,7,4
976,7,1
977,7,1
978,7,4
979,7,2
980,7,5
981,7,5
982,7,5
983,7,5
984,7,5
985,7,5
986,7,5
987,7,4
988,7,5
989,7,4
990,7,5
991,7,3
992,7,5
993,7,5
994,7,5
995,7,5
996,7,5
997,7,5
998,7,3
999,7,5
1000,7,5
1001,7,5
1002,7,5
1003,7,5
1004,7,4
1005,7,5
1006,7,3
1007,7,4
1008,7,4
1009,7,4
1010,7,5
1011,7,4
1012,7,5
1013,7,4
1014,7,5
1015,7,3
1016,7,3
1017,7,4
1018,7,4
1019,7,4
1020,7,2
1021,7,1
1022,7,4
1023,7,1
1024,7,3
1025,7,4
1026,7,2
1027,7,5
1028,7,4
1029,7,5
1030,7,4
1031,7,2
1032,7,4
1033,7,3
1034,7,5
1035,7,5
1036,7,4
1037,7,5
1038,7,5
1039,7,5
1040,7,4
1041,7,5
1042,7,5
1043,7,3
1044,7,4
1045,7,4
1046,7,4
1047,7,2
1048,7,4
1049,7,5
1050,7,4
1051,7,5
1052,7,2
1053,7,1
1054,7,2
1055,7,4
1056,7,2
1057,7,1
1058,7,2
1059,7,4
1060,7,1
1061,7,2
1062,7,2
1063,7,2
1064,7,4
1065,7,5
1066,7,5
1067,7,5
1068,7,5
1069,7,4
1070,7,4
1071,7,4
1072,7,4
1073,7,5
1074,7,5
1075,7,5
1076,7,5
1077,7,4
1078,7,4
1079,7,5
1080,7,5
1081,7,5
1082,7,5
1083,7,5
1084,7,4
1085,7,4
1086,7,2
1087,7,5
1088,7,4
1089,7,4
1090,7,5
1091,7,5
1092,7,2
1093,7,1
1094,7,4
1095,7,4
1096,7,4
1097,7,2
1098,7,4
1099,7,4
1100,7,1
1101,7,2
1102,7,3
1103,7,5
1104,7,4
1105,7,5
1106,7,5
1107,7,5
1108,7,5
1109,7,4
1110,7,5
1111,7,4
1112,7,3
1113,7,5
1114,7,5
1115,7,5
1116,7,5
1117,7,5
1118,7,5
1119,7,5
1120,7,4
1121,7,4
1122,7,5
1123,7,4
1124,7,5
1125,7,4
1126,7,3
1127,7,5
1128,7,3
1129,7,1
1130,7,4
1131,7,2
1132,7,3
1133,7,4
1134,7,5
1135,7,2
1136,7,4
1137,7,2
1138,7,3
1139,7,3
1140,7,5
1141,7,5
1142,7,4
1143,7,5
1144,7,4
1145,7,5
1146,7,5
1147,7,5
1148,7,4
1149,7,5
1150,7,5
1151,7,5
1152,7,5
1153,7,4
1154,7,2
1155,7,4
1156,7,5
1157,7,5
1158,7,4
1159,7,3
1160,7,5
1161,7,5
1162,7,4
1163,7,4
1164,7,4
1165,7,3
1166,7,1
1167,7,2
1168,7,2
1169,7,4
1170,7,5
1171,7,5
1172,7,4
1173,7,4
1174,7,4
1175,7,4
1176,7,5
1177,7,5
1178,7,5
1179,7,5
1180,7,5
1181,7,5
1182,7,4
1183,7,4
1184,7,5
1185,7,4
1186,7,5
1187,7,4
1188,7,4
1189,7,4
1190,7,4
1191,7,5
1192,7,3
1193,7,4
1194,7,4
1195,7,4
1196,7,4
1197,7,4
1198,7,4
1199,7,5
1200,7,5
1201,7,5
1202,7,4
1203,7,4
1204,7,5
1205,7,4
1206,7,4
1207,7,5
1208,7,2
1209,7,2
1210,7,4
1211,7,4
1212,7,2
1213,7,3
1214,7,2
1215,7,3
1216,7,5
1217,7,4
1218,7,5
1219,7,5
1220,7,4
1221,7,5
1222,7,5
1223,7,4
1224,7,5
1225,7,5
1226,7,4
1227,7,5
1228,7,4
1229,7,5
1230,7,5
1231,7,4
1232,7,4
1233,7,4
1234,7,5
1235,7,4
1236,7,2
1237,7,4
1238,7,5
1239,7,3
1240,7,5
1241,7,5
1242,7,4
1243,7,5
1244,7,1
1245,7,4
1246,7,4
1247,7,2
1248,7,4
1249,7,4
1250,7,5
1251,7,4
1252,7,3
1253,7,5
1254,7,5
1255,7,5
1256,7,5
1257,7,5
1258,7,5
1259,7,5
1260,7,5
1261,7,3
1262,7,4
1263,7,4
1264,7,4
1265,7,5
1266,7,4
1267,7,4
1268,7,5
1269,7,2
1270,7,2
1271,7,5
1272,7,4
1273,7,4
1274,7,3
1275,7,4
1276,7,5
1277,7,2
1278,7,1
1279,7,1
1280,7,2
1281,7,1
1282,7,4
1283,7,4
1284,7,4
1285,7,4
1286,7,2
1287,7,2
1288,7,3
1289,7,1
1290,7,4
1291,7,5
1292,7,1
1293,7,1
1294,7,5
1295,7,5
1296,7,4
1297,7,5
1298,7,5
1299,7,5
1300,7,5
1301,7,4
1302,7,5
1303,7,5
1304,7,5
1305,7,5
1306,7,4
1307,7,5
1308,7,4
1309,7,4
1310,7,5
1311,7,4
1312,7,5
1313,7,4
1314,7,5
1315,7,5
1316,7,5
1317,7,5
1318,7,5
1319,7,4
1320,7,5
1321,7,5
1322,7,5
1323,7,4
1324,7,5
1325,7,2
1326,7,5
1327,7,3
1328,7,1
1329,7,4
1330,7,2
1331,7,4
1332,7,1
1333,7,2
1334,7,5
1335,7,4
1336,7,5
1337,7,5
1338,7,4
1339,7,5
1340,7,5
1341,7,5
1342,7,5
1343,7,5
1344,7,5
1345,7,4
1346,7,4
1347,7,4
1348,7,5
1349,7,5
1350,7,5
1351,7,5
1352,7,4
1353,7,5
1354,7,5
1355,7,3
1356,7,2
1357,7,5
1358,7,3
1359,7,5
1360,7,4
1361,7,5
1362,7,5
1363,7,4
1364,7,2
1365,7,5
1366,7,4
1367,7,1
1368,7,5
1369,7,4
1370,7,4
1371,7,4
1372,7,4
1373,7,4
1374,7,5
1375,7,5
1376,7,5
1377,7,3
1378,7,5
1379,7,5
1380,7,5
1381,7,4
1382,7,5
1383,7,5
1384,7,4
1385,7,5
1386,7,5
1387,7,4
1388,7,4
1389,7,5
1390,7,5
1391,7,5
1392,7,5
1393,7,3
1394,7,5
1395,7,3
1396,7,4
1397,7,3
1398,7,3
1399,7,5
1400,7,5
1401,7,4
1402,7,4
1403,7,1
1404,7,4
1405,7,1
1406,7,5
1407,7,1
1408,7,3
1409,7,4
1410,7,4
1411,7,2
1412,7,4
1413,7,4
1414,7,4
1415,7,4
1416,7,5
1417,7,4
1418,7,4
1419,7,4
1420,7,3
1421,7,5
1422,7,5
1423,7,5
1424,7,4
1425,7,4
1426,7,3
1427,7,5
1428,7,3
1429,7,4
1430,7,5
1431,7,4
1432,7,1
1433,7,4
1434,7,4
1435,7,4
1436,7,5
1437,7,5
1438,7,1
1439,7,5
1440,7,4
1441,7,5
1442,7,4
1443,7,5
1444,7,3
1445,7,5
1446,7,4
1447,7,5
1448,7,5
1449,7,5
1450,7,5
1451,7,5
1452,7,4
1453,7,4
1454,7,5
1455,7,5
1456,7,4
1457,7,5
1458,7,5
1459,7,3
1460,7,4
1461,7,5
1462,7,4
1463,7,4
1464,7,3
1465,7,1
1466,7,4
1467,7,4
1468,7,5
1469,7,3
1470,7,4
1471,7,3
1472,7,5
1473,7,4
1474,7,2
1475,7,4
1476,7,2
1477,7,2
1478,7,2
1479,7,5
1480,7,5
1481,7,4
1482,7,4
1483,7,5
1484,7,4
1485,7,5
1486,7,4
1487,7,5
1488,7,5
1489,7,4
1490,7,4
1491,7,5
1492,7,5
1493,7,4
1494,7,4
1495,7,4
1496,7,5
1497,7,5
1498,7,5
1499,7,4
1500,7,5
1501,7,3
1502,7,5
1503,7,4
1504,7,5
1505,7,4
1506,7,1
1507,7,5
1508,7,2
1509,7,4
1510,7,2
1511,7,2
1512,7,4
1513,7,4
1514,7,2
1515,7,5
1516,7,1
1517,7,4
1518,7,5
1519,7,2
1520,7,4
1521,7,5
1522,7,1
1523,7,2
1524,7,5
1525,7,5
1526,7,5
1527,7,5
1528,7,5
1529,7,5
1530,7,5
1531,7,5
1532,7,5
1533,7,5
1534,7,5
1535,7,5
1536,7,4
1537,7,5
1538,7,5
1539,7,5
1540,7,4
1541,7,5
1542,7,5
1543,7,4
1544,7,4
1545,7,5
1546,7,5
1547,7,5
1548,7,4
1549,7,4
1550,7,5
1551,7,5
1552,7,5
1553,7,5
1554,7,4
1555,7,3
1556,7,2
1557,7,5
1558,7,4
1559,7,5
1560,7,2
1561,7,1
1562,7,4
1563,7,5
1564,7,4
1565,7,5
1566,7,4
1567,7,5
1568,7,4
1569,7,3
1570,7,5
1571,7,4
1572,7,5
1573,7,5
1574,7,5
1575,7,5
1576,7,4
1577,7,4
1578,7,4
1579,7,5
1580,7,4
1581,7,4
1582,7,2
1583,7,4
1584,7,5
1585,7,4
1586,7,4
1587,7,5
1588,7,2
1589,7,4
1590,7,4
1591,7,4
1592,7,4
1593,7,2
1594,7,4
1595,7,5
1596,7,2
1597,7,1
1598,7,4
1599,7,2
1600,7,4
1601,7,2
1602,7,5
1603,7,5
1604,7,4
1605,7,4
1606,7,4
1607,7,5
1608,7,5
1609,7,4
1610,7,5
1611,7,5
1612,7,5
1613,7,4
1614,7,5
1615,7,4
1616,7,5
1617,7,5
1618,7,5
1619,7,5
1620,7,5
1621,7,4
1622,7,5
1623,7,5
1624,7,4
1625,7,5
1626,7,5
1627,7,3
1628,7,4
1629,7,5
1630,7,3
1631,7,5
1632,7,4
1633,7,3
1634,7,5
1635,7,4
1636,7,1
1637,7,4
1638,7,5
1639,7,5
1640,7,2
1641,7,4
1642,7,4
1643,7,3
1644,7,5
1645,7,5
1646,7,4
1647,7,4
1648,7,4
1649,7,3
1650,7,5
1651,7,4
1652,7,5
1653,7,5
1654,7,5
1655,7,4
1656,7,5
1657,7,4
1658,7,5
1659,7,5
1660,7,5
1661,7,5
1662,7,5
1663,7,4
1664,7,4
1665,7,4
1666,7,5
1667,7,3
1668,7,1
1669,7,4
1670,7,2
1671,7,4
1672,7,2
1673,7,2
1674,7,3
1675,7,4
1676,7,4
1677,7,5
1678,7,5
1679,7,5
1680,7,5
1681,7,5
1682,7,5
1683,7,5
1684,7,5
1685,7,4
1686,7,5
1687,7,4
1688,7,5
1689,7,4
1690,7,4
1691,7,3
1692,7,5
1693,7,5
1694,7,5
1695,7,2
1696,7,5
1697,7,2
1698,7,3
1699,7,4
1700,7,5
1701,7,4
1702,7,5
1703,7,5
1704,7,1
1705,7,4
1706,7,2
1707,7,4
1708,7,3
1709,7,4
1710,7,1
1711,7,1
1712,7,4
1713,7,5
1714,7,1
1715,7,4
1716,7,5
1717,7,5
1718,7,5
1719,7,5
1720,7,4
1721,7,5
1722,7,5
1723,7,4
1724,7,4
1725,7,5
1726,7,5
1727,7,4
1728,7,5
1729,7,5
1730,7,5
1731,7,5
1732,7,3
1733,7,3
1734,7,4
1735,7,5
1736,7,5
1737,7,4
1738,7,4
1739,7,4
1740,7,5
1741,7,5
1742,7,4
1743,7,4
1744,7,5
1745,7,4
1746,7,4
1747,7,4
1748,7,5
1749,7,4
1750,7,4
1751,7,5
1752,7,4
1753,7,4
1754,7,4
1755,7,3
1756,7,5
1757,7,5
1758,7,5
1759,7,5
1760,7,5
1761,7,5
1762,7,4
1763,7,4
1764,7,4
1765,7,5
1766,7,5
1767,7,5
1768,7,4
1769,7,4
1770,7,5
1771,7,5
1772,7,4
1773,7,5
1774,7,3
1775,7,5
1776,7,5
1777,7,3
1778,7,4
1779,7,1
1780,7,4
1781,7,4
1782,7,5
1783,7,3
1784,7,5
1785,7,4
1786,7,4
1787,7,2
1788,7,4
1789,7,5
1790,7,5
1791,7,5
1792,7,5
1793,7,5
1794,7,5
1795,7,5
1796,7,5
1797,7,4
1798,7,5
1799,7,5
1800,7,5
1801,7,4
1802,7,5
1803,7,4
1804,7,5
1805,7,4
1806,7,5
1807,7,4
1808,7,5
1809,7,5
1810,7,4
1811,7,4
1812,7,5
1813,7,4
1814,7,4
1815,7,4
1816,7,4
1817,7,3
1818,7,2
1819,7,5
1820,7,5
1821,7,4
1822,7,4
1823,7,5
1824,7,4
1825,7,5
1826,7,5
1827,7,5
1828,7,3
1829,7,5
1830,7,5
1831,7,5
1832,7,4
1833,7,4
1834,7,5
1835,7,5
1836,7,5
1837,7,3
1838,7,2
1839,7,4
1840,7,3
1841,7,2
1842,7,2
1843,7,4
1844,7,4
1845,7,5
1846,7,4
1847,7,4
1848,7,5
1849,7,2
1850,7,3
1851,7,4
1852,7,4
1853,7,5
1854,7,4
1855,7,3
1856,7,4
1857,7,3
1858,7,4
1859,7,1
1860,7,4
1861,7,4
1862,7,5
1863,7,5
1864,7,5
1865,7,4
1866,7,5
1867,7,5
1868,7,4
1869,7,5
1870,7,5
1871,7,5
1872,7,4
1873,7,5
1874,7,4
1875,7,5
1876,7,4
1877,7,5
1878,7,4
1879,7,3
1880,7,3
1881,7,5
1882,7,5
1883,7,3
1884,7,1
1885,7,4
1886,7,5
1887,7,2
1888,7,3
1889,7,3
1890,7,4
1891,7,4
1892,7,3
1893,7,4
1894,7,4
1895,7,4
1896,7,5
1897,7,1
1898,7,4
1899,7,3
1900,7,5
1901,7,4
1902,7,3
1903,7,3
1904,7,5
1905,7,4
1906,7,5
1907,7,5
1908,7,5
1909,7,5
1910,7,5
1911,7,5
1912,7,5
1913,7,4
1914,7,5
1915,7,5
1916,7,5
1917,7,5
1918,7,5
1919,7,5
1920,7,4
1921,7,5
1922,7,5
1923,7,5
1924,7,3
1925,7,4
1926,7,2
1927,7,2
1928,7,5
1929,7,4
1930,7,4
1931,7,4
1932,7,4
1933,7,1
1934,7,2
1935,7,4
1936,7,5
1937,7,2
1938,7,2
1939,7,4
1940,7,4
1941,7,3
1942,7,2
1943,7,4
1944,7,4
1945,7,5
1946,7,5
1947,7,5
1948,7,5
1949,7,4
1950,7,3
1951,7,5
1952,7,5
1953,7,3
1954,7,5
1955,7,5
1956,7,5
1957,7,5
1958,7,5
1959,7,5
1960,7,5
1961,7,5
1962,7,5
1963,7,5
1964,7,5
1965,7,5
1966,7,5
1967,7,5
1968,7,4
1969,7,4
1970,7,5
1971,7,2
1972,7,5
1973,7,5
1974,7,5
1975,7,4
1976,7,4
1977,7,4
1978,7,4
1979,7,5
1980,7,3
1981,7,4
1982,7,4
1983,7,4
1984,7,4
1985,7,3
1986,7,5
1987,7,4
1988,7,5
1989,7,3
1990,7,5
1991,7,4
1992,7,5
1993,7,3
1994,7,5
1995,7,5
1996,7,5
1997,7,5
1998,7,3
1999,7,4
2000,7,5
2001,7,5
2002,7,5
2003,7,3
2004,7,4
2005,7,5
2006,7,4
2007,7,4
2008,7,4
2009,7,4
2010,7,5
2011,7,5
2012,7,4
2013,7,4
2014,7,3
2015,7,5
2016,7,4
2017,7,4
2018,7,2
2019,7,5
2020,7,4
2021,7,4
2022,7,5
2023,7,5
2024,7,5
2025,7,5
2026,7,5
2027,7,4
2028,7,4
2029,7,4
2030,7,5
2031,7,5
2032,7,5
2033,7,5
2034,7,5
2035,7,5
2036,7,3
2037,7,4
2038,7,5
2039,7,4
2040,7,4
2041,7,5
2042,7,4
2043,7,5
2044,7,5
2045,7,5
2046,7,4
2047,7,5
2048,7,4
2049,7,5
2050,7,4
2051,7,2
2052,7,4
2053,7,5
2054,7,3
2055,7,5
2056,7,5
2057,7,4
2058,7,4
2059,7,2
2060,7,4
2061,7,4
2062,7,4
2063,7,3
2064,7,1
2065,7,1
2066,7,2
2067,7,5
2068,7,2
2069,7,4
2070,7,2
2071,7,4
2072,7,5
2073,7,5
2074,7,4
2075,7,4
2076,7,5
2077,7,5
2078,7,4
2079,7,4
2080,7,5
2081,7,5
2082,7,5
2083,7,4
2084,7,4
2085,7,5
2086,7,5
2087,7,5
2088,7,5
2089,7,5
2090,7,5
2091,7,4
2092,7,4
2093,7,3
2094,7,1
2095,7,2
2096,7,3
2097,7,5
2098,7,5
2099,7,5
2100,7,4
2101,7,4
2102,7,4
2103,7,3
2104,7,3
2105,7,5
2106,7,5
2107,7,2
2108,7,4
2109,7,5
2110,7,5
2111,7,4
2112,7,4
2113,7,5
2114,7,4
2115,7,5
2116,7,4
2117,7,5
2118,7,5
2119,7,4
2120,7,4
2121,7,5
2122,7,4
2123,7,5
2124,7,5
2125,7,5
2126,7,5
2127,7,5
2128,7,5
2129,7,4
2130,7,2
2131,7,4
2132,7,5
2133,7,2
2134,7,1
2135,7,2
2136,7,5
2137,7,4
2138,7,2
2139,7,5
2140,7,5
2141,7,4
2142,7,5
2143,7,5
2144,7,5
2145,7,3
2146,7,5
2147,7,5
2148,7,5
2149,7,5
2150,7,5
2151,7,5
2152,7,5
2153,7,5
2154,7,5
2155,7,5
2156,7,5
2157,7,4
2158,7,4
2159,7,5
2160,7,4
2161,7,2
2162,7,5
2163,7,4
2164,7,4
2165,7,3
2166,7,4
2167,7,5
2168,7,2
2169,7,2
2170,7,4
2171,7,5
2172,7,2
2173,7,5
2174,7,2
2175,7,2
2176,7,4
2177,7,5
2178,7,4
2179,7,5
2180,7,4
2181,7,5
2182,7,5
2183,7,4
2184,7,5
2185,7,5
2186,7,5
2187,7,5
2188,7,5
2189,7,4
2190,7,1
2191,7,3
2192,7,5
2193,7,3
2194,7,5
2195,7,4
2196,7,2
2197,7,4
2198,7,4
2199,7,5
2200,7,5
2201,7,4
2202,7,4
2203,7,4
2204,7,5
2205,7,1
2206,7,2
2207,7,3
2208,7,4
2209,7,4
2210,7,5
2211,7,4
2212,7,5
2213,7,5
2214,7,5
2215,7,4
2216,7,5
2217,7,5
2218,7,5
2219,7,5
2220,7,5
2221,7,5
2222,7,5
2223,7,5
2224,7,5
2225,7,5
2226,7,5
2227,7,5
2228,7,5
2229,7,5
2230,7,4
2231,7,4
2232,7,4
2233,7,5
2234,7,4
2235,7,4
2236,7,2
2237,7,4
2238,7,2
2239,7,5
2240,7,4
2241,7,2
2242,7,2
2243,7,4
2244,7,4
2245,7,2
2246,7,5
2247,7,5
2248,7,5
2249,7,3
2250,7,5
2251,7,5
2252,7,5
2253,7,5
2254,7,4
2255,7,4
2256,7,5
2257,7,5
2258,7,5
2259,7,3
2260,7,4
2261,7,1
2262,7,4
2263,7,4
2264,7,3
2265,7,2
2266,7,1
2267,7,4
2268,7,1
2269,7,1
2270,7,1
2271,7,3
2272,7,1
2273,7,4
2274,7,4
2275,7,4
2276,7,4
2277,7,4
2278,7,1
2279,7,2
2280,7,3
2281,7,5
2282,7,2
2283,7,5
2284,7,4
2285,7,1
2286,7,3
2287,7,4
2288,7,4
2289,7,4
2290,7,1
2291,7,3
2292,7,4
2293,7,5
2294,7,4
2295,7,1
2296,7,1
2297,7,1
2298,7,1
2299,7,4
2300,7,5
2301,7,1
2302,7,3
2303,7,3
2304,7,1
2305,7,1
2306,7,1
2307,7,5
2308,7,4
2309,7,5
2310,7,4
2311,7,5
2312,7,4
2313,7,2
2314,7,4
2315,7,4
2316,7,5
2317,7,4
2318,7,4
2319,7,3
2320,7,4
2321,7,5
2322,7,3
2323,7,3
2324,7,3
2325,7,3
2326,7,4
2327,7,4
2328,7,5
2329,7,3
2330,7,1
2331,7,1
2332,7,3
2333,7,3
2334,7,2
2335,7,4
2336,7,3
2337,7,1
2338,7,1
2339,7,4
2340,7,4
2341,7,2
2342,7,4
2343,7,4
2344,7,5
2345,7,4
2346,7,5
2347,7,3
2348,7,3
2349,7,2
2350,7,1
2351,7,5
2352,7,3
2353,7,1
2354,7,3
2355,7,4
2356,7,1
2357,7,3
2358,7,4
2359,7,3
2360,7,2
2361,7,5
2362,7,5
2363,7,4
2364,7,3
2365,7,5
2366,7,1
2367,7,1
2368,7,5
2369,7,4
2370,7,2
2371,7,4
2372,7,1
2373,7,1
2374,7,4
2375,7,2
2376,7,5
2377,7,1
2378,7,1
2379,7,1
2380,7,4
2381,7,1
2382,7,1
2383,7,1
2384,7,5
2385,7,2
2386,7,2
2387,7,3
2388,7,5
2389,7,5
2390,7,5
2391,7,5
2392,7,3
2393,7,4
2394,7,5
2395,7,5
2396,7,3
2397,7,4
2398,7,4
2399,7,1
2400,7,4
2401,7,5
2402,7,4
2403,7,5
2404,7,5
2405,7,2
2406,7,1
2407,7,3
2408,7,1
2409,7,4
2410,7,5
2411,7,3
2412,7,4
2413,7,5
2414,7,4
2415,7,4
2416,7,4
2417,7,1
2418,7,4
2419,7,1
2420,7,3
2421,7,5
2422,7,1
2423,7,2
2424,7,3
2425,7,5
2426,7,1
2427,7,3
2428,7,1
2429,7,4
2430,7,2
2431,7,4
2432,7,4
2433,7,4
2434,7,1
2435,7,1
2436,7,4
2437,7,4
2438,7,2
2439,7,1
2440,7,1
2441,7,1
2442,7,3
2443,7,5
2444,7,1
2445,7,3
2446,7,5
2447,7,4
2448,7,4
2449,7,2
2450,7,5
2451,7,4
2452,7,3
2453,7,3
2454,7,2
2455,7,4
2456,7,2
2457,7,3
2458,7,1
2459,7,1
2460,7,1
2461,7,1
2462,7,1
2463,7,1
2464,7,1
2465,7,1
2466,7,2
2467,7,1
2468,7,5
2469,7,1
2470,7,4
2471,7,1
2472,7,2
2473,7,5
2474,7,4
2475,7,2
2476,7,4
2477,7,5
2478,7,3
2479,7,5
2480,7,4
2481,7,3
2482,7,4
2483,7,3
2484,7,2
2485,7,1
2486,7,5
2487,7,3
2488,7,1
2489,7,1
2490,7,1
2491,7,3
2492,7,2
2493,7,1
2494,7,1
2495,7,1
2496,7,1
2497,7,2
2498,7,1
2499,7,3
2500,7,3
2501,7,5
2502,7,4
2503,7,3
2504,7,4
2505,7,4
2506,7,3
2507,7,5
2508,7,1
2509,7,4
2510,7,3
2511,7,3
2512,7,5
2513,7,4
2514,7,3
2515,7,5
2516,7,5
2517,7,5
2518,7,5
2519,7,4
2520,7,1
2521,7,4
2522,7,3
2523,7,4
2524,7,4
2525,7,1
2526,7,1
2527,7,5
2528,7,2
2529,7,4
2530,7,1
2531,7,5
2532,7,4
2533,7,2
2534,7,1
2535,7,5
2536,7,5
2537,7,4
2538,7,2
2539,7,3
2540,7,5
2541,7,3
2542,7,4
2543,7,1
2544,7,3
2545,7,5
2546,7,1
2547,7,5
2548,7,5
2549,7,2
2550,7,3
2551,7,4
2552,7,1
2553,7,4
2554,7,1
2555,7,4
2556,7,4
2557,7,5
2558,7,1
2559,7,1
2560,7,4
2561,7,1
2562,7,5
2563,7,1
2564,7,4
2565,7,1
2566,7,2
2567,7,3
2568,7,3
2569,7,1
2570,7,3
2571,7,5
2572,7,4
2573,7,3
2574,7,3
2575,7,4
2576,7,4
2577,7,1
2578,7,2
2579,7,4
2580,7,3
2581,7,3
2582,7,5
2583,7,1
2584,7,1
2585,7,4
2586,7,4
2587,7,4
2588,7,4
2589,7,4
2590,7,4
2591,7,5
2592,7,3
2593,7,1
2594,7,2
2595,7,1
2596,7,1
2597,7,2
2598,7,3
2599,7,1
2600,7,4
2601,7,1
2602,7,3
2603,7,5
2604,7,1
2605,7,4
2606,7,4
2607,7,3
2608,7,3
2609,7,3
2610,7,5
2611,7,5
2612,7,5
2613,7,1
2614,7,4
2615,7,5
2616,7,4
2617,7,3
2618,7,3
2619,7,4
2620,7,4
2621,7,5
2622,7,4
2623,7,1
2624,7,1
2625,7,4
2626,7,4
2627,7,4
2628,7,5
2629,7,5
2630,7,1
2631,7,1
2632,7,1
2633,7,1
2634,7,1
2635,7,1
2636,7,1
2637,7,2
2638,7,1
2639,7,3
2640,7,3
2641,7,5
2642,7,5
2643,7,4
2644,7,5
2645,7,5
2646,7,5
2647,7,4
2648,7,2
2649,7,4
2650,7,2
2651,7,5
2652,7,3
2653,7,1
2654,7,3
2655,7,4
2656,7,1
2657,7,4
2658,7,5
2659,7,3
2660,7,1
2661,7,1
2662,7,1
2663,7,1
2664,7,5
2665,7,1
2666,7,1
2667,7,2
2668,7,1
2669,7,5
2670,7,5
2671,7,3
2672,7,5
2673,7,1
2674,7,4
2675,7,5
2676,7,3
2677,7,5
2678,7,3
2679,7,3
2680,7,5
2681,7,5
2682,7,1
2683,7,4
2684,7,3
2685,7,2
2686,7,5
2687,7,3
2688,7,5
2689,7,3
2690,7,1
2691,7,1
2692,7,2
2693,7,5
2694,7,1
2695,7,3
2696,7,4
2697,7,1
2698,7,5
2699,7,4
2700,7,1
2701,7,1
2702,7,1
2703,7,5
2704,7,5
2705,7,3
2706,7,5
2707,7,4
2708,7,5
2709,7,4
2710,7,5
2711,7,4
2712,7,4
2713,7,1
2714,7,5
2715,7,3
2716,7,4
2717,7,5
2718,7,3
2719,7,5
2720,7,5
2721,7,5
2722,7,5
2723,7,1
2724,7,5
2725,7,2
2726,7,5
2727,7,5
2728,7,1
2729,7,2
2730,7,1
2731,7,1
2732,7,3
2733,7,2
2734,7,2
2735,7,5
2736,7,1
2737,7,5
2738,7,4
2739,7,5
2740,7,5
2741,7,4
2742,7,5
2743,7,4
2744,7,4
2745,7,1
2746,7,4
2747,7,2
2748,7,5
2749,7,3
2750,7,5
2751,7,1
2752,7,5
2753,7,4
2754,7,2
2755,7,4
2756,7,5
2757,7,4
2758,7,3
2759,7,1
2760,7,1
2761,7,1
2762,7,1
2763,7,4
2764,7,4
2765,7,3
2766,7,1
2767,7,1
2768,7,4
2769,7,1
2770,7,3
2771,7,1
2772,7,1
2773,7,2
2774,7,5
2775,7,1
2776,7,5
2777,7,2
2778,7,5
2779,7,4
2780,7,5
2781,7,5
2782,7,4
2783,7,1
2784,7,1
2785,7,3
2786,7,3
2787,7,5
2788,7,3
2789,7,4
2790,7,1
2791,7,5
2792,7,1
2793,7,3
2794,7,2
2795,7,1
2796,7,1
2797,7,4
2798,7,3
2799,7,1
2800,7,2
2801,7,1
2802,7,4
2803,7,4
2804,7,5
2805,7,4
2806,7,1
2807,7,4
2808,7,4
2809,7,4
2810,7,2
2811,7,5
2812,7,5
2813,7,5
2814,7,5
2815,7,3
2816,7,5
2817,7,5
2818,7,2
2819,7,5
2820,7,5
2821,7,5
2822,7,5
2823,7,4
2824,7,5
2825,7,5
2826,7,4
2827,7,1
2828,7,1
2829,7,4
2830,7,1
2831,7,1
2832,7,1
2833,7,1
2834,7,1
2835,7,4
2836,7,4
2837,7,1
2838,7,1
2839,7,4
2840,7,4
2841,7,3
2842,7,5
2843,7,4
2844,7,5
2845,7,1
2846,7,4
2847,7,5
2848,7,4
2849,7,5
2850,7,4
2851,7,5
2852,7,5
2853,7,3
2854,7,4
2855,7,4
2856,7,5
2857,7,5
2858,7,2
2859,7,4
2860,7,5
2861,7,4
2862,7,4
2863,7,1
2864,7,1
2865,7,1
2866,7,4
2867,7,2
2868,7,2
2869,7,1
2870,7,2
2871,7,3
2872,7,5
2873,7,5
2874,7,1
2875,7,3
2876,7,3
2877,7,4
2878,7,4
2879,7,4
2880,7,4
2881,7,5
2882,7,4
2883,7,4
2884,7,2
2885,7,5
2886,7,3
2887,7,5
2888,7,5
2889,7,3
2890,7,5
2891,7,2
2892,7,4
2893,7,3
2894,7,1
2895,7,5
2896,7,1
2897,7,4
2898,7,1
2899,7,3
2900,7,5
2901,7,4
2902,7,1
2903,7,1
2904,7,1
2905,7,1
2906,7,1
2907,7,2
2908,7,1
2909,7,1
2910,7,2
2911,7,4
2912,7,4
2913,7,5
2914,7,3
2915,7,3
2916,7,4
2917,7,4
2918,7,5
2919,7,4
2920,7,5
2921,7,4
2922,7,5
2923,7,1
2924,7,4
2925,7,3
2926,7,4
2927,7,1
2928,7,3
2929,7,5
2930,7,5
2931,7,3
2932,7,5
2933,7,3
2934,7,5
2935,7,3
2936,7,2
2937,7,4
2938,7,5
2939,7,4
2940,7,1
2941,7,3
2942,7,1
2943,7,2
2944,7,3
2945,7,3
2946,7,4
2947,7,1
2948,7,1
2949,7,5
2950,7,1
2951,7,1
2952,7,4
2953,7,1
2954,7,4
2955,7,3
2956,7,4
2957,7,4
2958,7,5
2959,7,5
2960,7,4
2961,7,3
2962,7,5
2963,7,5
2964,7,1
2965,7,5
2966,7,2
2967,7,3
2968,7,5
2969,7,5
2970,7,4
2971,7,4
2972,7,5
2973,7,3
2974,7,5
2975,7,1
2976,7,5
2977,7,1
2978,7,2
2979,7,4
2980,7,1
2981,7,1
2982,7,1
2983,7,2
2984,7,1
2985,7,1
2986,7,3
2987,7,3
2988,7,2
2989,7,4
2990,7,2
2991,7,3
2992,7,5
2993,7,4
2994,7,1
2995,7,4
2996,7,3
2997,7,5
2998,7,2
2999,7,5
3000,7,5
3001,7,4
3002,7,5
3003,7,3
3004,7,3
3005,7,5
3006,7,1
3007,7,5
3008,7,1
3009,7,4
3010,7,2
3011,7,1
3012,7,1
3013,7,4
3014,7,1
3015,7,1
3016,7,5
3017,7,5
3018,7,4
3019,7,5
3020,7,5
3021,7,5
3022,7,5
3023,7,4
3024,7,3
3025,7,3
3026,7,5
3027,7,3
3028,7,5
3029,7,4
3030,7,3
3031,7,5
3032,7,5
3033,7,1
3034,7,5
3035,7,5
3036,7,1
3037,7,4
3038,7,2
3039,7,1
3040,7,1
3041,7,4
3042,7,5
3043,7,3
3044,7,2
3045,7,1
3046,7,1
3047,7,4
3048,7,1
3049,7,4
3050,7,1
3051,7,3
3052,7,4
3053,7,3
3054,7,1
3055,7,2
3056,7,4
3057,7,5
3058,7,1
3059,7,5
3060,7,4
3061,7,4
3062,7,1
3063,7,3
3064,7,4
3065,7,5
3066,7,5
3067,7,3
3068,7,3
3069,7,1
3070,7,4
3071,7,5
3072,7,3
3073,7,5
3074,7,2
3075,7,1
3076,7,4
3077,7,3
3078,7,4
3079,7,3
3080,7,3
3081,7,4
3082,7,4
3083,7,3
3084,7,3
3085,7,1
3086,7,1
3087,7,3
3088,7,2
3089,7,1
3090,7,1
3091,7,1
3092,7,5
3093,7,5
3094,7,1
3095,7,3
3096,7,1
3097,7,3
3098,7,3
3099,7,2
3100,7,4
3101,7,5
3102,7,4
3103,7,3
3104,7,5
3105,7,4
3106,7,2
3107,7,5
3108,7,5
3109,7,4
3110,7,4
3111,7,5
3112,7,4
3113,7,5
3114,7,5
3115,7,5
3116,7,5
3117,7,5
3118,7,2
3119,7,5
3120,7,3
3121,7,1
3122,7,5
3123,7,4
3124,7,1
3125,7,4
3126,7,3
3127,7,4
3128,7,1
3129,7,5
3130,7,1
3131,7,4
3132,7,1
3133,7,1
3134,7,1
3135,7,1
3136,7,4
3137,7,1
3138,7,1
3139,7,1
3140,7,5
3141,7,5
3142,7,5
3143,7,1
3144,7,1
3145,7,1
3146,7,4
3147,7,5
3148,7,5
3149,7,5
3150,7,5
3151,7,3
3152,7,4
3153,7,4
3154,7,3
3155,7,5
3156,7,5
3157,7,4
3158,7,3
3159,7,5
3160,7,5
3161,7,5
3162,7,5
3163,7,1
3164,7,4
3165,7,4
3166,7,5
3167,7,1
3168,7,5
3169,7,4
3170,7,1
3171,7,4
3172,7,4
3173,7,2
3174,7,1
3175,7,1
3176,7,5
3177,7,3
3178,7,4
3179,7,5
3180,7,3
3181,7,2
3182,7,4
3183,7,2
3184,7,5
3185,7,3
3186,7,4
3187,7,5
3188,7,4
3189,7,5
3190,7,5
3191,7,5
3192,7,4
3193,7,5
3194,7,3
3195,7,5
3196,7,4
3197,7,4
3198,7,5
3199,7,5
3200,7,5
3201,7,5
3202,7,5
3203,7,1
3204,7,5
3205,7,1
3206,7,5
3207,7,3
3208,7,1
3209,7,3
3210,7,4
3211,7,2
3212,7,5
3213,7,4
3214,7,1
3215,7,4
3216,7,1
3217,7,4
3218,7,1
3219,7,1
3220,7,4
3221,7,2
3222,7,3
3223,7,4
3224,7,2
3225,7,3
3226,7,5
3227,7,5
3228,7,4
3229,7,4
3230,7,4
3231,7,3
3232,7,2
3233,7,5
3234,7,5
3235,7,3
3236,7,2
3237,7,3
3238,7,5
3239,7,4
3240,7,5
3241,7,1
3242,7,5
3243,7,3
3244,7,5
3245,7,5
3246,7,4
3247,7,1
3248,7,1
3249,7,2
3250,7,1
3251,7,1
3252,7,1
3253,7,1
3254,7,5
3255,7,1
3256,7,5
3257,7,3
3258,7,5
3259,7,4
3260,7,4
3261,7,2
3262,7,2
3263,7,5
3264,7,4
3265,7,3
3266,7,2
3267,7,5
3268,7,2
3269,7,5
3270,7,4
3271,7,5
3272,7,4
3273,7,5
3274,7,3
3275,7,5
3276,7,4
3277,7,5
3278,7,4
3279,7,4
3280,7,4
3281,7,3
3282,7,4
3283,7,1
3284,7,4
3285,7,2
3286,7,2
3287,7,4
3288,7,4
3289,7,1
3290,7,3
3291,7,2
3292,7,2
3293,7,1
3294,7,4
3295,7,1
3296,7,2
3297,7,4
3298,7,2
3299,7,1
3300,7,4
3301,7,5
3302,7,5
3303,7,1
3304,7,4
3305,7,3
3306,7,4
3307,7,3
3308,7,4
3309,7,5
3310,7,4
3311,7,4
3312,7,4
3313,7,5
3314,7,4
3315,7,1
3316,7,1
3317,7,1
3318,7,1
3319,7,4
3320,7,4
3321,7,5
3322,7,5
3323,7,4
3324,7,1
3325,7,1
3326,7,1
3327,7,2
3328,7,1
3329,7,1
3330,7,1
3331,7,1
3332,7,2
3333,7,1
3334,7,1
3335,7,1
3336,7,4
3337,7,3
3338,7,1
3339,7,3
3340,7,1
3341,7,4
3342,7,4
3343,7,4
3344,7,4
3345,7,3
3346,7,3
3347,7,5
3348,7,3
3349,7,5
3350,7,4
3351,7,3
3352,7,4
3353,7,2
3354,7,5
3355,7,1
3356,7,1
3357,7,4
3358,7,4
3359,7,4
3360,7,1
3361,7,1
3362,7,5
3363,7,1
3364,7,1
3365,7,1
3366,7,1
3367,7,4
3368,7,2
3369,7,4
3370,7,1
3371,7,1
3372,7,2
3373,7,1
3374,7,1
3375,7,5
3376,7,3
3377,7,5
3378,7,5
3379,7,3
3380,7,5
3381,7,2
3382,7,5
3383,7,5
3384,7,3
3385,7,3
3386,7,5
3387,7,4
3388,7,5
3389,7,3
3390,7,2
3391,7,1
3392,7,1
3393,7,1
3394,7,1
3395,7,1
3396,7,3
3397,7,3
3398,7,3
3399,7,1
3400,7,5
3401,7,2
3402,7,1
3403,7,2
3404,7,3
3405,7,5
3406,7,3
3407,7,1
3408,7,1
3409,7,2
3410,7,4
3411,7,3
3412,7,3
3413,7,3
3414,7,5
3415,7,5
3416,7,3
3417,7,2
3418,7,5
3419,7,5
3420,7,5
3421,7,1
3422,7,5
3423,7,5
3424,7,2
3425,7,4
3426,7,4
3427,7,5
3428,7,5
3429,7,2
3430,7,4
3431,7,5
3432,7,4
3433,7,1
3434,7,1
3435,7,5
3436,7,4
3437,7,1
3438,7,1
3439,7,3
3440,7,1
3441,7,4
3442,7,5
3443,7,3
3444,7,3
3445,7,1
3446,7,4
3447,7,5
3448,7,5
3449,7,5
3450,7,2
3451,7,4
3452,7,5
3453,7,4
3454,7,1
3455,7,4
3456,7,3
3457,7,1
3458,7,2
3459,7,5
3460,7,4
3461,7,5
3462,7,5
3463,7,1
3464,7,4
3465,7,1
3466,7,4
3467,7,2
3468,7,3
3469,7,2
3470,7,3
3471,7,5
3472,7,3
3473,7,1
3474,7,3
3475,7,1
3476,7,2
3477,7,1
3478,7,1
3479,7,4
3480,7,5
3481,7,1
3482,7,3
3483,7,5
3484,7,4
3485,7,1
3486,7,4
3487,7,3
3488,7,1
3489,7,3
3490,7,4
3491,7,5
3492,7,4
3493,7,4
3494,7,5
3495,7,5
3496,7,4
3497,7,3
3498,7,5
3499,7,5
3500,7,4
3501,7,3
3502,7,5
3503,7,3
3504,7,1
3505,7,1
3506,7,4
3507,7,3
3508,7,5
3509,7,1
3510,7,4
3511,7,1
3512,7,4
3513,7,1
3514,7,3
3515,7,4
3516,7,1
3517,7,1
3518,7,1
3519,7,1
3520,7,4
3521,7,1
3522,7,5
3523,7,2
3524,7,1
3525,7,1
3526,7,1
3527,7,4
3528,7,5
3529,7,2
3530,7,3
3531,7,3
3532,7,4
3533,7,5
3534,7,4
3535,7,4
3536,7,5
3537,7,3
3538,7,5
3539,7,2
3540,7,1
3541,7,4
3542,7,5
3543,7,1
3544,7,4
3545,7,5
3546,7,2
3547,7,1
3548,7,1
3549,7,3
3550,7,1
3551,7,2
3552,7,1
3553,7,3
3554,7,1
3555,7,4
3556,7,4
3557,7,3
3558,7,5
3559,7,3
3560,7,5
3561,7,5
3562,7,5
3563,7,4
3564,7,3
3565,7,4
3566,7,5
3567,7,5
3568,7,3
3569,7,4
3570,7,5
3571,7,2
3572,7,5
3573,7,4
3574,7,1
3575,7,3
3576,7,5
3577,7,4
3578,7,3
3579,7,3
3580,7,5
3581,7,3
3582,7,4
3583,7,1
3584,7,4
3585,7,1
3586,7,5
3587,7,4
3588,7,3
3589,7,1
3590,7,1
3591,7,4
3592,7,5
3593,7,3
3594,7,5
3595,7,5
3596,7,3
3597,7,4
3598,7,5
3599,7,4
3600,7,3
3601,7,5
3602,7,5
3603,7,5
3604,7,2
3605,7,3
3606,7,4
3607,7,5
3608,7,2
3609,7,4
3610,7,4
3611,7,2
3612,7,4
3613,7,1
3614,7,2
3615,7,5
3616,7,1
3617,7,1
3618,7,1
3619,7,1
3620,7,1
3621,7,4
3622,7,4
3623,7,5
3624,7,5
3625,7,4
3626,7,3
3627,7,1
3628,7,5
3629,7,3
3630,7,5
3631,7,5
3632,7,5
3633,7,3
3634,7,2
3635,7,4
3636,7,3
3637,7,1
3638,7,3
3639,7,3
3640,7,1
3641,7,4
3642,7,5
3643,7,2
3644,7,1
3645,7,3
3646,7,5
3647,7,1
3648,7,4
3649,7,3
3650,7,2
3651,7,3
3652,7,1
3653,7,3
3654,7,1
3655,7,3
3656,7,1
3657,7,5
3658,7,3
3659,7,5
3660,7,4
3661,7,3
3662,7,5
3663,7,3
3664,7,4
3665,7,5
3666,7,5
3667,7,5
3668,7,5
3669,7,4
3670,7,3
3671,7,3
3672,7,5
3673,7,5
3674,7,3
3675,7,4
3676,7,5
3677,7,3
3678,7,5
3679,7,3
3680,7,2
3681,7,4
3682,7,4
3683,7,1
3684,7,4
3685,7,5
3686,7,1
3687,7,1
3688,7,1
3689,7,2
3690,7,1
3691,7,1
3692,7,2
3693,7,5
3694,7,5
3695,7,5
3696,7,4
3697,7,3
3698,7,3
3699,7,5
3700,7,4
3701,7,5
3702,7,4
3703,7,2
3704,7,3
3705,7,5
3706,7,1
3707,7,3
3708,7,4
3709,7,5
3710,7,1
3711,7,1
3712,7,1
3713,7,4
3714,7,5
3715,7,4
3716,7,4
3717,7,5
3718,7,4
3719,7,4
3720,7,1
3721,7,1
3722,7,3
3723,7,1
3724,7,4
3725,7,2
3726,7,1
3727,7,2
3728,7,4
3729,7,1
3730,7,1
3731,7,1
3732,7,1
3733,7,3
3734,7,5
3735,7,4
3736,7,5
3737,7,4
3738,7,3
3739,7,3
3740,7,4
3741,7,5
3742,7,5
3743,7,4
3744,7,5
3745,7,4
3746,7,4
3747,7,3
3748,7,5
3749,7,5
3750,7,3
3751,7,4
3752,7,4
3753,7,4
3754,7,3
3755,7,2
3756,7,1
3757,7,5
3758,7,1
3759,7,1
3760,7,2
3761,7,4
3762,7,4
3763,7,4
3764,7,1
3765,7,4
3766,7,1
3767,7,4
3768,7,4
3769,7,4
3770,7,1
3771,7,4
3772,7,2
3773,7,2
3774,7,4
3775,7,1
3776,7,4
3777,7,4
3778,7,5
3779,7,2
3780,7,5
3781,7,4
3782,7,2
3783,7,5
3784,7,1
3785,7,1
3786,7,3
3787,7,2
3788,7,4
3789,7,5
3790,7,1
3791,7,1
3792,7,1
3793,7,4
3794,7,5
3795,7,1
3796,7,1
3797,7,1
3798,7,1
3799,7,2
3800,7,1
3801,7,4
3802,7,4
3803,7,1
3804,7,4
3805,7,5
3806,7,5
3807,7,5
3808,7,3
3809,7,1
3810,7,5
3811,7,1
3812,7,3
3813,7,3
3814,7,5
3815,7,5
3816,7,5
3817,7,5
3818,7,5
3819,7,5
3820,7,4
3821,7,5
3822,7,3
3823,7,1
3824,7,5
3825,7,4
3826,7,4
3827,7,1
3828,7,4
3829,7,5
3830,7,5
3831,7,5
3832,7,1
3833,7,4
3834,7,1
3835,7,1
3836,7,5
3837,7,5
3838,7,4
3839,7,5
3840,7,2
3841,7,4
3842,7,2
3843,7,1
3844,7,4
3845,7,3
3846,7,2
3847,7,5
3848,7,5
3849,7,4
3850,7,2
3851,7,3
3852,7,4
3853,7,5
3854,7,3
3855,7,2
3856,7,4
3857,7,5
3858,7,2
3859,7,4
3860,7,4
3861,7,1
3862,7,2
3863,7,4
3864,7,2
3865,7,4
3866,7,1
3867,7,4
3868,7,1
3869,7,5
3870,7,5
3871,7,3
3872,7,1
3873,7,4
3874,7,4
3875,7,3
3876,7,5
3877,7,4
3878,7,5
3879,7,5
3880,7,4
3881,7,5
3882,7,4
3883,7,2
3884,7,5
3885,7,5
3886,7,1
3887,7,1
3888,7,3
3889,7,4
3890,7,4
3891,7,2
3892,7,3
3893,7,1
3894,7,4
3895,7,3
3896,7,4
3897,7,2
3898,7,1
3899,7,4
3900,7,1
3901,7,4
3902,7,4
3903,7,5
3904,7,4
3905,7,4
3906,7,5
3907,7,5
3908,7,5
3909,7,4
3910,7,3
3911,7,5
3912,7,4
3913,7,4
3914,7,5
3915,7,1
3916,7,5
3917,7,5
3918,7,3
3919,7,4
3920,7,4
3921,7,1
3922,7,4
3923,7,5
3924,7,4
3925,7,1
3926,7,1
3927,7,3
3928,7,5
3929,7,1
3930,7,1
3931,7,3
3932,7,3
3933,7,1
3934,7,4
3935,7,3
3936,7,4
3937,7,3
3938,7,3
3939,7,5
3940,7,5
3941,7,3
3942,7,5
3943,7,3
3944,7,1
3945,7,4
3946,7,1
3947,7,4
3948,7,5
3949,7,5
3950,7,3
3951,7,2
3952,7,4
3953,7,5
3954,7,3
3955,7,1
3956,7,2
3957,7,4
3958,7,1
3959,7,2
3960,7,1
3961,7,3
3962,7,1
3963,7,3
3964,7,1
3965,7,4
3966,7,5
3967,7,3
3968,7,3
3969,7,4
3970,7,5
3971,7,4
3972,7,5
3973,7,1
3974,7,4
3975,7,5
3976,7,4
3977,7,3
3978,7,3
3979,7,1
3980,7,5
3981,7,5
3982,7,1
3983,7,2
3984,7,3
3985,7,1
3986,7,1
3987,7,4
3988,7,1
3989,7,1
3990,7,4
3991,7,5
3992,7,5
3993,7,1
3994,7,3
3995,7,1
3996,7,4
3997,7,2
3998,7,1
3999,7,4
4000,7,1
4001,7,1
4002,7,1
4003,7,1
4004,7,2
4005,7,1
4006,7,2
4007,7,3
4008,7,4
4009,7,4
4010,7,5
4011,7,3
4012,7,1
4013,7,4
4014,7,3
4015,7,4
4016,7,5
4017,7,2
4018,7,4
4019,7,5
4020,7,3
4021,7,5
4022,7,5
4023,7,1
4024,7,1
4025,7,1
4026,7,2
4027,7,3
4028,7,2
4029,7,4
4030,7,5
4031,7,2
4032,7,2
4033,7,4
4034,7,4
4035,7,4
4036,7,4
4037,7,3
4038,7,3
4039,7,4
4040,7,1
4041,7,3
4042,7,1
4043,7,4
4044,7,1
4045,7,3
4046,7,4
4047,7,3
4048,7,3
4049,7,4
4050,7,1
4051,7,3
4052,7,4
4053,7,5
4054,7,5
4055,7,2
4056,7,3
4057,7,3
4058,7,5
4059,7,3
4060,7,4
4061,7,5
4062,7,4
4063,7,4
4064,7,1
4065,7,2
4066,7,4
4067,7,4
4068,7,1
4069,7,1
4070,7,3
4071,7,1
4072,7,1
4073,7,5
4074,7,2
4075,7,5
4076,7,5
4077,7,4
4078,7,5
4079,7,4
4080,7,3
4081,7,4
4082,7,2
4083,7,5
4084,7,4
4085,7,3
4086,7,5
4087,7,5
4088,7,4
4089,7,3
4090,7,4
4091,7,4
4092,7,1
4093,7,1
4094,7,2
4095,7,4
4096,7,4
4097,7,1
4098,7,2
4099,7,4
4100,7,1
4101,7,1
4102,7,5
4103,7,1
4104,7,5
4105,7,1
4106,7,4
4107,7,5
4108,7,5
4109,7,4
4110,7,3
4111,7,5
4112,7,5
4113,7,1
4114,7,3
4115,7,4
4116,7,3
4117,7,4
4118,7,1
4119,7,5
4120,7,5
4121,7,5
4122,7,3
4123,7,5
4124,7,5
4125,7,4
4126,7,1
4127,7,1
4128,7,1
4129,7,5
4130,7,3
4131,7,4
4132,7,5
4133,7,4
4134,7,1
4135,7,1
4136,7,5
4137,7,3
4138,7,3
4139,7,4
4140,7,3
4141,7,3
4142,7,5
4143,7,3
4144,7,4
4145,7,4
4146,7,5
4147,7,1
4148,7,5
4149,7,1
4150,7,1
4151,7,1
4152,7,5
4153,7,3
4154,7,5
4155,7,5
4156,7,1
4157,7,5
4158,7,4
4159,7,3
4160,7,3
4161,7,4
4162,7,3
4163,7,4
4164,7,3
4165,7,5
4166,7,4
4167,7,5
4168,7,3
4169,7,4
4170,7,3
4171,7,5
4172,7,4
4173,7,3
4174,7,2
4175,7,1
4176,7,1
4177,7,3
4178,7,2
4179,7,1
4180,7,2
4181,7,4
4182,7,1
4183,7,1
4184,7,2
4185,7,1
4186,7,2
4187,7,1
4188,7,4
4189,7,4
4190,7,1
4191,7,5
4192,7,4
4193,7,3
4194,7,4
4195,7,3
4196,7,3
4197,7,3
4198,7,4
4199,7,5
4200,7,5
4201,7,4
4202,7,4
4203,7,5
4204,7,2
4205,7,1
4206,7,1
4207,7,1
4208,7,4
4209,7,1
4210,7,4
4211,7,4
4212,7,1
4213,7,1
4214,7,1
4215,7,1
4216,7,4
4217,7,2
4218,7,1
4219,7,1
4220,7,3
4221,7,5
4222,7,4
4223,7,4
4224,7,5
4225,7,4
4226,7,5
4227,7,5
4228,7,4
4229,7,4
4230,7,5
4231,7,4
4232,7,5
4233,7,3
4234,7,5
4235,7,5
4236,7,1
4237,7,3
4238,7,3
4239,7,1
4240,7,4
4241,7,3
4242,7,1
4243,7,4
4244,7,1
4245,7,4
4246,7,1
4247,7,4
4248,7,5
4249,7,1
4250,7,1
4251,7,4
4252,7,1
4253,7,1
4254,7,4
4255,7,2
4256,7,1
4257,7,4
4258,7,2
4259,7,1
4260,7,2
4261,7,3
4262,7,5
4263,7,5
4264,7,4
4265,7,5
4266,7,5
4267,7,5
4268,7,4
4269,7,5
4270,7,5
4271,7,3
4272,7,5
4273,7,3
4274,7,3
4275,7,4
4276,7,5
4277,7,2
4278,7,1
4279,7,3
4280,7,1
4281,7,5
4282,7,5
4283,7,4
4284,7,4
4285,7,4
4286,7,1
4287,7,1
4288,7,1
4289,7,1
4290,7,1
4291,7,3
4292,7,4
4293,7,4
4294,7,4
4295,7,4
4296,7,5
4297,7,4
4298,7,3
4299,7,4
4300,7,1
4301,7,5
4302,7,3
4303,7,5
4304,7,5
4305,7,5
4306,7,1
4307,7,3
4308,7,1
4309,7,1
4310,7,5
4311,7,4
4312,7,4
4313,7,4
4314,7,4
4315,7,5
4316,7,1
4317,7,1
4318,7,4
4319,7,1
4320,7,3
4321,7,1
4322,7,1
4323,7,1
4324,7,2
4325,7,5
4326,7,3
4327,7,4
4328,7,5
4329,7,4
4330,7,3
4331,7,1
4332,7,5
4333,7,4
4334,7,4
4335,7,3
4336,7,4
4337,7,4
4338,7,5
4339,7,2
4340,7,1
4341,7,1
4342,7,4
4343,7,3
4344,7,4
4345,7,3
4346,7,4
4347,7,1
4348,7,4
4349,7,5
4350,7,4
4351,7,5
4352,7,3
4353,7,4
4354,7,1
4355,7,2
4356,7,1
4357,7,4
4358,7,4
4359,7,5
4360,7,4
4361,7,1
4362,7,1
4363,7,1
4364,7,1
4365,7,4
4366,7,4
4367,7,1
4368,7,3
4369,7,5
4370,7,2
4371,7,1
4372,7,3
4373,7,5
4374,7,3
4375,7,1
4376,7,5
4377,7,3
4378,7,1
4379,7,5
4380,7,3
4381,7,5
4382,7,5
4383,7,4
4384,7,1
4385,7,4
4386,7,1
4387,7,5
4388,7,4
4389,7,5
4390,7,3
4391,7,4
4392,7,2
4393,7,1
4394,7,2
4395,7,1
4396,7,1
4397,7,3
4398,7,3
4399,7,1
4400,7,1
4401,7,1
4402,7,1
4403,7,1
4404,7,5
4405,7,5
4406,7,3
4407,7,1
4408,7,5
4409,7,4
4410,7,5
4411,7,4
4412,7,2
4413,7,5
4414,7,3
4415,7,5
4416,7,5
4417,7,3
4418,7,3
4419,7,5
4420,7,2
4421,7,4
4422,7,4
4423,7,1
4424,7,1
4425,7,4
4426,7,1
4427,7,1
4428,7,3
4429,7,4
4430,7,4
4431,7,5
4432,7,4
4433,7,1
4434,7,1
4435,7,1
4436,7,3
4437,7,1
4438,7,1
4439,7,3
4440,7,1
4441,7,5
4442,7,2
4443,7,4
4444,7,4
4445,7,5
4446,7,5
4447,7,1
4448,7,4
4449,7,5
4450,7,4
4451,7,4
4452,7,1
4453,7,4
4454,7,5
4455,7,5
4456,7,3
4457,7,4
4458,7,3
4459,7,4
4460,7,5
4461,7,3
4462,7,3
4463,7,1
4464,7,5
4465,7,1
4466,7,3
4467,7,1
4468,7,1
4469,7,1
4470,7,1
4471,7,5
4472,7,1
4473,7,2
4474,7,1
4475,7,1
4476,7,5
4477,7,1
4478,7,1
4479,7,3
4480,7,4
4481,7,2
4482,7,4
4483,7,4
4484,7,2
4485,7,4
4486,7,4
4487,7,5
4488,7,4
4489,7,5
4490,7,4
4491,7,4
4492,7,3
4493,7,5
4494,7,4
4495,7,3
4496,7,3
4497,7,5
4498,7,5
4499,7,5
4500,7,5
4501,7,4
4502,7,3
4503,7,5
4504,7,4
4505,7,3
4506,7,2
4507,7,4
4508,7,4
4509,7,1
4510,7,5
4511,7,3
4512,7,1
4513,7,3
4514,7,4
4515,7,5
4516,7,4
4517,7,4
4518,7,1
4519,7,1
4520,7,1
4521,7,3
4522,7,1
4523,7,3
4524,7,3
4525,7,1
4526,7,1
4527,7,1
4528,7,4
4529,7,2
4530,7,5
4531,7,4
4532,7,1
4533,7,3
4534,7,5
4535,7,4
4536,7,5
4537,7,5
4538,7,5
4539,7,4
4540,7,2
4541,7,3
4542,7,5
4543,7,5
4544,7,5
4545,7,4
4546,7,1
4547,7,5
4548,7,4
4549,7,4
4550,7,5
4551,7,4
4552,7,5
4553,7,4
4554,7,3
4555,7,1
4556,7,1
4557,7,1
4558,7,1
4559,7,1
4560,7,1
4561,7,1
4562,7,4
4563,7,5
4564,7,5
4565,7,3
4566,7,2
4567,7,5
4568,7,4
4569,7,5
4570,7,5
4571,7,5
4572,7,3
4573,7,5
4574,7,5
4575,7,4
4576,7,3
4577,7,5
4578,7,5
4579,7,5
4580,7,5
4581,7,4
4582,7,1
4583,7,5
4584,7,5
4585,7,2
4586,7,1
4587,7,1
4588,7,3
4589,7,2
4590,7,2
4591,7,1
4592,7,1
4593,7,4
4594,7,1
4595,7,1
4596,7,4
4597,7,5
4598,7,5
4599,7,3
4600,7,5
4601,7,3
4602,7,5
4603,7,5
4604,7,5
4605,7,5
4606,7,1
4607,7,3
4608,7,5
4609,7,3
4610,7,2
4611,7,5
4612,7,5
4613,7,1
4614,7,1
4615,7,5
4616,7,1
4617,7,5
4618,7,4
4619,7,4
4620,7,3
4621,7,4
4622,7,1
4623,7,1
4624,7,1
4625,7,4
4626,7,3
4627,7,4
4628,7,2
4629,7,5
4630,7,3
4631,7,3
4632,7,3
4633,7,5
4634,7,3
4635,7,5
4636,7,4
4637,7,3
4638,7,3
4639,7,5
4640,7,4
4641,7,5
4642,7,5
4643,7,3
4644,7,1
4645,7,5
4646,7,5
4647,7,2
4648,7,2
4649,7,4
4650,7,1
4651,7,4
4652,7,5
4653,7,3
4654,7,2
4655,7,4
4656,7,1
4657,7,5
4658,7,4
4659,7,5
4660,7,1
4661,7,1
4662,7,1
4663,7,2
4664,7,1
4665,7,4
4666,7,5
4667,7,4
4668,7,4
4669,7,4
4670,7,3
4671,7,4
4672,7,5
4673,7,2
4674,7,3
4675,7,5
4676,7,4
4677,7,4
4678,7,3
4679,7,3
4680,7,3
4681,7,4
4682,7,4
4683,7,4
4684,7,3
4685,7,2
4686,7,4
4687,7,3
4688,7,1
4689,7,3
4690,7,4
4691,7,2
4692,7,2
4693,7,4
4694,7,1
4695,7,5
4696,7,5
4697,7,1
4698,7,5
4699,7,2
4700,7,3
4701,7,1
4702,7,1
4703,7,1
4704,7,4
4705,7,5
4706,7,1
4707,7,1
4708,7,3
4709,7,1
4710,7,5
4711,7,4
4712,7,5
4713,7,5
4714,7,4
4715,7,4
4716,7,3
4717,7,5
4718,7,4
4719,7,5
4720,7,5
4721,7,4
4722,7,4
4723,7,5
4724,7,4
4725,7,3
4726,7,4
4727,7,1
4728,7,2
4729,7,5
4730,7,4
4731,7,4
4732,7,2
4733,7,1
4734,7,3
4735,7,1
4736,7,2
4737,7,1
4738,7,2
4739,7,2
4740,7,1
4741,7,3
4742,7,4
4743,7,3
4744,7,5
4745,7,3
4746,7,3
4747,7,3
4748,7,5
4749,7,4
4750,7,5
4751,7,4
4752,7,5
4753,7,3
4754,7,5
4755,7,3
4756,7,4
4757,7,5
4758,7,4
4759,7,1
4760,7,3
4761,7,4
4762,7,5
4763,7,1
4764,7,3
4765,7,4
4766,7,5
4767,7,3
4768,7,1
4769,7,1
4770,7,1
4771,7,1
4772,7,4
4773,7,1
4774,7,1
4775,7,4
4776,7,1
4777,7,1
4778,7,5
4779,7,1
4780,7,3
4781,7,3
4782,7,5
4783,7,5
4784,7,5
4785,7,2
4786,7,4
4787,7,5
4788,7,4
4789,7,2
4790,7,5
4791,7,5
4792,7,3
4793,7,4
4794,7,2
4795,7,5
4796,7,1
4797,7,3
4798,7,4
4799,7,5
4800,7,4
4801,7,3
4802,7,4
4803,7,4
4804,7,4
4805,7,5
4806,7,3
4807,7,5
4808,7,3
4809,7,1
4810,7,1
4811,7,1
4812,7,2
4813,7,5
4814,7,3
4815,7,1
4816,7,1
4817,7,3
4818,7,4
4819,7,4
4820,7,3
4821,7,2
4822,7,4
4823,7,3
4824,7,5
4825,7,4
4826,7,5
4827,7,1
4828,7,2
4829,7,4
4830,7,3
4831,7,5
4832,7,5
4833,7,5
4834,7,5
4835,7,3
4836,7,5
4837,7,1
4838,7,1
4839,7,5
4840,7,5
4841,7,1
4842,7,5
4843,7,1
4844,7,4
4845,7,5
4846,7,3
4847,7,2
4848,7,3
4849,7,1
4850,7,1
4851,7,1
4852,7,4
4853,7,4
4854,7,2
4855,7,3
4856,7,4
4857,7,3
4858,7,1
4859,7,1
4860,7,1
4861,7,1
4862,7,3
4863,7,3
4864,7,5
4865,7,2
4866,7,5
4867,7,5
4868,7,3
4869,7,3
4870,7,4
4871,7,4
4872,7,4
4873,7,5
4874,7,4
4875,7,5
4876,7,5
4877,7,3
4878,7,4
4879,7,4
4880,7,5
4881,7,5
4882,7,4
4883,7,1
4884,7,5
4885,7,4
4886,7,5
4887,7,1
4888,7,1
4889,7,1
4890,7,2
4891,7,1
4892,7,2
4893,7,3
4894,7,3
4895,7,5
4896,7,1
4897,7,5
4898,7,5
4899,7,3
4900,7,3
4901,7,3
4902,7,5
4903,7,4
4904,7,5
4905,7,1
4906,7,5
4907,7,3
4908,7,5
4909,7,5
4910,7,1
4911,7,1
4912,7,3
4913,7,2
4914,7,1
4915,7,1
4916,7,1
4917,7,1
4918,7,5
4919,7,1
4920,7,2
4921,7,3
4922,7,4
4923,7,4
4924,7,1
4925,7,5
4926,7,4
4927,7,5
4928,7,3
4929,7,5
4930,7,4
4931,7,3
4932,7,4
4933,7,5
4934,7,4
4935,7,4
4936,7,3
4937,7,2
4938,7,5
4939,7,4
4940,7,5
4941,7,3
4942,7,1
4943,7,2
4944,7,2
4945,7,1
4946,7,1
4947,7,5
4948,7,1
4949,7,1
4950,7,5
4951,7,3
4952,7,1
4953,7,1
4954,7,1
4955,7,5
4956,7,4
4957,7,5
4958,7,1
4959,7,4
4960,7,4
4961,7,3
4962,7,1
4963,7,5
4964,7,3
4965,7,3
4966,7,5
4967,7,5
4968,7,4
4969,7,1
4970,7,2
4971,7,4
4972,7,5
4973,7,5
4974,7,2
4975,7,3
4976,7,5
4977,7,4
4978,7,1
4979,7,2
4980,7,1
4981,7,1
4982,7,4
4983,7,1
4984,7,2
4985,7,1
4986,7,1
4987,7,3
4988,7,1
4989,7,3
4990,7,1
4991,7,4
4992,7,1
4993,7,5
4994,7,2
4995,7,3
4996,7,3
4997,7,4
4998,7,3
4999,7,2
5000,7,5
5001,7,1
5002,7,5
5003,7,5
5004,7,4
5005,7,4
5006,7,1
5007,7,1
5008,7,3
5009,7,1
5010,7,3
5011,7,5
5012,7,1
5013,7,3
5014,7,4
5015,7,1
5016,7,4
5017,7,5
5018,7,1
5019,7,1
5020,7,1
5021,7,1
5022,7,1
5023,7,5
5024,7,4
5025,7,5
5026,7,5
5027,7,4
5028,7,4
5029,7,4
5030,7,5
5031,7,3
5032,7,5
5033,7,1
5034,7,4
5035,7,4
5036,7,3
5037,7,5
5038,7,5
5039,7,4
5040,7,1
5041,7,1
5042,7,1
5043,7,1
5044,7,1
5045,7,3
5046,7,5
5047,7,2
5048,7,5
5049,7,3
5050,7,1
5051,7,3
5052,7,1
5053,7,4
5054,7,3
5055,7,1
5056,7,2
5057,7,1
5058,7,4
5059,7,5
5060,7,2
5061,7,1
5062,7,1
5063,7,1
5064,7,4
5065,7,5
5066,7,5
5067,7,5
5068,7,5
5069,7,3
5070,7,1
5071,7,5
5072,7,4
5073,7,3
5074,7,5
5075,7,3
5076,7,5
5077,7,5
5078,7,5
5079,7,2
5080,7,2
5081,7,4
5082,7,5
5083,7,1
5084,7,3
5085,7,5
5086,7,3
5087,7,3
5088,7,3
5089,7,5
5090,7,2
5091,7,1
5092,7,4
5093,7,2
5094,7,2
5095,7,1
5096,7,1
5097,7,1
5098,7,1
5099,7,5
5100,7,2
5101,7,5
5102,7,3
5103,7,5
5104,7,5
5105,7,3
5106,7,4
5107,7,5
5108,7,5
5109,7,3
5110,7,4
5111,7,4
5112,7,5
5113,7,1
5114,7,5
5115,7,4
5116,7,1
5117,7,4
5118,7,5
5119,7,4
5120,7,5
5121,7,4
5122,7,3
5123,7,4
5124,7,4
5125,7,1
5126,7,1
5127,7,1
5128,7,2
5129,7,4
5130,7,1
5131,7,1
5132,7,4
5133,7,1
5134,7,1
5135,7,3
5136,7,4
5137,7,4
5138,7,4
5139,7,4
5140,7,1
5141,7,5
5142,7,4
5143,7,3
5144,7,3
5145,7,2
5146,7,1
5147,7,3
5148,7,4
5149,7,5
5150,7,3
5151,7,2
5152,7,5
5153,7,5
5154,7,4
5155,7,4
5156,7,1
5157,7,1
5158,7,4
5159,7,1
5160,7,2
5161,7,2
5162,7,5
5163,7,3
5164,7,2
5165,7,1
5166,7,1
5167,7,4
5168,7,4
5169,7,5
5170,7,5
5171,7,4
5172,7,5
5173,7,5
5174,7,2
5175,7,3
5176,7,3
5177,7,4
5178,7,5
5179,7,5
5180,7,3
5181,7,4
5182,7,5
5183,7,3
5184,7,5
5185,7,4
5186,7,3
5187,7,4
5188,7,5
5189,7,3
5190,7,3
5191,7,5
5192,7,4
5193,7,1
5194,7,4
5195,7,1
5196,7,1
5197,7,5
5198,7,3
5199,7,5
5200,7,4
5201,7,4
5202,7,2
5203,7,3
5204,7,1
5205,7,1
5206,7,1
5207,7,1
5208,7,4
5209,7,4
5210,7,3
5211,7,4
5212,7,5
5213,7,2
5214,7,5
5215,7,2
5216,7,3
5217,7,5
5218,7,5
5219,7,3
5220,7,4
5221,7,4
5222,7,3
5223,7,3
5224,7,3
5225,7,3
5226,7,5
5227,7,2
5228,7,5
5229,7,1
5230,7,4
5231,7,2
5232,7,4
5233,7,5
5234,7,4
5235,7,3
5236,7,5
5237,7,4
5238,7,1
5239,7,3
5240,7,2
5241,7,3
5242,7,1
5243,7,4
5244,7,3
5245,7,1
5246,7,4
5247,7,1
5248,7,1
5249,7,1
5250,7,1
5251,7,3
5252,7,3
5253,7,5
5254,7,2
5255,7,5
5256,7,5
5257,7,3
5258,7,3
5259,7,5
5260,7,5
5261,7,3
5262,7,3
5263,7,3
5264,7,1
5265,7,1
5266,7,1
5267,7,1
5268,7,4
5269,7,3
5270,7,3
5271,7,1
5272,7,2
5273,7,5
5274,7,2
5275,7,1
5276,7,5
5277,7,4
5278,7,5
5279,7,2
5280,7,5
5281,7,2
5282,7,3
5283,7,5
5284,7,4
5285,7,4
5286,7,4
5287,7,4
5288,7,5
5289,7,5
5290,7,5
5291,7,3
5292,7,4
5293,7,5
5294,7,5
5295,7,5
5296,7,5
5297,7,4
5298,7,1
5299,7,5
5300,7,4
5301,7,1
5302,7,1
5303,7,1
5304,7,3
5305,7,1
5306,7,1
5307,7,2
5308,7,2
5309,7,1
5310,7,4
5311,7,5
5312,7,5
5313,7,4
5314,7,5
5315,7,4
5316,7,5
5317,7,3
5318,7,5
5319,7,5
5320,7,4
5321,7,5
5322,7,4
5323,7,1
5324,7,4
5325,7,3
5326,7,1
5327,7,4
5328,7,1
5329,7,3
5330,7,4
5331,7,1
5332,7,4
5333,7,1
5334,7,1
5335,7,5
5336,7,1
5337,7,1
5338,7,5
5339,7,4
5340,7,4
5341,7,3
5342,7,5
5343,7,5
5344,7,5
5345,7,4
5346,7,4
5347,7,3
5348,7,3
5349,7,5
5350,7,5
5351,7,5
5352,7,4
5353,7,4
5354,7,4
5355,7,2
5356,7,1
5357,7,4
5358,7,1
5359,7,2
5360,7,1
5361,7,1
5362,7,3
5363,7,4
5364,7,3
5365,7,5
5366,7,5
5367,7,5
5368,7,5
5369,7,4
5370,7,1
5371,7,3
5372,7,5
5373,7,4
5374,7,3
5375,7,4
5376,7,3
5377,7,4
5378,7,5
5379,7,4
5380,7,5
5381,7,4
5382,7,2
5383,7,1
5384,7,3
5385,7,1
5386,7,3
5387,7,5
5388,7,1
5389,7,4
5390,7,2
5391,7,1
5392,7,4
5393,7,4
5394,7,1
5395,7,1
5396,7,4
5397,7,3
5398,7,5
5399,7,5
5400,7,3
5401,7,3
5402,7,5
5403,7,4
5404,7,5
5405,7,3
5406,7,3
5407,7,3
5408,7,5
5409,7,2
5410,7,4
5411,7,4
5412,7,1
5413,7,1
5414,7,4
5415,7,1
5416,7,1
5417,7,1
5418,7,1
5419,7,1
5420,7,2
5421,7,5
5422,7,5
5423,7,2
5424,7,5
5425,7,3
5426,7,5
5427,7,4
5428,7,3
5429,7,3
5430,7,3
5431,7,5
5432,7,5
5433,7,5
5434,7,4
5435,7,5
5436,7,5
5437,7,2
5438,7,4
5439,7,5
5440,7,1
5441,7,4
5442,7,4
5443,7,4
5444,7,3
5445,7,2
5446,7,1
5447,7,5
5448,7,3
5449,7,3
5450,7,2
5451,7,1
5452,7,1
5453,7,1
5454,7,1
5455,7,2
5456,7,1
5457,7,1
5458,7,2
5459,7,1
5460,7,4
5461,7,4
5462,7,3
5463,7,4
5464,7,5
5465,7,4
5466,7,5
5467,7,2
5468,7,2
5469,7,2
5470,7,5
5471,7,3
5472,7,3
5473,7,4
5474,7,2
5475,7,1
5476,7,3
5477,7,2
5478,7,1
5479,7,4
5480,7,4
5481,7,1
5482,7,3
5483,7,1
5484,7,4
5485,7,1
5486,7,1
5487,7,5
5488,7,1
5489,7,1
5490,7,2
5491,7,1
5492,7,1
5493,7,4
5494,7,4
5495,7,3
5496,7,1
5497,7,5
5498,7,5
5499,7,5
5500,7,3
5501,7,3
5502,7,5
5503,7,3
5504,7,4
5505,7,5
5506,7,1
5507,7,3
5508,7,2
5509,7,3
5510,7,4
5511,7,1
5512,7,4
5513,7,1
5514,7,4
5515,7,5
5516,7,1
5517,7,4
5518,7,3
5519,7,2
5520,7,5
5521,7,1
5522,7,4
5523,7,1
5524,7,5
5525,7,4
5526,7,5
5527,7,3
5528,7,5
5529,7,4
5530,7,5
5531,7,5
5532,7,4
5533,7,4
5534,7,4
5535,7,3
5536,7,4
5537,7,5
5538,7,5
5539,7,5
5540,7,5
5541,7,4
5542,7,4
5543,7,5
5544,7,5
5545,7,1
5546,7,1
5547,7,1
5548,7,4
5549,7,5
5550,7,5
5551,7,3
5552,7,5
5553,7,1
5554,7,4
5555,7,1
5556,7,1
5557,7,4
5558,7,2
5559,7,5
5560,7,1
5561,7,1
5562,7,4
5563,7,5
5564,7,2
5565,7,1
5566,7,5
5567,7,1
5568,7,4
5569,7,4
5570,7,5
5571,7,3
5572,7,5
5573,7,3
5574,7,5
5575,7,4
5576,7,4
5577,7,4
5578,7,4
5579,7,5
5580,7,5
5581,7,5
5582,7,3
5583,7,5
5584,7,4
5585,7,3
5586,7,5
5587,7,1
5588,7,1
5589,7,4
5590,7,4
5591,7,4
5592,7,3
5593,7,1
5594,7,4
5595,7,1
5596,7,1
5597,7,1
5598,7,1
5599,7,5
5600,7,1
5601,7,3
5602,7,5
5603,7,5
5604,7,5
5605,7,4
5606,7,3
5607,7,4
5608,7,2
5609,7,5
5610,7,1
5611,7,4
5612,7,5
5613,7,5
5614,7,3
5615,7,2
5616,7,5
5617,7,1
5618,7,5
5619,7,4
5620,7,5
5621,7,1
5622,7,2
5623,7,1
5624,7,5
5625,7,5
5626,7,2
5627,7,1
5628,7,3
5629,7,4
5630,7,5
5631,7,3
5632,7,1
5633,7,4
5634,7,5
5635,7,4
5636,7,5
5637,7,5
5638,7,4
5639,7,4
5640,7,5
5641,7,5
5642,7,5
5643,7,2
5644,7,5
5645,7,5
5646,7,5
5647,7,5
5648,7,2
5649,7,4
5650,7,4
5651,7,2
5652,7,3
5653,7,4
5654,7,4
5655,7,4
5656,7,3
5657,7,4
5658,7,5
5659,7,3
5660,7,1
5661,7,1
5662,7,4
5663,7,4
5664,7,1
5665,7,5
5666,7,2
5667,7,1
5668,7,1
5669,7,2
5670,7,1
5671,7,4
5672,7,5
5673,7,5
5674,7,5
5675,7,5
5676,7,4
5677,7,1
5678,7,4
5679,7,4
5680,7,3
5681,7,5
5682,7,3
5683,7,5
5684,7,4
5685,7,2
5686,7,5
5687,7,4
5688,7,5
5689,7,1
5690,7,4
5691,7,1
5692,7,3
5693,7,3
5694,7,1
5695,7,2
5696,7,5
5697,7,1
5698,7,1
5699,7,5
5700,7,5
5701,7,5
5702,7,1
5703,7,5
5704,7,1
5705,7,5
5706,7,1
5707,7,4
5708,7,1
5709,7,1
5710,7,1
5711,7,3
5712,7,3
5713,7,3
5714,7,3
5715,7,4
5716,7,5
5717,7,3
5718,7,5
5719,7,1
5720,7,1
5721,7,1
5722,7,3
5723,7,4
5724,7,1
5725,7,3
5726,7,1
5727,7,3
5728,7,3
5729,7,1
5730,7,3
5731,7,4
5732,7,4
5733,7,3
5734,7,3
5735,7,4
5736,7,5
5737,7,1
5738,7,2
5739,7,5
5740,7,1
5741,7,3
5742,7,2
5743,7,1
5744,7,2
5745,7,2
5746,7,3
5747,7,4
5748,7,5
5749,7,4
5750,7,4
5751,7,5
5752,7,2
5753,7,5
5754,7,1
5755,7,3
5756,7,3
5757,7,5
5758,7,4
5759,7,5
5760,7,2
5761,7,4
5762,7,4
5763,7,5
5764,7,5
5765,7,2
5766,7,5
5767,7,4
5768,7,3
5769,7,4
5770,7,5
5771,7,2
5772,7,3
5773,7,3
5774,7,1
5775,7,4
5776,7,1
5777,7,5
5778,7,1
5779,7,2
5780,7,3
5781,7,4
5782,7,5
5783,7,5
5784,7,5
5785,7,5
5786,7,2
5787,7,5
5788,7,3
5789,7,5
5790,7,4
5791,7,3
5792,7,5
5793,7,5
5794,7,3
5795,7,4
5796,7,5
5797,7,5
5798,7,4
5799,7,5
5800,7,1
5801,7,2
5802,7,5
5803,7,1
5804,7,4
5805,7,1
5806,7,1
5807,7,1
5808,7,1
5809,7,1
5810,7,1
5811,7,1
5812,7,2
5813,7,1
5814,7,1
5815,7,5
5816,7,2
5817,7,5
5818,7,5
5819,7,2
5820,7,4
5821,7,4
5822,7,3
5823,7,5
5824,7,5
5825,7,4
5826,7,3
5827,7,3
5828,7,5
5829,7,2
5830,7,4
5831,7,5
5832,7,1
5833,7,2
5834,7,3
5835,7,4
5836,7,4
5837,7,1
5838,7,2
5839,7,1
5840,7,2
5841,7,5
5842,7,1
5843,7,1
5844,7,4
5845,7,5
5846,7,5
5847,7,4
5848,7,3
5849,7,5
5850,7,5
5851,7,2
5852,7,3
5853,7,3
5854,7,5
5855,7,1
5856,7,5
5857,7,4
5858,7,4
5859,7,5
5860,7,4
5861,7,5
5862,7,3
5863,7,4
5864,7,1
5865,7,5
5866,7,4
5867,7,1
5868,7,5
5869,7,5
5870,7,4
5871,7,1
5872,7,5
5873,7,1
5874,7,4
5875,7,1
5876,7,5
5877,7,5
5878,7,2
5879,7,4
5880,7,1
5881,7,1
5882,7,1
5883,7,1
5884,7,4
5885,7,1
5886,7,1
5887,7,1
5888,7,1
5889,7,3
5890,7,1
5891,7,2
5892,7,4
5893,7,2
5894,7,1
5895,7,1
5896,7,1
5897,7,1
5898,7,4
5899,7,5
5900,7,4
5901,7,4
5902,7,4
5903,7,3
5904,7,5
5905,7,4
5906,7,3
5907,7,5
5908,7,4
5909,7,4
5910,7,4
5911,7,5
5912,7,3
5913,7,4
5914,7,5
5915,7,4
5916,7,5
5917,7,5
5918,7,4
5919,7,4
5920,7,1
5921,7,3
5922,7,4
5923,7,1
5924,7,3
5925,7,5
5926,7,1
5927,7,1
5928,7,1
5929,7,2
5930,7,1
5931,7,2
5932,7,1
5933,7,2
5934,7,1
5935,7,2
5936,7,1
5937,7,1
5938,7,2
5939,7,4
5940,7,4
5941,7,1
5942,7,5
5943,7,3
5944,7,3
5945,7,2
5946,7,5
5947,7,5
5948,7,4
5949,7,4
5950,7,3
5951,7,3
5952,7,3
5953,7,2
5954,7,4
5955,7,4
5956,7,1
5957,7,5
5958,7,5
5959,7,1
5960,7,4
5961,7,3
5962,7,3
5963,7,4
5964,7,2
5965,7,5
5966,7,1
5967,7,1
5968,7,1
5969,7,4
5970,7,2
5971,7,2
5972,7,5
5973,7,1
5974,7,5
5975,7,3
5976,7,5
5977,7,5
5978,7,3
5979,7,3
5980,7,3
5981,7,5
5982,7,5
5983,7,4
5984,7,4
5985,7,4
5986,7,5
5987,7,3
5988,7,2
5989,7,1
5990,7,5
5991,7,4
5992,7,1
5993,7,1
5994,7,3
5995,7,5
5996,7,1
5997,7,4
5998,7,3
5999,7,1
6000,7,4
6001,7,4
6002,7,5
6003,7,1
6004,7,2
6005,7,1
6006,7,4
6007,7,1
6008,7,3
6009,7,4
6010,7,4
6011,7,4
6012,7,5
6013,7,5
6014,7,3
6015,7,5
6016,7,5
6017,7,4
6018,7,5
6019,7,2
6020,7,4
6021,7,4
6022,7,1
6023,7,3
6024,7,1
6025,7,4
6026,7,3
6027,7,1
6028,7,1
6029,7,1
6030,7,4
6031,7,4
6032,7,1
6033,7,1
6034,7,3
6035,7,3
6036,7,3
6037,7,5
6038,7,3
6039,7,4
6040,7,5
6041,7,4
6042,7,5
6043,7,2
6044,7,3
6045,7,4
6046,7,2
6047,7,3
6048,7,4
6049,7,5
6050,7,3
6051,7,4
6052,7,1
6053,7,1
6054,7,1
6055,7,5
6056,7,1
6057,7,5
6058,7,2
6059,7,5
6060,7,1
6061,7,1
6062,7,1
6063,7,1
6064,7,5
6065,7,4
6066,7,3
6067,7,5
6068,7,5
6069,7,3
6070,7,5
6071,7,3
6072,7,5
6073,7,5
6074,7,5
6075,7,3
6076,7,3
6077,7,4
6078,7,5
6079,7,1
6080,7,5
6081,7,3
6082,7,3
6083,7,1
6084,7,1
6085,7,5
6086,7,3
6087,7,3
6088,7,5
6089,7,1
6090,7,4
6091,7,1
6092,7,1
6093,7,1
6094,7,1
6095,7,4
6096,7,2
6097,7,1
6098,7,1
6099,7,5
6100,7,3
6101,7,1
6102,7,3
6103,7,2
6104,7,3
6105,7,5
6106,7,4
6107,7,2
6108,7,4
6109,7,3
6110,7,4
6111,7,4
6112,7,5
6113,7,5
6114,7,3
6115,7,5
6116,7,3
6117,7,5
6118,7,5
6119,7,5
6120,7,5
6121,7,3
6122,7,1
6123,7,4
6124,7,5
6125,7,4
6126,7,3
6127,7,5
6128,7,4
6129,7,5
6130,7,1
6131,7,4
6132,7,1
6133,7,3
6134,7,3
6135,7,3
6136,7,1
6137,7,3
6138,7,1
6139,7,4
6140,7,1
6141,7,5
6142,7,4
6143,7,5
6144,7,5
6145,7,2
6146,7,5
6147,7,2
6148,7,3
6149,7,5
6150,7,3
6151,7,2
6152,7,5
6153,7,5
6154,7,3
6155,7,2
6156,7,5
6157,7,4
6158,7,4
6159,7,4
6160,7,4
6161,7,1
6162,7,5
6163,7,4
6164,7,2
6165,7,3
6166,7,3
6167,7,1
6168,7,4
6169,7,4
6170,7,4
6171,7,2
6172,7,4
6173,7,1
6174,7,1
6175,7,1
6176,7,1
6177,7,1
6178,7,2
6179,7,5
6180,7,5
6181,7,5
6182,7,3
6183,7,4
6184,7,4
6185,7,1
6186,7,5
6187,7,5
6188,7,4
6189,7,1
6190,7,4
6191,7,5
6192,7,3
6193,7,3
6194,7,1
6195,7,4
6196,7,3
6197,7,1
6198,7,1
6199,7,5
6200,7,1
6201,7,2
6202,7,3
6203,7,4
6204,7,3
6205,7,3
6206,7,5
6207,7,1
6208,7,5
6209,7,1
6210,7,1
6211,7,5
6212,7,1
6213,7,1
6214,7,3
6215,7,4
6216,7,2
6217,7,4
6218,7,1
6219,7,4
6220,7,5
6221,7,5
6222,7,4
6223,7,5
6224,7,5
6225,7,4
6226,7,5
6227,7,4
6228,7,5
6229,7,4
6230,7,4
6231,7,3
6232,7,4
6233,7,3
6234,7,3
6235,7,3
6236,7,5
6237,7,3
6238,7,3
6239,7,1
6240,7,5
6241,7,3
6242,7,4
6243,7,1
6244,7,1
6245,7,5
6246,7,4
6247,7,1
6248,7,1
6249,7,4
6250,7,2
6251,7,1
6252,7,3
6253,7,1
6254,7,1
6255,7,1
6256,7,1
6257,7,1
6258,7,4
6259,7,3
6260,7,4
6261,7,5
6262,7,4
6263,7,5
6264,7,4
6265,7,5
6266,7,5
6267,7,5
6268,7,4
6269,7,5
6270,7,3
6271,7,5
6272,7,3
6273,7,5
6274,7,2
6275,7,5
6276,7,3
6277,7,4
6278,7,4
6279,7,4
6280,7,1
6281,7,2
6282,7,1
6283,7,2
6284,7,2
6285,7,4
6286,7,4
6287,7,4
6288,7,4
6289,7,5
6290,7,5
6291,7,4
6292,7,4
6293,7,4
6294,7,5
6295,7,3
6296,7,5
6297,7,4
6298,7,5
6299,7,4
6300,7,5
6301,7,1
6302,7,5
6303,7,3
6304,7,3
6305,7,5
6306,7,1
6307,7,3
6308,7,1
6309,7,1
6310,7,4
6311,7,5
6312,7,4
6313,7,5
6314,7,5
6315,7,1
6316,7,5
6317,7,4
6318,7,1
6319,7,1
6320,7,5
6321,7,1
6322,7,3
6323,7,5
6324,7,1
6325,7,5
6326,7,4
6327,7,4
6328,7,4
6329,7,4
6330,7,4
6331,7,4
6332,7,2
6333,7,5
6334,7,4
6335,7,5
6336,7,5
6337,7,5
6338,7,4
6339,7,3
6340,7,4
6341,7,3
6342,7,4
6343,7,2
6344,7,3
6345,7,3
6346,7,2
6347,7,5
6348,7,2
6349,7,4
6350,7,1
6351,7,2
6352,7,4
6353,7,2
6354,7,3
6355,7,1
6356,7,5
6357,7,2
6358,7,1
6359,7,1
6360,7,2
6361,7,1
6362,7,3
6363,7,4
6364,7,1
6365,7,3
6366,7,2
6367,7,5
6368,7,4
6369,7,4
6370,7,5
6371,7,3
6372,7,4
6373,7,4
6374,7,2
6375,7,3
6376,7,4
6377,7,2
6378,7,4
6379,7,1
6380,7,4
6381,7,2
6382,7,4
6383,7,4
6384,7,2
6385,7,4
6386,7,5
6387,7,1
6388,7,4
6389,7,4
6390,7,1
6391,7,1
6392,7,5
6393,7,1
6394,7,2
6395,7,2
6396,7,1
6397,7,1
6398,7,1
6399,7,5
6400,7,4
6401,7,3
6402,7,4
6403,7,5
6404,7,4
6405,7,3
6406,7,4
6407,7,3
6408,7,4
6409,7,4
6410,7,4
6411,7,2
6412,7,5
6413,7,3
6414,7,4
6415,7,4
6416,7,5
6417,7,4
6418,7,4
6419,7,4
6420,7,1
6421,7,1
6422,7,2
6423,7,3
6424,7,4
6425,7,2
6426,7,5
6427,7,4
6428,7,2
6429,7,5
6430,7,1
6431,7,1
6432,7,4
6433,7,1
6434,7,3
6435,7,5
6436,7,5
6437,7,5
6438,7,2
6439,7,3
6440,7,4
6441,7,5
6442,7,5
6443,7,5
6444,7,3
6445,7,3
6446,7,4
6447,7,5
6448,7,4
6449,7,1
6450,7,1
6451,7,1
6452,7,1
6453,7,1
6454,7,1
6455,7,2
6456,7,1
6457,7,1
6458,7,1
6459,7,1
6460,7,2
6461,7,1
6462,7,2
6463,7,5
6464,7,4
6465,7,3
6466,7,4
6467,7,4
6468,7,4
6469,7,4
6470,7,4
6471,7,5
6472,7,3
6473,7,3
6474,7,3
6475,7,3
6476,7,5
6477,7,4
6478,7,4
6479,7,5
6480,7,4
6481,7,4
6482,7,3
6483,7,3
6484,7,4
6485,7,5
6486,7,1
6487,7,2
6488,7,1
6489,7,1
6490,7,1
6491,7,1
6492,7,1
6493,7,3
6494,7,1
6495,7,1
6496,7,1
6497,7,5
6498,7,3
6499,7,4
6500,7,5
6501,7,2
6502,7,1
6503,7,4
6504,7,5
6505,7,3
6506,7,5
6507,7,3
6508,7,4
6509,7,5
6510,7,5
6511,7,4
6512,7,5
6513,7,5
6514,7,3
6515,7,3
6516,7,4
6517,7,4
6518,7,5
6519,7,1
6520,7,1
6521,7,4
6522,7,1
6523,7,2
6524,7,1
6525,7,5
6526,7,4
6527,7,4
6528,7,4
6529,7,4
6530,7,4
6531,7,1
6532,7,1
6533,7,1
6534,7,4
6535,7,4
6536,7,1
6537,7,5
6538,7,5
6539,7,5
6540,7,5
6541,7,3
6542,7,3
6543,7,2
6544,7,4
6545,7,4
6546,7,4
6547,7,4
6548,7,1
6549,7,3
6550,7,2
6551,7,5
6552,7,4
6553,7,3
6554,7,4
6555,7,3
6556,7,3
6557,7,5
6558,7,2
6559,7,4
6560,7,5
6561,7,5
6562,7,5
6563,7,3
6564,7,1
6565,7,4
6566,7,1
6567,7,1
6568,7,3
6569,7,3
6570,7,4
6571,7,1
6572,7,1
6573,7,5
6574,7,4
6575,7,1
6576,7,5
6577,7,5
6578,7,5
6579,7,2
6580,7,5
6581,7,4
6582,7,5
6583,7,3
6584,7,5
6585,7,4
6586,7,5
6587,7,4
6588,7,5
6589,7,4
6590,7,5
6591,7,3
6592,7,5
6593,7,3
6594,7,4
6595,7,5
6596,7,3
6597,7,4
6598,7,4
6599,7,3
6600,7,3
6601,7,3
6602,7,3
6603,7,1
6604,7,3
6605,7,5
6606,7,1
6607,7,2
6608,7,1
6609,7,1
6610,7,1
6611,7,3
6612,7,4
6613,7,3
6614,7,3
6615,7,5
6616,7,4
6617,7,4
6618,7,2
6619,7,2
6620,7,4
6621,7,5
6622,7,4
6623,7,3
6624,7,4
6625,7,5
6626,7,5
6627,7,4
6628,7,1
6629,7,4
6630,7,2
6631,7,1
6632,7,5
6633,7,4
6634,7,2
6635,7,2
6636,7,4
6637,7,3
6638,7,1
6639,7,4
6640,7,1
6641,7,1
6642,7,1
6643,7,1
6644,7,4
6645,7,2
6646,7,1
6647,7,1
6648,7,2
6649,7,5
6650,7,5
6651,7,2
6652,7,4
6653,7,5
6654,7,5
6655,7,5
6656,7,1
6657,7,4
6658,7,5
6659,7,3
6660,7,3
6661,7,3
6662,7,5
6663,7,5
6664,7,5
6665,7,5
6666,7,4
6667,7,1
6668,7,2
6669,7,4
6670,7,4
6671,7,3
6672,7,3
6673,7,4
6674,7,2
6675,7,1
6676,7,4
6677,7,1
6678,7,1
6679,7,1
6680,7,2
6681,7,3
6682,7,3
6683,7,5
6684,7,4
6685,7,3
6686,7,4
6687,7,4
6688,7,5
6689,7,5
6690,7,5
6691,7,5
6692,7,5
6693,7,1
6694,7,3
6695,7,5
6696,7,1
6697,7,4
6698,7,4
6699,7,4
6700,7,3
6701,7,2
6702,7,1
6703,7,1
6704,7,1
6705,7,3
6706,7,4
6707,7,4
6708,7,5
6709,7,3
6710,7,5
6711,7,5
6712,7,4
6713,7,3
6714,7,3
6715,7,3
6716,7,1
6717,7,5
6718,7,3
6719,7,3
6720,7,4
6721,7,3
6722,7,5
6723,7,2
6724,7,2
6725,7,4
6726,7,4
6727,7,5
6728,7,5
6729,7,4
6730,7,1
6731,7,2
6732,7,5
6733,7,4
6734,7,4
6735,7,1
6736,7,1
6737,7,2
6738,7,1
6739,7,1
6740,7,4
6741,7,1
6742,7,1
6743,7,1
6744,7,3
6745,7,5
6746,7,5
6747,7,4
6748,7,1
6749,7,5
6750,7,4
6751,7,3
6752,7,1
6753,7,4
6754,7,5
6755,7,2
6756,7,1
6757,7,4
6758,7,4
6759,7,3
6760,7,4
6761,7,3
6762,7,4
6763,7,5
6764,7,4
6765,7,4
6766,7,5
6767,7,5
6768,7,5
6769,7,5
6770,7,1
6771,7,3
6772,7,1
6773,7,3
6774,7,1
6775,7,1
6776,7,5
6777,7,5
6778,7,4
6779,7,3
6780,7,4
6781,7,1
6782,7,1
6783,7,5
6784,7,1
6785,7,2
6786,7,1
6787,7,1
6788,7,1
6789,7,4
6790,7,3
6791,7,4
6792,7,4
6793,7,5
6794,7,3
6795,7,5
6796,7,4
6797,7,5
6798,7,4
6799,7,4
6800,7,2
6801,7,5
6802,7,3
6803,7,4
6804,7,3
6805,7,5
6806,7,4
6807,7,1
6808,7,1
6809,7,1
6810,7,1
6811,7,4
6812,7,1
6813,7,1
6814,7,5
6815,7,1
6816,7,1
6817,7,5
6818,7,5
6819,7,2
6820,7,4
6821,7,4
6822,7,4
6823,7,5
6824,7,5
6825,7,4
6826,7,5
6827,7,5
6828,7,2
6829,7,1
6830,7,1
6831,7,4
6832,7,5
6833,7,4
6834,7,5
6835,7,1
6836,7,4
6837,7,5
6838,7,1
6839,7,1
6840,7,1
6841,7,1
6842,7,3
6843,7,1
6844,7,1
6845,7,1
6846,7,3
6847,7,1
6848,7,2
6849,7,5
6850,7,5
6851,7,5
6852,7,3
6853,7,5
6854,7,5
6855,7,1
6856,7,3
6857,7,5
6858,7,4
6859,7,5
6860,7,1
6861,7,3
6862,7,3
6863,7,4
6864,7,4
6865,7,5
6866,7,3
6867,7,5
6868,7,4
6869,7,5
6870,7,2
6871,7,1
6872,7,5
6873,7,5
6874,7,1
6875,7,1
6876,7,1
6877,7,1
6878,7,1
6879,7,1
6880,7,3
6881,7,1
6882,7,4
6883,7,3
6884,7,1
6885,7,3
6886,7,3
6887,7,5
6888,7,5
6889,7,4
6890,7,3
6891,7,5
6892,7,5
6893,7,5
6894,7,3
6895,7,4
6896,7,4
6897,7,5
6898,7,3
6899,7,1
6900,7,1
6901,7,1
6902,7,4
6903,7,4
6904,7,5
6905,7,1
6906,7,4
6907,7,2
6908,7,3
6909,7,1
6910,7,2
6911,7,2
6912,7,1
6913,7,1
6914,7,1
6915,7,1
6916,7,1
6917,7,3
6918,7,1
6919,7,4
6920,7,5
6921,7,5
6922,7,3
6923,7,5
6924,7,5
6925,7,4
6926,7,5
6927,7,4
6928,7,4
6929,7,4
6930,7,5
6931,7,5
6932,7,3
6933,7,1
6934,7,4
6935,7,5
6936,7,3
6937,7,5
6938,7,4
6939,7,2
6940,7,4
6941,7,4
6942,7,4
6943,7,1
6944,7,3
6945,7,4
6946,7,4
6947,7,1
6948,7,4
6949,7,3
6950,7,1
6951,7,4
6952,7,1
6953,7,2
6954,7,5
6955,7,3
6956,7,2
6957,7,5
6958,7,2
6959,7,3
6960,7,3
6961,7,5
6962,7,5
6963,7,5
6964,7,3
6965,7,3
6966,7,1
6967,7,5
6968,7,4
6969,7,3
6970,7,4
6971,7,4
6972,7,1
6973,7,4
6974,7,5
6975,7,1
6976,7,2
6977,7,5
6978,7,5
6979,7,4
6980,7,1
6981,7,4
6982,7,3
6983,7,5
6984,7,2
6985,7,2
6986,7,1
6987,7,1
6988,7,1
6989,7,1
6990,7,1
6991,7,4
6992,7,2
6993,7,2
6994,7,5
6995,7,1
6996,7,3
6997,7,1
6998,7,1
6999,7,5
7000,7,1
7001,7,1
7002,7,5
7003,7,5
7004,7,4
7005,7,4
7006,7,1
7007,7,4
7008,7,4
7009,7,3
7010,7,2
7011,7,5
7012,7,4
7013,7,5
7014,7,1
7015,7,4
7016,7,5
7017,7,3
7018,7,1
7019,7,5
7020,7,1
7021,7,1
7022,7,5
7023,7,1
7024,7,1
7025,7,1
7026,7,1
7027,7,1
7028,7,1
7029,7,4
7030,7,4
7031,7,5
7032,7,5
7033,7,5
7034,7,3
7035,7,5
7036,7,5
7037,7,3
7038,7,4
7039,7,5
7040,7,4
7041,7,5
7042,7,2
7043,7,5
7044,7,4
7045,7,3
7046,7,2
7047,7,1
7048,7,3
7049,7,3
7050,7,5
7051,7,1
7052,7,1
7053,7,3
7054,7,4
7055,7,1
7056,7,5
7057,7,5
7058,7,3
7059,7,2
7060,7,1
7061,7,2
7062,7,4
7063,7,1
7064,7,4
7065,7,4
7066,7,2
7067,7,1
7068,7,1
7069,7,3
7070,7,4
7071,7,5
7072,7,5
7073,7,5
7074,7,4
7075,7,4
7076,7,5
7077,7,3
7078,7,5
7079,7,3
7080,7,1
7081,7,1
7082,7,1
7083,7,1
7084,7,4
7085,7,5
7086,7,4
7087,7,4
7088,7,4
7089,7,2
7090,7,1
7091,7,4
7092,7,4
7093,7,2
7094,7,2
7095,7,1
7096,7,4
7097,7,4
7098,7,4
7099,7,1
7100,7,5
7101,7,5
7102,7,4
7103,7,4
7104,7,4
7105,7,3
7106,7,1
7107,7,4
7108,7,3
7109,7,5
7110,7,5
7111,7,4
7112,7,1
7113,7,5
7114,7,3
7115,7,3
7116,7,3
7117,7,5
7118,7,5
7119,7,4
7120,7,4
7121,7,5
7122,7,1
7123,7,3
7124,7,1
7125,7,4
7126,7,5
7127,7,1
7128,7,2
7129,7,1
7130,7,1
7131,7,4
7132,7,1
7133,7,1
7134,7,1
7135,7,3
7136,7,5
7137,7,5
7138,7,4
7139,7,1
7140,7,5
7141,7,4
7142,7,5
7143,7,3
7144,7,1
7145,7,5
7146,7,1
7147,7,1
7148,7,5
7149,7,1
7150,7,5
7151,7,5
7152,7,1
7153,7,4
7154,7,1
7155,7,3
7156,7,1
7157,7,1
7158,7,1
7159,7,1
7160,7,1
7161,7,1
7162,7,3
7163,7,1
7164,7,4
7165,7,1
7166,7,1
7167,7,1
7168,7,1
7169,7,4
7170,7,1
7171,7,1
7172,7,5
7173,7,3
7174,7,4
7175,7,5
7176,7,4
7177,7,5
7178,7,5
7179,7,5
7180,7,2
7181,7,5
7182,7,5
7183,7,3
7184,7,5
7185,7,5
7186,7,5
7187,7,3
7188,7,4
7189,7,4
7190,7,2
7191,7,5
7192,7,5
7193,7,5
7194,7,3
7195,7,4
7196,7,2
7197,7,2
7198,7,1
7199,7,5
7200,7,1
7201,7,2
7202,7,3
7203,7,1
7204,7,1
7205,7,1
7206,7,1
7207,7,1
7208,7,1
7209,7,1
7210,7,5
7211,7,3
7212,7,2
7213,7,5
7214,7,4
7215,7,5
7216,7,5
7217,7,4
7218,7,3
7219,7,2
7220,7,4
7221,7,3
7222,7,4
7223,7,5
7224,7,5
7225,7,3
7226,7,3
7227,7,5
7228,7,1
7229,7,1
7230,7,4
7231,7,4
7232,7,1
7233,7,2
7234,7,1
7235,7,1
7236,7,1
7237,7,4
7238,7,1
7239,7,1
7240,7,3
7241,7,1
7242,7,5
7243,7,5
7244,7,5
7245,7,4
7246,7,3
7247,7,4
7248,7,4
7249,7,3
7250,7,2
7251,7,3
7252,7,5
7253,7,4
7254,7,3
7255,7,2
7256,7,5
7257,7,5
7258,7,3
7259,7,5
7260,7,4
7261,7,1
7262,7,2
7263,7,1
7264,7,4
7265,7,3
7266,7,1
7267,7,1
7268,7,1
7269,7,1
7270,7,4
7271,7,2
7272,7,3
7273,7,4
7274,7,3
7275,7,3
7276,7,4
7277,7,4
7278,7,2
7279,7,4
7280,7,5
7281,7,4
7282,7,4
7283,7,4
7284,7,5
7285,7,1
7286,7,3
7287,7,1
7288,7,1
7289,7,1
7290,7,5
7291,7,2
7292,7,1
7293,7,1
7294,7,1
7295,7,1
7296,7,1
7297,7,1
7298,7,2
7299,7,4
7300,7,2
7301,7,1
7302,7,1
7303,7,1
7304,7,2
7305,7,1
7306,7,1
7307,7,5
7308,7,1
7309,7,3
7310,7,3
7311,7,3
7312,7,5
7313,7,5
7314,7,5
7315,7,3
7316,7,3
7317,7,5
7318,7,4
7319,7,5
7320,7,3
7321,7,3
7322,7,4
7323,7,1
7324,7,1
7325,7,1
7326,7,2
7327,7,1
7328,7,3
7329,7,5
7330,7,4
7331,7,4
7332,7,3
7333,7,1
7334,7,3
7335,7,1
7336,7,5
7337,7,5
7338,7,5
7339,7,1
7340,7,3
7341,7,4
7342,7,2
7343,7,3
7344,7,4
7345,7,3
7346,7,5
7347,7,5
7348,7,3
7349,7,4
7350,7,5
7351,7,4
7352,7,4
7353,7,4
7354,7,4
7355,7,4
7356,7,4
7357,7,1
7358,7,1
7359,7,1
7360,7,4
7361,7,5
7362,7,1
7363,7,4
7364,7,2
7365,7,1
7366,7,4
7367,7,4
7368,7,1
7369,7,2
7370,7,3
7371,7,1
7372,7,1
7373,7,4
7374,7,1
7375,7,1
7376,7,1
7377,7,3
7378,7,4
7379,7,5
7380,7,5
7381,7,3
7382,7,5
7383,7,5
7384,7,5
7385,7,2
7386,7,3
7387,7,5
7388,7,1
7389,7,5
7390,7,5
7391,7,3
7392,7,2
7393,7,5
7394,7,2
7395,7,3
7396,7,4
7397,7,4
7398,7,1
7399,7,2
7400,7,5
7401,7,3
7402,7,2
7403,7,1
7404,7,1
7405,7,1
7406,7,3
7407,7,5
7408,7,2
7409,7,5
7410,7,3
7411,7,5
7412,7,5
7413,7,4
7414,7,5
7415,7,1
7416,7,5
7417,7,3
7418,7,3
7419,7,1
7420,7,5
7421,7,4
7422,7,5
7423,7,3
7424,7,5
7425,7,4
7426,7,4
7427,7,3
7428,7,1
7429,7,1
7430,7,1
7431,7,1
7432,7,1
7433,7,4
7434,7,2
7435,7,1
7436,7,4
7437,7,1
7438,7,1
7439,7,1
7440,7,4
7441,7,1
7442,7,3
7443,7,2
7444,7,5
7445,7,3
7446,7,3
7447,7,4
7448,7,3
7449,7,3
7450,7,5
7451,7,5
7452,7,5
7453,7,1
7454,7,5
7455,7,1
7456,7,5
7457,7,5
7458,7,5
7459,7,5
7460,7,1
7461,7,2
7462,7,4
7463,7,1
7464,7,4
7465,7,2
7466,7,4
7467,7,1
7468,7,5
7469,7,4
7470,7,2
7471,7,3
7472,7,5
7473,7,2
7474,7,5
7475,7,4
7476,7,5
7477,7,3
7478,7,5
7479,7,3
7480,7,5
7481,7,4
7482,7,4
7483,7,5
7484,7,2
7485,7,5
7486,7,4
7487,7,1
7488,7,5
7489,7,5
7490,7,5
7491,7,5
7492,7,3
7493,7,4
7494,7,4
7495,7,1
7496,7,4
7497,7,5
7498,7,1
7499,7,3
7500,7,1
7501,7,1
7502,7,5
7503,7,3
7504,7,1
7505,7,1
7506,7,2
7507,7,1
7508,7,1
7509,7,2
7510,7,4
7511,7,4
7512,7,5
7513,7,5
7514,7,3
7515,7,4
7516,7,4
7517,7,4
7518,7,5
7519,7,1
7520,7,2
7521,7,5
7522,7,5
7523,7,5
7524,7,3
7525,7,1
7526,7,5
7527,7,5
7528,7,2
7529,7,4
7530,7,5
7531,7,5
7532,7,5
7533,7,2
7534,7,1
7535,7,1
7536,7,4
7537,7,1
7538,7,1
7539,7,1
7540,7,1
7541,7,1
7542,7,1
7543,7,1
7544,7,1
7545,7,1
7546,7,1
7547,7,1
7548,7,1
7549,7,1
7550,7,1
7551,7,3
7552,7,3
7553,7,3
7554,7,1
7555,7,3
7556,7,2
7557,7,1
7558,7,2
7559,7,1
7560,7,1
7561,7,3
7562,7,3
7563,7,3
7564,7,4
7565,7,3
7566,7,1
7567,7,1
7568,7,1
7569,7,4
7570,7,1
7571,7,4
7572,7,1
7573,7,1
7574,7,1
7575,7,1
7576,7,1
7577,7,1
7578,7,1
7579,7,1
7580,7,1
7581,7,4
7582,7,3
7583,7,4
7584,7,2
7585,7,4
7586,7,1
7587,7,1
7588,7,2
7589,7,3
7590,7,5
7591,7,5
7592,7,3
7593,7,4
7594,7,5
7595,7,2
7596,7,2
7597,7,1
7598,7,1
7599,7,1
7600,7,1
7601,7,1
7602,7,1
7603,7,1
7604,7,1
7605,7,4
7606,7,1
7607,7,1
7608,7,1
7609,7,1
7610,7,1
7611,7,1
7612,7,3
7613,7,1
7614,7,3
7615,7,1
7616,7,1
7617,7,1
7618,7,1
7619,7,1
7620,7,1
7621,7,3
7622,7,1
7623,7,4
7624,7,3
7625,7,2
7626,7,2
7627,7,1
7628,7,4
7629,7,2
7630,7,1
7631,7,1
7632,7,3
7633,7,4
7634,7,1
7635,7,3
7636,7,4
7637,7,5
7638,7,2
7639,7,3
7640,7,4
7641,7,3
7642,7,3
7643,7,3
7644,7,1
7645,7,1
7646,7,1
7647,7,1
7648,7,1
7649,7,3
7650,7,4
7651,7,4
7652,7,2
7653,7,4
7654,7,3
7655,7,2
7656,7,2
7657,7,1
7658,7,1
7659,7,1
7660,7,1
7661,7,1
7662,7,1
7663,7,1
7664,7,1
7665,7,1
7666,7,4
7667,7,4
7668,7,4
7669,7,4
7670,7,2
7671,7,5
7672,7,2
7673,7,3
7674,7,1
7675,7,1
7676,7,3
7677,7,3
7678,7,1
7679,7,3
7680,7,2
7681,7,3
7682,7,4
7683,7,3
7684,7,3
7685,7,3
7686,7,2
7687,7,3
7688,7,3
7689,7,3
7690,7,1
7691,7,1
7692,7,2
7693,7,2
7694,7,1
7695,7,1
7696,7,1
7697,7,1
7698,7,1
7699,7,3
7700,7,3
7701,7,3
7702,7,4
7703,7,5
7704,7,4
7705,7,4
7706,7,2
7707,7,1
7708,7,1
7709,7,3
7710,7,1
7711,7,3
7712,7,3
7713,7,4
7714,7,1
7715,7,1
7716,7,1
7717,7,1
7718,7,5
7719,7,3
7720,7,1
7721,7,1
7722,7,1
7723,7,1
7724,7,1
7725,7,3
7726,7,1
7727,7,1
7728,7,1
7729,7,1
7730,7,1
7731,7,1
7732,7,1
7733,7,1
7734,7,1
7735,7,3
7736,7,4
7737,7,5
7738,7,5
7739,7,5
7740,7,5
7741,7,4
7742,7,3
7743,7,4
7744,7,3
7745,7,1
7746,7,1
7747,7,4
7748,7,4
7749,7,3
7750,7,1
7751,7,3
7752,7,2
7753,7,1
7754,7,3
7755,7,1
7756,7,1
7757,7,1
7758,7,4
7759,7,3
7760,7,1
7761,7,1
7762,7,1
7763,7,1
7764,7,1
7765,7,1
7766,7,1
7767,7,1
7768,7,3
7769,7,1
7770,7,3
7771,7,4
7772,7,3
7773,7,2
7774,7,4
7775,7,5
7776,7,4
7777,7,2
7778,7,2
7779,7,2
7780,7,2
7781,7,4
7782,7,3
7783,7,5
7784,7,1
7785,7,2
7786,7,1
7787,7,1
7788,7,1
7789,7,1
7790,7,4
7791,7,4
7792,7,2
7793,7,1
7794,7,1
7795,7,1
7796,7,1
7797,7,1
7798,7,1
7799,7,1
7800,7,1
7801,7,1
7802,7,4
7803,7,5
7804,7,4
7805,7,4
7806,7,1
7807,7,4
7808,7,3
7809,7,3
7810,7,3
7811,7,5
7812,7,3
7813,7,2
7814,7,3
7815,7,4
7816,7,3
7817,7,2
7818,7,3
7819,7,1
7820,7,1
7821,7,1
7822,7,3
7823,7,1
7824,7,4
7825,7,2
7826,7,1
7827,7,3
7828,7,4
7829,7,1
7830,7,1
7831,7,1
7832,7,1
7833,7,1
7834,7,5
7835,7,3
7836,7,1
7837,7,1
7838,7,2
7839,7,5
7840,7,5
7841,7,1
7842,7,3
7843,7,4
7844,7,1
7845,7,4
7846,7,3
7847,7,1
7848,7,5
7849,7,3
7850,7,1
7851,7,1
7852,7,3
7853,7,1
7854,7,1
7855,7,1
7856,7,1
7857,7,1
7858,7,1
7859,7,1
7860,7,3
7861,7,1
7862,7,1
7863,7,1
7864,7,1
7865,7,1
7866,7,1
7867,7,1
7868,7,3
7869,7,4
7870,7,3
7871,7,5
7872,7,3
7873,7,2
7874,7,5
7875,7,4
7876,7,4
7877,7,5
7878,7,1
7879,7,3
7880,7,5
7881,7,3
7882,7,3
7883,7,1
7884,7,1
7885,7,4
7886,7,3
7887,7,1
7888,7,1
7889,7,1
7890,7,1
7891,7,1
7892,7,1
7893,7,1
7894,7,1
7895,7,3
7896,7,3
7897,7,1
7898,7,1
7899,7,1
7900,7,1
7901,7,3
7902,7,4
7903,7,1
7904,7,4
7905,7,5
7906,7,2
7907,7,4
7908,7,4
7909,7,1
7910,7,3
7911,7,1
7912,7,3
7913,7,4
7914,7,4
7915,7,4
7916,7,1
7917,7,3
7918,7,3
7919,7,4
7920,7,4
7921,7,3
7922,7,3
7923,7,1
7924,7,1
7925,7,1
7926,7,2
7927,7,1
7928,7,5
7929,7,5
7930,7,1
7931,7,1
7932,7,1
7933,7,1
7934,7,1
7935,7,1
7936,7,1
7937,7,1
7938,7,1
7939,7,1
7940,7,5
7941,7,3
7942,7,4
7943,7,2
7944,7,4
7945,7,3
7946,7,4
7947,7,2
7948,7,3
7949,7,1
7950,7,4
7951,7,4
7952,7,3
7953,7,2
7954,7,1
7955,7,4
7956,7,3
7957,7,1
7958,7,3
7959,7,1
7960,7,1
7961,7,3
7962,7,4
7963,7,1
7964,7,3
7965,7,2
7966,7,3
7967,7,1
7968,7,3
7969,7,1
7970,7,1
7971,7,1
7972,7,1
7973,7,1
7974,7,1
7975,7,1
7976,7,1
7977,7,1
7978,7,1
7979,7,1
7980,7,1
7981,7,1
7982,7,1
7983,7,2
7984,7,4
7985,7,3
7986,7,3
7987,7,4
7988,7,4
7989,7,4
7990,7,4
7991,7,4
7992,7,3
7993,7,2
7994,7,5
7995,7,4
7996,7,1
7997,7,5
7998,7,2
7999,7,3
8000,7,4
8001,7,3
8002,7,4
8003,7,2
8004,7,1
8005,7,3
8006,7,1
8007,7,2
8008,7,3
8009,7,5
8010,7,1
8011,7,3
8012,7,2
8013,7,1
8014,7,1
8015,7,1
8016,7,1
8017,7,1
8018,7,1
8019,7,1
8020,7,1
8021,7,1
8022,7,1
8023,7,3
8024,7,3
8025,7,1
8026,7,1
8027,7,1
8028,7,1
8029,7,1
8030,7,1
8031,7,2
8032,7,1
8033,7,4
8034,7,3
8035,7,1
8036,7,2
8037,7,2
8038,7,1
8039,7,4
8040,7,3
8041,7,4
8042,7,4
8043,7,3
8044,7,2
8045,7,2
8046,7,3
8047,7,1
8048,7,3
8049,7,1
8050,7,4
8051,7,1
8052,7,3
8053,7,2
8054,7,1
8055,7,1
8056,7,1
8057,7,1
8058,7,1
8059,7,2
8060,7,1
8061,7,1
8062,7,1
8063,7,1
8064,7,1
8065,7,1
8066,7,1
8067,7,1
8068,7,1
8069,7,1
8070,7,1
8071,7,1
8072,7,1
8073,7,1
8074,7,4
8075,7,4
8076,7,3
8077,7,4
8078,7,2
8079,7,2
8080,7,4
8081,7,5
8082,7,5
8083,7,3
8084,7,5
8085,7,4
8086,7,4
8087,7,3
8088,7,3
8089,7,3
8090,7,5
8091,7,1
8092,7,1
8093,7,3
8094,7,1
8095,7,1
8096,7,2
8097,7,3
8098,7,2
8099,7,2
8100,7,3
8101,7,1
8102,7,1
8103,7,1
8104,7,1
8105,7,1
8106,7,1
8107,7,1
8108,7,3
8109,7,3
8110,7,3
8111,7,2
8112,7,3
8113,7,3
8114,7,5
8115,7,5
8116,7,4
8117,7,3
8118,7,4
8119,7,2
8120,7,4
8121,7,2
8122,7,2
8123,7,3
8124,7,2
8125,7,4
8126,7,1
8127,7,1
8128,7,3
8129,7,1
8130,7,1
8131,7,1
8132,7,1
8133,7,1
8134,7,1
8135,7,1
8136,7,1
8137,7,1
8138,7,1
8139,7,1
8140,7,4
8141,7,1
8142,7,4
8143,7,3
8144,7,5
8145,7,2
8146,7,1
8147,7,2
8148,7,4
8149,7,3
8150,7,1
8151,7,4
8152,7,1
8153,7,2
8154,7,5
8155,7,3
8156,7,5
8157,7,2
8158,7,5
8159,7,4
8160,7,3
8161,7,3
8162,7,4
8163,7,3
8164,7,4
8165,7,3
8166,7,2
8167,7,1
8168,7,1
8169,7,1
8170,7,3
8171,7,4
8172,7,3
8173,7,4
8174,7,1
8175,7,1
8176,7,1
8177,7,1
8178,7,1
8179,7,1
8180,7,1
8181,7,1
8182,7,1
8183,7,1
8184,7,1
8185,7,1
8186,7,1
8187,7,1
8188,7,1
8189,7,3
8190,7,3
8191,7,4
8192,7,4
8193,7,1
8194,7,2
8195,7,5
8196,7,2
8197,7,2
8198,7,3
8199,7,2
8200,7,4
8201,7,3
8202,7,3
8203,7,1
8204,7,3
8205,7,2
8206,7,1
8207,7,1
8208,7,3
8209,7,1
8210,7,1
8211,7,1
8212,7,1
8213,7,2
8214,7,1
8215,7,1
8216,7,1
8217,7,1
8218,7,1
8219,7,1
8220,7,1
8221,7,1
8222,7,1
8223,7,1
8224,7,1
8225,7,1
8226,7,1
8227,7,1
8228,7,1
8229,7,1
8230,7,3
8231,7,1
8232,7,3
8233,7,5
8234,7,3
8235,7,3
8236,7,2
8237,7,2
8238,7,3
8239,7,5
8240,7,3
8241,7,2
8242,7,1
8243,7,3
8244,7,3
8245,7,2
8246,7,1
8247,7,1
8248,7,1
8249,7,1
8250,7,1
8251,7,1
8252,7,1
8253,7,1
8254,7,1
8255,7,1
8256,7,1
8257,7,3
8258,7,5
8259,7,4
8260,7,3
8261,7,1
8262,7,4
8263,7,4
8264,7,5
8265,7,5
8266,7,3
8267,7,2
8268,7,1
8269,7,3
8270,7,2
8271,7,4
8272,7,2
8273,7,3
8274,7,5
8275,7,2
8276,7,2
8277,7,4
8278,7,4
8279,7,2
8280,7,2
8281,7,3
8282,7,4
8283,7,3
8284,7,3
8285,7,1
8286,7,3
8287,7,3
8288,7,1
8289,7,3
8290,7,2
8291,7,1
8292,7,1
8293,7,1
8294,7,1
8295,7,1
8296,7,1
8297,7,1
8298,7,1
8299,7,1
8300,7,3
8301,7,2
8302,7,4
8303,7,4
8304,7,4
8305,7,3
8306,7,5
8307,7,4
8308,7,4
8309,7,4
8310,7,4
8311,7,4
8312,7,3
8313,7,4
8314,7,1
8315,7,3
8316,7,1
8317,7,3
8318,7,2
8319,7,5
8320,7,2
8321,7,3
8322,7,3
8323,7,1
8324,7,1
8325,7,1
8326,7,1
8327,7,1
8328,7,3
8329,7,4
8330,7,3
8331,7,1
8332,7,1
8333,7,3
8334,7,1
8335,7,1
8336,7,1
8337,7,1
8338,7,1
8339,7,3
8340,7,1
8341,7,1
8342,7,1
8343,7,1
8344,7,1
8345,7,1
8346,7,5
8347,7,2
8348,7,3
8349,7,4
8350,7,3
8351,7,3
8352,7,2
8353,7,5
8354,7,5
8355,7,3
8356,7,5
8357,7,4
8358,7,4
8359,7,3
8360,7,3
8361,7,5
8362,7,4
8363,7,1
8364,7,3
8365,7,1
8366,7,1
8367,7,1
8368,7,1
8369,7,1
8370,7,1
8371,7,1
8372,7,3
8373,7,3
8374,7,1
8375,7,1
8376,7,1
8377,7,1
8378,7,1
8379,7,1
8380,7,1
8381,7,1
8382,7,1
8383,7,1
8384,7,1
8385,7,3
8386,7,4
8387,7,2
8388,7,2
8389,7,3
8390,7,3
8391,7,4
8392,7,3
8393,7,4
8394,7,4
8395,7,4
8396,7,1
8397,7,1
8398,7,4
8399,7,2
8400,7,4
8401,7,4
8402,7,1
8403,7,3
8404,7,3
8405,7,3
8406,7,3
8407,7,2
8408,7,1
8409,7,1
8410,7,1
8411,7,3
8412,7,1
8413,7,3
8414,7,1
8415,7,4
8416,7,4
8417,7,5
8418,7,1
8419,7,3
8420,7,1
8421,7,1
8422,7,1
8423,7,1
8424,7,1
8425,7,1
8426,7,1
8427,7,1
8428,7,1
8429,7,1
8430,7,3
8431,7,5
8432,7,4
8433,7,4
8434,7,2
8435,7,5
8436,7,2
8437,7,2
8438,7,3
8439,7,4
8440,7,5
8441,7,1
8442,7,3
8443,7,3
8444,7,1
8445,7,1
8446,7,1
8447,7,1
8448,7,2
8449,7,1
8450,7,1
8451,7,2
8452,7,1
8453,7,3
8454,7,3
8455,7,2
8456,7,1
8457,7,1
8458,7,1
8459,7,1
8460,7,1
8461,7,1
8462,7,1
8463,7,1
8464,7,1
8465,7,1
8466,7,1
8467,7,3
8468,7,2
8469,7,4
8470,7,2
8471,7,4
8472,7,3
8473,7,3
8474,7,5
8475,7,4
8476,7,2
8477,7,5
8478,7,5
8479,7,2
8480,7,5
8481,7,1
8482,7,4
8483,7,4
8484,7,4
8485,7,3
8486,7,2
8487,7,1
8488,7,4
8489,7,1
8490,7,3
8491,7,1
8492,7,1
8493,7,3
8494,7,1
8495,7,1
8496,7,1
8497,7,1
8498,7,1
8499,7,1
8500,7,3
8501,7,1
8502,7,1
8503,7,4
8504,7,3
8505,7,4
8506,7,4
8507,7,4
8508,7,3
8509,7,2
8510,7,1
8511,7,3
8512,7,2
8513,7,3
8514,7,2
8515,7,2
8516,7,4
8517,7,4
8518,7,4
8519,7,3
8520,7,4
8521,7,4
8522,7,3
8523,7,3
8524,7,1
8525,7,1
8526,7,1
8527,7,1
8528,7,1
8529,7,1
8530,7,1
8531,7,1
8532,7,1
8533,7,3
8534,7,1
8535,7,3
8536,7,1
8537,7,2
8538,7,1
8539,7,1
8540,7,1
8541,7,1
8542,7,3
8543,7,1
8544,7,1
8545,7,1
8546,7,1
8547,7,1
8548,7,1
8549,7,1
8550,7,1
8551,7,1
8552,7,3
8553,7,1
8554,7,3
8555,7,2
8556,7,2
8557,7,4
8558,7,4
8559,7,1
8560,7,4
8561,7,2
8562,7,5
8563,7,4
8564,7,3
8565,7,3
8566,7,3
8567,7,3
8568,7,4
8569,7,3
8570,7,2
8571,7,3
8572,7,3
8573,7,1
8574,7,3
8575,7,1
8576,7,1
8577,7,3
8578,7,4
8579,7,3
8580,7,1
8581,7,1
8582,7,1
8583,7,1
8584,7,1
8585,7,1
8586,7,1
8587,7,1
8588,7,1
8589,7,1
8590,7,1
8591,7,1
8592,7,1
8593,7,3
8594,7,3
8595,7,5
8596,7,4
8597,7,4
8598,7,2
8599,7,3
8600,7,3
8601,7,3
8602,7,2
8603,7,4
8604,7,5
8605,7,5
8606,7,1
8607,7,1
8608,7,1
8609,7,3
8610,7,1
8611,7,4
8612,7,1
8613,7,1
8614,7,1
8615,7,1
8616,7,1
8617,7,3
8618,7,1
8619,7,1
8620,7,1
8621,7,1
8622,7,1
8623,7,1
8624,7,1
8625,7,3
8626,7,1
8627,7,1
8628,7,1
8629,7,1
8630,7,5
8631,7,2
8632,7,1
8633,7,4
8634,7,3
8635,7,4
8636,7,1
8637,7,3
8638,7,3
8639,7,5
8640,7,1
8641,7,3
8642,7,3
8643,7,3
8644,7,4
8645,7,3
8646,7,1
8647,7,5
8648,7,2
8649,7,1
8650,7,1
8651,7,1
8652,7,1
8653,7,1
8654,7,1
8655,7,1
8656,7,1
8657,7,1
8658,7,1
8659,7,1
8660,7,1
8661,7,3
8662,7,3
8663,7,1
8664,7,1
8665,7,4
8666,7,3
8667,7,4
8668,7,4
8669,7,3
8670,7,4
8671,7,3
8672,7,3
8673,7,4
8674,7,3
8675,7,2
8676,7,5
8677,7,1
8678,7,3
8679,7,4
8680,7,2
8681,7,4
8682,7,2
8683,7,2
8684,7,3
8685,7,5
8686,7,3
8687,7,5
8688,7,4
8689,7,3
8690,7,1
8691,7,1
8692,7,1
8693,7,1
8694,7,1
8695,7,4
8696,7,1
8697,7,1
8698,7,1
8699,7,1
8700,7,1
8701,7,1
8702,7,1
8703,7,3
8704,7,1
8705,7,1
8706,7,1
8707,7,1
8708,7,1
8709,7,5
8710,7,1
8711,7,1
8712,7,1
8713,7,3
8714,7,5
8715,7,3
8716,7,1
8717,7,5
8718,7,3
8719,7,3
8720,7,3
8721,7,2
8722,7,3
8723,7,2
8724,7,1
8725,7,1
8726,7,1
8727,7,1
8728,7,3
8729,7,2
8730,7,4
8731,7,2
8732,7,2
8733,7,1
8734,7,1
8735,7,1
8736,7,3
8737,7,1
8738,7,1
8739,7,1
8740,7,1
8741,7,1
8742,7,1
8743,7,1
8744,7,1
8745,7,1
8746,7,1
8747,7,1
8748,7,1
8749,7,1
8750,7,3
8751,7,1
8752,7,5
8753,7,3
8754,7,3
8755,7,2
8756,7,5
8757,7,3
8758,7,2
8759,7,3
8760,7,3
8761,7,3
8762,7,3
8763,7,3
8764,7,5
8765,7,1
8766,7,4
8767,7,4
8768,7,3
8769,7,3
8770,7,5
8771,7,5
8772,7,2
8773,7,3
8774,7,4
8775,7,5
8776,7,4
8777,7,1
8778,7,2
8779,7,1
8780,7,4
8781,7,1
8782,7,1
8783,7,1
8784,7,1
8785,7,1
8786,7,1
8787,7,1
8788,7,1
8789,7,1
8790,7,1
8791,7,1
8792,7,1
8793,7,1
8794,7,4
8795,7,2
8796,7,4
8797,7,1
8798,7,3
8799,7,1
8800,7,3
8801,7,2
8802,7,2
8803,7,4
8804,7,4
8805,7,3
8806,7,2
8807,7,3
8808,7,5
8809,7,4
8810,7,5
8811,7,1
8812,7,1
8813,7,3
8814,7,5
8815,7,1
8816,7,1
8817,7,1
8818,7,1
8819,7,1
8820,7,1
8821,7,1
8822,7,1
8823,7,1
8824,7,1
8825,7,3
8826,7,4
8827,7,1
8828,7,4
8829,7,5
8830,7,2
8831,7,3
8832,7,4
8833,7,4
8834,7,2
8835,7,1
8836,7,4
8837,7,3
8838,7,4
8839,7,2
8840,7,4
8841,7,4
8842,7,4
8843,7,1
8844,7,2
8845,7,2
8846,7,3
8847,7,5
8848,7,1
8849,7,1
8850,7,1
8851,7,1
8852,7,1
8853,7,1
8854,7,1
8855,7,1
8856,7,1
8857,7,1
8858,7,1
8859,7,3
8860,7,3
8861,7,3
8862,7,2
8863,7,5
8864,7,1
8865,7,3
8866,7,1
8867,7,2
8868,7,5
8869,7,3
8870,7,3
8871,7,3
8872,7,2
8873,7,4
8874,7,3
8875,7,2
8876,7,1
8877,7,4
8878,7,2
8879,7,2
8880,7,2
8881,7,3
8882,7,1
8883,7,1
8884,7,1
8885,7,1
8886,7,1
8887,7,1
8888,7,4
8889,7,4
8890,7,1
8891,7,1
8892,7,1
8893,7,1
8894,7,1
8895,7,3
8896,7,1
8897,7,3
8898,7,1
8899,7,3
8900,7,1
8901,7,1
8902,7,1
8903,7,1
8904,7,1
8905,7,1
8906,7,1
8907,7,3
8908,7,4
8909,7,3
8910,7,3
8911,7,1
8912,7,4
8913,7,2
8914,7,4
8915,7,5
8916,7,5
8917,7,3
8918,7,3
8919,7,3
8920,7,4
8921,7,1
8922,7,1
8923,7,1
8924,7,2
8925,7,3
8926,7,1
8927,7,1
8928,7,1
8929,7,1
8930,7,1
8931,7,1
8932,7,1
8933,7,1
8934,7,1
8935,7,1
8936,7,3
8937,7,1
8938,7,1
8939,7,3
8940,7,1
8941,7,3
8942,7,4
8943,7,3
8944,7,5
8945,7,3
8946,7,2
8947,7,4
8948,7,2
8949,7,4
8950,7,3
8951,7,4
8952,7,2
8953,7,2
8954,7,1
8955,7,1
8956,7,1
8957,7,5
8958,7,4
8959,7,1
8960,7,1
8961,7,1
8962,7,1
8963,7,1
8964,7,1
8965,7,3
8966,7,1
8967,7,1
8968,7,4
8969,7,3
8970,7,1
8971,7,4
8972,7,2
8973,7,2
8974,7,3
8975,7,2
8976,7,2
8977,7,5
8978,7,3
8979,7,1
8980,7,4
8981,7,3
8982,7,2
8983,7,2
8984,7,3
8985,7,1
8986,7,1
8987,7,1
8988,7,1
8989,7,1
8990,7,1
8991,7,1
8992,7,2
8993,7,1
8994,7,2
8995,7,1
8996,7,1
8997,7,3
8998,7,1
8999,7,1
9000,7,1
9001,7,1
9002,7,1
9003,7,1
9004,7,1
9005,7,1
9006,7,3
9007,7,1
9008,7,3
9009,7,4
9010,7,5
9011,7,3
9012,7,2
9013,7,3
9014,7,3
9015,7,3
9016,7,2
9017,7,3
9018,7,3
9019,7,2
9020,7,5
9021,7,3
9022,7,4
9023,7,4
9024,7,3
9025,7,3
9026,7,5
9027,7,1
9028,7,3
9029,7,4
9030,7,1
9031,7,1
9032,7,3
9033,7,2
9034,7,1
9035,7,1
9036,7,1
9037,7,3
9038,7,1
9039,7,1
9040,7,4
9041,7,1
9042,7,1
9043,7,1
9044,7,3
9045,7,1
9046,7,1
9047,7,3
9048,7,1
9049,7,1
9050,7,1
9051,7,1
9052,7,1
9053,7,1
9054,7,1
9055,7,3
9056,7,4
9057,7,3
9058,7,1
9059,7,1
9060,7,3
9061,7,3
9062,7,3
9063,7,2
9064,7,3
9065,7,2
9066,7,3
9067,7,2
9068,7,3
9069,7,4
9070,7,4
9071,7,3
9072,7,3
9073,7,3
9074,7,1
9075,7,3
9076,7,1
9077,7,3
9078,7,1
9079,7,1
9080,7,3
9081,7,3
9082,7,1
9083,7,1
9084,7,3
9085,7,1
9086,7,3
9087,7,1
9088,7,1
9089,7,1
9090,7,1
9091,7,5
9092,7,4
9093,7,4
9094,7,5
9095,7,3
9096,7,4
9097,7,4
9098,7,1
9099,7,4
9100,7,3
9101,7,5
9102,7,3
9103,7,1
9104,7,2
9105,7,2
9106,7,4
9107,7,3
9108,7,2
9109,7,1
9110,7,1
9111,7,3
9112,7,1
9113,7,1
9114,7,3
9115,7,3
9116,7,5
9117,7,1
9118,7,1
9119,7,1
9120,7,1
9121,7,1
9122,7,1
9123,7,1
9124,7,1
9125,7,1
9126,7,1
9127,7,3
9128,7,4
9129,7,3
9130,7,4
9131,7,5
9132,7,5
9133,7,1
9134,7,4
9135,7,4
9136,7,4
9137,7,4
9138,7,5
9139,7,4
9140,7,4
9141,7,4
9142,7,2
9143,7,4
9144,7,1
9145,7,1
9146,7,1
9147,7,4
9148,7,5
9149,7,1
9150,7,1
9151,7,1
9152,7,1
9153,7,1
9154,7,1
9155,7,1
9156,7,1
9157,7,1
9158,7,1
9159,7,1
9160,7,3
9161,7,3
9162,7,4
9163,7,3
9164,7,5
9165,7,4
9166,7,3
9167,7,3
9168,7,3
9169,7,1
9170,7,4
9171,7,4
9172,7,3
9173,7,5
9174,7,2
9175,7,5
9176,7,1
9177,7,1
9178,7,1
9179,7,3
9180,7,4
9181,7,2
9182,7,3
9183,7,1
9184,7,1
9185,7,1
9186,7,3
9187,7,1
9188,7,1
9189,7,3
9190,7,1
9191,7,1
9192,7,3
9193,7,3
9194,7,2
9195,7,2
9196,7,3
9197,7,2
9198,7,5
9199,7,3
9200,7,5
9201,7,2
9202,7,4
9203,7,5
9204,7,2
9205,7,3
9206,7,3
9207,7,2
9208,7,2
9209,7,3
9210,7,2
9211,7,4
9212,7,1
9213,7,4
9214,7,1
9215,7,3
9216,7,3
9217,7,1
9218,7,3
9219,7,1
9220,7,1
9221,7,1
9222,7,4
9223,7,1
9224,7,1
9225,7,1
9226,7,1
9227,7,1
9228,7,1
9229,7,1
9230,7,1
9231,7,1
9232,7,3
9233,7,3
9234,7,3
9235,7,3
9236,7,5
9237,7,5
9238,7,4
9239,7,3
9240,7,1
9241,7,2
9242,7,2
9243,7,4
9244,7,5
9245,7,5
9246,7,4
9247,7,2
9248,7,5
9249,7,5
9250,7,1
9251,7,2
9252,7,1
9253,7,1
9254,7,1
9255,7,3
9256,7,1
9257,7,1
9258,7,2
9259,7,1
9260,7,1
9261,7,1
9262,7,1
9263,7,3
9264,7,1
9265,7,1
9266,7,1
9267,7,1
9268,7,1
9269,7,3
9270,7,4
9271,7,1
9272,7,2
9273,7,3
9274,7,3
9275,7,4
9276,7,4
9277,7,3
9278,7,4
9279,7,3
9280,7,5
9281,7,4
9282,7,2
9283,7,4
9284,7,4
9285,7,2
9286,7,5
9287,7,1
9288,7,4
9289,7,3
9290,7,1
9291,7,1
9292,7,1
9293,7,1
9294,7,1
9295,7,1
9296,7,1
9297,7,1
9298,7,1
9299,7,1
9300,7,3
9301,7,3
9302,7,4
9303,7,1
9304,7,3
9305,7,1
9306,7,1
9307,7,1
9308,7,1
9309,7,1
9310,7,1
9311,7,1
9312,7,3
9313,7,1
9314,7,5
9315,7,4
9316,7,2
9317,7,4
9318,7,4
9319,7,4
9320,7,3
9321,7,3
9322,7,4
9323,7,4
9324,7,3
9325,7,3
9326,7,4
9327,7,3
9328,7,5
9329,7,4
9330,7,1
9331,7,4
9332,7,5
9333,7,2
9334,7,2
9335,7,3
9336,7,1
9337,7,1
9338,7,1
9339,7,1
9340,7,3
9341,7,3
9342,7,3
9343,7,1
9344,7,1
9345,7,1
9346,7,1
9347,7,1
9348,7,3
9349,7,1
9350,7,3
9351,7,1
9352,7,1
9353,7,5
9354,7,3
9355,7,2
9356,7,1
9357,7,3
9358,7,1
9359,7,4
9360,7,3
9361,7,3
9362,7,1
9363,7,3
9364,7,4
9365,7,4
9366,7,4
9367,7,3
9368,7,1
9369,7,3
9370,7,1
9371,7,1
9372,7,1
9373,7,1
9374,7,1
9375,7,1
9376,7,1
9377,7,1
9378,7,1
9379,7,1
9380,7,3
9381,7,1
9382,7,1
9383,7,1
9384,7,1
9385,7,1
9386,7,5
9387,7,3
9388,7,1
9389,7,3
9390,7,3
9391,7,4
9392,7,4
9393,7,2
9394,7,3
9395,7,3
9396,7,3
9397,7,4
9398,7,3
9399,7,5
9400,7,3
9401,7,3
9402,7,3
9403,7,3
9404,7,1
9405,7,1
9406,7,1
9407,7,1
9408,7,1
9409,7,1
9410,7,1
9411,7,1
9412,7,1
9413,7,1
9414,7,1
9415,7,1
9416,7,1
9417,7,1
9418,7,1
9419,7,1
9420,7,4
9421,7,3
9422,7,4
9423,7,2
9424,7,2
9425,7,4
9426,7,1
9427,7,5
9428,7,3
9429,7,3
9430,7,1
9431,7,3
9432,7,1
9433,7,4
9434,7,1
9435,7,4
9436,7,3
9437,7,4
9438,7,2
9439,7,2
9440,7,5
9441,7,3
9442,7,3
9443,7,1
9444,7,1
9445,7,3
9446,7,3
9447,7,5
9448,7,1
9449,7,3
9450,7,3
9451,7,3
9452,7,1
9453,7,1
9454,7,1
9455,7,1
9456,7,1
9457,7,1
9458,7,1
9459,7,5
9460,7,4
9461,7,2
9462,7,4
9463,7,1
9464,7,3
9465,7,3
9466,7,3
9467,7,1
9468,7,3
9469,7,4
9470,7,3
9471,7,3
9472,7,3
9473,7,5
9474,7,3
9475,7,2
9476,7,2
9477,7,1
9478,7,4
9479,7,3
9480,7,2
9481,7,3
9482,7,4
9483,7,3
9484,7,4
9485,7,1
9486,7,1
9487,7,1
9488,7,1
9489,7,1
9490,7,3
9491,7,1
9492,7,3
9493,7,4
9494,7,1
9495,7,1
9496,7,1
9497,7,1
9498,7,1
9499,7,1
9500,7,1
9501,7,1
9502,7,5
9503,7,1
9504,7,4
9505,7,5
9506,7,3
9507,7,3
9508,7,2
9509,7,3
9510,7,3
9511,7,4
9512,7,5
9513,7,3
9514,7,1
9515,7,1
9516,7,1
9517,7,1
9518,7,1
9519,7,1
9520,7,1
9521,7,1
9522,7,1
9523,7,1
9524,7,1
9525,7,1
9526,7,1
9527,7,3
9528,7,1
9529,7,1
9530,7,1
9531,7,3
9532,7,1
9533,7,1
9534,7,1
9535,7,1
9536,7,1
9537,7,1
9538,7,3
9539,7,1
9540,7,3
9541,7,3
9542,7,3
9543,7,2
9544,7,4
9545,7,1
9546,7,2
9547,7,1
9548,7,2
9549,7,3
9550,7,5
9551,7,5
9552,7,2
9553,7,1
9554,7,3
9555,7,1
9556,7,1
9557,7,1
9558,7,2
9559,7,1
9560,7,1
9561,7,1
9562,7,1
9563,7,1
9564,7,1
9565,7,1
9566,7,1
9567,7,5
9568,7,3
9569,7,4
9570,7,4
9571,7,3
9572,7,3
9573,7,3
9574,7,2
9575,7,3
9576,7,3
9577,7,4
9578,7,5
9579,7,1
9580,7,4
9581,7,1
9582,7,5
9583,7,4
9584,7,1
9585,7,1
9586,7,1
9587,7,1
9588,7,1
9589,7,1
9590,7,1
9591,7,1
9592,7,1
9593,7,1
9594,7,1
9595,7,1
9596,7,1
9597,7,1
9598,7,3
9599,7,3
9600,7,3
9601,7,3
9602,7,3
9603,7,4
9604,7,3
9605,7,1
9606,7,3
9607,7,4
9608,7,5
9609,7,4
9610,7,3
9611,7,1
9612,7,1
9613,7,1
9614,7,1
9615,7,1
9616,7,5
9617,7,4
9618,7,1
9619,7,1
9620,7,1
9621,7,1
9622,7,1
9623,7,1
9624,7,3
9625,7,1
9626,7,1
9627,7,1
9628,7,1
9629,7,1
9630,7,1
9631,7,1
9632,7,1
9633,7,5
9634,7,1
9635,7,1
9636,7,5
9637,7,4
9638,7,1
9639,7,1
9640,7,3
9641,7,3
9642,7,3
9643,7,2
9644,7,1
9645,7,5
9646,7,1
9647,7,3
9648,7,1
9649,7,1
9650,7,1
9651,7,1
9652,7,3
9653,7,1
9654,7,1
9655,7,1
9656,7,1
9657,7,1
9658,7,1
9659,7,1
9660,7,1
9661,7,1
9662,7,1
9663,7,1
9664,7,1
9665,7,1
9666,7,1
9667,7,4
9668,7,2
9669,7,2
9670,7,1
9671,7,5
9672,7,1
9673,7,3
9674,7,2
9675,7,4
9676,7,4
9677,7,5
9678,7,2
9679,7,3
9680,7,3
9681,7,3
9682,7,5
9683,7,1
9684,7,3
9685,7,1
9686,7,1
9687,7,3
9688,7,1
9689,7,3
9690,7,1
9691,7,3
9692,7,5
9693,7,1
9694,7,3
9695,7,1
9696,7,1
9697,7,1
9698,7,1
9699,7,1
9700,7,1
9701,7,1
9702,7,1
9703,7,5
9704,7,5
9705,7,3
9706,7,4
9707,7,2
9708,7,4
9709,7,3
9710,7,4
9711,7,4
9712,7,1
9713,7,5
9714,7,5
9715,7,2
9716,7,3
9717,7,3
9718,7,4
9719,7,3
9720,7,1
9721,7,1
9722,7,1
9723,7,1
9724,7,1
9725,7,1
9726,7,1
9727,7,1
9728,7,1
9729,7,1
9730,7,1
9731,7,1
9732,7,1
9733,7,1
9734,7,1
9735,7,5
9736,7,3
9737,7,5
9738,7,4
9739,7,5
9740,7,1
9741,7,4
9742,7,4
9743,7,3
9744,7,3
9745,7,5
9746,7,3
9747,7,1
9748,7,1
9749,7,1
9750,7,1
9751,7,2
9752,7,4
9753,7,1
9754,7,1
9755,7,1
9756,7,1
9757,7,1
9758,7,1
9759,7,1
9760,7,1
9761,7,1
9762,7,1
9763,7,1
9764,7,2
9765,7,3
9766,7,4
9767,7,3
9768,7,4
9769,7,4
9770,7,2
9771,7,4
9772,7,3
9773,7,4
9774,7,3
9775,7,4
9776,7,3
9777,7,4
9778,7,1
9779,7,5
9780,7,5
9781,7,2
9782,7,1
9783,7,1
9784,7,1
9785,7,3
9786,7,1
9787,7,2
9788,7,3
9789,7,1
9790,7,1
9791,7,1
9792,7,1
9793,7,1
9794,7,1
9795,7,1
9796,7,3
9797,7,1
9798,7,1
9799,7,3
9800,7,5
9801,7,4
9802,7,4
9803,7,2
9804,7,3
9805,7,3
9806,7,4
9807,7,3
9808,7,1
9809,7,5
9810,7,3
9811,7,1
9812,7,5
9813,7,2
9814,7,5
9815,7,3
9816,7,2
9817,7,3
9818,7,1
9819,7,3
9820,7,1
9821,7,1
9822,7,1
9823,7,1
9824,7,1
9825,7,3
9826,7,1
9827,7,1
9828,7,1
9829,7,1
9830,7,1
9831,7,1
9832,7,1
9833,7,1
9834,7,1
9835,7,4
9836,7,4
9837,7,5
9838,7,3
9839,7,3
9840,7,3
9841,7,3
9842,7,3
9843,7,2
9844,7,4
9845,7,3
9846,7,2
9847,7,4
9848,7,5
9849,7,3
9850,7,3
9851,7,3
9852,7,2
9853,7,5
9854,7,2
9855,7,4
9856,7,1
9857,7,1
9858,7,3
9859,7,1
9860,7,1
9861,7,3
9862,7,1
9863,7,3
9864,7,1
9865,7,1
9866,7,1
9867,7,1
9868,7,1
9869,7,1
9870,7,1
9871,7,1
9872,7,1
9873,7,1
9874,7,1
9875,7,2
9876,7,4
9877,7,3
9878,7,4
9879,7,4
9880,7,4
9881,7,3
9882,7,1
9883,7,3
9884,7,2
9885,7,2
9886,7,5
9887,7,3
9888,7,3
9889,7,3
9890,7,4
9891,7,3
9892,7,4
9893,7,5
9894,7,3
9895,7,5
9896,7,2
9897,7,3
9898,7,3
9899,7,1
9900,7,1
9901,7,1
9902,7,1
9903,7,1
9904,7,1
9905,7,1
9906,7,1
9907,7,4
9908,7,3
9909,7,1
9910,7,1
9911,7,1
9912,7,1
9913,7,1
9914,7,1
9915,7,1
9916,7,1
9917,7,1
9918,7,1
9919,7,3
9920,7,2
9921,7,3
9922,7,5
9923,7,3
9924,7,3
9925,7,1
9926,7,4
9927,7,4
9928,7,3
9929,7,4
9930,7,4
9931,7,4
9932,7,1
9933,7,1
9934,7,1
9935,7,1
9936,7,1
9937,7,1
9938,7,1
9939,7,2
9940,7,3
9941,7,1
9942,7,1
9943,7,1
9944,7,1
9945,7,1
9946,7,1
9947,7,1
9948,7,1
9949,7,1
9950,7,1
9951,7,1
9952,7,1
9953,7,1
9954,7,4
9955,7,3
9956,7,2
9957,7,4
9958,7,5
9959,7,2
9960,7,1
9961,7,3
9962,7,3
9963,7,3
9964,7,3
9965,7,4
9966,7,4
9967,7,4
9968,7,3
9969,7,3
9970,7,5
9971,7,2
9972,7,4
9973,7,5
9974,7,3
9975,7,1
9976,7,4
9977,7,5
9978,7,1
9979,7,1
9980,7,1
9981,7,1
9982,7,1
9983,7,1
9984,7,4
9985,7,4
9986,7,2
9987,7,4
9988,7,4
9989,7,2
9990,7,5
9991,7,1
9992,7,3
9993,7,3
9994,7,4
9995,7,2
9996,7,2
9997,7,1
9998,7,1
9999,7,1
10000,7,1
1,8,1
2,8,1
3,8,4
4,8,1
5,8,1
6,8,1
7,8,1
8,8,1
9,8,1
10,8,1
11,8,1
12,8,1
13,8,3
14,8,2
15,8,2
16,8,4
17,8,5
18,8,3
19,8,3
20,8,3
21,8,1
22,8,1
23,8,3
24,8,5
25,8,3
26,8,5
27,8,1
28,8,4
29,8,4
30,8,3
31,8,1
32,8,3
33,8,1
34,8,4
35,8,2
36,8,1
37,8,1
38,8,1
39,8,1
40,8,1
41,8,1
42,8,1
43,8,1
44,8,3
45,8,4
46,8,4
47,8,1
48,8,5
49,8,4
50,8,4
51,8,5
52,8,4
53,8,5
54,8,5
55,8,4
56,8,5
57,8,5
58,8,3
59,8,2
60,8,5
61,8,4
62,8,3
63,8,4
64,8,3
65,8,1
66,8,1
67,8,3
68,8,2
69,8,4
70,8,5
71,8,1
72,8,1
73,8,1
74,8,1
75,8,1
76,8,1
77,8,3
78,8,1
79,8,1
80,8,1
81,8,1
82,8,1
83,8,1
84,8,1
85,8,1
86,8,1
87,8,1
88,8,4
89,8,4
90,8,5
91,8,3
92,8,4
93,8,4
94,8,5
95,8,2
96,8,3
97,8,3
98,8,1
99,8,3
100,8,3
101,8,5
102,8,4
103,8,1
104,8,3
105,8,4
106,8,1
107,8,1
108,8,3
109,8,1
110,8,1
111,8,1
112,8,1
113,8,5
114,8,2
115,8,2
116,8,1
117,8,1
118,8,1
119,8,1
120,8,1
121,8,3
122,8,3
123,8,1
124,8,3
125,8,1
126,8,4
127,8,1
128,8,4
129,8,4
130,8,3
131,8,3
132,8,1
133,8,3
134,8,3
135,8,5
136,8,1
137,8,3
138,8,3
139,8,5
140,8,3
141,8,1
142,8,5
143,8,3
144,8,1
145,8,3
146,8,5
147,8,2
148,8,5
149,8,4
150,8,1
151,8,1
152,8,3
153,8,1
154,8,1
155,8,1
156,8,1
157,8,1
158,8,1
159,8,1
160,8,1
161,8,1
162,8,1
163,8,1
164,8,1
165,8,3
166,8,4
167,8,3
168,8,4
169,8,2
170,8,3
171,8,4
172,8,3
173,8,1
174,8,3
175,8,4
176,8,3
177,8,3
178,8,4
179,8,4
180,8,1
181,8,5
182,8,2
183,8,2
184,8,4
185,8,3
186,8,3
187,8,3
188,8,3
189,8,5
190,8,4
191,8,4
192,8,4
193,8,4
194,8,3
195,8,1
196,8,1
197,8,3
198,8,2
199,8,4
200,8,1
201,8,1
202,8,1
203,8,1
204,8,1
205,8,1
206,8,1
207,8,1
208,8,1
209,8,3
210,8,1
211,8,1
212,8,1
213,8,1
214,8,1
215,8,2
216,8,1
217,8,3
218,8,3
219,8,4
220,8,4
221,8,1
222,8,4
223,8,4
224,8,3
225,8,3
226,8,5
227,8,3
228,8,3
229,8,4
230,8,1
231,8,1
232,8,5
233,8,1
234,8,1
235,8,1
236,8,1
237,8,1
238,8,1
239,8,1
240,8,1
241,8,3
242,8,1
243,8,3
244,8,1
245,8,1
246,8,2
247,8,3
248,8,3
249,8,4
250,8,4
251,8,4
252,8,4
253,8,1
254,8,4
255,8,3
256,8,5
257,8,4
258,8,3
259,8,1
260,8,2
261,8,4
262,8,3
263,8,5
264,8,5
265,8,3
266,8,3
267,8,5
268,8,4
269,8,2
270,8,4
271,8,1
272,8,1
273,8,1
274,8,3
275,8,3
276,8,2
277,8,1
278,8,1
279,8,1
280,8,1
281,8,1
282,8,1
283,8,1
284,8,1
285,8,3
286,8,4
287,8,4
288,8,2
289,8,5
290,8,2
291,8,3
292,8,2
293,8,4
294,8,1
295,8,3
296,8,2
297,8,2
298,8,3
299,8,2
300,8,2
301,8,4
302,8,5
303,8,1
304,8,1
305,8,1
306,8,3
307,8,1
308,8,1
309,8,1
310,8,1
311,8,1
312,8,1
313,8,1
314,8,1
315,8,1
316,8,1
317,8,1
318,8,1
319,8,1
320,8,3
321,8,1
322,8,5
323,8,3
324,8,4
325,8,3
326,8,4
327,8,1
328,8,4
329,8,4
330,8,1
331,8,4
332,8,3
333,8,4
334,8,4
335,8,3
336,8,3
337,8,4
338,8,3
339,8,3
340,8,1
341,8,1
342,8,1
343,8,3
344,8,4
345,8,3
346,8,1
347,8,2
348,8,1
349,8,1
350,8,3
351,8,1
352,8,1
353,8,1
354,8,1
355,8,1
356,8,1
357,8,1
358,8,3
359,8,1
360,8,1
361,8,1
362,8,1
363,8,1
364,8,3
365,8,1
366,8,4
367,8,3
368,8,4
369,8,4
370,8,3
371,8,2
372,8,3
373,8,3
374,8,3
375,8,4
376,8,5
377,8,3
378,8,4
379,8,1
380,8,5
381,8,2
382,8,1
383,8,1
384,8,1
385,8,3
386,8,3
387,8,3
388,8,1
389,8,1
390,8,1
391,8,1
392,8,1
393,8,1
394,8,4
395,8,4
396,8,3
397,8,3
398,8,4
399,8,4
400,8,1
401,8,4
402,8,3
403,8,5
404,8,4
405,8,5
406,8,3
407,8,4
408,8,3
409,8,3
410,8,4
411,8,3
412,8,3
413,8,4
414,8,5
415,8,2
416,8,3
417,8,2
418,8,4
419,8,1
420,8,3
421,8,1
422,8,1
423,8,2
424,8,4
425,8,5
426,8,3
427,8,1
428,8,1
429,8,1
430,8,1
431,8,1
432,8,1
433,8,1
434,8,1
435,8,1
436,8,1
437,8,1
438,8,1
439,8,1
440,8,4
441,8,4
442,8,2
443,8,3
444,8,5
445,8,5
446,8,4
447,8,4
448,8,1
449,8,3
450,8,5
451,8,3
452,8,4
453,8,3
454,8,4
455,8,3
456,8,3
457,8,1
458,8,1
459,8,1
460,8,3
461,8,1
462,8,4
463,8,4
464,8,1
465,8,1
466,8,1
467,8,1
468,8,1
469,8,1
470,8,1
471,8,1
472,8,1
473,8,1
474,8,4
475,8,4
476,8,4
477,8,2
478,8,3
479,8,3
480,8,1
481,8,5
482,8,1
483,8,4
484,8,4
485,8,3
486,8,3
487,8,1
488,8,2
489,8,3
490,8,1
491,8,1
492,8,3
493,8,3
494,8,2
495,8,1
496,8,1
497,8,1
498,8,1
499,8,1
500,8,1
501,8,1
502,8,1
503,8,1
504,8,1
505,8,1
506,8,1
507,8,1
508,8,1
509,8,1
510,8,1
511,8,1
512,8,1
513,8,1
514,8,3
515,8,1
516,8,3
517,8,3
518,8,3
519,8,1
520,8,1
521,8,2
522,8,3
523,8,3
524,8,4
525,8,1
526,8,1
527,8,4
528,8,4
529,8,1
530,8,1
531,8,1
532,8,1
533,8,1
534,8,3
535,8,1
536,8,1
537,8,3
538,8,3
539,8,3
540,8,1
541,8,1
542,8,1
543,8,3
544,8,1
545,8,1
546,8,1
547,8,1
548,8,1
549,8,1
550,8,4
551,8,1
552,8,1
553,8,3
554,8,4
555,8,4
556,8,4
557,8,3
558,8,1
559,8,4
560,8,3
561,8,4
562,8,5
563,8,4
564,8,3
565,8,1
566,8,4
567,8,5
568,8,5
569,8,3
570,8,2
571,8,3
572,8,2
573,8,3
574,8,1
575,8,1
576,8,4
577,8,3
578,8,3
579,8,1
580,8,1
581,8,1
582,8,1
583,8,1
584,8,1
585,8,1
586,8,1
587,8,1
588,8,4
589,8,1
590,8,4
591,8,2
592,8,4
593,8,4
594,8,5
595,8,4
596,8,3
597,8,2
598,8,3
599,8,3
600,8,2
601,8,3
602,8,3
603,8,4
604,8,2
605,8,3
606,8,1
607,8,3
608,8,3
609,8,3
610,8,2
611,8,1
612,8,1
613,8,1
614,8,1
615,8,1
616,8,1
617,8,1
618,8,1
619,8,1
620,8,1
621,8,3
622,8,4
623,8,4
624,8,3
625,8,3
626,8,3
627,8,2
628,8,4
629,8,5
630,8,1
631,8,3
632,8,5
633,8,3
634,8,5
635,8,1
636,8,1
637,8,1
638,8,1
639,8,1
640,8,1
641,8,1
642,8,1
643,8,1
644,8,1
645,8,1
646,8,1
647,8,1
648,8,1
649,8,1
650,8,1
651,8,3
652,8,3
653,8,3
654,8,3
655,8,3
656,8,5
657,8,3
658,8,4
659,8,2
660,8,5
661,8,5
662,8,3
663,8,5
664,8,2
665,8,4
666,8,5
667,8,3
668,8,3
669,8,3
670,8,3
671,8,1
672,8,2
673,8,2
674,8,4
675,8,1
676,8,1
677,8,1
678,8,1
679,8,1
680,8,3
681,8,1
682,8,1
683,8,1
684,8,1
685,8,1
686,8,1
687,8,4
688,8,3
689,8,5
690,8,3
691,8,3
692,8,1
693,8,3
694,8,5
695,8,3
696,8,3
697,8,3
698,8,3
699,8,5
700,8,4
701,8,1
702,8,2
703,8,2
704,8,3
705,8,4
706,8,1
707,8,3
708,8,3
709,8,1
710,8,3
711,8,1
712,8,4
713,8,3
714,8,1
715,8,1
716,8,1
717,8,3
718,8,1
719,8,1
720,8,1
721,8,1
722,8,1
723,8,1
724,8,1
725,8,1
726,8,1
727,8,1
728,8,1
729,8,1
730,8,1
731,8,3
732,8,4
733,8,5
734,8,1
735,8,3
736,8,3
737,8,5
738,8,4
739,8,2
740,8,1
741,8,1
742,8,1
743,8,2
744,8,4
745,8,2
746,8,1
747,8,1
748,8,1
749,8,1
750,8,1
751,8,3
752,8,1
753,8,3
754,8,1
755,8,1
756,8,1
757,8,1
758,8,4
759,8,5
760,8,1
761,8,5
762,8,4
763,8,4
764,8,3
765,8,5
766,8,1
767,8,3
768,8,3
769,8,1
770,8,4
771,8,3
772,8,4
773,8,1
774,8,3
775,8,1
776,8,1
777,8,3
778,8,2
779,8,3
780,8,1
781,8,1
782,8,1
783,8,1
784,8,1
785,8,3
786,8,1
787,8,1
788,8,3
789,8,1
790,8,5
791,8,4
792,8,3
793,8,3
794,8,2
795,8,2
796,8,3
797,8,2
798,8,5
799,8,2
800,8,4
801,8,3
802,8,5
803,8,3
804,8,3
805,8,5
806,8,5
807,8,4
808,8,3
809,8,4
810,8,5
811,8,1
812,8,5
813,8,1
814,8,1
815,8,1
816,8,3
817,8,1
818,8,1
819,8,1
820,8,1
821,8,1
822,8,1
823,8,1
824,8,3
825,8,4
826,8,3
827,8,4
828,8,2
829,8,1
830,8,3
831,8,2
832,8,1
833,8,3
834,8,2
835,8,4
836,8,3
837,8,4
838,8,5
839,8,5
840,8,3
841,8,5
842,8,5
843,8,3
844,8,3
845,8,4
846,8,4
847,8,5
848,8,4
849,8,3
850,8,3
851,8,5
852,8,5
853,8,2
854,8,2
855,8,4
856,8,2
857,8,2
858,8,4
859,8,5
860,8,5
861,8,4
862,8,4
863,8,4
864,8,5
865,8,5
866,8,5
867,8,5
868,8,5
869,8,4
870,8,5
871,8,5
872,8,5
873,8,4
874,8,5
875,8,3
876,8,3
877,8,5
878,8,5
879,8,5
880,8,5
881,8,3
882,8,5
883,8,5
884,8,5
885,8,4
886,8,5
887,8,1
888,8,4
889,8,5
890,8,5
891,8,4
892,8,4
893,8,4
894,8,4
895,8,4
896,8,1
897,8,2
898,8,1
899,8,2
900,8,4
901,8,5
902,8,5
903,8,2
904,8,4
905,8,5
906,8,4
907,8,5
908,8,4
909,8,5
910,8,5
911,8,5
912,8,3
913,8,5
914,8,4
915,8,4
916,8,5
917,8,4
918,8,4
919,8,5
920,8,5
921,8,5
922,8,5
923,8,5
924,8,5
925,8,5
926,8,5
927,8,4
928,8,1
929,8,5
930,8,4
931,8,3
932,8,4
933,8,4
934,8,5
935,8,4
936,8,4
937,8,1
938,8,4
939,8,2
940,8,2
941,8,2
942,8,2
943,8,2
944,8,4
945,8,2
946,8,2
947,8,2
948,8,1
949,8,4
950,8,3
951,8,5
952,8,5
953,8,4
954,8,5
955,8,5
956,8,4
957,8,5
958,8,5
959,8,4
960,8,5
961,8,4
962,8,4
963,8,5
964,8,4
965,8,4
966,8,4
967,8,3
968,8,4
969,8,4
970,8,4
971,8,4
972,8,3
973,8,4
974,8,1
975,8,5
976,8,2
977,8,2
978,8,5
979,8,2
980,8,5
981,8,5
982,8,5
983,8,5
984,8,5
985,8,5
986,8,5
987,8,4
988,8,5
989,8,4
990,8,5
991,8,4
992,8,5
993,8,5
994,8,5
995,8,5
996,8,5
997,8,5
998,8,4
999,8,5
1000,8,5
1001,8,5
1002,8,5
1003,8,5
1004,8,3
1005,8,5
1006,8,5
1007,8,4
1008,8,3
1009,8,4
1010,8,3
1011,8,4
1012,8,5
1013,8,4
1014,8,5
1015,8,4
1016,8,4
1017,8,4
1018,8,4
1019,8,4
1020,8,2
1021,8,2
1022,8,4
1023,8,1
1024,8,3
1025,8,4
1026,8,4
1027,8,5
1028,8,4
1029,8,3
1030,8,2
1031,8,1
1032,8,2
1033,8,4
1034,8,5
1035,8,5
1036,8,4
1037,8,5
1038,8,5
1039,8,5
1040,8,3
1041,8,5
1042,8,5
1043,8,4
1044,8,4
1045,8,4
1046,8,2
1047,8,4
1048,8,4
1049,8,5
1050,8,4
1051,8,5
1052,8,2
1053,8,4
1054,8,4
1055,8,4
1056,8,1
1057,8,2
1058,8,4
1059,8,4
1060,8,4
1061,8,1
1062,8,1
1063,8,4
1064,8,4
1065,8,5
1066,8,5
1067,8,5
1068,8,5
1069,8,3
1070,8,4
1071,8,4
1072,8,4
1073,8,5
1074,8,5
1075,8,5
1076,8,5
1077,8,3
1078,8,4
1079,8,5
1080,8,5
1081,8,5
1082,8,5
1083,8,5
1084,8,5
1085,8,2
1086,8,1
1087,8,5
1088,8,3
1089,8,4
1090,8,5
1091,8,3
1092,8,2
1093,8,4
1094,8,5
1095,8,5
1096,8,5
1097,8,4
1098,8,5
1099,8,5
1100,8,4
1101,8,4
1102,8,5
1103,8,5
1104,8,4
1105,8,5
1106,8,5
1107,8,5
1108,8,5
1109,8,4
1110,8,5
1111,8,3
1112,8,3
1113,8,5
1114,8,5
1115,8,5
1116,8,5
1117,8,5
1118,8,5
1119,8,5
1120,8,4
1121,8,4
1122,8,5
1123,8,4
1124,8,3
1125,8,5
1126,8,3
1127,8,5
1128,8,5
1129,8,4
1130,8,3
1131,8,4
1132,8,4
1133,8,3
1134,8,5
1135,8,2
1136,8,5
1137,8,2
1138,8,3
1139,8,4
1140,8,5
1141,8,5
1142,8,4
1143,8,5
1144,8,4
1145,8,5
1146,8,5
1147,8,5
1148,8,4
1149,8,5
1150,8,5
1151,8,5
1152,8,5
1153,8,4
1154,8,2
1155,8,5
1156,8,5
1157,8,4
1158,8,4
1159,8,4
1160,8,5
1161,8,5
1162,8,4
1163,8,4
1164,8,5
1165,8,5
1166,8,4
1167,8,4
1168,8,2
1169,8,1
1170,8,4
1171,8,5
1172,8,3
1173,8,4
1174,8,4
1175,8,3
1176,8,5
1177,8,5
1178,8,5
1179,8,5
1180,8,5
1181,8,5
1182,8,4
1183,8,4
1184,8,5
1185,8,4
1186,8,5
1187,8,4
1188,8,3
1189,8,4
1190,8,4
1191,8,5
1192,8,4
1193,8,4
1194,8,1
1195,8,2
1196,8,1
1197,8,4
1198,8,4
1199,8,5
1200,8,4
1201,8,5
1202,8,4
1203,8,3
1204,8,5
1205,8,4
1206,8,4
1207,8,3
1208,8,1
1209,8,1
1210,8,4
1211,8,3
1212,8,1
1213,8,5
1214,8,4
1215,8,4
1216,8,5
1217,8,4
1218,8,5
1219,8,5
1220,8,3
1221,8,5
1222,8,5
1223,8,4
1224,8,5
1225,8,5
1226,8,4
1227,8,5
1228,8,3
1229,8,5
1230,8,5
1231,8,3
1232,8,4
1233,8,4
1234,8,4
1235,8,4
1236,8,1
1237,8,3
1238,8,5
1239,8,4
1240,8,4
1241,8,3
1242,8,2
1243,8,5
1244,8,2
1245,8,4
1246,8,2
1247,8,2
1248,8,5
1249,8,4
1250,8,3
1251,8,4
1252,8,4
1253,8,5
1254,8,5
1255,8,5
1256,8,5
1257,8,5
1258,8,5
1259,8,5
1260,8,5
1261,8,4
1262,8,4
1263,8,4
1264,8,3
1265,8,5
1266,8,3
1267,8,5
1268,8,5
1269,8,2
1270,8,2
1271,8,5
1272,8,3
1273,8,3
1274,8,4
1275,8,4
1276,8,4
1277,8,2
1278,8,1
1279,8,4
1280,8,2
1281,8,4
1282,8,4
1283,8,1
1284,8,4
1285,8,4
1286,8,4
1287,8,2
1288,8,4
1289,8,1
1290,8,4
1291,8,3
1292,8,1
1293,8,1
1294,8,5
1295,8,5
1296,8,4
1297,8,5
1298,8,5
1299,8,5
1300,8,5
1301,8,4
1302,8,5
1303,8,5
1304,8,5
1305,8,5
1306,8,4
1307,8,5
1308,8,4
1309,8,3
1310,8,5
1311,8,3
1312,8,5
1313,8,4
1314,8,5
1315,8,5
1316,8,5
1317,8,5
1318,8,5
1319,8,4
1320,8,4
1321,8,4
1322,8,5
1323,8,2
1324,8,5
1325,8,4
1326,8,5
1327,8,3
1328,8,2
1329,8,3
1330,8,2
1331,8,2
1332,8,2
1333,8,1
1334,8,5
1335,8,4
1336,8,5
1337,8,5
1338,8,4
1339,8,5
1340,8,5
1341,8,5
1342,8,5
1343,8,5
1344,8,5
1345,8,4
1346,8,4
1347,8,4
1348,8,5
1349,8,5
1350,8,5
1351,8,5
1352,8,4
1353,8,5
1354,8,3
1355,8,4
1356,8,1
1357,8,5
1358,8,5
1359,8,5
1360,8,4
1361,8,5
1362,8,4
1363,8,5
1364,8,2
1365,8,5
1366,8,4
1367,8,4
1368,8,3
1369,8,4
1370,8,5
1371,8,3
1372,8,5
1373,8,4
1374,8,5
1375,8,5
1376,8,5
1377,8,4
1378,8,5
1379,8,5
1380,8,5
1381,8,4
1382,8,5
1383,8,5
1384,8,4
1385,8,5
1386,8,5
1387,8,4
1388,8,4
1389,8,5
1390,8,5
1391,8,5
1392,8,5
1393,8,3
1394,8,4
1395,8,4
1396,8,4
1397,8,4
1398,8,3
1399,8,5
1400,8,5
1401,8,3
1402,8,4
1403,8,2
1404,8,4
1405,8,4
1406,8,4
1407,8,2
1408,8,3
1409,8,4
1410,8,5
1411,8,1
1412,8,4
1413,8,2
1414,8,4
1415,8,4
1416,8,5
1417,8,4
1418,8,3
1419,8,3
1420,8,4
1421,8,5
1422,8,5
1423,8,5
1424,8,4
1425,8,5
1426,8,4
1427,8,5
1428,8,4
1429,8,4
1430,8,5
1431,8,1
1432,8,2
1433,8,1
1434,8,4
1435,8,4
1436,8,4
1437,8,5
1438,8,2
1439,8,5
1440,8,4
1441,8,4
1442,8,5
1443,8,5
1444,8,4
1445,8,5
1446,8,4
1447,8,5
1448,8,5
1449,8,5
1450,8,5
1451,8,5
1452,8,4
1453,8,4
1454,8,5
1455,8,5
1456,8,4
1457,8,5
1458,8,5
1459,8,3
1460,8,4
1461,8,5
1462,8,4
1463,8,4
1464,8,3
1465,8,1
1466,8,4
1467,8,4
1468,8,5
1469,8,4
1470,8,5
1471,8,4
1472,8,4
1473,8,4
1474,8,1
1475,8,4
1476,8,2
1477,8,4
1478,8,1
1479,8,5
1480,8,5
1481,8,4
1482,8,4
1483,8,5
1484,8,4
1485,8,5
1486,8,4
1487,8,5
1488,8,5
1489,8,4
1490,8,4
1491,8,5
1492,8,5
1493,8,4
1494,8,4
1495,8,4
1496,8,5
1497,8,5
1498,8,5
1499,8,4
1500,8,5
1501,8,4
1502,8,5
1503,8,3
1504,8,5
1505,8,4
1506,8,2
1507,8,3
1508,8,2
1509,8,2
1510,8,1
1511,8,4
1512,8,4
1513,8,2
1514,8,1
1515,8,4
1516,8,4
1517,8,4
1518,8,4
1519,8,4
1520,8,4
1521,8,3
1522,8,4
1523,8,4
1524,8,5
1525,8,5
1526,8,5
1527,8,5
1528,8,5
1529,8,5
1530,8,5
1531,8,5
1532,8,5
1533,8,5
1534,8,5
1535,8,5
1536,8,4
1537,8,5
1538,8,5
1539,8,5
1540,8,4
1541,8,5
1542,8,4
1543,8,1
1544,8,4
1545,8,4
1546,8,4
1547,8,5
1548,8,4
1549,8,4
1550,8,5
1551,8,4
1552,8,4
1553,8,5
1554,8,4
1555,8,3
1556,8,4
1557,8,4
1558,8,4
1559,8,5
1560,8,2
1561,8,2
1562,8,1
1563,8,5
1564,8,4
1565,8,5
1566,8,4
1567,8,5
1568,8,4
1569,8,4
1570,8,5
1571,8,3
1572,8,5
1573,8,5
1574,8,5
1575,8,5
1576,8,4
1577,8,4
1578,8,4
1579,8,5
1580,8,4
1581,8,5
1582,8,2
1583,8,4
1584,8,5
1585,8,4
1586,8,1
1587,8,4
1588,8,2
1589,8,2
1590,8,4
1591,8,1
1592,8,2
1593,8,2
1594,8,4
1595,8,4
1596,8,2
1597,8,4
1598,8,4
1599,8,2
1600,8,4
1601,8,4
1602,8,5
1603,8,5
1604,8,4
1605,8,4
1606,8,4
1607,8,5
1608,8,5
1609,8,3
1610,8,5
1611,8,5
1612,8,5
1613,8,4
1614,8,5
1615,8,4
1616,8,5
1617,8,5
1618,8,5
1619,8,5
1620,8,5
1621,8,4
1622,8,5
1623,8,4
1624,8,4
1625,8,5
1626,8,3
1627,8,5
1628,8,2
1629,8,3
1630,8,5
1631,8,5
1632,8,4
1633,8,3
1634,8,4
1635,8,4
1636,8,2
1637,8,4
1638,8,5
1639,8,4
1640,8,2
1641,8,5
1642,8,1
1643,8,5
1644,8,5
1645,8,5
1646,8,3
1647,8,4
1648,8,4
1649,8,4
1650,8,5
1651,8,3
1652,8,5
1653,8,5
1654,8,5
1655,8,3
1656,8,5
1657,8,4
1658,8,5
1659,8,5
1660,8,5
1661,8,5
1662,8,5
1663,8,4
1664,8,4
1665,8,4
1666,8,5
1667,8,4
1668,8,2
1669,8,2
1670,8,1
1671,8,2
1672,8,1
1673,8,2
1674,8,4
1675,8,4
1676,8,5
1677,8,5
1678,8,5
1679,8,5
1680,8,5
1681,8,5
1682,8,5
1683,8,5
1684,8,5
1685,8,4
1686,8,5
1687,8,4
1688,8,5
1689,8,4
1690,8,4
1691,8,4
1692,8,5
1693,8,5
1694,8,5
1695,8,4
1696,8,4
1697,8,4
1698,8,4
1699,8,4
1700,8,5
1701,8,4
1702,8,5
1703,8,5
1704,8,1
1705,8,1
1706,8,2
1707,8,2
1708,8,5
1709,8,4
1710,8,2
1711,8,4
1712,8,3
1713,8,5
1714,8,4
1715,8,2
1716,8,5
1717,8,5
1718,8,5
1719,8,5
1720,8,3
1721,8,5
1722,8,5
1723,8,3
1724,8,4
1725,8,5
1726,8,5
1727,8,4
1728,8,5
1729,8,5
1730,8,5
1731,8,5
1732,8,4
1733,8,4
1734,8,4
1735,8,5
1736,8,5
1737,8,4
1738,8,5
1739,8,4
1740,8,4
1741,8,4
1742,8,3
1743,8,4
1744,8,5
1745,8,4
1746,8,2
1747,8,4
1748,8,4
1749,8,1
1750,8,5
1751,8,4
1752,8,4
1753,8,2
1754,8,5
1755,8,4
1756,8,4
1757,8,5
1758,8,5
1759,8,5
1760,8,5
1761,8,5
1762,8,3
1763,8,4
1764,8,4
1765,8,5
1766,8,5
1767,8,5
1768,8,3
1769,8,4
1770,8,5
1771,8,5
1772,8,3
1773,8,5
1774,8,4
1775,8,5
1776,8,3
1777,8,5
1778,8,4
1779,8,2
1780,8,2
1781,8,1
1782,8,3
1783,8,4
1784,8,4
1785,8,5
1786,8,5
1787,8,1
1788,8,2
1789,8,5
1790,8,5
1791,8,5
1792,8,5
1793,8,5
1794,8,5
1795,8,5
1796,8,5
1797,8,4
1798,8,5
1799,8,5
1800,8,5
1801,8,4
1802,8,5
1803,8,4
1804,8,5
1805,8,4
1806,8,5
1807,8,4
1808,8,5
1809,8,5
1810,8,3
1811,8,2
1812,8,5
1813,8,3
1814,8,5
1815,8,3
1816,8,5
1817,8,5
1818,8,2
1819,8,4
1820,8,5
1821,8,4
1822,8,3
1823,8,5
1824,8,4
1825,8,5
1826,8,5
1827,8,5
1828,8,4
1829,8,5
1830,8,5
1831,8,5
1832,8,4
1833,8,4
1834,8,5
1835,8,5
1836,8,5
1837,8,3
1838,8,1
1839,8,3
1840,8,4
1841,8,2
1842,8,2
1843,8,4
1844,8,4
1845,8,5
1846,8,3
1847,8,4
1848,8,5
1849,8,4
1850,8,3
1851,8,4
1852,8,3
1853,8,5
1854,8,4
1855,8,4
1856,8,4
1857,8,4
1858,8,4
1859,8,4
1860,8,2
1861,8,3
1862,8,5
1863,8,5
1864,8,5
1865,8,4
1866,8,5
1867,8,5
1868,8,4
1869,8,5
1870,8,5
1871,8,5
1872,8,4
1873,8,5
1874,8,4
1875,8,5
1876,8,4
1877,8,5
1878,8,5
1879,8,5
1880,8,3
1881,8,4
1882,8,5
1883,8,4
1884,8,2
1885,8,2
1886,8,4
1887,8,2
1888,8,5
1889,8,4
1890,8,5
1891,8,2
1892,8,4
1893,8,4
1894,8,1
1895,8,5
1896,8,5
1897,8,4
1898,8,2
1899,8,4
1900,8,5
1901,8,4
1902,8,4
1903,8,4
1904,8,5
1905,8,4
1906,8,5
1907,8,5
1908,8,5
1909,8,5
1910,8,5
1911,8,5
1912,8,5
1913,8,3
1914,8,5
1915,8,5
1916,8,5
1917,8,5
1918,8,5
1919,8,5
1920,8,1
1921,8,3
1922,8,3
1923,8,5
1924,8,3
1925,8,4
1926,8,2
1927,8,2
1928,8,4
1929,8,2
1930,8,1
1931,8,2
1932,8,2
1933,8,2
1934,8,4
1935,8,4
1936,8,4
1937,8,1
1938,8,2
1939,8,4
1940,8,4
1941,8,5
1942,8,2
1943,8,2
1944,8,3
1945,8,5
1946,8,5
1947,8,5
1948,8,5
1949,8,4
1950,8,4
1951,8,5
1952,8,5
1953,8,3
1954,8,5
1955,8,5
1956,8,5
1957,8,5
1958,8,5
1959,8,5
1960,8,5
1961,8,5
1962,8,5
1963,8,5
1964,8,5
1965,8,5
1966,8,5
1967,8,5
1968,8,5
1969,8,3
1970,8,5
1971,8,4
1972,8,4
1973,8,5
1974,8,5
1975,8,4
1976,8,4
1977,8,3
1978,8,4
1979,8,5
1980,8,4
1981,8,2
1982,8,5
1983,8,4
1984,8,2
1985,8,4
1986,8,3
1987,8,4
1988,8,5
1989,8,4
1990,8,5
1991,8,4
1992,8,5
1993,8,4
1994,8,5
1995,8,5
1996,8,5
1997,8,5
1998,8,4
1999,8,3
2000,8,5
2001,8,5
2002,8,5
2003,8,4
2004,8,4
2005,8,5
2006,8,2
2007,8,4
2008,8,4
2009,8,2
2010,8,5
2011,8,4
2012,8,4
2013,8,1
2014,8,5
2015,8,4
2016,8,4
2017,8,5
2018,8,4
2019,8,5
2020,8,2
2021,8,4
2022,8,5
2023,8,5
2024,8,5
2025,8,5
2026,8,5
2027,8,4
2028,8,4
2029,8,3
2030,8,5
2031,8,5
2032,8,5
2033,8,5
2034,8,5
2035,8,5
2036,8,4
2037,8,3
2038,8,5
2039,8,4
2040,8,4
2041,8,5
2042,8,3
2043,8,5
2044,8,5
2045,8,5
2046,8,4
2047,8,5
2048,8,5
2049,8,5
2050,8,5
2051,8,2
2052,8,5
2053,8,5
2054,8,4
2055,8,5
2056,8,5
2057,8,4
2058,8,4
2059,8,1
2060,8,4
2061,8,2
2062,8,4
2063,8,3
2064,8,2
2065,8,1
2066,8,4
2067,8,3
2068,8,1
2069,8,4
2070,8,4
2071,8,4
2072,8,5
2073,8,5
2074,8,4
2075,8,4
2076,8,5
2077,8,5
2078,8,4
2079,8,4
2080,8,5
2081,8,5
2082,8,5
2083,8,4
2084,8,4
2085,8,5
2086,8,5
2087,8,5
2088,8,5
2089,8,5
2090,8,5
2091,8,4
2092,8,4
2093,8,3
2094,8,4
2095,8,4
2096,8,5
2097,8,5
2098,8,5
2099,8,5
2100,8,2
2101,8,2
2102,8,1
2103,8,4
2104,8,4
2105,8,4
2106,8,4
2107,8,1
2108,8,4
2109,8,5
2110,8,5
2111,8,4
2112,8,4
2113,8,5
2114,8,3
2115,8,5
2116,8,3
2117,8,5
2118,8,5
2119,8,4
2120,8,4
2121,8,5
2122,8,4
2123,8,3
2124,8,4
2125,8,5
2126,8,5
2127,8,5
2128,8,5
2129,8,4
2130,8,4
2131,8,4
2132,8,4
2133,8,4
2134,8,1
2135,8,4
2136,8,4
2137,8,4
2138,8,4
2139,8,5
2140,8,5
2141,8,4
2142,8,5
2143,8,5
2144,8,5
2145,8,3
2146,8,5
2147,8,5
2148,8,5
2149,8,5
2150,8,5
2151,8,5
2152,8,5
2153,8,5
2154,8,5
2155,8,5
2156,8,5
2157,8,4
2158,8,5
2159,8,4
2160,8,4
2161,8,2
2162,8,4
2163,8,4
2164,8,3
2165,8,5
2166,8,4
2167,8,3
2168,8,2
2169,8,2
2170,8,5
2171,8,4
2172,8,2
2173,8,4
2174,8,4
2175,8,4
2176,8,4
2177,8,5
2178,8,3
2179,8,5
2180,8,4
2181,8,5
2182,8,5
2183,8,4
2184,8,5
2185,8,5
2186,8,5
2187,8,5
2188,8,5
2189,8,4
2190,8,1
2191,8,3
2192,8,5
2193,8,4
2194,8,5
2195,8,4
2196,8,1
2197,8,4
2198,8,4
2199,8,4
2200,8,5
2201,8,5
2202,8,4
2203,8,5
2204,8,3
2205,8,1
2206,8,1
2207,8,4
2208,8,1
2209,8,5
2210,8,5
2211,8,4
2212,8,5
2213,8,5
2214,8,5
2215,8,4
2216,8,5
2217,8,5
2218,8,5
2219,8,5
2220,8,5
2221,8,5
2222,8,5
2223,8,5
2224,8,5
2225,8,5
2226,8,5
2227,8,5
2228,8,4
2229,8,5
2230,8,4
2231,8,4
2232,8,4
2233,8,5
2234,8,3
2235,8,4
2236,8,2
2237,8,4
2238,8,2
2239,8,3
2240,8,5
2241,8,1
2242,8,4
2243,8,5
2244,8,4
2245,8,4
2246,8,5
2247,8,5
2248,8,5
2249,8,4
2250,8,5
2251,8,5
2252,8,5
2253,8,5
2254,8,4
2255,8,3
2256,8,5
2257,8,5
2258,8,5
2259,8,5
2260,8,5
2261,8,1
2262,8,3
2263,8,2
2264,8,3
2265,8,4
2266,8,1
2267,8,2
2268,8,4
2269,8,1
2270,8,1
2271,8,1
2272,8,3
2273,8,4
2274,8,1
2275,8,1
2276,8,3
2277,8,3
2278,8,1
2279,8,4
2280,8,4
2281,8,4
2282,8,2
2283,8,3
2284,8,3
2285,8,3
2286,8,1
2287,8,1
2288,8,5
2289,8,3
2290,8,3
2291,8,4
2292,8,5
2293,8,5
2294,8,4
2295,8,2
2296,8,1
2297,8,4
2298,8,1
2299,8,1
2300,8,4
2301,8,4
2302,8,1
2303,8,5
2304,8,1
2305,8,1
2306,8,1
2307,8,4
2308,8,4
2309,8,3
2310,8,3
2311,8,4
2312,8,5
2313,8,1
2314,8,3
2315,8,4
2316,8,4
2317,8,3
2318,8,5
2319,8,4
2320,8,5
2321,8,4
2322,8,1
2323,8,3
2324,8,5
2325,8,4
2326,8,1
2327,8,5
2328,8,3
2329,8,4
2330,8,5
2331,8,2
2332,8,1
2333,8,1
2334,8,1
2335,8,1
2336,8,2
2337,8,1
2338,8,1
2339,8,1
2340,8,2
2341,8,4
2342,8,1
2343,8,2
2344,8,5
2345,8,4
2346,8,5
2347,8,5
2348,8,4
2349,8,2
2350,8,4
2351,8,5
2352,8,3
2353,8,4
2354,8,3
2355,8,2
2356,8,4
2357,8,4
2358,8,4
2359,8,5
2360,8,4
2361,8,5
2362,8,5
2363,8,5
2364,8,4
2365,8,5
2366,8,4
2367,8,1
2368,8,5
2369,8,1
2370,8,1
2371,8,1
2372,8,4
2373,8,1
2374,8,2
2375,8,1
2376,8,3
2377,8,5
2378,8,3
2379,8,3
2380,8,4
2381,8,1
2382,8,4
2383,8,3
2384,8,3
2385,8,4
2386,8,4
2387,8,2
2388,8,5
2389,8,5
2390,8,5
2391,8,4
2392,8,5
2393,8,5
2394,8,5
2395,8,5
2396,8,4
2397,8,2
2398,8,5
2399,8,1
2400,8,3
2401,8,5
2402,8,4
2403,8,3
2404,8,5
2405,8,2
2406,8,5
2407,8,1
2408,8,1
2409,8,1
2410,8,5
2411,8,1
2412,8,3
2413,8,3
2414,8,3
2415,8,3
2416,8,5
2417,8,1
2418,8,2
2419,8,4
2420,8,4
2421,8,4
2422,8,2
2423,8,2
2424,8,3
2425,8,1
2426,8,3
2427,8,4
2428,8,3
2429,8,2
2430,8,3
2431,8,3
2432,8,1
2433,8,5
2434,8,1
2435,8,1
2436,8,4
2437,8,1
2438,8,1
2439,8,2
2440,8,2
2441,8,1
2442,8,3
2443,8,3
2444,8,4
2445,8,5
2446,8,5
2447,8,3
2448,8,2
2449,8,2
2450,8,5
2451,8,5
2452,8,5
2453,8,3
2454,8,3
2455,8,5
2456,8,2
2457,8,3
2458,8,5
2459,8,1
2460,8,1
2461,8,4
2462,8,2
2463,8,1
2464,8,2
2465,8,3
2466,8,1
2467,8,1
2468,8,3
2469,8,1
2470,8,4
2471,8,1
2472,8,1
2473,8,4
2474,8,2
2475,8,2
2476,8,4
2477,8,5
2478,8,4
2479,8,5
2480,8,5
2481,8,3
2482,8,5
2483,8,4
2484,8,1
2485,8,4
2486,8,5
2487,8,5
2488,8,5
2489,8,5
2490,8,1
2491,8,4
2492,8,4
2493,8,4
2494,8,4
2495,8,4
2496,8,4
2497,8,2
2498,8,5
2499,8,3
2500,8,4
2501,8,5
2502,8,5
2503,8,5
2504,8,5
2505,8,2
2506,8,4
2507,8,5
2508,8,4
2509,8,4
2510,8,3
2511,8,4
2512,8,3
2513,8,5
2514,8,5
2515,8,3
2516,8,5
2517,8,5
2518,8,4
2519,8,5
2520,8,4
2521,8,1
2522,8,3
2523,8,3
2524,8,5
2525,8,4
2526,8,4
2527,8,3
2528,8,1
2529,8,1
2530,8,4
2531,8,3
2532,8,1
2533,8,1
2534,8,4
2535,8,5
2536,8,5
2537,8,2
2538,8,4
2539,8,5
2540,8,3
2541,8,4
2542,8,3
2543,8,4
2544,8,3
2545,8,5
2546,8,4
2547,8,5
2548,8,5
2549,8,1
2550,8,3
2551,8,5
2552,8,4
2553,8,5
2554,8,4
2555,8,2
2556,8,3
2557,8,1
2558,8,1
2559,8,4
2560,8,1
2561,8,1
2562,8,4
2563,8,1
2564,8,4
2565,8,1
2566,8,1
2567,8,5
2568,8,5
2569,8,2
2570,8,3
2571,8,5
2572,8,5
2573,8,5
2574,8,5
2575,8,5
2576,8,1
2577,8,4
2578,8,4
2579,8,4
2580,8,5
2581,8,5
2582,8,3
2583,8,1
2584,8,4
2585,8,3
2586,8,5
2587,8,5
2588,8,4
2589,8,1
2590,8,2
2591,8,5
2592,8,4
2593,8,4
2594,8,1
2595,8,3
2596,8,4
2597,8,1
2598,8,5
2599,8,1
2600,8,1
2601,8,1
2602,8,3
2603,8,5
2604,8,4
2605,8,3
2606,8,3
2607,8,5
2608,8,5
2609,8,4
2610,8,5
2611,8,5
2612,8,5
2613,8,2
2614,8,2
2615,8,5
2616,8,5
2617,8,2
2618,8,4
2619,8,3
2620,8,3
2621,8,3
2622,8,3
2623,8,1
2624,8,4
2625,8,3
2626,8,3
2627,8,2
2628,8,3
2629,8,4
2630,8,2
2631,8,5
2632,8,2
2633,8,1
2634,8,4
2635,8,1
2636,8,1
2637,8,1
2638,8,1
2639,8,3
2640,8,2
2641,8,5
2642,8,5
2643,8,1
2644,8,4
2645,8,4
2646,8,5
2647,8,4
2648,8,4
2649,8,1
2650,8,1
2651,8,3
2652,8,1
2653,8,1
2654,8,3
2655,8,2
2656,8,2
2657,8,4
2658,8,5
2659,8,1
2660,8,5
2661,8,1
2662,8,4
2663,8,1
2664,8,1
2665,8,2
2666,8,2
2667,8,4
2668,8,2
2669,8,5
2670,8,5
2671,8,5
2672,8,4
2673,8,4
2674,8,4
2675,8,5
2676,8,5
2677,8,3
2678,8,4
2679,8,1
2680,8,5
2681,8,5
2682,8,1
2683,8,5
2684,8,1
2685,8,1
2686,8,3
2687,8,3
2688,8,5
2689,8,3
2690,8,1
2691,8,1
2692,8,1
2693,8,3
2694,8,1
2695,8,1
2696,8,2
2697,8,1
2698,8,1
2699,8,1
2700,8,1
2701,8,1
2702,8,1
2703,8,5
2704,8,5
2705,8,1
2706,8,5
2707,8,2
2708,8,4
2709,8,5
2710,8,3
2711,8,2
2712,8,5
2713,8,4
2714,8,5
2715,8,4
2716,8,4
2717,8,4
2718,8,5
2719,8,5
2720,8,5
2721,8,4
2722,8,4
2723,8,1
2724,8,5
2725,8,4
2726,8,5
2727,8,5
2728,8,1
2729,8,1
2730,8,1
2731,8,2
2732,8,4
2733,8,2
2734,8,4
2735,8,1
2736,8,4
2737,8,1
2738,8,2
2739,8,5
2740,8,5
2741,8,1
2742,8,5
2743,8,2
2744,8,5
2745,8,2
2746,8,5
2747,8,3
2748,8,5
2749,8,5
2750,8,5
2751,8,2
2752,8,4
2753,8,3
2754,8,4
2755,8,4
2756,8,3
2757,8,5
2758,8,4
2759,8,4
2760,8,4
2761,8,5
2762,8,1
2763,8,4
2764,8,5
2765,8,4
2766,8,1
2767,8,4
2768,8,3
2769,8,4
2770,8,1
2771,8,4
2772,8,4
2773,8,1
2774,8,3
2775,8,4
2776,8,1
2777,8,2
2778,8,5
2779,8,3
2780,8,3
2781,8,5
2782,8,1
2783,8,1
2784,8,1
2785,8,2
2786,8,4
2787,8,5
2788,8,5
2789,8,4
2790,8,1
2791,8,4
2792,8,2
2793,8,2
2794,8,4
2795,8,2
2796,8,1
2797,8,1
2798,8,1
2799,8,4
2800,8,1
2801,8,1
2802,8,5
2803,8,5
2804,8,5
2805,8,4
2806,8,3
2807,8,2
2808,8,4
2809,8,5
2810,8,4
2811,8,4
2812,8,5
2813,8,4
2814,8,4
2815,8,5
2816,8,3
2817,8,3
2818,8,4
2819,8,5
2820,8,5
2821,8,5
2822,8,3
2823,8,3
2824,8,3
2825,8,5
2826,8,3
2827,8,1
2828,8,2
2829,8,4
2830,8,1
2831,8,3
2832,8,3
2833,8,4
2834,8,1
2835,8,4
2836,8,1
2837,8,3
2838,8,2
2839,8,1
2840,8,1
2841,8,3
2842,8,4
2843,8,4
2844,8,4
2845,8,3
2846,8,5
2847,8,5
2848,8,5
2849,8,4
2850,8,4
2851,8,3
2852,8,5
2853,8,3
2854,8,3
2855,8,4
2856,8,1
2857,8,1
2858,8,1
2859,8,3
2860,8,5
2861,8,5
2862,8,4
2863,8,1
2864,8,4
2865,8,4
2866,8,3
2867,8,4
2868,8,1
2869,8,1
2870,8,4
2871,8,1
2872,8,3
2873,8,5
2874,8,5
2875,8,5
2876,8,4
2877,8,4
2878,8,4
2879,8,5
2880,8,1
2881,8,3
2882,8,3
2883,8,1
2884,8,3
2885,8,4
2886,8,5
2887,8,5
2888,8,5
2889,8,5
2890,8,5
2891,8,1
2892,8,2
2893,8,1
2894,8,3
2895,8,1
2896,8,1
2897,8,4
2898,8,4
2899,8,3
2900,8,1
2901,8,2
2902,8,1
2903,8,4
2904,8,1
2905,8,1
2906,8,1
2907,8,1
2908,8,4
2909,8,1
2910,8,1
2911,8,4
2912,8,1
2913,8,5
2914,8,2
2915,8,4
2916,8,4
2917,8,3
2918,8,5
2919,8,3
2920,8,5
2921,8,1
2922,8,4
2923,8,3
2924,8,1
2925,8,3
2926,8,5
2927,8,4
2928,8,4
2929,8,4
2930,8,4
2931,8,1
2932,8,4
2933,8,5
2934,8,4
2935,8,3
2936,8,1
2937,8,1
2938,8,3
2939,8,5
2940,8,5
2941,8,3
2942,8,3
2943,8,3
2944,8,1
2945,8,5
2946,8,4
2947,8,1
2948,8,1
2949,8,4
2950,8,1
2951,8,1
2952,8,1
2953,8,1
2954,8,1
2955,8,1
2956,8,1
2957,8,5
2958,8,5
2959,8,3
2960,8,3
2961,8,5
2962,8,5
2963,8,5
2964,8,4
2965,8,5
2966,8,3
2967,8,4
2968,8,3
2969,8,5
2970,8,4
2971,8,5
2972,8,4
2973,8,2
2974,8,5
2975,8,1
2976,8,1
2977,8,3
2978,8,1
2979,8,1
2980,8,1
2981,8,5
2982,8,2
2983,8,2
2984,8,1
2985,8,1
2986,8,3
2987,8,1
2988,8,4
2989,8,1
2990,8,4
2991,8,1
2992,8,4
2993,8,2
2994,8,4
2995,8,4
2996,8,4
2997,8,3
2998,8,2
2999,8,5
3000,8,5
3001,8,5
3002,8,5
3003,8,1
3004,8,1
3005,8,4
3006,8,3
3007,8,4
3008,8,1
3009,8,4
3010,8,1
3011,8,1
3012,8,4
3013,8,5
3014,8,1
3015,8,1
3016,8,5
3017,8,4
3018,8,2
3019,8,4
3020,8,3
3021,8,3
3022,8,5
3023,8,5
3024,8,3
3025,8,4
3026,8,5
3027,8,5
3028,8,5
3029,8,5
3030,8,3
3031,8,5
3032,8,5
3033,8,1
3034,8,5
3035,8,5
3036,8,1
3037,8,1
3038,8,2
3039,8,1
3040,8,1
3041,8,1
3042,8,4
3043,8,1
3044,8,2
3045,8,2
3046,8,4
3047,8,2
3048,8,1
3049,8,1
3050,8,1
3051,8,5
3052,8,5
3053,8,4
3054,8,3
3055,8,3
3056,8,4
3057,8,5
3058,8,2
3059,8,3
3060,8,1
3061,8,5
3062,8,4
3063,8,3
3064,8,3
3065,8,5
3066,8,4
3067,8,5
3068,8,5
3069,8,4
3070,8,5
3071,8,5
3072,8,5
3073,8,5
3074,8,4
3075,8,1
3076,8,1
3077,8,1
3078,8,5
3079,8,1
3080,8,4
3081,8,4
3082,8,3
3083,8,4
3084,8,3
3085,8,1
3086,8,2
3087,8,5
3088,8,4
3089,8,5
3090,8,2
3091,8,1
3092,8,3
3093,8,4
3094,8,4
3095,8,1
3096,8,3
3097,8,3
3098,8,1
3099,8,1
3100,8,3
3101,8,5
3102,8,3
3103,8,5
3104,8,4
3105,8,5
3106,8,4
3107,8,5
3108,8,5
3109,8,2
3110,8,3
3111,8,5
3112,8,4
3113,8,3
3114,8,5
3115,8,3
3116,8,3
3117,8,5
3118,8,1
3119,8,3
3120,8,4
3121,8,4
3122,8,5
3123,8,4
3124,8,1
3125,8,1
3126,8,1
3127,8,1
3128,8,4
3129,8,5
3130,8,3
3131,8,2
3132,8,2
3133,8,1
3134,8,2
3135,8,1
3136,8,3
3137,8,1
3138,8,1
3139,8,3
3140,8,4
3141,8,1
3142,8,1
3143,8,1
3144,8,1
3145,8,1
3146,8,4
3147,8,5
3148,8,3
3149,8,5
3150,8,3
3151,8,4
3152,8,5
3153,8,4
3154,8,4
3155,8,3
3156,8,5
3157,8,4
3158,8,5
3159,8,3
3160,8,5
3161,8,4
3162,8,5
3163,8,1
3164,8,1
3165,8,1
3166,8,4
3167,8,4
3168,8,4
3169,8,1
3170,8,3
3171,8,3
3172,8,1
3173,8,1
3174,8,1
3175,8,2
3176,8,4
3177,8,5
3178,8,1
3179,8,4
3180,8,4
3181,8,4
3182,8,4
3183,8,2
3184,8,5
3185,8,4
3186,8,3
3187,8,5
3188,8,2
3189,8,5
3190,8,5
3191,8,5
3192,8,3
3193,8,5
3194,8,4
3195,8,5
3196,8,4
3197,8,1
3198,8,5
3199,8,5
3200,8,4
3201,8,4
3202,8,5
3203,8,3
3204,8,5
3205,8,4
3206,8,5
3207,8,4
3208,8,1
3209,8,4
3210,8,1
3211,8,1
3212,8,3
3213,8,4
3214,8,1
3215,8,2
3216,8,1
3217,8,1
3218,8,1
3219,8,2
3220,8,1
3221,8,2
3222,8,4
3223,8,1
3224,8,2
3225,8,5
3226,8,5
3227,8,5
3228,8,5
3229,8,3
3230,8,5
3231,8,4
3232,8,3
3233,8,5
3234,8,5
3235,8,5
3236,8,4
3237,8,4
3238,8,5
3239,8,5
3240,8,4
3241,8,1
3242,8,5
3243,8,5
3244,8,5
3245,8,5
3246,8,3
3247,8,4
3248,8,4
3249,8,1
3250,8,1
3251,8,2
3252,8,1
3253,8,2
3254,8,5
3255,8,4
3256,8,5
3257,8,5
3258,8,5
3259,8,5
3260,8,5
3261,8,1
3262,8,2
3263,8,5
3264,8,3
3265,8,5
3266,8,3
3267,8,5
3268,8,2
3269,8,4
3270,8,5
3271,8,5
3272,8,2
3273,8,5
3274,8,1
3275,8,5
3276,8,3
3277,8,5
3278,8,1
3279,8,3
3280,8,3
3281,8,5
3282,8,4
3283,8,1
3284,8,1
3285,8,4
3286,8,2
3287,8,1
3288,8,4
3289,8,4
3290,8,3
3291,8,4
3292,8,1
3293,8,4
3294,8,1
3295,8,3
3296,8,1
3297,8,4
3298,8,2
3299,8,1
3300,8,3
3301,8,5
3302,8,5
3303,8,4
3304,8,4
3305,8,3
3306,8,5
3307,8,4
3308,8,2
3309,8,5
3310,8,5
3311,8,5
3312,8,4
3313,8,5
3314,8,3
3315,8,1
3316,8,1
3317,8,1
3318,8,1
3319,8,3
3320,8,5
3321,8,5
3322,8,4
3323,8,3
3324,8,1
3325,8,4
3326,8,2
3327,8,1
3328,8,1
3329,8,1
3330,8,1
3331,8,1
3332,8,4
3333,8,1
3334,8,2
3335,8,2
3336,8,5
3337,8,4
3338,8,2
3339,8,2
3340,8,3
3341,8,5
3342,8,5
3343,8,3
3344,8,5
3345,8,3
3346,8,2
3347,8,5
3348,8,5
3349,8,4
3350,8,2
3351,8,4
3352,8,4
3353,8,4
3354,8,5
3355,8,4
3356,8,4
3357,8,4
3358,8,2
3359,8,4
3360,8,1
3361,8,5
3362,8,1
3363,8,1
3364,8,2
3365,8,4
3366,8,1
3367,8,4
3368,8,1
3369,8,1
3370,8,1
3371,8,4
3372,8,4
3373,8,4
3374,8,1
3375,8,5
3376,8,5
3377,8,3
3378,8,5
3379,8,1
3380,8,4
3381,8,2
3382,8,5
3383,8,5
3384,8,1
3385,8,4
3386,8,5
3387,8,1
3388,8,4
3389,8,4
3390,8,4
3391,8,3
3392,8,3
3393,8,1
3394,8,1
3395,8,3
3396,8,1
3397,8,5
3398,8,4
3399,8,2
3400,8,4
3401,8,1
3402,8,1
3403,8,1
3404,8,3
3405,8,1
3406,8,1
3407,8,1
3408,8,1
3409,8,2
3410,8,3
3411,8,3
3412,8,5
3413,8,3
3414,8,3
3415,8,5
3416,8,1
3417,8,4
3418,8,5
3419,8,5
3420,8,3
3421,8,3
3422,8,4
3423,8,5
3424,8,2
3425,8,3
3426,8,4
3427,8,5
3428,8,5
3429,8,4
3430,8,3
3431,8,3
3432,8,1
3433,8,1
3434,8,1
3435,8,1
3436,8,5
3437,8,1
3438,8,4
3439,8,4
3440,8,1
3441,8,1
3442,8,3
3443,8,3
3444,8,1
3445,8,4
3446,8,4
3447,8,4
3448,8,5
3449,8,5
3450,8,3
3451,8,1
3452,8,3
3453,8,1
3454,8,3
3455,8,4
3456,8,5
3457,8,2
3458,8,1
3459,8,5
3460,8,5
3461,8,5
3462,8,5
3463,8,4
3464,8,1
3465,8,1
3466,8,4
3467,8,4
3468,8,5
3469,8,2
3470,8,5
3471,8,5
3472,8,5
3473,8,4
3474,8,1
3475,8,1
3476,8,1
3477,8,1
3478,8,4
3479,8,3
3480,8,4
3481,8,2
3482,8,2
3483,8,5
3484,8,4
3485,8,1
3486,8,5
3487,8,2
3488,8,1
3489,8,5
3490,8,3
3491,8,5
3492,8,4
3493,8,1
3494,8,4
3495,8,5
3496,8,5
3497,8,2
3498,8,5
3499,8,5
3500,8,3
3501,8,4
3502,8,4
3503,8,5
3504,8,1
3505,8,3
3506,8,1
3507,8,1
3508,8,4
3509,8,1
3510,8,1
3511,8,1
3512,8,1
3513,8,1
3514,8,1
3515,8,2
3516,8,3
3517,8,4
3518,8,5
3519,8,1
3520,8,1
3521,8,1
3522,8,1
3523,8,4
3524,8,5
3525,8,1
3526,8,3
3527,8,4
3528,8,3
3529,8,1
3530,8,5
3531,8,4
3532,8,4
3533,8,5
3534,8,3
3535,8,2
3536,8,5
3537,8,4
3538,8,4
3539,8,3
3540,8,4
3541,8,3
3542,8,3
3543,8,4
3544,8,3
3545,8,1
3546,8,1
3547,8,3
3548,8,1
3549,8,4
3550,8,1
3551,8,2
3552,8,2
3553,8,3
3554,8,1
3555,8,5
3556,8,5
3557,8,3
3558,8,5
3559,8,4
3560,8,3
3561,8,4
3562,8,5
3563,8,3
3564,8,5
3565,8,4
3566,8,5
3567,8,3
3568,8,4
3569,8,5
3570,8,3
3571,8,4
3572,8,4
3573,8,5
3574,8,4
3575,8,1
3576,8,5
3577,8,4
3578,8,4
3579,8,5
3580,8,3
3581,8,1
3582,8,1
3583,8,1
3584,8,3
3585,8,1
3586,8,3
3587,8,3
3588,8,1
3589,8,4
3590,8,1
3591,8,1
3592,8,5
3593,8,5
3594,8,5
3595,8,4
3596,8,5
3597,8,2
3598,8,3
3599,8,1
3600,8,5
3601,8,5
3602,8,4
3603,8,5
3604,8,1
3605,8,5
3606,8,1
3607,8,5
3608,8,4
3609,8,5
3610,8,1
3611,8,4
3612,8,4
3613,8,1
3614,8,1
3615,8,1
3616,8,5
3617,8,1
3618,8,1
3619,8,1
3620,8,1
3621,8,1
3622,8,5
3623,8,1
3624,8,5
3625,8,4
3626,8,4
3627,8,1
3628,8,4
3629,8,5
3630,8,3
3631,8,5
3632,8,5
3633,8,2
3634,8,4
3635,8,3
3636,8,4
3637,8,3
3638,8,1
3639,8,5
3640,8,1
3641,8,1
3642,8,3
3643,8,1
3644,8,4
3645,8,1
3646,8,5
3647,8,3
3648,8,5
3649,8,5
3650,8,2
3651,8,3
3652,8,1
3653,8,4
3654,8,4
3655,8,4
3656,8,3
3657,8,4
3658,8,3
3659,8,4
3660,8,3
3661,8,3
3662,8,5
3663,8,4
3664,8,2
3665,8,5
3666,8,5
3667,8,5
3668,8,5
3669,8,5
3670,8,2
3671,8,3
3672,8,5
3673,8,5
3674,8,4
3675,8,5
3676,8,4
3677,8,1
3678,8,4
3679,8,4
3680,8,3
3681,8,3
3682,8,5
3683,8,1
3684,8,5
3685,8,4
3686,8,4
3687,8,1
3688,8,2
3689,8,1
3690,8,4
3691,8,1
3692,8,1
3693,8,5
3694,8,5
3695,8,3
3696,8,3
3697,8,4
3698,8,4
3699,8,5
3700,8,4
3701,8,4
3702,8,5
3703,8,3
3704,8,5
3705,8,5
3706,8,4
3707,8,5
3708,8,1
3709,8,5
3710,8,1
3711,8,1
3712,8,3
3713,8,4
3714,8,5
3715,8,4
3716,8,1
3717,8,5
3718,8,4
3719,8,1
3720,8,1
3721,8,1
3722,8,4
3723,8,1
3724,8,1
3725,8,4
3726,8,1
3727,8,2
3728,8,1
3729,8,4
3730,8,1
3731,8,5
3732,8,1
3733,8,4
3734,8,5
3735,8,5
3736,8,3
3737,8,3
3738,8,5
3739,8,3
3740,8,4
3741,8,4
3742,8,5
3743,8,5
3744,8,5
3745,8,3
3746,8,4
3747,8,5
3748,8,4
3749,8,1
3750,8,1
3751,8,1
3752,8,1
3753,8,5
3754,8,3
3755,8,3
3756,8,1
3757,8,1
3758,8,1
3759,8,4
3760,8,2
3761,8,1
3762,8,5
3763,8,4
3764,8,1
3765,8,1
3766,8,1
3767,8,1
3768,8,4
3769,8,5
3770,8,2
3771,8,1
3772,8,4
3773,8,3
3774,8,4
3775,8,4
3776,8,4
3777,8,3
3778,8,5
3779,8,4
3780,8,5
3781,8,1
3782,8,1
3783,8,4
3784,8,1
3785,8,5
3786,8,5
3787,8,1
3788,8,3
3789,8,5
3790,8,1
3791,8,1
3792,8,1
3793,8,5
3794,8,4
3795,8,4
3796,8,1
3797,8,1
3798,8,1
3799,8,4
3800,8,1
3801,8,5
3802,8,1
3803,8,4
3804,8,3
3805,8,5
3806,8,5
3807,8,5
3808,8,3
3809,8,3
3810,8,5
3811,8,2
3812,8,5
3813,8,5
3814,8,5
3815,8,5
3816,8,5
3817,8,5
3818,8,5
3819,8,3
3820,8,5
3821,8,5
3822,8,5
3823,8,3
3824,8,4
3825,8,1
3826,8,3
3827,8,1
3828,8,3
3829,8,5
3830,8,4
3831,8,5
3832,8,1
3833,8,5
3834,8,1
3835,8,3
3836,8,3
3837,8,4
3838,8,3
3839,8,5
3840,8,4
3841,8,1
3842,8,4
3843,8,1
3844,8,3
3845,8,2
3846,8,2
3847,8,5
3848,8,4
3849,8,5
3850,8,2
3851,8,3
3852,8,1
3853,8,5
3854,8,4
3855,8,1
3856,8,4
3857,8,3
3858,8,1
3859,8,1
3860,8,1
3861,8,4
3862,8,4
3863,8,1
3864,8,1
3865,8,2
3866,8,4
3867,8,4
3868,8,4
3869,8,5
3870,8,4
3871,8,4
3872,8,2
3873,8,5
3874,8,4
3875,8,5
3876,8,4
3877,8,3
3878,8,5
3879,8,5
3880,8,5
3881,8,5
3882,8,1
3883,8,4
3884,8,5
3885,8,5
3886,8,1
3887,8,1
3888,8,5
3889,8,4
3890,8,1
3891,8,1
3892,8,1
3893,8,1
3894,8,5
3895,8,1
3896,8,4
3897,8,1
3898,8,4
3899,8,1
3900,8,1
3901,8,5
3902,8,5
3903,8,5
3904,8,5
3905,8,3
3906,8,3
3907,8,4
3908,8,5
3909,8,4
3910,8,3
3911,8,5
3912,8,5
3913,8,1
3914,8,5
3915,8,4
3916,8,5
3917,8,5
3918,8,2
3919,8,5
3920,8,5
3921,8,1
3922,8,3
3923,8,5
3924,8,3
3925,8,3
3926,8,1
3927,8,1
3928,8,3
3929,8,3
3930,8,1
3931,8,1
3932,8,3
3933,8,1
3934,8,1
3935,8,4
3936,8,1
3937,8,5
3938,8,5
3939,8,3
3940,8,3
3941,8,2
3942,8,5
3943,8,3
3944,8,3
3945,8,5
3946,8,2
3947,8,4
3948,8,5
3949,8,4
3950,8,1
3951,8,4
3952,8,3
3953,8,4
3954,8,5
3955,8,1
3956,8,1
3957,8,1
3958,8,1
3959,8,4
3960,8,1
3961,8,1
3962,8,2
3963,8,5
3964,8,2
3965,8,3
3966,8,3
3967,8,5
3968,8,5
3969,8,4
3970,8,5
3971,8,5
3972,8,5
3973,8,4
3974,8,4
3975,8,4
3976,8,3
3977,8,3
3978,8,5
3979,8,4
3980,8,5
3981,8,4
3982,8,1
3983,8,2
3984,8,4
3985,8,1
3986,8,4
3987,8,5
3988,8,3
3989,8,1
3990,8,5
3991,8,5
3992,8,3
3993,8,1
3994,8,1
3995,8,5
3996,8,1
3997,8,2
3998,8,1
3999,8,4
4000,8,1
4001,8,1
4002,8,4
4003,8,3
4004,8,2
4005,8,5
4006,8,2
4007,8,5
4008,8,5
4009,8,5
4010,8,5
4011,8,5
4012,8,4
4013,8,3
4014,8,5
4015,8,5
4016,8,3
4017,8,2
4018,8,5
4019,8,5
4020,8,2
4021,8,5
4022,8,4
4023,8,1
4024,8,1
4025,8,1
4026,8,4
4027,8,4
4028,8,4
4029,8,4
4030,8,4
4031,8,1
4032,8,4
4033,8,5
4034,8,4
4035,8,1
4036,8,5
4037,8,1
4038,8,1
4039,8,4
4040,8,1
4041,8,5
4042,8,2
4043,8,1
4044,8,1
4045,8,4
4046,8,5
4047,8,5
4048,8,3
4049,8,2
4050,8,1
4051,8,1
4052,8,1
4053,8,5
4054,8,5
4055,8,4
4056,8,4
4057,8,3
4058,8,4
4059,8,1
4060,8,5
4061,8,4
4062,8,4
4063,8,4
4064,8,2
4065,8,4
4066,8,1
4067,8,4
4068,8,1
4069,8,5
4070,8,4
4071,8,5
4072,8,3
4073,8,3
4074,8,1
4075,8,5
4076,8,5
4077,8,2
4078,8,3
4079,8,4
4080,8,5
4081,8,3
4082,8,1
4083,8,3
4084,8,4
4085,8,4
4086,8,5
4087,8,5
4088,8,3
4089,8,5
4090,8,3
4091,8,5
4092,8,4
4093,8,1
4094,8,2
4095,8,4
4096,8,4
4097,8,5
4098,8,1
4099,8,2
4100,8,1
4101,8,1
4102,8,4
4103,8,1
4104,8,1
4105,8,1
4106,8,4
4107,8,5
4108,8,5
4109,8,2
4110,8,5
4111,8,5
4112,8,5
4113,8,1
4114,8,4
4115,8,4
4116,8,2
4117,8,3
4118,8,4
4119,8,5
4120,8,4
4121,8,3
4122,8,5
4123,8,5
4124,8,5
4125,8,4
4126,8,3
4127,8,1
4128,8,1
4129,8,4
4130,8,5
4131,8,4
4132,8,1
4133,8,1
4134,8,2
4135,8,4
4136,8,5
4137,8,3
4138,8,5
4139,8,4
4140,8,3
4141,8,4
4142,8,5
4143,8,1
4144,8,2
4145,8,4
4146,8,5
4147,8,1
4148,8,4
4149,8,1
4150,8,2
4151,8,1
4152,8,3
4153,8,1
4154,8,5
4155,8,5
4156,8,4
4157,8,5
4158,8,1
4159,8,5
4160,8,4
4161,8,3
4162,8,3
4163,8,5
4164,8,5
4165,8,3
4166,8,3
4167,8,5
4168,8,5
4169,8,5
4170,8,5
4171,8,4
4172,8,4
4173,8,3
4174,8,3
4175,8,1
4176,8,4
4177,8,1
4178,8,2
4179,8,4
4180,8,4
4181,8,4
4182,8,1
4183,8,4
4184,8,4
4185,8,1
4186,8,4
4187,8,1
4188,8,2
4189,8,1
4190,8,1
4191,8,4
4192,8,4
4193,8,2
4194,8,2
4195,8,4
4196,8,3
4197,8,3
4198,8,5
4199,8,5
4200,8,5
4201,8,5
4202,8,1
4203,8,5
4204,8,1
4205,8,1
4206,8,1
4207,8,1
4208,8,4
4209,8,4
4210,8,1
4211,8,1
4212,8,4
4213,8,2
4214,8,2
4215,8,1
4216,8,1
4217,8,1
4218,8,1
4219,8,1
4220,8,5
4221,8,5
4222,8,4
4223,8,5
4224,8,5
4225,8,4
4226,8,4
4227,8,3
4228,8,5
4229,8,4
4230,8,4
4231,8,4
4232,8,4
4233,8,5
4234,8,4
4235,8,5
4236,8,1
4237,8,4
4238,8,5
4239,8,4
4240,8,5
4241,8,5
4242,8,4
4243,8,3
4244,8,4
4245,8,2
4246,8,1
4247,8,1
4248,8,1
4249,8,4
4250,8,2
4251,8,1
4252,8,1
4253,8,2
4254,8,3
4255,8,1
4256,8,2
4257,8,1
4258,8,1
4259,8,2
4260,8,2
4261,8,5
4262,8,5
4263,8,4
4264,8,5
4265,8,5
4266,8,5
4267,8,3
4268,8,3
4269,8,4
4270,8,3
4271,8,5
4272,8,5
4273,8,5
4274,8,5
4275,8,5
4276,8,5
4277,8,2
4278,8,1
4279,8,1
4280,8,4
4281,8,5
4282,8,4
4283,8,1
4284,8,4
4285,8,1
4286,8,1
4287,8,5
4288,8,1
4289,8,1
4290,8,1
4291,8,5
4292,8,4
4293,8,5
4294,8,2
4295,8,4
4296,8,5
4297,8,4
4298,8,4
4299,8,5
4300,8,2
4301,8,5
4302,8,3
4303,8,5
4304,8,5
4305,8,5
4306,8,4
4307,8,1
4308,8,1
4309,8,4
4310,8,5
4311,8,4
4312,8,4
4313,8,4
4314,8,4
4315,8,5
4316,8,2
4317,8,4
4318,8,5
4319,8,4
4320,8,4
4321,8,2
4322,8,2
4323,8,1
4324,8,1
4325,8,5
4326,8,5
4327,8,3
4328,8,4
4329,8,3
4330,8,5
4331,8,1
4332,8,3
4333,8,4
4334,8,5
4335,8,5
4336,8,1
4337,8,4
4338,8,5
4339,8,3
4340,8,1
4341,8,1
4342,8,3
4343,8,4
4344,8,1
4345,8,1
4346,8,4
4347,8,1
4348,8,1
4349,8,5
4350,8,1
4351,8,3
4352,8,5
4353,8,4
4354,8,1
4355,8,1
4356,8,2
4357,8,1
4358,8,3
4359,8,1
4360,8,1
4361,8,1
4362,8,1
4363,8,4
4364,8,1
4365,8,1
4366,8,1
4367,8,4
4368,8,3
4369,8,3
4370,8,3
4371,8,3
4372,8,5
4373,8,3
4374,8,3
4375,8,3
4376,8,5
4377,8,3
4378,8,2
4379,8,4
4380,8,4
4381,8,1
4382,8,1
4383,8,1
4384,8,3
4385,8,2
4386,8,2
4387,8,5
4388,8,2
4389,8,5
4390,8,5
4391,8,4
4392,8,4
4393,8,3
4394,8,1
4395,8,1
4396,8,4
4397,8,5
4398,8,1
4399,8,1
4400,8,5
4401,8,1
4402,8,4
4403,8,1
4404,8,5
4405,8,4
4406,8,1
4407,8,3
4408,8,3
4409,8,4
4410,8,4
4411,8,5
4412,8,3
4413,8,5
4414,8,5
4415,8,5
4416,8,3
4417,8,4
4418,8,4
4419,8,5
4420,8,4
4421,8,2
4422,8,1
4423,8,4
4424,8,2
4425,8,3
4426,8,1
4427,8,2
4428,8,1
4429,8,1
4430,8,3
4431,8,5
4432,8,4
4433,8,4
4434,8,1
4435,8,4
4436,8,1
4437,8,3
4438,8,5
4439,8,5
4440,8,3
4441,8,5
4442,8,2
4443,8,4
4444,8,1
4445,8,5
4446,8,5
4447,8,2
4448,8,4
4449,8,4
4450,8,4
4451,8,5
4452,8,4
4453,8,3
4454,8,5
4455,8,5
4456,8,4
4457,8,3
4458,8,4
4459,8,5
4460,8,5
4461,8,4
4462,8,3
4463,8,4
4464,8,3
4465,8,2
4466,8,1
4467,8,3
4468,8,1
4469,8,4
4470,8,2
4471,8,4
4472,8,1
4473,8,4
4474,8,4
4475,8,1
4476,8,1
4477,8,4
4478,8,1
4479,8,5
4480,8,4
4481,8,4
4482,8,1
4483,8,4
4484,8,4
4485,8,2
4486,8,4
4487,8,5
4488,8,2
4489,8,5
4490,8,5
4491,8,3
4492,8,3
4493,8,5
4494,8,1
4495,8,5
4496,8,3
4497,8,3
4498,8,3
4499,8,5
4500,8,5
4501,8,4
4502,8,3
4503,8,5
4504,8,5
4505,8,4
4506,8,4
4507,8,4
4508,8,1
4509,8,1
4510,8,3
4511,8,4
4512,8,2
4513,8,3
4514,8,5
4515,8,5
4516,8,4
4517,8,4
4518,8,1
4519,8,1
4520,8,1
4521,8,4
4522,8,4
4523,8,1
4524,8,3
4525,8,2
4526,8,4
4527,8,1
4528,8,4
4529,8,4
4530,8,5
4531,8,5
4532,8,3
4533,8,4
4534,8,5
4535,8,3
4536,8,4
4537,8,3
4538,8,3
4539,8,3
4540,8,3
4541,8,5
4542,8,5
4543,8,5
4544,8,3
4545,8,1
4546,8,1
4547,8,4
4548,8,1
4549,8,4
4550,8,5
4551,8,4
4552,8,5
4553,8,4
4554,8,3
4555,8,1
4556,8,2
4557,8,1
4558,8,1
4559,8,4
4560,8,4
4561,8,2
4562,8,4
4563,8,4
4564,8,5
4565,8,1
4566,8,4
4567,8,3
4568,8,3
4569,8,4
4570,8,5
4571,8,5
4572,8,5
4573,8,5
4574,8,5
4575,8,1
4576,8,4
4577,8,1
4578,8,4
4579,8,3
4580,8,5
4581,8,2
4582,8,1
4583,8,1
4584,8,4
4585,8,1
4586,8,1
4587,8,4
4588,8,4
4589,8,1
4590,8,1
4591,8,1
4592,8,1
4593,8,3
4594,8,1
4595,8,2
4596,8,2
4597,8,5
4598,8,5
4599,8,5
4600,8,3
4601,8,3
4602,8,4
4603,8,3
4604,8,5
4605,8,5
4606,8,4
4607,8,4
4608,8,5
4609,8,5
4610,8,1
4611,8,5
4612,8,5
4613,8,2
4614,8,1
4615,8,5
4616,8,3
4617,8,4
4618,8,2
4619,8,4
4620,8,5
4621,8,1
4622,8,1
4623,8,4
4624,8,3
4625,8,1
4626,8,4
4627,8,1
4628,8,2
4629,8,5
4630,8,2
4631,8,4
4632,8,2
4633,8,5
4634,8,4
4635,8,5
4636,8,5
4637,8,5
4638,8,3
4639,8,3
4640,8,5
4641,8,5
4642,8,5
4643,8,3
4644,8,1
4645,8,4
4646,8,3
4647,8,3
4648,8,1
4649,8,5
4650,8,1
4651,8,4
4652,8,5
4653,8,4
4654,8,2
4655,8,1
4656,8,2
4657,8,1
4658,8,1
4659,8,5
4660,8,2
4661,8,3
4662,8,1
4663,8,1
4664,8,1
4665,8,1
4666,8,5
4667,8,3
4668,8,5
4669,8,4
4670,8,5
4671,8,4
4672,8,5
4673,8,2
4674,8,4
4675,8,5
4676,8,4
4677,8,3
4678,8,4
4679,8,5
4680,8,4
4681,8,1
4682,8,5
4683,8,4
4684,8,4
4685,8,4
4686,8,2
4687,8,3
4688,8,1
4689,8,5
4690,8,1
4691,8,3
4692,8,3
4693,8,4
4694,8,2
4695,8,4
4696,8,5
4697,8,2
4698,8,1
4699,8,1
4700,8,3
4701,8,4
4702,8,1
4703,8,1
4704,8,5
4705,8,5
4706,8,4
4707,8,1
4708,8,1
4709,8,2
4710,8,4
4711,8,3
4712,8,5
4713,8,5
4714,8,5
4715,8,3
4716,8,3
4717,8,5
4718,8,5
4719,8,5
4720,8,5
4721,8,4
4722,8,5
4723,8,3
4724,8,5
4725,8,1
4726,8,1
4727,8,3
4728,8,3
4729,8,5
4730,8,1
4731,8,4
4732,8,1
4733,8,4
4734,8,1
4735,8,2
4736,8,1
4737,8,4
4738,8,1
4739,8,1
4740,8,1
4741,8,3
4742,8,5
4743,8,4
4744,8,5
4745,8,4
4746,8,3
4747,8,2
4748,8,5
4749,8,1
4750,8,5
4751,8,1
4752,8,5
4753,8,5
4754,8,5
4755,8,1
4756,8,5
4757,8,4
4758,8,1
4759,8,1
4760,8,3
4761,8,3
4762,8,5
4763,8,5
4764,8,1
4765,8,4
4766,8,3
4767,8,5
4768,8,1
4769,8,1
4770,8,5
4771,8,1
4772,8,1
4773,8,1
4774,8,1
4775,8,1
4776,8,1
4777,8,1
4778,8,4
4779,8,4
4780,8,5
4781,8,5
4782,8,4
4783,8,5
4784,8,5
4785,8,2
4786,8,5
4787,8,5
4788,8,5
4789,8,4
4790,8,5
4791,8,5
4792,8,3
4793,8,4
4794,8,1
4795,8,4
4796,8,1
4797,8,3
4798,8,5
4799,8,3
4800,8,2
4801,8,4
4802,8,2
4803,8,4
4804,8,4
4805,8,5
4806,8,1
4807,8,4
4808,8,4
4809,8,1
4810,8,4
4811,8,5
4812,8,2
4813,8,5
4814,8,1
4815,8,4
4816,8,1
4817,8,1
4818,8,2
4819,8,3
4820,8,4
4821,8,4
4822,8,5
4823,8,3
4824,8,5
4825,8,4
4826,8,3
4827,8,4
4828,8,1
4829,8,1
4830,8,1
4831,8,3
4832,8,5
4833,8,3
4834,8,5
4835,8,3
4836,8,5
4837,8,1
4838,8,1
4839,8,4
4840,8,4
4841,8,4
4842,8,5
4843,8,3
4844,8,4
4845,8,4
4846,8,3
4847,8,4
4848,8,3
4849,8,4
4850,8,1
4851,8,1
4852,8,1
4853,8,1
4854,8,4
4855,8,5
4856,8,2
4857,8,1
4858,8,1
4859,8,5
4860,8,3
4861,8,1
4862,8,5
4863,8,1
4864,8,5
4865,8,3
4866,8,5
4867,8,3
4868,8,3
4869,8,1
4870,8,2
4871,8,4
4872,8,4
4873,8,5
4874,8,5
4875,8,4
4876,8,5
4877,8,5
4878,8,3
4879,8,5
4880,8,5
4881,8,5
4882,8,1
4883,8,1
4884,8,4
4885,8,1
4886,8,5
4887,8,1
4888,8,4
4889,8,4
4890,8,1
4891,8,1
4892,8,1
4893,8,5
4894,8,4
4895,8,4
4896,8,4
4897,8,4
4898,8,5
4899,8,3
4900,8,5
4901,8,4
4902,8,5
4903,8,4
4904,8,3
4905,8,4
4906,8,3
4907,8,5
4908,8,4
4909,8,3
4910,8,3
4911,8,1
4912,8,1
4913,8,2
4914,8,1
4915,8,5
4916,8,1
4917,8,5
4918,8,1
4919,8,5
4920,8,1
4921,8,1
4922,8,1
4923,8,1
4924,8,4
4925,8,5
4926,8,5
4927,8,5
4928,8,1
4929,8,4
4930,8,4
4931,8,5
4932,8,3
4933,8,3
4934,8,5
4935,8,5
4936,8,4
4937,8,4
4938,8,5
4939,8,5
4940,8,1
4941,8,4
4942,8,3
4943,8,4
4944,8,4
4945,8,1
4946,8,1
4947,8,1
4948,8,2
4949,8,1
4950,8,1
4951,8,5
4952,8,5
4953,8,1
4954,8,1
4955,8,5
4956,8,5
4957,8,3
4958,8,4
4959,8,4
4960,8,3
4961,8,3
4962,8,1
4963,8,5
4964,8,5
4965,8,3
4966,8,5
4967,8,5
4968,8,3
4969,8,2
4970,8,4
4971,8,1
4972,8,5
4973,8,4
4974,8,4
4975,8,3
4976,8,5
4977,8,2
4978,8,3
4979,8,4
4980,8,3
4981,8,4
4982,8,5
4983,8,1
4984,8,2
4985,8,3
4986,8,4
4987,8,1
4988,8,5
4989,8,5
4990,8,3
4991,8,3
4992,8,1
4993,8,3
4994,8,4
4995,8,4
4996,8,5
4997,8,5
4998,8,1
4999,8,3
5000,8,5
5001,8,4
5002,8,3
5003,8,3
5004,8,4
5005,8,5
5006,8,4
5007,8,1
5008,8,5
5009,8,3
5010,8,3
5011,8,5
5012,8,1
5013,8,3
5014,8,2
5015,8,4
5016,8,1
5017,8,3
5018,8,1
5019,8,3
5020,8,1
5021,8,2
5022,8,1
5023,8,5
5024,8,5
5025,8,4
5026,8,3
5027,8,1
5028,8,4
5029,8,4
5030,8,3
5031,8,4
5032,8,5
5033,8,4
5034,8,4
5035,8,5
5036,8,4
5037,8,3
5038,8,5
5039,8,4
5040,8,1
5041,8,5
5042,8,1
5043,8,1
5044,8,1
5045,8,3
5046,8,4
5047,8,4
5048,8,4
5049,8,4
5050,8,2
5051,8,1
5052,8,2
5053,8,4
5054,8,3
5055,8,1
5056,8,1
5057,8,1
5058,8,3
5059,8,4
5060,8,2
5061,8,2
5062,8,1
5063,8,2
5064,8,5
5065,8,5
5066,8,5
5067,8,5
5068,8,4
5069,8,3
5070,8,3
5071,8,5
5072,8,4
5073,8,4
5074,8,4
5075,8,4
5076,8,4
5077,8,5
5078,8,5
5079,8,3
5080,8,3
5081,8,3
5082,8,5
5083,8,3
5084,8,1
5085,8,5
5086,8,1
5087,8,1
5088,8,4
5089,8,3
5090,8,3
5091,8,3
5092,8,1
5093,8,1
5094,8,2
5095,8,1
5096,8,4
5097,8,1
5098,8,2
5099,8,4
5100,8,4
5101,8,3
5102,8,5
5103,8,5
5104,8,5
5105,8,3
5106,8,1
5107,8,3
5108,8,5
5109,8,4
5110,8,4
5111,8,4
5112,8,5
5113,8,4
5114,8,5
5115,8,4
5116,8,3
5117,8,2
5118,8,3
5119,8,5
5120,8,4
5121,8,3
5122,8,5
5123,8,4
5124,8,2
5125,8,4
5126,8,1
5127,8,1
5128,8,4
5129,8,4
5130,8,1
5131,8,1
5132,8,3
5133,8,4
5134,8,2
5135,8,5
5136,8,2
5137,8,4
5138,8,2
5139,8,2
5140,8,4
5141,8,5
5142,8,1
5143,8,4
5144,8,5
5145,8,1
5146,8,4
5147,8,4
5148,8,4
5149,8,4
5150,8,4
5151,8,4
5152,8,5
5153,8,4
5154,8,5
5155,8,1
5156,8,1
5157,8,5
5158,8,5
5159,8,1
5160,8,4
5161,8,2
5162,8,3
5163,8,1
5164,8,1
5165,8,2
5166,8,2
5167,8,3
5168,8,5
5169,8,3
5170,8,5
5171,8,3
5172,8,5
5173,8,5
5174,8,1
5175,8,5
5176,8,5
5177,8,5
5178,8,4
5179,8,5
5180,8,3
5181,8,3
5182,8,5
5183,8,3
5184,8,4
5185,8,5
5186,8,5
5187,8,5
5188,8,5
5189,8,5
5190,8,5
5191,8,5
5192,8,5
5193,8,3
5194,8,1
5195,8,1
5196,8,3
5197,8,5
5198,8,5
5199,8,4
5200,8,1
5201,8,1
5202,8,1
5203,8,5
5204,8,5
5205,8,1
5206,8,2
5207,8,1
5208,8,2
5209,8,4
5210,8,5
5211,8,5
5212,8,5
5213,8,1
5214,8,3
5215,8,2
5216,8,3
5217,8,5
5218,8,5
5219,8,1
5220,8,5
5221,8,3
5222,8,5
5223,8,4
5224,8,3
5225,8,4
5226,8,5
5227,8,4
5228,8,5
5229,8,2
5230,8,1
5231,8,3
5232,8,4
5233,8,3
5234,8,3
5235,8,3
5236,8,5
5237,8,1
5238,8,4
5239,8,1
5240,8,1
5241,8,3
5242,8,4
5243,8,1
5244,8,5
5245,8,5
5246,8,1
5247,8,3
5248,8,2
5249,8,2
5250,8,1
5251,8,3
5252,8,4
5253,8,5
5254,8,4
5255,8,3
5256,8,5
5257,8,3
5258,8,3
5259,8,5
5260,8,5
5261,8,2
5262,8,4
5263,8,3
5264,8,4
5265,8,5
5266,8,1
5267,8,5
5268,8,1
5269,8,5
5270,8,3
5271,8,2
5272,8,2
5273,8,1
5274,8,1
5275,8,1
5276,8,4
5277,8,1
5278,8,3
5279,8,4
5280,8,5
5281,8,1
5282,8,5
5283,8,5
5284,8,3
5285,8,4
5286,8,4
5287,8,1
5288,8,5
5289,8,5
5290,8,5
5291,8,3
5292,8,4
5293,8,5
5294,8,5
5295,8,5
5296,8,5
5297,8,1
5298,8,4
5299,8,3
5300,8,2
5301,8,1
5302,8,1
5303,8,1
5304,8,4
5305,8,1
5306,8,1
5307,8,2
5308,8,1
5309,8,4
5310,8,2
5311,8,5
5312,8,4
5313,8,5
5314,8,3
5315,8,3
5316,8,5
5317,8,1
5318,8,4
5319,8,5
5320,8,2
5321,8,5
5322,8,5
5323,8,3
5324,8,1
5325,8,5
5326,8,1
5327,8,4
5328,8,1
5329,8,3
5330,8,4
5331,8,1
5332,8,1
5333,8,1
5334,8,3
5335,8,1
5336,8,3
5337,8,2
5338,8,4
5339,8,4
5340,8,5
5341,8,3
5342,8,5
5343,8,5
5344,8,4
5345,8,1
5346,8,4
5347,8,4
5348,8,3
5349,8,5
5350,8,5
5351,8,4
5352,8,1
5353,8,1
5354,8,1
5355,8,3
5356,8,1
5357,8,5
5358,8,1
5359,8,1
5360,8,1
5361,8,1
5362,8,5
5363,8,3
5364,8,3
5365,8,5
5366,8,5
5367,8,5
5368,8,5
5369,8,5
5370,8,4
5371,8,5
5372,8,5
5373,8,4
5374,8,3
5375,8,4
5376,8,5
5377,8,5
5378,8,1
5379,8,4
5380,8,5
5381,8,1
5382,8,1
5383,8,1
5384,8,1
5385,8,1
5386,8,1
5387,8,1
5388,8,3
5389,8,1
5390,8,1
5391,8,1
5392,8,1
5393,8,1
5394,8,1
5395,8,2
5396,8,1
5397,8,5
5398,8,4
5399,8,5
5400,8,4
5401,8,5
5402,8,5
5403,8,5
5404,8,5
5405,8,5
5406,8,4
5407,8,2
5408,8,5
5409,8,1
5410,8,1
5411,8,5
5412,8,4
5413,8,1
5414,8,1
5415,8,4
5416,8,1
5417,8,2
5418,8,1
5419,8,1
5420,8,2
5421,8,1
5422,8,5
5423,8,1
5424,8,5
5425,8,4
5426,8,5
5427,8,1
5428,8,1
5429,8,5
5430,8,3
5431,8,3
5432,8,4
5433,8,4
5434,8,3
5435,8,5
5436,8,5
5437,8,3
5438,8,1
5439,8,4
5440,8,1
5441,8,3
5442,8,4
5443,8,4
5444,8,1
5445,8,1
5446,8,1
5447,8,4
5448,8,4
5449,8,5
5450,8,1
5451,8,1
5452,8,1
5453,8,1
5454,8,2
5455,8,1
5456,8,1
5457,8,5
5458,8,1
5459,8,1
5460,8,1
5461,8,1
5462,8,1
5463,8,5
5464,8,5
5465,8,4
5466,8,5
5467,8,4
5468,8,1
5469,8,1
5470,8,5
5471,8,3
5472,8,4
5473,8,4
5474,8,4
5475,8,1
5476,8,1
5477,8,1
5478,8,1
5479,8,5
5480,8,1
5481,8,2
5482,8,4
5483,8,4
5484,8,4
5485,8,2
5486,8,1
5487,8,3
5488,8,1
5489,8,2
5490,8,2
5491,8,1
5492,8,1
5493,8,5
5494,8,2
5495,8,5
5496,8,3
5497,8,5
5498,8,5
5499,8,4
5500,8,4
5501,8,5
5502,8,5
5503,8,3
5504,8,4
5505,8,4
5506,8,4
5507,8,5
5508,8,1
5509,8,4
5510,8,3
5511,8,1
5512,8,1
5513,8,1
5514,8,5
5515,8,5
5516,8,1
5517,8,1
5518,8,5
5519,8,1
5520,8,3
5521,8,1
5522,8,4
5523,8,1
5524,8,5
5525,8,5
5526,8,5
5527,8,5
5528,8,5
5529,8,2
5530,8,5
5531,8,4
5532,8,4
5533,8,5
5534,8,4
5535,8,3
5536,8,2
5537,8,3
5538,8,3
5539,8,3
5540,8,5
5541,8,3
5542,8,4
5543,8,1
5544,8,1
5545,8,2
5546,8,1
5547,8,1
5548,8,5
5549,8,5
5550,8,3
5551,8,4
5552,8,5
5553,8,3
5554,8,1
5555,8,2
5556,8,1
5557,8,5
5558,8,2
5559,8,4
5560,8,1
5561,8,1
5562,8,1
5563,8,5
5564,8,1
5565,8,4
5566,8,5
5567,8,4
5568,8,3
5569,8,3
5570,8,3
5571,8,4
5572,8,5
5573,8,5
5574,8,5
5575,8,2
5576,8,4
5577,8,5
5578,8,3
5579,8,5
5580,8,3
5581,8,3
5582,8,2
5583,8,3
5584,8,4
5585,8,4
5586,8,1
5587,8,4
5588,8,5
5589,8,4
5590,8,2
5591,8,1
5592,8,5
5593,8,4
5594,8,1
5595,8,1
5596,8,1
5597,8,1
5598,8,1
5599,8,5
5600,8,4
5601,8,3
5602,8,3
5603,8,5
5604,8,3
5605,8,3
5606,8,5
5607,8,3
5608,8,4
5609,8,5
5610,8,2
5611,8,4
5612,8,5
5613,8,5
5614,8,1
5615,8,4
5616,8,4
5617,8,1
5618,8,1
5619,8,1
5620,8,5
5621,8,4
5622,8,4
5623,8,1
5624,8,4
5625,8,3
5626,8,4
5627,8,2
5628,8,5
5629,8,2
5630,8,5
5631,8,4
5632,8,4
5633,8,1
5634,8,5
5635,8,5
5636,8,5
5637,8,5
5638,8,4
5639,8,4
5640,8,5
5641,8,4
5642,8,4
5643,8,4
5644,8,3
5645,8,5
5646,8,4
5647,8,5
5648,8,4
5649,8,2
5650,8,1
5651,8,1
5652,8,4
5653,8,2
5654,8,3
5655,8,1
5656,8,3
5657,8,4
5658,8,1
5659,8,1
5660,8,1
5661,8,2
5662,8,4
5663,8,1
5664,8,4
5665,8,5
5666,8,4
5667,8,3
5668,8,1
5669,8,2
5670,8,4
5671,8,4
5672,8,5
5673,8,4
5674,8,4
5675,8,5
5676,8,4
5677,8,1
5678,8,2
5679,8,1
5680,8,5
5681,8,5
5682,8,4
5683,8,5
5684,8,3
5685,8,4
5686,8,5
5687,8,5
5688,8,5
5689,8,4
5690,8,4
5691,8,3
5692,8,1
5693,8,1
5694,8,1
5695,8,1
5696,8,1
5697,8,5
5698,8,3
5699,8,5
5700,8,3
5701,8,1
5702,8,1
5703,8,4
5704,8,1
5705,8,1
5706,8,4
5707,8,1
5708,8,4
5709,8,2
5710,8,1
5711,8,1
5712,8,3
5713,8,5
5714,8,5
5715,8,5
5716,8,5
5717,8,4
5718,8,5
5719,8,1
5720,8,1
5721,8,1
5722,8,3
5723,8,5
5724,8,1
5725,8,4
5726,8,4
5727,8,3
5728,8,1
5729,8,3
5730,8,5
5731,8,1
5732,8,3
5733,8,5
5734,8,4
5735,8,4
5736,8,4
5737,8,1
5738,8,1
5739,8,3
5740,8,4
5741,8,4
5742,8,1
5743,8,2
5744,8,2
5745,8,4
5746,8,4
5747,8,5
5748,8,5
5749,8,5
5750,8,5
5751,8,4
5752,8,3
5753,8,5
5754,8,4
5755,8,5
5756,8,5
5757,8,5
5758,8,1
5759,8,5
5760,8,1
5761,8,5
5762,8,1
5763,8,5
5764,8,4
5765,8,3
5766,8,1
5767,8,4
5768,8,5
5769,8,1
5770,8,5
5771,8,2
5772,8,2
5773,8,1
5774,8,5
5775,8,1
5776,8,3
5777,8,4
5778,8,1
5779,8,2
5780,8,4
5781,8,2
5782,8,3
5783,8,3
5784,8,5
5785,8,3
5786,8,4
5787,8,4
5788,8,3
5789,8,5
5790,8,5
5791,8,2
5792,8,3
5793,8,3
5794,8,1
5795,8,5
5796,8,3
5797,8,5
5798,8,4
5799,8,4
5800,8,1
5801,8,2
5802,8,3
5803,8,3
5804,8,1
5805,8,1
5806,8,4
5807,8,1
5808,8,4
5809,8,1
5810,8,4
5811,8,1
5812,8,2
5813,8,1
5814,8,1
5815,8,3
5816,8,4
5817,8,3
5818,8,3
5819,8,2
5820,8,4
5821,8,5
5822,8,4
5823,8,5
5824,8,3
5825,8,5
5826,8,1
5827,8,4
5828,8,5
5829,8,2
5830,8,4
5831,8,1
5832,8,1
5833,8,3
5834,8,5
5835,8,1
5836,8,2
5837,8,1
5838,8,1
5839,8,4
5840,8,2
5841,8,3
5842,8,4
5843,8,1
5844,8,3
5845,8,5
5846,8,5
5847,8,4
5848,8,1
5849,8,5
5850,8,5
5851,8,1
5852,8,4
5853,8,5
5854,8,5
5855,8,3
5856,8,5
5857,8,4
5858,8,3
5859,8,5
5860,8,1
5861,8,5
5862,8,5
5863,8,3
5864,8,4
5865,8,3
5866,8,5
5867,8,3
5868,8,5
5869,8,5
5870,8,2
5871,8,3
5872,8,5
5873,8,1
5874,8,3
5875,8,1
5876,8,3
5877,8,1
5878,8,3
5879,8,1
5880,8,4
5881,8,3
5882,8,5
5883,8,1
5884,8,1
5885,8,4
5886,8,4
5887,8,3
5888,8,1
5889,8,5
5890,8,4
5891,8,4
5892,8,3
5893,8,2
5894,8,3
5895,8,1
5896,8,1
5897,8,1
5898,8,4
5899,8,5
5900,8,4
5901,8,5
5902,8,4
5903,8,5
5904,8,3
5905,8,4
5906,8,3
5907,8,3
5908,8,1
5909,8,2
5910,8,2
5911,8,3
5912,8,4
5913,8,4
5914,8,3
5915,8,5
5916,8,5
5917,8,3
5918,8,3
5919,8,5
5920,8,1
5921,8,4
5922,8,1
5923,8,5
5924,8,1
5925,8,5
5926,8,2
5927,8,3
5928,8,1
5929,8,1
5930,8,1
5931,8,1
5932,8,1
5933,8,1
5934,8,2
5935,8,1
5936,8,5
5937,8,1
5938,8,1
5939,8,1
5940,8,1
5941,8,4
5942,8,5
5943,8,5
5944,8,4
5945,8,1
5946,8,5
5947,8,4
5948,8,3
5949,8,4
5950,8,4
5951,8,3
5952,8,5
5953,8,3
5954,8,5
5955,8,4
5956,8,2
5957,8,4
5958,8,3
5959,8,4
5960,8,5
5961,8,1
5962,8,3
5963,8,1
5964,8,4
5965,8,3
5966,8,4
5967,8,2
5968,8,3
5969,8,1
5970,8,2
5971,8,1
5972,8,1
5973,8,1
5974,8,5
5975,8,1
5976,8,4
5977,8,5
5978,8,4
5979,8,5
5980,8,3
5981,8,3
5982,8,5
5983,8,5
5984,8,4
5985,8,3
5986,8,5
5987,8,5
5988,8,4
5989,8,5
5990,8,3
5991,8,1
5992,8,1
5993,8,1
5994,8,5
5995,8,5
5996,8,1
5997,8,4
5998,8,4
5999,8,1
6000,8,4
6001,8,1
6002,8,3
6003,8,1
6004,8,1
6005,8,1
6006,8,1
6007,8,1
6008,8,1
6009,8,4
6010,8,1
6011,8,4
6012,8,3
6013,8,5
6014,8,5
6015,8,3
6016,8,3
6017,8,3
6018,8,5
6019,8,4
6020,8,3
6021,8,3
6022,8,1
6023,8,5
6024,8,4
6025,8,3
6026,8,4
6027,8,2
6028,8,4
6029,8,1
6030,8,1
6031,8,1
6032,8,1
6033,8,1
6034,8,3
6035,8,1
6036,8,5
6037,8,5
6038,8,2
6039,8,1
6040,8,5
6041,8,5
6042,8,4
6043,8,3
6044,8,3
6045,8,4
6046,8,4
6047,8,4
6048,8,4
6049,8,5
6050,8,2
6051,8,1
6052,8,5
6053,8,1
6054,8,1
6055,8,4
6056,8,1
6057,8,3
6058,8,4
6059,8,5
6060,8,5
6061,8,1
6062,8,4
6063,8,1
6064,8,5
6065,8,4
6066,8,4
6067,8,5
6068,8,5
6069,8,3
6070,8,4
6071,8,5
6072,8,4
6073,8,4
6074,8,5
6075,8,1
6076,8,4
6077,8,4
6078,8,5
6079,8,4
6080,8,5
6081,8,3
6082,8,3
6083,8,1
6084,8,1
6085,8,3
6086,8,1
6087,8,5
6088,8,5
6089,8,1
6090,8,4
6091,8,4
6092,8,1
6093,8,5
6094,8,2
6095,8,1
6096,8,1
6097,8,2
6098,8,3
6099,8,5
6100,8,1
6101,8,2
6102,8,3
6103,8,1
6104,8,1
6105,8,4
6106,8,5
6107,8,4
6108,8,1
6109,8,2
6110,8,1
6111,8,4
6112,8,4
6113,8,5
6114,8,5
6115,8,4
6116,8,5
6117,8,5
6118,8,5
6119,8,5
6120,8,3
6121,8,2
6122,8,3
6123,8,5
6124,8,4
6125,8,4
6126,8,5
6127,8,5
6128,8,2
6129,8,4
6130,8,3
6131,8,4
6132,8,1
6133,8,4
6134,8,1
6135,8,4
6136,8,4
6137,8,3
6138,8,1
6139,8,1
6140,8,2
6141,8,5
6142,8,5
6143,8,5
6144,8,5
6145,8,1
6146,8,4
6147,8,2
6148,8,5
6149,8,4
6150,8,5
6151,8,4
6152,8,5
6153,8,5
6154,8,5
6155,8,2
6156,8,5
6157,8,2
6158,8,5
6159,8,1
6160,8,5
6161,8,1
6162,8,5
6163,8,4
6164,8,1
6165,8,3
6166,8,1
6167,8,1
6168,8,2
6169,8,1
6170,8,1
6171,8,2
6172,8,2
6173,8,1
6174,8,2
6175,8,1
6176,8,1
6177,8,3
6178,8,4
6179,8,5
6180,8,5
6181,8,4
6182,8,5
6183,8,4
6184,8,3
6185,8,1
6186,8,3
6187,8,5
6188,8,5
6189,8,4
6190,8,3
6191,8,5
6192,8,1
6193,8,5
6194,8,3
6195,8,4
6196,8,2
6197,8,4
6198,8,2
6199,8,5
6200,8,4
6201,8,4
6202,8,5
6203,8,5
6204,8,3
6205,8,1
6206,8,3
6207,8,2
6208,8,5
6209,8,4
6210,8,4
6211,8,4
6212,8,1
6213,8,2
6214,8,1
6215,8,1
6216,8,4
6217,8,1
6218,8,3
6219,8,5
6220,8,5
6221,8,3
6222,8,2
6223,8,3
6224,8,5
6225,8,4
6226,8,4
6227,8,3
6228,8,5
6229,8,5
6230,8,4
6231,8,5
6232,8,5
6233,8,4
6234,8,3
6235,8,5
6236,8,5
6237,8,2
6238,8,5
6239,8,5
6240,8,5
6241,8,4
6242,8,4
6243,8,3
6244,8,1
6245,8,1
6246,8,1
6247,8,2
6248,8,1
6249,8,1
6250,8,1
6251,8,1
6252,8,4
6253,8,2
6254,8,1
6255,8,1
6256,8,1
6257,8,2
6258,8,1
6259,8,5
6260,8,5
6261,8,3
6262,8,4
6263,8,4
6264,8,5
6265,8,5
6266,8,4
6267,8,3
6268,8,2
6269,8,5
6270,8,5
6271,8,4
6272,8,5
6273,8,5
6274,8,3
6275,8,5
6276,8,5
6277,8,1
6278,8,1
6279,8,5
6280,8,4
6281,8,2
6282,8,1
6283,8,4
6284,8,1
6285,8,1
6286,8,2
6287,8,2
6288,8,1
6289,8,4
6290,8,3
6291,8,5
6292,8,5
6293,8,5
6294,8,5
6295,8,5
6296,8,3
6297,8,2
6298,8,4
6299,8,3
6300,8,5
6301,8,1
6302,8,5
6303,8,3
6304,8,4
6305,8,5
6306,8,5
6307,8,1
6308,8,5
6309,8,4
6310,8,3
6311,8,5
6312,8,5
6313,8,5
6314,8,1
6315,8,1
6316,8,1
6317,8,2
6318,8,1
6319,8,1
6320,8,4
6321,8,4
6322,8,1
6323,8,3
6324,8,1
6325,8,5
6326,8,3
6327,8,1
6328,8,4
6329,8,3
6330,8,4
6331,8,1
6332,8,4
6333,8,5
6334,8,3
6335,8,5
6336,8,5
6337,8,5
6338,8,3
6339,8,5
6340,8,2
6341,8,5
6342,8,3
6343,8,2
6344,8,3
6345,8,4
6346,8,3
6347,8,5
6348,8,1
6349,8,1
6350,8,4
6351,8,4
6352,8,5
6353,8,1
6354,8,3
6355,8,5
6356,8,1
6357,8,1
6358,8,2
6359,8,1
6360,8,4
6361,8,2
6362,8,1
6363,8,4
6364,8,5
6365,8,2
6366,8,4
6367,8,5
6368,8,4
6369,8,5
6370,8,3
6371,8,4
6372,8,5
6373,8,2
6374,8,4
6375,8,4
6376,8,3
6377,8,1
6378,8,2
6379,8,1
6380,8,4
6381,8,4
6382,8,3
6383,8,3
6384,8,4
6385,8,5
6386,8,5
6387,8,3
6388,8,1
6389,8,1
6390,8,3
6391,8,1
6392,8,1
6393,8,1
6394,8,1
6395,8,4
6396,8,5
6397,8,1
6398,8,4
6399,8,5
6400,8,1
6401,8,4
6402,8,4
6403,8,4
6404,8,3
6405,8,5
6406,8,4
6407,8,4
6408,8,4
6409,8,4
6410,8,4
6411,8,4
6412,8,4
6413,8,5
6414,8,4
6415,8,5
6416,8,5
6417,8,3
6418,8,1
6419,8,4
6420,8,1
6421,8,1
6422,8,1
6423,8,2
6424,8,3
6425,8,1
6426,8,1
6427,8,1
6428,8,1
6429,8,4
6430,8,1
6431,8,3
6432,8,4
6433,8,1
6434,8,4
6435,8,4
6436,8,3
6437,8,5
6438,8,2
6439,8,3
6440,8,3
6441,8,5
6442,8,4
6443,8,3
6444,8,4
6445,8,4
6446,8,5
6447,8,5
6448,8,4
6449,8,5
6450,8,2
6451,8,3
6452,8,4
6453,8,4
6454,8,1
6455,8,1
6456,8,1
6457,8,2
6458,8,4
6459,8,1
6460,8,1
6461,8,2
6462,8,4
6463,8,4
6464,8,4
6465,8,2
6466,8,4
6467,8,4
6468,8,4
6469,8,4
6470,8,1
6471,8,5
6472,8,4
6473,8,4
6474,8,5
6475,8,4
6476,8,5
6477,8,2
6478,8,5
6479,8,3
6480,8,4
6481,8,4
6482,8,4
6483,8,3
6484,8,3
6485,8,3
6486,8,1
6487,8,1
6488,8,1
6489,8,2
6490,8,1
6491,8,1
6492,8,1
6493,8,1
6494,8,1
6495,8,1
6496,8,4
6497,8,5
6498,8,5
6499,8,5
6500,8,5
6501,8,4
6502,8,4
6503,8,2
6504,8,5
6505,8,4
6506,8,4
6507,8,5
6508,8,4
6509,8,5
6510,8,3
6511,8,5
6512,8,5
6513,8,4
6514,8,4
6515,8,5
6516,8,2
6517,8,2
6518,8,5
6519,8,1
6520,8,1
6521,8,1
6522,8,1
6523,8,1
6524,8,1
6525,8,4
6526,8,1
6527,8,5
6528,8,1
6529,8,1
6530,8,1
6531,8,1
6532,8,1
6533,8,2
6534,8,1
6535,8,3
6536,8,1
6537,8,5
6538,8,5
6539,8,5
6540,8,5
6541,8,5
6542,8,5
6543,8,2
6544,8,5
6545,8,4
6546,8,2
6547,8,5
6548,8,1
6549,8,4
6550,8,3
6551,8,5
6552,8,1
6553,8,5
6554,8,4
6555,8,5
6556,8,4
6557,8,3
6558,8,4
6559,8,5
6560,8,3
6561,8,3
6562,8,1
6563,8,5
6564,8,4
6565,8,5
6566,8,1
6567,8,1
6568,8,1
6569,8,1
6570,8,1
6571,8,1
6572,8,4
6573,8,3
6574,8,3
6575,8,1
6576,8,3
6577,8,4
6578,8,5
6579,8,4
6580,8,3
6581,8,5
6582,8,5
6583,8,5
6584,8,5
6585,8,5
6586,8,5
6587,8,2
6588,8,5
6589,8,5
6590,8,5
6591,8,5
6592,8,5
6593,8,5
6594,8,5
6595,8,5
6596,8,4
6597,8,1
6598,8,4
6599,8,1
6600,8,3
6601,8,4
6602,8,1
6603,8,1
6604,8,5
6605,8,5
6606,8,2
6607,8,2
6608,8,1
6609,8,2
6610,8,1
6611,8,5
6612,8,1
6613,8,5
6614,8,4
6615,8,5
6616,8,5
6617,8,1
6618,8,4
6619,8,3
6620,8,2
6621,8,5
6622,8,3
6623,8,3
6624,8,3
6625,8,3
6626,8,4
6627,8,5
6628,8,1
6629,8,5
6630,8,4
6631,8,1
6632,8,1
6633,8,1
6634,8,1
6635,8,3
6636,8,2
6637,8,5
6638,8,4
6639,8,1
6640,8,2
6641,8,1
6642,8,1
6643,8,1
6644,8,4
6645,8,4
6646,8,1
6647,8,1
6648,8,1
6649,8,5
6650,8,4
6651,8,1
6652,8,2
6653,8,5
6654,8,5
6655,8,5
6656,8,3
6657,8,4
6658,8,5
6659,8,4
6660,8,5
6661,8,4
6662,8,5
6663,8,5
6664,8,5
6665,8,5
6666,8,4
6667,8,4
6668,8,1
6669,8,1
6670,8,3
6671,8,5
6672,8,5
6673,8,1
6674,8,1
6675,8,1
6676,8,1
6677,8,1
6678,8,1
6679,8,1
6680,8,3
6681,8,3
6682,8,5
6683,8,5
6684,8,4
6685,8,3
6686,8,5
6687,8,3
6688,8,5
6689,8,5
6690,8,5
6691,8,5
6692,8,5
6693,8,4
6694,8,3
6695,8,5
6696,8,1
6697,8,1
6698,8,4
6699,8,1
6700,8,3
6701,8,1
6702,8,4
6703,8,1
6704,8,1
6705,8,4
6706,8,2
6707,8,1
6708,8,3
6709,8,5
6710,8,3
6711,8,4
6712,8,2
6713,8,4
6714,8,3
6715,8,4
6716,8,1
6717,8,5
6718,8,1
6719,8,2
6720,8,5
6721,8,5
6722,8,3
6723,8,2
6724,8,1
6725,8,1
6726,8,1
6727,8,4
6728,8,4
6729,8,4
6730,8,5
6731,8,4
6732,8,1
6733,8,5
6734,8,1
6735,8,1
6736,8,1
6737,8,2
6738,8,1
6739,8,2
6740,8,4
6741,8,1
6742,8,1
6743,8,1
6744,8,4
6745,8,5
6746,8,5
6747,8,2
6748,8,1
6749,8,3
6750,8,2
6751,8,4
6752,8,3
6753,8,4
6754,8,5
6755,8,3
6756,8,4
6757,8,3
6758,8,2
6759,8,5
6760,8,4
6761,8,3
6762,8,5
6763,8,5
6764,8,5
6765,8,1
6766,8,3
6767,8,5
6768,8,3
6769,8,5
6770,8,1
6771,8,5
6772,8,1
6773,8,3
6774,8,4
6775,8,3
6776,8,4
6777,8,3
6778,8,4
6779,8,5
6780,8,2
6781,8,1
6782,8,1
6783,8,5
6784,8,1
6785,8,4
6786,8,2
6787,8,5
6788,8,2
6789,8,1
6790,8,3
6791,8,2
6792,8,1
6793,8,3
6794,8,4
6795,8,4
6796,8,3
6797,8,5
6798,8,4
6799,8,1
6800,8,4
6801,8,3
6802,8,4
6803,8,3
6804,8,4
6805,8,5
6806,8,3
6807,8,3
6808,8,1
6809,8,1
6810,8,3
6811,8,1
6812,8,2
6813,8,1
6814,8,5
6815,8,2
6816,8,3
6817,8,5
6818,8,5
6819,8,2
6820,8,2
6821,8,3
6822,8,4
6823,8,5
6824,8,5
6825,8,4
6826,8,5
6827,8,3
6828,8,2
6829,8,1
6830,8,1
6831,8,4
6832,8,5
6833,8,1
6834,8,3
6835,8,4
6836,8,3
6837,8,5
6838,8,4
6839,8,1
6840,8,1
6841,8,1
6842,8,4
6843,8,1
6844,8,4
6845,8,1
6846,8,4
6847,8,1
6848,8,2
6849,8,5
6850,8,3
6851,8,4
6852,8,4
6853,8,5
6854,8,3
6855,8,3
6856,8,4
6857,8,4
6858,8,3
6859,8,5
6860,8,3
6861,8,1
6862,8,5
6863,8,3
6864,8,1
6865,8,1
6866,8,1
6867,8,3
6868,8,3
6869,8,3
6870,8,4
6871,8,4
6872,8,4
6873,8,5
6874,8,4
6875,8,3
6876,8,4
6877,8,1
6878,8,5
6879,8,1
6880,8,1
6881,8,1
6882,8,1
6883,8,4
6884,8,2
6885,8,4
6886,8,3
6887,8,5
6888,8,5
6889,8,3
6890,8,3
6891,8,5
6892,8,5
6893,8,4
6894,8,3
6895,8,4
6896,8,3
6897,8,5
6898,8,5
6899,8,4
6900,8,3
6901,8,3
6902,8,4
6903,8,3
6904,8,5
6905,8,2
6906,8,4
6907,8,3
6908,8,3
6909,8,1
6910,8,1
6911,8,1
6912,8,1
6913,8,1
6914,8,4
6915,8,1
6916,8,1
6917,8,3
6918,8,4
6919,8,1
6920,8,5
6921,8,4
6922,8,5
6923,8,5
6924,8,5
6925,8,4
6926,8,4
6927,8,5
6928,8,1
6929,8,3
6930,8,3
6931,8,4
6932,8,4
6933,8,4
6934,8,3
6935,8,4
6936,8,1
6937,8,5
6938,8,4
6939,8,2
6940,8,1
6941,8,1
6942,8,1
6943,8,1
6944,8,1
6945,8,5
6946,8,3
6947,8,2
6948,8,4
6949,8,3
6950,8,1
6951,8,1
6952,8,1
6953,8,1
6954,8,5
6955,8,4
6956,8,2
6957,8,5
6958,8,1
6959,8,5
6960,8,5
6961,8,5
6962,8,4
6963,8,5
6964,8,4
6965,8,3
6966,8,1
6967,8,5
6968,8,4
6969,8,3
6970,8,4
6971,8,5
6972,8,3
6973,8,5
6974,8,4
6975,8,3
6976,8,2
6977,8,5
6978,8,5
6979,8,1
6980,8,4
6981,8,1
6982,8,3
6983,8,4
6984,8,1
6985,8,1
6986,8,1
6987,8,3
6988,8,1
6989,8,1
6990,8,1
6991,8,3
6992,8,4
6993,8,3
6994,8,5
6995,8,3
6996,8,3
6997,8,3
6998,8,4
6999,8,5
7000,8,2
7001,8,1
7002,8,4
7003,8,4
7004,8,4
7005,8,5
7006,8,4
7007,8,5
7008,8,4
7009,8,5
7010,8,4
7011,8,5
7012,8,1
7013,8,5
7014,8,4
7015,8,4
7016,8,4
7017,8,4
7018,8,3
7019,8,1
7020,8,1
7021,8,3
7022,8,3
7023,8,1
7024,8,1
7025,8,2
7026,8,1
7027,8,1
7028,8,4
7029,8,1
7030,8,5
7031,8,4
7032,8,4
7033,8,5
7034,8,3
7035,8,3
7036,8,5
7037,8,5
7038,8,4
7039,8,3
7040,8,5
7041,8,5
7042,8,3
7043,8,4
7044,8,4
7045,8,3
7046,8,1
7047,8,3
7048,8,3
7049,8,3
7050,8,3
7051,8,4
7052,8,3
7053,8,4
7054,8,4
7055,8,2
7056,8,4
7057,8,3
7058,8,1
7059,8,4
7060,8,1
7061,8,4
7062,8,1
7063,8,1
7064,8,1
7065,8,1
7066,8,1
7067,8,1
7068,8,1
7069,8,5
7070,8,3
7071,8,4
7072,8,4
7073,8,5
7074,8,3
7075,8,2
7076,8,3
7077,8,5
7078,8,5
7079,8,2
7080,8,3
7081,8,2
7082,8,4
7083,8,5
7084,8,4
7085,8,3
7086,8,4
7087,8,3
7088,8,3
7089,8,3
7090,8,1
7091,8,1
7092,8,1
7093,8,2
7094,8,4
7095,8,1
7096,8,1
7097,8,1
7098,8,1
7099,8,1
7100,8,5
7101,8,3
7102,8,2
7103,8,1
7104,8,1
7105,8,4
7106,8,4
7107,8,5
7108,8,3
7109,8,4
7110,8,5
7111,8,4
7112,8,1
7113,8,3
7114,8,5
7115,8,2
7116,8,4
7117,8,5
7118,8,5
7119,8,4
7120,8,1
7121,8,1
7122,8,1
7123,8,1
7124,8,4
7125,8,3
7126,8,5
7127,8,2
7128,8,1
7129,8,1
7130,8,5
7131,8,4
7132,8,1
7133,8,1
7134,8,1
7135,8,1
7136,8,3
7137,8,4
7138,8,4
7139,8,2
7140,8,5
7141,8,4
7142,8,3
7143,8,5
7144,8,3
7145,8,5
7146,8,3
7147,8,3
7148,8,4
7149,8,2
7150,8,5
7151,8,4
7152,8,5
7153,8,1
7154,8,1
7155,8,4
7156,8,2
7157,8,1
7158,8,1
7159,8,4
7160,8,1
7161,8,1
7162,8,3
7163,8,5
7164,8,1
7165,8,4
7166,8,1
7167,8,1
7168,8,1
7169,8,3
7170,8,1
7171,8,4
7172,8,1
7173,8,5
7174,8,2
7175,8,5
7176,8,3
7177,8,3
7178,8,5
7179,8,5
7180,8,3
7181,8,3
7182,8,5
7183,8,5
7184,8,5
7185,8,5
7186,8,4
7187,8,4
7188,8,5
7189,8,1
7190,8,3
7191,8,3
7192,8,4
7193,8,5
7194,8,3
7195,8,5
7196,8,1
7197,8,1
7198,8,3
7199,8,5
7200,8,4
7201,8,1
7202,8,5
7203,8,1
7204,8,1
7205,8,1
7206,8,4
7207,8,3
7208,8,4
7209,8,1
7210,8,5
7211,8,1
7212,8,1
7213,8,3
7214,8,3
7215,8,5
7216,8,4
7217,8,5
7218,8,3
7219,8,2
7220,8,4
7221,8,3
7222,8,2
7223,8,5
7224,8,5
7225,8,4
7226,8,4
7227,8,1
7228,8,1
7229,8,1
7230,8,1
7231,8,1
7232,8,3
7233,8,2
7234,8,1
7235,8,1
7236,8,1
7237,8,1
7238,8,5
7239,8,4
7240,8,5
7241,8,4
7242,8,5
7243,8,5
7244,8,5
7245,8,3
7246,8,3
7247,8,5
7248,8,2
7249,8,4
7250,8,4
7251,8,4
7252,8,5
7253,8,2
7254,8,1
7255,8,1
7256,8,1
7257,8,3
7258,8,4
7259,8,3
7260,8,5
7261,8,1
7262,8,2
7263,8,4
7264,8,1
7265,8,3
7266,8,1
7267,8,4
7268,8,2
7269,8,1
7270,8,3
7271,8,4
7272,8,5
7273,8,3
7274,8,5
7275,8,1
7276,8,4
7277,8,4
7278,8,4
7279,8,5
7280,8,4
7281,8,5
7282,8,2
7283,8,3
7284,8,5
7285,8,2
7286,8,4
7287,8,4
7288,8,1
7289,8,1
7290,8,5
7291,8,2
7292,8,1
7293,8,4
7294,8,3
7295,8,1
7296,8,4
7297,8,4
7298,8,1
7299,8,2
7300,8,2
7301,8,1
7302,8,1
7303,8,1
7304,8,1
7305,8,2
7306,8,4
7307,8,5
7308,8,2
7309,8,1
7310,8,4
7311,8,2
7312,8,4
7313,8,5
7314,8,5
7315,8,4
7316,8,3
7317,8,5
7318,8,3
7319,8,3
7320,8,5
7321,8,5
7322,8,4
7323,8,4
7324,8,1
7325,8,1
7326,8,4
7327,8,4
7328,8,3
7329,8,5
7330,8,4
7331,8,4
7332,8,3
7333,8,1
7334,8,1
7335,8,5
7336,8,5
7337,8,3
7338,8,1
7339,8,4
7340,8,5
7341,8,4
7342,8,1
7343,8,3
7344,8,4
7345,8,5
7346,8,4
7347,8,5
7348,8,3
7349,8,4
7350,8,4
7351,8,2
7352,8,2
7353,8,5
7354,8,3
7355,8,3
7356,8,4
7357,8,2
7358,8,1
7359,8,1
7360,8,4
7361,8,5
7362,8,1
7363,8,1
7364,8,2
7365,8,3
7366,8,1
7367,8,4
7368,8,4
7369,8,1
7370,8,4
7371,8,1
7372,8,1
7373,8,1
7374,8,4
7375,8,2
7376,8,2
7377,8,3
7378,8,4
7379,8,4
7380,8,5
7381,8,3
7382,8,5
7383,8,5
7384,8,4
7385,8,4
7386,8,4
7387,8,3
7388,8,3
7389,8,4
7390,8,5
7391,8,4
7392,8,4
7393,8,1
7394,8,1
7395,8,1
7396,8,2
7397,8,1
7398,8,2
7399,8,1
7400,8,3
7401,8,1
7402,8,4
7403,8,1
7404,8,4
7405,8,1
7406,8,4
7407,8,4
7408,8,4
7409,8,5
7410,8,5
7411,8,4
7412,8,3
7413,8,2
7414,8,4
7415,8,2
7416,8,5
7417,8,1
7418,8,5
7419,8,4
7420,8,4
7421,8,3
7422,8,5
7423,8,2
7424,8,4
7425,8,4
7426,8,3
7427,8,3
7428,8,4
7429,8,4
7430,8,4
7431,8,1
7432,8,3
7433,8,1
7434,8,1
7435,8,4
7436,8,1
7437,8,4
7438,8,1
7439,8,1
7440,8,5
7441,8,1
7442,8,4
7443,8,2
7444,8,4
7445,8,2
7446,8,3
7447,8,3
7448,8,5
7449,8,4
7450,8,5
7451,8,3
7452,8,5
7453,8,2
7454,8,5
7455,8,1
7456,8,5
7457,8,5
7458,8,3
7459,8,3
7460,8,4
7461,8,1
7462,8,3
7463,8,1
7464,8,1
7465,8,2
7466,8,1
7467,8,1
7468,8,1
7469,8,2
7470,8,1
7471,8,3
7472,8,1
7473,8,2
7474,8,1
7475,8,2
7476,8,5
7477,8,3
7478,8,3
7479,8,4
7480,8,4
7481,8,5
7482,8,5
7483,8,5
7484,8,1
7485,8,5
7486,8,3
7487,8,1
7488,8,4
7489,8,5
7490,8,4
7491,8,4
7492,8,4
7493,8,5
7494,8,4
7495,8,4
7496,8,1
7497,8,5
7498,8,1
7499,8,3
7500,8,1
7501,8,1
7502,8,1
7503,8,1
7504,8,2
7505,8,4
7506,8,4
7507,8,1
7508,8,2
7509,8,2
7510,8,1
7511,8,5
7512,8,5
7513,8,3
7514,8,4
7515,8,4
7516,8,4
7517,8,5
7518,8,5
7519,8,2
7520,8,1
7521,8,5
7522,8,5
7523,8,5
7524,8,3
7525,8,3
7526,8,4
7527,8,5
7528,8,4
7529,8,2
7530,8,5
7531,8,5
7532,8,4
7533,8,3
7534,8,3
7535,8,1
7536,8,5
7537,8,1
7538,8,1
7539,8,1
7540,8,1
7541,8,1
7542,8,1
7543,8,1
7544,8,1
7545,8,1
7546,8,1
7547,8,3
7548,8,1
7549,8,1
7550,8,1
7551,8,1
7552,8,4
7553,8,3
7554,8,1
7555,8,5
7556,8,3
7557,8,1
7558,8,1
7559,8,1
7560,8,2
7561,8,2
7562,8,3
7563,8,3
7564,8,4
7565,8,3
7566,8,3
7567,8,1
7568,8,1
7569,8,3
7570,8,2
7571,8,3
7572,8,1
7573,8,1
7574,8,3
7575,8,1
7576,8,1
7577,8,1
7578,8,1
7579,8,1
7580,8,1
7581,8,4
7582,8,4
7583,8,4
7584,8,2
7585,8,3
7586,8,2
7587,8,1
7588,8,1
7589,8,4
7590,8,3
7591,8,4
7592,8,2
7593,8,3
7594,8,5
7595,8,1
7596,8,1
7597,8,3
7598,8,1
7599,8,1
7600,8,3
7601,8,1
7602,8,1
7603,8,1
7604,8,2
7605,8,5
7606,8,3
7607,8,1
7608,8,1
7609,8,3
7610,8,1
7611,8,1
7612,8,1
7613,8,1
7614,8,1
7615,8,1
7616,8,1
7617,8,1
7618,8,3
7619,8,1
7620,8,1
7621,8,1
7622,8,1
7623,8,5
7624,8,5
7625,8,2
7626,8,3
7627,8,2
7628,8,3
7629,8,2
7630,8,2
7631,8,1
7632,8,4
7633,8,3
7634,8,1
7635,8,4
7636,8,5
7637,8,5
7638,8,1
7639,8,3
7640,8,4
7641,8,3
7642,8,4
7643,8,4
7644,8,1
7645,8,3
7646,8,1
7647,8,3
7648,8,1
7649,8,1
7650,8,4
7651,8,4
7652,8,2
7653,8,5
7654,8,4
7655,8,1
7656,8,1
7657,8,1
7658,8,1
7659,8,1
7660,8,1
7661,8,1
7662,8,1
7663,8,1
7664,8,1
7665,8,1
7666,8,3
7667,8,4
7668,8,5
7669,8,3
7670,8,1
7671,8,3
7672,8,1
7673,8,5
7674,8,1
7675,8,3
7676,8,5
7677,8,4
7678,8,2
7679,8,4
7680,8,3
7681,8,1
7682,8,5
7683,8,5
7684,8,2
7685,8,4
7686,8,1
7687,8,2
7688,8,1
7689,8,1
7690,8,1
7691,8,1
7692,8,2
7693,8,3
7694,8,1
7695,8,1
7696,8,1
7697,8,1
7698,8,1
7699,8,4
7700,8,5
7701,8,4
7702,8,3
7703,8,3
7704,8,4
7705,8,4
7706,8,1
7707,8,1
7708,8,2
7709,8,4
7710,8,2
7711,8,4
7712,8,4
7713,8,4
7714,8,1
7715,8,3
7716,8,1
7717,8,1
7718,8,3
7719,8,3
7720,8,1
7721,8,1
7722,8,1
7723,8,1
7724,8,1
7725,8,1
7726,8,1
7727,8,1
7728,8,1
7729,8,1
7730,8,1
7731,8,3
7732,8,3
7733,8,3
7734,8,1
7735,8,4
7736,8,4
7737,8,4
7738,8,4
7739,8,3
7740,8,3
7741,8,4
7742,8,5
7743,8,3
7744,8,4
7745,8,1
7746,8,3
7747,8,4
7748,8,4
7749,8,5
7750,8,1
7751,8,5
7752,8,2
7753,8,1
7754,8,1
7755,8,1
7756,8,1
7757,8,2
7758,8,5
7759,8,1
7760,8,1
7761,8,1
7762,8,1
7763,8,1
7764,8,1
7765,8,1
7766,8,1
7767,8,1
7768,8,1
7769,8,1
7770,8,3
7771,8,4
7772,8,3
7773,8,1
7774,8,4
7775,8,3
7776,8,4
7777,8,3
7778,8,2
7779,8,1
7780,8,1
7781,8,5
7782,8,4
7783,8,4
7784,8,3
7785,8,1
7786,8,1
7787,8,1
7788,8,1
7789,8,1
7790,8,4
7791,8,4
7792,8,1
7793,8,1
7794,8,1
7795,8,1
7796,8,1
7797,8,1
7798,8,1
7799,8,1
7800,8,1
7801,8,1
7802,8,4
7803,8,4
7804,8,5
7805,8,3
7806,8,2
7807,8,4
7808,8,4
7809,8,4
7810,8,2
7811,8,5
7812,8,3
7813,8,3
7814,8,3
7815,8,5
7816,8,3
7817,8,1
7818,8,2
7819,8,1
7820,8,3
7821,8,1
7822,8,1
7823,8,1
7824,8,3
7825,8,1
7826,8,1
7827,8,3
7828,8,4
7829,8,1
7830,8,1
7831,8,1
7832,8,1
7833,8,1
7834,8,3
7835,8,3
7836,8,1
7837,8,2
7838,8,1
7839,8,4
7840,8,3
7841,8,1
7842,8,2
7843,8,3
7844,8,2
7845,8,5
7846,8,4
7847,8,2
7848,8,5
7849,8,5
7850,8,1
7851,8,3
7852,8,3
7853,8,3
7854,8,3
7855,8,1
7856,8,3
7857,8,1
7858,8,1
7859,8,1
7860,8,1
7861,8,1
7862,8,1
7863,8,1
7864,8,1
7865,8,1
7866,8,1
7867,8,1
7868,8,4
7869,8,4
7870,8,2
7871,8,3
7872,8,5
7873,8,2
7874,8,4
7875,8,5
7876,8,5
7877,8,5
7878,8,2
7879,8,4
7880,8,3
7881,8,3
7882,8,4
7883,8,3
7884,8,1
7885,8,4
7886,8,3
7887,8,2
7888,8,1
7889,8,1
7890,8,1
7891,8,1
7892,8,1
7893,8,1
7894,8,1
7895,8,3
7896,8,1
7897,8,1
7898,8,1
7899,8,1
7900,8,1
7901,8,3
7902,8,3
7903,8,1
7904,8,5
7905,8,3
7906,8,3
7907,8,5
7908,8,3
7909,8,2
7910,8,4
7911,8,1
7912,8,2
7913,8,4
7914,8,3
7915,8,4
7916,8,1
7917,8,1
7918,8,3
7919,8,4
7920,8,3
7921,8,3
7922,8,3
7923,8,1
7924,8,1
7925,8,3
7926,8,2
7927,8,1
7928,8,4
7929,8,3
7930,8,1
7931,8,1
7932,8,1
7933,8,1
7934,8,1
7935,8,1
7936,8,1
7937,8,1
7938,8,1
7939,8,1
7940,8,3
7941,8,3
7942,8,5
7943,8,1
7944,8,5
7945,8,3
7946,8,5
7947,8,1
7948,8,1
7949,8,3
7950,8,4
7951,8,4
7952,8,4
7953,8,1
7954,8,1
7955,8,4
7956,8,3
7957,8,2
7958,8,5
7959,8,1
7960,8,1
7961,8,1
7962,8,5
7963,8,2
7964,8,3
7965,8,2
7966,8,5
7967,8,3
7968,8,5
7969,8,1
7970,8,1
7971,8,1
7972,8,1
7973,8,1
7974,8,1
7975,8,1
7976,8,1
7977,8,1
7978,8,1
7979,8,1
7980,8,1
7981,8,1
7982,8,1
7983,8,2
7984,8,3
7985,8,4
7986,8,2
7987,8,4
7988,8,3
7989,8,5
7990,8,3
7991,8,3
7992,8,5
7993,8,3
7994,8,3
7995,8,3
7996,8,2
7997,8,5
7998,8,1
7999,8,3
8000,8,3
8001,8,3
8002,8,4
8003,8,3
8004,8,2
8005,8,4
8006,8,3
8007,8,1
8008,8,2
8009,8,4
8010,8,3
8011,8,3
8012,8,1
8013,8,1
8014,8,1
8015,8,1
8016,8,1
8017,8,1
8018,8,1
8019,8,1
8020,8,1
8021,8,1
8022,8,1
8023,8,3
8024,8,1
8025,8,1
8026,8,1
8027,8,1
8028,8,1
8029,8,3
8030,8,2
8031,8,1
8032,8,1
8033,8,3
8034,8,4
8035,8,1
8036,8,1
8037,8,1
8038,8,3
8039,8,4
8040,8,4
8041,8,4
8042,8,4
8043,8,3
8044,8,3
8045,8,3
8046,8,4
8047,8,1
8048,8,3
8049,8,1
8050,8,3
8051,8,3
8052,8,5
8053,8,2
8054,8,1
8055,8,1
8056,8,1
8057,8,1
8058,8,1
8059,8,2
8060,8,2
8061,8,3
8062,8,3
8063,8,1
8064,8,3
8065,8,1
8066,8,1
8067,8,1
8068,8,1
8069,8,1
8070,8,1
8071,8,1
8072,8,1
8073,8,1
8074,8,5
8075,8,4
8076,8,4
8077,8,4
8078,8,1
8079,8,2
8080,8,3
8081,8,3
8082,8,4
8083,8,3
8084,8,3
8085,8,5
8086,8,5
8087,8,4
8088,8,5
8089,8,4
8090,8,4
8091,8,1
8092,8,1
8093,8,1
8094,8,1
8095,8,1
8096,8,2
8097,8,4
8098,8,2
8099,8,1
8100,8,4
8101,8,1
8102,8,1
8103,8,1
8104,8,1
8105,8,1
8106,8,2
8107,8,2
8108,8,4
8109,8,3
8110,8,2
8111,8,1
8112,8,3
8113,8,2
8114,8,3
8115,8,3
8116,8,4
8117,8,4
8118,8,5
8119,8,2
8120,8,4
8121,8,1
8122,8,2
8123,8,1
8124,8,3
8125,8,4
8126,8,1
8127,8,1
8128,8,1
8129,8,1
8130,8,1
8131,8,1
8132,8,1
8133,8,1
8134,8,3
8135,8,1
8136,8,3
8137,8,1
8138,8,1
8139,8,1
8140,8,4
8141,8,1
8142,8,3
8143,8,3
8144,8,5
8145,8,2
8146,8,1
8147,8,2
8148,8,4
8149,8,4
8150,8,1
8151,8,5
8152,8,1
8153,8,1
8154,8,3
8155,8,5
8156,8,4
8157,8,1
8158,8,4
8159,8,4
8160,8,3
8161,8,5
8162,8,3
8163,8,5
8164,8,5
8165,8,4
8166,8,2
8167,8,1
8168,8,1
8169,8,1
8170,8,4
8171,8,4
8172,8,3
8173,8,3
8174,8,1
8175,8,1
8176,8,1
8177,8,1
8178,8,1
8179,8,1
8180,8,1
8181,8,1
8182,8,1
8183,8,1
8184,8,1
8185,8,1
8186,8,1
8187,8,1
8188,8,1
8189,8,2
8190,8,5
8191,8,4
8192,8,3
8193,8,1
8194,8,1
8195,8,3
8196,8,2
8197,8,2
8198,8,1
8199,8,2
8200,8,5
8201,8,3
8202,8,5
8203,8,1
8204,8,4
8205,8,3
8206,8,2
8207,8,1
8208,8,1
8209,8,1
8210,8,3
8211,8,1
8212,8,1
8213,8,2
8214,8,3
8215,8,1
8216,8,1
8217,8,1
8218,8,1
8219,8,1
8220,8,1
8221,8,1
8222,8,3
8223,8,1
8224,8,1
8225,8,1
8226,8,1
8227,8,1
8228,8,1
8229,8,1
8230,8,4
8231,8,3
8232,8,3
8233,8,4
8234,8,4
8235,8,3
8236,8,2
8237,8,1
8238,8,5
8239,8,3
8240,8,1
8241,8,2
8242,8,1
8243,8,4
8244,8,2
8245,8,2
8246,8,1
8247,8,1
8248,8,1
8249,8,1
8250,8,1
8251,8,1
8252,8,1
8253,8,1
8254,8,1
8255,8,1
8256,8,1
8257,8,4
8258,8,3
8259,8,3
8260,8,1
8261,8,2
8262,8,3
8263,8,3
8264,8,3
8265,8,4
8266,8,2
8267,8,1
8268,8,2
8269,8,3
8270,8,2
8271,8,4
8272,8,3
8273,8,5
8274,8,4
8275,8,3
8276,8,2
8277,8,3
8278,8,3
8279,8,2
8280,8,1
8281,8,3
8282,8,3
8283,8,3
8284,8,1
8285,8,1
8286,8,3
8287,8,1
8288,8,1
8289,8,1
8290,8,1
8291,8,1
8292,8,1
8293,8,1
8294,8,1
8295,8,1
8296,8,1
8297,8,1
8298,8,1
8299,8,1
8300,8,5
8301,8,3
8302,8,4
8303,8,4
8304,8,5
8305,8,2
8306,8,3
8307,8,4
8308,8,3
8309,8,4
8310,8,5
8311,8,3
8312,8,5
8313,8,3
8314,8,3
8315,8,3
8316,8,2
8317,8,3
8318,8,1
8319,8,5
8320,8,3
8321,8,3
8322,8,1
8323,8,1
8324,8,1
8325,8,1
8326,8,1
8327,8,1
8328,8,2
8329,8,4
8330,8,3
8331,8,3
8332,8,3
8333,8,1
8334,8,1
8335,8,1
8336,8,1
8337,8,1
8338,8,1
8339,8,1
8340,8,1
8341,8,1
8342,8,1
8343,8,1
8344,8,1
8345,8,1
8346,8,3
8347,8,2
8348,8,2
8349,8,3
8350,8,4
8351,8,4
8352,8,1
8353,8,4
8354,8,3
8355,8,2
8356,8,4
8357,8,4
8358,8,4
8359,8,5
8360,8,3
8361,8,4
8362,8,4
8363,8,2
8364,8,1
8365,8,1
8366,8,1
8367,8,1
8368,8,1
8369,8,1
8370,8,1
8371,8,1
8372,8,3
8373,8,1
8374,8,1
8375,8,1
8376,8,1
8377,8,1
8378,8,1
8379,8,3
8380,8,1
8381,8,1
8382,8,1
8383,8,1
8384,8,1
8385,8,2
8386,8,4
8387,8,3
8388,8,2
8389,8,3
8390,8,3
8391,8,4
8392,8,5
8393,8,5
8394,8,3
8395,8,4
8396,8,2
8397,8,1
8398,8,4
8399,8,3
8400,8,3
8401,8,4
8402,8,3
8403,8,2
8404,8,2
8405,8,2
8406,8,3
8407,8,1
8408,8,1
8409,8,1
8410,8,1
8411,8,1
8412,8,3
8413,8,3
8414,8,1
8415,8,3
8416,8,4
8417,8,4
8418,8,1
8419,8,1
8420,8,1
8421,8,1
8422,8,1
8423,8,1
8424,8,1
8425,8,3
8426,8,1
8427,8,3
8428,8,1
8429,8,1
8430,8,2
8431,8,5
8432,8,3
8433,8,5
8434,8,1
8435,8,5
8436,8,3
8437,8,2
8438,8,1
8439,8,4
8440,8,3
8441,8,3
8442,8,3
8443,8,3
8444,8,3
8445,8,1
8446,8,1
8447,8,1
8448,8,3
8449,8,1
8450,8,1
8451,8,1
8452,8,2
8453,8,3
8454,8,3
8455,8,1
8456,8,1
8457,8,3
8458,8,1
8459,8,1
8460,8,1
8461,8,1
8462,8,1
8463,8,1
8464,8,1
8465,8,1
8466,8,1
8467,8,3
8468,8,2
8469,8,4
8470,8,2
8471,8,3
8472,8,3
8473,8,5
8474,8,3
8475,8,4
8476,8,2
8477,8,4
8478,8,4
8479,8,1
8480,8,4
8481,8,1
8482,8,3
8483,8,5
8484,8,3
8485,8,4
8486,8,2
8487,8,1
8488,8,5
8489,8,1
8490,8,1
8491,8,1
8492,8,1
8493,8,3
8494,8,1
8495,8,1
8496,8,3
8497,8,1
8498,8,1
8499,8,1
8500,8,1
8501,8,1
8502,8,1
8503,8,3
8504,8,4
8505,8,5
8506,8,4
8507,8,4
8508,8,4
8509,8,2
8510,8,2
8511,8,3
8512,8,1
8513,8,2
8514,8,2
8515,8,3
8516,8,5
8517,8,4
8518,8,5
8519,8,4
8520,8,4
8521,8,3
8522,8,1
8523,8,3
8524,8,1
8525,8,1
8526,8,1
8527,8,1
8528,8,3
8529,8,1
8530,8,1
8531,8,1
8532,8,3
8533,8,1
8534,8,1
8535,8,3
8536,8,1
8537,8,3
8538,8,1
8539,8,3
8540,8,1
8541,8,1
8542,8,1
8543,8,1
8544,8,1
8545,8,1
8546,8,1
8547,8,1
8548,8,1
8549,8,1
8550,8,3
8551,8,1
8552,8,1
8553,8,2
8554,8,4
8555,8,3
8556,8,1
8557,8,3
8558,8,3
8559,8,2
8560,8,4
8561,8,1
8562,8,3
8563,8,3
8564,8,5
8565,8,3
8566,8,5
8567,8,4
8568,8,4
8569,8,1
8570,8,1
8571,8,2
8572,8,2
8573,8,2
8574,8,3
8575,8,1
8576,8,1
8577,8,3
8578,8,4
8579,8,3
8580,8,1
8581,8,1
8582,8,3
8583,8,1
8584,8,1
8585,8,1
8586,8,1
8587,8,1
8588,8,1
8589,8,1
8590,8,1
8591,8,1
8592,8,1
8593,8,5
8594,8,4
8595,8,3
8596,8,3
8597,8,5
8598,8,1
8599,8,3
8600,8,3
8601,8,4
8602,8,2
8603,8,3
8604,8,3
8605,8,3
8606,8,1
8607,8,1
8608,8,3
8609,8,1
8610,8,1
8611,8,3
8612,8,1
8613,8,3
8614,8,1
8615,8,2
8616,8,2
8617,8,1
8618,8,1
8619,8,1
8620,8,1
8621,8,1
8622,8,1
8623,8,1
8624,8,1
8625,8,1
8626,8,1
8627,8,1
8628,8,1
8629,8,1
8630,8,3
8631,8,1
8632,8,1
8633,8,5
8634,8,3
8635,8,3
8636,8,3
8637,8,4
8638,8,3
8639,8,3
8640,8,2
8641,8,4
8642,8,5
8643,8,4
8644,8,4
8645,8,1
8646,8,3
8647,8,4
8648,8,1
8649,8,1
8650,8,1
8651,8,1
8652,8,3
8653,8,1
8654,8,1
8655,8,1
8656,8,1
8657,8,1
8658,8,1
8659,8,1
8660,8,1
8661,8,3
8662,8,1
8663,8,1
8664,8,3
8665,8,5
8666,8,2
8667,8,3
8668,8,3
8669,8,2
8670,8,4
8671,8,4
8672,8,3
8673,8,3
8674,8,3
8675,8,3
8676,8,5
8677,8,1
8678,8,2
8679,8,3
8680,8,2
8681,8,5
8682,8,2
8683,8,2
8684,8,4
8685,8,3
8686,8,4
8687,8,3
8688,8,3
8689,8,4
8690,8,1
8691,8,3
8692,8,1
8693,8,1
8694,8,3
8695,8,5
8696,8,1
8697,8,1
8698,8,1
8699,8,1
8700,8,1
8701,8,1
8702,8,1
8703,8,1
8704,8,1
8705,8,1
8706,8,1
8707,8,1
8708,8,1
8709,8,4
8710,8,3
8711,8,1
8712,8,2
8713,8,4
8714,8,3
8715,8,1
8716,8,2
8717,8,3
8718,8,3
8719,8,3
8720,8,4
8721,8,2
8722,8,3
8723,8,1
8724,8,1
8725,8,1
8726,8,1
8727,8,3
8728,8,1
8729,8,2
8730,8,3
8731,8,2
8732,8,3
8733,8,2
8734,8,1
8735,8,1
8736,8,3
8737,8,1
8738,8,1
8739,8,1
8740,8,1
8741,8,1
8742,8,1
8743,8,3
8744,8,1
8745,8,1
8746,8,1
8747,8,1
8748,8,1
8749,8,1
8750,8,3
8751,8,1
8752,8,3
8753,8,4
8754,8,3
8755,8,2
8756,8,4
8757,8,3
8758,8,1
8759,8,3
8760,8,1
8761,8,3
8762,8,3
8763,8,4
8764,8,3
8765,8,1
8766,8,4
8767,8,3
8768,8,3
8769,8,2
8770,8,4
8771,8,3
8772,8,1
8773,8,5
8774,8,3
8775,8,3
8776,8,3
8777,8,2
8778,8,1
8779,8,1
8780,8,4
8781,8,1
8782,8,1
8783,8,1
8784,8,1
8785,8,1
8786,8,1
8787,8,1
8788,8,1
8789,8,1
8790,8,1
8791,8,1
8792,8,1
8793,8,1
8794,8,4
8795,8,3
8796,8,5
8797,8,2
8798,8,3
8799,8,1
8800,8,5
8801,8,3
8802,8,3
8803,8,4
8804,8,3
8805,8,3
8806,8,1
8807,8,5
8808,8,5
8809,8,4
8810,8,3
8811,8,1
8812,8,1
8813,8,5
8814,8,3
8815,8,1
8816,8,1
8817,8,1
8818,8,1
8819,8,1
8820,8,3
8821,8,1
8822,8,1
8823,8,3
8824,8,1
8825,8,2
8826,8,5
8827,8,2
8828,8,5
8829,8,3
8830,8,1
8831,8,4
8832,8,5
8833,8,4
8834,8,1
8835,8,2
8836,8,4
8837,8,3
8838,8,5
8839,8,1
8840,8,3
8841,8,5
8842,8,3
8843,8,1
8844,8,2
8845,8,3
8846,8,5
8847,8,4
8848,8,1
8849,8,1
8850,8,1
8851,8,1
8852,8,1
8853,8,1
8854,8,1
8855,8,1
8856,8,1
8857,8,1
8858,8,1
8859,8,5
8860,8,3
8861,8,3
8862,8,1
8863,8,3
8864,8,2
8865,8,1
8866,8,3
8867,8,1
8868,8,3
8869,8,4
8870,8,2
8871,8,3
8872,8,3
8873,8,3
8874,8,4
8875,8,1
8876,8,3
8877,8,3
8878,8,1
8879,8,1
8880,8,2
8881,8,3
8882,8,1
8883,8,1
8884,8,1
8885,8,3
8886,8,1
8887,8,3
8888,8,3
8889,8,3
8890,8,1
8891,8,1
8892,8,1
8893,8,1
8894,8,1
8895,8,1
8896,8,1
8897,8,3
8898,8,1
8899,8,1
8900,8,1
8901,8,1
8902,8,1
8903,8,1
8904,8,1
8905,8,1
8906,8,1
8907,8,4
8908,8,3
8909,8,3
8910,8,4
8911,8,2
8912,8,3
8913,8,1
8914,8,4
8915,8,4
8916,8,5
8917,8,5
8918,8,2
8919,8,3
8920,8,3
8921,8,2
8922,8,1
8923,8,1
8924,8,2
8925,8,3
8926,8,1
8927,8,1
8928,8,1
8929,8,1
8930,8,1
8931,8,1
8932,8,1
8933,8,1
8934,8,1
8935,8,1
8936,8,1
8937,8,1
8938,8,1
8939,8,4
8940,8,1
8941,8,4
8942,8,4
8943,8,4
8944,8,4
8945,8,4
8946,8,1
8947,8,4
8948,8,3
8949,8,4
8950,8,3
8951,8,3
8952,8,1
8953,8,1
8954,8,1
8955,8,1
8956,8,3
8957,8,4
8958,8,3
8959,8,3
8960,8,1
8961,8,1
8962,8,1
8963,8,1
8964,8,1
8965,8,3
8966,8,1
8967,8,1
8968,8,4
8969,8,4
8970,8,2
8971,8,3
8972,8,2
8973,8,1
8974,8,3
8975,8,1
8976,8,3
8977,8,3
8978,8,4
8979,8,2
8980,8,4
8981,8,3
8982,8,3
8983,8,3
8984,8,1
8985,8,1
8986,8,1
8987,8,1
8988,8,1
8989,8,1
8990,8,1
8991,8,1
8992,8,1
8993,8,2
8994,8,3
8995,8,1
8996,8,1
8997,8,1
8998,8,3
8999,8,1
9000,8,1
9001,8,1
9002,8,1
9003,8,1
9004,8,1
9005,8,1
9006,8,1
9007,8,1
9008,8,4
9009,8,3
9010,8,3
9011,8,3
9012,8,3
9013,8,3
9014,8,2
9015,8,4
9016,8,1
9017,8,4
9018,8,1
9019,8,1
9020,8,3
9021,8,3
9022,8,3
9023,8,4
9024,8,3
9025,8,2
9026,8,3
9027,8,3
9028,8,5
9029,8,3
9030,8,1
9031,8,3
9032,8,5
9033,8,1
9034,8,1
9035,8,1
9036,8,3
9037,8,1
9038,8,1
9039,8,2
9040,8,3
9041,8,2
9042,8,1
9043,8,1
9044,8,3
9045,8,1
9046,8,1
9047,8,3
9048,8,1
9049,8,1
9050,8,1
9051,8,1
9052,8,1
9053,8,1
9054,8,1
9055,8,1
9056,8,3
9057,8,4
9058,8,1
9059,8,2
9060,8,1
9061,8,4
9062,8,5
9063,8,1
9064,8,3
9065,8,2
9066,8,4
9067,8,3
9068,8,4
9069,8,3
9070,8,3
9071,8,3
9072,8,3
9073,8,4
9074,8,1
9075,8,1
9076,8,1
9077,8,3
9078,8,1
9079,8,1
9080,8,1
9081,8,1
9082,8,1
9083,8,1
9084,8,3
9085,8,1
9086,8,3
9087,8,1
9088,8,1
9089,8,1
9090,8,1
9091,8,3
9092,8,3
9093,8,3
9094,8,4
9095,8,4
9096,8,3
9097,8,3
9098,8,2
9099,8,4
9100,8,3
9101,8,3
9102,8,3
9103,8,1
9104,8,1
9105,8,2
9106,8,4
9107,8,3
9108,8,2
9109,8,1
9110,8,1
9111,8,3
9112,8,1
9113,8,3
9114,8,4
9115,8,3
9116,8,4
9117,8,1
9118,8,1
9119,8,1
9120,8,3
9121,8,1
9122,8,1
9123,8,1
9124,8,1
9125,8,1
9126,8,1
9127,8,2
9128,8,5
9129,8,1
9130,8,3
9131,8,4
9132,8,3
9133,8,1
9134,8,4
9135,8,3
9136,8,3
9137,8,5
9138,8,4
9139,8,5
9140,8,4
9141,8,3
9142,8,1
9143,8,3
9144,8,1
9145,8,1
9146,8,1
9147,8,5
9148,8,4
9149,8,1
9150,8,3
9151,8,1
9152,8,1
9153,8,1
9154,8,1
9155,8,1
9156,8,1
9157,8,1
9158,8,1
9159,8,1
9160,8,3
9161,8,4
9162,8,3
9163,8,3
9164,8,4
9165,8,3
9166,8,4
9167,8,4
9168,8,3
9169,8,1
9170,8,5
9171,8,5
9172,8,4
9173,8,3
9174,8,1
9175,8,3
9176,8,1
9177,8,1
9178,8,1
9179,8,4
9180,8,3
9181,8,3
9182,8,1
9183,8,1
9184,8,1
9185,8,1
9186,8,1
9187,8,1
9188,8,3
9189,8,1
9190,8,1
9191,8,1
9192,8,4
9193,8,3
9194,8,1
9195,8,1
9196,8,4
9197,8,3
9198,8,3
9199,8,3
9200,8,4
9201,8,2
9202,8,3
9203,8,4
9204,8,1
9205,8,3
9206,8,5
9207,8,2
9208,8,1
9209,8,4
9210,8,1
9211,8,4
9212,8,3
9213,8,3
9214,8,1
9215,8,1
9216,8,1
9217,8,1
9218,8,1
9219,8,1
9220,8,2
9221,8,2
9222,8,3
9223,8,1
9224,8,1
9225,8,1
9226,8,1
9227,8,3
9228,8,1
9229,8,1
9230,8,1
9231,8,1
9232,8,4
9233,8,5
9234,8,3
9235,8,1
9236,8,3
9237,8,3
9238,8,3
9239,8,5
9240,8,1
9241,8,1
9242,8,1
9243,8,3
9244,8,4
9245,8,3
9246,8,3
9247,8,2
9248,8,3
9249,8,4
9250,8,2
9251,8,1
9252,8,2
9253,8,1
9254,8,1
9255,8,1
9256,8,1
9257,8,2
9258,8,2
9259,8,1
9260,8,1
9261,8,1
9262,8,1
9263,8,1
9264,8,1
9265,8,1
9266,8,1
9267,8,1
9268,8,1
9269,8,3
9270,8,4
9271,8,2
9272,8,1
9273,8,5
9274,8,3
9275,8,3
9276,8,3
9277,8,1
9278,8,4
9279,8,3
9280,8,3
9281,8,4
9282,8,1
9283,8,4
9284,8,3
9285,8,2
9286,8,3
9287,8,1
9288,8,4
9289,8,4
9290,8,2
9291,8,1
9292,8,1
9293,8,3
9294,8,1
9295,8,1
9296,8,1
9297,8,1
9298,8,1
9299,8,1
9300,8,4
9301,8,3
9302,8,4
9303,8,1
9304,8,1
9305,8,1
9306,8,1
9307,8,1
9308,8,1
9309,8,1
9310,8,3
9311,8,1
9312,8,1
9313,8,1
9314,8,4
9315,8,4
9316,8,2
9317,8,4
9318,8,3
9319,8,3
9320,8,3
9321,8,4
9322,8,4
9323,8,4
9324,8,3
9325,8,3
9326,8,5
9327,8,4
9328,8,3
9329,8,5
9330,8,1
9331,8,5
9332,8,3
9333,8,3
9334,8,1
9335,8,3
9336,8,1
9337,8,1
9338,8,1
9339,8,1
9340,8,3
9341,8,3
9342,8,5
9343,8,1
9344,8,1
9345,8,1
9346,8,1
9347,8,1
9348,8,1
9349,8,3
9350,8,1
9351,8,1
9352,8,1
9353,8,3
9354,8,4
9355,8,1
9356,8,2
9357,8,4
9358,8,1
9359,8,3
9360,8,3
9361,8,5
9362,8,1
9363,8,2
9364,8,5
9365,8,4
9366,8,5
9367,8,4
9368,8,1
9369,8,1
9370,8,1
9371,8,1
9372,8,2
9373,8,1
9374,8,1
9375,8,1
9376,8,1
9377,8,1
9378,8,1
9379,8,1
9380,8,1
9381,8,1
9382,8,3
9383,8,1
9384,8,1
9385,8,1
9386,8,5
9387,8,3
9388,8,1
9389,8,3
9390,8,3
9391,8,4
9392,8,5
9393,8,1
9394,8,4
9395,8,3
9396,8,3
9397,8,3
9398,8,3
9399,8,5
9400,8,4
9401,8,3
9402,8,4
9403,8,4
9404,8,1
9405,8,1
9406,8,1
9407,8,1
9408,8,1
9409,8,1
9410,8,1
9411,8,1
9412,8,1
9413,8,1
9414,8,1
9415,8,1
9416,8,1
9417,8,1
9418,8,1
9419,8,1
9420,8,5
9421,8,4
9422,8,3
9423,8,2
9424,8,3
9425,8,3
9426,8,2
9427,8,3
9428,8,4
9429,8,3
9430,8,1
9431,8,4
9432,8,3
9433,8,5
9434,8,3
9435,8,3
9436,8,1
9437,8,3
9438,8,2
9439,8,1
9440,8,4
9441,8,3
9442,8,4
9443,8,1
9444,8,1
9445,8,1
9446,8,2
9447,8,3
9448,8,1
9449,8,1
9450,8,3
9451,8,1
9452,8,1
9453,8,1
9454,8,1
9455,8,1
9456,8,1
9457,8,1
9458,8,1
9459,8,4
9460,8,3
9461,8,2
9462,8,3
9463,8,1
9464,8,1
9465,8,3
9466,8,4
9467,8,1
9468,8,5
9469,8,4
9470,8,5
9471,8,4
9472,8,3
9473,8,4
9474,8,2
9475,8,2
9476,8,2
9477,8,2
9478,8,4
9479,8,2
9480,8,3
9481,8,4
9482,8,3
9483,8,3
9484,8,3
9485,8,3
9486,8,1
9487,8,1
9488,8,1
9489,8,2
9490,8,3
9491,8,2
9492,8,1
9493,8,3
9494,8,3
9495,8,3
9496,8,1
9497,8,1
9498,8,3
9499,8,1
9500,8,1
9501,8,1
9502,8,4
9503,8,2
9504,8,3
9505,8,4
9506,8,3
9507,8,3
9508,8,2
9509,8,4
9510,8,4
9511,8,3
9512,8,4
9513,8,4
9514,8,1
9515,8,1
9516,8,1
9517,8,1
9518,8,1
9519,8,1
9520,8,3
9521,8,3
9522,8,1
9523,8,1
9524,8,1
9525,8,1
9526,8,1
9527,8,1
9528,8,1
9529,8,1
9530,8,1
9531,8,1
9532,8,1
9533,8,1
9534,8,1
9535,8,1
9536,8,1
9537,8,1
9538,8,1
9539,8,1
9540,8,3
9541,8,5
9542,8,4
9543,8,1
9544,8,4
9545,8,3
9546,8,2
9547,8,3
9548,8,2
9549,8,5
9550,8,3
9551,8,5
9552,8,1
9553,8,3
9554,8,4
9555,8,1
9556,8,1
9557,8,1
9558,8,1
9559,8,3
9560,8,3
9561,8,1
9562,8,1
9563,8,1
9564,8,1
9565,8,1
9566,8,1
9567,8,4
9568,8,1
9569,8,3
9570,8,3
9571,8,3
9572,8,3
9573,8,2
9574,8,3
9575,8,4
9576,8,4
9577,8,4
9578,8,4
9579,8,2
9580,8,3
9581,8,1
9582,8,4
9583,8,3
9584,8,3
9585,8,3
9586,8,3
9587,8,1
9588,8,1
9589,8,1
9590,8,1
9591,8,1
9592,8,1
9593,8,1
9594,8,1
9595,8,1
9596,8,3
9597,8,3
9598,8,3
9599,8,4
9600,8,4
9601,8,3
9602,8,4
9603,8,4
9604,8,4
9605,8,1
9606,8,3
9607,8,4
9608,8,3
9609,8,3
9610,8,2
9611,8,3
9612,8,1
9613,8,1
9614,8,1
9615,8,2
9616,8,4
9617,8,4
9618,8,1
9619,8,1
9620,8,1
9621,8,1
9622,8,1
9623,8,1
9624,8,1
9625,8,1
9626,8,1
9627,8,1
9628,8,1
9629,8,1
9630,8,1
9631,8,1
9632,8,1
9633,8,4
9634,8,1
9635,8,2
9636,8,3
9637,8,3
9638,8,2
9639,8,1
9640,8,3
9641,8,4
9642,8,5
9643,8,3
9644,8,1
9645,8,5
9646,8,1
9647,8,1
9648,8,3
9649,8,1
9650,8,1
9651,8,1
9652,8,1
9653,8,1
9654,8,1
9655,8,1
9656,8,1
9657,8,1
9658,8,1
9659,8,1
9660,8,3
9661,8,1
9662,8,1
9663,8,1
9664,8,3
9665,8,1
9666,8,1
9667,8,4
9668,8,2
9669,8,1
9670,8,2
9671,8,3
9672,8,2
9673,8,5
9674,8,3
9675,8,3
9676,8,4
9677,8,4
9678,8,2
9679,8,5
9680,8,3
9681,8,2
9682,8,3
9683,8,3
9684,8,1
9685,8,1
9686,8,1
9687,8,3
9688,8,1
9689,8,2
9690,8,2
9691,8,3
9692,8,5
9693,8,1
9694,8,1
9695,8,1
9696,8,1
9697,8,1
9698,8,1
9699,8,1
9700,8,1
9701,8,1
9702,8,1
9703,8,4
9704,8,3
9705,8,5
9706,8,3
9707,8,1
9708,8,4
9709,8,4
9710,8,4
9711,8,3
9712,8,1
9713,8,3
9714,8,4
9715,8,3
9716,8,3
9717,8,3
9718,8,3
9719,8,5
9720,8,2
9721,8,1
9722,8,2
9723,8,1
9724,8,1
9725,8,1
9726,8,1
9727,8,1
9728,8,1
9729,8,1
9730,8,1
9731,8,1
9732,8,1
9733,8,1
9734,8,3
9735,8,4
9736,8,3
9737,8,3
9738,8,3
9739,8,5
9740,8,1
9741,8,3
9742,8,5
9743,8,5
9744,8,4
9745,8,4
9746,8,4
9747,8,1
9748,8,1
9749,8,1
9750,8,1
9751,8,2
9752,8,3
9753,8,3
9754,8,1
9755,8,1
9756,8,3
9757,8,1
9758,8,1
9759,8,1
9760,8,1
9761,8,1
9762,8,1
9763,8,1
9764,8,2
9765,8,2
9766,8,3
9767,8,5
9768,8,3
9769,8,4
9770,8,1
9771,8,3
9772,8,3
9773,8,5
9774,8,3
9775,8,4
9776,8,3
9777,8,3
9778,8,3
9779,8,5
9780,8,4
9781,8,3
9782,8,1
9783,8,1
9784,8,1
9785,8,1
9786,8,1
9787,8,2
9788,8,1
9789,8,1
9790,8,1
9791,8,1
9792,8,1
9793,8,1
9794,8,1
9795,8,1
9796,8,1
9797,8,2
9798,8,2
9799,8,1
9800,8,3
9801,8,5
9802,8,5
9803,8,1
9804,8,2
9805,8,3
9806,8,4
9807,8,3
9808,8,2
9809,8,5
9810,8,3
9811,8,2
9812,8,3
9813,8,1
9814,8,3
9815,8,1
9816,8,3
9817,8,3
9818,8,1
9819,8,1
9820,8,3
9821,8,1
9822,8,1
9823,8,1
9824,8,1
9825,8,1
9826,8,1
9827,8,1
9828,8,1
9829,8,1
9830,8,1
9831,8,1
9832,8,1
9833,8,1
9834,8,1
9835,8,3
9836,8,3
9837,8,4
9838,8,3
9839,8,4
9840,8,5
9841,8,1
9842,8,5
9843,8,3
9844,8,4
9845,8,1
9846,8,2
9847,8,3
9848,8,4
9849,8,4
9850,8,4
9851,8,3
9852,8,3
9853,8,3
9854,8,1
9855,8,3
9856,8,1
9857,8,1
9858,8,1
9859,8,1
9860,8,1
9861,8,4
9862,8,2
9863,8,3
9864,8,1
9865,8,1
9866,8,1
9867,8,1
9868,8,1
9869,8,1
9870,8,1
9871,8,1
9872,8,1
9873,8,1
9874,8,1
9875,8,1
9876,8,3
9877,8,4
9878,8,5
9879,8,3
9880,8,4
9881,8,4
9882,8,2
9883,8,4
9884,8,1
9885,8,1
9886,8,5
9887,8,4
9888,8,4
9889,8,3
9890,8,3
9891,8,5
9892,8,4
9893,8,4
9894,8,3
9895,8,4
9896,8,3
9897,8,3
9898,8,1
9899,8,1
9900,8,1
9901,8,1
9902,8,1
9903,8,3
9904,8,1
9905,8,1
9906,8,1
9907,8,3
9908,8,5
9909,8,1
9910,8,1
9911,8,1
9912,8,1
9913,8,1
9914,8,1
9915,8,1
9916,8,1
9917,8,1
9918,8,1
9919,8,4
9920,8,1
9921,8,3
9922,8,4
9923,8,3
9924,8,4
9925,8,2
9926,8,4
9927,8,4
9928,8,1
9929,8,4
9930,8,4
9931,8,5
9932,8,1
9933,8,1
9934,8,1
9935,8,1
9936,8,1
9937,8,1
9938,8,1
9939,8,1
9940,8,3
9941,8,1
9942,8,3
9943,8,3
9944,8,3
9945,8,1
9946,8,1
9947,8,1
9948,8,1
9949,8,1
9950,8,1
9951,8,1
9952,8,1
9953,8,1
9954,8,4
9955,8,3
9956,8,3
9957,8,3
9958,8,4
9959,8,2
9960,8,3
9961,8,1
9962,8,3
9963,8,3
9964,8,3
9965,8,4
9966,8,3
9967,8,3
9968,8,2
9969,8,3
9970,8,4
9971,8,1
9972,8,3
9973,8,4
9974,8,1
9975,8,3
9976,8,4
9977,8,5
9978,8,1
9979,8,1
9980,8,1
9981,8,1
9982,8,1
9983,8,3
9984,8,4
9985,8,5
9986,8,2
9987,8,3
9988,8,3
9989,8,2
9990,8,3
9991,8,3
9992,8,4
9993,8,5
9994,8,5
9995,8,3
9996,8,1
9997,8,3
9998,8,1
9999,8,1
10000,8,1
