CUSTOMER_ID,GENERAL_SAVINGS,HOME_OWNERSHIP,FAMILY_PLANNING,RETIREMENT,UNKNOWN,SEGMENT_ID,RISK_PROFILE_ID,ENGAGEMENT_TYPE_ID,AGE,NUMBER_OF_DEPENDENTS,GENDER
4716,897202.7520000000000,295090.4160000000000,543250.2240000000000,1668822.1440000003000,378907.1040000000500,10,5,2,51,2,Male
5046,1016147.3280000000000,277811.9040000000400,1575302.9759999998000,3135298.9440000000000,224988.0960000000200,3,3,1,53,1,Male
7515,910440.4608000001000,585765.9288000001000,729171.3312000000000,191555.7696000000000,749264.2560000000000,5,5,1,64,0,Male
1687,503058.0480000000000,568598.4000000000000,2002010.6879999998000,2221743.3600000000000,546803.3280000001000,22,2,5,37,3,Male
9746,1434391.0880000005000,329238.5200000000000,718801.8240000000000,1123673.8240000003000,687985.0640000002000,24,4,5,74,1,Male
4740,3436039.5264000000000,989539.0272000000000,3353394.2976000000000,5520317.8752000000000,357124.5504000000000,24,4,5,51,0,Female
833,850137.1008000001000,1181126.5440000000000,180700.0415999999700,3576442.0224000006000,1030774.8672000001000,5,5,1,65,0,Male
5816,1454637.0816000000000,438207.7823999999700,1143673.6895999997000,4108644.4032000000000,222911.6544000000300,14,4,3,56,0,Male
7852,404638.4160000000000,220677.4960000000400,3107500.9680000003000,2743440.5440000000000,294060.2080000000400,19,4,4,66,2,Male
5433,1268626.2336000002000,271219.7952000000000,608544.5760000000000,414018.0864000000300,738228.9888000000000,16,1,4,55,5,Male
552,1000399.7952000002000,532957.2768000001000,2454978.2400000000000,1062319.5648000000000,274279.5744000000400,14,4,3,65,1,Male
1093,452828.7360000000300,143696.0160000000000,2478162.3839999996000,1344922.5600000000000,1228830.7680000000000,4,4,1,34,0,Female
493,1787452.9920000000000,700282.2528000001000,2379286.1664000000000,2157382.1568000000000,1070751.0528000002000,7,2,2,65,1,Male
4429,1630862.8560000001000,754035.4800000000000,651527.7120000000000,4165928.0640000002000,373674.9240000000600,10,5,2,50,4,
7726,2332000.4760000003000,146662.2612000000000,556287.6852000000000,2397197.4624000000000,195342.4512000000400,11,1,3,65,0,Female
5996,666675.8784000000000,1133763.0912000000000,818182.9440000000000,4095703.5264000000000,108323.8272000000000,11,1,3,57,1,Female
3503,1945978.2540000002000,536435.7570000001000,2419816.1130000000000,3086252.9280000003000,578302.1640000001000,25,5,5,45,1,
7534,1857199.9680000000000,387422.2560000000500,3688739.6832000000000,3648465.1008000006000,955223.6928000002000,11,1,3,65,0,Male
6701,1452214.8576000000000,1185945.3216000001000,4840782.5232000000000,2037446.6112000002000,260292.9888000000000,9,4,2,61,0,Female
5663,2249549.8560000000000,1267742.7360000000000,1284586.9919999999000,835233.4080000000000,912238.2720000000000,3,3,1,56,4,Female
3195,1588925.3600000003000,175758.0000000000300,714504.9120000001000,2444093.3440000005000,832178.2480000001000,15,5,3,44,3,Male
9611,870068.1600000000000,1027642.7070000002000,1461984.8490000002000,310935.4560000000000,936425.1780000001000,11,1,3,74,5,
3070,408199.0000000000600,118384.8600000000200,1153802.2320000000000,1195168.1280000003000,365024.7040000001000,20,5,4,43,0,Male
5932,2062727.7695999995000,1584835.3728000000000,630336.5567999999000,1448287.2576000000000,414193.6512000000000,11,1,3,57,1,Female
5842,1000831.6799999999000,862124.0832000000000,1210247.8272000000000,4741195.8527999995000,1536358.0608000000000,4,4,1,57,0,Female
3450,2069130.6240000005000,1015039.3440000000000,903833.2512000000000,2213988.9024000005000,771352.3488000002000,2,2,1,45,2,Male
3708,373908.2688000001400,360709.0080000000300,577736.4384000001000,1087773.3504000003000,795058.5984000000000,17,2,4,46,1,Male
6689,464678.2400000000500,645491.4960000002000,1177192.8480000000000,2372897.6960000000000,372453.7440000000600,5,5,1,60,0,Male
9856,2148178.0320000000000,568285.6140000001000,2987984.3759999997000,847595.7360000000000,720158.2830000002000,11,1,3,75,0,
1570,331356.8160000000500,497937.2400000000000,2040730.6320000000000,1303277.4720000000000,484661.5200000001000,20,5,4,36,0,Male
7315,1514164.4544000004000,204496.1568000000300,2284611.2640000000000,1155834.2016000003000,1087737.8304000000000,3,3,1,63,0,Male
7453,133621.3632000000200,1104079.0176000001000,3080668.0320000000000,715192.3584000001000,664039.8336000001000,7,2,2,64,2,Male
7308,2010173.5680000000000,611593.1328000000000,720191.3472000001000,2036117.9904000002000,518283.2928000000500,7,2,2,63,0,Male
3396,1597013.5104000003000,574442.0352000002000,1491338.5344000002000,4063953.9072000002000,538341.0912000001000,3,3,1,45,3,Male
7464,288633.1968000000000,1212355.1232000000000,797757.2927999999000,2917133.8559999997000,388519.5600000000000,6,1,2,64,1,Female
1055,408681.0720000000400,162733.3200000000000,270379.9439999999600,531172.9440000000000,723760.2720000000000,17,2,4,34,1,Female
9713,696423.3120000000000,567162.7416000001000,2517255.4680000000000,2911624.5600000005000,424099.8216000000000,8,3,2,74,2,Male
4765,1805020.4160000000000,557065.6128000000000,144594.5471999999700,2719145.7792000000000,269877.4272000000300,7,2,2,51,0,Male
7943,1275848.3712000000000,703495.1040000000000,1280096.0640000002000,3684097.4976000010000,937713.2544000002000,22,2,5,66,0,Male
8399,1809581.2800000000000,816060.2112000001000,745141.3632000000000,360242.6879999999700,1079470.8288000003000,16,1,4,68,1,Male
6292,399583.5840000000300,309965.7024000000700,1197094.4640000000000,2691386.9568000003000,296948.0736000000000,20,5,4,59,0,Male
3834,2985962.2848000005000,587010.7584000000000,885992.8176000000000,1331285.4720000000000,662924.4336000000000,11,1,3,47,1,Female
4801,1014546.1247999999000,525729.1392000000000,1703618.2656000003000,2931449.7024000000000,1141491.2256000000000,23,3,5,51,0,Male
5185,160616.8320000000200,303008.5440000000000,1458311.9040000000000,2717586.8160000000000,121110.5280000000000,13,3,3,53,1,Male
4637,134750.4768000000000,307685.6064000000500,1611520.0128000000000,3295381.3632000005000,615271.9392000000000,10,5,2,51,4,Male
2164,407584.1280000001000,468265.2480000000000,1988970.9120000000000,3031850.1120000000000,695653.9199999999000,3,3,1,39,2,Male
412,1531375.5600000000000,501220.5120000000500,1269467.8776000000000,3488461.5168000003000,543418.3872000001000,3,3,1,65,0,Male
5751,699750.0480000001000,232446.9120000000000,611133.5520000000000,642752.8320000000000,431770.8480000000600,5,5,1,56,2,Male
977,1400402.5920000000000,282207.6000000000000,3728430.0000000000000,1834452.8639999998000,504338.2560000000000,17,2,4,34,1,Female
5739,667837.1520000001000,738801.7920000000000,941271.4079999999000,4644292.6080000000000,1003442.5440000001000,18,3,4,56,2,Female
6992,122321.4720000000000,571100.7744000001000,2518129.0368000000000,4056237.6192000005000,248448.0960000000200,4,4,1,62,1,Male
4565,722153.0880000000000,826346.3040000000000,1760011.5456000000000,3611331.9936000000000,950019.7248000000000,8,3,2,50,0,Male
9072,599603.8464000000000,895786.8192000000000,1071865.6416000000000,227322.7008000000200,359044.2336000000400,23,3,5,71,2,Male
1096,1709306.4000000000000,1030570.3200000001000,1204644.2400000000000,3983726.8800000004000,651448.5600000000000,3,3,1,34,0,Female
3725,2916799.7760000000000,1069318.9584000001000,3983331.6864000005000,1331453.3760000000000,1130784.1776000000000,9,4,2,46,0,Female
4149,143818.9632000000000,624455.4096000001000,4158849.6575999996000,329809.7087999999600,342444.9600000000000,6,1,2,49,0,Female
2447,1544345.6160000004000,258747.9840000000500,392556.9120000000000,1401753.4080000003000,449554.9520000000500,15,5,3,40,0,Male
5247,2743509.6000000000000,323344.5120000000000,3219431.1840000000000,204303.1680000000000,849728.7360000000000,8,3,2,54,0,Female
244,415785.8016000000000,222216.5088000000400,2868260.8031999995000,2009913.2352000000000,780329.3472000001000,21,1,5,65,0,Female
8396,334658.9376000000000,422421.1680000000000,155589.4080000000200,2550795.1872000005000,489228.7295999999600,13,3,3,68,1,Male
6963,1758894.3216000001000,764742.1392000001000,150987.5640000000000,1515786.1056000001000,235219.8888000000400,4,4,1,62,4,Male
9168,268830.8064000000600,392353.0416000000600,1587298.9392000000000,2034652.4640000004000,827474.7312000003000,3,3,1,72,0,Male
5755,977112.4607999999000,275855.3280000000000,446697.7632000000000,1627655.0400000000000,688727.1456000000000,10,5,2,56,2,Male
9105,1970363.8656000001000,1164492.0768000002000,788052.8448000000000,207697.6512000000500,719843.6544000002000,12,2,3,71,1,Male
9043,1205194.2240000000000,1081154.8800000000000,4023523.7640000000000,1554540.0000000000000,269343.5160000000000,13,3,3,71,2,Female
3919,617935.6260000002000,734037.7770000001000,126548.4330000000000,3436516.5120000006000,414781.7850000000300,10,5,2,47,1,
7781,890957.0800000001000,156170.7680000000000,475904.5200000000000,649447.5520000001000,141147.3960000000000,18,3,4,66,5,Male
5523,1160044.8768000002000,604694.4768000000000,2856981.1967999996000,4066338.3552000000000,880588.5696000000000,18,3,4,55,2,Male
2816,1248227.1648000004000,602041.4928000001000,972509.8680000002000,586858.3776000001000,497573.6832000000000,3,3,1,42,1,Male
6001,708567.7824000000000,602022.4128000000000,3212643.5135999997000,5459320.1663999995000,823167.3599999999000,17,2,4,57,1,Female
1505,1707287.8080000000000,629000.1600000000000,1295377.3439999998000,2097742.4639999997000,505251.9360000000000,14,4,3,36,1,Male
1625,1105462.2600000002000,256156.2900000000400,930584.9700000000000,796609.4400000001000,382636.8000000000000,23,3,5,37,5,
3907,306726.8160000000500,117669.5520000000100,537234.9840000000000,152393.2960000000300,269937.3160000000500,10,5,2,47,0,Male
6630,144461.3040000000000,333268.8840000001000,338726.7000000000000,3771217.6320000000000,268827.1560000000000,14,4,3,60,2,
2070,1221599.8080000000000,308014.2720000000000,140283.7920000000000,2328955.7760000000000,1402603.7759999998000,17,2,4,39,0,Female
2983,2289148.9632000000000,144150.0192000000000,541400.5872000000000,6327701.7408000000000,1283461.3440000000000,19,4,4,43,2,Female
8193,1323601.3440000000000,494953.0560000000400,1279845.9648000002000,3388679.4240000000000,890005.5840000000000,1,1,1,67,0,Male
8449,2466218.4768000003000,993221.1744000001000,3425364.6336000000000,1536216.1152000003000,1165642.9824000003000,10,5,2,69,0,Male
3489,450676.1952000000000,205962.5304000000200,1935674.2152000000000,1311369.5232000004000,232442.0208000000600,10,5,2,45,0,Male
613,354316.8096000000400,1767809.1600000000000,1330389.4031999998000,4356427.7952000000000,379499.5152000000000,16,1,4,65,1,Female
5475,1126505.6640000000000,398744.2080000000400,442986.4079999999400,3536149.8240000005000,938321.2800000000000,12,2,3,55,0,
6868,1178720.4000000001000,124433.4000000000100,2932942.2720000000000,1700838.0480000004000,242560.7600000000000,20,5,4,61,0,Male
8142,1159357.4928000004000,697745.5056000001000,649076.7816000001000,1351009.2960000000000,308608.0920000000600,22,2,5,67,0,Male
2794,810565.7472000001000,1311736.6944000000000,2816584.0560000000000,6280816.6080000000000,1104100.7472000000000,19,4,4,42,1,Female
6435,743036.5440000001000,437236.7040000000000,1055512.3680000000000,1320974.0160000000000,147356.8800000000000,9,4,2,59,0,Male
9032,1521926.4528000003000,636863.0112000001000,1042962.5232000002000,1521252.7200000000000,466518.7800000000000,10,5,2,71,3,Male
5631,1595874.5856000000000,249949.9008000000300,3068396.1215999997000,3929962.7520000000000,184331.2896000000200,17,2,4,56,0,Male
5079,935351.8848000001000,146768.1408000000200,2599932.9023999996000,2888405.9136000000000,228086.7840000000000,13,3,3,53,1,Male
1435,1056414.8160000000000,994976.3520000001000,441408.9599999999600,5539612.0320000010000,516261.0240000000000,24,4,5,36,1,Female
3099,2012546.1312000002000,352519.9920000000000,4650698.2896000000000,3800083.1615999998000,1002588.0480000000000,13,3,3,44,0,Female
3144,1783594.2960000000000,497836.8120000000300,900418.0680000001000,4435288.7040000000000,1174537.8480000002000,21,1,5,44,4,Female
6572,2927925.5615999997000,1010213.5680000000000,3838944.8447999996000,4221487.2959999990000,1086473.6064000002000,9,4,2,60,1,Female
1143,472905.7600000000700,337968.4400000000600,128404.6800000000100,536256.0000000000000,391550.7600000000000,5,5,1,35,5,Male
6390,2305969.1711999997000,439137.9360000000000,2552783.4288000000000,745340.4863999999000,566713.7136000000000,9,4,2,59,2,Female
4061,340446.5460000001000,870832.1160000002000,2760606.3870000000000,1997270.3520000002000,718388.2530000001000,20,5,4,48,3,
4548,625902.7679999999000,294222.3480000000600,1583472.5640000000000,1823165.7120000003000,144262.9440000000200,12,2,3,50,1,
3057,827606.2608000002000,230843.4480000000300,821013.0192000001000,1725108.4224000005000,279195.2064000001000,25,5,5,43,0,Male
6674,437078.6784000000300,1399749.0624000002000,5188871.7503999990000,5056196.3712000010000,238594.6368000000400,9,4,2,60,0,Female
1537,416553.4080000000500,102876.4800000000100,982503.4320000000000,1340661.8880000003000,342158.5440000000500,15,5,3,36,1,Male
6533,3667029.3504000000000,134394.4368000000200,3425593.7664000000000,3236285.1456000000000,840476.1456000000000,22,2,5,60,4,Female
1765,753435.6000000001000,106282.4000000000100,431155.8000000000500,1479538.4000000001000,354903.7200000000300,25,5,5,37,0,Male
7046,787721.3759999999000,774599.9040000000000,2347061.5584000000000,2364052.9536000000000,215935.4496000000200,21,1,5,62,2,Male
8548,2491927.4016000000000,1014235.7472000000000,5608395.3744000000000,4172276.1599999997000,1334461.1904000000000,1,1,1,69,1,Female
3331,2151135.3600000003000,134408.4192000000000,2458819.2816000000000,1478979.5328000002000,447140.3904000001000,7,2,2,45,0,Female
8989,1028152.2420000001000,605933.0550000000000,1670052.0329999998000,3832882.5600000005000,425054.4480000000300,13,3,3,71,4,
5268,1215850.5216000000000,1009327.9104000000000,1029100.0319999999000,2189340.5184000000000,976787.3664000000000,4,4,1,54,1,Male
5814,1464238.4256000000000,803451.3120000000000,2376427.2480000000000,724602.9312000000000,1239228.7200000000000,20,5,4,56,0,Female
9603,691704.5616000001000,616880.9088000001000,1813498.2216000000000,2433598.8768000000000,698790.3624000001000,24,4,5,74,0,Male
9202,595205.9360000001000,479569.5320000000600,1210425.5280000000000,1029095.1840000002000,129600.5880000000200,23,3,5,72,4,Male
905,2051236.3200000000000,767085.8400000001000,3509885.8800000000000,4008722.8800000004000,1177005.4800000000000,5,5,1,34,0,Female
9143,623484.3680000001000,148148.4160000000000,605472.6600000000000,888321.6160000000000,483230.7480000001000,8,3,2,71,0,Male
8310,871872.7680000002000,145376.2960000000000,1063813.7640000002000,649792.8320000000000,144376.8040000000000,7,2,2,68,1,Male
561,1288591.4080000000000,731696.1600000001000,1680670.0559999999000,1835068.3520000000000,402868.5440000000500,2,2,1,65,3,Male
1467,1659413.7600000000000,318089.4720000000000,1798261.3440000000000,990959.6160000002000,896754.1440000001000,19,4,4,36,2,Male
3691,2398827.3408000004000,704983.7520000001000,3787140.6144000000000,4681811.0592000000000,253395.4896000000300,7,2,2,46,0,Female
1351,363832.4800000000400,497127.6800000000000,2345517.3600000000000,1569510.7200000002000,229480.9600000000200,25,5,5,35,0,Male
5887,992765.9520000000000,1158278.4000000000000,3340984.3200000000000,4405943.8080000000000,699809.0399999999000,20,5,4,57,4,Female
7846,554151.8736000000000,317893.2120000000600,2006692.5528000000000,2586584.7072000005000,267904.0727999999700,19,4,4,66,3,Male
2670,133422.3440000000000,287020.6680000000600,570990.9480000001000,812679.8240000001000,213986.6080000000000,15,5,3,42,0,Male
7489,891278.1072000002000,801640.3824000002000,154099.3896000000200,1766440.5408000003000,237175.9416000000200,15,5,3,64,1,Male
5218,1685118.5280000002000,433410.9120000000000,2864782.3680000000000,2192686.4639999997000,615306.7200000001000,10,5,2,53,0,Male
9488,2693669.7840000005000,519489.9840000000500,4425343.4160000000000,4003901.6160000000000,1550760.7440000002000,11,1,3,73,3,
7236,308321.0208000000600,408768.7968000000700,3154164.6240000000000,1904401.3248000000000,391967.7840000000000,6,1,2,63,2,Female
9893,1580850.2736000004000,513216.7560000001000,2538551.6208000000000,203805.0144000000400,468918.3096000000400,24,4,5,75,3,Male
7928,810617.1840000001000,816021.3360000001000,2248483.5360000000000,2475078.1120000007000,898418.1440000002000,13,3,3,66,0,Male
5732,1592586.0864000001000,1062078.5664000001000,2633452.3008000003000,3571743.2832000000000,854847.2448000000000,3,3,1,56,2,Male
3807,120212.3120000000200,174748.1120000000500,606725.4600000001000,774481.3120000002000,391508.8760000000500,20,5,4,47,4,Male
7843,554195.4080000002000,322518.8200000000700,488553.0000000000000,766637.0400000000000,116875.8760000000300,18,3,4,66,1,Male
7760,1884464.1504000002000,544465.3968000000000,941782.9823999999000,7407304.0704000000000,839021.7888000000000,21,1,5,66,0,Female
4742,1128150.3360000001000,204913.4400000000000,2305272.0960000004000,2347538.3040000000000,504167.5200000000000,15,5,3,51,0,Male
8735,1165591.0656000000000,339569.3808000000400,2953028.1456000000000,5848282.2528000010000,1172014.2720000000000,6,1,2,70,1,Female
332,558881.2320000001000,937870.3360000001000,1893654.6720000003000,2090961.1840000001000,178367.3840000000200,3,3,1,65,3,Male
9269,1923925.8480000000000,1491211.8000000000000,4210408.3319999995000,5945738.4480000010000,817272.9240000000000,13,3,3,72,2,Female
1428,562605.1200000000000,239540.5440000000200,343205.8559999999700,2660874.2400000000000,443297.4720000000700,9,4,2,36,3,Male
7295,3076320.1248000003000,1255568.9328000000000,111044.6063999999900,1485962.8992000000000,1181028.8880000000000,20,5,4,63,0,Female
7449,2101651.2192000006000,151829.9328000000000,1209152.5056000000000,4217454.2592000000000,1152235.7184000000000,17,2,4,64,2,Male
4102,898522.6536000002000,236968.4592000000700,1566410.7887999997000,2771048.0160000003000,684204.2460000000000,4,4,1,48,0,Female
7105,1597263.4080000003000,1007703.1120000002000,2854653.0480000000000,349599.7440000000600,532537.3040000001000,3,3,1,62,0,Male
748,2089401.3503999999000,1274949.9360000000000,1580364.3023999997000,3093013.4976000000000,1608746.6304000000000,16,1,4,65,1,Female
2858,909075.8160000002000,1279644.3000000000000,649173.8879999999000,2099788.4160000000000,1252554.3360000001000,6,1,2,42,0,
6270,408459.8400000000000,248236.2240000000500,496915.2000000000000,612011.7120000000000,396177.2640000000000,5,5,1,58,0,Male
7331,2105306.3616000004000,1176233.0111999998000,1081051.9200000002000,3878482.4832000006000,1214564.5824000002000,7,2,2,64,0,Male
400,2422930.8480000000000,908503.9392000000000,1665940.3487999998000,1157509.5168000000000,639707.0784000001000,21,1,5,65,0,Male
1886,484248.2400000000000,1010710.3200000001000,1776453.4799999997000,2124515.0400000000000,719918.6400000000000,14,4,3,38,1,Female
4412,623758.6944000000000,175735.7568000000000,2290315.3920000000000,2101062.7584000000000,1099364.1984000000000,9,4,2,50,4,Male
8855,1743351.7920000000000,925637.7000000000000,2640133.0799999996000,2208246.7680000000000,700087.7520000001000,25,5,5,70,0,Female
2130,2834397.7920000000000,493185.8880000000000,3433093.1999999997000,4488228.8640000000000,180071.8560000000000,12,2,3,39,1,Female
4868,722607.3600000000000,472682.2560000000500,1204975.2959999999000,1023513.0240000001000,138414.9600000000000,10,5,2,52,4,Male
4469,1621287.9360000000000,1424149.9199999997000,2204538.3359999997000,3836704.8960000006000,354250.8000000000000,16,1,4,50,2,Female
2647,677016.9648000002000,247896.5544000000500,2299976.0784000000000,1885265.7120000003000,608944.4064000002000,12,2,3,41,0,Male
2979,1947908.1600000001000,459103.4976000000600,1379168.8416000000000,1900593.0240000002000,967938.9984000002000,22,2,5,43,2,Male
3380,658364.8896000002000,466946.4888000000500,236882.2104000000700,2348082.6336000003000,366713.1864000000600,10,5,2,45,4,Male
5444,313418.5920000000000,711917.4240000000000,2309202.4320000000000,742627.4400000000000,708433.6680000002000,18,3,4,55,5,
9830,2609204.0831999998000,153896.3712000000000,1677896.8128000000000,1087775.0208000000000,1031810.2704000000000,6,1,2,75,4,Female
2144,1381044.5280000002000,704861.8560000001000,1193868.2880000002000,1688777.2800000003000,268177.1040000000000,10,5,2,39,1,Male
7572,1561923.7920000001000,1096558.7880000002000,2797535.5200000000000,2936976.4320000005000,1024051.2360000001000,6,1,2,65,4,Female
4721,1898768.7936000000000,1028043.7632000002000,843391.8720000001000,102211.4304000000100,276850.9439999999600,2,2,1,51,2,Male
3492,1379865.9072000002000,287595.5808000000500,1279377.4752000002000,4161342.8736000000000,957011.6160000002000,12,2,3,45,0,Male
8965,2611112.0880000000000,115084.0080000000200,1663742.3399999999000,2822924.8320000004000,636277.2000000000000,11,1,3,71,4,Female
1564,1408803.0720000004000,849049.8240000000000,832239.9360000000000,2624262.5280000004000,188124.0960000000200,24,4,5,36,0,Male
4247,808225.5456000001000,1293948.2159999998000,306104.3567999999500,2163928.3776000002000,1067390.2800000000000,24,4,5,49,2,Female
2064,777394.3680000000000,162357.4080000000000,2247440.6880000000000,3374161.3440000000000,872012.3039999999000,17,2,4,39,0,Female
5179,873431.8080000001000,382382.3520000000000,548040.9600000000000,1215012.8640000000000,190071.7920000000200,20,5,4,53,0,Male
1304,1159421.1200000000000,277415.4400000000600,1012912.3200000000000,811315.8400000001000,602537.4400000001000,5,5,1,35,0,Male
8682,301552.4928000000000,109597.6128000000200,2166431.1552000000000,3780028.7616000003000,1170027.9552000000000,24,4,5,69,0,Male
6204,2144735.7695999998000,428236.3008000000000,2085407.0784000000000,1998821.3760000000000,285240.8448000000000,8,3,2,58,1,Male
6932,1310132.8656000004000,416385.9648000001000,2413393.4448000000000,185162.8896000000200,737892.6984000001000,10,5,2,62,5,Male
7008,144805.9392000000200,913092.5856000001000,3650353.9488000004000,3997591.1040000003000,439307.9808000001000,22,2,5,62,3,Male
7287,2287003.3680000002000,1063218.1560000002000,3422403.0360000003000,2450669.5200000000000,1362998.5200000000000,1,1,1,63,1,
6902,1617742.7136000004000,912217.9872000001000,1312909.6031999998000,1760699.3664000000000,336734.7360000000300,14,4,3,62,0,Male
2480,1421559.6912000002000,389199.4920000001400,1614217.0968000002000,163644.6240000000000,503675.4096000001000,5,5,1,41,5,Male
3828,849096.8640000002000,148052.9160000000300,1050158.1420000002000,1306853.4600000002000,414102.2490000001000,19,4,4,47,4,
1017,513753.6000000000000,120091.4880000000000,1873465.9200000002000,3037851.2640000010000,545531.1360000000000,7,2,2,34,2,Male
4035,2578387.6800000000000,411654.2760000000000,1579430.5560000000000,3863486.8800000004000,738104.9280000001000,16,1,4,48,1,Female
420,1738673.9136000003000,739025.2896000001000,1515286.6560000002000,4092369.2160000005000,647868.1248000002000,18,3,4,65,1,Male
2674,812545.3248000002000,438065.2320000000000,2999056.2624000000000,384763.7376000001000,569137.9584000000000,24,4,5,42,0,Male
2615,1512987.6960000005000,386241.6096000000000,107878.9536000000200,1642960.5984000002000,350807.6880000001000,5,5,1,41,0,Male
9665,1568622.4320000000000,780810.1080000001000,3285475.1280000000000,2660155.0560000003000,552778.6680000001000,1,1,1,74,1,Female
1728,1309006.0800000003000,367156.7280000000600,541872.0719999999000,339845.1840000000000,453229.7040000001000,25,5,5,37,2,Male
4302,1656547.8336000002000,843356.6592000001000,1377716.3136000000000,1531438.2336000002000,1042485.6288000001000,14,4,3,49,1,Male
4894,2129626.5984000000000,649176.3071999999000,3376704.4992000000000,1162349.5680000002000,144216.5760000000000,22,2,5,52,1,Male
4433,307745.3952000000000,416017.2096000000000,2994783.3215999994000,3783960.5760000000000,896985.9648000000000,17,2,4,50,1,Female
8103,3414887.4240000000000,455358.0096000000500,4651336.8719999995000,256205.6640000000000,477678.4271999999000,6,1,2,67,2,Female
2174,752943.7440000000000,1115242.5599999998000,2975015.5200000000000,1483327.2960000000000,691007.3279999999000,24,4,5,39,2,Female
6878,1677398.7360000003000,262305.1080000000000,3505601.2679999997000,3500122.0799999996000,390307.7880000000600,1,1,1,61,0,Female
5078,751916.0640000000000,168568.2720000000000,430386.1920000000400,115641.0240000000000,379318.8000000000500,20,5,4,53,4,Male
1626,1795706.8200000000000,879841.8900000001000,1049888.5200000000000,106070.0400000000100,318907.9800000000400,13,3,3,37,5,
1430,731845.5840000000000,761165.6400000000000,419237.2079999999000,3170025.5040000000000,605505.1320000000000,13,3,3,36,1,Female
7727,2010424.6656000002000,283394.2176000000300,1695114.3456000000000,1973312.6400000000000,520091.5823999999600,6,1,2,65,0,Female
4182,1653195.7200000000000,853614.2999999999000,977721.2280000000000,3000156.7200000000000,766844.8920000000000,4,4,1,49,1,Female
6378,416283.2640000000000,373541.3280000000000,3984648.3359999997000,3264292.2240000000000,1173312.2880000000000,11,1,3,59,3,
7181,928096.4160000001000,686324.5272000002000,136688.1048000000000,1434446.9568000003000,553263.2352000002000,18,3,4,63,4,Male
9102,331421.0640000001000,134934.0200000000000,1249616.9400000002000,1363318.5280000004000,349120.9280000001000,18,3,4,71,0,Male
4175,231439.4280000000400,737144.6940000001000,1547127.0540000000000,2923020.5400000000000,512270.4510000000000,15,5,3,49,5,
8152,156557.3568000000000,735458.6304000001000,1354187.9519999998000,3124806.2976000006000,915109.1040000000000,12,2,3,67,1,Male
592,920379.3040000001000,516033.5440000000500,574936.7520000000000,324605.2160000000000,192846.8880000000400,24,4,5,65,2,Male
6079,1145967.8976000000000,1072555.4304000000000,820115.0207999999000,2437446.7584000000000,498608.0639999999500,19,4,4,58,5,Male
3627,1020473.2032000001000,435832.6368000000400,1071369.7632000000000,491210.2272000001000,122521.4496000000200,6,1,2,46,1,Male
2310,906023.7120000002000,445928.1200000000500,2534200.6800000000000,1372868.2880000004000,104529.6560000000200,3,3,1,40,4,Male
2240,963799.3439999999000,150734.8440000000000,2043605.0520000000000,3680790.3360000000000,147713.8680000000000,20,5,4,39,0,Female
5424,818333.3760000002000,355327.6320000000000,803682.0000000000000,1622319.1680000000000,220911.3600000000200,5,5,1,55,0,Male
8308,1263038.1920000003000,294199.7760000000000,1031911.6080000000000,3940039.5840000007000,512832.7360000000300,3,3,1,68,1,Male
3851,498997.0260000000000,569441.9610000000000,362547.9000000001000,2042233.7760000000000,249406.8390000000400,6,1,2,47,3,
5104,106275.4560000000000,614081.7792000000000,1408526.2368000000000,2795357.9520000000000,192399.7536000000300,25,5,5,53,1,Male
1367,1819343.5199999998000,1328167.2960000000000,1602983.9519999998000,3083407.4880000004000,863807.1839999999000,12,2,3,36,0,Female
9274,854712.1440000002000,226790.3560000000600,398129.6280000000000,1697393.7760000003000,175495.4760000000200,23,3,5,72,2,Male
5342,1011975.2064000001000,501477.0912000000000,120103.4304000000300,2997621.7344000000000,433604.0160000000000,5,5,1,54,2,Male
6551,557894.2720000001000,781491.4640000002000,1254795.0480000002000,1354419.0400000000000,932735.1280000001000,20,5,4,60,1,Male
4101,987615.7632000002000,1153572.2352000000000,3770239.1760000004000,1753422.1056000001000,750246.0768000000000,16,1,4,48,0,Female
8781,1972056.2160000000000,896912.4840000000000,4595065.4880000000000,4465726.5120000000000,1351315.2120000003000,21,1,5,70,1,Female
2561,1253983.4208000002000,898566.6096000000000,3261114.6480000000000,2447020.2240000000000,337365.7056000000400,11,1,3,41,2,Female
2867,968960.9952000000000,469868.4144000000700,1785008.9664000000000,3789712.3968000000000,1024063.1280000000000,14,4,3,43,0,Female
9647,1889539.9380000003000,124143.5520000000000,1915566.7050000003000,2132718.5880000005000,861716.5830000001000,21,1,5,74,0,
5091,617072.0256000000000,603164.5055999999000,1508939.0207999998000,1930142.8224000002000,612636.8256000000000,18,3,4,53,3,Male
8745,1675363.9967999998000,1416899.5776000000000,580598.9280000000000,2433584.2752000000000,1828289.1744000001000,1,1,1,70,4,Female
9019,2126748.0000000000000,175689.9456000000400,3300476.7744000000000,2583459.8400000003000,1144930.4256000000000,14,4,3,71,1,Male
664,867184.7808000002000,593938.5504000002000,1836423.0144000000000,2675626.6368000000000,670392.0288000001000,22,2,5,65,0,Male
7216,138427.1200000000000,410886.3200000000700,2109538.3920000000000,1486338.8800000001000,289725.4880000000700,6,1,2,63,3,Male
9505,127994.6720000000000,880496.3440000002000,1404466.1280000000000,643139.7440000001000,413523.2400000000500,18,3,4,73,2,Male
7844,2411841.6192000005000,551646.0768000000000,431406.1440000000300,3228355.8528000000000,895928.7168000002000,11,1,3,66,1,Male
7235,2893064.4288000003000,1752677.7840000000000,5223321.4176000000000,7369470.9504000000000,677638.3536000000000,21,1,5,63,2,Female
1785,1988177.8320000000000,300673.0800000000000,580229.2440000000000,1762681.8240000000000,507861.3600000000400,25,5,5,37,0,Female
991,766022.9760000001000,854403.7440000001000,1531104.1920000000000,2740176.7680000000000,300650.3999999999700,14,4,3,34,3,Male
5173,777691.8720000001000,438604.8000000000500,1425104.6400000001000,923560.3200000000000,157445.5680000000300,5,5,1,53,0,Male
7080,570416.6520000000000,671158.0980000001000,3102393.5280000000000,355796.0640000000000,782349.9840000002000,23,3,5,62,1,
2172,2311450.2720000000000,783796.3200000000000,1261449.9360000000000,2194807.1040000003000,724026.5279999999000,4,4,1,39,2,Female
527,932839.6480000000000,471841.3440000000400,1912652.3520000000000,1664959.7120000003000,475756.7360000000300,13,3,3,65,1,Male
5103,342967.1040000000500,377321.5200000000000,631907.2800000000000,600617.4720000001000,144192.9600000000000,15,5,3,53,1,Male
8513,997282.0416000001000,815423.1072000001000,990114.2784000000000,2253425.7408000000000,1034631.3119999999000,2,2,1,69,4,Male
1474,2223687.1680000000000,230963.1840000000000,2063767.6799999997000,3603218.6880000000000,451907.2799999999700,12,2,3,36,2,Female
7466,2255786.2079999996000,1846737.3600000000000,682951.6511999998000,6531776.4096000000000,209137.5936000000000,1,1,1,64,1,Female
717,1728323.6880000003000,1184533.7400000000000,1013054.7959999999000,1048176.4800000000000,609937.8480000001000,6,1,2,65,4,Female
4570,775757.9520000000000,276144.9120000000000,524932.9920000000000,278298.6240000000000,275408.8320000000000,1,1,1,50,0,Male
407,890187.3760000000000,251903.3400000000000,1153310.4960000000000,341839.4720000000700,297951.1600000000300,9,4,2,65,0,Male
3684,335514.4320000000300,195487.5120000000200,1705378.7519999999000,2295587.1840000004000,324397.2600000000700,15,5,3,46,1,Female
3776,2094572.1984000003000,257928.7392000000400,598189.0464000001000,3919119.7056000005000,407316.8352000000300,6,1,2,47,5,Male
1895,2253644.6400000000000,1038067.3200000001000,2501103.2399999998000,2194428.4800000000000,1045292.1600000000000,23,3,5,38,1,Female
6375,895470.1056000000000,582277.2479999999000,3016534.0032000000000,3276498.1248000003000,459152.5248000001000,22,2,5,59,3,Male
5654,348005.8368000000000,923857.2288000000000,2511580.2623999994000,1971434.1888000000000,476924.5440000000000,21,1,5,56,1,Male
120,307653.2160000000000,1213368.3120000002000,3895228.1160000000000,5856710.4960000000000,564624.9960000000000,1,1,1,65,2,Female
5512,1439730.0720000002000,594393.4440000000000,2383467.4439999997000,1569441.7440000000000,167098.4640000000400,6,1,2,55,3,
8486,1494138.2976000002000,863295.7632000000000,388852.9632000000000,2018757.3120000002000,1110475.2672000001000,21,1,5,69,5,Male
9634,1713890.1312000004000,732337.7568000000000,1611496.2240000002000,4561217.3568000000000,581121.3408000001000,25,5,5,74,4,Male
2039,1436798.4000000000000,202419.9360000000200,1763270.4960000000000,2152734.7200000000000,845861.0880000001000,14,4,3,38,0,Male
4964,645136.8000000000000,374696.8800000000000,234489.1679999999800,966687.5520000000000,167337.6960000000000,13,3,3,52,0,Male
581,1853971.1424000002000,814590.6912000001000,2694279.9312000000000,2581827.9552000000000,913529.2608000000000,16,1,4,65,2,Female
5116,1711490.6880000003000,113908.9536000000100,417887.4240000000000,3664929.0239999997000,287887.4496000000000,22,2,5,53,3,Male
3456,340540.9920000001000,395301.4560000000600,885213.9648000002000,1401864.0768000004000,286259.6088000001000,10,5,2,45,2,Male
915,1230362.6880000000000,547680.3840000001000,2310841.7279999997000,3198545.6640000010000,698776.2240000000000,24,4,5,34,5,Male
5753,154520.9280000000000,174544.5120000000200,672615.5040000001000,1199076.2880000002000,221109.9840000000500,10,5,2,56,2,Male
1124,1454321.8800000001000,393724.0800000000000,1481827.2300000000000,499686.4800000001000,718165.2600000000000,14,4,3,34,0,
1962,531402.4000000000000,716890.2400000001000,1111491.8400000000000,2815174.0800000000000,235224.9600000000200,5,5,1,38,2,Male
5815,1350300.1536000003000,110678.3136000000100,738920.3616000001000,3070894.1184000000000,102272.3712000000000,3,3,1,56,0,Male
6898,1331033.4180000003000,479826.8280000000400,1016353.4940000000000,3279473.9640000006000,303344.8470000000000,3,3,1,61,0,
3146,530411.5872000001000,170359.8336000000000,2228030.7983999997000,998969.2416000001000,1493065.0944000003000,9,4,2,44,4,Female
3358,2021625.8304000003000,980509.7280000000000,855409.4208000000000,591744.3840000001000,471367.4592000001000,17,2,4,45,1,Male
5169,449990.5920000000000,728525.8560000001000,2427222.5280000000000,2044529.2800000003000,308195.9040000000400,8,3,2,53,0,Male
6492,3692652.1632000003000,879259.3056000001000,5202182.2320000000000,1368745.7471999999000,1739770.7184000000000,10,5,2,60,0,Female
7023,1998144.3456000001000,926096.1839999999000,2758104.0864000000000,7079737.7664000000000,578240.5824000000000,21,1,5,62,2,Female
1060,2167852.6080000000000,251108.6399999999600,3619375.4879999994000,3863699.1360000000000,659074.4639999999000,14,4,3,34,0,Female
9170,1303401.0080000001000,468374.0880000000000,1758500.3280000002000,4126702.1120000007000,108286.7760000000300,5,5,1,72,5,Male
5361,1924279.7184000000000,730524.0959999999000,2587784.8896000000000,2998158.1056000000000,285183.9359999999000,2,2,1,54,0,Female
9878,789341.9040000001000,385582.9120000000700,2324498.2800000003000,1119527.5520000001000,136273.9040000000000,13,3,3,75,1,Male
6442,1516616.6976000000000,471726.8928000001000,336322.1088000000500,2134937.4336000000000,301190.0544000000000,19,4,4,59,1,Male
1355,821324.1600000000000,881960.1300000001000,759794.0400000000000,2128558.6800000000000,881754.4800000001000,9,4,2,35,0,
7954,1773498.6048000000000,1089059.7120000000000,1601704.5407999998000,1119424.5504000000000,973224.9696000002000,12,2,3,66,0,Male
1813,640030.4640000000000,172111.3920000000000,1843465.5360000000000,2088016.5120000000000,286667.2320000000000,2,2,1,38,0,Male
9965,1123717.0464000003000,722487.6360000000000,2353677.1128000000000,3175742.7936000004000,479206.9152000000500,23,3,5,75,0,Male
3818,452259.7200000000300,109939.8960000000200,1303212.2400000002000,926237.4880000001000,136501.7280000000300,15,5,3,47,1,Male
846,1846269.6960000000000,346608.0000000000000,618739.7760000000000,1364158.4640000002000,559685.6640000000000,2,2,1,33,0,Male
2063,102174.2400000000000,718229.0400000000000,1706402.5199999998000,2199683.0400000000000,863439.0000000000000,3,3,1,39,0,Female
6855,577921.3440000000000,767890.7808000001000,767310.7104000001000,4138709.4528000006000,1014563.8464000000000,19,4,4,61,0,Male
4140,1538541.8400000000000,454703.6560000001000,963030.5520000000000,775588.3520000001000,103374.2160000000100,24,4,5,48,0,Male
3258,453725.9760000001000,267197.5680000001000,345681.6000000001000,1451666.3040000002000,266912.8000000000000,20,5,4,44,0,Male
1371,1084169.0400000000000,1178955.8400000000000,2760343.1999999997000,1355135.5200000000000,1150577.0400000000000,3,3,1,36,0,Female
3979,1107068.5824000002000,1035825.2256000000000,1773922.2336000000000,1899948.4416000003000,1030918.6272000001000,23,3,5,48,5,Male
8476,1359615.8784000000000,357108.7104000000000,1337863.7376000000000,4144562.0736000000000,281715.2832000000000,7,2,2,69,0,Male
8382,2324384.0880000000000,1308339.0840000000000,2985827.8320000000000,4126193.1360000000000,317780.2680000000000,11,1,3,68,0,Female
7581,362356.1136000001000,528265.8576000000000,1560294.1224000000000,338265.5328000000400,867626.2296000002000,24,4,5,65,4,Male
2808,894777.9456000002000,209641.1328000000500,2768301.9936000000000,3869313.2544000010000,741188.4480000000000,12,2,3,42,0,Male
2925,1734592.5696000003000,325584.6528000000000,1246731.5520000001000,398190.5664000000700,638871.6576000000000,23,3,5,43,4,Male
4211,2414543.4720000000000,591007.5072000000000,1871262.9936000000000,5336394.6239999990000,186733.3248000000300,12,2,3,49,1,Female
6077,1547138.5344000002000,1128369.7152000002000,594084.6720000000000,3265987.7376000000000,285576.4224000000000,7,2,2,58,5,Male
9040,1261487.6352000004000,325563.8256000000400,2488477.3992000003000,1729138.3200000000000,615897.9216000002000,3,3,1,71,2,Male
2783,1350568.0320000001000,127551.9168000000200,1754842.3200000003000,1139628.0192000000000,232976.4096000000400,17,2,4,42,2,Male
8725,1170768.9240000000000,856803.5190000002000,1770326.4150000000000,4501026.5040000010000,1002319.3440000002000,1,1,1,70,5,
3376,1548165.9600000002000,411671.6208000000300,126553.1256000000000,2549726.1504000000000,638503.1928000001000,10,5,2,45,4,Male
8525,771558.3720000002000,434767.4370000000300,381541.9140000000500,3557998.0800000000000,547928.6670000001000,21,1,5,69,0,
4685,1159484.0832000002000,433356.0192000000400,3379481.7408000000000,158904.5760000000000,208022.7456000000200,14,4,3,51,3,Male
4059,1376431.0560000003000,218728.1250000000300,2223897.0930000000000,178164.7560000000500,710868.7080000001000,8,3,2,48,3,
4322,633956.4000000000000,196401.1104000000000,782222.4432000000000,6096307.8527999995000,1046278.4112000001000,5,5,1,49,0,Female
9569,323088.5840000000300,510805.9840000001000,1002268.6440000000000,1531002.9280000003000,123224.9200000000000,24,4,5,73,0,Male
3893,2654637.3216000000000,1536103.0080000001000,1413185.4000000000000,2807480.9664000000000,990626.7888000001000,11,1,3,47,1,Female
6608,3010424.9760000000000,877978.4832000000000,3729193.0415999990000,7104638.3616000000000,1456108.2432000001000,10,5,2,60,2,Female
3542,1470125.7120000003000,396412.4560000000600,1124718.1440000000000,1342962.3680000002000,132874.6320000000000,15,5,3,46,0,Male
7422,171713.4640000000400,431127.4760000001000,1509105.0000000000000,1389434.3840000003000,139526.9200000000000,5,5,1,64,3,Male
8372,1144932.9840000002000,788563.6200000001000,2459324.6730000004000,3412965.8160000006000,975254.3190000001000,3,3,1,68,2,
7309,2470478.6496000000000,481214.8224000000600,1404066.6432000000000,718161.1008000000000,645951.5712000001000,12,2,3,63,0,Male
9407,1280967.1680000000000,122954.2080000000100,3007784.0519999997000,2864435.8080000000000,1466454.7560000000000,16,1,4,73,5,
4955,226368.5184000000000,129512.5632000000300,135699.2352000000000,2007833.7024000000000,672910.3296000000000,5,5,1,52,0,Male
2700,1566565.8624000002000,1334054.6208000001000,1117795.3776000000000,4468674.3552000000000,496604.4336000000500,2,2,1,42,4,Female
5354,2852285.4720000000000,308706.0480000000000,3476155.3919999995000,3022054.2720000000000,1070546.4000000000000,6,1,2,54,2,
6559,1414268.3360000001000,853223.0720000002000,1329276.6239999998000,1963488.8000000000000,319802.8080000000000,5,5,1,60,0,Male
1543,2293210.5600000000000,978705.6000000000000,289660.6800000000000,3185896.8000000000000,589658.4000000000000,12,2,3,36,1,
5143,544479.3600000000000,841362.7200000000000,1594532.7359999998000,304214.0160000000000,549586.9440000000000,8,3,2,53,2,Male
7520,1848910.0032000002000,1100570.2656000000000,369796.3776000000700,3982045.0176000010000,319755.0720000000000,24,4,5,64,0,Male
7849,331258.9280000001000,688343.1360000000000,1435990.6080000000000,1232223.2000000000000,285828.7120000000000,13,3,3,66,3,Male
7788,2286356.2020000005000,486764.9280000001000,2887588.5480000004000,2097003.6360000002000,1060343.6220000002000,5,5,1,66,5,
9964,1458949.9392000004000,499287.7656000000400,460428.8832000000000,3147501.4272000007000,506990.0160000001000,13,3,3,75,0,Male
9942,1660555.1040000000000,706197.1488000001000,1657623.0528000000000,2775887.4624000005000,1167283.7280000001000,22,2,5,75,1,Male
5929,2883859.1999999997000,326660.4287999999400,1170623.4047999997000,3460830.7968000000000,597302.7264000000000,14,4,3,57,1,Female
5289,304072.8000000000000,329397.1680000000600,1192140.2880000002000,431432.2560000000500,216002.2560000000200,5,5,1,54,4,Male
8397,1110025.8624000002000,730306.6367999999000,3615912.5184000000000,1492745.7792000005000,952444.7712000001000,10,5,2,68,1,Male
521,1537281.6576000003000,688177.5264000001000,1740744.3456000001000,1763843.8272000004000,859732.3488000002000,18,3,4,65,4,Male
4794,113888.7936000000000,414299.7504000000000,490303.4112000000000,3378968.9856000002000,788870.8224000001000,19,4,4,51,0,Male
8357,990915.9520000002000,368836.1560000001000,462227.2200000000300,1621006.8160000003000,260261.6120000000200,14,4,3,68,2,Male
7238,940733.6640000001000,697272.4199999999000,2863852.9920000000000,5356843.4400000000000,1492312.2240000000000,10,5,2,63,2,Female
728,190411.2288000000000,1101531.2256000000000,4622848.0272000000000,4949077.5359999990000,1595899.8432000002000,11,1,3,65,4,Female
9564,970882.8480000000000,580777.5168000000000,1192462.6896000000000,331735.6224000000000,1284929.7552000000000,1,1,1,73,0,Female
5926,1075395.5712000000000,480468.4991999999600,1891965.0815999997000,6286121.8559999990000,1105815.8016000000000,9,4,2,57,3,Female
5038,1375449.2928000004000,848625.4656000000000,1164848.1696000000000,2118547.0080000004000,857187.1008000002000,20,5,4,53,5,Male
1950,496072.5120000000000,835326.9120000001000,154308.0960000000200,1095364.9920000000000,435388.0320000000600,24,4,5,38,2,Male
4484,544195.5840000000000,260864.5248000000000,3234062.9376000000000,1345993.5743999998000,156958.6176000000300,14,4,3,50,2,Male
6221,862082.7840000000000,319209.1200000000500,1662317.2511999996000,853834.5216000001000,191503.8720000000000,8,3,2,58,0,Male
3222,295915.2240000000000,375813.1080000000000,1803886.1279999998000,4634300.8800000000000,214139.2440000000400,18,3,4,44,2,Female
9809,348531.9760000000000,478730.8240000000000,321429.4200000000400,1156918.8800000001000,130916.7600000000100,25,5,5,75,5,Male
9923,1407825.9520000003000,168391.1840000000000,2852364.2160000000000,1344648.8640000000000,513668.3760000001000,3,3,1,75,2,Male
2483,558569.0880000001000,137597.3280000000400,669748.2000000002000,677817.0080000001000,348546.7920000001000,5,5,1,41,5,Male
252,1613609.7120000003000,472098.1824000001000,2242001.5488000000000,2771604.2016000003000,725553.8784000002000,10,5,2,65,5,Male
5469,625186.0224000000000,343279.6415999999000,1008553.4208000000000,3496169.7792000000000,417891.3408000000600,11,1,3,55,4,Male
2270,1940569.4880000001000,943976.2464000001000,1243339.8911999997000,6062211.9360000000000,549288.9072000000000,8,3,2,40,0,Female
994,363160.8800000000600,125596.8000000000000,840934.9199999999000,757823.2000000001000,371499.2000000000000,15,5,3,34,3,Male
9427,763767.2016000003000,749364.7824000001000,927975.7656000000000,528917.5008000000000,625057.1496000001000,3,3,1,73,4,Male
4522,2718935.0783999995000,1412176.7232000000000,4189546.0223999990000,3159576.8063999997000,1293170.5728000000000,17,2,4,50,0,Female
7351,2257189.4592000004000,854830.3296000002000,2342328.0192000000000,1959265.1519999998000,1090492.2911999999000,22,2,5,64,5,Male
5859,465978.6240000000700,640906.5600000000000,561757.5360000000000,2234806.6560000000000,567884.1600000000000,10,5,2,57,0,Male
3395,900296.6940000001000,239340.3210000000500,1263759.0570000003000,807789.7080000001000,705752.5860000000000,6,1,2,45,4,
7243,465140.9360000000500,284385.6600000000300,1092013.4160000000000,228722.4160000000300,177977.4880000000000,5,5,1,63,2,Male
3286,1042184.7744000001000,644929.8240000000000,1405986.9120000002000,4077381.5808000006000,838273.9200000000000,17,2,4,44,0,Male
7030,128028.7840000000100,441238.7200000000300,468353.6520000000600,261103.0240000000300,112848.9440000000200,20,5,4,62,2,Male
9423,2027277.9072000002000,726473.6544000002000,1959189.5232000000000,1421022.7200000000000,815886.2400000001000,6,1,2,73,4,Male
2741,1074663.5328000002000,128234.6208000000000,2648774.9376000003000,1907935.1808000002000,727061.5968000000000,17,2,4,42,1,Male
150,684636.5760000001000,1003017.9120000001000,1261966.6800000002000,3506521.8240000000000,821800.2000000000000,21,1,5,65,2,
8137,987519.3119999999000,296595.3744000000000,4418859.7440000000000,4334246.0928000000000,1717602.3072000000000,21,1,5,67,0,Female
8672,1611698.2128000003000,401732.8848000001000,1994591.1960000005000,614417.3568000001000,857089.4904000001000,3,3,1,69,0,Male
6306,356414.0400000000000,818311.6799999999000,180036.1080000000000,898111.5840000000000,151580.8080000000000,15,5,3,59,5,
4261,510748.6032000002000,541855.8288000000000,1710281.6280000005000,788967.2736000001000,307708.7904000000600,15,5,3,49,2,Male
5322,1488015.5760000001000,167885.3520000000000,1598425.8120000000000,752791.1040000000000,419340.5640000000000,20,5,4,54,3,
3136,1225716.3600000000000,512507.6880000000000,3483050.4720000005000,4540975.8240000000000,288826.1640000000500,8,3,2,44,4,Female
2796,2042492.9183999998000,657417.8160000000000,2577844.5264000000000,1827051.4944000002000,754955.4672000001000,15,5,3,42,1,Female
9771,316079.7120000000600,305204.4320000000000,647844.9120000000000,2529101.5360000003000,724292.2960000001000,22,2,5,74,0,Male
1252,1431600.3840000000000,154035.9360000000200,2576294.2079999996000,321198.7200000000300,699552.9600000001000,14,4,3,35,2,Male
7805,115336.1040000000000,171950.1680000000300,942950.8920000000000,270628.3840000000000,251653.2720000000300,12,2,3,66,4,Male
8518,1219340.8656000004000,577492.2504000001000,1866265.3152000003000,2803485.1104000006000,835402.3704000001000,20,5,4,69,1,Male
4338,590182.2432000001000,338095.0584000000400,913595.7600000000000,976038.6240000001000,648453.0096000001000,5,5,1,49,0,Male
7176,2264137.5744000003000,984761.2320000001000,2518956.0864000000000,1757397.1584000003000,1088765.4336000000000,23,3,5,63,4,Male
5801,2695585.8240000000000,1154028.2400000000000,337787.2799999999700,3596620.6080000005000,1102598.9280000000000,21,1,5,56,1,
6484,1817893.7088000004000,646229.1264000001000,684656.2943999999000,1878662.8224000002000,946446.5088000001000,16,1,4,60,0,Male
2159,643180.1400000001000,868727.2500000000000,2410991.7300000000000,182297.8800000000000,816286.7700000000000,19,4,4,39,3,
179,837804.3440000002000,442942.4480000001000,1064460.0720000000000,620870.0160000001000,423894.2240000000500,12,2,3,65,0,Male
230,296193.9240000000600,345985.8480000000600,1679854.0590000001000,1658217.1320000002000,504153.1170000001400,21,1,5,65,0,
7990,1856807.8880000003000,465466.5600000000600,392419.8720000000300,780426.4000000000000,935174.0320000001000,8,3,2,67,5,Male
553,655903.4976000002000,194525.2296000000000,2233522.7928000000000,3587330.8224000010000,657753.7824000001000,18,3,4,65,1,Male
3260,1545154.5120000003000,371942.2960000001000,2559482.9040000000000,2714017.1520000007000,533819.0880000000000,20,5,4,44,0,Male
1989,1127789.3760000002000,273798.0480000000000,828897.1200000001000,3451661.1840000004000,147112.7040000000000,9,4,2,38,0,Male
74,3187550.6208000000000,1242122.5439999998000,221601.1823999999600,2057256.8639999998000,987409.2384000001000,1,1,1,65,1,Female
71,3462727.5072000003000,1382709.3695999999000,2674523.4047999997000,4213916.9279999990000,1147059.7632000000000,11,1,3,65,3,Female
9100,1030455.0880000001000,515807.0320000000600,1027276.2240000000000,636645.7760000001000,147965.5840000000000,23,3,5,71,0,Male
5905,1494770.8032000002000,147103.2576000000000,2513442.9600000004000,2249535.6288000000000,162021.9456000000400,10,5,2,57,4,Male
3341,521173.2240000001600,102837.8120000000200,1295736.4200000002000,421062.5760000001000,305057.4120000000700,15,5,3,45,0,Male
7570,392573.6256000001000,595049.1455999999000,2800730.6496000000000,1358144.4864000000000,1191746.4000000000000,2,2,1,65,1,Male
9059,1673626.1568000002000,1203601.0272000001000,1234787.2992000000000,2294542.3488000003000,1103639.9712000000000,21,1,5,71,2,Male
5072,1490323.9680000000000,165860.6400000000000,948814.2719999999000,423879.5519999999700,837923.9040000001000,5,5,1,53,4,Male
6483,587483.2704000002000,485145.0240000000000,1872722.5920000002000,4949386.2912000010000,410247.0528000000600,12,2,3,60,0,Male
7787,1792725.1680000000000,715029.7440000000000,4335972.7320000000000,368480.7360000000300,1242625.9560000000000,6,1,2,66,5,
6422,2169533.0304000000000,523036.3392000000500,2234319.8975999993000,1886158.5407999998000,446943.1680000000000,12,2,3,59,1,Male
2815,638142.7536000002000,649134.4464000001000,1225090.7856000003000,3115240.1280000005000,446413.0968000000600,25,5,5,42,1,Male
5138,1540904.1408000002000,371502.8352000000300,682536.4992000000000,4125586.1760000000000,1028872.1664000000000,22,2,5,53,2,Male
484,760005.3760000002000,790854.1680000001000,692150.1600000001000,4101590.2720000010000,970029.5280000002000,9,4,2,65,5,Male
3924,826861.5168000001000,129143.2032000000000,1354586.4288000000000,2746075.1999999997000,440332.0416000000600,4,4,1,47,0,Male
4792,355784.1408000000500,1146484.3392000000000,1841157.0431999997000,1369014.2208000000000,953910.3744000000000,18,3,4,51,0,Male
9402,824439.2832000001000,337961.9880000000700,2609818.6608000000000,3605261.9616000005000,369784.7712000001000,9,4,2,73,5,Male
7660,3626409.9456000000000,1020059.9136000001000,575858.4624000000000,6804806.8608000010000,942189.5808000000000,21,1,5,65,2,Female
7000,1457520.4800000002000,972498.2592000000000,2625157.2671999997000,948489.9840000000000,828974.0160000001000,9,4,2,62,1,Male
5164,3110189.5296000005000,1337159.4048000000000,3221947.7567999996000,6690144.1536000010000,649153.0944000000000,14,4,3,53,0,Female
2380,2372552.4240000000000,517551.0120000000500,1894332.1319999998000,923627.2320000002000,1014663.0120000001000,4,4,1,40,2,Female
4274,239963.5040000000200,425437.1000000000300,507986.5560000000000,1046117.9520000002000,217114.1280000000300,15,5,3,49,2,Male
2254,845422.8480000000000,191189.4720000000400,1179971.1360000000000,2454925.8240000005000,463962.9120000000000,14,4,3,39,0,Male
2814,1304763.1344000003000,170617.2336000000400,1488992.8680000002000,2917604.1312000006000,163962.3744000000300,15,5,3,42,0,Male
1952,627259.1200000000000,367484.8800000000600,450768.4800000000000,403857.6000000000300,106767.5200000000000,25,5,5,38,2,Male
5097,890493.5232000000000,114277.3919999999900,1755567.6911999998000,1577654.4960000000000,1181030.4144000000000,5,5,1,53,1,Female
5649,305566.6176000000000,931932.7488000001000,1631892.7872000000000,4209331.0463999990000,724415.0400000000000,16,1,4,56,5,Male
7562,407559.6720000000000,327482.3448000001400,1186281.7200000000000,1709532.4896000002000,848773.3176000002000,8,3,2,65,5,Male
5410,1842456.7296000000000,1023733.5552000001000,1535729.5872000000000,3856988.6208000000000,1092581.3376000000000,12,2,3,55,0,Male
5427,1549373.4144000001000,832763.0592000001000,1203129.3312000001000,3693788.9280000000000,380380.4928000000000,14,4,3,55,0,Male
4621,406917.7344000000000,851740.5312000000000,2396713.0175999994000,6463293.6959999990000,993168.5183999998000,17,2,4,51,1,Female
6841,1125437.4144000001000,217747.1088000000200,898887.9744000001000,1377114.3360000000000,1220357.5488000000000,25,5,5,61,0,Female
1622,768839.6800000002000,364849.4000000000000,616873.0800000000000,110722.0800000000200,122992.4800000000100,10,5,2,37,5,Male
8875,1633796.9856000005000,787224.5472000001000,2220550.3008000000000,1986313.3056000005000,143592.3840000000000,12,2,3,70,1,Male
4602,392817.1200000000000,400021.9680000000500,1119061.4400000002000,1859438.9760000003000,241936.6560000000200,9,4,2,51,0,Male
8920,718858.2960000001000,215452.3800000000300,1297834.8240000000000,2053029.6800000002000,427789.8040000001000,23,3,5,70,0,Male
1023,2659897.4399999995000,492563.9520000000000,1077015.3120000000000,1979546.1120000000000,961175.9520000000000,2,2,1,34,2,Female
5705,636752.7360000000000,824564.1599999999000,3168500.5440000000000,2003102.7840000000000,859166.9280000001000,23,3,5,56,1,Female
882,305083.0400000000400,268839.0400000000400,2224532.4000000000000,2681190.7200000007000,102145.4400000000000,5,5,1,33,0,Male
7537,2149492.1760000000000,245951.0352000000000,412385.6879999999700,5979415.1039999990000,754760.8224000000000,6,1,2,65,0,Female
3918,1056668.0256000000000,274110.5664000000000,1004689.0656000001000,859051.3536000001000,595855.4976000001000,17,2,4,47,1,Male
3900,1733208.6816000005000,594270.2304000001000,2247816.2255999995000,5698464.0768000000000,834358.8528000001000,2,2,1,47,0,Female
4295,1601978.7520000003000,501396.7200000000300,435740.1840000000000,3005274.2720000010000,846433.8080000002000,9,4,2,49,0,Male
6937,411221.8656000001400,699471.2088000001000,1833925.0176000001000,1563201.2448000005000,823244.3856000002000,5,5,1,62,1,Male
1406,707778.4800000000000,863576.1600000000000,2147249.1600000000000,4345928.1600000000000,1127697.9600000000000,14,4,3,36,4,Female
8432,957499.9200000002000,262749.7600000000000,131312.0639999999800,628888.0000000000000,510795.2720000001000,3,3,1,68,0,Male
546,1697229.3312000004000,195441.6672000000000,3976166.1887999997000,7290185.0112000000000,861605.4096000000000,1,1,1,65,1,Female
5945,1822296.2688000002000,663244.0704000001000,826004.3903999999000,2054985.5232000000000,1021055.2703999999000,7,2,2,57,1,Male
3300,1917566.1120000002000,360481.6512000000000,3092806.2528000004000,341329.1904000000000,217865.0496000000600,22,2,5,44,0,Male
1981,854263.2960000000000,949441.2480000000000,1968257.2320000000000,5663911.6799999990000,1369328.6879999998000,12,2,3,38,1,Female
9551,257268.8560000000600,188660.3680000000200,1075033.4400000002000,442605.4880000000000,252811.4680000000200,19,4,4,73,1,Male
1346,1533678.3360000004000,806983.8720000001000,1469130.9120000000000,2194608.0000000000000,674426.7840000001000,9,4,2,35,0,Male
2029,758148.2880000001000,760168.0320000001000,1163762.2080000000000,518034.8160000000000,606861.8880000000000,7,2,2,38,0,Male
9862,946303.9872000001000,559789.2768000001000,2013230.0447999998000,1736272.0128000004000,881732.3424000001000,2,2,1,75,3,Male
6645,3296162.5632000000000,1723671.8928000003000,4837696.5312000000000,6731566.7328000010000,623310.8544000000000,4,4,1,60,0,Female
530,1987128.9360000000000,1091188.2150000000000,846498.9780000000000,539292.7800000000000,1010791.0800000000000,6,1,2,65,0,
4970,351444.0960000000000,492390.3744000000300,328435.7759999999500,1208124.0576000000000,168318.8352000000000,24,4,5,52,1,Male
46,126343.2560000000100,481585.1560000001000,828508.8240000000000,1709762.2880000004000,185516.9680000000200,9,4,2,65,4,Male
8877,674480.9760000001000,104673.9200000000100,2033564.8320000002000,2645663.0720000006000,821147.4960000002000,12,2,3,70,1,Male
9961,1355332.7424000003000,152292.4416000000200,1880127.1008000000000,2500786.3296000003000,1176271.6992000001000,16,1,4,75,0,Male
8350,1642470.7104000002000,792873.8064000002000,2637877.8816000004000,2041421.9904000000000,863705.3256000002000,8,3,2,68,2,Male
37,2384246.1240000003000,992634.8796000001000,1016012.7432000000000,423744.6096000000000,340366.6656000000700,1,1,1,65,1,Female
8268,234386.1312000000300,917320.6848000000000,1252235.0880000000000,690674.1504000002000,1016344.7424000001000,7,2,2,68,4,Male
7802,761783.4432000001000,612956.6352000001000,2543659.3728000000000,1256489.3952000004000,742104.6048000001000,2,2,1,66,4,Male
9790,3082617.0960000000000,1293405.5160000000000,812989.4759999999000,3446009.4240000000000,1234181.6760000002000,11,1,3,75,0,Female
8723,850544.1984000000000,782909.0880000001000,2895446.7360000000000,3904343.5392000005000,449384.0832000000500,8,3,2,70,5,Male
690,405406.5600000000600,925191.2800000001000,1196516.5680000000000,1032665.5040000002000,221458.9520000000500,18,3,4,65,0,Male
3588,980048.2560000000000,310971.9360000000500,1327322.3039999998000,3378274.9440000006000,428148.4680000000500,16,1,4,46,4,Female
5060,138184.7039999999700,1335521.4335999999000,2756272.6655999995000,6910435.8143999990000,1300900.2624000001000,22,2,5,53,4,Female
3584,2340977.4960000003000,409489.2120000000600,3060522.8279999997000,277745.4240000000000,458534.0760000001000,1,1,1,46,4,Female
6027,1949087.5775999997000,1662846.6239999996000,2331339.6671999996000,6003414.1439999980000,1080468.8064000000000,1,1,1,57,0,Female
328,785363.4880000001000,495150.7600000000700,1458896.5559999999000,1011730.0960000001000,147082.5720000000100,23,3,5,65,1,Male
7546,653763.8016000000000,1804919.3136000000000,5071636.0655999990000,3649153.9968000003000,1516930.2720000000000,6,1,2,65,0,Female
4078,1437893.1072000004000,128434.1256000000300,1194165.7200000002000,2579457.1968000010000,752938.4016000002000,15,5,3,48,2,Male
7663,3003392.2464000005000,237389.4431999999800,5181962.3856000000000,3912745.8240000000000,387276.9264000000000,16,1,4,65,2,Female
8718,2070186.8928000000000,743797.3920000000000,3318498.5184000000000,3034654.7712000003000,471764.3424000000000,23,3,5,70,5,Male
7934,2865571.1136000003000,1376850.0096000002000,952808.3136000000000,4898544.0192000000000,385875.1728000000000,11,1,3,66,0,Female
2032,673559.3600000001000,396266.0800000001000,1047243.8400000001000,1443317.9200000002000,294952.1200000000500,20,5,4,38,0,Male
2579,1423753.6896000004000,863561.9520000000000,2893964.5152000003000,3490431.8592000003000,358764.7008000001000,14,4,3,41,2,Male
378,993385.5360000002000,282448.5040000001000,1024596.6120000000000,1177126.2880000002000,376440.2200000000300,9,4,2,65,2,Male
4591,973759.4496000000000,916386.2207999999000,2763851.6735999994000,3857586.5088000000000,363245.2992000000000,16,1,4,51,0,Female
361,707327.7119999999000,1679111.1792000001000,548379.3744000000000,3993875.3087999998000,182217.2976000000000,1,1,1,65,2,Female
9553,960577.1136000002000,1051105.5360000000000,1219502.7936000000000,1543905.2928000002000,739408.4256000001000,3,3,1,73,1,Male
1066,336130.0800000001000,204037.0400000000400,1129022.6400000001000,769860.9600000001000,116147.5200000000000,15,5,3,34,0,Male
6366,176668.8767999999700,742425.5232000000000,122712.8831999999800,999109.3248000001000,489836.7360000000300,4,4,1,59,1,Male
2747,142577.1072000000300,239739.5616000000200,3155994.5472000004000,2662084.3392000003000,710199.1776000002000,18,3,4,42,1,Male
3166,1061064.3780000003000,644014.3050000000000,731647.9170000000000,1504763.5680000002000,955666.8000000000000,1,1,1,44,0,
3994,1436419.7760000003000,1030853.8680000001000,3126470.6880000000000,2773867.5360000010000,1153364.7840000002000,19,4,4,48,1,Female
6462,761027.4432000000000,897584.1983999999000,1289250.9503999997000,2784600.8063999997000,1502114.9759999996000,6,1,2,59,0,Female
5133,1013080.7807999998000,1531737.7344000000000,5078082.5856000000000,5207760.0000000000000,1276736.4288000000000,20,5,4,53,2,Female
2333,485801.7120000000600,851936.4810000001000,552035.9790000000000,319661.8920000000500,682805.3760000002000,11,1,3,40,4,
3875,232748.6480000000400,406144.1120000001000,977444.9520000000000,1232214.3680000002000,206825.0360000000500,15,5,3,47,2,Male
8194,1274115.3984000000000,208710.1536000000200,1601342.4960000000000,794529.2160000000000,294668.7744000000500,11,1,3,67,0,Male
3417,201835.1808000000600,531166.7328000001000,1682018.5536000000000,896826.5856000002000,1010117.0112000002000,8,3,2,45,3,Male
6657,1250530.1952000002000,163108.6080000000400,1552701.5712000000000,2922304.3200000000000,408711.6384000001000,22,2,5,60,0,Male
3747,1184531.3568000002000,114960.0672000000000,1419081.4440000001000,1683677.9520000003000,625085.5248000001000,25,5,5,46,0,Male
2262,1490251.4880000000000,390305.8368000000500,2907858.4128000000000,3674691.1872000005000,617169.8016000000000,9,4,2,40,0,Male
4172,842107.9040000001000,611976.9040000001000,1852958.9759999998000,862759.3920000002000,311379.9040000000400,19,4,4,49,5,Male
4634,476631.7056000000400,975370.4064000001000,107096.2560000000100,387977.9328000000000,133889.4719999999800,17,2,4,51,4,Male
9437,1113058.2528000001000,384511.4208000001400,1620275.8104000000000,607694.2560000000000,111899.2680000000100,3,3,1,73,1,Male
2330,1271413.6380000003000,182590.4520000000200,2778369.3630000000000,1770756.7680000002000,193490.7480000000200,10,5,2,40,0,
4978,288654.6240000000000,213094.9080000000000,3158623.5119999996000,2429368.8480000000000,1047479.2560000000000,1,1,1,52,1,
8083,736791.9520000000000,201772.5320000000400,218170.2120000000300,380517.4880000000700,365142.8560000001000,23,3,5,67,3,Male
2839,763813.9872000001000,562751.1648000000000,2157774.3792000000000,5182879.6800000010000,866840.6736000000000,1,1,1,42,0,Female
206,2290695.6384000000000,1193615.2799999998000,3848444.3087999998000,6576000.5376000000000,627754.6079999999000,21,1,5,65,0,Female
5677,1146609.3312000001000,503923.9679999999400,1104823.4112000000000,1316778.3935999998000,167290.9056000000300,12,2,3,56,4,Male
2320,849858.6800000002000,224861.8240000000200,1231268.8080000000000,396480.1280000001000,420135.9800000001000,5,5,1,40,4,Male
5463,128610.1440000000000,282530.7840000000400,897799.5360000000000,1891884.2880000000000,101066.9280000000100,15,5,3,55,4,Male
4354,755504.3520000001000,676422.4319999999000,898985.0879999999000,5758527.7440000000000,950810.1120000000000,13,3,3,50,0,Female
1672,1902974.4000000000000,1211757.1199999999000,1776314.0159999998000,3525501.3120000004000,666226.9440000000000,19,4,4,37,1,Female
8732,2394316.4544000000000,868303.4880000001000,1409136.3935999998000,940926.1056000001000,791436.6720000000000,6,1,2,70,1,Male
3523,2020970.7936000002000,575183.3472000001000,3517540.6464000004000,4929965.5680000000000,1106168.8176000000000,24,4,5,45,0,Female
6911,470850.6816000000000,873942.2640000000000,4970010.6143999990000,3686464.4544000000000,846795.6431999999000,24,4,5,62,0,Female
5328,1911335.2703999996000,271977.0048000000000,1146385.6127999998000,2923429.7088000000000,1196644.1472000000000,2,2,1,54,2,Female
5122,856022.9760000000000,465164.6399999999600,1039276.5120000000000,2012503.2960000000000,381579.2640000000000,4,4,1,53,2,Male
1715,1853646.3360000000000,755118.1440000000000,2921920.5599999996000,3365636.5440000000000,650736.4319999999000,7,2,2,37,2,Female
9083,1492785.2159999998000,1554328.3392000000000,1548183.4992000000000,1206249.4080000000000,1261762.0704000003000,21,1,5,71,1,Female
6166,1181633.5872000000000,1140911.7696000000000,2007135.9360000000000,339566.7455999999700,538825.0752000000000,4,4,1,58,2,Male
5771,1469225.0880000000000,784844.2368000001000,1098535.5648000000000,1092278.9376000000000,212324.4288000000200,2,2,1,56,1,Male
2548,565772.2400000001000,393382.7040000001000,621765.1440000000000,639907.8400000001000,112905.3200000000200,10,5,2,41,3,Male
1449,530676.0000000000000,781365.6800000002000,1405443.1200000000000,461317.1200000000500,494864.4000000000000,10,5,2,36,3,Male
1589,1696691.5199999998000,780857.5680000000000,235079.2800000000000,1318025.0880000000000,305279.7120000000000,22,2,5,37,0,Female
6949,996816.2880000001000,114929.5680000000100,1595647.4039999999000,725283.3120000000000,224374.6440000000000,16,1,4,62,4,Female
7824,117345.6960000000300,531192.7920000001000,2236574.8079999997000,3177738.3040000005000,768598.7920000001000,19,4,4,66,3,Male
2787,406189.3440000001000,217766.5600000000300,893917.9920000001000,1748687.7760000003000,191574.3720000000600,5,5,1,42,2,Male
2780,356710.8160000001000,347487.1400000001000,1202480.2680000000000,1483117.6800000002000,170933.0480000000400,16,1,4,42,2,Male
6489,3607309.9296000004000,119212.1424000000000,1371324.4271999998000,501466.1184000000400,1869630.6096000000000,20,5,4,60,0,Female
295,1949147.8656000001000,343853.5776000000000,2305784.7072000000000,563753.5488000001000,394788.5760000000600,14,4,3,65,4,Male
1873,999740.0000000000000,611225.4400000001000,1712969.0400000000000,324846.0800000001000,717855.3600000001000,25,5,5,38,4,Male
6227,542081.7600000000000,157466.8800000000000,557115.8400000000000,1316576.2560000000000,207740.4480000000000,8,3,2,58,0,Male
9419,2037488.9183999998000,1546736.6304000000000,2019337.2576000000000,1853414.7840000000000,878407.9199999999000,11,1,3,73,4,Female
8320,1455861.1392000000000,527487.1680000001000,3342780.2304000000000,3284566.2720000003000,828634.6848000000000,8,3,2,68,3,Male
1462,878676.0960000000000,401749.5360000000000,363480.7680000000000,3154566.9120000000000,182522.5920000000000,24,4,5,36,3,Male
8174,3558147.8399999994000,1303578.0576000000000,4232895.4512000010000,4500727.5456000010000,737963.1792000000000,16,1,4,67,0,Female
8068,3475214.8704000000000,1026656.4672000000000,105610.0031999999900,6288671.0016000000000,1825150.9536000004000,16,1,4,67,1,Female
4391,2009655.4752000002000,838839.0528000001000,2629092.5567999994000,2207747.6352000004000,217850.6880000000000,24,4,5,50,1,Male
3531,1577995.7952000003000,576974.4288000001000,680926.4352000000000,1309924.9152000002000,100817.1648000000000,18,3,4,45,0,Male
8025,1285952.8032000002000,1152072.9792000000000,1589734.5983999996000,2050701.8688000000000,1322966.9232000003000,16,1,4,67,4,Female
7298,3585705.9264000000000,1628666.5824000002000,262911.9168000000000,1384137.3312000001000,1483317.5760000000000,19,4,4,63,0,Female
7796,2897701.7472000000000,394756.1279999999700,1086378.6960000000000,6131677.5936000000000,911281.3632000000000,11,1,3,66,4,Female
6115,600457.6320000001000,222139.1520000000000,517234.6079999999500,1432845.8880000003000,180649.9680000000200,19,4,4,58,4,Male
2892,676295.9808000000000,427320.7488000000600,1103752.7424000000000,1867440.9600000002000,698437.8720000001000,2,2,1,43,5,Male
5553,1690709.2992000002000,541188.6336000001000,150630.4511999999800,3192075.8784000003000,437764.7232000000700,4,4,1,55,1,Male
5605,1051145.8560000001000,800597.2608000002000,1551851.9136000000000,2806815.6288000000000,301921.2576000000000,10,5,2,55,0,Male
958,623133.3600000000000,649680.6240000001000,416544.3360000000000,1472722.8480000002000,533037.3120000000000,15,5,3,34,4,Male
1644,1301180.8320000002000,618778.2960000001000,2065273.6320000000000,2082353.7600000000000,103551.6960000000100,25,5,5,37,4,Male
5330,3450857.4719999996000,233414.2656000000000,1632620.9663999998000,6650912.3328000000000,818498.1312000000000,12,2,3,54,2,Female
4733,549601.8048000000000,1514638.1376000000000,1666230.9120000000000,3615477.8112000000000,248920.8191999999700,19,4,4,51,0,Female
5601,1194476.0832000002000,614501.9136000001000,244505.0880000000000,3364956.0576000004000,1150789.1328000000000,24,4,5,55,0,Male
8578,1009533.8240000003000,429135.4080000000500,3052817.0400000005000,4054562.7200000007000,485440.1760000001000,20,5,4,69,2,Male
3810,1243537.2576000004000,522331.7616000002000,2112556.4856000002000,2979676.3392000003000,107506.8720000000200,25,5,5,47,4,Male
709,238697.0820000000500,848756.7270000002000,2920370.5439999998000,3929855.9040000006000,105220.4400000000000,21,1,5,65,5,
3056,1164692.6016000002000,723977.4432000002000,2342392.9056000006000,133910.9376000000300,711123.4944000001000,14,4,3,43,0,Male
3801,1469364.5999999999000,387797.1240000000000,3199778.6040000000000,2166114.7200000000000,847773.2999999999000,11,1,3,47,4,Female
6549,1462841.9519999998000,322843.6224000000500,2594863.4400000000000,2230831.4496000004000,110175.6864000000200,24,4,5,60,4,Male
4388,2023135.7184000000000,507572.4672000001000,2744637.0048000000000,3158732.3904000004000,516157.1712000000000,22,2,5,50,1,Male
5646,204500.0640000000000,121213.4400000000000,817123.2479999999000,358310.0160000000600,262599.0720000000400,15,5,3,56,5,Male
567,1073380.2768000000000,134860.5648000000200,1779913.4183999998000,844656.5088000001000,376876.8432000000600,13,3,3,65,3,Male
9014,2310956.5440000000000,103209.7248000000100,3660545.8656000000000,438858.7008000000500,551016.9600000001000,1,1,1,71,1,Male
924,679676.9760000001000,524507.6880000001000,1536187.8960000000000,1137475.8720000002000,335152.0080000000300,20,5,4,34,5,Male
1042,757112.8320000000000,288528.2640000000000,1027523.2320000000000,2680793.2800000003000,542494.5120000001000,15,5,3,34,2,Male
2727,564220.3248000001000,313890.2712000001300,1441347.8904000001000,659995.7760000002000,342343.9008000000600,13,3,3,42,3,Male
4443,2248365.7728000000000,764375.2703999999000,230796.8640000000000,5346986.3424000000000,531743.2703999999000,2,2,1,50,1,Female
2542,1237182.5664000004000,736164.8448000002000,3028516.1280000005000,2070127.4880000001000,850471.3536000001000,7,2,2,41,3,Male
2922,1384820.2720000003000,343076.0080000001000,2188143.4080000003000,2373125.5680000004000,158983.6160000000400,9,4,2,43,4,Male
9155,1840095.5040000002000,823758.2496000001000,2196345.7151999995000,5680121.9904000000000,1382908.9248000000000,1,1,1,72,0,Female
7123,1073018.9340000004000,1026277.3170000002000,603482.7240000000000,637342.0560000001000,566426.4840000000000,10,5,2,62,0,
8119,599166.2976000000000,1029660.0288000002000,799025.7600000000000,1118624.8320000000000,289295.1360000000000,1,1,1,67,2,Male
7434,2414457.3024000000000,189429.3648000000000,1143058.1760000000000,4265342.2656000005000,1530410.5440000000000,4,4,1,64,2,Female
921,470491.5200000000000,124785.8400000000300,323329.2000000000000,862720.9600000000000,219212.0800000000500,5,5,1,34,5,Male
974,2845686.8160000000000,565673.4720000001000,2772232.5599999996000,741211.2000000000000,248178.6720000000200,9,4,2,34,1,Female
6214,1895186.5919999997000,336331.8720000000000,691046.2080000000000,5034048.7679999990000,209153.2320000000200,3,3,1,58,0,Female
9928,683843.5967999999000,149714.4480000000300,3494488.9824000000000,3874222.8096000003000,892953.7344000002000,13,3,3,75,2,Male
5953,2245055.1552000000000,1018805.1839999999000,1679746.2911999999000,2025645.0047999998000,614264.4864000000000,24,4,5,57,3,Male
3177,709674.6800000002000,198948.9040000000400,1281441.8760000002000,1578222.6240000003000,154540.5840000000300,10,5,2,44,1,Male
831,2092679.8464000004000,1151373.1008000004000,1133713.5263999999000,490594.2912000000400,795057.6192000001000,12,2,3,65,0,Male
8209,2186108.0280000004000,843653.8890000001000,2595501.7920000004000,603034.3800000001000,261072.9810000000300,11,1,3,67,0,
4046,802169.1040000002000,154589.3360000000400,679622.0640000000000,2332106.6560000004000,716846.5040000002000,24,4,5,48,1,Male
1658,677243.8400000001000,119939.3600000000200,830903.0400000000000,2665044.4800000004000,111223.9200000000000,5,5,1,37,1,Male
6174,946194.3936000001000,422982.7776000000000,4223101.5359999990000,2206390.5792000000000,405640.9152000000000,21,1,5,58,2,Female
3769,444210.9408000001000,465875.5464000001000,1098406.2672000001000,419077.6128000001000,712645.4808000001000,3,3,1,47,0,Male
9470,821206.8800000001000,330882.7600000000000,109308.7320000000200,716599.9360000001000,281949.0440000000500,13,3,3,73,3,Male
4023,353848.4400000000000,225365.7120000000000,997743.3840000001000,1249898.4960000003000,235745.7960000000300,10,5,2,48,0,
4874,1550451.8399999999000,209004.6720000000200,2739437.5680000000000,2779515.2640000004000,812129.7600000000000,25,5,5,52,4,Male
3504,2226597.3840000000000,634161.0000000000000,2556499.1760000000000,3524919.0240000007000,799135.5240000001000,1,1,1,45,1,
8834,2006521.1712000002000,179010.6239999999800,2214446.8320000004000,447202.8288000001000,1155690.8064000001000,17,2,4,70,2,Male
8451,138209.2608000000200,630792.8640000001000,779716.4543999999000,3221995.0464000003000,644947.6800000000000,17,2,4,69,0,Male
5788,398904.4224000000000,429274.0224000000000,1610347.7376000000000,4023180.7488000000000,501695.4240000000000,22,2,5,56,1,Male
7149,137048.8704000000000,954323.8848000001000,1340129.9807999998000,2776366.1952000004000,779530.7520000001000,7,2,2,63,5,Male
4434,640741.3632000000000,555859.9296000000000,3955863.2255999995000,1431431.6544000000000,1556062.9631999999000,19,4,4,50,1,Female
1101,2291087.8080000000000,184128.9120000000000,3309720.0479999995000,4895326.6560000000000,373616.9280000000000,24,4,5,34,0,Female
3823,802878.0672000003000,628480.1952000001000,2153595.3120000004000,1811643.6096000003000,927347.5200000001000,6,1,2,47,1,Male
880,619713.6800000000000,291461.3600000000400,650446.3200000001000,1040902.8800000001000,351378.3600000000400,5,5,1,33,0,Male
1787,213586.8480000000000,1166173.9200000000000,3196898.4959999993000,3283887.1680000000000,331077.7440000000000,12,2,3,37,0,Female
7421,1547362.9600000000000,116020.0080000000200,2116703.4720000000000,3580214.5600000005000,217032.7120000000300,23,3,5,64,3,Male
1524,682896.0000000000000,386219.9600000000000,898635.1200000000000,273444.4800000000400,194898.0800000000200,5,5,1,36,0,Male
9229,2909589.6960000000000,221340.7872000000000,479417.1407999999400,1834383.2832000002000,825316.3152000000000,11,1,3,72,1,Female
1494,1431964.6080000000000,725222.2080000001000,1064379.1680000000000,3806494.4640000006000,550105.1520000001000,19,4,4,36,2,Male
1807,1130484.8640000003000,126870.6240000000000,1445854.4640000000000,3773606.0160000000000,803039.2320000001000,4,4,1,37,0,Male
1487,347362.8480000000600,681195.0960000000000,101121.2640000000000,1806581.9520000003000,689109.6240000001000,25,5,5,36,2,Male
6581,723641.6304000000000,399356.3808000001600,689238.2016000000000,3156444.3456000006000,325175.6664000001000,15,5,3,60,1,Male
7607,2469226.7808000003000,1733585.4432000003000,5149613.6640000000000,4151391.3792000000000,1578785.0832000002000,1,1,1,65,3,Female
3912,972183.1680000003000,239831.4600000000200,172145.4768000000000,2933002.1952000010000,704750.9832000001000,10,5,2,47,1,Male
5471,195984.0000000000000,832557.8880000000000,1397212.4160000000000,2120164.6080000005000,950880.1920000000000,13,3,3,55,1,Male
2210,691692.1920000002000,158163.2640000000200,201587.1840000000000,599872.6080000001000,556141.3200000001000,25,5,5,39,0,Male
4093,942518.2140000002000,896675.3730000003000,1109483.0010000000000,3758723.8920000010000,122453.4960000000300,5,5,1,48,2,
6259,669119.4432000001000,819409.5648000002000,446541.4656000000000,2260457.9712000005000,301121.9712000000000,10,5,2,58,0,Male
3162,701544.9760000003000,190521.5840000000300,584336.5440000000000,1353819.4560000002000,501267.1840000001000,15,5,3,44,0,Male
9682,571907.8560000000000,120682.2240000000000,139184.7600000000000,1071462.0800000000000,395528.1200000000500,23,3,5,74,3,Male
2614,1940692.5120000000000,466084.9248000000400,1796319.9936000000000,4032102.8352000006000,301081.2288000000400,24,4,5,41,0,Male
4050,832514.2848000001000,372751.6320000000400,867625.5456000002000,1423678.9248000000000,618368.5728000001000,12,2,3,48,1,Male
9540,1667508.0552000000000,354947.3460000000000,3533747.5368000000000,1586468.8944000003000,1348031.5056000000000,23,3,5,73,0,Female
1930,2215523.8080000000000,575907.4079999999000,480410.3519999999600,5359065.4080000000000,667445.1840000000000,12,2,3,38,2,Female
7301,818811.3024000000000,159204.6144000000200,2786424.4511999995000,1568909.7216000000000,448366.8384000000700,1,1,1,63,0,Female
6249,1544158.0799999998000,1630058.8608000001000,1435839.9551999997000,3056692.3776000000000,1002519.9360000000000,17,2,4,58,0,Female
6207,1712395.4688000000000,1288097.3376000000000,3221497.7855999990000,3005786.8800000000000,1337788.7424000000000,7,2,2,58,1,Female
3063,1229831.7504000003000,697521.5808000000000,898720.7328000001000,3985771.8912000010000,959268.1824000000000,12,2,3,43,0,Male
9246,481576.1600000001000,114870.0800000000200,317301.8160000000000,548980.0160000001000,339149.7720000001000,18,3,4,72,3,Male
427,1559946.5855999999000,1517097.2544000002000,2922110.9424000000000,3957232.0320000000000,175266.9360000000000,16,1,4,65,0,Female
3265,882043.9056000002000,521395.2216000001000,2310573.0384000004000,2009660.0832000005000,556667.7336000002000,10,5,2,44,0,Male
1536,1377462.1440000000000,790184.9280000001000,528067.8720000000000,1649575.2960000000000,290225.9520000000000,14,4,3,36,1,Male
6989,2985639.6960000000000,389238.4080000000000,3215444.1696000000000,6271593.8688000000000,1662981.8399999999000,10,5,2,62,1,Female
7343,398701.5552000001000,437902.7328000000600,3426327.5904000000000,785045.4144000001000,1245912.0960000001000,23,3,5,64,0,Male
5844,2165315.3280000000000,562540.6080000000000,2929752.2879999997000,563963.9040000000000,340142.3999999999700,16,1,4,57,0,Female
2443,1039607.0784000005000,630918.7632000003000,245150.9280000000400,392614.0416000001000,662120.9496000002000,10,5,2,40,0,Male
6796,1710863.1072000004000,379105.0848000000700,926028.9792000001000,698895.8496000002000,670204.6416000001000,8,3,2,61,1,Male
5806,1200897.5040000000000,1229652.7200000000000,423560.0159999999000,544032.5760000000000,1261493.4239999999000,20,5,4,56,0,Female
8351,1039107.5136000001000,720492.6456000000000,1290210.5736000000000,3430470.7008000007000,860556.9024000001000,13,3,3,68,2,Male
7965,294803.0592000000000,1115219.2896000003000,3441458.9664000000000,4570152.0384000010000,1185088.8192000000000,8,3,2,67,0,Male
89,576143.8800000000000,272197.9000000000000,664554.6960000001000,1698409.6480000005000,374213.4760000000000,10,5,2,65,1,Male
5874,1293890.9760000000000,944881.9560000001000,3121318.1520000000000,4240044.1440000000000,340159.9320000000300,5,5,1,57,5,
1311,729980.1600000000000,890581.7280000000000,2441295.6480000000000,2619041.2800000000000,761382.3360000001000,14,4,3,35,1,Male
8039,1460127.9680000003000,423891.0000000000000,882722.2560000000000,400604.2560000000500,897811.5120000001000,9,4,2,67,4,Male
1202,665648.6400000000000,794395.6800000000000,738177.4079999999000,461162.4960000001000,499576.5120000000000,17,2,4,35,3,Male
2678,1389760.8912000002000,420754.6728000001000,903730.8456000002000,158040.7488000000600,321296.1840000000000,23,3,5,42,5,Male
70,129519.5200000000000,659504.6640000002000,885654.1200000001000,2314100.2560000000000,158036.9440000000200,23,3,5,65,3,Male
135,1596639.8240000003000,281047.5200000000000,2505980.2560000000000,1404547.0400000000000,870231.8560000001000,2,2,1,65,2,Male
2985,2539586.5440000007000,715993.8720000001000,2893562.8920000000000,5220798.0000000000000,111130.5360000000100,5,5,1,43,2,Female
9606,1191060.1872000003000,929664.5904000001000,910802.3184000000000,2420179.2576000000000,589068.1368000001000,23,3,5,74,5,Male
6420,2469571.1999999997000,700606.6560000000000,3665855.6640000003000,297940.0320000000000,343297.7280000000000,10,5,2,59,2,
9333,1656885.9840000004000,690413.3184000000000,3147571.0656000003000,3973428.8256000006000,241431.5904000000200,8,3,2,72,1,Male
2108,1715569.2000000000000,287528.1600000000300,2492571.6000000000000,685716.4800000000000,813167.6400000000000,20,5,4,39,4,Female
1011,494179.5600000000600,330837.7500000000000,2379522.6900000000000,2399964.4800000004000,668431.8000000000000,10,5,2,34,3,
3169,1339867.9800000002000,432924.1290000001000,1324321.8120000002000,1113314.7960000000000,188512.3350000000200,6,1,2,44,4,
4715,629881.1136000000000,569932.8768000000000,693235.2384000000000,1425837.3120000000000,131812.0704000000300,23,3,5,51,2,Male
6833,463637.7408000000000,499372.2240000000000,3160620.4032000000000,487906.5984000001300,150222.2592000000000,17,2,4,61,1,Male
4479,235455.6480000000200,448074.7680000001000,966087.9360000000000,1697740.8000000000000,336982.0800000000000,25,5,5,50,2,Male
33,842119.6992000000000,713365.7856000002000,417195.0432000000000,1420399.7184000000000,1052742.2880000002000,18,3,4,65,1,Male
8177,789302.5920000001000,212170.2960000000000,1912001.3639999998000,4125141.0720000006000,769258.9319999999000,16,1,4,67,0,Female
7395,1275741.1680000000000,594372.6360000000000,3259041.0840000000000,3386546.5920000000000,1165069.1520000000000,23,3,5,64,1,Female
9298,624375.6480000000000,630388.0440000001000,1392321.1770000000000,3208580.3880000007000,535313.9610000000000,21,1,5,72,2,
7870,234035.9424000000600,788622.5568000001000,2081987.4815999998000,2657803.1999999997000,805289.7216000002000,7,2,2,66,2,Male
7961,1634870.7180000003000,361069.0200000000000,502112.5200000001000,1048927.9320000003000,235451.5020000000400,21,1,5,66,0,
3811,1869550.6368000002000,864298.1952000002000,733785.7824000001000,2988779.4816000005000,1027288.4160000002000,4,4,1,47,4,Male
7577,2186406.4560000002000,958099.5840000000000,1512033.5880000000000,3849518.4000000000000,989294.7480000000000,1,1,1,65,4,Female
5533,840349.7280000000000,299072.0160000000000,651881.6640000000000,1791060.0960000001000,467779.6320000000400,20,5,4,55,2,Male
4573,420945.9840000000000,143371.2096000000300,2053903.3920000005000,2407085.3376000007000,506215.1808000000300,10,5,2,50,0,Male
5287,438365.0304000000500,942736.5504000000000,2746394.7263999990000,4277287.0656000000000,791660.8512000002000,22,2,5,54,4,Male
344,1524631.2640000002000,383719.7520000001000,781613.9760000001000,1085121.0240000002000,159305.1200000000000,13,3,3,65,2,Male
5655,972554.5728000000000,459456.5376000001000,2294644.7232000000000,672550.9631999999000,675689.8176000001000,17,2,4,56,1,Male
8517,983745.4640000002000,151421.3480000000300,341621.7480000001000,1986548.0960000001000,384394.9720000000700,9,4,2,69,4,Male
6428,2894400.3456000000000,936394.5599999999000,725990.6879999998000,1792245.6575999998000,560960.4672000000000,1,1,1,59,0,Female
667,1845367.4304000002000,1079128.5024000000000,890049.8880000002000,2697200.0640000002000,806092.3104000002000,18,3,4,65,0,Male
3515,1512066.9696000002000,175771.4112000000300,3016624.0896000000000,3902273.9712000005000,437597.7408000001000,22,2,5,45,0,Male
5481,371867.0400000000000,438037.3440000000400,4089772.0799999996000,3830875.7760000005000,978974.3520000001000,2,2,1,55,4,
9275,1032259.3840000002000,467308.4000000000000,1383986.6040000000000,1226223.2320000000000,196046.0840000000300,17,2,4,72,2,Male
6864,1243687.8480000002000,727237.8360000000000,3917130.9839999997000,5528329.8720000000000,345902.5440000000500,7,2,2,61,1,
2643,1269428.3712000000000,1030370.0352000000000,876547.2672000001000,447434.8032000001000,238323.7824000000300,14,4,3,41,0,Male
2423,1823427.3024000004000,424260.0384000001000,1990739.8368000002000,3656086.1568000005000,576718.7712000001000,4,4,1,40,1,Male
6151,1739471.3856000002000,331704.8064000000000,1794043.1231999996000,566180.8128000001000,324048.3840000000000,19,4,4,58,3,Male
6236,416535.7440000000000,179061.6480000000400,400524.7680000000000,696770.1120000001000,111055.7760000000100,20,5,4,58,1,Male
7300,993061.5552000000000,1549808.3952000000000,4979393.2655999990000,5757512.7168000005000,473253.9552000000000,19,4,4,63,0,Female
8557,537093.1280000000000,168813.4240000000300,651063.9720000001000,663006.4480000002000,316354.7400000000000,22,2,5,69,1,Male
107,564260.4240000000000,241949.6040000000000,4608007.0919999990000,321041.7599999999500,918649.0560000000000,11,1,3,65,3,
9018,1275869.3376000000000,479149.6320000000400,3483813.7152000004000,4737130.4448000000000,882190.1088000002000,2,2,1,71,1,Male
506,1526501.8080000000000,1209919.7760000000000,1798801.5240000000000,1849431.7920000000000,1472133.9360000002000,1,1,1,65,4,Female
3861,1829989.4976000004000,549614.1024000001000,2335878.3888000000000,2954858.2272000000000,915334.5168000001000,19,4,4,47,2,Female
803,630103.4064000002000,385419.4344000000000,1136233.3320000002000,476975.1168000001000,415515.3912000001000,13,3,3,65,2,Male
7197,682611.6960000001000,291637.4760000000000,2180061.4680000000000,3950534.0160000000000,1014681.5640000000000,21,1,5,63,0,
2324,1087876.1520000000000,544134.1752000002000,1329444.2304000000000,628587.2736000001000,214178.8176000000400,25,5,5,40,4,Male
1826,326146.6400000001000,119129.3600000000200,327773.7600000000000,898682.2400000001000,303725.8000000000000,15,5,3,38,0,Male
1278,1332733.5360000000000,1049346.4320000000000,1861370.9279999998000,5403326.3999999990000,629765.7119999999000,12,2,3,35,1,Female
9947,2379236.3712000004000,659653.3008000000000,2101147.7760000000000,593413.5168000000000,515523.7152000001000,1,1,1,75,0,Female
1632,2214779.0400000000000,1221986.3040000000000,424830.0959999999600,1697109.1199999999000,600898.6079999999000,7,2,2,37,1,Female
3235,1483979.1120000002000,584040.3624000001000,2325378.3696000003000,1467128.0448000003000,188678.7936000000600,10,5,2,44,2,Male
2119,111891.6480000000000,743072.2560000002000,561708.5760000000000,2006760.9600000000000,699501.9840000000000,12,2,3,39,4,Male
7813,2337170.5344000002000,441189.5904000001000,3729062.9376000000000,3197739.4176000007000,968883.9264000001000,18,3,4,66,4,Male
7964,431276.6016000000500,341889.4752000000400,3004182.2304000000000,1237187.3280000000000,1175977.0464000000000,13,3,3,67,0,Male
2456,1982389.3056000005000,305647.0560000000400,103634.7840000000000,3922146.6240000003000,757935.3408000001000,22,2,5,40,0,Male
4616,2159869.9680000000000,960529.9680000000000,1688864.9040000000000,1810018.2240000000000,835156.2240000000000,20,5,4,51,5,
8717,498705.4800000000000,234154.2320000000500,681744.6480000000000,2063536.3840000000000,200110.0920000000300,8,3,2,70,5,Male
6244,1736340.7104000002000,1139137.2288000002000,2440766.4768000000000,1413105.4080000000000,971866.2527999999000,18,3,4,58,0,Male
298,642688.3008000002000,1077654.6144000000000,3178519.3440000000000,399443.3664000000600,1035087.3312000000000,23,3,5,65,1,Male
2988,2499048.6048000003000,488887.1856000001000,167469.0336000000000,1958380.3007999999000,859666.5791999999000,24,4,5,43,2,Female
5551,635477.5296000000000,891539.2512000002000,2185388.1215999997000,1216800.0000000000000,678614.8607999999000,18,3,4,55,1,Male
7470,2804897.3472000000000,1739324.4336000000000,2804681.5056000000000,4717532.8512000000000,1179770.3424000000000,6,1,2,64,0,Female
6958,2148371.5968000000000,615949.4016000001000,1784851.6608000000000,3275851.7376000010000,231618.5664000000400,14,4,3,62,4,Male
7914,638995.9680000001000,987335.2320000001000,142527.2160000000000,2949781.1200000000000,265514.8080000000000,13,3,3,66,1,Male
1319,347732.7360000000300,422477.7600000000700,631597.8240000000000,3529146.6240000003000,492772.8960000000700,9,4,2,35,1,Male
1284,805950.7200000000000,1173901.5360000000000,2223488.4480000000000,2345156.9280000003000,180486.0000000000000,12,2,3,35,0,Female
7945,358496.9440000001000,375467.6640000001000,424423.7400000000500,1654598.1920000003000,383059.3520000001000,3,3,1,66,0,Male
5297,644844.0240000000000,593434.2960000001000,2912636.5559999994000,1849337.1360000002000,444309.0840000000300,23,3,5,54,0,
5790,530397.3312000001000,356643.4752000000400,2077095.3120000002000,3197514.3552000000000,532831.3920000000000,20,5,4,56,1,Male
260,1824678.8352000006000,716195.2512000000000,2678973.5232000000000,2562279.2832000004000,1148573.9616000003000,11,1,3,65,5,Male
2493,398299.3344000001000,808864.7688000002000,145812.1500000000000,1816780.3632000003000,222915.1320000000000,1,1,1,41,1,Female
7183,744194.2560000000000,516783.1240000000700,1182859.2360000000000,2059438.9920000003000,487245.4600000001000,8,3,2,63,4,Male
4147,2718991.7568000006000,161813.5200000000000,532206.8928000000000,1437232.2624000001000,474222.9888000000000,12,2,3,49,0,Female
6564,1248813.9456000002000,296601.0528000000000,855585.9935999999000,2239203.0336000000000,292738.4928000000000,18,3,4,60,3,Male
9334,2360582.2656000000000,208026.4992000000500,3457826.6112000006000,1090339.6608000002000,761376.0960000000000,22,2,5,72,1,Male
1860,1811129.4720000000000,323320.1760000000400,3533416.9919999996000,283381.0560000000000,1288189.1520000000000,22,2,5,38,4,Female
3001,283861.1600000000300,320675.7400000000500,574199.7360000000000,756618.0160000002000,402037.4160000001000,10,5,2,43,2,Male
8947,1611691.9520000003000,806988.2080000001000,998483.3040000001000,3380107.3280000000000,981119.7760000001000,19,4,4,71,5,Male
7772,1841650.0960000001000,400939.1360000000600,1433862.4560000000000,3260803.1040000003000,182810.1600000000300,18,3,4,66,0,Male
7142,1098654.3360000001000,212469.2856000000600,2164940.2007999998000,2126419.4016000004000,315806.1192000001000,25,5,5,63,5,Male
8439,176556.0160000000600,176194.6680000000300,1061517.9120000000000,1582359.1680000003000,136911.8920000000200,7,2,2,68,0,Male
7283,779684.7552000001000,679609.6320000001000,2210293.2384000000000,4404176.5248000000000,204659.7696000000300,4,4,1,63,1,Male
6397,2493009.5039999997000,397494.8640000000000,1121295.7440000000000,3294631.8720000000000,1003035.6000000000000,1,1,1,59,2,Female
3447,562338.6560000002000,280522.4840000001000,147912.8640000000300,415920.7360000000300,292276.2480000001000,23,3,5,45,2,Male
8642,1097293.5792000003000,762995.3760000002000,1390959.3672000000000,2195496.9504000000000,821821.7592000002000,10,5,2,69,1,Male
5566,163902.8160000000000,880748.4959999999000,2940592.0319999997000,5459446.6559999995000,1052980.2720000000000,4,4,1,55,0,Female
1120,1504827.6480000000000,818711.2320000001000,338999.9040000000000,152068.2240000000200,649425.2160000000000,12,2,3,34,0,Male
4022,1114548.9696000002000,435917.2752000000300,1525804.9488000001000,824599.6704000002000,290588.9976000001000,8,3,2,48,0,Male
3947,1444158.5664000004000,669875.5008000002000,3095803.1808000000000,222437.1072000000600,112248.8928000000000,14,4,3,47,0,Male
1900,499731.7600000000700,231183.1600000000300,1026100.8000000000000,419028.9600000000000,314185.8800000000600,10,5,2,38,1,Male
5539,257337.3120000000300,371580.4800000000000,652544.6400000000000,226855.2960000000000,335089.9200000000000,5,5,1,55,2,Male
7617,3416949.9935999997000,1829856.7872000001000,1653232.4640000000000,693848.5632000001000,1715920.3152000000000,16,1,4,65,1,Female
5045,835194.2400000000000,505958.1840000000000,2925173.7359999996000,1181885.9040000000000,802308.2400000000000,3,3,1,53,5,
5371,115280.5440000000000,252568.6560000000200,280752.4800000000000,625033.5360000001000,297101.6640000000500,5,5,1,54,0,Male
1234,1348943.2200000000000,120584.9700000000200,254877.8400000000000,2153159.6400000000000,213278.8500000000000,5,5,1,35,3,
8546,664288.1856000000000,1195364.4768000000000,146223.2304000000000,374218.0416000000000,1314073.6128000000000,6,1,2,69,1,Female
4346,1959429.3840000003000,242985.6990000000500,1603985.3280000002000,1163313.7560000003000,266530.5720000000400,10,5,2,49,0,
4116,804593.0112000001000,413344.9056000000600,1612528.7904000000000,1797608.1024000004000,733412.8032000001000,18,3,4,48,0,Male
176,301785.3696000000300,692671.6992000000000,1568761.4592000000000,4100089.3440000005000,311666.5344000000000,19,4,4,65,0,Male
5563,2516042.8800000000000,958504.3200000000000,2180040.9120000000000,2159733.3120000000000,578238.6240000000000,16,1,4,55,0,Female
8800,1708459.6464000002000,407430.0360000000000,560856.1608000000000,2612582.6688000006000,355043.3328000001000,9,4,2,70,1,Male
1463,1727779.8600000000000,127373.2200000000200,296166.2400000000000,2945117.8800000004000,518481.1800000000500,2,2,1,36,3,
5713,327612.2880000000600,343077.4560000000000,1134024.3360000000000,754224.5760000001000,468730.0800000000000,15,5,3,56,1,Male
9639,2023611.7824000000000,244774.4832000000200,1876045.7664000000000,3959398.3104000010000,314390.1696000000000,22,2,5,74,4,Male
972,1992525.9120000002000,1073420.8560000001000,879374.8800000000000,2221813.5840000000000,482398.0920000000000,5,5,1,34,1,Female
4725,485337.0959999999600,479712.4560000000000,2199208.6440000000000,768940.5600000000000,661583.3760000000000,1,1,1,51,2,
4837,1868201.0640000000000,701849.3400000000000,1613252.3760000000000,3304104.0480000004000,952445.7360000000000,18,3,4,52,5,
8816,1104729.3504000000000,1005647.3856000002000,1650232.9583999997000,5089118.1120000000000,449814.6432000000000,16,1,4,70,2,Female
4179,914548.5360000002000,464921.9520000001000,2313254.9880000000000,4490491.6320000000000,453804.6480000000400,11,1,3,49,5,
7790,1001120.1408000000000,345721.3344000000500,2430660.1176000000000,1584219.6864000002000,880896.6504000002000,25,5,5,66,1,Male
9622,3294120.9599999995000,802950.9696000001000,4994966.4336000000000,1522891.4688000000000,916648.7616000001000,21,1,5,74,4,Female
5925,1729771.2000000002000,524902.2720000001000,2662165.4400000000000,1819324.8000000000000,366385.0560000000400,10,5,2,57,3,Male
5958,727312.1760000000000,952750.9439999999000,1779300.4319999998000,1327113.5040000002000,419165.9280000001000,23,3,5,57,3,
8666,2226851.3280000000000,151085.1263999999800,2529755.6544000000000,3042568.5888000005000,717169.0656000002000,7,2,2,69,0,Male
8124,1258874.8224000002000,227271.2832000000300,1491448.9824000003000,308753.2032000000500,817104.9120000001000,8,3,2,67,1,Male
7375,768982.0320000000000,1493099.7120000000000,319151.1024000000000,7289050.5792000005000,319503.7872000000000,2,2,1,64,4,Female
6098,834314.4000000000000,503402.1120000001000,1165174.8479999998000,2769893.5680000000000,526390.2720000000000,8,3,2,58,4,Female
8023,1018622.5920000002000,755928.2640000001000,382666.2840000000000,313417.7280000000000,304142.4360000000500,16,1,4,67,4,Female
4515,1985265.5040000002000,994253.7599999999000,1744212.9600000000000,3436966.6560000000000,100494.0000000000000,20,5,4,50,1,Female
7399,2977112.3616000000000,214957.4544000000000,3441735.2735999995000,6884369.8560000000000,476108.9423999999400,9,4,2,64,1,Female
9945,303585.6720000000000,1186685.2920000001000,4639946.6879999990000,3311785.7760000005000,944383.5959999999000,6,1,2,75,1,Female
9104,136944.0384000000000,1028565.7824000003000,2799288.0864000000000,811909.3632000000000,566950.3008000001000,7,2,2,71,1,Male
3995,400783.2048000000700,351180.6408000000500,2016094.9248000002000,2150968.0896000000000,221177.0880000000200,15,5,3,48,4,Female
5817,1341721.6704000002000,709159.9680000000000,653993.7407999999000,1152882.8928000003000,847965.6288000002000,23,3,5,56,0,Male
3303,1813798.2720000003000,730735.8432000002000,2474238.7296000000000,1064271.8592000003000,127325.2992000000200,24,4,5,44,0,Male
9879,1517957.6256000001000,892003.4136000001000,1603556.9784000000000,2449316.1888000006000,713543.2200000001000,8,3,2,75,1,Male
3061,202044.2688000000500,789002.1216000001000,237737.8080000000500,154899.0432000000400,756189.7200000001000,18,3,4,43,0,Male
4394,2227528.8576000000000,1458856.3968000000000,875072.6784000000000,6654666.2400000000000,1272114.3743999999000,9,4,2,50,4,Female
3562,230705.7280000000300,435041.5520000001000,1526972.8320000002000,2025179.2000000002000,531137.4640000000000,8,3,2,46,0,Male
7130,2718019.5120000000000,656950.4760000001000,700303.9680000000000,3380319.6960000000000,317199.0120000000000,10,5,2,63,0,Female
4207,1642598.4960000000000,383281.4304000000000,1939374.2016000000000,1406161.9968000000000,456425.3760000000500,6,1,2,49,3,Male
2553,788954.9580000001000,870432.4530000002000,2942161.5960000000000,1486765.3680000002000,607983.8490000000000,10,5,2,41,3,
5531,276816.4416000000000,566410.7520000001000,1960191.4464000002000,1067507.9424000003000,680025.8016000000000,9,4,2,55,2,Male
5382,3348762.7391999997000,1095187.7375999999000,1073974.4640000000000,207214.1568000000000,171294.5663999999800,21,1,5,54,0,Female
5227,294176.5632000000000,502522.7904000000000,3044692.4543999997000,3086939.7504000003000,918569.8944000000000,19,4,4,53,0,Male
4982,1463877.2159999998000,1384986.8159999999000,373759.9200000000000,3332987.1359999995000,140551.1999999999800,1,1,1,52,0,Female
2109,1474547.6800000002000,468557.7600000000700,968735.2799999999000,362671.6800000000500,185855.4400000000300,25,5,5,39,4,Male
1182,1365707.1360000000000,817698.7200000001000,1827191.8079999997000,3208491.2640000010000,289984.4160000000000,19,4,4,35,4,Male
8223,601007.0976000001000,907260.8688000000000,1220783.0543999998000,1359845.5104000003000,1565648.8848000000000,16,1,4,68,0,Female
4844,670207.4880000000000,534861.9840000000000,901047.1680000001000,540504.1920000002000,446569.4399999999400,15,5,3,52,1,Male
6233,1967904.9216000000000,369651.2256000000000,2552977.2671999997000,1430129.6639999999000,145361.5488000000200,4,4,1,58,1,Male
6637,1579870.3440000000000,1380793.9080000000000,1844333.7120000000000,6049373.6160000000000,893540.3880000002000,6,1,2,60,1,Female
4212,1113758.5536000000000,1248477.4368000003000,3878940.7007999998000,948517.5744000000000,429252.7536000001000,17,2,4,49,1,Female
7015,2277782.9100000000000,689934.4920000000000,1344301.9200000002000,1814200.5960000001000,697895.4060000001000,9,4,2,62,3,
2591,1364660.7040000001000,168943.4560000000300,2220381.7680000006000,499768.5440000000500,450410.4880000001000,11,1,3,41,1,Male
1121,372042.7200000000300,798186.4200000000000,849760.7400000000000,1829797.5600000000000,817657.8300000001000,4,4,1,34,0,
8354,295733.5680000000000,135861.4400000000300,1443992.7840000000000,750240.6080000001000,358044.8560000001000,13,3,3,68,2,Male
7533,1761927.6480000000000,920856.8928000001000,684922.8672000001000,2946957.8112000003000,275508.9792000000000,18,3,4,65,0,Male
3848,846458.2720000001000,218944.7040000000600,2008193.8800000001000,3497777.8880000003000,705932.5680000002000,20,5,4,47,3,Male
6173,2811807.4752000000000,594040.7808000000000,1205388.8639999998000,451367.4239999999400,497128.3199999999500,21,1,5,58,2,Female
9361,583741.4544000000000,463847.5296000000700,2347504.5672000000000,2347297.8048000005000,208138.3200000000000,23,3,5,72,0,Male
7161,1407098.1600000000000,1239472.8840000000000,2600927.7839999995000,4229480.7360000005000,750121.4760000001000,4,4,1,63,4,Female
4184,350356.0896000000600,270609.1344000000000,4252249.7424000010000,3497218.5599999996000,311898.3120000000000,24,4,5,49,1,Female
9915,2047442.5296000002000,1148336.9352000002000,3707812.2276000003000,976131.0000000000000,361496.8656000001000,16,1,4,75,2,Female
224,332103.6576000001000,508282.6320000000000,161828.6904000000200,3523973.7312000003000,650410.3008000002000,23,3,5,65,0,Male
287,629776.1808000002000,638688.7728000002000,2207688.9120000000000,3314202.6528000003000,372612.6144000001000,24,4,5,65,4,Male
7,1261115.4816000003000,934872.8688000000000,4976282.5632000000000,4176491.9039999996000,1245555.4176000000000,16,1,4,65,0,Female
1283,446929.0560000000000,298669.8239999999600,4199052.5279999990000,4671510.9120000005000,570133.7280000000000,3,3,1,35,1,Female
11,2591176.7232000004000,1243977.8832000000000,3127094.9424000000000,7218634.9248000010000,1134751.5504000000000,1,1,1,65,0,Female
3628,422527.6880000001000,182518.8200000000400,861969.9000000000000,995668.9600000002000,361762.0160000000600,5,5,1,46,1,Male
3151,170128.8160000000200,528115.2800000001000,2016617.8560000000000,1765415.5200000005000,465732.1680000000600,14,4,3,44,4,Male
6547,362535.1600000000300,272008.9320000000300,784260.2040000000000,379324.1920000000400,300593.5400000000000,7,2,2,60,4,Male
7405,3376102.9536000000000,551897.6112000000000,4511499.0336000000000,1565418.8160000000000,328880.2608000000000,16,1,4,64,1,Female
4883,428531.0400000000000,792167.7599999999000,2570586.1920000003000,428367.7440000000600,466868.7360000000300,25,5,5,52,4,
4974,637709.6448000000000,345758.5152000001000,2815483.6223999993000,1652762.8800000001000,429371.0208000000600,24,4,5,52,1,Male
6118,281041.9200000000000,312235.4880000000700,105344.4960000000000,525096.5760000000000,378552.1440000000300,15,5,3,58,4,Male
9511,1693627.7904000005000,103795.0056000000200,230795.4168000000000,2674126.5408000005000,351384.6024000001000,3,3,1,73,2,Male
2864,2150553.5040000000000,301041.9720000000000,966940.9200000000000,1150292.3520000002000,543863.2320000001000,20,5,4,43,0,Female
5260,305298.1440000000300,348039.6480000000400,560000.4480000000000,1286158.6560000002000,405513.7440000000000,20,5,4,54,5,Male
8846,1379714.7520000003000,739301.2640000002000,1671647.0160000000000,1006620.5760000000000,642374.5120000001000,23,3,5,70,1,Male
7632,1486404.6912000005000,182809.4112000000300,618056.8056000000000,3201206.1120000007000,311829.0552000000600,1,1,1,65,1,Male
2966,315948.2304000000600,639084.3360000001000,2547683.1072000000000,1891549.4400000002000,805573.7184000000000,2,2,1,43,3,Male
7938,1417232.7936000000000,1133919.6336000000000,839913.7968000000000,4897080.1152000000000,645684.4368000000000,16,1,4,66,0,Female
8841,750193.8912000002000,633362.2776000001000,2734357.6728000000000,3325065.4944000007000,419498.0712000001000,2,2,1,70,2,Male
8038,2452236.3840000000000,1237486.4736000001000,1954357.8912000000000,3600279.3216000010000,663395.3664000000000,7,2,2,67,4,Male
1163,2304342.7200000000000,472104.6000000000000,3044688.1200000000000,1831050.7200000000000,547423.7999999999000,14,4,3,35,4,Female
647,1371305.5199999998000,327036.7152000000400,2164444.0272000000000,4152455.4239999996000,1343004.8111999999000,11,1,3,65,0,Female
4527,2188680.9984000000000,322126.6752000000000,4797155.4048000000000,3068143.4879999994000,353768.2560000000000,14,4,3,50,0,Female
4759,207428.9040000000400,302381.8560000000000,2162702.2679999997000,1108582.8480000000000,765247.9320000000000,6,1,2,51,1,
1171,345367.4400000000600,553882.5360000001000,985671.0719999999000,1046488.3200000001000,639008.8560000001000,20,5,4,35,4,Male
2692,648199.7279999999000,1457630.2224000000000,2906908.1712000000000,6101155.5264000010000,682969.1616000001000,19,4,4,42,4,Female
5856,1489208.7168000003000,614859.4656000000000,1706101.8336000000000,469284.7104000000400,731746.7424000001000,5,5,1,57,0,Male
2460,1695178.7424000003000,1124897.7168000000000,700150.1760000000000,3913021.0944000000000,186533.2656000000000,1,1,1,41,0,Female
4178,1216589.0880000000000,864918.9120000001000,1370656.1879999998000,1307455.7760000003000,489403.2000000000700,14,4,3,49,5,
9903,1142408.3580000002000,1050050.8980000000000,2819486.1240000000000,4586719.6440000000000,800052.7860000001000,21,1,5,75,3,
1979,457492.5600000000600,1188483.4800000000000,3216862.8000000000000,3619225.9200000000000,286308.2400000000000,9,4,2,38,1,Female
9394,747818.2400000001000,509209.0120000001000,417948.9600000000000,2026852.0480000004000,232845.0800000000500,23,3,5,73,0,Male
3596,237787.3520000000700,420644.9720000000700,1290765.8280000000000,651962.4320000000000,227032.3440000000400,25,5,5,46,4,Male
8304,1321154.4528000003000,106927.7976000000200,113138.2512000000100,3643302.8736000000000,612600.9552000001000,2,2,1,68,1,Male
2348,719149.0240000002000,383854.8560000001000,1211661.6600000001000,725656.9760000003000,355003.3960000000700,15,5,3,40,3,Male
4439,2192843.8080000000000,801356.4000000000000,3455140.7519999994000,5691175.4880000000000,1272143.2320000000000,9,4,2,50,1,Female
2620,467848.8144000001000,681015.3768000001000,598800.7080000001000,830205.1296000002000,497580.3360000000700,13,3,3,41,1,Male
9201,864060.7872000000000,379587.5616000001000,1256849.9424000000000,1001261.4144000001000,1017702.9408000002000,7,2,2,72,4,Male
6110,293868.5184000000000,776334.1824000002000,1749237.4656000002000,462171.8016000000600,823503.5136000001000,22,2,5,58,4,Male
5153,546494.9040000001000,429541.4880000000000,1911210.5520000000000,3470780.8800000000000,558172.2960000000000,9,4,2,53,2,
2026,1114549.4400000002000,794052.0800000001000,919955.0400000000000,414783.6800000000500,761364.0800000001000,25,5,5,38,0,Male
4230,647927.6320000001000,238416.1120000000800,1277253.3840000003000,1707573.2960000006000,415512.2400000000500,20,5,4,49,3,Male
734,2385925.4016000004000,633358.1280000000000,1109419.4592000000000,2210700.2112000003000,316427.0304000000500,19,4,4,65,4,Male
1025,1429990.2720000000000,1043791.3440000000000,2336433.5519999997000,1710395.1360000000000,1367353.2960000000000,22,2,5,34,2,Female
970,1672450.3680000000000,698696.9280000001000,2372320.2240000000000,1320883.9680000000000,599392.4160000000000,24,4,5,34,3,Male
159,988467.2928000000000,1009063.7856000001000,5449903.9920000000000,6156703.9871999990000,1499507.7552000000000,21,1,5,65,0,Female
9182,2632337.6976000005000,836123.2776000000000,3727746.7811999996000,399165.6240000000000,654163.8948000000000,11,1,3,72,1,Female
1000,814672.9440000000000,414786.0240000001000,740247.7680000000000,1075424.8320000002000,360394.3440000000400,5,5,1,34,3,Male
7233,1443161.4912000000000,1103101.4592000000000,4019802.5088000000000,3725482.1760000000000,1644280.5600000000000,14,4,3,63,2,Female
722,2012822.7600000000000,212684.7840000000000,863611.1640000001000,734146.6080000001000,738237.2400000001000,10,5,2,65,4,Female
1971,2262128.8800000000000,236378.1600000000000,3480551.6399999997000,1344603.3600000000000,946500.1200000001000,4,4,1,38,2,
255,1183026.8736000003000,693408.7368000001000,2748876.4368000003000,693222.9408000002000,807361.8696000002000,23,3,5,65,5,Male
7710,1573705.0368000001000,347296.5600000000000,1190881.0368000001000,1095184.3968000000000,789690.7200000001000,2,2,1,65,1,Male
1812,1079869.1200000000000,675196.2400000001000,138674.1600000000000,493084.1600000001000,700582.7200000001000,15,5,3,38,0,Male
5846,296047.2960000000300,431816.3999999999700,2453333.1840000000000,884831.0399999999000,546778.9440000000000,16,1,4,57,0,Female
5132,720636.4800000000000,547836.9120000000000,2949601.8239999996000,1480957.0559999999000,249186.2399999999600,1,1,1,53,2,Female
3333,980272.9200000000000,704481.7560000002000,1957939.6319999998000,3948609.9840000000000,639004.0800000000000,5,5,1,45,0,Female
6087,1537470.3360000001000,255420.7679999999800,2161916.0640000000000,1701149.5680000000000,388132.1280000000000,15,5,3,58,1,Male
708,401477.5440000000500,394418.9340000000000,1776393.4500000000000,291559.3200000000000,434024.0190000000300,6,1,2,65,5,
7631,758292.0384000001000,1028141.7119999999000,2396778.5088000000000,3857621.9136000000000,1136029.3152000000000,25,5,5,65,1,Male
9703,574171.0000000000000,480973.5320000000600,296359.2840000000000,393349.6320000001000,478745.5920000001000,13,3,3,74,2,Male
2567,397994.0800000001000,196873.8640000000600,1037763.6720000001000,504482.3520000001000,283476.1600000000300,15,5,3,41,2,Male
627,559627.9104000002000,1085359.0176000001000,1369191.2832000000000,144694.6176000000300,914254.2240000000000,6,1,2,65,0,Male
2831,1724817.2832000002000,874200.2544000002000,1417911.7392000000000,4292188.4016000000000,798447.0780000001000,23,3,5,42,0,Female
8950,849724.3872000002000,360650.7216000001000,390088.2023999999500,2531842.5600000005000,132020.8344000000000,3,3,1,71,5,Male
3568,176648.1024000000300,835968.2496000001000,2016233.6831999999000,3158652.2880000000000,356287.7472000000400,7,2,2,46,5,Male
8088,899858.2320000001000,423849.1920000001000,365707.9920000000000,269311.9520000000500,423384.3640000000600,19,4,4,67,3,Male
1931,1241926.2720000000000,1394393.7600000000000,966700.2239999998000,3628310.9760000003000,293546.0160000000000,2,2,1,38,2,Female
4097,315605.0304000000000,530842.1184000002000,943629.9444000000000,3258256.3200000003000,862109.8596000001000,5,5,1,48,1,Female
291,722531.0560000001000,552329.1280000001000,2439758.8800000004000,1782509.2480000006000,778830.7280000001000,3,3,1,65,4,Male
7748,1440406.6560000002000,800772.7104000001000,1465359.8544000000000,2482937.6832000003000,742527.0216000002000,8,3,2,65,0,Male
4734,2451855.4560000002000,907264.9440000001000,330971.6160000000000,4053184.1279999996000,1148275.4400000000000,1,1,1,51,0,Female
2102,901971.3599999999000,694929.4560000000000,3364145.5679999995000,3847704.7680000000000,1366296.3360000000000,17,2,4,39,4,Female
5303,3204834.1632000003000,1690284.8448000000000,2207105.1071999995000,4392013.3632000005000,909624.3840000000000,16,1,4,54,1,Female
437,2074374.8064000000000,265427.1360000000000,2440337.8896000000000,6203210.4576000010000,1190699.2656000000000,6,1,2,65,0,Female
144,1174287.1296000003000,309628.6752000000600,1846818.9792000002000,2910540.1728000003000,753897.2064000001000,4,4,1,65,2,Male
7681,583872.0576000001000,571058.5920000001000,2511520.8768000000000,3609532.4928000006000,147471.5424000000000,16,1,4,65,2,Male
3609,1757530.8960000006000,169577.1440000000300,1823616.4320000000000,1290275.3600000003000,450092.0160000000600,15,5,3,46,3,Male
4857,1600326.1440000000000,1375339.3919999998000,423714.6719999999600,1057205.3760000000000,163378.9440000000000,19,4,4,52,4,Female
5900,1152995.0976000002000,1036068.8256000001000,624590.4383999999000,4226249.7792000000000,889426.1376000001000,24,4,5,57,4,Male
8173,1407533.5872000004000,488455.9056000001000,2429981.7048000004000,2091451.9392000004000,376678.2240000000500,14,4,3,67,0,Male
1253,1367210.7360000000000,630332.4240000001000,171551.5200000000200,2751310.3680000007000,233537.9760000000500,10,5,2,35,2,Male
7825,387769.3248000000600,1176580.4544000002000,2449793.9232000000000,2018763.3024000000000,635254.2144000000000,9,4,2,66,3,Male
563,907479.9760000000000,395789.2640000001000,1513125.4320000000000,1716110.0320000001000,337379.6920000000400,8,3,2,65,3,Male
6985,3064550.4864000008000,1111079.7360000000000,592701.4079999999000,588745.4976000001000,904657.6656000002000,19,4,4,62,1,Female
4613,510100.7040000000000,782478.5760000000000,2454358.3200000000000,3675263.0399999996000,826354.6560000000000,21,1,5,51,5,
4525,2683311.3216000000000,1251858.5856000000000,4581991.9295999985000,4593661.9776000000000,1378581.4656000000000,6,1,2,50,0,Female
6970,1652662.5024000003000,117281.2992000000200,217954.3392000000200,2250216.8832000005000,154999.4784000000200,19,4,4,62,0,Male
2824,363171.7760000000700,266319.5920000000600,114538.5120000000200,1677432.0640000002000,408773.0240000001000,8,3,2,42,1,Male
4441,804962.0160000001000,1220606.6400000000000,2382197.9039999996000,962363.5199999999000,1272550.0320000001000,4,4,1,50,1,Female
9084,1470980.4720000000000,335657.7120000000000,2706926.5080000004000,1299734.5920000002000,803380.5000000000000,1,1,1,71,0,Female
3368,1371009.3408000001000,356770.8144000000300,1106410.0608000000000,1218586.4064000002000,125667.1152000000100,19,4,4,45,4,Female
9479,1078621.1904000000000,577501.2672000001000,739450.8575999999000,2808371.4048000000000,226757.1072000000600,14,4,3,73,3,Male
8079,319053.9456000000400,1015422.0960000000000,339153.2352000000000,2711206.6176000010000,506398.8384000000700,17,2,4,67,1,Male
3154,530627.1520000001000,488291.6720000001000,1648521.8640000003000,2279844.5120000006000,387102.4080000000500,15,5,3,44,4,Male
6983,2331255.8880000003000,587525.9520000000000,940389.8400000001000,4018536.2880000006000,560348.8800000000000,1,1,1,62,1,Female
5910,1936691.0208000000000,249494.8608000000200,1306854.2591999997000,3838081.5359999994000,353371.3920000000500,24,4,5,57,4,Male
3816,340109.8272000000600,542273.6880000001000,2282013.9936000000000,2900949.3216000010000,150954.9624000000500,10,5,2,47,4,Male
6597,1213778.5920000000000,293177.7888000000400,3474790.6752000000000,3064063.6416000007000,424039.5744000001000,2,2,1,60,3,Male
1434,1215794.0159999998000,520128.4320000000300,2867964.1919999993000,4268031.5520000000000,1305079.6320000000000,4,4,1,36,1,Female
5865,1420405.4592000000000,477811.7856000000600,2087580.4704000002000,2573857.0368000004000,698803.9776000001000,10,5,2,57,5,Male
6160,1320901.2480000001000,933146.2080000001000,200677.2480000000000,2102049.4080000003000,301565.3760000000500,15,5,3,58,3,Male
5795,155115.8400000000000,165710.7840000000000,997283.3760000000000,1666405.4400000000000,390276.2400000000000,10,5,2,56,1,Male
3416,1433242.2720000003000,481348.7712000000000,1029525.5520000001000,2777827.8528000010000,424143.6672000001000,8,3,2,45,1,Male
2859,1128602.9700000000000,452090.7270000001000,263287.2330000000700,3020796.1080000005000,580975.6590000000000,21,1,5,42,0,
1216,537541.9200000000000,171359.1360000000300,783979.1279999999000,1070563.6800000000000,238457.2320000000500,25,5,5,35,1,Male
9346,1470650.6879999998000,404781.6240000000000,2175002.1071999995000,2980568.4480000000000,783789.1776000000000,21,1,5,72,0,Female
8113,373869.8496000000000,318389.2608000000000,1189781.0496000000000,2446169.8560000000000,1023418.7808000002000,1,1,1,67,2,Male
4588,1200671.7120000000000,379539.9360000000500,2441050.1280000000000,2253471.5519999997000,329044.6080000000000,6,1,2,51,0,Female
2085,361700.6400000000000,397324.2240000001000,1464891.2640000000000,1695069.7920000001000,200110.4640000000400,10,5,2,39,5,Male
9135,750963.2000000001000,747856.2000000001000,1587995.1360000000000,3768950.8480000007000,972752.6640000001000,25,5,5,71,0,Male
5768,579926.5199999999000,112052.2680000000100,2331314.7840000000000,1376171.8560000001000,799543.0080000001000,25,5,5,56,2,
7792,1358690.6112000002000,943810.2336000002000,1095555.0528000000000,4035189.3504000003000,780691.5168000000000,1,1,1,66,1,Male
313,689395.0752000001000,1473487.1424000000000,3030103.2528000004000,4828837.4784000000000,236475.3456000000300,11,1,3,65,1,Female
826,372235.2192000001000,783399.1464000002000,1486666.6776000000000,935683.6320000001000,300268.4256000000000,8,3,2,65,0,Male
9191,784582.6560000000000,399249.0528000000600,2256801.9552000000000,3155620.4160000000000,841089.4752000002000,21,1,5,72,4,Male
2954,2001508.1856000000000,498317.8464000000400,1012062.9024000000000,3569518.0224000006000,886506.1920000000000,16,1,4,43,1,Female
5118,1041709.5936000000000,701214.9696000000000,129975.3216000000100,127671.2064000000100,350991.7920000000000,3,3,1,53,3,Male
3471,918051.0768000002000,226791.6552000001000,537922.3608000001000,2437025.5008000005000,687031.5672000002000,25,5,5,45,1,Male
7798,1827364.9680000000000,500432.8680000001000,2662579.7639999995000,1935863.9040000000000,1488984.2760000003000,21,1,5,66,4,Female
1738,448488.1800000000000,836991.5400000002000,684200.2500000000000,2028500.2800000003000,191918.1600000000300,25,5,5,37,2,
9243,778690.9728000001000,678154.7448000001000,303382.4976000000000,2091932.2944000000000,502096.9824000001000,17,2,4,72,3,Male
2630,2404539.2448000005000,243274.3632000000200,2653569.0720000000000,786803.8464000000000,321579.8784000000000,25,5,5,41,0,Female
9712,428776.8576000000500,630615.3984000001000,1063302.7392000000000,1437696.0000000000000,1200788.1600000000000,15,5,3,74,2,Male
5718,1019840.0256000003000,778746.5279999999000,329212.7712000000000,2342924.6976000010000,695786.1984000001000,25,5,5,56,3,Male
8036,2119645.1328000003000,168584.2080000000000,1952591.0976000000000,395534.1312000000600,969103.5744000002000,21,1,5,67,4,Male
8705,1384516.5984000002000,936058.5936000001000,3604433.0399999996000,6947758.7712000000000,1357908.9264000000000,16,1,4,70,0,Female
1447,643167.7920000001000,474777.7200000000300,384681.9600000000000,2338237.1520000002000,628246.0800000001000,25,5,5,36,1,Male
9737,1899690.6240000003000,271783.9280000000000,2932375.6800000000000,3811500.1600000000000,396019.7280000000600,13,3,3,74,0,Male
9722,1424420.7744000002000,450663.9072000001000,182833.3728000000400,674974.3104000001000,517496.9280000001000,8,3,2,74,1,Male
5357,251260.1280000000000,1028466.1440000001000,2373843.8880000000000,3686689.1520000002000,856134.5760000000000,3,3,1,54,1,Female
9366,139703.0544000000200,151968.9600000000200,1942962.4656000000000,3201971.3856000006000,136434.2616000000300,25,5,5,72,0,Male
4957,411463.5840000000300,225125.3280000000400,728535.6000000001000,1909564.9920000003000,288580.7520000000400,15,5,3,52,0,Male
9515,1297165.6620000002000,320249.2410000000000,2404137.2940000000000,4050146.4120000005000,893594.7540000002000,21,1,5,73,2,
3614,1286853.9552000000000,209047.9248000000000,996068.1456000000000,2659316.1408000006000,101530.1232000000200,24,4,5,46,1,Female
7418,212506.4240000000300,338494.7800000000000,1165330.9200000002000,2041468.6240000003000,118742.4680000000200,8,3,2,64,3,Male
7120,407333.7216000000500,858807.2064000001000,1872029.5776000000000,3958815.7440000004000,1104522.8064000001000,12,2,3,62,0,Male
5554,1633820.5439999998000,622544.4864000000000,528045.3503999999000,1167288.8832000000000,1545941.2031999999000,6,1,2,55,1,Female
6755,1187985.1776000000000,463502.0832000000500,2988560.0160000003000,1198757.4144000001000,378993.8880000000000,3,3,1,61,4,Male
5158,2314980.7776000000000,459177.7248000001000,2294800.6320000000000,2112886.4255999997000,447653.4336000000500,25,5,5,53,0,Female
5845,2666463.8399999994000,859999.1039999999000,380242.5119999999300,614653.6320000000000,1238655.5999999999000,23,3,5,57,0,Female
6712,1727108.4480000000000,1160300.2944000000000,1248424.4448000002000,1645548.4032000000000,1234554.9216000002000,2,2,1,61,0,Male
1186,425559.6000000000300,162810.5040000000200,1311328.8720000002000,2774702.8800000004000,660446.5680000001000,15,5,3,35,4,Male
2186,302147.1200000000500,140076.2000000000000,617607.9600000000000,1548498.8800000001000,149140.0000000000000,5,5,1,39,2,Male
5586,1094267.8800000000000,616075.4160000001000,356532.1920000000000,3212098.4160000000000,620268.4080000000000,3,3,1,55,1,
36,1050273.7128000000000,1106781.2028000003000,2897122.2696000000000,2031676.1712000000000,441006.5088000000000,1,1,1,65,1,Female
192,1092736.9440000000000,465825.0168000001000,2200547.0448000000000,1581467.8464000004000,438988.3992000000400,3,3,1,65,1,Male
4554,2500293.6000000000000,383689.2960000000300,2868159.0239999993000,277443.6480000000000,904506.3360000000000,18,3,4,50,0,Female
5412,1558751.0399999998000,1281352.2624000001000,668118.0671999998000,4858231.9104000000000,1312540.5888000000000,17,2,4,55,0,Female
3958,909181.1520000001000,739735.7616000001000,110076.7536000000000,782716.4928000000000,1474226.4239999999000,3,3,1,48,0,Female
8617,2970530.1600000000000,864744.9720000002000,4453533.3960000000000,666466.9440000000000,955730.2559999999000,11,1,3,69,1,Female
5603,393095.5200000000000,407272.0800000000000,587552.6880000000000,156002.8800000000000,309198.8640000000000,15,5,3,55,0,Male
444,940177.2640000001000,147418.7520000000400,1720016.6880000000000,1429274.9120000002000,641845.6720000001000,8,3,2,65,0,Male
621,2699644.8960000000000,1485575.5200000000000,1512653.2200000000000,1092645.2160000002000,259872.7560000000000,18,3,4,65,0,Female
5813,183247.4879999999800,181228.6656000000000,4750252.1280000000000,1446032.5632000000000,891567.8208000000000,20,5,4,56,0,Female
9374,938777.2992000001000,1080971.9856000000000,2579942.6640000003000,190316.5056000000000,1525841.3664000000000,11,1,3,73,0,Female
6801,321877.4832000001000,545441.1768000001000,1197921.1608000002000,2564398.8864000007000,909166.6584000000000,23,3,5,61,1,Male
7205,2821421.4912000005000,580486.4208000001000,3021000.8399999994000,5133276.3456000010000,1610118.8064000000000,19,4,4,63,1,Female
288,591183.5904000001000,534376.8768000001000,3384216.2016000000000,699750.6048000001000,1145959.2768000000000,7,2,2,65,4,Male
6733,1227233.5920000002000,960657.9840000000000,2337141.4560000000000,6051239.3760000000000,1127577.3600000000000,21,1,5,61,4,Female
7833,2887976.5200000000000,1059779.1360000002000,1599700.2839999998000,1738369.1520000000000,758446.8840000001000,11,1,3,66,1,Female
4032,2410459.6032000002000,925468.9488000002000,4597225.9344000000000,5074863.5520000000000,399991.0464000000500,21,1,5,48,1,Female
6656,1843139.5008000003000,697995.0432000001000,1019840.1407999999000,4539480.1920000000000,1030207.9008000003000,3,3,1,60,0,Male
5612,838178.8800000000000,108944.1120000000200,1132321.6800000000000,463159.8720000000000,426194.6399999999600,23,3,5,55,0,Male
3179,1479153.9840000002000,155246.8720000000600,965405.7600000002000,1942972.0640000005000,780179.9280000002000,24,4,5,44,1,Male
3037,996342.6000000001000,435483.5760000001000,1218098.7720000000000,3962137.8720000004000,720068.0520000000000,6,1,2,43,1,
7234,3464061.1200000000000,827213.0256000000000,1281119.1120000000000,2253029.8751999997000,1490541.9984000002000,24,4,5,63,2,Female
906,2030459.3280000002000,168243.5520000000000,3889263.1679999996000,5605640.0639999990000,506751.1199999999400,4,4,1,34,0,Female
39,2342084.1600000000000,288468.1800000000000,3139333.7040000000000,2802744.6720000007000,502324.2120000000000,11,1,3,65,4,Female
6076,377049.6000000000000,1095039.2447999998000,553606.6176000000000,553671.4752000000000,460109.2608000000000,23,3,5,58,5,Male
1348,537628.3200000001000,622364.1840000001000,2120256.8640000000000,691631.1360000000000,626814.7920000001000,20,5,4,35,0,Male
7872,885845.7920000000000,926506.5680000002000,1652816.2560000000000,1570969.9200000002000,392601.9760000000000,23,3,5,66,2,Male
8468,870302.7840000001000,183681.3888000000200,3422257.4880000004000,560139.8400000000000,986715.9744000002000,24,4,5,69,0,Male
3,1569349.6000000000000,543454.6000000000000,522311.7120000000600,2371444.6080000005000,865302.1520000002000,24,4,5,65,0,Male
2510,177079.6368000000400,781091.9424000002000,1836561.5136000002000,1759225.2480000004000,774516.7584000002000,13,3,3,41,1,Male
5319,534619.8720000000000,532654.5312000001000,861260.6880000000000,1257399.2448000002000,509177.7504000000000,10,5,2,54,3,Male
3737,345856.0512000000500,325720.7712000000000,2090899.6416000000000,110187.2640000000100,288772.4928000000000,2,2,1,46,0,Male
2218,610955.7120000002000,506659.6080000000000,156174.6960000000000,813061.7280000001000,683783.1360000000000,10,5,2,39,0,Male
1036,1265894.5920000002000,291191.6160000000400,1749763.5840000000000,3396354.0480000004000,233812.4160000000300,9,4,2,34,2,Male
2340,1843661.6352000000000,159246.4896000000300,4286178.5472000000000,5379549.1200000000000,516664.8432000000600,1,1,1,40,1,Female
6003,1465309.4400000000000,1057405.3632000000000,4728648.3263999990000,5847325.2864000000000,1245556.7424000000000,6,1,2,57,0,Female
1057,757761.1200000000000,489332.8799999999500,1367699.9039999999000,2361090.2399999998000,711875.2320000000000,2,2,1,34,0,Female
4544,458270.4000000000000,442847.8080000000000,1004819.7600000000000,849466.3680000000000,234594.1440000000000,13,3,3,50,1,Male
4940,1918288.6560000004000,286016.9400000000000,1363309.3800000000000,1934220.3839999998000,863817.4800000000000,25,5,5,52,2,
5126,2038256.8703999997000,1200369.5424000000000,1955412.5759999997000,2986501.0175999994000,538143.4368000000000,20,5,4,53,2,Female
2730,1010516.2320000002000,1108821.9120000000000,1831618.4040000000000,4522028.5440000010000,1190276.4720000000000,25,5,5,42,1,Female
3692,404165.5199999999600,1056690.2016000003000,4464118.1376000000000,5558861.7216000000000,1114992.6480000000000,19,4,4,46,0,Female
2888,1321253.6832000003000,515807.1864000001000,596534.7168000000000,2798547.8400000010000,278313.3144000000300,25,5,5,43,5,Male
8353,683344.3760000002000,374662.0800000001000,648627.8760000002000,1584048.3360000001000,352388.7120000000600,10,5,2,68,2,Male
9225,869673.1680000000000,1024841.9376000000000,5081662.3103999990000,6429269.4336000000000,485875.5408000000000,1,1,1,72,1,Female
5145,252517.4783999999600,644610.8160000000000,2895750.9504000000000,2344425.9840000000000,937580.1984000000000,13,3,3,53,2,Male
6181,228913.1520000000000,623269.3440000000000,230501.9519999999600,2408171.1360000000000,712122.3360000001000,21,1,5,58,2,Male
7883,162323.3664000000000,639083.4528000001000,3250167.5232000000000,3326528.0256000008000,669187.0848000000000,23,3,5,66,2,Male
8155,1801380.8592000003000,782130.8664000000000,1887838.0560000003000,462445.7760000000700,588069.8928000001000,14,4,3,67,1,Male
8903,1573312.2912000000000,1259927.3232000002000,703840.9247999999000,3753643.0464000003000,1503567.9360000000000,1,1,1,70,0,Female
5494,312311.5776000000000,196050.7008000000200,1446936.3071999997000,1207068.8256000000000,974969.8559999999000,7,2,2,55,1,Male
9918,1747722.4128000000000,1698612.1776000000000,268065.1583999999600,6077194.1568000010000,321422.2128000000400,6,1,2,75,2,Female
752,3437340.5664000004000,1379169.0432000000000,4588082.7407999990000,3169082.5920000000000,1204235.6976000000000,11,1,3,65,1,Female
6617,509639.5200000000000,801396.4608000001000,2092524.2208000000000,4575894.3360000010000,1178641.2768000000000,4,4,1,60,2,Male
3780,688246.7680000002000,679273.7600000001000,873434.4960000002000,3405556.7040000010000,380037.4160000001000,5,5,1,47,5,Male
875,266368.5120000000000,297933.5040000000000,925237.1519999999000,754743.1680000002000,501720.2880000000600,4,4,1,33,0,Male
5261,716193.7920000000000,921659.7888000000000,2898865.1520000000000,1126638.0288000000000,667442.9952000000000,13,3,3,54,5,Male
9010,632638.8432000002000,134257.5936000000200,267680.7432000001000,1821284.1504000004000,426316.8312000001000,4,4,1,71,1,Male
9484,558287.6832000002000,118634.0688000000100,828530.1647999999000,2104707.9456000007000,383679.0360000000000,3,3,1,73,3,Male
9248,917404.1136000002000,831360.4416000003000,1680336.9648000004000,1290878.0352000003000,460204.0560000001000,18,3,4,72,3,Male
8095,1281824.2320000000000,1159167.8280000000000,4600755.4320000000000,2061873.2160000000000,553691.5800000000000,6,1,2,67,3,
2905,378726.4800000000400,414983.8440000000400,1247576.6160000000000,1542472.8000000000000,1083961.4280000000000,15,5,3,43,4,Female
8942,399028.2400000000000,117487.2920000000200,561590.6400000000000,852437.0400000000000,358249.8400000000000,8,3,2,71,0,Male
1388,1723606.6560000002000,110519.3280000000000,2314205.5680000000000,596119.6800000000000,442428.6720000001000,14,4,3,36,5,Male
4360,1605292.4736000001000,999813.9744000000000,3385779.2639999995000,4366220.3712000010000,691537.6944000000000,17,2,4,50,0,Female
5241,266194.3680000000000,151833.6000000000000,2515221.0720000000000,1155425.4720000000000,319653.0720000000000,18,3,4,54,0,Female
4034,1412641.8240000000000,438094.4040000000400,1913456.1600000000000,4023174.6720000003000,117896.5920000000200,14,4,3,48,1,Female
9266,3640523.7024000003000,1770285.6287999998000,2709568.9296000000000,4560982.7328000000000,820121.8896000000000,11,1,3,72,2,Female
9820,1633643.8560000001000,777350.4570000000000,2057024.6190000002000,1436900.8680000002000,836436.2760000002000,1,1,1,75,5,
1840,1482456.2400000002000,772450.8300000001000,846841.2300000000000,956142.3600000001000,589748.4900000001000,18,3,4,38,5,
2433,1371614.6400000001000,558166.2240000000000,738123.8040000000000,3771985.5360000010000,1169657.4120000000000,8,3,2,40,0,Female
4624,2208680.6399999997000,349520.6879999999700,3190585.6799999997000,4444966.6560000000000,1111260.6720000000000,24,4,5,51,4,Female
928,1075698.2400000000000,1048619.4000000000000,3426866.6399999997000,1992065.2800000000000,330882.1200000000500,14,4,3,34,5,
1628,2002992.4800000000000,1062031.2000000000000,3460831.9200000000000,3849800.6400000000000,662078.1600000000000,24,4,5,37,5,
785,2319004.5840000003000,1217552.5440000000000,179603.4239999999700,1108980.2880000002000,1384065.5399999998000,16,1,4,65,2,Female
5429,860024.5632000001000,330356.7936000000300,1666440.8640000000000,1167149.2608000000000,781112.5920000000000,15,5,3,55,0,Male
4208,825130.3104000002000,529577.3472000001000,2680850.9376000003000,3618819.4944000007000,875255.5680000001000,9,4,2,49,3,Male
4421,1811436.8256000000000,1040353.3439999999000,2144127.9743999997000,3406078.7712000003000,653684.1984000000000,22,2,5,50,0,Male
1779,725104.2240000000000,154787.9039999999800,3022425.3600000000000,2606451.8399999994000,748180.2240000000000,7,2,2,37,0,Female
7297,400605.1920000000400,370612.7880000000600,2238838.5239999997000,6094192.4160000000000,777270.9360000000000,4,4,1,63,0,Female
4516,2569412.7360000000000,1109805.4080000000000,1066819.2480000000000,1415312.0640000000000,835630.1280000000000,10,5,2,50,0,Female
6515,808489.0944000001000,560937.4992000002000,1194343.4880000004000,3594828.5568000004000,637207.5528000001000,23,3,5,60,5,Male
380,1106353.8720000002000,465409.7136000001000,283876.4448000000600,2008354.6080000002000,612801.8208000001000,25,5,5,65,2,Male
6243,649735.6032000000000,378987.8400000000000,413297.8559999999700,4450921.1136000000000,378240.7680000000000,14,4,3,58,0,Male
387,1034850.0864000001000,703150.9056000000000,2033136.5184000000000,4519912.0512000010000,105341.8080000000000,6,1,2,65,1,Male
870,738487.7280000000000,160795.4400000000000,404154.7920000000000,1292559.5520000004000,641108.1600000000000,20,5,4,33,0,Male
6395,2901532.8383999993000,930037.4207999998000,4399017.9839999990000,2207332.6848000000000,522312.1919999999000,4,4,1,59,2,Female
5573,380798.4960000000400,175992.2880000000300,1169756.6400000001000,232158.5280000000500,137665.7760000000000,3,3,1,55,0,Male
5706,1563618.8159999999000,758352.4992000001000,2802014.7263999996000,1791830.9376000000000,1562972.5439999998000,19,4,4,56,1,Female
2125,1496846.7200000002000,682664.9600000001000,2060076.7200000000000,2979208.9600000004000,254284.8800000000300,15,5,3,39,3,Male
3086,656948.7936000001000,1058602.5648000000000,2652661.4400000000000,800229.1968000002000,1181735.9136000000000,2,2,1,44,0,Female
813,3111072.7440000000000,1297289.4480000000000,1308184.0200000000000,4355294.7360000005000,428794.3920000000500,11,1,3,65,2,
3397,209911.6800000000500,285363.3200000000000,2619622.6320000000000,1737173.5040000004000,454602.8080000001400,20,5,4,45,3,Male
2295,693927.8016000002000,734166.0480000001000,2362668.4224000000000,2394886.3488000007000,245135.6160000000400,22,2,5,40,1,Male
9079,3202130.5056000000000,1359396.9792000002000,465923.0160000000000,2326081.3056000000000,1738472.8608000001000,6,1,2,71,1,Female
8276,1228637.2800000000000,703083.2640000001000,3456194.6016000000000,739745.5104000000000,358357.9583999999400,14,4,3,68,4,Male
1839,635788.6200000001000,692770.5900000001000,912005.7300000000000,2607050.5200000005000,253087.8300000000200,3,3,1,38,5,
6182,349486.0800000000000,137336.7360000000000,796161.7440000000000,912319.8720000001000,169582.4160000000000,15,5,3,58,2,Male
7207,529863.3600000000000,698522.4480000000000,4459612.7160000000000,6166565.8080000010000,1429917.8399999999000,20,5,4,63,1,Female
343,421436.7040000001400,963868.5680000002000,202683.9360000000200,1522780.4800000002000,811697.2240000002000,8,3,2,65,2,Male
8425,702579.6960000001000,1219690.0560000000000,4432838.4360000000000,1416595.4400000000000,523526.3280000000400,21,1,5,68,0,Female
6570,2278333.5120000000000,507168.7920000000000,591903.0000000000000,4111872.9600000000000,1410661.0440000000000,24,4,5,60,1,Female
9850,737358.5440000002000,134424.1600000000000,1309244.3520000002000,362474.9440000001000,628591.9120000001000,23,3,5,75,4,Male
8141,563447.2896000000000,1219549.8432000002000,1220544.3743999999000,3251856.6912000007000,610171.0368000000000,3,3,1,67,0,Male
9821,1797940.5600000000000,715716.9240000000000,1300683.3840000000000,5020930.5120000000000,1355790.5399999998000,21,1,5,75,5,
7700,147699.5520000000300,485069.3640000000600,253529.0160000000300,584528.2560000000000,417815.0080000000300,23,3,5,65,0,Male
8219,2566070.2080000000000,472042.5840000000300,3905917.7040000000000,4388613.2160000000000,1514521.3200000000000,15,5,3,68,0,Female
733,1420223.8752000004000,360039.7944000000000,1046239.7400000001000,2788654.7520000003000,354741.0984000001000,3,3,1,65,4,Male
4411,733248.6336000001000,809252.2080000000000,2303650.1088000000000,1941711.7824000000000,147298.4352000000000,20,5,4,50,4,Male
235,2387085.6672000000000,311741.1648000000000,3171834.2448000000000,5971036.0320000010000,758544.6959999999000,16,1,4,65,0,Female
6844,1037033.0880000001000,1420995.8880000000000,132276.4559999999800,2749207.3440000000000,787549.1520000001000,20,5,4,61,0,Female
6459,3433403.9807999996000,360031.5647999999300,2361743.3087999993000,3104942.2847999996000,761420.2176000000000,6,1,2,59,0,Female
2360,1949264.2752000005000,495314.2656000001000,2897834.5440000007000,2423782.3104000003000,724253.5872000002000,14,4,3,40,3,Male
3889,1553588.0800000000000,630543.1440000002000,1136109.7440000002000,818997.3440000002000,106841.9440000000200,10,5,2,47,1,Male
7505,2519524.8000000000000,1399184.9040000000000,1088399.9880000000000,6105720.8160000010000,496116.8160000000500,20,5,4,64,0,Female
2940,1601088.7860000003000,451621.2690000001000,1136064.5010000000000,1318242.4200000002000,651002.2200000001000,5,5,1,43,0,
6836,1985365.7928000006000,388989.2916000000600,110909.5415999999800,5500517.6304000000000,737923.7268000001000,18,3,4,61,1,Female
4400,1935616.8960000000000,541199.8080000000000,315520.7039999999700,1797754.1760000002000,573094.9440000000000,10,5,2,50,4,Female
4117,803577.7728000003000,672518.2464000002000,2257946.7768000000000,2841487.2288000006000,638996.6088000002000,15,5,3,48,0,Male
9020,1298175.0912000001000,644825.5632000002000,1752140.0520000004000,1521795.2256000000000,825336.4392000001000,13,3,3,71,1,Male
7976,925699.8816000001000,959279.2559999999000,2840026.3631999990000,791363.2896000000000,1577827.3679999998000,11,1,3,67,0,Female
3574,1271166.3360000004000,757032.3090000001000,2372596.3800000004000,3764678.9400000004000,591075.8370000000000,1,1,1,46,5,
818,386900.4671999999600,424892.8944000000000,4565864.7215999990000,4464670.5792000000000,597190.2768000000000,6,1,2,65,1,Female
4018,132235.0128000000500,401699.0736000001000,833869.3176000002000,1994505.3216000006000,310844.4768000001000,25,5,5,48,1,Male
4705,2182425.9840000000000,292375.2960000000300,2476012.3200000000000,2917814.4000000000000,1251474.3360000000000,18,3,4,51,2,Female
5384,1774888.1279999998000,285185.8079999999600,124769.8079999999900,5246919.3599999990000,1124651.5200000000000,18,3,4,54,0,Female
309,1808687.4624000000000,310818.4559999999500,2594640.8592000000000,985931.4816000000000,1173489.4080000000000,21,1,5,65,1,Female
1293,1722714.6240000000000,383000.1119999999000,2038106.8800000000000,465831.3600000000000,512175.4560000000000,23,3,5,35,0,Female
1193,480407.2320000000000,726569.8560000001000,2008845.7920000001000,1460019.8399999999000,188946.4320000000000,19,4,4,35,0,Male
2355,1373299.2767999999000,965296.5696000002000,1135755.2448000002000,2445791.0400000000000,295168.3680000000000,2,2,1,40,3,Male
4422,248007.1680000000000,531300.4416000000000,3044547.6480000000000,118692.8640000000000,825787.2384000001000,7,2,2,50,0,Male
5273,2686347.3600000000000,1034757.5040000000000,3746623.6799999997000,858810.2399999999000,1068084.7200000000000,11,1,3,54,4,Female
1858,1103849.8560000000000,146104.7040000000000,538670.7359999999000,2023777.1519999998000,225176.1120000000000,12,2,3,38,4,Female
4094,442648.5888000001000,957481.8528000002000,998590.6656000002000,1439234.6496000004000,866752.2336000002000,7,2,2,48,1,Male
4194,1048151.3856000002000,667191.1488000002000,328515.2640000000000,153654.3360000000000,527573.7984000001000,7,2,2,49,4,Male
6354,1424915.1360000000000,367494.7680000000000,4200936.9120000000000,2851925.1840000000000,257264.7839999999900,23,3,5,59,1,Female
4413,1579204.2240000002000,151608.0000000000000,941146.2719999999000,1304693.7600000000000,595965.4080000000000,25,5,5,50,4,Male
6827,1258258.6224000002000,928319.7456000001000,2442330.4464000002000,2251109.9520000005000,485633.2104000001000,10,5,2,61,2,Male
6757,2236494.1248000003000,676892.2368000000000,1594100.1024000004000,4638036.7488000000000,1094013.8976000000000,23,3,5,61,4,Male
401,1106677.5408000000000,406500.7752000000300,2712952.8504000000000,1674874.6560000004000,191819.5344000000300,17,2,4,65,0,Male
1907,1239693.6960000002000,688886.5680000001000,1861878.9600000002000,1436290.8480000002000,442846.6560000001000,15,5,3,38,3,Male
1419,1020452.1600000000000,700155.3600000000000,2190957.4080000000000,1628807.8080000000000,306189.2160000001000,7,2,2,36,1,Male
6849,602986.8000000000000,434986.6040000001000,893055.2280000000000,1072391.4240000003000,397640.5160000000600,5,5,1,61,0,Male
9520,1714923.2880000004000,830967.6960000001000,2007026.4239999999000,2750369.5440000000000,827290.2690000002000,1,1,1,73,2,
5786,1741397.2992000002000,786403.9296000000000,1781260.7616000000000,4420122.6239999990000,614083.0464000001000,14,4,3,56,1,Male
740,690029.7300000001000,1094834.0520000004000,904657.9230000001000,3969624.2040000004000,696488.8320000000000,1,1,1,65,0,
8905,1906377.4079999998000,137095.7328000000000,4362686.8272000000000,7411893.4656000000000,838543.6800000000000,21,1,5,70,0,Female
9325,1180843.5600000000000,882045.7776000000000,1903532.2488000000000,557560.9728000001000,636500.9664000002000,3,3,1,72,0,Male
2402,437191.6032000000700,808872.3456000002000,2579652.0287999995000,3314978.3040000005000,944941.4304000002000,12,2,3,40,1,Male
2506,455708.7216000001600,742123.6416000001000,1808241.9696000002000,758024.4672000003000,350841.4272000001000,9,4,2,41,4,Male
973,1012044.9600000000000,1014926.3999999999000,1715433.1199999999000,3729817.4400000000000,444463.0800000000000,7,2,2,34,1,Female
7163,2151625.9440000000000,1077802.5960000001000,2785919.7600000002000,2708365.9200000000000,676110.3960000001000,4,4,1,63,4,Female
7320,559744.2864000001000,905782.8312000002000,522928.2240000001000,358114.3488000001000,792334.8576000001000,25,5,5,63,0,Male
893,833275.9680000001000,865168.8960000001000,1260643.6800000002000,1850052.4800000002000,923585.6640000001000,4,4,1,34,0,Male
9558,302826.2016000000300,105597.7728000000200,1265096.4768000000000,1149697.5360000000000,706385.4720000001000,24,4,5,73,0,Male
329,913623.7760000001000,143507.2600000000000,935716.0800000001000,1652795.0400000000000,276111.0040000001000,25,5,5,65,1,Male
854,408879.6480000000000,1052824.8960000000000,3516858.4319999996000,5204514.2400000000000,1317385.8720000000000,17,2,4,33,0,Female
1243,1770631.2000000000000,461666.3999999999700,3511428.1200000000000,1223283.8400000000000,1038815.8800000000000,25,5,5,35,2,Female
2599,2224193.3208000000000,1068393.7044000002000,2384911.5444000000000,432882.9648000001000,167478.4188000000000,10,5,2,41,0,Female
9500,1137753.6768000000000,1304461.4544000000000,1976545.5840000000000,6332544.6912000000000,1812853.7855999998000,6,1,2,73,2,Female
4435,800119.6416000000000,1519918.5600000000000,1799167.3343999996000,6024284.2367999990000,566971.1424000000000,9,4,2,50,1,Female
1029,935910.4800000000000,709791.4800000000000,2308215.2399999998000,4243841.7600000000000,315695.5200000000000,8,3,2,34,2,Female
9716,590879.3280000001000,487241.7680000001000,3043749.0720000000000,232333.5040000000200,623770.8880000002000,13,3,3,74,2,Male
2230,120559.1400000000100,177452.0100000000400,1650731.1300000000000,506265.1200000000500,223458.6600000000300,8,3,2,39,1,
5358,1397633.0111999998000,610802.7264000000000,3782513.8943999990000,6839741.2608000000000,612490.6368000000000,11,1,3,54,0,Female
9434,2009702.0736000002000,701677.7664000001000,633851.3376000000000,3891945.9072000010000,797740.3200000001000,10,5,2,73,4,Male
6494,481301.6832000000000,1215708.2496000000000,1985535.6768000000000,4964144.8896000000000,699477.1056000000000,24,4,5,60,0,Female
9013,215536.7760000000400,518352.9520000000500,466567.7639999999700,215472.6080000000000,172971.3440000000400,18,3,4,71,1,Male
2530,2547686.5920000000000,429825.7920000001000,1225720.5840000000000,1262304.9120000002000,718939.1880000001000,13,3,3,41,1,Female
7362,2121243.6960000000000,319154.6592000000000,2216904.2064000000000,6461385.4656000000000,1507839.2784000000000,10,5,2,64,1,Female
9666,1036313.3664000002000,945151.8336000000000,4048674.3647999996000,1278750.4704000002000,1017563.7888000000000,16,1,4,74,1,Female
7485,777324.7040000001000,513236.9840000001000,2317844.2560000000000,3765361.6000000000000,771474.0800000001000,5,5,1,64,0,Male
707,1918895.0040000004000,1025103.3390000002000,752369.2020000000000,1362371.4000000001000,1093078.8180000000000,16,1,4,65,5,
4593,677431.1232000000000,553182.0480000000000,1762738.3295999998000,2675402.2656000000000,1204913.2319999998000,6,1,2,51,0,Female
1771,614578.8800000001000,307212.7200000000300,1982963.0400000000000,529393.9200000000000,636077.1200000001000,5,5,1,37,1,Male
9609,259895.0016000001000,370092.6216000001000,422495.6112000001000,1025353.5552000000000,485537.1768000001000,20,5,4,74,5,Male
7919,425606.8960000000000,704532.2960000001000,1210421.4720000000000,3009529.5360000003000,404299.2720000001000,2,2,1,66,1,Male
7797,744975.8784000000000,1595304.5472000000000,5249457.1583999990000,631620.2880000000000,891692.5680000000000,6,1,2,66,4,Female
3269,928218.6144000001000,201146.7744000000200,1981970.5752000003000,1815130.6272000002000,468924.8256000001000,14,4,3,44,0,Male
7447,151950.9888000000000,1065495.4752000002000,1964878.9056000002000,4932537.2928000010000,1022494.0128000001000,4,4,1,64,2,Male
6440,1621018.1376000000000,563797.9008000001000,2413194.1632000000000,582403.2768000000000,1029828.2111999999000,14,4,3,59,1,Male
187,1543194.1824000003000,749443.0944000002000,1379115.1295999999000,1524257.2800000000000,962959.1712000001000,3,3,1,65,1,Male
850,1508406.2400000000000,697594.6800000000000,1990689.8399999999000,2119780.3200000000000,978214.0800000000000,23,3,5,33,0,Female
7349,1212120.9984000000000,323370.6528000000000,2872692.9504000000000,1237325.6064000002000,379454.5248000001000,14,4,3,64,5,Male
1480,1292315.6160000002000,447186.3120000000000,1169405.2080000000000,1264047.5520000004000,413224.7760000000700,5,5,1,36,2,Male
696,559926.2240000000000,772914.4800000000000,2413772.4000000000000,3410466.5920000000000,209996.1760000000400,8,3,2,65,5,Male
8112,653625.6480000000000,727681.2192000000000,2113420.9824000000000,1616127.1776000000000,158946.5592000000200,23,3,5,67,2,Male
4675,445180.4160000000000,917096.1600000000000,195783.8400000000000,1088636.5440000002000,539931.6480000000000,23,3,5,51,3,Male
7050,2207460.0600000000000,1130094.8100000000000,3047258.0970000000000,3235795.0560000003000,1062595.7550000000000,21,1,5,62,2,
619,2215926.6480000000000,521188.3560000000000,3998610.7199999997000,1691671.4880000001000,1085451.9000000000000,1,1,1,65,0,Female
5281,833469.4656000000000,238036.0319999999800,3335735.6928000000000,624122.2656000000000,1107954.2016000000000,14,4,3,54,4,Male
4203,657393.8976000001000,509588.5608000001000,339985.8792000000000,2446845.6672000005000,539760.6720000001000,10,5,2,49,0,Male
4823,760725.9840000000000,287581.2960000000300,381339.2160000000000,1386398.4000000001000,384118.7520000000400,23,3,5,52,0,Male
8881,1056910.2336000002000,729502.7688000001000,214770.4416000000200,1338006.3840000000000,361326.4200000000400,3,3,1,70,1,Male
7097,2487447.7056000000000,558967.7808000001000,4702954.0896000000000,3025841.6448000004000,582429.7440000000000,16,1,4,62,0,Female
1843,995239.2960000001000,948019.8720000000000,533104.1279999999000,3191763.4560000002000,461985.5040000000000,9,4,2,38,1,Male
410,197716.7088000000500,924888.2760000002000,1147659.3648000000000,1119530.5056000003000,227345.3208000000200,3,3,1,65,0,Male
5197,844350.9120000001000,777531.8400000000000,2511378.4319999996000,350634.6240000000700,441731.9040000000400,20,5,4,53,0,Male
7778,780852.1344000002000,699766.9536000001000,2245741.4304000004000,1100777.4336000000000,1203785.2319999998000,22,2,5,66,0,Male
4916,2966728.8959999993000,1133418.8736000000000,2104070.5151999993000,3177175.4496000000000,668239.5456000000000,17,2,4,52,2,Female
1943,2268860.2560000000000,497320.2720000000600,2732738.6879999996000,5026284.8639999990000,1196409.3120000000000,22,2,5,38,2,Female
2642,754809.1056000001000,145127.5056000000300,955224.4680000002000,117654.7680000000300,482906.7144000002000,15,5,3,41,0,Male
9534,3211466.1696000000000,462920.8896000000000,2302726.2336000000000,1238927.7888000000000,1312683.8399999999000,16,1,4,73,0,Female
1552,990473.0400000000000,805068.6000000000000,869131.0800000000000,2861552.6400000000000,336555.8400000000000,19,4,4,36,0,Female
3508,1709304.4980000004000,945818.5770000000000,1860477.2010000001000,3371931.2880000000000,728678.9070000001000,19,4,4,45,1,
3278,1975987.8336000005000,946147.8048000002000,867946.4640000000000,2299624.1664000005000,787472.2944000001000,17,2,4,44,1,Male
58,866499.5664000001000,246467.3328000000000,600928.0056000000000,635807.2032000002000,500207.1984000000500,18,3,4,65,4,Male
322,340599.5840000000300,1036616.7760000001000,2459762.4480000000000,3149030.5600000005000,252403.3200000000400,18,3,4,65,1,Male
5334,2309657.1840000000000,815160.0959999999000,445897.0080000000300,4587706.9440000000000,701986.0320000000000,8,3,2,54,2,Female
1352,604206.1440000001000,554119.9680000001000,146043.0720000000000,748331.5199999999000,213429.0240000000000,9,4,2,35,0,Male
8660,740620.1088000002000,907155.4752000001000,4720403.0015999990000,4245608.3904000000000,1040388.8976000000000,21,1,5,69,0,Female
5774,1370966.4000000000000,850892.5440000000000,1861827.5520000000000,2584941.1200000000000,630342.0000000000000,10,5,2,56,0,Female
2318,1214218.7200000002000,213539.8320000000500,2511454.4400000004000,1459378.6240000003000,366496.4160000001000,10,5,2,40,4,Male
572,1240283.3664000000000,1055799.7632000002000,1329179.9040000000000,323029.8240000000000,482027.6448000000700,15,5,3,65,3,Male
4915,1789870.3488000000000,915518.6352000001000,1162900.8000000000000,1756221.0048000000000,999289.8720000001000,15,5,3,52,2,Female
6542,1678241.6352000004000,933922.6416000002000,955307.9952000000000,3192445.5264000010000,307085.9688000001000,13,3,3,60,4,Male
1415,1879504.5120000003000,123408.7680000000100,2289964.6079999995000,2918415.7440000004000,958573.2480000000000,9,4,2,36,4,Male
7372,2256842.6399999997000,343217.1600000000000,285809.0040000000000,3378982.4640000000000,1324718.6160000002000,10,5,2,64,4,Female
169,992488.9728000002000,151107.2160000000100,182828.5055999999700,1381694.2464000003000,563709.7440000001000,2,2,1,65,0,Male
8926,1256411.5200000000000,1048852.6464000000000,881398.6272000001000,3470969.5488000005000,1088958.9984000000000,7,2,2,71,0,Male
7996,811714.4256000001000,656777.4720000001000,2815755.6960000000000,3721767.6288000000000,862316.7072000001000,22,2,5,67,5,Male
157,2803086.3744000006000,1846587.2255999998000,925663.9391999999000,3235596.9984000004000,833532.5231999999000,11,1,3,65,0,Female
8075,1322464.0000000000000,421973.4480000001000,3075643.5840000007000,1243432.3200000000000,283235.7840000000400,17,2,4,67,1,Male
9300,1806920.9600000002000,720643.0400000000000,2807213.7600000002000,395818.5920000000600,704216.6560000001000,8,3,2,72,1,Male
6794,2132928.5952000003000,1243017.1104000001000,1037367.6768000001000,4567501.2864000010000,135361.5744000000000,9,4,2,61,1,Male
3876,758865.5360000002000,215109.6200000000200,865011.4440000000000,712489.1840000001000,179318.1280000000300,23,3,5,47,2,Male
1450,752928.0800000001000,394263.3200000000700,680411.6400000000000,470137.1200000000500,274137.7600000000000,25,5,5,36,3,Male
3551,2681342.6111999997000,1135060.8192000003000,3304390.1615999998000,5080131.3024000000000,511256.9088000000000,13,3,3,46,0,Female
9938,119863.2240000000200,1283403.5760000001000,3658331.6640000003000,2194442.6399999997000,573069.1200000000000,1,1,1,75,2,
5035,305429.5296000000000,169892.8128000000000,1971037.9296000000000,3157282.3680000000000,164905.3728000000400,25,5,5,53,5,Male
8493,2466168.8064000000000,746984.5344000001000,571506.6240000000000,1074272.9088000003000,319820.7168000000000,8,3,2,69,1,Male
753,2660596.5360000003000,1210393.3920000002000,404118.9359999999000,1554269.8080000000000,1242608.0160000000000,20,5,4,65,1,Female
3236,1341107.9616000000000,994071.6192000002000,1929585.0816000000000,582566.0544000001000,435920.1792000001300,19,4,4,44,2,Male
7857,241429.9680000000000,1390768.8912000002000,594962.9711999999000,1650602.3040000002000,1280988.4464000002000,11,1,3,66,2,Female
8708,495486.9504000000000,550533.6720000000000,4248238.3632000005000,6835578.7968000010000,555444.8640000001000,6,1,2,70,0,Female
7378,497878.1184000001000,549494.8992000000000,2770195.7088000000000,2500141.3632000005000,201053.9232000000500,14,4,3,64,4,Male
5971,3142899.1872000000000,495621.6768000000000,4820618.1888000000000,3549058.3296000003000,1035523.3536000000000,14,4,3,57,2,Female
1712,932033.3040000001000,699716.1240000000000,319274.1360000000000,1354295.8080000002000,1049223.5640000000000,18,3,4,37,2,Female
3335,2976176.3328000000000,1372526.9712000000000,3885398.1935999994000,328273.2288000000400,423096.6960000000000,11,1,3,45,0,Female
2052,1288517.2200000000000,184024.8000000000200,1426519.8900000000000,1163030.0400000000000,571738.2300000001000,25,5,5,38,0,
3332,2522696.7744000005000,147362.6880000000000,2508283.3248000000000,456119.1360000000000,778461.8688000000000,24,4,5,45,0,Female
3837,494896.0720000001000,329905.5320000000600,772058.4960000000000,1182828.2400000000000,254734.4800000000400,4,4,1,47,1,Male
3276,343120.2720000001000,359446.9120000000700,909377.7000000001000,1482299.2800000003000,417038.3360000000700,1,1,1,44,1,Male
9663,2202130.1952000004000,992089.9872000001000,3479927.8644000000000,4946230.7856000000000,931223.7792000001000,23,3,5,74,1,Female
106,1315426.3200000000000,718516.9680000001000,823631.7960000000000,3324335.6640000003000,784357.2360000000000,1,1,1,65,3,
8464,2503150.1040000003000,522965.9760000000000,4452957.2880000000000,3392340.4320000005000,377986.1280000001000,16,1,4,69,0,Female
5065,533076.0960000000000,343148.7840000000400,1236122.4960000000000,1557110.4000000001000,326540.8800000000000,10,5,2,53,4,Male
861,902414.0160000002000,581357.2800000000000,1332171.9360000000000,3139217.2800000003000,686992.2240000000000,9,4,2,33,0,Male
268,157813.7600000000000,624939.9520000000000,932751.4560000001000,1943986.7200000000000,754829.9200000000000,24,4,5,65,5,Male
6580,1636768.0368000001000,883048.2336000002000,1087180.3800000000000,2073869.7408000007000,381256.2000000000000,13,3,3,60,1,Male
4528,1170834.4319999998000,940665.7920000000000,1766928.6720000000000,3687444.4800000000000,125932.0320000000000,5,5,1,50,0,Male
8721,205265.5488000000500,196304.2848000000000,1450410.6240000003000,3385149.0816000006000,181991.8464000000400,22,2,5,70,5,Male
5440,2261335.6800000000000,486159.3216000000000,1170716.5440000000000,1153248.7680000002000,1000559.2320000000000,2,2,1,55,5,Male
658,862302.5424000003000,742744.6416000001000,2203541.4960000003000,2056831.5456000005000,199012.4136000000000,3,3,1,65,0,Male
7249,417423.0528000000600,539274.9024000001000,2591007.1200000000000,4329843.1488000010000,947435.6736000001000,12,2,3,63,2,Male
5692,1915728.6239999998000,649911.1680000000000,1203207.3720000000000,1198684.2240000002000,863051.2200000000000,5,5,1,56,0,
4005,735298.6080000001000,852246.5160000001000,516851.6760000000400,4394700.2880000010000,715705.5840000001000,25,5,5,48,4,Female
4258,2237919.5519999997000,520733.8224000000600,4205345.6016000000000,3895941.1392000010000,1213862.2848000000000,6,1,2,49,2,Female
1966,625376.6400000000000,794286.3200000001000,1236422.4000000001000,1181514.5600000003000,464293.8400000001000,15,5,3,38,2,Male
8691,2115195.9660000005000,209308.2030000000400,2126910.8250000000000,1558438.1280000003000,271776.8430000000500,1,1,1,69,0,
1154,1013625.1200000001000,232450.1999999999800,109387.8000000000000,2279412.0000000000000,795199.6800000000000,24,4,5,35,5,
7278,567487.5648000002000,730600.0416000001000,3103297.1424000000000,1156779.1872000000000,530502.7104000001000,4,4,1,63,1,Male
4800,1190303.7696000000000,911547.4176000002000,231970.8672000000000,515590.5023999999400,397652.8896000000500,19,4,4,51,0,Male
848,599535.6479999999000,831705.5520000000000,3701436.4800000000000,5146258.1760000000000,507214.5120000000500,17,2,4,33,0,Female
9377,348874.1568000000600,1735697.8079999997000,1918250.3807999995000,6233402.0736000000000,204935.5152000000200,6,1,2,73,0,Female
8159,1113050.0160000000000,694566.6624000000000,2132245.2528000000000,973979.5104000000000,471029.4576000001000,12,2,3,67,1,Male
3074,1060291.1616000002000,1039143.4944000001000,899944.8480000000000,816319.2576000002000,730591.2768000001000,4,4,1,43,0,Male
6450,1124703.9360000000000,621186.0480000000000,2971769.0399999996000,5498760.3840000010000,1376292.6720000000000,18,3,4,59,1,
9859,2981096.3520000004000,801209.9160000001000,2869562.5920000000000,295195.0560000000000,627189.4200000000000,6,1,2,75,4,
8969,1486667.5200000000000,151004.1312000000300,2424759.3864000000000,738778.4352000002000,175245.9696000000400,24,4,5,71,4,Male
4077,383621.9904000000700,218043.3024000000400,604234.8576000001000,788709.5040000001000,725787.6383999999000,3,3,1,48,2,Male
7862,2903311.3824000000000,1669178.1600000000000,4180772.7935999995000,3044002.2912000000000,402156.5184000000000,21,1,5,66,2,Female
6603,2312704.0560000000000,469251.4320000000300,4298875.7760000010000,2308023.1200000000000,993609.0840000000000,7,2,2,60,3,
5545,1046994.6240000001000,257243.3279999999800,375484.0319999999500,1772220.0960000001000,278790.7680000000000,22,2,5,55,2,
6070,1217722.6368000002000,859054.6368000000000,1307403.2448000000000,203520.3840000000200,587433.2544000002000,19,4,4,58,0,Male
2655,2631098.4480000003000,614108.3520000001000,249703.3439999999800,2532610.0800000005000,179969.0640000000400,22,2,5,41,0,
4161,759394.5216000002000,779670.6720000000000,1110816.4320000003000,242351.5776000000500,662518.9824000001000,22,2,5,49,0,Male
7248,681106.9824000001000,456635.3376000001000,3551563.2671999997000,1916961.4464000002000,293886.6528000000000,17,2,4,63,2,Male
9791,3127833.4464000002000,758934.2592000000000,2878470.6912000000000,3742363.8720000000000,1434103.2576000000000,6,1,2,75,0,Female
1954,235929.4400000000000,216089.9600000000200,784049.6400000000000,803715.2000000001000,140810.9600000000200,15,5,3,38,2,Male
878,916309.8720000001000,701086.2480000001000,1220060.0160000003000,1664094.5280000000000,514217.7360000000300,25,5,5,33,0,Male
7890,2643603.9552000000000,366076.5264000000000,2713156.9920000000000,2096192.9664000000000,1472791.5072000000000,1,1,1,66,1,Female
4385,483408.6912000000600,386142.9120000000000,1380919.1039999998000,1486867.0464000000000,611431.9488000000000,24,4,5,50,1,Male
4886,1785525.6960000002000,742635.1680000001000,1377213.1200000000000,843465.2160000000000,935635.2960000001000,5,5,1,52,3,Male
7683,169634.6496000000300,733476.7440000002000,336320.6184000000400,1838789.2224000003000,890119.8072000003000,9,4,2,65,2,Male
6585,399596.4960000000400,247583.9600000000200,595228.6080000000000,426554.1280000000000,329331.4960000000400,17,2,4,60,1,Male
7972,1227244.6368000000000,397621.5984000001000,573571.6272000000000,631072.1664000001000,814699.0800000000000,21,1,5,67,0,Female
82,1080057.1392000000000,1263723.9264000000000,1446240.7439999997000,5256719.7696000000000,319713.6384000000000,11,1,3,65,1,Female
9646,2306759.1300000004000,672250.2930000001000,1898964.7560000003000,2013949.5480000002000,889684.1460000001000,6,1,2,74,0,
1221,479782.7200000000300,330312.8000000000500,572958.1200000000000,859127.5200000001000,274537.8400000000000,5,5,1,35,1,Male
6176,808447.2192000000000,1417762.1376000000000,3073539.6864000000000,3387661.7471999996000,1472660.0064000000000,16,1,4,58,2,Female
6587,933177.5232000000000,608367.6768000000000,3261819.9743999997000,4892163.9936000000000,462582.1824000000500,12,2,3,60,1,Male
1664,299471.2200000000300,365113.7100000000000,2010512.3400000000000,2786339.8800000004000,278401.7700000000000,7,2,2,37,0,
433,3005776.8000000000000,1179083.5056000000000,3056171.0399999996000,5462653.9968000010000,1460874.5424000000000,21,1,5,65,0,Female
3411,1132529.5872000004000,544442.3424000001000,1211103.7488000002000,701724.6720000001000,113330.2896000000200,8,3,2,45,1,Male
9115,1556279.5040000002000,654258.5920000002000,1641914.9760000000000,2140784.6720000003000,380786.2240000001000,8,3,2,71,0,Male
1708,1199416.8000000000000,182923.9200000000000,894008.8800000000000,2956117.4400000000000,182157.2400000000200,5,5,1,37,2,Female
4396,1802939.9039999996000,914268.9024000001000,4422878.3807999990000,5889763.5839999990000,260386.0992000000000,9,4,2,50,4,Female
2897,1678077.1260000004000,318723.6690000001000,2237396.3370000003000,810680.5080000001000,307685.9610000000700,18,3,4,43,5,
7806,2212755.4176000003000,1029226.2240000002000,1850539.3920000002000,1122499.1232000003000,1215269.4528000003000,21,1,5,66,4,Male
7313,1631631.2688000002000,423356.0760000000600,416072.8728000000700,2822092.0416000006000,803831.7456000001000,15,5,3,63,0,Male
1516,697813.6320000000000,466517.0880000000000,1044388.9439999999000,3962387.5200000000000,724335.5520000000000,17,2,4,36,0,Female
9590,352700.5248000001000,554133.7152000001000,1742647.0463999999000,1877778.4896000000000,1253556.9072000000000,11,1,3,74,0,Female
2516,412236.7920000001300,723396.4056000000000,1151819.6976000000000,2549421.3888000003000,278391.0888000000000,10,5,2,41,4,Male
468,391060.4256000000000,367120.7280000000000,1350240.2783999997000,5128621.8048000010000,1054430.9568000000000,6,1,2,65,0,Female
8819,2185395.2640000000000,265758.2927999999400,1910925.9936000000000,322837.6320000000000,830269.6272000001000,11,1,3,70,2,Female
3977,325563.6560000001000,211939.2000000000000,1305853.5600000003000,655261.5520000001000,247708.4280000000700,18,3,4,48,5,Male
9979,2525642.4960000000000,1476068.2560000000000,657344.8439999999000,4544807.2799999990000,997349.8080000001000,21,1,5,75,0,Female
7609,2510196.9360000000000,1542156.8760000002000,484452.0720000000400,2879967.1680000000000,567556.3920000000000,21,1,5,65,1,Female
5068,593958.6240000001000,109965.8879999999900,587271.6000000000000,970261.2480000001000,330968.3040000000000,15,5,3,53,4,Male
7262,926692.4160000001000,1806892.5888000000000,1481513.1551999997000,7015089.3696000010000,811856.0736000000000,16,1,4,63,0,Female
3453,580544.4480000000000,429900.8736000001000,827822.4768000000000,2792283.2256000005000,717069.0912000001000,13,3,3,45,2,Male
1532,419412.3200000000700,218990.2800000000300,391904.6400000000000,329324.0000000000000,382506.7200000000300,15,5,3,36,0,Male
9483,1476587.5488000002000,476124.0120000000500,2341672.3512000000000,347650.2432000001000,759870.4464000001000,18,3,4,73,3,Male
5098,375831.3600000000000,1548851.1552000002000,4673140.6463999990000,1806088.3199999998000,1526712.5376000002000,7,2,2,53,1,Female
9991,1490729.0112000003000,681000.7776000001000,843990.8256000001000,928794.0480000001000,232413.0432000000400,3,3,1,75,0,Male
500,2827872.4032000000000,449957.2895999999600,4309279.2288000000000,2184988.6656000004000,856689.1632000001000,6,1,2,65,4,Female
9205,429275.6000000000300,900274.1280000001000,547823.6400000000000,855085.9200000002000,398839.8960000000700,3,3,1,72,4,Male
8704,3127054.6944000000000,217060.2720000000300,673198.9055999999000,2087059.8528000005000,146279.2032000000200,6,1,2,70,0,Female
6324,3371259.2256000000000,705176.0639999999000,608433.1200000000000,5192099.4816000000000,225844.9344000000000,15,5,3,59,4,Female
9814,422539.7280000000600,209753.4400000000000,1330901.2080000000000,1406618.9280000003000,389000.4560000000600,11,1,3,75,5,Male
4150,1660049.4239999999000,1109660.9040000000000,4578255.9503999995000,1441904.4288000000000,1479505.5792000000000,4,4,1,49,0,Female
7442,1762925.0496000003000,910780.2912000001000,1854990.6335999998000,3391480.4352000006000,366728.5440000000500,24,4,5,64,2,Male
6993,1242334.0800000000000,795731.9136000002000,1183267.2384000001000,3443647.3344000005000,469633.6320000000400,18,3,4,62,1,Male
7354,1352479.3152000003000,901260.4224000000000,1079468.2080000000000,2058357.8496000003000,421199.6256000001000,18,3,4,64,5,Male
3016,602271.2960000001000,650511.0480000002000,616299.2880000001000,503955.5840000001000,337261.1440000001000,25,5,5,43,0,Male
4099,1791246.7584000000000,613002.6144000001000,4350914.5680000000000,2360040.2496000000000,1107427.7808000000000,4,4,1,48,0,Female
3140,2486995.1040000003000,826019.0400000000000,1485442.3319999997000,110759.0880000000200,807390.0120000000000,21,1,5,44,4,Female
822,2696246.4672000000000,1096904.0160000000000,3626487.0720000000000,4516608.0959999990000,716942.1168000000000,11,1,3,65,0,Female
4249,2846512.9440000000000,336686.9616000000400,672749.6688000000000,4476873.1392000010000,168268.1616000000200,4,4,1,49,2,Female
4323,1555366.3488000003000,622659.3120000000000,1560900.8447999998000,610698.5279999999000,553966.3008000001000,21,1,5,49,0,Female
8051,1241317.9584000001000,765252.6336000002000,575564.3712000000000,2369783.2704000003000,820800.7392000001000,21,1,5,67,0,Male
7155,1671370.8960000004000,994113.7440000002000,2759757.3120000000000,642854.3680000001000,583772.9040000000000,20,5,4,63,1,Male
4877,1351476.7488000004000,236484.5760000000300,1962312.2208000000000,750557.8368000002000,248816.7071999999800,5,5,1,52,1,Male
868,456103.0400000000400,676311.2800000001000,2044738.8000000000000,1613986.5600000003000,354889.4400000000600,20,5,4,33,0,Male
8015,2793809.1168000000000,1681437.8880000000000,3844275.5520000000000,3536571.9168000000000,1361616.7968000001000,16,1,4,67,4,Female
9846,2021311.9680000003000,815083.5264000001000,3735732.1248000003000,629720.8320000000000,363943.3824000000000,12,2,3,75,4,Male
9955,206303.8640000000300,188593.1320000000400,717795.9360000001000,1426629.5680000002000,163318.2720000000300,3,3,1,75,0,Male
2969,1292937.6240000003000,638262.2664000001000,1590611.7744000002000,690489.0432000002000,698224.3488000002000,10,5,2,43,3,Male
9240,369269.7216000000500,1180514.5248000002000,2169206.2080000000000,3462948.9024000005000,533683.1136000000000,18,3,4,72,3,Male
7719,1381585.2960000003000,100806.9920000000100,1198474.0559999999000,813583.6800000000000,446626.0240000000300,8,3,2,65,0,Male
8378,2100382.5023999996000,1226968.8912000002000,198405.9791999999700,4295645.4528000000000,795041.7696000001000,16,1,4,68,0,Female
2890,414080.4800000000400,229287.2560000000200,700390.4160000001000,1558443.7440000002000,859780.5040000002000,15,5,3,43,5,Male
5918,468113.5872000000000,132399.0144000000100,1540912.2048000000000,2161947.8016000000000,405493.7472000000000,14,4,3,57,0,Male
6361,2064770.2656000000000,1547004.9600000000000,848736.9215999998000,1555126.7328000000000,464593.7087999999600,17,2,4,59,1,Female
9972,554473.2960000001000,939982.7840000002000,1364190.0480000002000,2178094.0480000004000,254123.6880000000500,14,4,3,75,1,Male
2045,757858.9600000001000,145601.5600000000300,809436.8400000000000,1412097.2800000003000,125320.8800000000000,20,5,4,38,0,Male
2728,154195.2720000000300,527260.0608000001000,1817254.3752000000000,3556369.2384000000000,144035.7336000000000,21,1,5,42,3,Female
3930,1825306.2432000004000,455193.6048000000300,276151.0752000000000,197201.6640000000000,1117289.7648000000000,19,4,4,47,0,Female
6432,1179503.4239999999000,1319502.0096000002000,3387601.9583999994000,2623937.5872000000000,1592509.9392000000000,14,4,3,59,0,Female
891,1813258.5600000000000,786155.4240000000000,568617.1200000000000,2256835.5840000000000,739381.3439999999000,17,2,4,34,0,Male
2177,1298112.6240000003000,320235.0480000000000,1950354.5040000002000,529732.8000000000000,540049.0320000001000,15,5,3,39,2,Male
7168,1932749.0208000000000,662115.1680000000000,399899.6351999999600,3324721.4208000004000,800959.9104000000000,6,1,2,63,4,Female
9469,1018372.1600000000000,529375.2880000001000,1720160.2080000003000,836017.3120000002000,246200.7600000000000,19,4,4,73,1,Male
758,527299.1360000000000,516515.6360000000600,136232.9280000000000,1588639.5200000003000,281218.7560000000500,8,3,2,65,1,Male
3862,704393.7119999999000,520109.0928000000400,280665.0000000000000,3072753.4464000000000,557071.7328000001000,4,4,1,47,2,Female
68,2469722.3616000004000,1161479.9040000000000,588630.5567999999000,3036703.9872000000000,730616.7648000000000,22,2,5,65,3,Male
5272,2516408.2944000000000,543265.7472000000000,2023881.8111999996000,5890571.5967999995000,1502593.4591999997000,9,4,2,54,4,Female
3305,877450.2880000002000,339847.3760000000500,584963.0160000001000,1129539.6640000000000,234749.4600000000200,23,3,5,44,0,Male
5642,524110.2720000001000,416154.0960000000000,510750.5760000000000,969012.6720000001000,139818.3360000000000,19,4,4,56,5,Male
3349,1383342.8400000003000,261368.6328000000500,1003574.6424000002000,2660047.6320000007000,396636.6888000000600,23,3,5,45,5,Male
646,1521737.8800000001000,1052082.5640000000000,3302736.8400000003000,5475279.2640000000000,552235.3200000001000,1,1,1,65,0,Female
5269,751202.4960000002000,520002.4320000000300,1735000.9919999999000,2576017.9200000000000,819470.7840000000000,5,5,1,54,1,Male
8017,688196.2464000001000,1075473.9216000002000,1511703.6479999998000,6245158.9823999990000,777329.2800000000000,16,1,4,67,4,Female
9418,480675.3119999999000,1501347.7440000002000,3358024.3008000000000,5470668.4032000000000,1846883.7504000000000,21,1,5,73,4,Female
7045,284101.0848000000000,198908.5176000000500,166842.3744000000000,868763.7504000001000,477796.8312000001300,8,3,2,62,2,Male
6069,959096.9280000000000,348034.0800000000000,574131.7440000001000,1355267.3280000000000,329342.4000000000000,23,3,5,58,0,Male
8541,2529923.3856000000000,1271623.9536000000000,4609796.4432000010000,1495714.5216000000000,1711758.1104000001000,11,1,3,69,1,Female
7435,2047486.8960000000000,991483.0848000000000,4144245.7680000000000,2816334.8928000005000,1755126.3600000000000,10,5,2,64,2,Female
5727,308776.7520000000400,741807.9360000001000,1916691.6600000000000,1211850.2880000002000,459286.6320000000000,5,5,1,56,3,
9478,1579390.4880000001000,829279.5264000001000,442999.0656000000300,1098443.1744000001000,796666.6656000002000,9,4,2,73,3,Male
3045,945063.5040000000000,1455799.2768000003000,3934148.9615999996000,5102999.1936000010000,205510.5360000000200,16,1,4,43,0,Female
3716,1200356.2560000000000,272748.9600000000000,798640.4448000000000,3158900.2368000005000,213890.6880000000200,24,4,5,46,0,Male
8785,1980871.7760000000000,400983.1800000000000,4050222.2279999997000,1285297.1040000000000,636277.0440000000000,1,1,1,70,1,Female
520,1522434.2016000000000,460859.8176000000700,3485822.3712000004000,4683050.1120000000000,552690.4032000001000,22,2,5,65,4,Male
2197,2370569.7600000000000,743331.0240000000000,2981007.3600000000000,4594115.5200000000000,1057558.6080000000000,17,2,4,39,1,Female
337,117113.7760000000300,417434.7840000000400,349751.3760000000000,1864154.6560000004000,947149.2160000000000,14,4,3,65,3,Male
4215,1090111.6512000000000,1231497.2736000000000,1597080.1967999998000,5697400.8960000000000,1122154.7040000000000,11,1,3,49,1,Female
2120,1271701.4400000000000,465464.5440000000500,639371.8080000000000,3137473.1520000002000,613578.9120000000000,24,4,5,39,1,Male
4465,1078584.4223999998000,232667.7120000000000,1525090.9823999999000,2405052.0576000000000,188842.1760000000000,17,2,4,50,2,Male
7088,869258.9568000002000,701138.3808000000000,1110695.4144000000000,3306878.5152000007000,310233.0816000000300,24,4,5,62,0,Male
1796,770553.9200000000000,611491.6800000000000,1186034.1600000000000,1283875.2000000002000,174979.2000000000000,20,5,4,37,0,Male
7013,1558294.5456000000000,358286.1984000000500,641023.4376000000000,522074.9664000001000,491500.2455999999700,25,5,5,62,3,Male
1645,348718.4800000000400,218605.3200000000400,739753.6800000000000,988076.6400000001000,162214.6800000000200,10,5,2,37,4,Male
4086,1289810.4912000003000,691856.2728000002000,924993.4320000001000,1270944.5760000001000,702526.3344000002000,25,5,5,48,2,Male
9048,1867354.8192000000000,1694079.6912000000000,5493666.1103999990000,884513.2608000000000,1686710.9376000000000,6,1,2,71,2,Female
4262,645309.1040000002000,374089.8920000000500,663688.3440000000000,367561.3920000000500,226593.1800000000500,20,5,4,49,2,Male
99,558981.4880000001000,317772.2080000000400,243123.6600000000300,462479.2640000001000,377038.7400000000000,18,3,4,65,3,Male
5946,537785.7408000000000,143359.3728000000400,280529.8272000000000,1246527.0144000000000,619298.6112000000000,20,5,4,57,1,Male
3566,108381.5040000000200,821324.5040000002000,637136.2800000001000,1252785.6000000003000,499497.0640000001000,5,5,1,46,0,Male
6883,1507731.5760000001000,331954.8960000000000,3320366.4000000000000,1190656.2720000000000,576925.2840000001000,1,1,1,61,0,Female
6771,1695141.6300000000000,767380.7700000000000,2578109.0400000000000,3870047.8440000000000,145524.2490000000000,5,5,1,61,0,
6789,1410775.5167999999000,1284804.5184000000000,5390199.1728000000000,1088314.1568000000000,920172.2399999999000,22,2,5,61,1,Female
1659,1193508.7200000000000,452506.1040000000500,199462.8240000000200,2299400.0640000002000,703389.1680000001000,15,5,3,37,1,Male
5669,875590.0416000000000,1582681.0751999998000,4294153.9584000000000,4577167.8719999995000,1673423.8848000000000,12,2,3,56,4,Female
7906,388342.1568000001000,523361.6544000001000,908528.4000000000000,4126878.9120000000000,973290.7392000000000,16,1,4,66,0,Male
7638,1755635.4816000003000,1177740.7200000000000,3666281.2992000002000,2916022.3871999998000,680009.1168000000000,7,2,2,65,3,Male
7427,105280.3440000000100,923448.3960000000000,3733501.8240000000000,5336134.1280000005000,115450.2960000000200,18,3,4,64,2,Female
9556,372283.3920000000500,155300.4960000000000,2936584.8720000000000,6126188.0160000010000,1507974.9360000002000,6,1,2,73,1,
9881,1011604.0480000001000,621503.3760000000000,2910461.4240000006000,3309990.5280000010000,481213.7200000000300,24,4,5,75,1,Male
1791,730042.5600000000000,164960.2800000000300,292771.6800000000000,1543377.6000000000000,318835.4000000000000,20,5,4,37,0,Male
1429,1017072.2880000001000,692513.1360000000000,698544.8640000000000,1093833.2160000000000,282221.1360000000000,4,4,1,36,1,Female
3365,739134.3167999999000,629498.5488000001000,2352594.9743999997000,3759375.6288000005000,1358458.5168000000000,1,1,1,45,4,Female
4015,112089.0672000000000,430047.6048000001000,1354509.6048000003000,1672934.6304000004000,294628.9896000001000,18,3,4,48,4,Male
7194,2018817.6840000004000,1120411.0710000002000,1380180.4379999998000,358285.3560000000000,786090.3570000001000,10,5,2,63,0,
3329,251208.9360000000200,706760.6040000002000,403202.8440000000400,2511262.5120000000000,687029.6400000000000,10,5,2,45,0,Female
8471,1107498.0384000002000,844429.1544000000000,2188615.2912000003000,3307513.9968000010000,907869.6432000000000,13,3,3,69,0,Male
8976,1644858.7584000002000,937448.1792000001000,376234.1856000001000,4477401.6768000005000,302701.6512000000000,3,3,1,71,4,Male
9183,1717305.4079999998000,732661.8624000000000,508098.6143999999600,6194546.0928000010000,1067908.6080000000000,11,1,3,72,4,Female
4639,511863.3216000001000,382171.3920000000000,2233350.4032000000000,2385309.7728000004000,660916.0224000000000,18,3,4,51,4,Male
8426,1766410.5888000000000,939587.3136000001000,2699225.9424000000000,1242293.6448000000000,666675.7344000000000,11,1,3,68,0,Female
1872,347925.5040000000000,900839.4240000000000,497441.3759999999300,3643261.4400000000000,837809.7600000000000,7,2,2,38,4,Male
1340,497432.0160000001000,344781.8640000000000,1254910.3200000000000,2375776.5120000000000,319830.6240000000700,15,5,3,35,0,Male
2572,1739650.7040000004000,298576.8720000001000,1911581.2320000000000,1579676.7360000005000,439328.5600000000600,20,5,4,41,2,Male
5525,781057.5360000001000,812432.0640000000000,1796118.6239999998000,2729949.3120000004000,739350.5280000000000,10,5,2,55,2,Male
2682,2455369.2240000004000,837281.4120000001000,1901147.6879999998000,2131690.1760000000000,765308.0160000001000,19,4,4,42,5,
237,3057297.6096000005000,552906.9935999999000,5283058.2480000000000,6839164.8000000000000,1532001.1824000003000,11,1,3,65,0,Female
9699,361703.7216000000500,1726211.2608000000000,2185898.8320000000000,4031912.8512000004000,488903.8752000000000,6,1,2,74,2,Female
8896,656517.5760000001000,909812.7480000000000,2014325.3520000000000,5079013.6800000010000,1526759.8320000002000,1,1,1,70,0,Female
2212,838993.9680000001000,194862.8160000000000,995888.0880000001000,2073919.9680000006000,230572.8000000000200,20,5,4,39,0,Male
5653,1914834.8160000000000,1355844.9600000000000,4117371.6959999995000,5668270.2720000010000,1005543.6480000000000,22,2,5,56,5,
5276,1774964.7360000000000,409679.1360000000000,2075742.2880000000000,3591753.9839999997000,528984.7200000000000,14,4,3,54,4,Female
7380,962469.5600000000000,314001.5840000000300,910208.5200000001000,1041560.6240000003000,408633.4720000000700,13,3,3,64,4,Male
745,816483.5328000002000,132909.8784000000200,2774602.7712000003000,172515.5328000000200,354958.2816000000500,20,5,4,65,3,Male
5366,822497.4720000001000,463148.9280000001000,1335422.8800000000000,1621019.3280000000000,441912.5760000000000,10,5,2,54,0,Male
8653,925358.0543999999000,745053.1920000000000,154770.7824000000000,5600618.8992000000000,1760062.0751999998000,6,1,2,69,0,Female
2860,1338213.8880000003000,324175.3680000001000,1528884.9840000002000,344685.0880000000500,138647.4320000000300,15,5,3,43,0,Male
9616,1361850.4640000002000,366931.6560000001000,1977463.8000000000000,2634085.3760000006000,404382.0560000001000,23,3,5,74,1,Male
2866,857058.8400000001000,1129746.0636000002000,1636335.7560000000000,965550.8016000001000,594674.5464000001000,8,3,2,43,0,Female
7722,2939078.9376000000000,319547.9664000000000,1794924.7056000000000,878588.0064000000000,790219.4976000000000,21,1,5,65,0,Female
2325,609766.2560000002000,209267.3440000000400,948502.7640000001000,923016.6880000001000,325190.9320000000300,8,3,2,40,4,Male
9095,1575897.0240000002000,159672.9680000000200,1724253.6480000000000,1270065.0560000003000,302582.9040000000400,9,4,2,71,0,Male
714,328637.4624000000000,1394139.8016000001000,1399746.4415999998000,1127361.0816000002000,728572.1040000000000,6,1,2,65,1,Female
393,2022932.6208000004000,470552.6591999999400,5317159.1615999990000,1157650.0416000000000,959371.1712000001000,6,1,2,65,0,Female
6643,2859007.8816000000000,1328049.2159999998000,298256.2128000000000,7218321.9264000010000,1177612.1136000000000,14,4,3,60,0,Female
6667,794667.2760000002000,1047188.3760000002000,963800.7210000000000,2705495.8320000004000,254090.8890000000200,10,5,2,60,1,
6685,1350182.7040000001000,171411.5520000000300,865073.9760000000000,834844.1920000002000,413895.8720000001000,8,3,2,60,0,Male
8052,439032.1520000000600,514643.2200000000300,807689.0640000000000,1158963.1040000000000,226106.1920000000400,23,3,5,67,0,Male
9227,2619077.4792000000000,409082.7780000000500,2796540.1308000004000,5405666.1984000010000,1139296.2984000002000,18,3,4,72,1,Female
4404,870916.5120000001000,370533.3120000000300,355225.9680000000000,187137.7920000000200,390129.4560000000000,5,5,1,50,4,Male
7692,1837944.8256000003000,228568.3296000000000,1333486.2528000000000,4461629.9520000005000,916948.0320000001000,22,2,5,65,1,Male
4697,218984.9472000000000,625170.0096000000000,457816.6655999999500,206539.5456000000400,788875.5456000000000,6,1,2,51,2,Female
1755,1110897.3600000000000,521783.6400000000000,3426603.8399999994000,4145526.2400000000000,459810.7200000000300,8,3,2,37,0,Female
2408,524851.7472000001000,753139.9656000002000,246026.1276000000000,572752.8576000001000,888466.2336000002000,11,1,3,40,0,Female
9494,1002516.5280000000000,1487504.4600000000000,1236617.9279999998000,6123433.6800000010000,861362.1120000001000,5,5,1,73,2,Female
8213,2445863.5968000000000,798038.9664000000000,1957523.8176000002000,3985427.0976000004000,667661.6544000002000,12,2,3,68,0,Male
9943,693598.7136000003000,1093760.3040000002000,1745729.1072000000000,3827957.9520000005000,328525.7664000000000,17,2,4,75,1,Male
1160,1050192.6400000001000,741080.6400000001000,1793801.5200000000000,252687.6800000000500,598808.2400000001000,25,5,5,35,1,Male
4041,825145.9920000000000,155740.5960000000200,2835313.2720000003000,3845233.3920000000000,374343.0240000000300,23,3,5,48,1,Female
2060,1661092.9919999999000,970841.2320000000000,206432.9279999999600,1050872.8320000000000,151221.1680000000000,14,4,3,39,0,Female
4065,1615162.6656000002000,370668.0384000000000,1831554.8064000000000,4645071.1296000010000,831344.3424000001000,9,4,2,48,2,Female
1269,470330.3999999999700,789144.6000000000000,1652521.6800000000000,305150.3999999999700,1077028.9200000002000,2,2,1,35,2,
9806,189025.0960000000200,217937.9800000000400,441209.6520000000600,1832529.0880000005000,418790.9440000001000,8,3,2,75,5,Male
8367,1423378.2420000000000,1094907.0600000000000,2662822.5390000000000,4499231.7240000000000,915954.9750000000000,1,1,1,68,2,
4517,2496687.4944000000000,445661.7408000001000,3524709.5567999994000,2785436.2943999995000,993828.7872000001000,24,4,5,50,0,Female
3831,521451.7440000000600,255985.5760000000300,2038670.0400000003000,317791.9360000000500,140988.5840000000300,5,5,1,47,3,Male
8000,286381.2640000001000,571388.6880000001000,2819397.0480000000000,470786.3680000001000,356779.4880000000700,13,3,3,67,5,Male
7527,1105006.5936000000000,554872.1256000000000,532101.1176000000000,653089.5072000001000,652990.4784000001000,5,5,1,64,0,Male
632,991448.6400000001000,298860.5880000000500,1545006.2160000000000,2028873.3920000002000,507393.0160000000600,21,1,5,65,0,Male
9626,571550.8032000001000,570667.2192000000000,3538616.3279999997000,4699417.1328000000000,703307.5919999998000,16,1,4,74,4,Female
4692,943275.5712000001000,437658.5088000000700,149058.6624000000000,1442292.4800000002000,1015582.4639999999000,4,4,1,51,2,Male
5369,1518668.9280000000000,720522.2400000000000,2210172.4800000000000,2831699.3280000000000,932336.1600000000000,13,3,3,54,0,Male
678,1667011.1328000000000,1832042.7216000000000,1239314.7311999998000,6701221.6128000010000,746345.4336000000000,1,1,1,65,0,Female
9302,1498718.6240000003000,295998.1440000000300,2097126.7200000000000,174618.4960000000400,326191.0080000000300,8,3,2,72,1,Male
7578,3702255.1488000000000,127871.4528000000000,2375425.3536000000000,3312202.2336000000000,1318234.1328000000000,11,1,3,65,4,Female
1973,1593015.2000000002000,212228.3200000000400,2110794.0000000000000,802493.1200000001000,483320.5600000000600,15,5,3,38,1,Male
1047,1666792.8000000000000,277919.2800000000000,1128254.0399999998000,3351574.0800000005000,1088101.0800000000000,19,4,4,34,2,
4892,2501406.4896000000000,1678534.9631999999000,3699524.7935999990000,6895071.8208000000000,1368731.6928000000000,22,2,5,52,1,Female
886,904272.1200000001000,565650.8100000000000,1835700.3000000000000,2261011.6800000000000,684425.8800000001000,9,4,2,33,0,
7340,1627742.6880000003000,342766.0080000000300,586601.4960000002000,2617239.0400000005000,681836.1680000001000,10,5,2,64,0,Male
1115,876747.6000000000000,506323.9440000000000,717237.9360000001000,1569147.8400000000000,387806.2560000001000,20,5,4,34,0,Male
7049,2321481.0060000005000,741690.0270000001000,3179312.0190000000000,3453941.5560000003000,656970.9120000000000,19,4,4,62,2,
6798,573698.5280000002000,476767.3040000001000,2327252.9280000000000,2746820.5440000000000,338999.3360000000700,23,3,5,61,1,Male
9937,3044512.2240000004000,751528.7520000001000,3809318.2919999994000,6080977.9680000000000,922423.3200000000000,11,1,3,75,2,
3446,856657.1376000001000,692446.5504000002000,881478.1800000000000,2057988.2400000002000,637730.0424000003000,10,5,2,45,2,Male
6480,1539819.5040000002000,577896.0120000001000,2475822.3480000000000,926581.2480000001000,893133.8640000000000,9,4,2,59,0,
7810,1734513.3312000004000,213915.4368000000200,1009787.1263999998000,2832346.9824000000000,1113211.6320000000000,3,3,1,66,4,Male
7476,231323.9760000000200,452635.9240000000600,381530.2920000000000,195986.9600000000200,313047.0200000000000,10,5,2,64,0,Male
9777,604155.6144000001000,339912.5184000000600,2214764.2296000000000,1451673.4752000005000,122219.7912000000000,18,3,4,74,0,Male
6341,997648.8768000001000,375507.4464000001000,1516068.8352000003000,3012053.2992000002000,643659.6096000001000,25,5,5,59,1,Male
766,1194068.6784000000000,1017705.0624000002000,1979405.6256000000000,4421549.6832000010000,289655.1840000000000,12,2,3,65,3,Male
3080,1113256.9536000001000,994884.9504000001000,1051660.3680000000000,3881035.6992000006000,662816.6688000002000,4,4,1,44,0,Male
7484,893254.7520000001000,1090185.7824000001000,2196404.8704000004000,182399.1936000000300,1146121.0176000001000,1,1,1,64,0,Male
768,449356.1279999999700,762625.4688000000000,2447523.1872000000000,1910662.0416000000000,886051.6704000001000,8,3,2,65,3,Male
9093,482990.1440000001000,757449.4720000001000,1904245.8240000000000,475608.2240000000500,563919.6160000000000,8,3,2,71,0,Male
4367,135385.5744000000000,1083235.9680000000000,1278224.7551999998000,4522728.9600000000000,732308.7744000000000,19,4,4,50,0,Male
9125,2118952.0560000000000,1436770.9200000002000,2201669.9639999997000,1162132.6080000000000,478876.1640000000000,16,1,4,71,0,Female
1158,1775159.2320000003000,250263.4560000000000,522901.7279999999000,2939642.1120000000000,343410.3360000000000,17,2,4,35,1,Male
4585,1931907.4559999998000,1111522.6944000000000,1590580.2815999996000,5537915.1359999990000,445942.5407999999600,24,4,5,51,0,Female
8874,1252191.6576000003000,377289.9000000000000,2804511.9024000000000,2344445.6256000010000,226727.1864000000400,18,3,4,70,1,Male
342,1067332.9680000000000,1226324.4239999999000,901368.9360000000000,4133450.2560000000000,1142796.5640000000000,1,1,1,65,3,
5616,1374323.7120000003000,767647.7760000001000,1388258.7840000000000,1226633.8560000001000,134607.3600000000000,4,4,1,56,0,Male
1307,212335.3600000000200,357524.4400000000600,1011055.3200000000000,296357.9200000000400,382639.0000000000000,5,5,1,35,0,Male
5990,611184.7440000001000,872161.6680000001000,1421749.9079999998000,1736666.3520000000000,433581.9840000000000,4,4,1,57,2,
2622,1762360.3008000003000,340776.7968000000700,2600462.3040000005000,3965594.6880000000000,274518.1824000000500,12,2,3,41,1,Male
4659,1572739.2000000000000,478649.0880000000000,1603437.9839999997000,4478753.0880000000000,296402.9760000000000,20,5,4,51,1,Female
2779,418067.4960000000400,406222.5024000000600,982807.4520000000000,167674.0032000000400,347486.9904000000700,18,3,4,42,2,Male
2154,496036.0800000001000,646751.5200000000000,202405.3920000000200,1556493.4080000000000,555409.7280000000000,20,5,4,39,3,Male
8768,789168.3280000002000,260808.7560000000500,686751.0000000000000,1040392.0800000001000,163989.3320000000500,3,3,1,70,4,Male
3182,1048749.5040000002000,910648.3584000003000,535089.4560000001000,2570298.5088000004000,869195.9232000002000,19,4,4,44,1,Male
9909,1982681.6256000004000,1450121.5872000002000,4629163.7808000000000,1180916.7552000002000,962055.0576000001000,21,1,5,75,2,Female
1972,701842.1400000001000,180215.5500000000200,2678910.0300000000000,3196514.8800000004000,244491.6600000000300,24,4,5,38,2,
9068,1000402.0000000000000,477333.1680000000600,457543.3200000000700,1946891.2320000000000,499433.7920000001300,19,4,4,71,2,Male
9825,2426596.2240000004000,193872.4320000000000,1404122.1480000000000,812695.7280000000000,1340231.2560000000000,13,3,3,75,4,Female
3172,1741920.4440000000000,941981.5944000002000,696032.0928000000000,2941054.1424000007000,474287.9724000001000,20,5,4,44,3,Female
3044,378051.0624000000000,337959.8639999999400,1396784.3472000000000,5512928.2560000000000,1400764.9392000001000,12,2,3,43,0,Female
7118,641782.0656000001000,665471.0088000001000,2523334.5072000000000,2419618.4064000007000,519123.7584000001000,15,5,3,62,0,Male
7129,1742899.3919999998000,471031.3296000000000,1067168.0448000000000,6165232.8192000010000,324004.2624000000000,5,5,1,63,0,Female
4285,2250229.4496000004000,1558608.6384000000000,3679698.8447999996000,5838883.1424000000000,1448779.4640000000000,7,2,2,49,1,Female
2363,856528.8160000002000,425907.8560000001000,929095.8600000002000,136025.4720000000000,335221.7000000000700,25,5,5,40,3,Male
1214,1291983.2640000000000,573242.4000000000000,3609089.1359999995000,4835856.3840000000000,1217610.5760000000000,14,4,3,35,1,Female
3902,1256271.6672000003000,599148.4752000002000,236675.7360000000300,1584610.4736000004000,367199.3160000000500,20,5,4,47,0,Male
5633,108814.4639999999900,192340.2240000000200,1891753.2288000000000,1680202.5984000005000,1017514.3680000001000,24,4,5,56,0,Male
3250,1830367.4400000000000,788450.2559999999000,2270924.2512000003000,5572570.9248000000000,492680.7071999999500,19,4,4,44,0,Female
7294,1120694.0160000000000,1466724.9480000000000,2020152.8880000003000,3176394.6240000003000,710934.7440000000000,6,1,2,63,0,Female
3239,835837.2000000001000,491084.2728000001500,977332.6728000001000,2919430.8000000003000,307437.3720000001000,13,3,3,44,2,Male
7062,1103720.7168000000000,1179917.4816000000000,5569007.5583999990000,6241480.1280000005000,451742.6160000000000,7,2,2,62,1,Female
540,2518012.9728000000000,894268.2528000000000,2037899.8224000000000,4664586.7008000000000,1384501.0608000000000,21,1,5,65,3,Female
3976,439876.8000000000000,553994.4168000001000,1760319.2376000000000,1062161.0208000003000,703820.4624000002000,25,5,5,48,5,Male
415,1600773.6576000005000,1230122.8992000000000,217491.5808000000300,1208022.5664000001000,489190.1664000000500,2,2,1,65,1,Male
4550,716444.3520000001000,384498.0576000000000,1704417.5520000004000,2183870.2464000005000,596881.9584000001000,5,5,1,50,0,Male
7007,550771.6240000001000,234246.8440000000000,274200.7320000000000,929949.6960000001000,134997.3560000000000,10,5,2,62,3,Male
2751,361011.7632000000400,485776.7904000000600,768137.3568000001000,2687009.3184000007000,651000.3456000000000,3,3,1,42,3,Male
7363,2733636.5784000000000,1320535.2888000000000,1575080.3483999998000,1777032.1296000003000,699656.5836000000000,18,3,4,64,1,Female
9368,336152.5440000000500,793069.0560000001000,241874.0999999999800,2286335.3760000000000,1343154.8520000002000,1,1,1,72,0,
2362,1364499.4176000003000,727245.3672000003000,1885680.0864000001000,2814763.5648000007000,476374.5360000000000,18,3,4,40,3,Male
8878,515430.7392000000000,216765.1200000000000,2336876.7552000000000,392293.3248000000600,1183460.0544000003000,1,1,1,70,1,Male
545,315090.0480000000000,521255.4360000001000,2903941.8720000000000,559888.9920000000000,233488.6320000000000,6,1,2,65,1,Female
7398,3158830.3968000000000,196627.9535999999800,4561800.4224000000000,150095.4624000000200,1109946.0528000002000,12,2,3,64,1,Female
5059,1368693.7920000000000,681421.6800000000000,2559280.3200000000000,2481579.0720000000000,620481.7440000000000,1,1,1,53,4,Female
1482,220103.0400000000000,465494.2080000001000,135653.4719999999800,2340227.3280000000000,421985.3760000000500,14,4,3,36,2,Male
406,1552653.7728000004000,721517.7216000000000,2282365.2384000000000,2836709.9904000005000,404168.0448000001000,17,2,4,65,0,Male
6697,1073579.2704000003000,321833.5848000000000,2495653.8048000000000,2763544.3056000005000,251309.5416000000300,17,2,4,61,0,Female
5282,331061.4720000000000,509190.8832000000400,1662792.1056000001000,3209928.6528000003000,811674.7776000000000,25,5,5,54,4,Male
8825,2128582.3104000003000,371938.1952000000000,878276.1312000001000,636353.7024000001000,137559.3024000000200,22,2,5,70,2,Male
7701,457515.2400000000500,109487.3520000000100,1077570.7800000000000,271743.4720000000000,272652.4840000000500,19,4,4,65,0,Male
1054,2104513.6320000000000,432068.3999999999700,1938603.4559999998000,1691439.5520000000000,320341.5360000000000,14,4,3,34,1,Female
5165,2293414.2720000000000,218277.7344000000200,391129.3440000000000,2978788.6079999995000,1054486.3104000000000,7,2,2,53,0,Male
341,990515.2140000002000,304409.1960000000500,2409637.4640000000000,2765629.6200000000000,637250.2110000000000,23,3,5,65,3,
5594,3038872.2047999995000,710679.9167999999000,1589962.8671999997000,4814107.7760000000000,437931.3600000000000,7,2,2,55,0,Female
9436,614871.8784000000000,712485.0720000000000,2989530.4608000005000,960980.4672000001000,931499.7120000002000,17,2,4,73,1,Male
6304,1601739.8784000003000,701113.3056000000000,708624.8064000000000,3332638.3104000003000,1142824.7808000000000,17,2,4,59,5,Male
3173,1591450.5024000000000,1190950.8336000000000,3104323.8336000000000,582995.0016000001000,742806.5040000001000,6,1,2,44,1,Female
3841,436811.2320000000000,363480.3744000001000,788715.1008000000000,1005520.2432000001000,725328.9120000001000,23,3,5,47,3,Male
2766,2443025.3759999997000,1397985.4944000000000,699193.1231999999000,2733910.5024000000000,1251691.6896000000000,15,5,3,42,2,Female
6738,111804.0768000000000,709998.4944000000000,5231393.8560000000000,7267560.0192000010000,628461.2880000000000,14,4,3,61,4,Female
5560,1459812.6719999998000,1150967.9231999998000,1884300.0191999997000,2972068.7616000000000,1408061.3184000000000,1,1,1,55,0,Female
6048,1082362.2911999999000,1133088.4223999998000,3100287.0527999997000,1524972.9024000003000,754744.4352000001000,16,1,4,57,0,Male
3384,244862.1120000000000,609197.5296000000000,309003.5520000000000,2528894.0160000003000,106151.5488000000000,4,4,1,45,4,Male
7768,1115881.2288000002000,753516.6912000001000,1578843.7704000000000,2866258.6992000000000,519102.8856000000400,6,1,2,66,0,Female
631,317671.8480000000600,366629.2344000001000,2598382.5192000000000,457756.4160000000000,130182.0624000000100,8,3,2,65,0,Male
574,1607192.1840000001000,348080.6160000000000,1410413.4720000000000,3469909.2480000006000,419015.3760000000500,1,1,1,65,3,
8203,468367.6608000000700,944208.7200000001000,1422096.9984000002000,4190330.2272000005000,475751.5776000000000,2,2,1,67,0,Male
6329,1238361.8688000003000,483427.4400000000000,712341.4752000000000,1292500.4544000002000,651951.5904000001000,17,2,4,59,4,Male
9982,2064720.5280000000000,624162.4272000000000,2337880.1471999995000,7332968.4480000000000,193085.9424000000300,1,1,1,75,0,Female
8643,416297.0240000001000,411943.1680000000600,351909.6360000000000,576882.1760000001000,357832.5920000000600,3,3,1,69,1,Male
6964,1707696.4320000000000,503490.0000000000000,1450444.0080000001000,1054652.3520000002000,738984.2720000001000,13,3,3,62,4,Male
4513,383611.1040000000500,613208.4480000000000,2646999.6480000000000,5559046.2720000010000,455655.1680000000000,4,4,1,50,1,Female
1699,1064953.7280000001000,906849.5040000001000,1349110.0800000000000,1311578.8800000001000,215675.2320000000200,19,4,4,37,2,Male
311,1423326.1536000000000,513178.4735999999700,3233911.2623999994000,6895994.9760000010000,1037850.4656000001000,11,1,3,65,1,Female
4519,1482460.1855999997000,1190067.2064000000000,2633726.0159999994000,3856308.4799999995000,877100.8319999998000,20,5,4,50,0,Female
115,2413483.4880000004000,766792.2912000001000,3331333.3248000000000,427914.7392000000000,452844.7872000001000,21,1,5,65,2,Male
2874,557078.8608000001000,821241.9468000003000,2861979.3180000000000,4695123.3120000010000,101430.3708000000200,15,5,3,43,0,Female
7428,339078.4800000000400,949466.5440000001000,4208866.7400000000000,5669921.0880000000000,497428.6200000000000,24,4,5,64,2,Female
1914,699585.2640000001000,544959.2880000001000,1584818.3520000002000,1732233.3120000002000,511493.6880000001000,15,5,3,38,3,Male
8096,2179731.3408000000000,154643.9232000000200,2000819.4335999999000,4435664.5632000010000,329601.7920000000000,19,4,4,67,2,Male
8511,1788901.9200000002000,207704.9520000000200,2272818.5064000003000,1285180.4160000002000,430681.9608000001000,8,3,2,69,4,Male
9198,711973.7040000001000,466010.8960000000000,692085.1080000000000,1100534.6560000002000,433557.9040000001000,14,4,3,72,4,Male
2975,744601.4400000001000,347782.5120000000500,1149686.6040000000000,4579229.9520000005000,308959.5960000000000,24,4,5,43,3,
34,219713.9360000000500,1033427.9280000002000,1323857.1840000001000,2291864.6400000000000,541508.6560000001000,24,4,5,65,1,Male
3274,1695249.8112000006000,271164.4320000000300,2161143.0720000000000,2624597.6064000004000,385543.3824000000600,17,2,4,44,1,Male
4219,1759319.3376000004000,248395.4352000000700,4667551.2576000000000,1920518.8992000000000,730071.3024000000000,15,5,3,49,1,Female
1507,291261.3600000000000,786372.6000000000000,2098638.0000000000000,3114232.8000000000000,208434.2400000000200,23,3,5,36,1,Female
2308,286477.8048000000000,960572.8704000001000,2663259.3504000003000,2038010.3040000005000,323693.8848000000600,2,2,1,40,4,Male
579,2952635.5872000000000,1086817.3056000000000,3307675.7375999996000,601671.2832000001000,1143768.7872000000000,11,1,3,65,2,Female
5029,906388.4160000001000,384983.7120000000600,536150.7359999999000,367259.5200000000000,463187.2800000000000,19,4,4,53,0,Male
1678,176722.0800000000200,222613.8000000000200,778469.2800000000000,816078.7200000001000,372494.2000000000000,20,5,4,37,1,Male
5875,597706.5600000000000,238323.7080000000000,200591.9640000000000,2113410.0960000000000,689503.8600000000000,3,3,1,57,5,
1682,785083.4400000001000,261970.5200000000200,382395.2400000000000,465635.8400000001000,244298.8000000000200,25,5,5,37,1,Male
2005,781767.0720000000000,620351.0640000001000,1318942.0080000001000,300513.8880000001000,553282.9200000000000,15,5,3,38,1,Male
7909,939002.9376000002000,1105832.8320000000000,843079.5360000000000,783043.6224000001000,277909.1328000000000,21,1,5,66,0,Male
4045,1822683.6672000003000,346493.8752000000700,296273.5776000000000,2039695.6800000002000,658766.1696000000000,18,3,4,48,1,Male
3726,1191567.6960000000000,286032.9120000000000,2301887.0160000003000,1036527.3600000000000,128520.7440000000200,14,4,3,46,0,Female
1131,673831.0079999999000,923478.7680000000000,1798126.5600000000000,4933684.2239999990000,1193663.3760000000000,12,2,3,35,0,Female
8323,2432986.2960000000000,566204.6520000000000,547824.8879999999000,1328188.3680000000000,1387085.2320000000000,6,1,2,68,3,
6907,1105102.5024000000000,636649.9776000000000,3679235.9135999996000,2761100.1600000000000,160554.2016000000300,2,2,1,62,0,Male
3954,303444.9792000000600,292982.1048000001000,1953821.8656000000000,2662341.5808000010000,347395.5144000000400,15,5,3,48,0,Male
1172,1510872.5760000001000,521100.3840000001000,1850697.2159999998000,3027348.4800000004000,476946.5280000000500,4,4,1,35,4,Male
6071,1495970.0352000000000,250030.5408000000200,1446014.0736000000000,2679008.6016000006000,315730.4832000001000,10,5,2,58,0,Male
460,2207756.7720000003000,409907.8620000001000,358617.0510000000400,2959430.2920000004000,764150.6340000001000,6,1,2,65,0,
6845,1147256.6976000000000,1687006.7136000001000,2040134.4287999999000,5586360.2496000010000,255018.4416000000500,24,4,5,61,0,Female
4363,760887.1295999999000,993647.5199999999000,4618319.3279999990000,4057923.2256000000000,601645.5359999998000,14,4,3,50,0,Female
3758,198148.5792000000000,363671.9856000001000,2655884.7216000003000,5569258.4640000000000,1394491.0320000001000,4,4,1,47,0,Female
183,1015226.5344000002000,1164132.9024000003000,1247255.5680000002000,1462368.4608000002000,632159.4240000000000,17,2,4,65,0,Male
5277,851580.1728000000000,987848.0064000000000,3944349.5615999990000,6191527.6799999990000,1426275.4752000000000,12,2,3,54,4,Female
8549,3262051.7279999997000,1254552.6239999998000,5009373.7200000000000,5652502.5024000010000,1614962.9807999998000,1,1,1,69,1,Female
9148,1528110.4800000002000,284248.8480000000600,663961.8960000002000,2847970.5280000004000,194592.0080000000300,8,3,2,72,0,Male
4737,189454.4640000000000,1220341.7664000000000,288606.7584000000000,268027.3151999999500,1203445.3824000000000,10,5,2,51,0,Female
2249,1520527.4880000001000,166283.2320000000200,1424784.3840000000000,2387723.1360000004000,282263.4240000000000,4,4,1,39,0,Male
6441,1414583.6544000000000,389875.9392000000000,492699.2831999999500,2265376.5504000000000,608911.0848000001000,3,3,1,59,1,Male
7785,1817765.1648000001000,336377.3088000000600,451239.9840000000500,2669584.3200000000000,1160039.0880000000000,22,2,5,66,5,Male
3739,251482.6160000000400,269690.1680000000600,1228431.9960000000000,489532.5600000000600,239482.4080000000500,20,5,4,46,0,Male
2552,989003.0700000001000,166688.7750000000200,2212981.4520000000000,1770696.1800000002000,629782.0650000001000,25,5,5,41,3,
2758,1528801.7580000004000,146892.9330000000200,868920.1290000001000,2882157.6960000010000,806055.5250000001000,11,1,3,42,3,
9186,855580.7520000001000,593789.6640000000000,485891.1720000000000,5382913.5360000000000,1029194.2440000001000,3,3,1,72,4,Female
2999,603744.8560000001000,246616.1280000000800,1140362.9160000000000,790721.1840000001000,206881.1800000000500,20,5,4,43,2,Male
9378,2359669.8528000000000,583144.0992000000000,1585970.7552000000000,6485934.8736000000000,1657475.7264000000000,6,1,2,73,0,Female
355,2538662.5680000000000,1513866.2760000003000,3458394.5760000004000,4190265.4560000002000,1241309.1600000000000,6,1,2,65,2,Female
4749,1632267.8784000003000,567336.1536000000000,2665701.2735999995000,751905.7920000000000,812021.6448000000000,17,2,4,51,0,Male
5598,2051129.7792000000000,175644.6335999999700,515282.3423999999000,969349.2479999999000,1232045.6832000000000,22,2,5,55,0,Female
5515,868490.3040000000000,610623.1680000001000,323676.2880000000000,2163831.5520000000000,296339.1360000000600,25,5,5,55,2,Male
2613,1617821.9904000002000,854133.9840000000000,1884628.9440000001000,902075.7504000001000,650212.0416000001000,7,2,2,41,0,Male
4288,2058916.4640000000000,863417.0160000001000,2604903.8400000003000,629773.0560000000000,798809.1408000000000,24,4,5,49,0,Female
1426,1208386.4400000002000,851470.7400000001000,2693929.3200000000000,2685244.6800000000000,733862.9700000001000,20,5,4,36,4,
2272,1460196.4080000003000,1257092.7600000000000,2052728.1720000000000,1840505.5680000004000,887573.8080000001000,16,1,4,40,0,Female
6731,2192330.2752000000000,1540950.2784000000000,4314299.3712000000000,5162033.2608000000000,1614609.7344000002000,4,4,1,61,1,Female
2937,600170.4192000001000,883037.5488000002000,2464823.4336000000000,661436.5824000001000,1005536.0832000001000,9,4,2,43,0,Male
7814,355171.6480000000400,476580.1040000001000,1262158.0920000002000,330146.3360000000700,457957.7080000000400,13,3,3,66,4,Male
8862,1889242.1184000000000,1134347.3856000002000,475761.6864000000000,3351958.7712000010000,249246.3168000000300,7,2,2,70,0,Male
5230,1435049.5680000002000,114596.2080000000100,2872408.1760000000000,2996464.3200000000000,1165695.5520000000000,7,2,2,53,0,
7288,869750.2320000001000,1118178.9840000000000,1224856.1520000000000,5790670.0800000000000,956270.7959999999000,16,1,4,63,1,
8889,538932.1600000000000,375483.0560000001000,2310446.4240000000000,2429180.0000000000000,517475.5040000001300,13,3,3,70,0,Male
3942,715628.8480000002000,425969.1480000000400,232696.9920000000000,1314380.1440000003000,367457.7280000001000,10,5,2,47,0,Male
8475,500534.2368000001300,220114.2528000000500,826805.4912000000000,2440359.4176000003000,343564.0416000000600,3,3,1,69,0,Male
6198,2739273.1200000000000,343528.7039999999700,4138347.4560000000000,1680054.3360000000000,715663.8720000001000,17,2,4,58,2,
5776,1204839.6480000000000,1317613.6800000000000,2060343.6479999996000,2602423.2960000000000,456046.5600000000000,5,5,1,56,0,Female
5147,206593.2480000000200,447640.4640000000000,804875.1840000000000,325754.1120000000000,195082.8480000000000,11,1,3,53,2,Male
6210,770157.5039999998000,987760.7999999999000,3791100.2399999993000,1245984.1920000000000,738287.4240000000000,19,4,4,58,0,Female
2554,1721458.1340000003000,467938.7460000000400,1397581.6140000000000,2267106.7320000003000,922617.2340000003000,13,3,3,41,3,
4858,2025316.5695999996000,1042747.9487999998000,4167458.5535999990000,4731894.3744000000000,147773.8943999999600,17,2,4,52,4,Female
6987,203013.7200000000000,1466556.0000000000000,2744846.6760000000000,4436195.7120000000000,255658.7280000000300,23,3,5,62,1,Female
7452,100991.1760000000200,241477.8600000000200,798616.8840000001000,1115831.1840000001000,114746.6840000000100,20,5,4,64,2,Male
1573,754796.8800000001000,625136.6160000002000,1395950.3280000000000,1478852.3520000002000,581636.1600000000000,15,5,3,36,0,Male
3910,1443110.1696000001000,248799.7248000000500,317552.7168000000000,3441940.3392000003000,657079.5264000001000,18,3,4,47,0,Male
6149,352991.2320000000000,232335.3600000000200,1341430.8480000002000,1430284.8000000000000,228342.4320000000000,5,5,1,58,1,Male
6891,708183.1120000002000,473733.2600000000700,834675.1920000000000,1473183.7120000003000,396490.0160000000600,5,5,1,61,0,Male
2927,573526.2720000000000,992394.5856000002000,1650352.1760000002000,3019667.9040000006000,599379.4752000001000,19,4,4,43,4,Male
780,2624524.0320000000000,1332945.4320000000000,1284612.7319999998000,1232641.4880000001000,675026.9760000001000,16,1,4,65,2,Female
1606,637809.2160000000000,872123.9040000000000,496509.1200000000000,2747965.4400000000000,326037.4080000000000,8,3,2,37,5,Male
7854,2181400.6656000004000,540942.3552000000000,3059149.0175999994000,197654.2464000000300,833690.5824000001000,12,2,3,66,2,Male
2092,571783.8720000001000,909744.8640000001000,1308176.0640000000000,340038.1440000000300,725174.0160000001000,4,4,1,39,5,Male
4746,383947.4880000000700,299003.2799999999700,1355801.7600000000000,1578506.6880000000000,153998.8320000000200,8,3,2,51,0,Male
3655,328956.1440000000300,162650.1360000000300,2279893.9680000000000,4264135.3920000010000,1179691.5240000002000,14,4,3,46,2,Female
9524,1485100.6560000002000,749449.8960000001000,4053844.5480000000000,4586908.5600000005000,1491503.6760000002000,1,1,1,73,1,Female
5848,2320082.7840000000000,1012339.8720000000000,3131748.1440000000000,3521055.7440000000000,1132242.9120000000000,18,3,4,57,0,Female
8630,579586.5504000001000,578319.8616000001000,2320979.3568000000000,3225351.9168000002000,481192.8264000000000,3,3,1,69,0,Male
7244,769238.0800000001000,313801.1240000000700,1490863.4520000003000,1127074.2080000000000,380424.2000000000000,20,5,4,63,2,Male
9187,2412390.2399999998000,123118.8192000000000,1387001.4911999998000,785408.8319999999000,253672.8480000000000,21,1,5,72,4,Female
9808,1785198.8544000003000,679302.9984000000000,3177281.5776000000000,1923182.9760000003000,589107.5424000000000,22,2,5,75,5,Male
4506,317875.7376000000500,1013093.3376000001000,540126.4896000001000,4396702.0032000000000,849552.5376000000000,9,4,2,50,2,Male
7143,519856.2720000000000,589966.0416000001000,177410.5632000000000,2692143.0432000007000,836362.8936000002000,15,5,3,63,5,Male
2199,217826.1600000000000,1112590.9200000002000,2827636.9200000000000,1464379.6800000002000,403676.5200000000000,4,4,1,39,1,Female
4291,1076005.3392000000000,542402.0712000001000,1053842.3676000000000,1602505.5552000000000,647191.6308000000000,1,1,1,49,0,Female
7488,420130.0480000000700,624219.9600000001000,1749079.1760000000000,860336.2560000000000,296294.5440000000500,25,5,5,64,1,Male
7866,2590500.7440000000000,977062.1640000001000,802979.4240000000000,856218.4800000000000,1545301.2120000003000,6,1,2,66,2,Female
3241,1801847.7840000002000,569066.6520000001000,3522165.7680000000000,977084.5920000002000,1015356.8040000001000,20,5,4,44,2,
334,590880.0560000001000,209169.5320000000400,581543.8200000001000,1495895.4400000002000,389885.9120000000700,18,3,4,65,3,Male
3392,819435.2760000002000,676580.2560000000000,2555068.7250000000000,299372.8320000000500,560200.4100000000000,19,4,4,45,0,
5441,2181230.6688000006000,996780.3264000001000,931647.0528000000000,508807.9872000001000,1137913.6896000000000,7,2,2,55,5,Male
5947,961266.7008000000000,263011.4496000000500,2064732.7680000002000,1206993.8304000000000,863127.2736000001000,18,3,4,57,1,Male
9239,1497612.3552000003000,357302.8368000000500,2057578.0056000005000,2081853.0720000002000,679402.9944000001000,18,3,4,72,3,Male
1717,724789.7600000001000,572760.0800000001000,2036093.0400000000000,1642776.0000000000000,409495.3600000000400,15,5,3,37,2,Male
5339,1858637.9519999998000,802973.1456000000000,3121205.8752000000000,2701891.1232000003000,894496.2048000001000,4,4,1,54,2,Male
8983,330339.3600000000000,513593.3088000000600,239665.4208000000000,595298.4960000000000,943479.7632000000000,16,1,4,71,4,Male
564,174285.8000000000200,345119.2680000000400,287136.8760000000000,174257.8240000000200,177865.9480000000300,8,3,2,65,3,Male
8277,760371.3936000002000,624937.6224000001000,1308838.2840000000000,1482833.6640000000000,453016.2312000001000,18,3,4,68,4,Male
4856,527123.2896000000000,758836.3392000000000,1329176.5632000000000,3995592.1919999993000,699259.7376000000000,22,2,5,52,4,Female
1774,1015756.7999999999000,489064.8960000000700,158809.8240000000000,585729.7920000001000,477359.9040000000400,9,4,2,37,1,Male
3760,1202662.4544000000000,1484299.7136000001000,1767151.9008000000000,1144365.2352000000000,913018.3920000000000,16,1,4,47,0,Female
4464,1687392.9600000000000,549022.7520000001000,1873178.7840000000000,2320281.9840000000000,168900.4800000000000,15,5,3,50,2,Male
2057,104993.0880000000000,503924.1600000000300,367872.1920000000400,231043.5840000000300,936894.9120000001000,4,4,1,39,0,Male
1496,945022.7520000001000,305076.3120000000300,304841.4480000000000,1367481.3120000002000,335891.5920000000600,10,5,2,36,2,Male
6808,3436965.0432000000000,1006469.3808000000000,2618543.6783999996000,5907358.8288000000000,1641603.5999999999000,4,4,1,61,2,Female
7021,673853.2320000000000,851940.0240000000000,259617.3840000000000,5853921.8400000000000,992924.3999999999000,1,1,1,62,2,Female
3711,819636.8400000001000,475283.7540000001000,951045.9750000000000,1065604.3200000000000,124864.7400000000000,18,3,4,46,1,
8261,173799.7248000000300,515604.3360000000000,1903348.8864000002000,3262968.8832000005000,728672.2559999999000,17,2,4,68,4,Male
5974,920830.3680000000000,162451.8720000000000,565195.6800000000000,841546.5600000000000,158267.4240000000300,10,5,2,57,2,Male
502,3433947.3792000000000,1839795.0479999997000,5125508.6687999990000,4823010.3168000000000,873965.2896000000000,16,1,4,65,4,Female
3009,1518763.9104000002000,228769.8335999999800,3441770.4816000000000,1645746.8544000003000,1377800.4239999999000,9,4,2,43,0,Female
5337,1794563.4815999998000,741313.7279999999000,1115343.8207999999000,4388436.1728000010000,407200.4352000000700,22,2,5,54,2,Male
184,444020.4080000000500,436492.4200000000400,668260.9440000001000,1430658.7360000003000,152451.1040000000200,9,4,2,65,0,Male
901,1033147.6560000001000,1067608.0800000000000,134288.9279999999900,431454.3840000000000,994634.5320000000000,15,5,3,34,0,Female
3038,3076597.8144000000000,882281.5056000001000,3771621.5328000000000,6082457.3568000000000,426513.2256000000000,17,2,4,43,0,Female
4549,782821.7856000000000,781421.8752000002000,3131638.5023999996000,1181532.2112000000000,292615.9488000000000,17,2,4,50,0,Male
3670,784491.4176000003000,598032.7584000000000,2944504.8864000000000,1455974.7840000000000,600763.8912000001000,17,2,4,46,2,Male
3890,1706587.3440000000000,1214967.6000000000000,4072322.8656000000000,4312299.9744000010000,444210.1488000000000,12,2,3,47,1,Female
5307,142400.6783999999800,357950.5344000000000,4452120.2880000000000,6312868.5312000000000,1441801.9008000000000,17,2,4,54,1,Female
1882,241552.0800000000200,647808.3360000000000,1213267.0320000001000,2819400.7680000006000,131398.8480000000300,10,5,2,38,3,Male
3255,576125.2992000001000,717846.6240000000000,2900163.6576000005000,313282.6752000000600,364892.3520000000000,24,4,5,44,0,Male
3505,369893.5020000001000,919055.6100000001000,539144.9910000002000,157045.2840000000000,620874.9360000001000,3,3,1,45,1,
2659,1402683.7440000002000,859015.9776000002000,2685518.0352000000000,3674418.7392000000000,413386.0896000000600,23,3,5,42,0,Male
397,855577.6320000001000,387127.2288000001000,3327517.8144000000000,3486391.3344000005000,1094978.1024000002000,23,3,5,65,0,Male
3486,836017.9520000000000,337095.0000000000600,622111.3800000001000,1486879.3280000002000,192073.2000000000400,8,3,2,45,0,Male
2387,1997282.2848000000000,1031958.5760000001000,618483.5712000000000,4116206.4768000010000,909568.2816000002000,23,3,5,40,2,Male
5112,1586203.7759999998000,741007.9584000001000,1246630.9536000000000,344806.8480000000000,400843.9008000000000,15,5,3,53,3,Male
2564,1913714.8800000001000,840509.8680000001000,3448578.6720000007000,1704572.4960000000000,1047334.3320000002000,3,3,1,41,2,Female
5162,1820302.5600000000000,873725.3280000001000,282097.7279999999400,4615030.6560000000000,1002598.5599999998000,22,2,5,53,0,Female
1370,1358079.1200000000000,1006017.4800000000000,2348530.1999999997000,533008.3200000001000,249283.8000000000000,3,3,1,36,0,Female
6811,699940.7999999999000,762400.6416000001000,1575838.3679999998000,6759730.5984000005000,778735.1520000001000,9,4,2,61,2,Female
3253,1466598.0384000002000,1302388.7184000004000,2220783.9983999995000,4692393.4464000010000,1142924.5872000000000,22,2,5,44,0,Female
9220,2302578.2208000002000,820336.7328000001000,283219.7472000000000,1639810.5984000002000,695254.6847999999000,22,2,5,72,3,Male
6635,2333745.5232000006000,1215896.6976000000000,1341424.2815999999000,4065314.5728000007000,174641.0016000000500,9,4,2,60,1,Male
3932,800551.3824000002000,979669.3500000000000,2343530.2967999997000,3659541.8112000003000,1110643.6176000002000,21,1,5,47,0,Female
147,1693691.0016000003000,320723.8944000000000,2151124.9344000000000,3388785.7536000004000,1246063.3536000000000,3,3,1,65,2,Male
1080,605844.6400000000000,294976.6400000001000,342012.0000000000000,683240.8000000000000,328106.0400000000400,10,5,2,34,1,Male
3868,228264.6960000000500,1075644.6360000002000,2432051.8200000000000,1791206.2080000003000,791680.1640000001000,4,4,1,47,2,Female
2198,169465.9200000000000,1175811.5999999999000,2315928.2399999998000,2264232.4800000000000,238527.8400000000000,19,4,4,39,1,Female
9150,702387.8160000000000,533525.9280000001000,1024202.0880000000000,6102937.7760000010000,1514498.8560000001000,11,1,3,72,0,Female
5940,1111556.2752000003000,499428.9792000000600,1145768.7167999998000,1731530.6496000001000,999408.2688000000000,2,2,1,57,1,Male
4698,706276.2240000000000,512428.8960000000000,2072728.2239999997000,1087265.6640000000000,655548.0480000001000,11,1,3,51,2,Female
7200,424244.2463999999500,1351267.4448000000000,3699858.4271999993000,5239980.3456000010000,1073185.4016000002000,24,4,5,63,1,Female
3206,1201816.1760000004000,484108.4160000001400,1872578.1360000000000,3231181.8880000003000,338784.4240000001000,25,5,5,44,2,Male
6874,1349492.9760000000000,1257489.9792000002000,3656460.2255999995000,4697695.6416000010000,1569529.1664000000000,24,4,5,61,0,Female
6787,1837977.0240000002000,1073641.1400000001000,2804815.7279999997000,2693471.6640000003000,869788.9199999999000,1,1,1,61,1,Female
5505,575842.6944000002000,471840.6816000000700,623105.6544000000000,2396364.4800000004000,133601.2704000000000,15,5,3,55,3,Male
6280,3255381.2735999995000,738402.2208000000000,2096062.7903999998000,3910233.8304000003000,510222.2400000000000,9,4,2,59,0,Female
4580,172228.2240000000500,807616.0320000001000,1115121.8880000000000,292884.4800000000000,642212.7360000000000,20,5,4,51,0,Male
5345,840187.4688000000000,667074.2400000001000,269116.3007999999700,1404640.9728000000000,266390.7840000000000,3,3,1,54,2,Male
1362,2095310.5920000000000,645592.4640000000000,1987599.7079999996000,3828142.9440000000000,524996.7480000000000,18,3,4,36,0,Female
1022,1530829.7280000000000,334139.0400000000000,928532.5919999998000,5297704.7040000000000,639769.8240000000000,12,2,3,34,2,Female
4185,1663679.9519999998000,471332.0304000001000,4702810.6224000010000,784794.7008000000000,800491.9824000001000,11,1,3,49,4,Female
5697,610095.0240000000000,488102.5440000000500,881904.6720000000000,1723755.1680000000000,486919.0799999999600,20,5,4,56,4,
5615,2260125.2160000000000,841165.6320000000000,1342834.8479999998000,2738310.3360000000000,1085780.3040000000000,14,4,3,55,0,
2016,2723328.0000000000000,958088.8800000000000,2376165.4560000000000,2139849.2160000000000,192163.3920000000000,4,4,1,38,0,Female
1862,668479.5200000000000,314491.3200000000700,1137093.1199999999000,361750.5600000000600,339623.0400000000400,20,5,4,38,4,Male
4267,237393.3760000000500,406004.5440000001000,1043820.8879999999000,946974.3360000001000,715826.9360000002000,8,3,2,49,2,Male
7367,157503.3408000000000,673089.0192000001000,3000464.8127999995000,3210471.7632000004000,872469.7488000000000,12,2,3,64,4,Female
8010,693667.8528000001000,955417.2576000001000,1987291.9872000000000,1345214.7072000003000,1014052.5408000002000,3,3,1,67,1,Male
1208,2808383.6160000000000,1260317.0880000000000,2274710.2559999996000,2951739.0720000000000,1195619.9040000000000,22,2,5,35,1,Female
91,1245528.2112000000000,1046393.4624000001000,474349.0751999999600,1740357.4656000002000,794573.1456000002000,3,3,1,65,1,Male
4223,1470346.4160000002000,520499.5488000000500,1457810.7192000002000,2086946.9280000003000,713762.6760000001000,10,5,2,49,1,Male
2581,1243081.0656000003000,682421.6520000001000,1845335.1312000004000,1692178.3296000005000,142443.1800000000500,10,5,2,41,2,Male
8915,775102.1616000003000,422978.7744000000500,1778627.6352000004000,2790788.8320000004000,538936.2576000000000,9,4,2,70,0,Male
3363,2848434.0192000004000,436185.2880000000000,3834149.2992000002000,633982.0608000001000,1556258.7744000002000,15,5,3,45,4,Female
5395,1716922.8288000000000,1519055.7696000000000,3289433.5872000000000,5038820.3520000000000,974704.6656000002000,10,5,2,54,0,Female
7540,1836423.7632000002000,612492.3792000001000,1018700.2800000000000,272626.0992000000000,1635514.7328000000000,21,1,5,65,0,Female
2386,1314862.9824000003000,846593.1936000002000,2144697.3504000003000,927344.9856000002000,127178.9376000000300,19,4,4,40,2,Male
9797,1998523.9872000003000,757072.2432000000000,2852060.1408000006000,4506581.4144000000000,601391.9808000001000,5,5,1,75,0,Male
8585,2025327.6575999998000,245576.4480000000000,2275814.9231999996000,6759753.8111999990000,1482360.6096000000000,6,1,2,69,2,Female
3874,1155538.6128000005000,212140.9224000000700,1115021.6352000001000,2052935.2800000003000,662260.6584000002000,10,5,2,47,2,Male
4292,1088214.1776000003000,717566.4936000002000,330003.9468000000300,4094881.5600000005000,504403.5348000001000,5,5,1,49,0,Female
7777,402231.6480000000400,872051.8560000000000,654308.5535999999000,2264464.0512000000000,866815.2480000000000,23,3,5,66,0,Male
2918,357522.5280000001000,408303.4560000000600,141521.9520000000200,515367.6000000000300,161630.8320000000500,5,5,1,43,4,Male
6698,1427860.5120000003000,1119330.8880000000000,1701986.8320000002000,262788.2400000000000,723358.5840000000000,1,1,1,61,0,Female
2828,1738091.3088000005000,863772.8352000001000,379469.3760000000500,2067041.0112000000000,222782.9472000000200,12,2,3,42,0,Male
902,1684736.1600000000000,680168.0400000000000,771772.6800000000000,4498023.8400000000000,711733.6800000000000,14,4,3,34,0,Female
2082,617281.0400000000000,316110.0000000000000,598976.7600000000000,223845.6000000000000,298227.5200000000000,20,5,4,39,0,Male
4790,377606.7840000000000,283497.1200000000000,461696.4000000000000,1070923.7760000000000,173641.3440000000400,5,5,1,51,0,Male
7456,778350.0400000000000,378226.1080000000000,1411985.1720000003000,1024094.8640000001000,381032.0800000001000,3,3,1,64,2,Male
4809,615147.8400000000000,759274.9920000000000,3206764.5119999996000,1677737.6639999999000,1101314.8800000000000,23,3,5,52,0,Female
9650,1924122.4704000002000,1184347.7568000000000,1686554.0640000002000,1875536.8320000002000,603635.7600000000000,9,4,2,74,3,Male
8867,504387.6864000001000,964606.5312000001000,1341639.9360000000000,839321.4336000002000,1040668.6368000000000,22,2,5,70,0,Male
6332,461941.8624000000400,1024991.7696000000000,1048732.1855999997000,2585469.5424000000000,659552.2559999999000,24,4,5,59,4,Male
7099,1402340.6592000003000,1197933.2352000002000,2520524.2607999993000,1862857.9008000000000,122514.5376000000000,4,4,1,62,0,Female
4380,429381.5039999999600,450026.4960000000000,2380816.2815999994000,1354322.9952000000000,538529.4720000000000,23,3,5,50,5,Male
1241,1593982.0800000000000,728059.9199999999000,1866847.6800000000000,4312700.1600000000000,414690.8400000000000,15,5,3,35,2,Female
7137,1058636.2176000000000,606552.6168000001000,1921486.3200000003000,2292295.4496000004000,702311.0328000002000,5,5,1,63,0,Male
9762,609555.0240000000000,1470831.5232000002000,2315736.2591999997000,6377978.1312000010000,217519.6607999999800,11,1,3,74,0,Female
1135,238807.2960000000000,572331.1680000000000,3328325.4240000000000,1757953.1520000000000,544734.5760000000000,4,4,1,35,0,Female
1694,263260.2600000000000,717281.8200000001000,926199.9000000000000,3186708.8400000003000,794313.0000000000000,25,5,5,37,3,
3141,1096744.9680000000000,893116.6200000001000,2350065.1680000000000,3423522.9600000004000,423262.0920000001000,10,5,2,44,4,Female
4392,889373.7216000002000,189804.7872000000200,1807812.1728000000000,3076558.3871999998000,907909.8624000001000,3,3,1,50,1,Male
8170,1676003.4720000000000,164320.8320000000500,2329946.4240000000000,3290753.4400000004000,986666.8240000003000,8,3,2,67,0,Male
1497,749428.3200000001000,458430.3200000000700,882238.8000000000000,190098.8800000000000,172237.6000000000000,5,5,1,36,2,Male
7159,488061.8496000000000,736128.8064000000000,1498182.5663999997000,4198058.8416000010000,1690843.7519999999000,12,2,3,63,4,Female
7892,1849020.4512000002000,1303784.7264000000000,2531950.0127999990000,458880.3648000000400,822249.4175999999000,16,1,4,66,1,Female
1109,1397761.3440000000000,286305.5040000000000,1612204.9920000000000,2179570.1760000000000,442939.6800000000000,24,4,5,34,0,Male
6269,755435.1360000000000,159394.5600000000000,2873061.5040000000000,803339.5200000000000,567979.6800000000000,10,5,2,58,0,Male
2951,1310711.1600000000000,1171314.6720000003000,3620039.5440000000000,1801096.1760000002000,1039427.5320000002000,25,5,5,43,1,Female
9501,3627892.9440000000000,927500.7456000000000,4456459.9872000000000,784791.8208000000000,1454918.4000000000000,21,1,5,73,2,Female
8026,1418390.8128000000000,842470.9487999999000,557120.1168000000000,7106475.1680000000000,203881.5792000000000,16,1,4,67,4,Female
6444,1182092.1600000000000,872733.3120000002000,2611086.9120000000000,3577569.7920000004000,549340.8000000000000,13,3,3,59,1,Male
6614,477331.4000000000000,142286.0400000000000,179789.5320000000000,1721570.6560000004000,195605.7480000000200,10,5,2,60,2,Male
9578,777781.5760000001000,387176.0360000001000,610633.4519999999000,194029.2640000000200,347392.9160000000000,23,3,5,73,0,Male
6545,2067387.1296000000000,986625.1200000001000,740285.3952000001000,2535081.3696000003000,186122.6016000000200,2,2,1,60,4,Male
633,455875.4304000000700,148935.8520000000400,923175.7703999999000,2108013.1488000005000,919902.6720000001000,13,3,3,65,0,Male
641,101852.1504000000000,938547.9792000000000,1160536.2911999999000,6183979.7760000010000,1488778.5744000000000,6,1,2,65,0,Female
7407,681221.7360000000000,424585.8760000001000,488793.5520000001000,662011.3760000002000,361825.1520000000600,13,3,3,64,1,Male
9450,3020681.3520000004000,1261162.1879999998000,1473627.6360000000000,4683254.1600000000000,1360117.2000000000000,23,3,5,73,1,Female
4611,558009.2160000000000,420495.5808000000500,2531645.7984000007000,578271.0528000001000,831831.0336000000000,5,5,1,51,5,Male
7087,1151840.3520000002000,152219.7040000000000,2187886.5840000003000,1176265.7920000001000,974632.3600000000000,4,4,1,62,0,Male
3004,1382668.3200000000000,193802.9280000000400,1784865.1392000000000,3743913.6768000010000,781835.3664000000000,4,4,1,43,1,Male
8210,211646.9160000000300,932551.6590000001000,1388740.9770000000000,1924188.0840000003000,1139437.6110000000000,6,1,2,67,0,
3123,613716.4880000002000,101280.2120000000100,178135.1880000000200,1674786.2560000003000,341816.3760000000500,8,3,2,44,5,Male
6805,840484.9440000000000,121950.6912000000200,944690.9472000000000,2382083.3088000007000,423308.5272000000000,5,5,1,61,3,Male
5149,720582.7392000001000,355033.3248000000000,1524117.5136000002000,149894.3232000000000,316407.9456000001000,8,3,2,53,2,Male
5246,292367.2320000000000,477699.8399999999700,3215888.7839999995000,4503324.6720000000000,351386.3520000000000,1,1,1,54,0,Female
7830,2532416.5152000000000,494146.0368000000000,1201233.1968000000000,2064929.0688000000000,1655240.5584000000000,1,1,1,66,1,Female
4168,730631.2464000002000,605044.1232000001000,1237736.0952000000000,1129856.7456000003000,728063.9784000003000,20,5,4,49,5,Male
2773,1496523.9168000002000,725527.1232000001000,743556.8448000000000,837694.5983999999000,366737.6592000000500,24,4,5,42,2,Female
8257,1340852.1984000003000,366426.8712000000500,2497385.2176000000000,874137.1392000001000,805601.1600000000000,3,3,1,68,4,Male
7491,1780038.5616000004000,475006.2408000001500,1936628.4600000000000,1466006.2560000000000,369496.0152000000000,25,5,5,64,1,Male
8562,333124.8336000000700,684035.9136000001000,208951.7040000000300,1716372.4032000005000,867271.3920000001000,19,4,4,69,3,Male
4003,1412771.1840000001000,545420.7000000001000,293863.2840000000000,1447260.1440000000000,1225709.1000000000000,20,5,4,48,4,Female
315,3406304.6784000000000,1390493.5199999998000,2010255.6239999998000,3055658.8608000000000,266867.8272000000000,6,1,2,65,1,Female
2239,2081666.1600000000000,108182.6400000000100,762093.7200000000000,1416322.5600000000000,595759.9200000000000,8,3,2,39,0,Female
4446,746352.0960000001000,114951.4560000000000,120154.8960000000100,120699.8400000000000,130861.4400000000000,15,5,3,50,1,Male
2740,246044.4800000000400,648044.7600000001000,531707.0880000000000,630425.6640000001000,693628.9360000002000,15,5,3,42,1,Male
6466,1181123.4815999998000,235804.9536000000000,2750806.6560000004000,4108803.3791999994000,557355.6864000000000,17,2,4,59,0,Male
8387,429908.7936000000300,284191.3152000000700,1451525.9616000000000,4737934.6560000000000,1208828.5248000002000,14,4,3,68,0,Male
908,138531.0720000000100,240063.1680000000000,2762942.9760000000000,447920.2560000000500,480967.8720000000300,18,3,4,34,0,Male
9588,2890871.5680000000000,1130190.0480000000000,1386720.0360000000000,119157.1680000000000,644930.3640000001000,1,1,1,74,0,Female
889,1139500.4800000002000,319143.2800000000000,310023.3600000000400,1371558.4000000001000,366403.8400000001000,5,5,1,34,0,Male
7528,1773842.0544000003000,1057047.2640000002000,1640184.2496000000000,4350177.0624000000000,1203116.0544000003000,24,4,5,64,0,Male
1614,236376.0000000000000,197040.1200000000200,395048.4000000000000,302843.8400000000000,317942.0400000000400,5,5,1,37,5,Male
5259,935855.4240000001000,344875.7280000000600,1363929.9840000000000,1162588.8000000000000,271745.4720000000000,10,5,2,54,5,Male
2283,1198481.6448000004000,562533.0480000001000,976916.3976000001000,3058007.9904000005000,241860.5640000000000,8,3,2,40,5,Male
8115,619834.7376000002000,571476.3912000002000,2255805.1152000000000,491380.1568000000600,711833.2416000002000,24,4,5,67,2,Male
2977,271090.5120000000000,795382.4340000001000,1201611.5100000002000,685403.9280000002000,496687.2570000001000,1,1,1,43,3,
9693,2249339.7888000000000,1849136.3280000000000,3087744.7536000000000,5587425.7920000000000,1286797.8240000000000,16,1,4,74,2,Female
7856,1895023.7280000001000,1216775.1960000002000,227088.1079999999800,5974960.9920000000000,490211.7479999999600,11,1,3,66,2,Female
1165,1489325.7600000000000,622092.4800000000000,1978428.5999999999000,698695.6800000000000,215677.9200000000000,15,5,3,35,4,Female
5099,1835862.0192000002000,886470.7392000002000,2591808.0623999997000,4012814.1311999997000,151354.0080000000000,6,1,2,53,1,Female
938,2873673.2160000000000,1337076.0000000000000,3659132.8800000000000,386360.6400000000000,1292197.1040000000000,17,2,4,34,4,Female
5562,1524810.5280000000000,1280638.5119999999000,1916759.3759999997000,1108350.1440000000000,1097060.1120000000000,1,1,1,55,0,Female
8318,345878.4576000001000,544496.7840000001000,2650395.5712000000000,2483804.0448000003000,1120849.8912000000000,6,1,2,68,3,Male
9116,989079.9360000002000,438771.8400000001000,682744.9200000000000,227425.9520000000500,938274.1680000002000,8,3,2,71,0,Male
1038,689601.8400000001000,327973.4000000000000,952435.2000000001000,535117.7600000001000,385946.0400000000400,25,5,5,34,2,Male
9050,350126.5248000001000,232521.1200000000000,1600136.5535999998000,6160667.3856000000000,1338171.8687999998000,16,1,4,71,2,Female
7769,3365963.8272000000000,1356766.4448000000000,5132135.5488000000000,7027950.7584000000000,351716.7888000000400,6,1,2,66,0,Female
278,119875.7664000000100,818718.4512000000000,1125550.2959999999000,262471.6224000000000,210719.2464000000300,6,1,2,65,4,Female
4344,1890373.5180000004000,833538.6180000001000,1279406.2050000003000,1877291.8560000004000,334969.2720000000600,16,1,4,49,0,
2143,337970.5600000000600,264447.5600000000000,1028771.1600000000000,978733.1200000001000,161863.2400000000200,5,5,1,39,1,Male
1436,290173.4400000000000,855524.5200000001000,836895.6000000000000,3245448.9600000004000,161818.9200000000000,9,4,2,36,1,Female
2640,655236.3840000001000,359105.8944000000500,2189320.5312000000000,2277805.0944000003000,543306.2976000000000,2,2,1,41,0,Male
2843,1323471.4416000003000,344906.1792000001300,1179319.0464000003000,2885425.1712000000000,203844.1680000000300,24,4,5,42,0,Male
6764,614036.0304000000000,539850.7296000001000,1528605.2808000000000,2717257.0464000010000,358895.4408000000400,10,5,2,61,4,Male
9004,2258680.6944000000000,983709.2304000001000,560444.7888000000000,5302589.7600000000000,623867.0256000000000,21,1,5,71,1,Female
1835,213882.6400000000000,341020.8000000000500,144922.6800000000200,1474997.2800000003000,315663.2800000000000,25,5,5,38,5,Male
4070,205303.9824000000400,1078506.5544000003000,804748.3487999999000,438382.9296000000300,1090127.6892000001000,24,4,5,48,2,Female
7887,987124.8192000000000,1183970.1120000000000,1190718.1727999998000,2020419.1488000003000,421978.1279999999700,19,4,4,66,1,Male
832,743379.6864000000000,894407.6544000002000,2105915.7600000000000,4364899.9680000000000,199443.1296000000100,21,1,5,65,0,Male
7174,2078631.1104000001000,370445.3376000000000,1119612.4992000000000,2380471.6416000007000,832712.6496000001000,17,2,4,63,4,Male
7962,1148908.3632000003000,553046.6448000001000,554584.4928000000000,1490880.6432000005000,439102.6848000001000,24,4,5,67,0,Male
8931,3040904.1312000000000,1283503.4784000001000,857532.8735999999000,258917.0687999999800,1323133.9056000000000,1,1,1,71,0,Female
8786,301136.4720000000000,1376949.1320000000000,1032900.3360000000000,2587074.6720000007000,478469.4720000000700,20,5,4,70,1,Female
1002,242445.6800000000500,268796.2800000000000,1127561.0400000000000,1001161.1200000001000,348290.2800000000000,25,5,5,34,3,Male
2636,1049094.9216000002000,1133356.7519999999000,4005938.3760000000000,257342.3424000000200,953636.4288000001000,5,5,1,41,0,Female
3713,1127884.0320000001000,313515.7740000000300,1163824.7940000000000,2742296.8320000004000,693070.0920000002000,10,5,2,46,1,
4287,1729100.0232000002000,191616.9156000000400,3411940.5143999998000,4632117.9696000000000,898918.6140000000000,15,5,3,49,0,Female
6540,995967.7520000002000,268788.0520000001000,985863.5279999999000,2013876.5920000002000,309937.6800000000500,15,5,3,60,4,Male
1484,806317.0560000001000,437394.6240000000000,1550870.2080000000000,1142635.3920000000000,409935.9360000000500,9,4,2,36,2,Male
43,3152617.9776000000000,646898.2416000000000,1091248.8912000000000,788561.2800000000000,136366.0271999999800,1,1,1,65,4,Female
3097,2499988.9200000000000,618298.1640000000000,2793158.6760000000000,1881451.4400000002000,262851.2040000000000,8,3,2,44,0,Female
3599,912523.3920000001000,232890.7680000000000,429433.8048000000000,2035044.2112000003000,212176.3776000000400,17,2,4,46,4,Male
3658,300016.0240000001000,100702.8000000000200,1224625.6440000000000,444222.2400000000500,399909.4000000001000,23,3,5,46,2,Male
6816,607428.1200000000000,428132.4840000000500,126829.4040000000000,4039858.9920000000000,839700.2640000001000,25,5,5,61,2,Female
2435,2950582.0608000000000,690203.1312000001000,2018961.8064000000000,853429.4208000003000,565271.6256000000000,10,5,2,40,0,Female
4730,861148.5120000000000,319756.6080000000000,2994804.5760000000000,4162393.7279999997000,224242.5599999999700,11,1,3,51,1,Female
4002,1451395.1760000002000,1226194.9920000000000,616775.5440000000000,4246587.3120000000000,912489.3360000001000,6,1,2,48,4,Female
5991,2445108.7680000000000,139819.1040000000000,2771111.5200000000000,213459.2640000000000,619536.8160000000000,16,1,4,57,2,
1923,217204.1280000000600,162352.4400000000000,2124664.1280000000000,613772.9280000001000,330644.4480000000300,25,5,5,38,2,Male
2699,557168.8320000000000,1360870.4736000001000,3730245.3935999996000,2634697.6128000007000,1517200.8192000000000,16,1,4,42,4,Female
3308,2060349.1392000003000,856715.0592000001000,1383921.4752000002000,131554.3680000000200,443677.0272000000700,12,2,3,44,0,Male
4284,2282717.9760000003000,893601.8520000002000,2284533.5040000000000,3440633.8560000000000,144612.6000000000000,24,4,5,49,1,Female
5449,1400234.8800000000000,874605.1200000000000,1141522.5600000000000,2744402.6880000005000,746369.0880000000000,15,5,3,55,1,Male
20,1386127.6416000000000,528403.9488000000000,3450486.8736000000000,4854999.0528000010000,472485.1872000000400,23,3,5,65,0,Male
8215,717848.9760000001000,1377928.3440000000000,3341336.0760000004000,3686597.6160000000000,538981.7160000000000,16,1,4,68,0,Female
980,359870.9760000001000,716187.0240000001000,546443.0640000000000,2165776.7040000000000,258098.1840000000000,10,5,2,34,1,Male
6009,2792372.6592000000000,1255242.1824000000000,1303120.7423999996000,3454390.1951999995000,833040.4608000001000,1,1,1,57,0,Female
5398,1344277.3824000002000,315313.6032000000700,760538.9376000001000,2244111.0912000006000,477612.6336000000600,25,5,5,54,0,Male
1583,404121.6000000000000,647277.6960000001000,1894003.2000000000000,3728472.5760000004000,342837.3120000000000,8,3,2,37,0,Male
3301,987754.0464000001000,611612.0208000002000,2341218.6864000005000,565107.5232000002000,243210.8448000000500,20,5,4,44,0,Male
7900,3740171.0112000000000,1569157.2000000000000,1904173.3152000000000,3284773.6896000000000,408499.4159999999700,21,1,5,66,0,Female
829,1673136.4416000003000,1226984.4288000000000,3271418.4672000000000,2274126.5664000004000,945993.9840000000000,2,2,1,65,0,Male
4068,1456655.2704000003000,839721.6432000002000,2303958.7295999997000,4057915.9104000000000,154341.7920000000000,5,5,1,48,2,Female
9782,1770678.7020000003000,724628.9700000001000,312564.4470000000000,220219.2720000000300,584382.0060000000000,1,1,1,74,0,
8919,1078018.5312000000000,632766.8880000000000,349166.6568000000600,1964059.7184000000000,845294.2992000001000,3,3,1,70,0,Male
4063,1835690.6304000004000,153116.1984000000000,665081.6832000000000,3695125.6320000000000,741516.6528000002000,1,1,1,48,2,Male
9983,3054600.4320000005000,934107.8759999999000,2112505.1999999997000,4727077.0560000000000,1227239.6760000002000,3,3,1,75,0,Female
7336,1135993.5600000000000,1206564.6840000001000,4171068.7199999997000,1796682.5760000001000,228693.8160000000200,21,1,5,64,0,Female
3772,1516762.7904000003000,850258.8864000002000,813202.7904000000000,1477522.2528000001000,590292.7008000001000,4,4,1,47,0,Male
7604,743534.1888000000000,730896.8160000000000,2606316.3360000000000,861902.2464000001000,1096950.5664000001000,8,3,2,65,3,Male
7430,2834573.4144000000000,1008810.3168000000000,4985942.6448000000000,5862258.6048000010000,1658018.9807999998000,2,2,1,64,2,Female
4984,1076152.4351999997000,1223628.9408000000000,3217433.0112000000000,5465146.9823999990000,1335741.0624000002000,9,4,2,52,0,Female
8118,362502.5040000001000,479600.9712000001000,485862.9048000000000,3429523.0944000003000,370533.5712000000600,15,5,3,67,2,Male
7364,2973403.5552000000000,1589875.9344000001000,1465840.0224000000000,6806124.7488000010000,987250.1184000002000,9,4,2,64,1,Female
706,1832188.1760000002000,1038039.4440000001000,791896.3650000000000,2113341.5160000003000,892229.0130000000000,1,1,1,65,5,
3387,2093151.0336000002000,903767.6736000001000,2069647.7472000000000,1202437.6320000002000,372944.6688000001000,4,4,1,45,1,Male
5637,961916.9472000000000,466724.6784000000300,2331399.2832000000000,2678967.8208000003000,317300.2848000000000,4,4,1,56,0,Male
8066,1225088.9040000000000,351577.6680000000000,4284275.5800000000000,2990659.7760000000000,966866.3160000000000,6,1,2,67,1,Female
9683,2233822.7340000000000,566133.2820000001000,1530031.8150000002000,1201824.4680000000000,630236.8800000001000,21,1,5,74,3,
585,3682144.6272000000000,973983.0672000000000,5457004.3007999990000,599683.2192000000000,1305933.7824000000000,1,1,1,65,2,Female
253,1603549.2096000004000,842537.2800000000000,463607.1647999999700,4960378.1760000000000,450872.5728000001000,22,2,5,65,5,Male
5011,1733247.1680000000000,555487.5840000000000,772077.6000000001000,1890008.0640000002000,175670.8800000000000,1,1,1,53,0,Male
6445,1938431.4624000000000,912732.0192000001000,1188998.4383999999000,3177027.5328000000000,643564.6847999999000,17,2,4,59,1,Male
9536,1550990.3760000000000,1112732.7588000002000,422753.3856000000000,1730678.2272000000000,575653.7592000001000,25,5,5,73,0,Female
2825,1272093.3720000002000,129778.5060000000000,2274529.9500000000000,1903805.6400000001000,616629.7170000002000,15,5,3,42,1,
6047,1500971.4432000000000,591917.4144000000000,864915.1488000001000,787967.0784000001000,299935.1808000000300,9,4,2,57,0,Male
4546,637856.2080000000000,325430.1360000000000,511012.1519999999400,1082557.8720000002000,285133.3920000000000,5,5,1,50,1,
1874,637462.4640000000000,131590.5600000000000,2266601.1840000000000,3815868.6720000003000,659855.5199999999000,4,4,1,38,4,Male
9365,1805016.6576000003000,552916.0728000002000,534886.6536000001000,2641322.7360000005000,876373.5240000000000,7,2,2,72,0,Male
8929,3180721.1904000000000,1754737.1712000002000,4145537.4480000000000,3511889.9711999996000,1292166.7199999997000,21,1,5,71,0,Female
3657,355538.7440000001000,141633.0520000000300,329940.6000000001000,668969.6640000001000,418501.3800000000600,11,1,3,46,2,Male
6910,3691360.4832000000000,502232.5152000001000,1666740.6287999998000,3842956.9151999997000,483896.4624000000000,19,4,4,62,0,Female
1861,1316356.8000000000000,981894.1200000001000,2608536.2399999998000,3829276.3200000000000,647112.4800000000000,9,4,2,38,4,Female
5406,967153.3056000000000,531110.2464000000000,1148827.9680000000000,161138.0736000000000,512238.1824000000000,4,4,1,54,0,Male
4467,184195.2960000000000,769203.5039999998000,2806936.8479999998000,1253987.7120000000000,1103642.2080000000000,3,3,1,50,2,Female
1674,1778708.8800000001000,170983.6800000000000,1847878.2000000000000,357164.1600000000000,1084234.3200000000000,23,3,5,37,1,Female
511,3506573.1168000000000,1648918.6272000002000,1296477.1871999998000,1125818.5536000000000,1119443.8320000000000,6,1,2,65,4,Female
4751,2205712.2816000000000,864244.9152000002000,1159703.3087999998000,2216073.3696000000000,341125.5168000000400,9,4,2,51,1,Male
8116,2066688.2080000003000,853734.1280000001000,528763.8720000000000,3227994.0160000008000,818067.3280000002000,2,2,1,67,2,Male
6820,1214066.1312000000000,137074.3296000000000,2916783.7920000000000,206823.0528000000300,655762.8480000000000,2,2,1,61,2,Male
5937,404903.2319999999600,307428.1344000000000,4036704.5951999990000,2438422.9631999996000,732913.2287999999000,16,1,4,57,1,Female
5080,1688578.3296000000000,531229.4784000000000,2827387.1232000003000,1852098.5088000002000,159143.1552000000000,13,3,3,53,1,Male
4756,213720.9600000000200,386829.1200000000000,540104.1120000000000,1890684.4800000002000,307679.3760000000500,25,5,5,51,1,Male
790,1639144.4160000002000,243894.8720000000300,1271125.4400000002000,4084491.4240000006000,911543.0480000001000,5,5,1,65,2,Male
3066,1142774.1600000001000,516240.5600000000600,1333953.7200000002000,214213.1200000000200,217299.8080000000200,11,1,3,43,0,Male
1085,2194957.9200000000000,225400.8000000000000,451218.6000000000000,2113907.5200000000000,945471.6000000000000,22,2,5,34,1,
4142,723585.5440000002000,118482.1880000000200,575948.6040000000000,145252.0960000000200,156047.4960000000000,13,3,3,48,0,Male
3012,969303.4560000001000,1111800.8484000000000,2789752.3632000000000,3285247.6800000006000,153149.8320000000200,23,3,5,43,0,Female
2252,1462760.0000000000000,367491.8400000001000,222951.6000000000000,1096782.7200000002000,629905.1200000001000,15,5,3,39,0,Male
7253,317774.4960000000000,706086.9504000001000,1129065.3503999999000,2976275.8272000000000,862777.5936000003000,18,3,4,63,2,Male
4572,716474.9376000000000,184534.5024000000300,1966389.6960000000000,208262.0160000000000,661585.8816000001000,25,5,5,50,0,Male
2802,1478459.9808000005000,696554.2584000002000,1547732.8152000003000,1714200.0480000004000,433000.6560000001000,23,3,5,42,0,Male
8507,1465731.8208000003000,184738.8816000000200,1931976.1656000000000,2299869.1872000005000,410773.8024000000400,13,3,3,69,4,Male
1842,2199623.7600000000000,375934.2000000000000,1446751.0799999998000,4602072.4800000000000,571811.1600000000000,19,4,4,38,5,
4461,391447.0080000000300,298345.2960000000300,737933.3280000000000,1602619.0080000001000,315793.1520000000000,19,4,4,50,3,Male
3208,2707969.6512000000000,747887.0256000000000,2344873.9248000000000,3087635.4432000000000,1068289.6752000000000,16,1,4,44,2,Female
9767,849572.8800000001000,425400.4040000001000,677796.4440000001000,1727557.3120000002000,281955.1280000000000,18,3,4,74,0,Male
4994,276645.1968000000300,936448.0128000000000,1778074.3296000000000,3932212.8384000000000,815197.5936000001000,24,4,5,52,0,Male
2736,320132.9736000001000,426530.1348000000600,3075815.3975999993000,2770619.8608000004000,1010491.8912000002000,15,5,3,42,1,Female
5414,2840798.1312000000000,985037.2416000000000,4283099.0784000000000,5501770.9056000000000,1303305.4656000000000,6,1,2,55,0,Female
8856,1729443.4560000000000,1037085.0360000001000,3801328.1279999996000,4899541.9200000000000,861233.2559999999000,6,1,2,70,0,Female
7999,824817.4272000002000,396788.6208000001000,3276796.3488000003000,1430971.2767999999000,985940.8416000002000,8,3,2,67,5,Male
3634,1196373.4464000002000,941452.4064000001000,2830859.5392000000000,1633770.5472000001000,466428.0192000000400,9,4,2,46,3,Male
9594,3700192.9536000000000,1067993.4096000000000,1790448.7535999997000,3277715.5008000000000,1108956.8880000000000,16,1,4,74,0,Female
7832,1600955.3664000000000,1108292.8896000000000,3961558.9727999996000,1350749.0880000000000,1147868.8416000002000,1,1,1,66,1,Female
7296,3096157.5840000003000,1279914.1680000000000,3551670.2520000000000,3183991.1999999997000,520101.3480000001000,5,5,1,63,0,Female
1046,831931.9200000000000,436278.8400000000000,1288457.2799999998000,314140.8000000000000,850336.9200000000000,2,2,1,34,2,
9719,1366814.5920000002000,732436.0056000001000,2610818.3088000000000,443935.0656000001500,430225.0992000000600,3,3,1,74,2,Male
6062,1075409.3952000000000,466377.5232000000500,704750.2847999998000,899005.1328000000000,1668165.4079999998000,15,5,3,58,0,Female
360,1840397.5200000000000,1039157.9640000000000,4037937.6960000000000,1439689.0560000000000,1175789.7840000000000,16,1,4,65,2,Female
8843,1999837.7100000000000,863829.3690000002000,3059695.0800000000000,4467086.6760000010000,647471.4480000001000,11,1,3,70,2,
9089,2944615.5648000000000,987292.7999999999000,1970220.8447999998000,339949.2096000000000,1261242.5904000000000,1,1,1,71,0,Female
6481,1855198.2960000000000,932699.5560000001000,1995251.2920000000000,3637319.0399999996000,128830.9320000000200,10,5,2,59,0,
7579,3124478.8224000004000,1615844.6928000000000,4153017.3984000000000,2456881.6896000000000,1849628.4768000000000,21,1,5,65,4,Female
7321,1089684.2736000002000,488420.8056000001000,387363.3192000000000,2312328.4704000000000,185854.0320000000000,10,5,2,63,0,Male
8043,279361.0560000000400,483700.5680000001000,578778.2520000000000,1829685.7280000001000,500487.6240000000700,8,3,2,67,4,Male
5679,777788.4672000001000,942377.1264000001000,398985.1776000000500,415674.3168000000300,780635.9808000000000,22,2,5,56,4,Male
5593,3285186.5088000000000,1457760.1536000000000,526887.7631999999000,6825861.9647999990000,748845.5616000000000,4,4,1,55,0,Female
1793,110196.1600000000200,384618.4400000000600,1181354.1600000000000,352697.6000000000300,102479.4400000000000,15,5,3,37,0,Male
5711,282033.7920000000000,406933.4879999999500,3176378.9279999994000,3182262.9120000000000,365241.1680000000000,23,3,5,56,1,Female
2265,1719262.8288000003000,149526.3264000000000,2457406.8288000000000,3465921.6768000010000,295403.5392000000600,9,4,2,40,0,Male
212,1168700.0832000000000,645847.6752000000000,2945247.1776000000000,7476418.3104000000000,401039.8704000001000,6,1,2,65,0,Female
4326,1110529.2528000001000,673351.9056000000000,720241.1568000001000,1806004.2528000001000,199977.4656000000300,10,5,2,49,0,Male
3888,1955798.8560000004000,286827.5520000000000,2116525.3560000000000,1981364.2200000002000,802758.4290000001000,21,1,5,47,2,
4968,1355509.3824000002000,588090.8448000001000,2260693.4111999995000,802129.6512000001000,742107.5712000000000,15,5,3,52,0,Male
9916,1820230.4640000002000,1446472.4040000000000,1086632.3520000000000,5678740.7040000010000,721591.8840000001000,6,1,2,75,2,Female
1078,505691.1360000000000,445384.5120000000000,247375.0079999999700,528978.0480000001000,286411.8720000000300,19,4,4,34,1,Male
3929,1210511.5440000000000,227160.7800000000300,2896867.5120000000000,1600410.7680000004000,1073798.2200000000000,21,1,5,47,0,Female
9318,416773.1360000000600,148450.6400000000000,589824.3000000000000,1010232.9120000001000,336659.5440000000500,10,5,2,72,0,Male
9006,2912378.6640000003000,1139974.6800000000000,3299811.3719999995000,4885700.9760000010000,1019948.7480000000000,1,1,1,71,1,Female
9011,1553145.7760000003000,927613.9600000000000,2345658.4320000000000,1039434.2400000001000,744617.4320000000000,8,3,2,71,1,Male
6571,746218.1376000001000,862675.6320000000000,5407193.7503999990000,6876924.5376000000000,1430256.8592000003000,23,3,5,60,1,Female
1745,194052.2880000000300,338750.7840000000000,1082874.5280000000000,843577.7280000000000,740623.5840000000000,14,4,3,37,1,Male
1560,2818794.8160000000000,1285720.8480000000000,1636058.7359999998000,5211747.6480000000000,877476.5280000000000,12,2,3,36,0,Female
9743,301614.6640000000500,503121.6840000001000,228955.2720000000000,2068993.4720000003000,154842.4280000000400,20,5,4,74,1,Male
5498,345050.4960000000400,429684.9120000000000,609581.0879999999000,1052172.6720000000000,478863.8880000000400,20,5,4,55,3,Male
4489,742577.2800000000000,327864.5760000000600,341187.9839999999400,1800382.6560000000000,285466.4640000000400,5,5,1,50,2,Male
9618,1007228.6016000002000,852304.3776000001000,589534.7327999999000,4547143.4112000010000,212457.1488000000500,7,2,2,74,1,Male
9113,1224124.7616000003000,548967.3696000000000,1978658.3232000000000,3977957.0688000005000,504664.8672000001000,14,4,3,71,0,Male
5000,1702337.4720000003000,336278.5920000000000,158396.5440000000000,2505145.7280000000000,581692.4160000000000,10,5,2,52,0,Male
7311,1165045.1904000000000,372222.7392000000000,2499600.3552000000000,4809394.6367999995000,425852.5440000000500,18,3,4,63,0,Male
4590,2943714.3552000000000,1439991.4752000000000,3418427.5776000000000,5791005.6192000000000,1553139.5328000002000,4,4,1,51,0,Female
9822,1704325.9584000001000,459935.4240000000000,139693.5072000000000,4746846.8736000000000,462664.3008000000000,3,3,1,75,1,Male
5416,2560078.3103999994000,1549607.3280000000000,1146048.6528000000000,3300294.0672000000000,441284.8896000000000,8,3,2,55,0,Female
7720,2663646.0552000000000,618578.3916000001000,3320802.2952000000000,5008744.7280000010000,585974.7036000001000,11,1,3,65,0,Female
4188,1064401.4304000002000,749023.3872000001000,4309047.0720000000000,5673336.7679999990000,1434262.2624000001000,1,1,1,49,4,Female
9077,1830343.4240000003000,611008.0080000001000,2097985.9680000000000,4120524.0960000010000,876995.3920000000000,8,3,2,71,1,Male
1660,456058.2240000001000,357392.2320000000000,1651915.7280000000000,1021358.8800000000000,557470.0080000000000,15,5,3,37,1,Male
9203,204254.2320000000500,125116.2120000000100,1511404.2840000000000,1696893.3280000002000,231330.2160000000100,3,3,1,72,4,Male
1195,341208.0000000000000,758503.7999999999000,1541031.4799999997000,3929315.5200000000000,959453.6400000000000,17,2,4,35,0,
711,1164577.4400000000000,330219.0528000000600,599010.4224000000000,1441104.5376000002000,628560.0672000000000,1,1,1,65,1,Male
3974,742989.7728000002000,591366.1248000001000,1109812.2552000000000,2949588.5760000010000,277346.9952000001000,19,4,4,48,5,Male
8673,1863580.4928000004000,772150.8600000000000,1760421.1248000003000,2498788.6560000004000,846036.0792000002000,23,3,5,69,0,Male
7053,361680.3840000000000,318680.6688000000400,1810664.6687999999000,3533451.9168000002000,355608.2400000000000,18,3,4,62,1,Male
8805,973667.9680000002000,431749.9160000000000,248111.2920000000200,1942510.5440000002000,407397.7960000001000,13,3,3,70,3,Male
969,251126.4000000000000,755725.7280000000000,2148803.1360000004000,1600789.6320000004000,877932.0000000000000,7,2,2,34,3,Male
8184,441755.6832000000000,1156755.0384000002000,5311312.3440000000000,6107075.0208000000000,1365539.0111999998000,11,1,3,67,0,Female
3600,899148.2544000001000,100629.6192000000300,2023973.2656000000000,2621932.4736000010000,449281.0872000000700,13,3,3,46,4,Male
4016,757504.7920000001000,172689.2640000000500,979950.1800000002000,538689.1840000001000,428744.7560000000500,10,5,2,48,4,Male
2342,1152396.1680000000000,265573.1760000000400,2827099.0440000000000,4250450.6880000010000,1306614.6720000003000,25,5,5,40,1,Female
5244,2085179.6160000002000,940156.8480000000000,994480.8479999999000,2068211.5199999998000,509369.0400000000000,14,4,3,54,0,Female
7371,867200.5680000001000,815212.1640000001000,1688495.7959999999000,1449714.8639999998000,1134281.4600000000000,6,1,2,64,4,Female
2795,1332647.3952000000000,499112.5392000000000,2384102.6352000000000,3516286.1184000005000,1332487.0944000000000,9,4,2,42,1,Female
7898,1890635.3855999997000,1867276.7567999999000,2723064.7391999997000,1972165.4784000000000,374619.2111999999600,16,1,4,66,0,Female
1322,1387258.0800000000000,296071.4400000000600,2090984.1600000000000,3012460.4800000004000,206967.9200000000400,20,5,4,35,0,Male
9996,2290563.7248000004000,516417.2832000000000,2568090.0960000000000,718742.1696000000000,1140433.8816000002000,13,3,3,75,0,Male
3078,904221.2520000001000,529654.7520000001000,2350276.5330000003000,1415625.1560000004000,313797.0330000000500,25,5,5,43,0,
2715,1547341.6464000004000,458683.7904000002000,2294390.8152000005000,1729597.4784000004000,705916.9656000001000,5,5,1,42,1,Male
447,523389.5680000001000,387963.6280000000000,189746.8560000000300,1178831.8880000000000,392169.9600000000000,17,2,4,65,0,Male
7695,215234.6975999999800,1565785.9152000002000,1706264.9135999999000,6452873.8560000000000,342409.9536000000000,6,1,2,65,1,Female
3610,2063274.8400000000000,1026962.6400000000000,2415976.2000000000000,1356796.8480000000000,440676.0600000000600,7,2,2,46,1,Female
5004,829339.4304000001000,148753.3248000000000,2204229.2831999995000,1527916.2624000001000,107235.1872000000100,14,4,3,52,0,Male
1749,1346223.7440000002000,155213.8560000000000,671103.7919999999000,1490171.9040000000000,1369353.5999999999000,2,2,1,37,1,Female
32,137100.6000000000000,590489.5464000001000,2095909.4520000003000,3477283.4304000004000,183247.8336000000400,13,3,3,65,1,Male
2467,1396498.4352000000000,115440.4944000000100,3253451.5727999997000,3377210.2848000005000,1369314.7776000000000,19,4,4,41,0,Female
7095,449085.3119999999000,1709341.1712000002000,810706.6655999998000,3855508.3008000003000,752537.0736000000000,9,4,2,62,0,Female
368,1769073.3216000001000,656091.2592000002000,396627.1920000000400,3094382.3040000005000,327102.3288000001300,3,3,1,65,2,Male
5821,329551.7760000000700,446611.4880000000000,332621.7120000000600,1467118.6560000002000,117759.4560000000000,10,5,2,56,0,Male
1934,1787557.5360000000000,370906.1279999999700,1103822.2079999999000,5445421.0560000000000,168950.5920000000000,24,4,5,38,2,Female
6184,1189048.0896000000000,327840.7680000000000,1531882.3680000000000,1595791.8720000000000,1109000.9088000000000,23,3,5,58,2,Male
9199,1010453.0800000001000,137713.4200000000000,426275.6160000000400,384994.0640000001000,410369.0240000001000,23,3,5,72,4,Male
4850,1526624.7552000000000,1439962.6176000000000,4794835.5647999990000,2623556.0448000000000,1515511.8143999998000,16,1,4,52,1,Female
2241,642194.2080000000000,694843.0560000000000,1665012.6720000000000,4534676.9279999990000,883623.3120000000000,22,2,5,39,0,Female
2729,633408.6527999999000,378509.4720000000700,581490.3600000000000,2698979.5008000000000,687449.5055999999000,14,4,3,42,3,Female
5217,111432.4991999999900,223490.8800000000000,217774.6560000000000,2196888.6528000003000,727325.3088000001000,20,5,4,53,0,Male
405,1167131.8880000000000,189782.4240000000300,649154.6880000001000,4134799.5520000006000,520637.0000000000000,23,3,5,65,0,Male
7302,3618716.0256000000000,1643785.7904000000000,2130768.2448000000000,139620.4992000000200,869778.5616000001000,23,3,5,63,0,Female
3224,1620196.9344000004000,303866.5344000000600,1173641.0400000000000,4068923.0208000000000,211585.8624000000000,9,4,2,44,2,Male
8394,631444.1328000001000,751707.7776000001000,2293699.9176000003000,3708270.6336000000000,683632.8720000001000,8,3,2,68,0,Male
7419,1170279.0528000002000,722671.8720000001000,691463.6352000001000,4300896.5376000000000,382940.4384000000000,4,4,1,64,3,Male
3098,1526070.2160000002000,1104542.2080000000000,3611660.5800000005000,4549475.0400000000000,170819.7480000000000,14,4,3,44,0,Female
2834,261839.6352000000500,920865.2112000001000,2595441.6576000000000,4398493.0176000010000,1234404.2304000002000,12,2,3,42,0,Female
182,451401.3504000000500,984276.0096000001000,601251.9552000000000,1850445.0432000004000,905529.8304000002000,3,3,1,65,0,Male
2179,1097319.6800000002000,304360.9600000000000,2225398.8000000003000,1670954.8800000001000,520184.5600000000600,10,5,2,39,2,Male
203,3630149.4528000000000,652440.8592000000000,3710878.7040000000000,3517418.3616000000000,1368447.9120000000000,16,1,4,65,0,Female
8255,2574069.6384000000000,1364781.0384000002000,3469058.2367999996000,4281340.3776000000000,692407.6847999999000,21,1,5,68,4,Female
5032,229075.9488000000000,676797.4656000000000,2500500.8448000000000,1382443.5456000000000,546581.7792000000000,5,5,1,53,5,Male
9149,400017.1968000000300,504042.3648000000400,1735476.5376000002000,1757806.5024000000000,941469.2352000001000,6,1,2,72,0,Female
2577,1154318.8800000000000,603378.8640000001000,1792185.7536000000000,2930955.8784000003000,460145.5584000000400,7,2,2,41,2,Male
3481,1714568.4864000005000,924297.2640000001000,2085998.2703999996000,4086456.4224000005000,1438319.3616000002000,11,1,3,45,0,Female
1854,2687847.5519999997000,773953.7760000000000,1785336.3359999997000,5447022.9120000000000,797222.4480000000000,2,2,1,38,4,Female
5293,1183506.6816000002000,609240.0960000000000,1238476.0032000002000,1844659.6992000004000,245172.0960000000200,20,5,4,54,4,Male
2195,738355.2000000000000,895909.5360000002000,544714.5600000000000,2814443.1360000004000,280458.7200000000000,19,4,4,39,1,Male
5140,233773.2864000000000,916809.1776000000000,504711.8208000000000,2378120.6016000000000,667291.8528000001000,1,1,1,53,2,Male
736,1724125.7280000001000,215791.4304000000400,2784100.1760000000000,2621009.6640000003000,430677.9360000000500,3,3,1,65,4,Male
2503,784836.6240000002000,139770.9720000000400,648769.8360000001000,1713925.3120000002000,255850.4960000000400,15,5,3,41,4,Male
672,1948462.2144000000000,476933.5584000001000,165868.1855999999700,262860.2496000000000,1225586.0448000000000,2,2,1,65,0,Male
858,2846483.4240000000000,1158065.4239999999000,1592954.6400000000000,1618698.2400000000000,483257.8080000000000,8,3,2,33,0,Female
3130,1251758.5344000002000,290901.7056000000400,154763.4528000000000,2431278.6432000003000,377834.7936000001000,14,4,3,44,1,Male
2477,431385.3280000000400,340872.8400000001000,646582.4640000000000,458021.8720000001000,373994.5880000001000,25,5,5,41,0,Male
4265,462955.8560000001500,224178.5920000000600,121375.5840000000200,237841.2960000000600,132498.4760000000200,25,5,5,49,2,Male
1511,1609177.5360000000000,393439.5360000000000,186544.0800000000000,596945.6640000000000,1134976.3199999998000,14,4,3,36,1,Female
9038,1358616.8700000000000,408421.1430000000400,837077.0850000001000,3754121.4360000007000,679334.1750000000000,16,1,4,71,3,
6491,516266.8992000000000,1626317.0352000000000,1636779.8303999996000,4270321.7856000010000,488957.4143999999500,4,4,1,60,0,Female
9007,2996440.7616000000000,1525567.1184000000000,5273929.4400000000000,1597683.1104000001000,896813.7983999999000,11,1,3,71,1,Female
5999,1941367.9104000000000,166209.5808000000000,3067217.2800000000000,3948027.9551999993000,1338749.3376000000000,25,5,5,57,1,Female
9455,1700862.0720000000000,725848.3439999999000,2285982.9720000000000,1690654.3680000000000,739325.8080000001000,1,1,1,73,1,Female
5950,1206312.9984000002000,857910.5279999999000,1466942.6591999999000,2495070.9504000000000,523381.9104000000000,3,3,1,57,3,Male
8791,198534.9600000000000,1280543.0975999997000,5436483.4368000000000,175254.3936000000000,1810383.8687999998000,1,1,1,70,1,Female
5809,148651.1999999999800,1216217.2031999999000,1852423.6031999995000,2697587.0207999996000,716343.4368000000000,2,2,1,56,0,Female
8629,2749252.1472000000000,885827.9664000000000,2817399.4991999995000,1374536.2175999999000,219225.0528000000300,11,1,3,69,0,Female
4584,2335263.6959999995000,438554.4768000000000,2082841.2576000000000,4904815.1615999990000,231788.8224000000300,9,4,2,51,0,Female
4622,1629904.6079999998000,1362805.2000000000000,1383030.7199999997000,3642239.2320000003000,1383630.6240000000000,11,1,3,51,4,Female
2813,804306.9760000003000,301785.7480000001000,1264632.7320000000000,121128.8320000000100,212084.6640000000200,5,5,1,42,0,Male
6887,963402.6480000000000,180001.7960000000300,770005.5480000000000,1001365.6640000001000,451202.4920000001000,25,5,5,61,0,Male
5832,1977299.7119999998000,343310.9759999999700,3193575.5519999997000,462980.0448000000300,911980.3392000000000,25,5,5,57,0,Male
7936,1517694.0479999997000,1833929.8848000000000,4962877.1712000000000,1788713.2224000000000,592890.4800000000000,1,1,1,66,0,Female
210,3574024.2720000000000,339496.1856000000000,957709.9583999999000,1375577.0496000000000,776832.6383999999000,21,1,5,65,0,Female
774,1066463.1900000002000,589825.5480000001000,2812424.3550000004000,3556671.7680000006000,1027197.9900000001000,16,1,4,65,3,
9098,815732.4864000002000,960136.4448000002000,2389612.1184000000000,116435.9040000000100,369127.5744000000400,4,4,1,71,0,Male
9841,424722.8544000000700,1034568.0384000001000,2264616.4320000005000,2203929.0624000000000,340054.9152000001000,18,3,4,75,4,Male
1790,1586973.7600000002000,591917.6800000000000,1815181.2000000002000,791773.4400000001000,657949.8400000001000,15,5,3,37,0,Male
1010,1718299.2600000002000,894959.1000000000000,2628697.0500000003000,2342138.0400000000000,723744.0000000000000,14,4,3,34,3,
8890,2812012.4447999997000,140660.9568000000000,4649620.6224000000000,3626148.6144000000000,1130158.2240000000000,21,1,5,70,0,Female
9037,2188158.5700000003000,348239.0340000000400,2257363.8360000000000,2201755.6080000000000,250803.6570000000400,11,1,3,71,3,
2236,1809050.6879999998000,1032007.5360000000000,1352618.3520000000000,777391.4880000001000,642600.8640000000000,22,2,5,39,0,Female
4021,740338.4560000002000,124401.7720000000000,1247241.7320000000000,304939.7120000000600,250501.1520000000600,10,5,2,48,4,Male
2131,787950.4319999999000,814767.6959999999000,3693347.7120000000000,4186224.5760000004000,340928.7840000000000,22,2,5,39,1,Female
61,565782.2560000000000,458419.9360000000500,551347.5240000001000,546712.1920000002000,152666.5920000000300,3,3,1,65,1,Male
5559,1794758.8608000000000,486275.7888000000400,2520562.7952000000000,1248652.9727999999000,253088.3232000000000,3,3,1,55,0,Female
6593,767496.1840000001000,108006.4960000000300,1482099.0600000000000,178619.5840000000300,514105.1760000001000,18,3,4,60,3,Male
6261,779553.2160000000000,368306.6400000000000,1378357.6320000000000,1286139.2640000002000,461910.7200000000300,8,3,2,58,0,Male
9140,1261396.6560000004000,794343.5760000001000,1753656.8400000003000,1621973.6000000000000,703522.8720000001000,2,2,1,71,0,Male
8339,2335853.2080000000000,927405.9600000001000,3390171.8760000006000,6089811.9360000000000,273274.7160000000000,1,1,1,68,2,Female
7820,2247830.2080000000000,936977.5350000000000,840097.0890000000000,1544964.8760000002000,650815.7760000002000,1,1,1,66,0,
3451,1014423.1680000001000,949588.1472000002000,1078746.1343999999000,3279467.1360000004000,399543.3024000001000,9,4,2,45,2,Male
5710,828387.3024000000000,1200128.8319999997000,3977332.2431999994000,4003495.3727999995000,145429.1712000000000,22,2,5,56,1,Female
575,1519600.6800000002000,800932.7040000000000,2631044.5200000000000,6029048.0640000000000,227655.6360000000300,11,1,3,65,3,
6251,1838320.7904000000000,564731.0928000000000,2432765.5344000000000,1035160.8191999999000,1077880.6080000000000,1,1,1,58,0,Female
7711,881987.7456000001000,929345.5080000001000,2135128.2264000000000,3739396.0032000006000,716532.2424000001000,8,3,2,65,1,Male
24,124370.2720000000000,360599.7200000000300,982180.6800000002000,458068.8320000000500,139300.9280000000400,3,3,1,65,5,Male
2907,2274483.6576000000000,722576.2896000000000,576151.0128000000000,1580035.5648000003000,550063.1664000001000,16,1,4,43,4,Female
6346,1135645.2864000000000,715165.4016000001000,588052.2240000000000,2131288.0128000000000,549086.4000000000000,9,4,2,59,4,Male
940,2371276.2240000000000,376975.4400000000000,2139833.8079999997000,769360.3200000000000,814811.1839999999000,2,2,1,34,4,Female
3720,3054734.1792000000000,135429.3072000000000,4268388.4848000000000,4186406.8224000004000,1196169.1632000000000,12,2,3,46,0,Female
9643,1817126.1888000004000,260622.3360000000000,2041343.3664000002000,1733553.3696000000000,662718.3264000001000,14,4,3,74,1,Male
9411,2288593.7568000000000,1047593.1024000001000,3974070.8592000000000,2804090.5152000000000,388787.6304000000000,21,1,5,73,4,Female
5302,2017557.8495999998000,1671788.3328000002000,930586.5791999999000,5079061.3247999990000,400430.6496000000600,22,2,5,54,1,Female
8928,1673515.5840000000000,1460699.8848000000000,1978293.2831999997000,1333679.4432000000000,233826.6528000000000,1,1,1,71,0,Female
8811,149031.4800000000000,584136.8520000000000,3285312.7320000000000,2353826.5920000000000,232706.7600000000000,21,1,5,70,3,
1073,715487.0400000000000,300282.9600000000000,235996.8000000000200,535238.4000000000000,540344.7200000001000,25,5,5,34,0,Male
8180,889989.0480000001000,300421.6800000000000,1290162.2759999998000,148766.5920000000000,701321.5560000001000,21,1,5,67,0,Female
7100,1007205.6384000002000,581808.1464000002000,637258.7520000001000,1082907.4464000002000,895268.0880000002000,5,5,1,62,0,Male
616,2719427.5680000000000,344396.3640000000000,4462847.0640000000000,4533475.4400000000000,897075.0360000000000,16,1,4,65,0,Female
8392,335342.2176000001000,685903.7016000001000,1514690.2368000000000,744477.1776000002000,369626.5872000000700,18,3,4,68,0,Male
6780,1753063.9776000000000,1737769.5504000000000,2856744.6336000000000,5882056.1280000005000,1733426.5104000003000,2,2,1,61,1,Female
5719,1715115.8016000001000,630148.6079999999000,3426081.4080000000000,3621188.9664000000000,343826.8415999999000,20,5,4,56,3,Male
2155,237962.3040000000000,638991.0000000000000,313437.3840000000000,228694.1760000000400,572016.6720000001000,25,5,5,39,3,Male
7554,603095.0016000001000,519169.4976000000600,1099930.6656000000000,4771613.1840000000000,471780.3168000001000,24,4,5,65,0,Male
3280,1012310.7456000001000,876404.4960000000000,1859446.1952000002000,1768340.8512000004000,262235.2128000000400,3,3,1,44,1,Male
7276,213507.8400000000000,371141.3472000001000,3718883.7504000000000,2708572.8384000007000,484713.7152000001000,12,2,3,63,1,Male
1454,499193.6000000000300,159855.8400000000300,648477.8400000000000,1868254.0800000000000,795539.5200000000000,10,5,2,36,3,Male
885,227261.3760000000200,268722.4320000000300,1920771.6480000000000,1693008.7680000002000,829640.1600000000000,24,4,5,33,0,Male
2535,840191.6160000002000,233831.1888000000300,1605647.5776000002000,1353819.4560000000000,184364.2152000000400,18,3,4,41,1,Male
6470,496235.0592000000000,449629.1712000000400,2224343.8079999997000,4000463.3088000007000,676488.3840000001000,1,1,1,59,0,Male
2691,1622654.3520000000000,1273666.2048000002000,1409489.2944000000000,3553299.1296000006000,333596.8944000000000,1,1,1,42,4,Female
995,1124773.4880000001000,408698.5680000000000,1137193.7760000000000,178916.2560000000200,645606.0720000000000,20,5,4,34,3,Male
9589,2371277.0016000000000,441746.6976000000000,1767199.6367999997000,6468840.5183999995000,973154.8944000000000,11,1,3,74,0,Female
997,300069.1200000000500,376796.5600000000600,607903.8000000000000,417035.2000000000000,268028.0400000000400,15,5,3,34,3,Male
2901,1752182.1504000002000,1067266.5696000000000,1100647.3104000000000,4897082.9952000000000,907170.1056000001000,7,2,2,43,1,Female
4453,252075.2832000000000,284642.2080000000000,405446.8608000000000,2865415.2192000006000,202344.5664000000000,25,5,5,50,3,Male
6195,1369064.6783999999000,957368.5632000000000,1555916.4287999999000,2979488.5631999997000,1062622.8864000002000,24,4,5,58,2,Male
2926,1186756.2080000003000,244213.6400000000400,633753.3840000001000,2227273.6640000003000,328468.5360000001000,5,5,1,43,4,Male
3420,952961.3280000002000,337093.2400000000500,1751357.2560000003000,3376448.7680000010000,230119.8240000000200,13,3,3,45,3,Male
5207,1009794.4704000000000,1065864.0960000000000,4851644.9471999990000,4266503.1936000000000,428014.3680000000000,15,5,3,53,0,Female
555,413179.7904000000600,206692.8552000000200,822187.7352000000000,3026503.5840000003000,801781.6248000001000,18,3,4,65,1,Male
5262,710871.5519999999000,1039693.9392000000000,1717543.8720000000000,4302886.8095999990000,693254.0160000001000,4,4,1,54,5,Male
1646,1396558.6560000002000,447772.8960000000700,887771.2320000000000,3044945.6640000010000,951763.6799999999000,14,4,3,37,4,Male
1098,2312489.0400000000000,358557.9599999999600,1989032.0399999998000,302918.8800000000000,958997.1600000000000,20,5,4,34,0,Female
6745,124199.4000000000000,748357.8960000001000,3931561.7640000000000,3600707.1360000004000,1057180.1760000000000,1,1,1,61,4,Female
4625,523716.1920000000400,1367712.7199999997000,583709.7600000000000,261319.1040000000000,954591.8399999999000,20,5,4,51,4,Female
9003,1026300.2880000001000,1505628.5399999998000,674382.8520000001000,3517537.2960000000000,295289.7480000000000,11,1,3,71,1,Female
817,1445095.9224000003000,894508.3368000000000,122096.1923999999900,5574876.8400000000000,1299027.4128000000000,1,1,1,65,1,Female
2281,335019.9600000001000,549553.9104000002000,162863.8704000000400,2147888.7936000004000,327303.1080000000700,15,5,3,40,5,Male
418,874550.8512000002000,678348.0288000001000,1749322.7856000003000,3591761.0976000004000,850110.4872000002000,24,4,5,65,1,Male
7539,1577257.7184000000000,1489565.5632000002000,2662322.0831999993000,833019.7824000001000,466281.6912000000600,21,1,5,65,0,Female
9222,645106.1760000001000,855788.8560000001000,2794804.5840000007000,2927280.5120000006000,642399.8880000002000,7,2,2,72,3,Male
4029,2022221.6256000004000,725645.3952000001000,1966200.5088000004000,520594.4832000000000,370361.2704000000400,21,1,5,48,3,Male
9581,1380792.9408000002000,405514.8864000001300,3703836.2400000000000,493373.3376000001000,1108927.9968000000000,25,5,5,73,0,Male
8818,1167007.4208000000000,1234336.3344000000000,3410297.4672000000000,5823854.8992000000000,1741292.2799999998000,21,1,5,70,2,Female
3978,272324.8880000000400,328483.8480000000600,535861.1280000000000,1431973.1360000004000,137691.4000000000000,25,5,5,48,5,Male
701,2012073.2736000004000,358881.7440000000600,3442328.3232000000000,2107858.5216000006000,584354.9088000001000,8,3,2,65,5,Male
5198,749858.1120000001000,373890.2400000000000,155871.3600000000000,2830225.1520000002000,668200.3200000001000,3,3,1,53,0,Male
7450,678975.7520000001000,105689.8960000000200,1239813.7440000000000,522664.8960000000000,481520.0520000001000,25,5,5,64,2,Male
9765,1747737.1392000003000,719312.6304000001000,517552.9631999999000,3147939.7248000004000,331292.8320000000500,16,1,4,74,0,Male
7043,1404534.8304000003000,549291.7872000001000,2580940.6272000005000,3604168.7136000004000,422312.4360000000500,10,5,2,62,2,Male
2982,2064884.3424000002000,537844.8240000000000,1562171.0544000000000,4574299.2768000010000,777517.1712000001000,19,4,4,43,2,Female
2388,146609.7600000000000,429433.8400000001000,491925.7200000000300,568270.9120000001000,138854.1880000000200,11,1,3,40,2,Male
6335,879156.9792000001000,773795.7216000000000,1005214.4064000000000,2756795.2128000003000,751511.4336000000000,20,5,4,59,4,Male
1236,563159.0400000000000,103213.0800000000000,1645602.1199999999000,1763991.3600000000000,594089.7600000000000,14,4,3,35,3,
6927,422146.1088000001000,802444.2192000000000,2313784.9800000004000,1740512.2176000000000,647018.1432000002000,25,5,5,62,5,Male
4128,2510516.9760000003000,560578.1280000000000,1754519.9760000003000,1886581.4880000001000,805669.5240000001000,9,4,2,48,1,
2010,126231.8400000000100,406228.3200000000000,253929.2399999999600,4591097.7600000000000,896724.9600000001000,20,5,4,38,0,Female
1309,1238403.2640000002000,548984.3520000001000,1172345.1840000000000,1850915.3280000002000,858167.6160000002000,12,2,3,35,1,Male
7636,643873.4640000000000,471430.3360000000700,1262217.5280000000000,1093773.2000000000000,161977.0360000000200,2,2,1,65,3,Male
5001,1351119.7439999997000,971708.8896000000000,125779.3919999999900,980588.3904000000000,734641.4592000002000,19,4,4,52,0,Male
8917,1928965.7920000004000,238150.3280000000400,479867.5440000000000,2254621.8240000005000,241250.3600000000200,13,3,3,70,0,Male
8810,429717.8080000000000,240070.3760000000500,808101.5279999999000,2481472.0320000006000,136279.9360000000200,3,3,1,70,3,Male
7569,180993.3840000000200,130364.5824000000300,2536152.7464000005000,2267318.8512000004000,347636.0160000000000,13,3,3,65,1,Male
7077,703415.4400000001000,749237.9440000001000,2479864.6080000000000,2895080.8640000000000,892405.2800000001000,15,5,3,62,1,Male
8836,449037.1600000001000,407240.1840000000700,1187210.7000000000000,846551.6800000002000,401240.5280000000500,3,3,1,70,2,Male
7831,3355815.3408000004000,1123569.9071999998000,2699606.1456000000000,4219310.5344000000000,1543965.3216000001000,21,1,5,66,1,Female
1889,2106739.6800000000000,348598.8000000000000,428281.5600000000000,2507394.7200000000000,1195687.3200000000000,8,3,2,38,1,Female
6951,562151.8655999999000,202432.0895999999800,5263387.6463999990000,4746775.7376000010000,1417370.1984000000000,4,4,1,62,4,Female
4871,1571660.4096000004000,331630.0704000000000,2424784.3776000002000,302393.4336000000500,642753.2736000001000,24,4,5,52,4,Male
1758,738008.6400000001000,209424.6720000000500,596284.4160000000000,2626859.8080000007000,594775.6560000001000,15,5,3,37,0,Male
4612,822804.5760000001000,119048.6880000000000,955349.7119999999000,368309.1840000000700,122443.2000000000100,15,5,3,51,5,Male
1655,1730780.1600000000000,136762.9440000000000,1963992.3840000000000,503357.1840000000700,290215.2000000000000,8,3,2,37,4,Male
5146,984482.8415999999000,261772.3008000000300,1416233.2031999999000,3091118.2848000005000,707467.8528000001000,24,4,5,53,2,Male
248,1730600.3520000000000,806503.2768000002000,3624551.4240000000000,2897431.1808000007000,780620.5056000001000,2,2,1,65,0,Male
1313,1824955.3920000002000,252326.7840000000400,367644.3840000000000,626690.3040000000000,949515.9360000001000,8,3,2,35,1,Male
603,2046083.7280000001000,288605.2000000000000,463766.4720000000000,4086295.2000000000000,1023784.3200000002000,23,3,5,65,2,Male
1681,506665.7280000000600,429729.0480000000000,360480.8880000000400,521404.1280000000000,508276.3680000000000,15,5,3,37,1,Male
4518,2104667.7120000000000,1141768.5696000000000,4312671.7248000000000,3161201.8175999997000,1594688.7743999998000,21,1,5,50,0,Female
6926,1778168.0592000005000,659335.9032000002000,954990.4104000000000,3417143.5584000010000,431760.8880000001000,15,5,3,62,5,Male
6860,2254035.5136000000000,205693.9872000000600,3134517.2352000005000,3750314.3808000010000,290439.1776000000000,4,4,1,61,1,Male
8519,950375.5040000002000,300880.7360000000300,2872948.1040000003000,891311.6160000000000,457772.0160000000600,23,3,5,69,1,Male
1987,1051611.0720000000000,601148.4480000000000,2486486.0160000003000,3270065.2800000003000,448040.5440000000500,24,4,5,38,0,Male
8586,1195441.6032000000000,364038.2928000000000,3436349.5296000005000,1418293.0944000000000,724292.1504000000000,16,1,4,69,2,Female
1087,241052.9400000000300,322129.4400000000600,1692357.0300000000000,2263827.9600000004000,899643.9600000001000,15,5,3,34,1,
483,1748436.9760000003000,570898.2240000000000,1757602.0800000000000,2998060.4160000007000,287554.6960000000500,4,4,1,65,5,Male
8605,960437.0880000001000,765061.3152000002000,479969.1936000000600,2782394.7840000005000,499926.3984000000600,13,3,3,69,2,Male
1212,268809.9840000000000,284252.3999999999700,2091682.6559999997000,4192471.8720000000000,1350399.0240000000000,22,2,5,35,1,Female
2317,1381774.9440000001000,866715.4848000001000,2933925.9840000000000,3399355.2384000006000,956128.5888000001000,18,3,4,40,4,Male
8409,1571711.7780000002000,1159896.8160000000000,1981718.6220000002000,1065980.4480000000000,351333.8010000000400,1,1,1,68,1,
1384,1418345.2800000000000,645022.3680000000000,1596734.4960000000000,170729.8560000000000,135589.1520000000300,4,4,1,36,5,Male
8873,656757.8784000002000,923543.7120000002000,1127904.8040000000000,1945882.2240000004000,121690.2960000000300,3,3,1,70,1,Male
9363,954832.5696000002000,606392.7168000000000,1758033.0144000000000,1050646.7712000000000,955631.7888000001000,8,3,2,72,0,Male
2301,979357.6320000002000,527960.6640000000000,3122305.9560000000000,342092.7840000000000,570472.3200000001000,4,4,1,40,4,Female
3858,1785385.1136000003000,654728.2368000001000,319368.2976000000000,4152036.1344000010000,1042196.0736000001000,19,4,4,47,2,Male
5015,2263344.7679999997000,243761.0111999999500,2601562.9247999990000,1618461.3888000000000,1527486.6816000002000,1,1,1,53,0,Female
1590,1848300.7200000000000,980940.0000000000000,3531219.4800000000000,2715111.3600000003000,329211.7200000000300,10,5,2,37,0,Female
2468,1390225.5840000000000,450624.5040000000000,642392.3879999999000,2911917.8880000003000,504803.7720000000600,8,3,2,41,0,Female
1974,859615.2000000001000,400424.0000000000000,495043.6800000000000,3137010.2400000000000,520189.5200000000000,20,5,4,38,1,Male
4440,1209331.5840000000000,370926.2880000000000,3017403.7919999994000,810477.5039999998000,866916.4319999999000,9,4,2,50,1,Female
2993,1728968.9472000003000,596838.3168000000000,1523885.6160000002000,2873839.3728000010000,894968.9760000001000,14,4,3,43,2,Male
5837,670545.2159999999000,1468084.6079999998000,4697740.2815999990000,2900161.1519999993000,487777.7663999999600,16,1,4,57,0,Female
2454,396352.0704000000000,776952.1056000002000,2461768.8480000000000,3377292.8640000005000,205502.0352000000000,18,3,4,40,0,Male
5336,752707.2960000000000,1136447.8560000000000,3709911.4560000000000,5421962.8799999990000,1388707.0559999999000,15,5,3,54,2,Female
119,417038.5440000000500,1555390.8864000000000,3813976.6703999997000,3740292.6912000000000,1662051.4560000000000,11,1,3,65,2,Female
6535,628293.1200000000000,1160220.2040000000000,3618044.3520000000000,5147138.8800000000000,1258306.2960000000000,4,4,1,60,4,Female
1615,200596.6080000000400,618851.8080000001000,106808.2560000000100,3319050.2400000000000,603909.1200000000000,14,4,3,37,5,Male
2817,684579.8080000002000,315534.6480000000400,2603600.2080000006000,3221878.1760000010000,211750.4400000000600,1,1,1,42,1,Male
9546,932510.8416000002000,1052418.9312000000000,836658.2016000000000,407119.5648000000500,125018.0256000000200,1,1,1,73,0,Male
3129,1499985.5200000003000,174451.8160000000200,2537643.7680000006000,1807081.0560000003000,218906.2480000000500,20,5,4,44,1,Male
9608,286327.2880000000600,414752.0520000001000,1551187.5600000000000,1926051.7120000003000,110277.5440000000200,8,3,2,74,5,Male
5346,448120.1664000000500,1067328.1152000001000,159610.5216000000000,3129552.2304000002000,864993.7152000001000,7,2,2,54,2,Male
3654,1832279.9616000003000,1226171.5488000000000,2301118.4592000000000,3822669.1008000000000,167296.0608000000000,12,2,3,46,2,Female
6293,674563.5072000000000,397582.9056000000000,1975947.6960000000000,2904110.6688000000000,637367.5296000001000,20,5,4,59,0,Male
7219,2062279.5648000005000,268059.5424000000300,1436370.6240000003000,3433510.5792000005000,129576.3456000000200,19,4,4,63,3,Male
3105,880485.7248000003000,247108.4352000000700,757581.1848000000000,1973032.9344000006000,527864.1984000001000,20,5,4,44,0,Male
8627,2428959.3120000000000,381865.1616000000000,3076303.8383999993000,2812837.9968000003000,1197946.9008000000000,6,1,2,69,0,Female
7969,916041.1104000000000,1783739.1312000004000,3733440.4224000000000,3074354.1503999997000,700750.4400000000000,21,1,5,67,0,Female
1743,1503271.1040000000000,390831.8400000000000,1119012.4800000000000,2995795.9680000000000,422343.1680000000600,7,2,2,37,1,Male
2882,310573.6128000000000,354466.9920000000000,2625735.9744000000000,3043215.4368000007000,214978.8960000000000,14,4,3,43,0,Male
9652,2743566.6960000000000,542974.6920000000000,3050283.1319999998000,3832158.7199999997000,286987.4280000000000,6,1,2,74,1,Female
4357,2547291.4560000000000,771275.5199999999000,2807842.5791999996000,3907510.5024000000000,527045.3568000001000,22,2,5,50,0,Female
8584,1665415.0656000000000,1869437.7936000002000,799696.4976000000000,3080216.5056000000000,656717.0688000000000,6,1,2,69,2,Female
5565,1466303.3856000000000,1192601.3183999998000,690452.8127999998000,5980379.9039999980000,600913.0368000000000,21,1,5,55,0,Female
3359,2060673.1200000000000,915978.8352000001000,355614.3360000000000,3312045.5808000006000,228174.0384000000500,22,2,5,45,1,Male
9180,971091.4720000001000,486536.2320000001000,1319767.1760000000000,1091403.0400000000000,279617.2080000000400,3,3,1,72,1,Male
7821,212997.7200000000000,1272211.5120000003000,3807316.1879999996000,3947380.9440000006000,965295.2400000000000,11,1,3,66,0,
5967,1713152.3328000002000,1099280.3328000002000,2030402.2463999998000,1174227.8399999999000,1525540.2624000000000,6,1,2,57,2,Female
5757,869405.1840000000000,498073.8816000000000,2131591.8528000000000,1817652.0960000000000,678443.4720000001000,5,5,1,56,2,Male
5667,2545349.7600000000000,800188.7039999999000,2557949.7600000000000,659011.3920000000000,588806.3520000000000,24,4,5,56,4,Female
280,2128784.8608000004000,1547589.8880000000000,2250745.6607999997000,5901891.0912000010000,988212.3264000003000,11,1,3,65,4,Female
4603,707881.5360000001000,462698.5440000000500,1292187.3120000000000,810885.5040000001000,191692.9440000000200,25,5,5,51,5,Male
4081,1391745.8016000004000,331044.1200000000500,834982.7112000000000,111481.2864000000300,441636.5448000001000,3,3,1,48,2,Male
8078,188206.3872000000300,1186174.5792000000000,1375869.8304000003000,2495691.4944000000000,270845.0784000000600,16,1,4,67,1,Male
8552,1122904.2240000000000,1276199.1840000001000,2098795.6080000000000,4126947.5520000000000,1328176.9800000002000,6,1,2,69,1,Female
8056,1275269.3460000001000,563743.7910000001000,964271.0610000001000,4623059.3760000010000,609305.4630000001000,15,5,3,67,0,
175,1652232.6288000000000,836806.9320000001000,2508827.2560000005000,1245088.5408000003000,361527.0984000001000,3,3,1,65,0,Male
4152,1001933.7768000001000,149631.2136000000200,2986537.1975999996000,1723811.2848000003000,1045391.8860000000000,14,4,3,49,0,Female
299,1842872.9280000000000,560851.5744000002000,861195.6288000001000,1775343.3984000000000,1240031.5200000000000,2,2,1,65,1,Male
6784,1205671.3344000000000,1820304.3456000000000,5064315.0479999995000,4099826.0159999994000,1372683.8736000000000,17,2,4,61,1,Female
5026,1838570.1120000002000,399929.8560000000000,183925.1520000000000,3331295.2320000003000,357403.7760000000700,23,3,5,53,0,Male
9992,653797.8720000001000,143798.7200000000000,784166.2920000000000,1266301.2960000003000,349678.0560000001000,14,4,3,75,0,Male
349,1129245.4368000000000,1323940.7376000000000,3802836.2112000000000,3951313.5168000000000,1550952.1872000003000,6,1,2,65,2,Female
6508,2444839.9872000003000,1229612.3424000002000,678678.2496000000000,2572727.0400000000000,770532.4224000000000,19,4,4,60,0,Male
4174,1464343.1616000000000,724469.8560000001000,2821817.7504000003000,3424916.7744000010000,575286.6240000000000,13,3,3,49,5,Male
8462,3116868.7680000000000,1112990.2992000000000,357753.2400000000000,440020.3392000000000,853836.4224000000000,21,1,5,69,0,Female
8059,1244764.4352000002000,316266.1632000000700,3413419.4016000000000,2240713.6128000002000,1136845.7568000000000,2,2,1,67,3,Male
8670,380324.1312000000600,757636.6824000002000,686229.4296000001000,1308912.8832000003000,197949.0240000000000,7,2,2,69,0,Male
6030,438820.9919999999700,865904.6880000001000,2470969.5840000000000,5397704.6400000000000,352100.0160000000000,14,4,3,57,0,Female
7239,1647934.0800000000000,1097123.9136000000000,2060980.6464000004000,4172856.7296000010000,735409.5840000000000,24,4,5,63,2,Male
9301,1889088.4480000006000,248481.4800000000400,3078149.8800000004000,3322369.4400000004000,807390.7920000001000,18,3,4,72,1,Male
98,1204638.2400000000000,818000.9759999999000,1618710.1631999998000,4334766.2592000000000,345122.9183999999700,23,3,5,65,3,Male
1746,1958166.4320000000000,770553.0720000000000,505262.8799999999500,5459072.8320000000000,1393698.6720000000000,22,2,5,37,1,Female
3183,1328741.5680000002000,972446.0064000001000,1665728.3808000002000,962482.3296000000000,367662.0288000001000,4,4,1,44,1,Male
7801,2571059.4624000000000,235142.2944000000000,4885551.5903999990000,7126605.9072000000000,359864.1071999999700,21,1,5,66,4,Female
4420,792846.9504000001000,694044.0576000001000,2864268.1728000000000,117621.9648000000000,960168.3839999998000,19,4,4,50,0,Male
5970,796117.2479999999000,309822.6239999999500,3841298.3807999995000,6567203.8656000000000,934897.4207999998000,4,4,1,57,2,Female
853,2594960.3520000000000,1294635.8880000000000,3194119.8719999995000,4729534.2720000000000,940382.0640000001000,12,2,3,33,0,Female
8389,1538895.1968000003000,746126.4096000001000,2199783.5496000000000,833381.4528000000000,784446.4368000003000,8,3,2,68,0,Male
1072,1180562.6880000000000,339943.2960000000300,1376114.6879999998000,1012359.9360000001000,199731.5520000000300,24,4,5,34,0,Male
6309,1425989.9519999998000,378371.8080000000000,1170914.4000000000000,2477381.1840000000000,208074.6720000000200,9,4,2,59,5,
7221,384778.0560000001000,430555.2160000000000,1337558.6639999999000,1538591.3920000002000,518437.4520000000500,23,3,5,63,3,Male
6739,1376329.2192000000000,727280.2368000001000,5387620.3056000000000,4924437.5232000000000,457189.9488000000000,6,1,2,61,4,Female
1956,655451.4400000001000,377675.2800000000000,1098214.0799999998000,965660.0000000000000,351488.5600000000600,25,5,5,38,2,Male
3965,986121.8400000001000,156895.2000000000000,3521904.8040000000000,3807544.7520000003000,1199754.4680000000000,25,5,5,48,0,Female
9383,1057579.6608000000000,314083.9728000000500,4935441.3263999990000,1210876.9920000000000,987064.7904000002000,11,1,3,73,0,Female
4551,749085.2352000001000,230531.4431999999800,2387190.8735999996000,3117077.4528000000000,877724.1216000002000,9,4,2,50,0,Male
9169,1407044.3712000002000,923355.8880000002000,2882189.2320000003000,4420475.4048000000000,1030519.4016000002000,22,2,5,72,5,Male
8803,374919.4800000000400,539827.7976000000000,2117942.9856000007000,419101.8624000000400,289994.4216000001000,23,3,5,70,3,Male
9247,2366003.3280000000000,279994.5408000000000,144859.4784000000200,3118723.0464000003000,613686.5280000000000,2,2,1,72,3,Male
8938,361728.0576000000000,1861763.9040000000000,2864633.4287999994000,108226.3104000000000,421677.7344000000000,1,1,1,71,0,Female
1997,300755.6800000000500,138376.6400000000000,346212.9600000000000,402112.3200000000700,393668.3200000000700,5,5,1,38,0,Male
51,392558.8160000000500,473126.0040000001300,1216715.1360000000000,1829773.2960000000000,164426.8080000000200,13,3,3,65,4,Male
1235,2098471.1999999997000,1144343.1600000000000,3458709.3600000000000,795964.7999999999000,460287.9600000000000,24,4,5,35,3,
5120,224296.7760000000000,589165.2720000000000,2367331.2720000000000,118293.6960000000100,1005672.7800000000000,14,4,3,53,3,
4497,1855626.6240000003000,242082.3360000000000,1313998.5600000000000,3019803.6480000000000,119577.5040000000200,9,4,2,50,2,Male
2166,2333405.2800000003000,169930.5600000000300,2809409.4000000000000,2431494.7200000000000,897798.9600000001000,19,4,4,39,2,Female
5724,162901.1519999999700,808777.5839999999000,3430901.2320000000000,443600.6400000000000,1170493.6320000000000,5,5,1,56,3,
1089,212393.8560000000000,199603.7760000000000,403705.4400000000000,3637853.9520000005000,161305.2480000000000,4,4,1,34,0,Male
3686,2883706.5312000000000,246383.7552000000700,2736386.4528000000000,4152894.4512000005000,304223.1984000000000,16,1,4,46,0,Female
2754,1114429.7472000000000,771767.8848000001000,2733919.6896000000000,1806501.3120000002000,567245.2896000000000,24,4,5,42,3,Male
4491,1879483.3920000002000,869103.4752000002000,2816184.8447999996000,4163632.1279999996000,816402.3552000001000,8,3,2,50,2,Male
2676,857409.4320000000000,421897.9160000000000,796610.2320000002000,286082.7200000000300,346234.4600000000000,20,5,4,42,5,Male
6186,528263.4240000000000,500003.3664000000000,1399948.2720000000000,1005842.5344000001000,769683.3408000001000,3,3,1,58,2,Male
3374,2077422.3360000000000,1143509.2416000000000,1838714.6448000001000,3352963.0464000003000,593166.8160000000000,11,1,3,45,4,Female
4582,1448274.8159999999000,207762.4512000000000,5153461.5743999990000,619113.3696000000000,261071.9424000000000,9,4,2,51,0,Female
4909,107035.2000000000100,572438.2080000000000,766799.4240000001000,1415756.9280000000000,267206.9760000000000,8,3,2,52,3,Male
7988,1382971.2624000004000,757919.5416000002000,144827.6544000000000,2646396.9792000004000,799177.7664000001000,15,5,3,67,0,Male
5450,1900330.2144000000000,247994.9568000000400,2898600.7680000000000,1740139.7759999998000,447090.2784000000000,13,3,3,55,1,Male
5567,3281887.0656000003000,373166.9568000000000,2124107.1936000000000,646258.8672000000000,1263401.9712000000000,24,4,5,55,0,Female
8621,2156240.3616000000000,1637505.2304000000000,354832.3583999999700,3291029.9135999996000,210855.7152000000000,11,1,3,69,0,Female
4502,737470.7520000001000,411091.9200000000000,1238279.9039999999000,975387.6480000000000,139918.8000000000200,3,3,1,50,2,Male
4158,1581867.9360000002000,367547.3472000001000,2264017.8528000000000,3521769.7152000010000,209356.3296000000300,4,4,1,49,0,Male
5519,2115309.0815999997000,1022521.7087999998000,2243334.0095999995000,5802610.8671999990000,1045883.9232000000000,2,2,1,55,2,Female
4569,931540.9536000002000,117488.8800000000200,444452.5727999999700,2680116.9408000004000,502540.0704000000000,9,4,2,50,0,Male
3448,414815.1920000000400,433983.9680000001000,1141011.4320000000000,831033.8080000002000,267511.5960000001000,5,5,1,45,2,Male
6191,722448.6336000001000,230253.4944000000300,1985797.8144000003000,460275.6096000000000,725486.3712000000000,10,5,2,58,2,Male
6229,860999.5200000000000,140508.0960000000000,870699.1680000001000,1276732.2240000002000,270198.0960000001000,10,5,2,58,0,Male
6747,3518301.9456000000000,865619.1648000000000,266932.9728000000000,2370181.1328000003000,892710.7488000000000,2,2,1,61,4,Female
1486,1340749.2480000000000,768160.4160000002000,1673169.4080000000000,1693925.3760000002000,318775.8720000000000,22,2,5,36,2,Male
3296,3104661.8592000000000,168626.9376000000300,3912313.9967999990000,267192.2880000000000,1270628.2512000000000,1,1,1,44,0,Female
487,359751.9744000000000,489061.4976000000600,3416333.3568000000000,235273.9584000000300,263165.2608000000500,9,4,2,65,5,Male
6172,2895063.8976000003000,908087.5007999999000,4804853.1263999995000,4486978.0224000000000,1457838.0864000000000,7,2,2,58,2,Female
5885,146219.9039999999800,1368176.8319999997000,4005435.2255999995000,2928212.1216000000000,1208732.1983999999000,21,1,5,57,4,Female
8436,1853198.6304000004000,463060.5408000000000,1046213.6255999999000,2446868.2368000000000,162198.5664000000000,17,2,4,68,0,Male
1892,1180912.6080000002000,622227.2040000000000,2963775.0959999994000,3445408.6560000000000,601033.6080000000000,14,4,3,38,1,Female
554,402354.0144000000400,846962.8128000001000,916484.0256000000000,974799.0720000000000,220032.5400000000000,19,4,4,65,1,Male
4259,902820.4416000001000,621787.7952000000000,3260169.4752000000000,2518426.9440000000000,694853.4384000001000,17,2,4,49,2,Female
2116,1164934.6560000002000,666714.9120000001000,2843118.7200000000000,486629.3760000000500,634318.4640000000000,24,4,5,39,4,Male
2768,1894002.5280000002000,706754.2680000002000,1013297.0759999999000,4682137.6800000010000,944222.6640000001000,8,3,2,42,2,Female
8133,2782253.2608000000000,808680.9744000001000,4254313.1904000000000,1161567.7632000000000,624158.8704000000000,11,1,3,67,0,Female
1742,815729.0880000001000,932554.6560000001000,2292342.9119999995000,970882.5600000000000,429623.0400000000000,19,4,4,37,1,Male
2035,829599.8400000001000,453496.7200000000300,411594.0000000000000,244548.4800000000400,320556.4800000000400,25,5,5,38,0,Male
3199,1067723.3952000001000,290010.1248000000500,1826605.1232000005000,1229860.0512000003000,456134.0256000001000,25,5,5,44,3,Male
7355,1738768.8240000003000,510282.0216000001000,2579727.8520000004000,2639729.2896000003000,351777.0672000000500,15,5,3,64,5,Male
1110,453447.3600000001000,470029.6000000000300,150476.6399999999800,217034.2400000000000,520588.5600000000600,25,5,5,34,0,Male
4575,1176731.8272000002000,622738.4831999999000,2679693.9263999993000,2261526.6816000000000,278073.5616000000000,17,2,4,50,0,Male
4075,785064.6144000003000,696219.4008000002000,1647046.5264000003000,790651.3824000002000,316440.9864000000500,5,5,1,48,2,Male
1739,1217667.1200000000000,968396.1600000000000,3506356.4399999995000,4108475.5200000000000,265795.5600000000000,9,4,2,37,2,
7160,3470008.0896000000000,1282576.8384000000000,4100396.6015999992000,4848473.2608000000000,1744840.2816000000000,20,5,4,63,4,Female
102,158738.8608000000500,583830.7488000001000,758103.8400000001000,1772351.1936000003000,882072.2664000001000,22,2,5,65,3,Male
663,1139215.8960000002000,207469.3608000000200,2568372.8616000004000,253597.5936000000500,134993.6640000000200,13,3,3,65,0,Male
239,1978127.4239999999000,521276.7455999999700,937983.7583999999000,2486862.8928000005000,861183.2736000000000,11,1,3,65,0,Female
8505,787745.0880000002000,533187.0648000000000,1129961.1024000000000,362872.2240000000500,153333.5544000000500,22,2,5,69,4,Male
4118,815786.4000000001000,647762.5440000000000,914451.1200000001000,564886.0800000000000,213188.2368000000700,4,4,1,48,0,Male
1901,1200712.7040000001000,851911.3920000001000,2222584.9919999996000,3649783.6800000000000,664488.7680000000000,9,4,2,38,1,Male
5546,2383511.3280000000000,214006.4640000000000,2949034.1760000000000,3736315.5840000000000,207964.8000000000000,22,2,5,55,2,
7443,417044.4096000000000,620285.7024000001000,873192.1536000000000,4923692.4672000000000,625535.5392000000000,2,2,1,64,2,Male
8988,2171540.5920000000000,761752.3680000001000,3529348.9919999996000,331052.5920000000000,1415362.8840000000000,21,1,5,71,4,
7977,809306.7839999999000,365855.6304000000000,708279.8112000000000,2164467.0528000006000,1562838.0768000000000,6,1,2,67,0,Female
4674,2263298.2271999996000,186223.1040000000200,2762378.0352000000000,3762650.8800000004000,358186.6368000000000,17,2,4,51,3,Male
2612,157218.6880000000200,319337.5680000001000,1216588.6920000000000,1175074.7360000003000,272149.1520000000600,18,3,4,41,0,Male
7271,576874.0224000000000,904741.8432000001000,3559827.3984000003000,1351121.7408000003000,506041.7856000000000,6,1,2,63,0,Male
560,1015826.4480000001000,457487.9920000001000,737450.6880000001000,1555560.6560000004000,428983.8800000000000,18,3,4,65,3,Male
2914,1641999.5328000002000,451640.6400000001000,2544124.4928000006000,2085097.7664000003000,1001085.6768000002000,9,4,2,43,4,Male
1407,581887.2960000000000,613141.0560000000000,2764422.0000000000000,925955.7119999999000,1355607.7920000000000,12,2,3,36,4,Female
8644,1114506.2240000002000,303279.7040000001000,2380414.9200000000000,1463269.6000000000000,1016227.7840000002000,9,4,2,69,1,Male
5308,3352039.0271999994000,242787.1104000000000,3890178.8351999990000,2180064.8448000000000,1325611.5264000000000,11,1,3,54,1,Female
9063,373558.3488000001000,910067.4336000002000,713549.4912000002000,1065317.2608000003000,1038136.9440000001000,8,3,2,71,2,Male
4839,2143968.6960000000000,126394.6679999999900,1448783.8200000000000,3984526.0800000000000,577050.4800000000000,18,3,4,52,5,
786,583241.8176000000000,492657.7968000000000,720680.5007999999000,2820489.2352000000000,1312673.5439999998000,16,1,4,65,2,Female
457,1136033.6832000000000,476716.1568000001000,519740.9567999999000,4525498.0992000010000,277733.0400000000000,9,4,2,65,0,Male
8656,627650.7119999999000,936721.3440000002000,2542517.6400000000000,4444664.6400000000000,555067.1880000001000,1,1,1,69,0,Female
2316,534287.4768000001000,240562.8720000000300,620685.0936000000000,2116377.6480000000000,617282.2656000002000,9,4,2,40,4,Male
5202,892777.0752000000000,1395143.6544000000000,748470.5856000000000,4530038.3999999990000,1288361.0304000000000,2,2,1,53,0,Female
3953,1556223.8560000004000,423140.7840000001000,1490788.9920000000000,831019.2000000002000,554536.2240000002000,8,3,2,48,0,Male
932,1547959.8720000002000,814559.3280000001000,979794.7200000001000,1565351.4240000003000,762235.2000000000000,14,4,3,34,1,Male
2411,222065.1840000000400,992425.7376000002000,951688.1088000000000,2795688.6144000010000,775498.7328000001000,11,1,3,40,0,Male
677,1930505.3040000000000,843301.6800000000000,3442695.0480000000000,3029484.4320000005000,311281.1520000000000,21,1,5,65,0,Female
9692,1550595.2800000003000,575475.0560000001000,809382.6000000001000,1757501.8240000003000,332824.3360000000700,15,5,3,74,2,Male
6032,1662180.4799999997000,1335040.8480000000000,1172754.7200000000000,2535500.7360000000000,888563.6640000000000,20,5,4,57,0,Female
5763,185621.7600000000000,474052.6080000000000,154352.4479999999700,145195.7760000000000,248816.6880000000000,15,5,3,56,2,Male
5726,2757097.7279999997000,1341060.0480000000000,1810424.3039999995000,1286269.0559999999000,793087.4880000001000,24,4,5,56,3,
8302,392814.3440000000400,324303.3040000000600,1297635.7680000002000,118870.7520000000100,416863.0440000000500,19,4,4,68,1,Male
7948,1856232.5184000000000,1158429.4176000000000,796664.7936000000000,3662586.4704000010000,513058.2912000001000,21,1,5,66,0,Male
8291,563526.2880000000000,928361.8656000001000,3480955.7328000000000,1889849.1456000000000,1173379.1472000000000,21,1,5,68,1,Female
963,1068147.9360000000000,387024.9840000000500,2128678.2720000003000,899323.2000000001000,660672.2880000001000,15,5,3,34,0,Male
4460,742602.9888000000000,591132.6432000000000,1330963.4880000001000,2078484.7103999997000,514966.2912000000400,5,5,1,50,3,Male
8041,105633.0080000000200,234166.7120000000300,1441963.2240000000000,1903982.9120000002000,796361.4880000001000,22,2,5,67,4,Male
9587,3163267.0368000000000,176202.7488000000000,3458514.7583999997000,904163.2703999999000,1497797.4960000000000,6,1,2,74,0,Female
6,2185829.9423999996000,1453656.1104000001000,3371881.2191999992000,1609654.1760000002000,197231.6736000000000,11,1,3,65,0,Female
6604,1567433.2752000003000,628551.3312000001000,155097.6336000000300,2905748.3520000004000,906830.7768000002000,5,5,1,60,2,Male
3334,3116312.1792000000000,1163370.0672000002000,3218155.1424000000000,2740773.0239999997000,306292.6944000000000,12,2,3,45,0,Female
9597,418955.1600000000000,185589.7680000000000,1194981.3720000000000,5240107.3920000000000,317182.4760000000000,16,1,4,74,0,Female
6920,1502800.2080000003000,258215.8800000000300,1756309.7759999998000,1906610.7840000000000,470026.5440000000500,10,5,2,62,0,Male
3771,380633.7216000001000,838512.6816000002000,1873917.3024000002000,1487560.1664000002000,762862.3200000001000,12,2,3,47,0,Male
1684,1252952.4960000003000,476487.9360000000500,1827202.7520000003000,755400.6720000001000,717342.9120000001000,25,5,5,37,1,Male
2138,2205038.8800000000000,1104932.0160000000000,3191115.3119999995000,2336587.1999999997000,1192808.3040000000000,24,4,5,39,1,Female
8637,701499.2400000001000,698690.8656000001000,1569573.1584000000000,1179663.2640000000000,286140.8160000000000,14,4,3,69,0,Male
6708,1746214.5168000000000,638733.7944000000000,2770997.8608000004000,1237254.9696000002000,471855.1968000001000,13,3,3,61,0,Male
2196,251194.1760000000000,318573.0720000000000,518350.7519999999000,4328039.8080000000000,479804.3999999999700,18,3,4,39,1,Female
8594,1742048.1936000003000,323137.9944000000000,2426435.4816000005000,600806.7936000002000,658882.1304000000000,23,3,5,69,2,Male
9173,1367897.7312000003000,202835.9736000000000,2670326.2872000000000,1377694.2816000003000,717953.7456000001000,18,3,4,72,5,Male
5196,954662.8608000000000,659985.8688000000000,1101871.9871999999000,2952171.8784000003000,112135.2192000000000,13,3,3,53,0,Male
3825,1699458.7500000002000,339007.5810000000600,1209408.9480000000000,821791.0800000001000,695350.4580000001000,21,1,5,47,0,
6454,186468.8255999999800,1698806.3039999995000,1801261.6703999997000,5001775.4879999990000,1218665.2608000000000,24,4,5,59,0,Female
4221,208052.2224000000600,627219.2520000001000,1368518.9760000003000,1932832.5984000000000,225452.8584000000300,25,5,5,49,1,Male
4106,1657405.7280000001000,871755.9840000000000,4485341.5200000005000,5878260.7488000010000,1061054.9136000000000,4,4,1,48,0,Female
3191,267842.3440000000000,248761.9640000000400,791471.8680000001000,809618.6560000002000,359705.3240000001000,5,5,1,44,3,Male
6633,2166917.3760000000000,958175.0880000001000,2134133.3520000000000,5798215.4880000000000,1260995.7360000003000,21,1,5,60,2,
2784,1759437.7152000004000,1004063.3856000003000,3013674.0480000004000,725212.6464000001000,567446.1408000000000,13,3,3,42,2,Male
6730,1609618.9200000002000,1546799.5920000002000,4377328.9560000000000,1814609.4720000000000,813143.1360000000000,16,1,4,61,1,Female
1405,935046.4319999999000,1117837.5840000000000,4142768.5439999998000,3867724.8000000000000,953163.2160000000000,2,2,1,36,4,Female
5600,779170.4064000001000,398081.6639999999300,2254028.0831999998000,3919124.2752000000000,1037350.5408000000000,22,2,5,55,0,Male
2160,278766.5400000000400,467041.6800000000000,546368.4900000000000,753220.0800000001000,415060.0200000001000,4,4,1,39,3,
7689,2333070.3240000005000,635548.3290000001000,370561.5810000000000,2957619.6000000000000,260582.6340000000200,13,3,3,65,2,
570,2240937.2544000004000,792904.6944000002000,1481282.1504000002000,3864837.8496000003000,804376.6848000000000,7,2,2,65,3,Male
9802,739393.3872000001000,471487.8168000001000,619970.4576000001000,3231665.0496000005000,849458.3760000002000,12,2,3,75,0,Male
6751,1847308.3200000000000,891839.0208000002000,1524466.5696000003000,839919.9744000002000,961283.6064000002000,1,1,1,61,4,Male
8707,2211429.4800000000000,190896.7320000000200,167194.8720000000000,2531674.7040000004000,408381.6360000000000,6,1,2,70,0,Female
3677,915914.6304000001000,132187.3344000000200,2200227.3216000000000,554273.7024000001000,574278.2496000000000,7,2,2,46,1,Male
2992,863730.6480000002000,395093.5560000001000,700940.4336000000000,2226681.7056000005000,686126.7072000002000,21,1,5,43,2,Male
1903,1500894.9120000002000,100787.4240000000100,1873694.5920000002000,3567737.0880000000000,484103.8080000001000,24,4,5,38,3,Male
8646,632256.0660000001000,576484.7400000000000,198305.5230000000200,960069.2400000001000,551923.6320000001000,1,1,1,69,1,
7673,151253.6480000000200,223789.0200000000200,589401.2280000000000,1313722.5920000002000,371100.3920000000500,18,3,4,65,2,Male
7191,425281.2720000001000,304725.9800000000400,1391445.7440000000000,1981931.9520000000000,259313.9640000000400,15,5,3,63,0,Male
4626,377718.6240000000000,1415039.6160000000000,3564543.0239999997000,429290.4960000000000,1033182.0000000000000,10,5,2,51,4,Female
7404,2648076.5376000000000,1000073.6928000001000,1037262.8448000000000,6403623.0336000000000,1310753.8080000000000,19,4,4,64,1,Female
2749,818468.8160000001000,707258.6400000001000,1673651.2320000000000,2568518.6560000004000,304546.7040000001000,20,5,4,42,1,Male
1401,1714204.4160000002000,906098.3040000000000,2216117.9520000000000,1749594.6240000003000,758018.6880000001000,9,4,2,36,1,Male
3688,1081316.6496000001000,1473797.6352000001000,1179713.9375999998000,238810.8095999999800,1290645.1008000004000,12,2,3,46,0,Female
2820,733692.5200000000000,418377.4760000000000,412906.5600000000600,1428974.9760000005000,378306.0600000000600,5,5,1,42,1,Male
6590,615537.3744000001000,368025.1848000001000,2614435.0128000000000,724487.5872000001000,271466.8632000001000,23,3,5,60,3,Male
8294,134360.1792000000000,313742.5199999999600,3720260.7935999995000,6188599.1231999990000,692240.3279999999000,21,1,5,68,1,Female
3316,2138083.7280000006000,617495.8680000000000,2548226.3400000003000,2414404.0800000000000,189309.6480000000200,24,4,5,44,0,
9070,1447102.6128000005000,755765.8992000001000,360231.0192000001000,1204043.4432000003000,264358.6920000000400,18,3,4,71,2,Male
8047,2098507.2576000006000,803312.2656000002000,104959.6704000000000,1738390.1184000000000,117783.6192000000200,7,2,2,67,1,Male
8235,1389678.2640000000000,681086.9520000000000,2349868.9032000000000,3115059.2928000004000,270680.8104000001000,8,3,2,68,5,Male
9653,1924377.4367999998000,162480.2399999999600,4900653.5759999990000,6353702.7840000000000,1611609.4799999997000,21,1,5,74,1,Female
659,1018360.2624000001000,185597.3184000000200,2908898.1792000000000,4696252.4544000010000,139540.7520000000000,2,2,1,65,0,Male
5581,675724.3200000001000,258946.4160000000300,1173319.2000000000000,1616968.5120000000000,146392.5120000000200,20,5,4,55,1,Male
8674,777616.8192000001000,117317.7720000000100,772321.8672000001000,2223903.0528000006000,876164.3280000002000,23,3,5,69,0,Male
7334,969001.4880000001000,148334.6280000000000,2769870.1680000000000,1855332.9600000000000,565470.9840000000000,23,3,5,64,0,Female
2344,783794.2464000002000,409670.2368000001000,310033.3104000001000,1099897.9200000004000,674252.1720000001000,20,5,4,40,1,Male
778,1277692.9152000002000,764774.6496000001000,2656342.5408000005000,1134619.2000000000000,693751.9680000000000,4,4,1,65,2,Male
7054,1300073.5488000002000,729210.3936000001000,2991320.4672000000000,4498001.1647999990000,851624.9664000000000,14,4,3,62,1,Male
6490,1753193.1456000000000,445183.3152000000000,3207360.4991999995000,3304318.8672000000000,275374.9439999999600,10,5,2,60,0,Female
4817,1711246.1760000002000,1430608.3199999998000,2333749.9680000000000,465468.4799999999000,1281350.7360000000000,13,3,3,52,0,Female
5286,1392651.4176000000000,772317.8496000001000,1214374.4640000000000,2990938.9824000000000,901574.8992000002000,7,2,2,54,4,Male
7685,314562.7680000000400,185575.1040000000200,546570.6479999999000,4136055.8720000010000,695169.0720000002000,9,4,2,65,2,Male
3938,937152.3744000001000,562090.7952000000000,1995471.7200000002000,2177071.7760000000000,380620.3104000001000,5,5,1,47,0,Male
6857,918156.8240000003000,515596.4840000001000,489350.6280000000000,1483305.4080000003000,345026.1360000000600,15,5,3,61,1,Male
5965,1593637.8240000000000,302338.9440000000000,939830.6880000000000,449739.6480000000400,880924.2240000000000,13,3,3,57,2,Male
9548,1803748.6272000005000,766120.6176000002000,1159355.0592000000000,2472529.6128000002000,1223037.2544000002000,1,1,1,73,0,Male
7047,1308133.4760000003000,433536.3630000000700,1188503.9009999998000,1824935.1120000002000,1109162.2230000000000,5,5,1,62,2,
4993,256060.9920000000000,680720.8320000000000,1486298.0159999998000,2337959.4240000000000,796037.7600000000000,20,5,4,52,0,Male
5820,1710805.2480000000000,439214.7456000001000,1363239.5904000000000,4192719.6672000000000,685950.6816000001000,16,1,4,56,0,Male
3431,1544908.4640000004000,459524.9120000000000,985235.3280000000000,1079057.7600000002000,675955.0160000002000,14,4,3,45,2,Male
6138,1624480.7039999997000,229368.6719999999600,126934.9055999999800,642996.4032000000000,1620650.5920000000000,4,4,1,58,1,Female
8789,3157837.8624000004000,331114.3055999999600,4929571.4832000000000,4806373.4784000000000,1455202.1952000002000,6,1,2,70,1,Female
1456,495188.3520000000000,145548.0960000000200,1653298.5600000000000,1333724.5440000000000,759479.6160000002000,9,4,2,36,3,Male
4851,2218788.9792000000000,1519706.3616000002000,2658258.2591999997000,2337400.6272000000000,1585003.6800000000000,22,2,5,52,4,Female
83,2365367.4720000000000,1595628.0288000000000,1366667.6400000000000,6186471.0336000000000,785681.3952000000000,6,1,2,65,1,Female
3180,227162.2320000000500,437024.6320000000400,495204.2040000000000,1088560.8800000001000,246084.2120000000600,20,5,4,44,1,Male
5862,643373.6640000000000,279784.4160000000000,726797.3760000000000,915433.1520000000000,361241.4240000000600,15,5,3,57,0,Male
1837,1255577.2200000000000,883801.3500000000000,2266355.1600000000000,2404927.8000000003000,225559.9800000000000,8,3,2,38,5,
190,694202.4960000002000,1028666.7040000001000,216891.7920000000200,3054826.1120000007000,849169.5680000002000,2,2,1,65,1,Male
5897,1649885.4720000000000,977510.7360000000000,4066144.7040000000000,1781752.8960000000000,128571.8400000000000,13,3,3,57,4,Female
3377,1733052.8160000006000,279562.7120000000600,755643.2400000001000,2151330.7200000000000,268909.7840000000400,13,3,3,45,4,Male
8654,141555.0240000000000,1133411.1984000000000,1040649.2928000000000,1711227.3984000000000,699124.4208000000000,6,1,2,69,0,Female
6355,542616.1920000000000,323024.5440000000000,2387800.9439999997000,3232968.7680000000000,548671.2479999999000,20,5,4,59,1,Female
9480,1656102.9888000002000,284713.7280000000000,314232.4224000000000,648039.4752000001000,339013.2096000000000,14,4,3,73,3,Male
3690,1425359.5488000000000,942444.3599999999000,1483464.6287999998000,2906743.2768000000000,411876.5904000000400,21,1,5,46,0,Female
1733,204200.8320000000200,395956.8000000000000,1252037.3760000000000,1680571.7760000003000,389251.1040000000500,24,4,5,37,2,Male
4814,2517873.1200000000000,686124.5760000000000,3777864.6240000000000,3556669.2480000000000,372907.1520000000000,13,3,3,52,0,Female
6624,262264.2048000000000,548127.7152000000000,2196683.4240000000000,2842813.7088000000000,1144931.2992000000000,14,4,3,60,2,Male
6948,854588.9040000000000,390550.9920000000000,2784502.1880000000000,5432333.0880000000000,634094.9160000001000,4,4,1,62,4,Female
3883,195862.2336000000700,278060.8512000000300,529829.3088000000000,1390497.7152000004000,717841.8720000001000,9,4,2,47,2,Male
598,1216953.9200000002000,295326.6160000000400,1890037.6560000000000,3016346.5280000004000,1021380.9840000002000,13,3,3,65,2,Male
5472,1357826.2272000000000,875381.4144000001000,1876905.5616000001000,2754096.0767999995000,683680.4352000000000,4,4,1,55,1,Male
8750,311838.9040000000400,162671.2360000000300,746535.1920000000000,1818950.2240000004000,263205.2800000000000,23,3,5,70,4,Male
9367,533462.2800000000000,350002.3800000000600,1554108.0360000000000,956436.4160000001000,401664.0160000000600,13,3,3,72,0,Male
6727,721970.0800000001000,557965.5120000001000,119297.2560000000100,451587.9680000001000,469846.7280000000600,5,5,1,61,1,Male
4305,268813.5120000000500,173856.9800000000000,989165.3640000001000,953191.8880000002000,306740.8520000001000,5,5,1,49,1,Male
2629,565976.9280000001000,102490.3440000000100,3756374.8200000000000,1151408.5440000000000,1082586.9120000000000,16,1,4,41,0,Female
7661,2862767.9808000000000,877361.8464000000000,1354897.0656000000000,4720085.5104000000000,1130331.7584000002000,1,1,1,65,2,Female
8693,1067191.3980000000000,1031814.9270000003000,3181271.3010000000000,564889.1040000000000,774333.4950000001000,10,5,2,69,0,
1418,359645.3760000000500,167581.3440000000000,1881294.0480000000000,762825.6000000000000,251003.7120000000000,12,2,3,36,4,Male
2827,1583513.7120000003000,391133.3580000000700,2323353.7800000003000,3298684.3560000006000,968973.9840000003000,14,4,3,42,1,
304,245089.7280000000300,895174.8390000000000,1798125.9660000002000,2137253.5080000004000,606944.7540000001000,15,5,3,65,0,
8044,413970.0864000001000,1146398.0736000000000,393675.2352000000000,407009.7408000000000,926654.8512000002000,19,4,4,67,1,Male
4180,791432.7168000000000,339048.3360000000000,1507937.2704000000000,4112219.4432000006000,932531.6352000001000,24,4,5,49,1,Male
838,985573.1808000002000,826920.9936000002000,2591137.8792000000000,943044.7104000001000,288046.1376000001000,2,2,1,65,1,Male
9497,281395.6704000000000,256107.7584000000000,4602905.0496000000000,3916821.5424000006000,496375.4016000000000,16,1,4,73,2,Female
7386,401311.3520000001000,367343.6000000000300,700783.3560000001000,878621.5360000002000,519655.8640000000600,20,5,4,64,1,Male
7707,967392.1920000002000,823465.7184000000000,2772827.7408000003000,4526027.7504000000000,154582.8960000000000,1,1,1,65,1,Male
3865,2101656.2688000000000,902025.1152000000000,2502981.5184000000000,501838.4448000000000,1473222.6432000000000,14,4,3,47,2,Female
8609,1871098.6320000002000,479341.5120000000500,504783.6300000000600,4066651.8360000010000,690815.5020000001000,6,1,2,69,2,
6119,534777.7920000001000,115332.9599999999900,753670.0800000001000,1293423.1680000000000,182193.0240000000300,20,5,4,58,1,Male
7358,913653.9360000001000,874605.5370000001000,3038050.3140000002000,4620081.0240000000000,347710.5450000000000,13,3,3,64,5,
5151,105168.3840000000000,140053.0176000000000,2523698.7263999990000,4303201.9968000000000,521620.0703999999700,1,1,1,53,2,Male
1695,1971922.7999999998000,1132353.0000000000000,3118083.1200000000000,1246868.1600000000000,903027.4800000000000,24,4,5,37,3,
888,1914558.3360000001000,546619.3920000001000,2573681.4720000000000,3540308.7360000000000,823955.8080000001000,19,4,4,34,0,Male
7808,148226.9360000000200,436673.2760000000700,963022.0080000000000,1361072.5440000002000,156280.9560000000000,3,3,1,66,4,Male
9861,2020303.5840000000000,279449.6640000000500,1018896.2160000000000,991459.8720000001000,193320.5040000000200,18,3,4,75,3,Male
3549,1674884.3760000002000,287692.8120000000300,2578431.2400000000000,3459541.0080000010000,1288075.8000000000000,13,3,3,46,0,Female
630,228824.2944000000400,928790.6784000001000,1967184.8351999999000,4500132.7488000000000,258582.2304000000300,1,1,1,65,0,Male
3357,1220894.6112000000000,795935.9232000002000,651686.7456000000000,1641803.3280000002000,847095.4272000002000,8,3,2,45,1,Male
7203,2406984.2784000000000,1390533.9552000000000,1337730.6383999998000,3895718.8608000000000,404638.0416000000000,14,4,3,63,1,Female
8935,504682.5888000000000,1801323.9504000002000,2588890.6368000000000,930233.4912000002000,1619435.7504000000000,11,1,3,71,0,Female
5216,990475.2576000000000,755179.8912000001000,341050.1760000000400,428013.1584000000000,265174.9056000000600,23,3,5,53,0,Male
2628,1191395.0664000001000,1143127.8144000000000,1842156.3996000001000,1416633.4512000002000,329296.7304000000000,24,4,5,41,0,Female
4028,2008520.2368000003000,605995.5264000001000,180341.5680000000000,1340270.9760000003000,522349.5552000000600,19,4,4,48,3,Male
1440,2303875.9200000000000,684335.8800000000000,1581086.5199999998000,4786633.4400000000000,1109576.1600000000000,9,4,2,36,1,Female
8956,812164.4544000002000,901181.9232000001000,2476905.7248000000000,2848563.4944000007000,773453.1168000000000,21,1,5,71,1,Male
1879,1540755.7200000000000,659786.7600000000000,383234.7599999999500,212047.9200000000000,550289.1600000000000,18,3,4,38,0,
3779,587012.4480000000000,466290.9504000001000,407535.9552000001000,161721.7536000000300,820401.2256000002000,14,4,3,47,5,Male
5877,1592859.8160000003000,812017.8720000000000,1687292.8560000000000,2507633.8560000000000,511026.4080000000000,19,4,4,57,5,
399,1021816.6400000001000,453368.9680000001000,1228214.5200000003000,1002598.4800000001000,353237.9240000001000,18,3,4,65,0,Male
9559,2105610.6240000003000,449594.4960000001000,2532305.4120000000000,5343129.7920000000000,1189622.4600000000000,1,1,1,73,0,Female
389,3333388.4064000007000,1720984.4496000002000,3237828.9839999997000,863702.6112000000000,227057.1264000000400,6,1,2,65,0,Female
9174,2215958.7840000000000,178720.8384000000400,1083409.1424000000000,3142007.7312000007000,687351.1008000000000,22,2,5,72,5,Male
8004,1037706.0096000002000,197560.0224000000500,1875497.6448000000000,2992858.7520000003000,725712.3744000002000,17,2,4,67,1,Male
2484,1199276.3904000001000,260529.8784000000500,1597741.5168000000000,1705957.0176000001000,806008.4736000001000,19,4,4,41,5,Male
1624,431050.8000000000000,166452.6000000000000,1598696.6400000000000,1865772.4800000002000,110910.0000000000000,2,2,1,37,5,
8028,3371276.9376000000000,653173.9343999999000,1323633.3551999999000,2979789.6960000000000,1448232.9264000000000,1,1,1,67,4,Female
1112,632195.9040000000000,114429.5999999999900,1889815.3920000000000,2385486.3360000000000,187039.3920000000000,18,3,4,34,0,Male
4351,1511310.1440000003000,884997.7920000000000,1111220.0640000000000,2290785.0239999997000,231205.2480000000200,18,3,4,50,0,Male
615,1051840.1088000000000,356322.0959999999600,3429613.6991999997000,4411031.7888000000000,1271700.5184000000000,21,1,5,65,0,Female
7255,2083034.3040000000000,911094.7559999999000,3078825.9839999997000,2106685.7760000000000,753560.3400000001000,17,2,4,63,2,
4299,1504074.6864000005000,117325.5336000000200,2082064.0896000003000,788823.4464000001000,368414.9568000000400,20,5,4,49,1,Male
379,1785255.5136000004000,868046.7744000001000,1979553.8880000003000,3775541.9520000005000,343258.4064000000400,13,3,3,65,2,Male
9317,1431719.9520000003000,630494.2800000000000,2996568.1200000000000,1991450.6560000004000,680350.7360000000000,5,5,1,72,0,Male
8001,1660506.8480000002000,796975.1920000002000,2128761.0239999997000,2220761.9200000000000,913811.6000000001000,18,3,4,67,5,Male
4271,345155.0960000001000,331616.8680000001000,709702.0920000002000,235999.4560000000600,369485.5120000001000,25,5,5,49,2,Male
3936,632968.9344000000000,844687.2192000002000,452449.0080000001000,2263415.1936000003000,1021059.6000000000000,12,2,3,47,0,Male
3650,1745389.3248000000000,249589.2960000000000,3632839.3727999995000,1167601.2480000000000,263080.8576000000500,1,1,1,46,2,Female
6728,708164.9120000001000,354634.6960000000500,2421203.6160000000000,2696791.1360000004000,539346.8080000001000,5,5,1,61,1,Male
8814,1598080.8480000002000,738324.3920000001000,1228188.0000000000000,1523731.0400000000000,958140.4560000001000,23,3,5,70,2,Male
9624,2192039.3040000000000,1257863.2560000000000,974292.2279999999000,1700912.3040000002000,1158360.8400000000000,16,1,4,74,4,Female
8331,1875134.2272000003000,395224.1279999999700,1328286.9600000000000,755383.9488000000000,488076.4512000000000,4,4,1,68,2,Male
9526,944813.0016000002000,1261283.5872000002000,5500367.6832000010000,2434800.3264000000000,1591860.6287999998000,16,1,4,73,1,Female
7665,3073740.5088000004000,807767.8127999998000,3890627.2080000000000,6094477.9584000000000,1490123.0447999998000,16,1,4,65,2,Female
4671,1509346.4832000004000,394331.6736000000400,719949.0815999998000,2230494.1056000000000,831485.9519999999000,7,2,2,51,1,Male
8,1259463.6287999998000,672311.5776000001000,2596560.9696000000000,4198395.8016000010000,245510.1792000000000,16,1,4,65,0,Female
2632,1203278.3136000000000,1493464.1040000000000,1296445.8671999997000,3331323.0720000000000,597342.8736000000000,22,2,5,41,0,Female
9461,1486632.5760000001000,969826.7904000000000,653365.8143999999000,4694745.3696000010000,899700.7968000002000,24,4,5,73,1,Male
8283,536127.5088000001000,685947.3192000001000,1827524.4624000000000,1656523.8144000005000,934669.0080000001000,18,3,4,68,1,Male
3669,298998.0576000000600,248576.2488000000600,903380.6232000001000,1283117.2992000002000,730101.1608000001000,25,5,5,46,2,Male
283,3587500.0511999996000,1703339.1648000001000,3369922.3584000000000,5070922.2720000010000,1828183.0320000001000,6,1,2,65,4,Female
9760,1704304.0560000000000,766957.1520000001000,4381656.0840000000000,2722973.1360000004000,779667.2520000001000,6,1,2,74,0,Female
6699,508142.0448000000300,1303244.8416000000000,1896759.0720000000000,5069882.1888000000000,188334.4319999999700,11,1,3,61,0,Female
7655,2077344.6720000003000,608161.0080000000000,365903.3664000000000,1480083.0720000000000,1242605.3952000001000,22,2,5,65,2,Male
3100,913076.7360000001000,403575.2160000001000,2199366.2591999997000,1715088.0384000004000,324056.1984000000500,17,2,4,44,0,Male
6106,968896.7039999999000,936076.6080000000000,1153066.4640000000000,744413.5680000001000,609239.6160000002000,10,5,2,58,4,Male
1444,1792231.1040000000000,798094.4640000000000,1762351.7759999998000,346447.1040000000500,265443.5520000000000,3,3,1,36,1,Male
9623,1432548.3120000002000,1386738.7560000000000,4497250.2119999990000,3857578.6080000000000,1208419.2120000000000,1,1,1,74,4,Female
395,900113.7600000000000,341439.4360000000500,1475492.1480000000000,642288.4000000000000,120038.4640000000200,24,4,5,65,0,Male
1203,1402074.8160000000000,711062.6880000001000,2096783.1360000002000,3116263.2960000000000,584993.0880000000000,4,4,1,35,3,Male
9615,627298.4640000000000,350297.3760000000500,1746412.3872000000000,2280413.4912000005000,120079.9392000000200,7,2,2,74,1,Male
3824,766733.9328000002000,646485.3648000002000,345315.4848000000300,239521.7088000000200,440547.3072000000400,15,5,3,47,0,Male
7583,1236374.2560000003000,235571.4400000000000,2811895.6320000000000,2353385.6320000007000,718641.5600000000000,2,2,1,65,4,Male
6922,1547704.7040000001000,951373.9040000001000,2075475.4800000002000,2842961.4720000005000,639711.4880000001000,18,3,4,62,0,Male
1719,681500.1600000001000,650872.7200000001000,591997.6800000000000,2649617.6000000000000,114522.4000000000100,15,5,3,37,2,Male
7196,2331307.3680000002000,1100158.0200000000000,1505425.8960000000000,2148271.6320000000000,1503372.7800000000000,19,4,4,63,0,
620,2044888.2480000000000,1033888.4400000001000,4517216.0280000000000,2421743.3760000000000,1053880.1520000000000,6,1,2,65,0,Female
1890,198755.5200000000000,1000859.2800000000000,2629901.5200000000000,3718362.2400000000000,584583.1200000000000,7,2,2,38,1,Female
198,1962180.7296000002000,827892.1248000002000,1645844.8032000002000,3931497.0240000000000,1062416.5344000002000,9,4,2,65,0,Male
5223,2182197.4272000000000,696658.8672000000000,1365435.5328000000000,1481375.6928000000000,427409.3952000000000,19,4,4,53,0,Male
9550,1788448.1472000002000,836702.8488000000000,191536.4880000000400,2134054.1664000000000,147745.7280000000000,3,3,1,73,1,Male
4156,617065.1520000001000,136583.8848000000000,1830977.9136000000000,2813164.9920000000000,704397.1968000002000,15,5,3,49,0,Male
7224,339017.2240000001000,136267.9760000000200,981163.2480000001000,1139590.4000000001000,422663.5400000000400,20,5,4,63,3,Male
6750,480925.5360000000000,414714.3936000000000,685662.6815999999000,4161226.8672000000000,334293.2736000001000,2,2,1,61,4,Male
4492,281829.4080000000000,102758.3520000000100,133400.5919999999800,1130297.8560000001000,145539.9360000000200,23,3,5,50,2,Male
3957,412014.2400000000000,545488.5744000000000,3489148.3967999993000,2646059.9616000005000,308739.6576000000400,11,1,3,48,0,Female
4691,2280979.8144000000000,789167.9232000001000,176283.6480000000200,1085795.0208000000000,833776.1279999999000,24,4,5,51,2,Male
3536,804115.8400000001000,282373.3440000000400,736610.5560000001000,1647543.2160000005000,394379.9640000001000,25,5,5,45,0,Male
196,2428372.4400000000000,734050.2000000000000,1411200.6480000000000,3370562.8320000004000,1307906.0280000002000,11,1,3,65,1,
819,981722.0400000000000,1117552.1760000000000,2383702.7760000000000,1282399.8720000000000,997448.7120000000000,21,1,5,65,1,Female
4268,1170096.2064000005000,738926.4960000000000,200377.3464000000000,825008.3424000002000,368590.3056000001000,25,5,5,49,2,Male
1588,1532071.8720000000000,1438753.9680000000000,2244611.0880000000000,345273.4080000000000,600106.8960000000000,24,4,5,37,0,Female
2021,335752.1279999999700,196252.9920000000000,1950463.1519999998000,1390528.5119999999000,1284551.1360000000000,17,2,4,38,0,Female
3058,907924.0896000002000,720689.4816000002000,3149256.2112000000000,1453349.5680000002000,609372.9312000001000,17,2,4,43,0,Male
2181,936257.9200000002000,307142.1600000000300,1017765.3600000000000,1437200.9600000002000,684461.7600000001000,10,5,2,39,2,Male
7069,1537487.0784000002000,630461.4264000001000,2667644.0856000010000,1615951.2096000002000,605254.5720000000000,15,5,3,62,0,Male
3467,1042620.4800000000000,943039.0200000000000,1807230.3480000000000,3733928.8800000004000,1162535.3520000002000,19,4,4,45,2,
1980,1843408.8000000000000,288241.9200000000000,2965924.0799999996000,1142529.5999999999000,1131116.4000000000000,4,4,1,38,1,Female
5808,172548.4031999999700,1658242.1952000000000,1917344.3903999997000,5754778.4448000000000,749257.5168000000000,11,1,3,56,0,Female
7756,1685788.6656000002000,863186.5632000001000,1098770.4000000000000,494668.2624000000700,278563.8336000000700,21,1,5,66,0,Male
5749,1570377.0240000002000,909189.5040000000000,2712136.6080000000000,1810862.2079999999000,607915.8720000001000,5,5,1,56,2,Male
3091,2649846.9888000000000,1220877.5040000000000,1043846.1791999998000,5975522.7840000000000,1560184.8768000002000,7,2,2,44,0,Female
5432,298176.8640000000000,203118.9120000000000,1068572.3040000000000,1598447.0400000000000,360042.8160000000500,5,5,1,55,5,Male
9827,2619957.6000000000000,1066549.1616000000000,3225884.8752000000000,7174284.2496000010000,550104.0480000000000,6,1,2,75,4,Female
3470,1013148.2240000003000,262919.5360000000000,1733808.3840000000000,2534623.1680000005000,209861.9600000000200,10,5,2,45,1,Male
5107,1659358.4640000002000,421514.5920000000000,1881863.7119999998000,458431.8720000000000,395745.5040000000000,13,3,3,53,3,Male
9816,513183.8399999999700,239275.1712000000000,1295347.2480000000000,2411635.1999999997000,186564.7680000000000,14,4,3,75,5,Male
4430,984767.8464000000000,964889.8559999999000,2803354.4447999997000,2830354.3296000003000,1037058.1632000002000,22,2,5,50,3,Male
730,1754362.2720000000000,1415237.1480000000000,869494.8600000000000,5087737.8240000000000,478230.6360000000600,6,1,2,65,4,Female
2770,2037738.3839999998000,555843.9348000000000,1996746.3252000000000,4055443.7616000010000,1157607.2772000000000,6,1,2,42,2,Female
2669,696217.0160000002000,111475.0120000000200,830363.2920000000000,1252658.5280000002000,379984.8800000000600,20,5,4,42,0,Male
3817,590572.0480000002000,454398.9120000000000,2084853.4080000003000,866193.5040000002000,493521.2480000001000,5,5,1,47,4,Male
7736,1587296.6928000003000,115763.5440000000200,2311479.3312000004000,1237626.0000000000000,340810.9848000001000,22,2,5,65,0,Male
9108,2437710.1632000003000,1051026.7872000001000,3408803.0496000000000,2646718.4640000000000,434981.6640000000500,7,2,2,71,1,Male
6650,1648677.3264000001000,481286.8008000001000,609491.8440000002000,3261804.9984000004000,613422.9504000001000,25,5,5,60,0,Male
3935,843487.8144000001000,338518.8576000000500,2486524.5504000005000,615775.9872000002000,668550.5376000003000,3,3,1,47,0,Male
1030,1396056.9600000000000,217559.0880000000200,911888.9280000000000,3729706.5599999996000,762485.1839999999000,22,2,5,34,2,Female
3735,358176.0160000000600,223681.2160000000100,1194043.6200000000000,182504.7840000000400,287353.1320000000400,10,5,2,46,0,Male
9701,2166786.0864000000000,1103240.7360000000000,875851.7039999999000,2291907.5712000000000,685787.1696000000000,6,1,2,74,2,Female
3410,616888.1664000001000,469674.1368000000400,1411783.5600000003000,279837.6768000000000,530489.4408000002000,8,3,2,45,1,Male
6748,646241.5440000000000,612232.1400000000000,1103904.3600000000000,2740330.3200000000000,1516179.2880000000000,25,5,5,61,4,Female
2862,2803425.9264000000000,1035397.2816000001000,421172.6112000000400,2338476.3072000000000,1472936.4144000004000,19,4,4,43,0,Female
6285,2507376.3840000000000,357418.3680000000000,3126061.2959999996000,785889.2160000000000,715220.4959999999000,1,1,1,59,0,Female
4376,720804.4800000000000,358082.7840000000400,734455.2960000001000,1643403.0720000002000,352540.5120000000500,5,5,1,50,5,Male
3700,1408148.1216000002000,599248.3200000001000,1211426.0928000002000,4168493.2608000003000,242406.9120000000000,17,2,4,46,0,Male
5671,1406711.8080000000000,265962.5856000000000,1062625.6512000000000,1068891.4944000002000,626280.8831999999000,19,4,4,56,4,Male
5867,996374.7072000001000,913192.4736000001000,572339.8656000000000,3260449.8432000005000,360097.6896000000000,9,4,2,57,5,Male
6703,926129.3183999999000,582894.7488000000000,3988957.1903999993000,575386.1568000000000,715277.1599999999000,11,1,3,61,0,Female
3886,1082042.2800000003000,924990.4620000002000,877145.2470000000000,3777823.3680000007000,241803.6390000000200,11,1,3,47,2,
3175,2509639.8624000000000,285136.9488000000000,2984177.1168000000000,4565044.9152000010000,912865.2192000000000,2,2,1,44,1,Female
6532,3088035.8496000000000,1023129.8064000001000,2919653.9424000000000,1460864.6208000001000,462422.0016000000000,2,2,1,60,4,Female
5436,1681792.4160000000000,697378.4640000000000,326948.6592000000000,660057.9840000000000,686062.4832000000000,5,5,1,55,5,Male
936,1688989.2480000000000,231415.1999999999800,427093.3440000000000,1661112.5760000001000,947484.3840000001000,19,4,4,34,1,Male
6818,1257117.4720000000000,929204.4320000000000,686128.2480000000000,1040372.7360000001000,316412.5120000000500,10,5,2,61,2,Male
6626,334990.0320000001000,401586.4840000000500,1438419.3720000002000,1590107.1680000003000,341898.0760000000600,5,5,1,60,2,Male
9343,2011161.7344000002000,759058.9344000003000,3734713.3824000000000,2139227.2512000003000,318428.3232000000400,19,4,4,72,0,Male
1335,1119624.9600000000000,105314.8800000000000,351407.2320000000000,2673785.4720000000000,249739.7760000000000,2,2,1,35,0,Male
810,159594.2400000000200,243232.1320000000400,564136.5600000000000,1334855.8080000002000,110253.7800000000100,12,2,3,65,2,Male
3718,1756545.1200000000000,1252090.3560000001000,513701.4960000000000,3026341.2960000006000,278024.6040000000500,13,3,3,46,0,Female
5890,2791255.6799999997000,144118.3104000000000,276867.0719999999000,2118870.1440000000000,1672060.8384000000000,24,4,5,57,4,Female
8571,1149435.2064000000000,983867.1648000001000,1384683.5807999999000,2221231.3344000000000,735588.1728000001000,22,2,5,69,3,Male
9255,808131.6672000001000,539641.6896000000000,2525800.1184000000000,2801435.5200000000000,296533.6608000000700,2,2,1,72,2,Male
5353,290632.1040000000000,358286.7599999999500,2058752.3759999997000,927581.7599999999000,339925.5720000000400,1,1,1,54,2,
3991,1745179.3920000002000,247558.1680000000600,1136432.0880000000000,1896045.8880000003000,282126.7680000001000,20,5,4,48,1,Male
9065,2380785.3888000003000,737757.3216000000000,1406678.4576000000000,1663467.6864000002000,211832.0256000000200,2,2,1,71,2,Male
8795,1248926.0160000000000,466555.3152000000700,3425778.3456000000000,1742126.6304000004000,613814.9472000000000,9,4,2,70,1,Male
2352,380625.9600000000000,149160.6160000000000,113311.0440000000000,837526.6240000002000,120834.5160000000200,3,3,1,40,3,Male
9875,1700854.0224000001000,1038556.7712000000000,1459163.3472000000000,1875632.1792000004000,1155681.5712000000000,12,2,3,75,1,Male
7894,534417.0624000000000,163812.9168000000400,4814200.8719999995000,986632.3584000000000,1511607.8016000001000,6,1,2,66,0,Female
8558,380674.1952000000000,200302.5024000000300,802605.0240000000000,3636467.0784000010000,694615.7088000001000,13,3,3,69,1,Male
3373,2776776.7104000000000,184023.1008000000400,3089994.6528000003000,3563548.2432000010000,901460.1024000001000,12,2,3,45,4,Female
3701,634732.7360000001000,189268.2880000000300,1912253.9040000000000,124239.4560000000300,313571.7200000000300,18,3,4,46,0,Male
8623,2053087.6080000000000,1397906.7960000000000,1160343.7560000000000,5420047.7760000010000,1515225.6600000000000,21,1,5,69,0,Female
8120,1023308.8320000000000,280930.2080000000400,2076095.7360000000000,570406.3040000000000,318922.2400000000000,10,5,2,67,1,Male
2271,2248324.8480000000000,1149116.2320000003000,3161719.8359999997000,763506.4800000000000,267141.0720000000400,21,1,5,40,0,Female
3756,2845371.8304000003000,1334851.8480000000000,4390232.1407999990000,4515805.9584000000000,1320286.0176000001000,22,2,5,47,0,Female
6625,763612.9280000002000,187268.6920000000400,220866.6720000000000,217917.2320000000500,135085.9120000000000,23,3,5,60,2,Male
6404,1623329.9712000000000,764879.1552000000000,458235.8784000000000,4196346.6239999990000,949993.4591999999000,24,4,5,59,2,Male
4757,687040.5120000001000,437044.3680000001000,1308493.2960000000000,113169.7920000000200,256749.8400000000000,10,5,2,51,1,Male
7558,1010421.2352000001000,229727.3472000000500,1710727.9487999997000,4047055.8336000005000,1103929.1328000000000,14,4,3,65,5,Male
256,1572312.8304000003000,395130.6216000000000,2191754.3544000000000,939450.8448000001000,692017.2792000001000,4,4,1,65,5,Male
3064,2001135.2064000003000,746589.2544000002000,2307459.3696000003000,4141075.2768000010000,354519.8976000001000,7,2,2,43,0,Male
2850,295862.4768000000000,956703.7920000001000,1253515.5072000000000,1824182.5536000002000,206368.0608000000600,2,2,1,42,0,Male
4683,1719630.0288000002000,337150.1952000000000,2012232.8447999998000,1258504.2432000001000,460304.1792000001000,14,4,3,51,3,Male
136,1568221.3248000003000,487496.5056000000300,1367001.4176000000000,2118660.7104000000000,806541.4656000001000,21,1,5,65,2,Male
5587,1815458.8320000000000,813959.4960000000000,291269.1960000000000,890692.8480000001000,127944.7920000000000,6,1,2,55,1,
4327,775740.1344000002000,467115.0528000001000,374484.5280000000500,3270143.9232000005000,805728.7392000002000,2,2,1,49,0,Male
9185,1467143.3087999998000,1161745.2288000000000,541563.7967999999000,711097.9199999999000,330624.7776000000300,6,1,2,72,4,Female
9381,1393459.7040000001000,302120.6760000000000,863613.5040000001000,4591091.8560000010000,1280938.1520000002000,5,5,1,73,0,Female
9493,192665.8656000000500,631800.5616000001000,937864.4184000000000,1775222.0928000002000,850673.4912000002000,7,2,2,73,2,Male
9151,1228218.8256000000000,156231.6912000000000,527908.4928000000000,3822857.6256000000000,933478.0416000001000,11,1,3,72,0,Female
3970,775348.5168000002000,272239.8624000000400,1921127.6304000001000,2115031.5648000007000,442774.0944000001000,25,5,5,48,0,Male
5534,375278.8800000000000,402364.7040000000000,987740.6400000001000,572890.9440000000000,312644.0160000000000,2,2,1,55,2,Male
1928,2056751.2800000000000,534111.2400000000000,599111.6399999999000,4119994.5600000000000,222985.0800000000200,4,4,1,38,2,Female
7480,211861.7280000000300,294575.4760000000000,1493908.7280000001000,1459755.6480000003000,493132.2760000000700,20,5,4,64,0,Male
1663,151025.4720000000000,272110.2720000000000,760083.5519999999000,3616983.1680000005000,384887.5200000000000,19,4,4,37,0,Male
6858,354631.3056000000000,905857.4304000001000,1215219.2832000002000,916436.8512000002000,521855.5680000000000,5,5,1,61,1,Male
101,1831096.9872000003000,501222.7584000001000,2360485.3896000003000,1936699.3152000000000,189229.2480000000200,22,2,5,65,3,Male
1206,1508482.1760000002000,808080.9600000001000,2024449.9200000000000,2668483.9680000000000,647679.0720000000000,12,2,3,35,3,Male
2139,460584.5600000000600,221606.6000000000000,979562.5200000000000,1174628.1600000001000,130991.3200000000200,5,5,1,39,1,Male
9005,780197.1839999999000,1563285.8592000003000,4613831.5391999995000,1377237.1392000000000,258012.8927999999700,1,1,1,71,1,Female
7925,2089486.1520000002000,510883.5420000001300,2168363.2229999998000,2761951.6080000000000,599476.8780000000000,3,3,1,66,1,
5784,461466.2400000000000,385639.8240000000000,217567.5840000000000,1362613.8240000000000,446967.1200000000500,20,5,4,56,0,Male
3546,1816460.2367999998000,511141.2768000000000,3413813.5152000000000,5583728.6208000010000,959004.9216000001000,12,2,3,46,0,Female
1166,1282090.7519999999000,1149979.5360000000000,3350987.7120000000000,1405221.6960000000000,1260121.3919999998000,19,4,4,35,4,Female
3553,2065149.5040000004000,686792.5680000000000,2872614.4920000000000,3352584.0480000004000,596431.9680000001000,15,5,3,46,0,Female
4669,1381129.3440000003000,551085.6000000000000,1888748.9279999998000,3048929.2800000000000,608246.0160000002000,15,5,3,51,1,Male
3345,480563.9520000000500,253194.3480000000600,329536.4160000000000,392607.0720000001000,221859.7920000000400,23,3,5,45,5,Male
920,1276586.0640000002000,151897.8240000000200,770743.5120000000000,1258758.4320000003000,373757.0400000000400,20,5,4,34,5,Male
6786,1400172.1344000000000,1474477.2432000001000,2803518.4319999996000,917658.1440000000000,165051.0576000000000,19,4,4,61,1,Female
4442,519858.0864000000000,101238.1632000000000,3224699.9424000000000,6401625.5232000000000,1271545.5167999999000,24,4,5,50,1,Female
5291,233083.8720000000300,295137.8880000000000,736025.7600000000000,1129145.2800000000000,133663.3440000000000,13,3,3,54,4,Male
495,1235895.8976000000000,250845.3792000000200,2930354.1071999995000,7470794.0736000000000,1809342.4752000000000,11,1,3,65,1,Female
7807,838761.9760000001000,167338.1320000000400,636408.3960000002000,2050213.5680000004000,258718.5640000000000,17,2,4,66,4,Male
1702,1583845.2800000003000,135114.1600000000000,846983.5200000000000,2588833.2800000003000,659672.4800000001000,25,5,5,37,2,Male
9927,214662.4272000000300,517062.9672000002000,2179381.7448000000000,2764818.9504000010000,538711.5240000001000,12,2,3,75,2,Male
4905,1676670.5664000001000,174241.2672000000000,1700288.0640000000000,2052270.0288000002000,704636.4672000000000,4,4,1,52,3,Male
4254,874239.4320000003000,1250075.2440000002000,2899795.5360000000000,2008585.9200000000000,755698.8120000000000,16,1,4,49,2,Female
2050,1681753.8600000000000,880919.7300000001000,2071799.9100000000000,1288119.2400000002000,784600.3800000001000,17,2,4,38,0,
9673,1923894.3360000004000,677986.9200000000000,1271911.6800000002000,1174746.9760000003000,559606.4240000000000,19,4,4,74,3,Male
356,2968580.1600000000000,604814.4960000000000,1038144.7440000001000,1439424.4800000002000,148799.8200000000000,20,5,4,65,2,Female
84,2392094.3280000000000,183159.4440000000200,929382.0120000000000,1113035.0400000000000,739305.2160000000000,6,1,2,65,1,Female
5835,535727.9232000001000,334246.2336000000000,2755317.0815999990000,4471438.6943999990000,192111.6672000000000,22,2,5,57,0,Male
4166,956153.2464000001000,701854.8768000001000,508195.2744000001000,1102489.3440000003000,382399.3800000000000,5,5,1,49,5,Male
5117,1923441.4079999998000,1111914.8927999998000,1667967.5520000000000,3829536.4608000005000,1104121.8432000002000,17,2,4,53,3,Male
7973,2908296.1440000000000,705970.3248000001000,1406937.7296000000000,4978639.4112000000000,520512.0335999999700,21,1,5,67,0,Female
7694,756551.9520000000000,1349028.9072000000000,1658222.8415999997000,3021521.0688000005000,430341.9119999999500,1,1,1,65,1,Female
8138,1265498.9568000000000,1157360.6304000001000,496944.1151999999400,3551508.9792000000000,1398495.0096000002000,11,1,3,67,0,Female
9674,2444953.0560000000000,110256.8064000000200,1503400.9536000000000,4290639.4752000010000,250510.4160000000300,16,1,4,74,3,Male
3613,3099025.6703999997000,168713.4239999999700,3162452.6735999994000,4814397.5616000010000,556120.3824000000000,6,1,2,46,1,Female
8720,964470.9360000002000,117257.5560000000100,748622.7840000000000,1789178.1440000003000,300151.8000000000000,13,3,3,70,5,Male
3096,1000780.4400000001000,820143.7200000001000,3046147.6320000000000,1098477.6000000000000,268583.9640000000400,21,1,5,44,0,Female
5332,933687.6480000000000,371486.7360000000300,2602798.2720000000000,535091.9040000000000,670599.3599999999000,19,4,4,54,2,Female
3493,1449662.4384000003000,1043691.7920000001000,460056.0096000000500,262195.9296000000000,631458.7488000002000,2,2,1,45,0,Male
715,2583038.0160000003000,206618.8175999999800,4386461.0399999990000,4313284.1856000000000,373008.1680000000000,1,1,1,65,4,Female
8659,258271.6032000000400,434916.5184000000000,3709321.9488000000000,4751335.9295999990000,1856239.4448000002000,6,1,2,69,0,Female
7927,1012123.2576000000000,238207.3824000000300,593297.0784000001000,453825.2160000001000,564330.4992000000000,17,2,4,66,0,Male
3647,693621.3504000001000,279121.8144000001000,2189419.3728000005000,2731164.0576000004000,234344.5632000000600,5,5,1,46,2,Male
6999,429481.8320000000500,223523.4040000000000,1399748.5320000001000,1025423.7760000001000,370083.0640000001000,25,5,5,62,1,Male
5413,751680.0000000000000,760473.1008000000000,1331184.8447999998000,5655856.6656000000000,1526865.9839999997000,4,4,1,55,0,Female
4125,531107.8080000001000,289454.1408000000500,140779.9008000000000,3474552.9984000004000,220705.4784000000500,22,2,5,48,1,Male
7762,1152773.1072000000000,846576.9936000000000,347539.4208000000000,1454434.6752000002000,964700.0064000000000,21,1,5,66,0,Female
7526,213729.9840000000500,282164.7920000000000,462104.4480000001000,2430476.6720000003000,920361.9360000002000,20,5,4,64,0,Male
3132,255441.1200000000000,432113.4048000001000,1517219.5104000003000,1579458.3552000003000,187786.6848000000500,2,2,1,44,1,Male
220,1292112.2448000002000,739800.1728000002000,288996.5520000000000,342802.5120000000500,649411.6824000000000,14,4,3,65,0,Male
4495,1128939.0336000002000,397709.7408000001000,1649264.9760000000000,415458.5472000000300,467783.8559999999700,16,1,4,50,2,Male
9466,363206.1680000000600,290376.9440000001000,1407144.4920000003000,1540856.7200000002000,332627.5680000000000,9,4,2,73,1,Male
8912,1426911.5952000003000,251002.6272000000200,2755174.5000000000000,3470540.8608000004000,143825.1984000000200,2,2,1,70,0,Male
9854,1305604.6848000002000,124854.4128000000000,2956686.5952000003000,4852345.3056000010000,1205800.0032000002000,17,2,4,75,0,Male
6507,1451405.5920000002000,317892.9312000000500,2009066.4360000005000,507467.7504000001000,355117.3704000001000,25,5,5,60,0,Male
2910,963201.2543999999000,630237.6432000000000,2339398.6703999997000,4247708.2560000000000,1405024.6320000000000,21,1,5,43,4,Female
4768,445190.5152000000000,602960.1984000000000,1778398.1567999998000,3334454.5535999998000,1721905.3439999998000,1,1,1,51,0,Female
3833,2269123.0056000003000,511675.7580000000300,1255263.9660000002000,3254426.2080000000000,494718.6024000001500,21,1,5,47,1,Female
7744,777230.5840000001000,285740.9880000000700,405832.4400000000000,1120928.0160000003000,498856.5920000001000,13,3,3,65,0,Male
6405,999473.2992000000000,749424.5279999999000,1316155.3920000000000,2750892.3648000000000,653486.7456000001000,3,3,1,59,2,Male
8029,1611973.8960000000000,1108587.1680000000000,260223.9119999999500,5303019.6959999995000,826712.4840000000000,1,1,1,67,4,Female
2323,1149640.5888000003000,379994.5512000000500,596151.7056000000000,2485462.6368000010000,579280.5216000002000,3,3,1,40,4,Male
6563,1752531.8720000004000,122837.3120000000200,939322.4879999999000,3574054.8480000007000,119092.3760000000300,23,3,5,60,3,Male
1970,412544.8800000000000,814840.6500000000000,943683.4800000000000,2191381.9200000004000,654637.1400000001000,25,5,5,38,2,
3497,1851217.8432000002000,966574.8576000002000,2784861.4464000002000,2775809.6256000004000,925872.7104000002000,8,3,2,45,0,Male
1781,1651702.7519999999000,1290066.7680000002000,1474790.9759999996000,3956466.2399999993000,192631.2480000000000,16,1,4,37,0,Female
6516,328234.7328000000600,619893.2064000000000,1323092.1600000000000,4089965.5680000000000,278693.2512000000600,4,4,1,60,5,Male
4389,1577636.7360000000000,260907.0720000000400,1369755.0720000000000,1620168.5760000001000,800964.4800000000000,24,4,5,50,1,Male
2650,490818.8736000001000,179597.4048000000500,1328412.7296000000000,3681055.0656000003000,1020718.4064000001000,17,2,4,41,0,Male
9503,1670953.4400000002000,424357.6896000000400,2482103.5200000000000,4524370.4064000010000,160395.8304000000000,22,2,5,73,2,Male
6209,1145883.4560000000000,533856.4416000000000,5049298.4255999990000,6776341.6319999990000,815371.6608000001000,21,1,5,58,0,Female
9228,747115.5744000000000,670195.0944000000000,1645045.4591999997000,3965437.3824000000000,1348887.3839999998000,16,1,4,72,1,Female
4064,1137178.3104000000000,847921.2192000002000,670924.7424000000000,2015332.0704000000000,436301.7120000000000,22,2,5,48,2,Male
5907,484270.0992000000600,823449.8016000000000,2032809.9551999997000,3198876.7104000000000,791632.3104000001000,25,5,5,57,4,Male
4375,141897.6000000000000,1108883.5200000000000,2827696.4351999997000,3330087.7824000004000,642401.3952000000000,19,4,4,50,5,Male
2091,984979.7760000001000,284710.9440000000000,1167494.6880000000000,3253252.2240000004000,397308.7680000001000,19,4,4,39,5,Male
7473,937030.7232000000000,1871059.5072000000000,1668720.2688000000000,1437599.4048000000000,1408078.3392000000000,22,2,5,64,0,Female
9728,3313657.5264000003000,691481.7936000001000,334383.9408000000000,5378609.4336000000000,112727.9087999999900,16,1,4,74,0,Female
2259,1273564.6200000000000,868208.3100000000000,1540092.1500000001000,3091063.6800000000000,444934.2600000000000,4,4,1,39,0,
9322,389692.6800000000500,390827.4760000000000,552237.9720000000000,1617489.1200000000000,409385.2360000000300,18,3,4,72,0,Male
9245,712023.5200000000000,417747.2000000000000,445536.9360000000000,1131190.3200000000000,370713.3040000000600,23,3,5,72,3,Male
8156,1201048.7840000002000,308072.9600000000000,1587734.3040000000000,3876302.9760000007000,460735.7040000001400,9,4,2,67,1,Male
4454,516067.2960000000300,426910.2240000000500,130317.4080000000000,1266745.3440000003000,248831.7120000000300,20,5,4,50,3,Male
8788,1317495.1920000000000,1025277.3960000002000,4092006.2040000000000,1295090.1600000000000,631927.1400000000000,10,5,2,70,1,Female
6724,701566.9440000000000,1321315.4760000003000,352498.5360000000000,1904001.8399999999000,481341.4320000000300,6,1,2,61,5,
8269,122648.3856000000200,667862.6760000001000,630149.7384000001000,2862266.2848000005000,768330.2952000002000,18,3,4,68,4,Male
1601,572383.2960000000000,693768.2399999999000,2927647.1519999993000,1462726.0799999998000,547676.3520000000000,17,2,4,37,0,Female
4370,2248776.3455999997000,1123100.5824000000000,2159598.4127999996000,3021009.8688000003000,974258.7264000000000,14,4,3,50,0,Male
109,289207.8540000000000,998924.0040000001000,2844352.0170000005000,2874431.6640000003000,181944.0090000000200,6,1,2,65,3,
3468,538583.1264000001000,698252.0688000002000,1340681.2848000003000,1633580.4672000003000,704317.7592000002000,14,4,3,45,1,Male
4795,717560.7360000000000,107466.3360000000100,1017726.4800000000000,1641439.4880000000000,211032.0480000000000,5,5,1,51,0,Male
7291,2075094.7776000000000,514276.5888000000000,4590326.3328000000000,385041.1968000000300,1702393.9919999999000,17,2,4,63,0,Female
7758,1464294.0000000000000,356000.6320000001000,1418212.8480000002000,664919.8400000001000,664317.5760000001000,5,5,1,66,0,Male
4771,2556352.0512000000000,1494059.3856000000000,767660.7167999999000,4565823.2064000000000,1200431.9231999998000,12,2,3,51,0,Female
3325,1857107.7360000003000,895566.6720000001000,893936.7360000000000,1235955.6000000000000,1200639.1320000002000,10,5,2,45,0,Female
4977,1299506.4000000000000,1337539.9680000000000,3696920.3519999995000,3833215.4880000000000,1322815.8240000000000,7,2,2,52,1,
8428,822533.2127999999000,1561628.2032000003000,4858408.9008000000000,5420289.8880000000000,1046214.1871999999000,1,1,1,68,0,Female
6889,855181.0176000003000,587891.2416000001000,1391607.3600000000000,385034.4576000001000,403498.8672000001000,19,4,4,61,0,Male
5621,1759224.9600000000000,393345.8496000000000,4205117.7216000000000,2474139.3408000000000,497801.3759999999000,14,4,3,56,0,Female
5249,1766863.7567999999000,950085.8496000001000,2967469.8623999995000,4814279.1936000000000,1262108.2175999999000,12,2,3,54,0,Female
6398,1522768.5503999998000,657801.3888000000000,226400.8319999999700,3876981.5807999996000,606130.7328000000000,11,1,3,59,2,Female
9813,1659250.4448000002000,122471.4816000000300,1878753.8016000001000,2300215.2576000006000,761001.1967999999000,14,4,3,75,5,Male
1898,1144087.2000000000000,1399722.0480000000000,744948.5760000000000,3696145.9200000000000,1373825.9519999998000,14,4,3,38,1,Female
2724,256257.4080000000500,761167.0880000002000,1624093.9440000001000,1616237.5680000002000,191233.7680000000400,20,5,4,42,3,Male
4907,252194.1696000000200,579346.7328000002000,1874739.9456000002000,2284472.3328000004000,863185.5935999999000,5,5,1,52,3,Male
2375,1103377.3344000000000,1352282.1840000001000,2178710.2656000000000,1131358.0608000000000,1471361.1264000002000,11,1,3,40,2,Female
421,2373656.0640000002000,453572.4960000001000,1810360.1880000003000,3827795.0880000005000,1013578.0199999999000,16,1,4,65,1,
2800,1255287.3696000000000,388281.8016000000600,4684537.7568000000000,926489.2032000001000,1554574.0320000001000,19,4,4,42,0,Female
1815,792138.0000000000000,340139.1600000000000,2372222.5199999996000,4774066.0800000000000,390703.9200000000400,23,3,5,38,0,Female
8870,621019.0272000001000,708932.6400000000000,3534971.7312000007000,2670363.0720000000000,492645.1296000000000,21,1,5,70,1,Male
5495,436605.2928000000500,608654.4768000001000,1712984.1120000002000,2014509.6575999998000,863409.7152000001000,23,3,5,55,1,Male
5818,818162.7264000002000,412666.0128000000000,2265235.3728000000000,3002870.0160000003000,668103.3792000000000,15,5,3,56,0,Male
2217,572195.2320000001000,305288.1360000000600,1775231.8560000000000,2046657.3120000002000,128923.8480000000300,15,5,3,39,0,Male
9792,3172613.1840000000000,1149907.2624000000000,3611670.9407999995000,2570629.6512000000000,1403142.4368000000000,11,1,3,75,0,Female
2964,2015671.0464000003000,1046920.8288000000000,2042837.2800000000000,2578295.3856000000000,242010.2784000000400,14,4,3,43,3,Male
3664,109887.1488000000100,1012573.6896000003000,3042994.5216000006000,1553460.0576000004000,294832.8768000000000,2,2,1,46,2,Male
6126,1459342.6560000000000,826444.4256000001000,2179638.7200000000000,2786381.6832000003000,197484.7392000000000,5,5,1,58,0,Male
2466,1221879.8592000000000,940935.4416000001000,774041.4000000000000,4273927.8912000000000,566493.5232000000000,21,1,5,41,0,Female
9358,2456549.7216000003000,708405.1104000000000,1567115.9712000000000,2163230.7840000000000,763744.5504000002000,22,2,5,72,0,Male
1129,2545459.4880000004000,1245585.4560000000000,521916.4799999999000,248557.2480000000000,1113811.0559999999000,9,4,2,35,0,Female
9883,629057.5200000000000,531710.3376000000000,224905.6368000000000,588246.0480000001000,520220.4696000000700,9,4,2,75,1,Male
9824,3012210.4895999995000,866892.3120000000000,3963955.3200000000000,292081.4208000000000,1168908.2496000000000,6,1,2,75,1,Female
7589,491345.3375999999700,337410.8712000000500,203204.0087999999800,895448.7360000000000,393510.9672000001000,13,3,3,65,4,Male
3846,268968.2688000000000,690946.5024000001000,1551508.3584000003000,1080181.5552000000000,522085.9776000000400,14,4,3,47,3,Male
2738,2511186.4800000000000,948377.2320000000000,639851.5728000001000,6246533.7792000010000,1471702.0032000002000,11,1,3,42,1,Female
2403,1543947.5040000002000,230103.8960000000700,914258.9280000002000,3357664.9920000010000,662482.9200000000000,5,5,1,40,1,Male
1557,1887907.9200000000000,388522.0800000000000,2791073.8800000000000,1687308.0000000000000,754054.6800000000000,15,5,3,36,0,Female
9793,1920742.8240000003000,599096.7840000001000,3865025.2679999990000,3201546.8160000000000,498056.8320000000500,16,1,4,75,0,Female
8167,1082292.8220000002000,653060.7720000000000,1042506.1530000002000,1486002.9600000002000,119162.6280000000100,6,1,2,67,1,
2051,1196665.9200000002000,460852.2000000000000,1802476.8000000000000,291564.0000000000000,642393.8400000001000,17,2,4,38,0,
465,1398941.4816000003000,204477.4368000000200,3627746.7407999993000,904803.4944000000000,1109433.6864000002000,1,1,1,65,0,Female
9704,1856527.2960000000000,614328.5200000000000,301175.7840000000000,1823598.8160000006000,241890.8960000000700,18,3,4,74,2,Male
4836,291557.4912000000500,771311.7216000000000,788107.4496000000000,1359395.4816000000000,154264.5216000000400,12,2,3,52,5,Male
9502,389013.2480000001000,369191.8880000000400,1093883.2320000000000,1089818.7040000001000,517151.8560000001000,4,4,1,73,2,Male
1398,507210.6240000000000,727839.8400000001000,2628836.6400000000000,676858.7520000001000,234169.4400000000000,18,3,4,36,1,Male
2093,462339.1800000000000,814401.0900000001000,1498043.1600000000000,2542879.8000000003000,386747.1900000000600,15,5,3,39,5,
4604,335827.4688000000000,218938.3776000000400,2233178.8128000000000,2007602.1504000000000,174761.7984000000300,25,5,5,51,5,Male
2991,2384906.3040000005000,475435.6200000000000,3722217.0480000000000,1243139.0400000000000,514925.1360000000600,11,1,3,43,2,Female
2589,1424976.5376000004000,981787.8048000002000,1930931.7984000002000,1234149.7344000004000,759997.1808000002000,17,2,4,41,1,Male
4425,1507559.6880000000000,117953.0640000000000,1879089.5159999998000,3185317.8720000004000,536941.6560000000000,21,1,5,50,0,
1328,602754.0480000000000,612331.9199999999000,1696137.4079999998000,3096100.8000000000000,246942.1439999999700,12,2,3,35,0,Female
9926,1530712.1232000005000,935220.2184000000000,239568.1704000000300,2490221.6352000004000,731174.0904000001000,22,2,5,75,2,Male
2009,1662256.2240000000000,1283389.6320000000000,782418.0959999999000,1262450.8800000000000,813467.9520000000000,7,2,2,38,0,Female
6802,679267.4304000002000,315746.2464000000000,506614.4927999999000,3543926.1312000006000,747158.2559999999000,9,4,2,61,3,Male
8801,532904.2368000001000,751923.2448000000000,509077.6703999999400,4127760.0000000000000,740742.0384000000000,23,3,5,70,3,Male
1729,752182.7040000000000,361212.2640000000000,986175.8640000000000,1015730.4960000002000,487014.8399999999700,20,5,4,37,2,Male
1899,320928.3840000000000,922917.6960000001000,2046787.7760000000000,3326250.2400000000000,754132.4160000001000,13,3,3,38,1,Male
8952,2346289.6704000000000,1019971.1808000002000,1424105.6544000000000,3634297.8048000005000,680725.4688000000000,21,1,5,71,5,Male
1377,1295966.2080000000000,886602.5280000000000,2277730.6560000000000,3577807.4880000004000,187967.9040000000000,4,4,1,36,0,Male
1730,833556.3200000001000,629968.5600000000000,1468747.6800000000000,2938794.2400000000000,738068.0800000001000,10,5,2,37,2,Male
2452,960175.7440000002000,526525.2960000001000,839566.9920000001000,3166214.6560000004000,758755.7120000002000,20,5,4,40,0,Male
5698,420319.4112000000300,985074.7392000000000,690210.5472000000000,3444707.1744000004000,497557.5552000000000,23,3,5,56,3,Male
8999,1886803.7760000000000,1297493.4960000000000,2976108.2208000000000,443239.4304000000000,1498834.0224000000000,1,1,1,71,1,Female
4845,325381.8240000000000,373140.9600000000000,1299454.2719999999000,1915323.2640000002000,863569.0560000001000,23,3,5,52,1,Male
9062,1307937.3840000000000,193895.0208000000300,1066963.3416000000000,1886578.7616000003000,786413.0664000001000,8,3,2,71,2,Male
4488,420914.0736000000600,496359.5904000000000,1304209.7280000001000,1525164.5952000003000,389404.6848000000500,4,4,1,50,2,Male
2015,885673.2000000000000,506532.0000000000000,2806454.8800000000000,4751678.8800000000000,697205.1600000000000,10,5,2,38,0,Female
8951,1675746.5920000002000,990780.3360000001000,1624255.7760000000000,2471440.1920000007000,495822.3920000001000,23,3,5,71,5,Male
3877,681289.3824000001000,262355.3856000000400,341981.7983999999700,248176.4736000000300,269017.6896000000400,17,2,4,47,2,Male
8898,1513912.2336000002000,1502918.3520000000000,5290018.1567999990000,2125915.8336000000000,600432.3936000001000,21,1,5,70,0,Female
7708,2403606.3168000000000,1205972.9760000000000,1399498.2144000002000,271301.7216000000500,473816.3040000000000,22,2,5,65,1,Male
3406,2202432.6720000003000,252445.2480000000200,1940583.3480000000000,3639901.5840000003000,1005033.8760000000000,9,4,2,45,1,Female
1904,746477.2800000001000,293706.3600000000400,799472.4000000000000,1522183.8400000000000,293674.2400000000500,5,5,1,38,3,Male
9632,1619626.4448000002000,847256.3424000001000,3250766.5631999997000,1963498.8672000002000,1137168.9888000002000,13,3,3,74,4,Male
3514,1554512.4672000003000,635528.3616000001000,2229435.9647999997000,515209.7280000000600,198054.8064000000600,13,3,3,45,0,Male
4040,2329300.1952000000000,950299.4160000000000,3002078.8511999995000,1738796.7167999998000,152303.1840000000000,9,4,2,48,1,Female
3040,2217688.7040000000000,219097.4544000000000,3164777.3520000004000,2113884.1152000000000,1048037.9184000003000,19,4,4,43,0,Female
6775,2112969.0816000006000,761906.7456000001000,1028745.6192000001000,1317986.8416000000000,612883.4400000000000,4,4,1,61,3,Male
9372,958071.6288000002000,1071646.7424000000000,2855299.8240000000000,990357.8880000000000,1157414.2944000000000,17,2,4,73,0,Male
6627,359259.4720000000700,960327.8880000002000,174867.2640000000200,2682562.6880000005000,890920.8880000002000,25,5,5,60,2,Male
5127,2426223.2832000000000,877895.5392000000000,1773457.2863999996000,6368705.0496000000000,516045.7728000000400,1,1,1,53,2,Female
5421,2348079.2640000000000,643848.4800000000000,3058545.7440000000000,792101.9520000000000,747129.4560000000000,20,5,4,55,0,Female
3733,2088745.1904000002000,489216.4992000001000,2267841.3120000004000,778123.3152000002000,568194.6336000001000,17,2,4,46,0,Male
5883,107229.3119999999900,177250.7519999999800,4132851.5519999990000,2973225.0239999997000,746463.4560000000000,16,1,4,57,4,Female
7885,395383.6640000001000,256845.9920000000600,3087974.4480000000000,395310.2400000000000,881948.1840000002000,8,3,2,66,1,Male
4767,610486.4640000000000,472094.4000000000000,562010.4000000000000,775977.6000000001000,630233.4720000001000,8,3,2,51,0,Male
5521,1324337.1264000002000,627757.1712000000000,1240894.5983999998000,5829754.2912000000000,1579411.5264000000000,12,2,3,55,2,Female
7408,942978.0672000000000,1232414.3520000000000,1805891.0687999998000,554295.7056000000000,1137163.9968000000000,9,4,2,64,1,Male
3849,1476667.5264000006000,762249.3120000002000,451502.7264000000000,3016994.1120000007000,352617.7248000001000,10,5,2,47,3,Male
9223,1678780.7712000003000,1768837.8240000000000,722012.6160000000000,3770518.0032000000000,681154.9055999999000,6,1,2,72,1,Female
3964,2127097.2096000000000,1440292.3919999998000,2035189.4112000002000,1611526.7519999999000,730707.1200000001000,22,2,5,48,0,Female
802,1187324.2368000003000,222004.3176000000400,287529.6528000000000,3620611.9872000010000,842170.7736000001000,12,2,3,65,2,Male
8891,482867.7984000000000,450502.9776000000400,3249305.8416000004000,1897812.6336000000000,388315.6992000000000,21,1,5,70,0,Female
4896,812522.1888000000000,467193.6000000000000,2454461.9135999996000,2634711.5519999997000,355982.5152000001000,9,4,2,52,1,Male
3314,1664032.5504000003000,476032.6560000001000,323108.7552000000000,2816975.0400000005000,718453.0848000001000,2,2,1,44,0,Male
4998,1923108.7104000002000,378302.1696000001000,717933.5423999999000,1357082.2656000000000,788250.7008000000000,4,4,1,52,0,Male
6447,771244.8960000002000,198208.8480000000000,862292.1600000000000,103768.3200000000000,404433.7440000000000,25,5,5,59,1,Male
2863,1665722.9952000000000,1411228.5264000000000,611928.3455999999000,1005949.6128000001000,684817.8480000000000,10,5,2,43,0,Female
9987,799959.6800000000000,331320.3920000000500,601198.7280000000000,1350074.3360000001000,112827.9880000000100,3,3,1,75,0,Male
1439,1008107.6399999999000,466571.3399999999700,1254488.4719999998000,2160808.2720000003000,672861.9240000000000,20,5,4,36,1,Female
7345,229873.1760000000400,285749.1000000000300,1441980.3840000000000,173857.8400000000300,277656.1840000000700,10,5,2,64,0,Male
9998,1883036.6880000003000,1085247.8520000000000,1751159.5920000000000,531061.4400000000000,261188.3040000000300,1,1,1,75,0,
6394,1282324.9536000000000,1552999.0463999999000,3263978.0735999993000,6533748.4032000000000,675291.3408000000000,4,4,1,59,2,Female
7330,1230475.5840000003000,254480.6784000000300,915895.4688000000000,4249934.7072000000000,366931.3440000000400,4,4,1,64,0,Male
9033,912703.0848000001000,763140.7680000002000,2265872.1696000000000,4710091.7760000010000,336687.1872000001000,24,4,5,71,3,Male
6316,130254.3360000000100,931747.1040000000000,2500999.6319999998000,4610426.1120000000000,682924.0320000000000,9,4,2,59,4,Female
2297,1745352.8928000003000,127300.3776000000400,1534350.9456000000000,771971.2703999999000,1042150.3488000002000,22,2,5,40,4,Female
2594,1171239.0624000002000,365806.2672000000600,835507.0944000000000,1815450.2784000000000,1079989.7328000000000,4,4,1,41,0,Female
4393,896065.2864000000000,1184877.0720000000000,3507450.7247999995000,4900720.8384000010000,1023920.2224000000000,18,3,4,50,4,Female
9512,933633.7920000000000,419040.8040000000600,1388275.9800000002000,971980.2560000000000,317846.9320000000300,14,4,3,73,2,Male
9293,742229.9820000001000,648918.3870000001000,2809462.2660000000000,1820288.3400000000000,940790.9160000001000,16,1,4,72,2,
2625,1301060.6928000003000,102035.2608000000200,706562.2872000001000,240394.4928000000400,379120.2624000000700,5,5,1,41,0,Male
9605,1619725.2864000000000,437930.1888000000600,208446.8255999999800,4540246.4640000010000,151932.6432000000200,25,5,5,74,0,Male
558,1081553.9904000000000,1009205.3088000002000,1258626.4704000000000,1049186.1120000000000,647489.1072000001000,13,3,3,65,1,Male
4477,1298794.1760000000000,415701.5039999999600,384923.9231999999000,2631502.7712000003000,639225.7344000001000,16,1,4,50,2,Female
9000,3459608.0064000010000,1001476.9439999999000,281108.8800000000000,1612564.0128000000000,1203636.0960000000000,21,1,5,71,1,Female
5733,1878345.6000000000000,884792.7360000001000,785125.1520000000000,633830.4000000000000,868919.9040000000000,20,5,4,56,2,Male
9997,1806250.2120000003000,1109626.5960000001000,2000563.4610000001000,3325183.0560000003000,975085.1370000002000,16,1,4,75,0,
8866,2055925.9968000000000,798847.6704000001000,389489.8176000000700,3686684.3520000004000,391089.2544000000300,23,3,5,70,0,Male
1268,522508.3200000000700,812205.9900000001000,682595.6400000000000,2008666.4400000002000,323016.3900000000000,19,4,4,35,2,
3822,334740.3840000001000,427861.9840000001000,2494403.7360000000000,1503020.9920000003000,569128.9120000001000,20,5,4,47,1,Male
1734,815727.3600000000000,207170.6880000000200,1614993.4080000000000,1943852.5440000000000,315429.7920000000000,24,4,5,37,2,Male
3591,1735682.3616000004000,908615.1360000002000,2252371.3344000000000,3386100.3264000010000,252635.9616000000000,7,2,2,46,4,Male
7128,1022192.4959999999000,522867.3839999999600,357576.8975999999700,2584468.2240000000000,1034779.2624000000000,24,4,5,63,0,Female
5211,1461467.5776000002000,270579.7440000000600,228580.9632000000000,886123.5840000000000,280930.1184000000400,13,3,3,53,0,Male
3043,1926737.7360000003000,558874.8000000000000,2748604.3200000000000,1664704.8000000000000,948025.3200000001000,11,1,3,43,0,Female
6262,906032.3904000000000,748145.8944000000000,1259914.1760000002000,1169604.7488000004000,387727.2576000000000,24,4,5,58,0,Male
4509,311093.1360000000000,220315.6800000000000,526708.6560000000000,2879646.3360000000000,1071456.1200000000000,19,4,4,50,2,
1395,211650.6600000000300,210926.8800000000000,1683773.4600000000000,2048529.6000000000000,755714.8800000001000,3,3,1,36,5,
5930,1206458.4959999998000,1400649.9264000000000,3742440.0191999990000,4153274.2656000000000,1415798.2656000000000,12,2,3,57,1,Female
1896,1937518.0560000003000,256113.9000000000000,2771569.8719999995000,3086382.9600000000000,105433.7040000000000,13,3,3,38,1,Female
9279,480079.3920000001000,530930.8160000000000,155417.1840000000000,827618.2720000001000,138466.5360000000200,3,3,1,72,2,Male
8224,2716009.1712000000000,1835190.4896000000000,323320.9824000000000,3386194.9055999997000,1162157.0687999998000,1,1,1,68,0,Female
9273,1315020.8448000000000,858101.7744000001000,1665511.2864000000000,1130661.7920000001000,632770.5384000002000,25,5,5,72,2,Male
4309,432276.7680000001000,604047.8070000001000,761911.3260000001000,923960.6640000002000,394456.4910000000400,15,5,3,49,1,
7960,221693.0040000000200,1072477.1070000003000,286568.6850000000600,1098872.8920000002000,461344.8060000001000,6,1,2,66,0,
8815,1415327.8464000002000,341763.3648000000400,611803.1087999999000,6610160.7936000000000,957819.6576000000000,16,1,4,70,2,Female
2353,1429050.5856000003000,459281.3280000000400,1947621.4560000000000,3611149.1328000007000,409221.1200000001000,9,4,2,40,3,Male
4010,772170.4320000001000,472288.1680000000600,459905.1600000001000,2433298.2080000000000,304956.6080000000700,25,5,5,48,4,Male
8423,1699454.3904000000000,905716.4688000001000,3005124.2676000004000,4186223.1216000000000,572176.1916000000000,15,5,3,68,0,Female
1297,233137.9200000000400,342400.2800000000000,583540.5599999999000,897032.1600000000000,314894.6800000000500,10,5,2,35,0,Male
6819,2241560.5056000003000,745637.5680000000000,495372.3840000001000,3041465.8560000000000,959928.9024000000000,22,2,5,61,2,Male
6742,482730.0192000000000,384898.1760000000400,2555535.5280000000000,3193659.7056000000000,859528.4256000001000,9,4,2,61,4,Female
7682,584166.9600000001000,273200.6160000000400,1432872.7920000004000,1577177.6800000002000,512434.9880000000000,5,5,1,65,2,Male
5192,826674.4320000000000,206016.5280000000200,452923.4880000000000,1685781.5040000000000,288918.0000000000000,20,5,4,53,1,Male
2952,1944536.7744000000000,1168239.6000000000000,2889426.9888000000000,1559536.0704000003000,1357424.7984000002000,19,4,4,43,1,Female
4501,1415691.4176000000000,887874.9696000001000,2975179.1615999998000,2435900.7744000000000,217926.3744000000300,18,3,4,50,2,Male
5496,541084.4928000000000,936637.2864000002000,1505520.0000000000000,2940166.1952000004000,302038.1568000000600,13,3,3,55,1,Male
1104,1133968.1280000000000,832929.5040000001000,1757927.5200000000000,2622405.1200000000000,928873.1520000001000,24,4,5,34,0,Male
2277,212727.3984000000600,435019.0944000000600,2522100.5568000000000,3095578.6752000010000,129966.4608000000200,8,3,2,40,0,Male
8166,2243563.0464000003000,567889.6704000001000,2611702.8288000000000,4346135.0400000000000,1073839.4784000001000,9,4,2,67,1,Male
7627,660656.0064000002000,247182.2496000000400,848284.4448000000000,4693956.1344000010000,1126882.2240000002000,2,2,1,65,1,Male
5157,1398573.7920000000000,1031603.4720000001000,1691212.1759999997000,5751071.4240000000000,312137.7120000000000,10,5,2,53,1,Female
1613,1546257.5999999999000,450629.0880000000500,745529.7600000000000,2067429.1200000000000,318003.8400000000000,19,4,4,37,5,Male
8412,2039657.2560000003000,1084485.8700000000000,1916709.9119999998000,4073813.6400000006000,169003.2240000000200,1,1,1,68,1,
7145,1712635.5168000000000,517803.6240000001000,2014241.0184000004000,262030.5792000000400,496767.5856000000500,15,5,3,63,5,Male
9184,2552818.3200000000000,1572550.3872000002000,5259037.4928000000000,7165166.8608000010000,358154.2224000000000,16,1,4,72,4,Female
4641,870295.9680000000000,150703.6320000000000,1821656.8224000000000,3364098.3936000005000,111874.8672000000100,5,5,1,51,4,Male
1797,1383296.0640000002000,428769.5040000000000,238345.0559999999800,2805086.9760000000000,174706.5600000000300,14,4,3,37,0,Male
9858,1365554.7360000000000,472221.2430000000000,1616824.2870000000000,1974828.0240000004000,681122.2860000001000,6,1,2,75,4,
7252,1729962.6240000003000,901796.8960000002000,671833.3440000000000,337397.6320000001000,254088.0160000000300,8,3,2,63,2,Male
267,242882.8480000000000,128250.8240000000100,1625266.0320000001000,2771117.0240000000000,165951.1360000000600,3,3,1,65,5,Male
1272,536261.5800000001000,661329.0000000000000,1165387.2300000000000,645921.0000000000000,718033.4100000000000,13,3,3,35,2,
939,1784958.3360000000000,392767.9200000000000,2961014.4000000000000,2812189.8240000000000,657190.6560000000000,2,2,1,34,4,Female
7230,139209.7200000000000,910348.1400000000000,3210384.0600000000000,3009557.6160000000000,1338516.1920000000000,6,1,2,63,2,Female
5657,547002.3167999999000,393327.8208000000400,830892.2111999999000,787502.5920000001000,788122.9440000001000,2,2,1,56,1,Male
1433,1952771.3280000002000,186650.7840000000000,3432481.0560000000000,4234184.0640000000000,1180995.4080000000000,12,2,3,36,1,Female
4976,895978.1952000000000,120780.1152000000000,1004815.7568000001000,2876080.0896000000000,695587.0464000001000,20,5,4,52,1,Male
4315,344969.6800000000500,515081.3360000001000,1382233.7760000000000,2811738.6880000005000,212228.8960000000700,20,5,4,49,0,Male
6455,2377006.7328000000000,1367032.5503999998000,5171224.0319999990000,306609.4079999999400,1193303.5776000000000,19,4,4,59,0,Female
9319,676644.5920000002000,139692.1760000000000,1064271.9360000000000,1974792.3520000000000,356666.2320000001000,2,2,1,72,0,Male
2508,747384.6336000002000,1021307.3376000003000,1036618.7040000001000,2485812.5952000003000,146341.3248000000300,19,4,4,41,4,Male
6211,2335429.1520000000000,1160988.6240000000000,2504722.6079999995000,1137110.4000000000000,1130464.2240000002000,18,3,4,58,0,Female
883,333919.2960000001000,330342.8400000000000,593642.5200000000000,1165281.4080000000000,401450.0400000000400,5,5,1,33,0,Male
4739,789832.1664000001000,750459.3408000000000,164118.1824000000000,4380335.5391999995000,1288138.4640000000000,4,4,1,51,0,Female
7061,3078728.2656000000000,930897.4896000001000,3800433.1247999994000,3849517.1520000002000,767028.7872000000000,9,4,2,62,1,Female
2458,621558.0360000001000,569086.2540000001000,2781865.6470000003000,257297.4360000000500,741263.9850000000000,15,5,3,40,0,
8967,1173998.9664000003000,163503.8496000000200,1179683.4815999998000,4843863.6480000000000,1659687.8687999998000,6,1,2,71,4,Female
7567,2480141.0400000000000,931580.2080000001000,1609176.3480000000000,258082.0320000000000,621199.0200000000000,11,1,3,65,5,
1021,1740066.9120000000000,1312416.8639999998000,330616.9439999999600,653712.7680000000000,375190.2720000000000,2,2,1,34,2,Female
2920,1386145.2528000001000,225925.3656000000500,712029.7008000002000,502167.9168000000600,468559.8720000001000,20,5,4,43,4,Male
5558,2789670.7583999997000,343461.2544000000000,1174843.6992000000000,5171463.7056000000000,1649251.7567999999000,14,4,3,55,0,Female
3336,480782.2800000000000,1022797.7760000001000,524973.6360000000000,2220827.6640000003000,804700.2480000000000,14,4,3,45,0,Female
8019,1158917.7599999998000,861480.5472000001000,1943172.5040000002000,329108.8320000000000,1793422.9872000000000,16,1,4,67,4,Female
6199,1256333.9760000000000,140394.8160000000200,1177226.4600000000000,1355444.9280000000000,1055275.8840000000000,6,1,2,58,2,
5305,1569272.1408000000000,1436698.7712000000000,4762974.7008000000000,2635842.8159999996000,278069.4144000000000,19,4,4,54,1,Female
2424,1736055.4860000003000,515843.9550000001000,643990.4460000001000,1813061.8440000003000,893218.2930000002000,21,1,5,40,1,
2525,1509405.3216000001000,424575.9936000000500,2201684.7600000002000,1036850.9184000001000,623525.6016000000000,5,5,1,41,3,Female
7980,1649928.0096000002000,1663611.3936000003000,4629294.6335999990000,7164565.5744000010000,1602572.5872000002000,6,1,2,67,0,Female
4256,344782.3104000000000,470623.5072000000000,4369690.1952000000000,205874.3808000000000,1497694.8096000000000,1,1,1,49,2,Female
584,1401292.3392000000000,1216568.9952000002000,3231231.3071999990000,2442503.2320000000000,1476523.3392000000000,6,1,2,65,2,Female
1819,738961.9199999999000,417019.5600000000600,678081.6000000000000,3303501.1200000000000,303741.3600000000000,10,5,2,38,0,Female
474,767478.0672000003000,861138.7200000001000,2662489.1592000000000,408999.8016000000600,893738.1024000001000,14,4,3,65,0,Male
2128,1091071.5200000003000,474506.4800000000000,1309657.9200000000000,1098340.8000000000000,238702.1600000000300,15,5,3,39,3,Male
1675,960233.7599999999000,254209.1040000000000,4100960.8800000000000,440757.5040000000000,338195.6639999999300,17,2,4,37,1,Female
7339,3531879.9359999998000,110867.5152000000200,1075632.4800000000000,2467328.9472000000000,580823.0064000000000,16,1,4,64,0,Female
4408,634931.6160000002000,124487.6160000000000,294318.8640000000000,1902965.3760000002000,395857.3920000000000,8,3,2,50,4,Male
2666,2590138.1088000000000,1494776.4480000000000,3711525.8399999994000,5028926.2848000000000,632611.9008000001000,12,2,3,42,0,Female
8228,411447.2544000000000,386367.8832000000400,3249949.9967999994000,5793687.9936000010000,1379429.2512000000000,6,1,2,68,0,Female
1509,891937.1520000001000,222142.7520000000000,1643373.7920000000000,3403206.7200000000000,1063304.6400000000000,2,2,1,36,1,Female
5738,2124613.6703999997000,1212916.3776000000000,857395.7567999999000,1295366.8608000001000,1105226.5536000000000,6,1,2,56,2,Female
6758,1872347.6928000000000,568703.6159999999000,262704.8736000000000,4726678.1952000010000,1055660.6112000000000,13,3,3,61,4,Male
1069,486041.2800000000000,351239.0400000000000,1420708.3200000000000,2906843.5200000000000,729692.2560000002000,12,2,3,34,0,Male
3039,1650277.4112000002000,793696.4640000000000,892247.8751999999000,4893217.4016000000000,1254771.7776000001000,5,5,1,43,0,Female
2658,165417.1200000000200,680386.9600000001000,1356557.4000000004000,233576.9920000000600,239372.7600000000000,20,5,4,42,0,Male
7260,2379144.4560000002000,348764.0520000000000,584848.3680000000000,4650947.1840000000000,329531.5920000000000,16,1,4,63,1,Female
7967,2273338.3296000003000,846039.5424000000000,570837.5712000000000,1165652.4672000000000,934539.5904000001000,15,5,3,67,0,Male
8117,920653.8640000001000,123240.9880000000100,329623.6320000000000,1507169.8720000002000,156270.3480000000300,18,3,4,67,2,Male
6370,262885.6512000000000,688129.7760000001000,2564574.3072000000000,1741728.9600000002000,141821.2800000000300,3,3,1,59,3,Male
4374,532922.9760000000000,435374.3040000000000,1260155.8080000002000,1826316.8640000000000,138272.9760000000000,3,3,1,50,5,Male
5556,249009.2927999999700,1399653.3888000000000,1535518.9440000000000,4765736.2175999990000,1318221.9072000000000,19,4,4,55,0,Female
1019,717386.3040000000000,386657.9520000000000,696778.2719999999000,2258204.9280000003000,202054.3680000000200,8,3,2,34,2,Male
8537,2435471.0016000005000,985836.1344000002000,2658420.4608000005000,1086167.3472000002000,768543.3600000000000,12,2,3,69,3,Male
4226,462340.1376000001000,155346.8400000000300,2132586.1656000000000,740698.0416000001000,656453.3976000001000,15,5,3,49,1,Male
2709,874396.3360000001000,343936.9120000000700,1203077.8320000002000,2207241.6960000005000,832260.9680000002000,20,5,4,42,4,Male
5370,206008.2432000000300,774896.0256000000000,390728.7936000000000,330232.7808000000700,633390.2208000000000,8,3,2,54,0,Male
6652,1918945.5168000000000,194452.2528000000200,1415620.2528000000000,1755179.7120000000000,341891.8464000000400,17,2,4,60,0,Male
2716,1855787.7888000002000,491507.1744000001000,2840107.5648000000000,373451.4432000000400,133755.0720000000100,17,2,4,42,1,Male
9577,893773.1088000000000,272287.3608000000000,494250.1200000000500,2326426.5024000000000,660985.3224000001000,18,3,4,73,0,Male
7869,1327025.0448000000000,581024.2464000002000,2669353.8768000000000,3247894.1664000010000,639608.7672000001000,13,3,3,66,2,Male
7956,1613618.1360000002000,551146.9392000001000,1204447.7952000000000,997147.7568000003000,412675.0056000001000,8,3,2,66,0,Male
3624,757748.3760000002000,405943.6920000000400,937161.9840000002000,1575202.4640000004000,125396.6560000000300,20,5,4,46,1,Male
5931,2497892.0831999998000,1065622.6944000000000,3109678.3871999998000,5456134.4256000000000,1558034.0928000002000,11,1,3,57,1,Female
2471,2614395.4848000007000,355483.6560000000000,922754.7648000000000,5008128.3648000010000,985055.5440000001000,1,1,1,41,0,Female
5901,1354903.5456000003000,174336.7968000000400,1630764.3168000000000,1590926.0544000003000,168876.1440000000000,20,5,4,57,4,Male
9629,1288126.6320000000000,779106.7440000000000,3236356.1879999996000,3235898.0160000003000,1437546.7080000000000,11,1,3,74,4,Female
927,1290825.0000000000000,785319.4800000001000,302757.4800000000400,2939713.9200000004000,225310.6800000000200,14,4,3,34,5,
3228,1626733.8560000004000,704088.6160000002000,2134546.6560000000000,764453.5360000002000,791239.1520000001000,5,5,1,44,2,Male
2540,483406.5280000000500,318151.4600000000000,113602.6320000000100,1137157.8240000003000,431520.8920000001000,23,3,5,41,3,Male
1847,1574325.3600000000000,743429.1600000000000,2316599.2800000000000,3707071.6800000000000,853471.5600000000000,24,4,5,38,1,Female
95,1251056.1024000002000,1237161.6192000000000,2420080.4160000000000,834988.3776000001000,235787.7600000000000,7,2,2,65,1,Male
4805,1510715.7504000000000,370507.3920000000000,1862719.8047999996000,3430289.4336000000000,272736.4608000000600,10,5,2,52,0,Male
3246,1436102.4480000003000,764612.7720000000000,1148925.8880000000000,3978660.5760000004000,451954.4040000000400,7,2,2,44,1,Female
6565,1365594.2560000003000,684337.0560000001000,2617397.9520000000000,661852.6720000001000,564850.8320000000000,25,5,5,60,3,Male
7626,639784.9536000000000,185177.3664000000300,3239516.9664000000000,3267158.1696000000000,1026824.0736000001000,2,2,1,65,1,Male
373,425110.2960000000300,497908.9960000000400,411473.4000000000000,706798.3520000001000,413319.0880000000500,18,3,4,65,2,Male
4243,1347669.3384000002000,668625.2892000001000,853635.3803999999000,2841808.6224000007000,214837.6824000000200,18,3,4,49,2,Female
2238,1063375.7759999998000,1383340.3199999998000,1625920.1279999998000,3769983.3600000000000,750849.6959999999000,17,2,4,39,0,Female
5797,518078.0736000000000,322051.0752000001000,424116.0000000000000,806438.5920000000000,572997.5424000002000,25,5,5,56,1,Male
3211,2614439.5200000000000,230815.4112000000300,821264.4000000000000,3942226.8864000007000,274503.2400000000500,14,4,3,44,2,Female
141,2118312.0192000004000,297387.1680000000000,3315863.8656000000000,2826108.4800000000000,907752.6432000000000,8,3,2,65,2,Male
9612,2082918.2399999998000,1263230.7480000000000,3632407.7400000000000,292860.6720000000000,1376193.4680000000000,1,1,1,74,5,
6140,2591736.3072000000000,494393.9328000000700,335715.8400000000000,1224574.8479999998000,1318434.7968000001000,1,1,1,58,1,Female
3586,1488282.0480000002000,308440.8360000000000,1187832.0960000000000,300053.9520000000000,1203118.3560000001000,5,5,1,46,4,Female
576,1497405.5200000003000,388020.6720000001000,2259534.8880000000000,642665.0880000001000,415537.7200000000300,22,2,5,65,2,Male
5624,2370622.1760000000000,178643.5200000000000,1437092.9279999998000,908710.8480000000000,1209704.2560000000000,1,1,1,56,0,Female
5596,1747006.2720000000000,674493.3504000000000,1359210.5855999999000,3713025.4847999993000,921387.0528000000000,11,1,3,55,0,Female
1577,1519727.8080000000000,410165.0880000000500,1452354.0480000000000,2037147.2640000000000,636095.4240000000000,24,4,5,36,0,Male
6503,2040594.3168000001000,460993.4784000001000,2777180.1408000006000,522857.0880000000500,663237.2448000000000,22,2,5,60,0,Male
3707,520694.0640000001000,366187.8000000000500,1141630.3800000001000,217814.9600000000200,395012.9920000001000,20,5,4,46,1,Male
8934,1477016.9856000000000,1826905.7664000000000,5125431.7296000000000,4750696.4544000000000,565224.0048000000000,11,1,3,71,0,Female
8984,1037629.8816000002000,631242.8928000000000,1943945.4527999999000,4528502.7840000000000,883420.7616000001000,11,1,3,71,4,Male
232,980373.8880000002000,607520.1600000000000,3048655.2720000000000,2633227.5840000007000,658204.8720000001000,16,1,4,65,0,Male
7498,3077145.8640000000000,927360.5640000001000,4358277.6120000000000,2551539.1200000000000,180997.9080000000000,6,1,2,64,0,Female
6409,1278960.5376000002000,846048.7584000000000,2259292.6944000000000,1571256.5760000000000,729774.3168000000000,4,4,1,59,2,Male
4855,1803940.4160000002000,1188367.6320000000000,2468024.2079999996000,3914568.5760000004000,1219107.0240000000000,1,1,1,52,4,Female
8157,555680.2368000001000,288432.1440000000300,3201043.2480000006000,1869642.7776000004000,172635.8400000000000,8,3,2,67,1,Male
2150,734047.0400000000000,331082.2800000000000,145466.1600000000000,1293521.1200000000000,304401.6000000000300,25,5,5,39,3,Male
5639,917519.3856000000000,409913.2800000000000,2333458.0223999997000,666576.2304000001000,850782.6432000000000,19,4,4,56,0,Male
839,1074399.9552000000000,222288.7680000000000,2551772.2464000005000,1288371.8016000004000,923945.6304000000000,25,5,5,65,1,Male
1669,1121971.9679999999000,1059929.2800000000000,2037726.7199999997000,3859435.5840000000000,304268.2560000000000,17,2,4,37,1,Female
6815,1977747.0336000002000,590318.9136000001000,1708729.7760000003000,1744826.0544000003000,445796.7696000000000,7,2,2,61,2,Female
7557,1173833.1072000000000,623796.7008000001000,3156779.8080000000000,4078014.7199999997000,1030694.1216000002000,6,1,2,65,5,Male
9178,1598040.2880000004000,736577.7120000002000,3186482.9490000000000,2011141.5480000002000,151337.8620000000200,16,1,4,72,5,
3921,2259854.7840000005000,901088.1000000001000,1966034.6639999999000,3400439.3280000000000,950573.4480000000000,21,1,5,47,1,
5391,1833924.3264000001000,144163.7567999999700,2614804.9343999997000,3706597.3247999996000,1285245.7920000000000,22,2,5,54,0,Female
6200,2554777.4399999995000,233286.4799999999800,1741553.5679999997000,813715.7760000000000,384898.8960000000000,6,1,2,58,2,
4677,1099987.2000000000000,1121390.4384000000000,2498420.5056000000000,706725.2736000000000,805481.1648000000000,17,2,4,51,3,Male
53,1854639.6336000003000,507768.9552000001400,705941.5896000001000,1128953.4048000001000,185513.3280000000400,20,5,4,65,4,Male
1327,1137946.3200000000000,673801.6800000000000,720254.1599999999000,1163755.2000000000000,692883.1200000000000,23,3,5,35,0,Female
2911,1720398.4512000005000,597102.9504000001000,643305.4848000000000,233234.9184000000200,557386.7904000000000,9,4,2,43,4,Male
5651,1921191.2640000000000,1253930.5440000000000,3663030.8159999996000,1596098.3040000002000,118447.0560000000000,17,2,4,56,5,
207,776172.0096000000000,1688040.4320000000000,3894629.1695999997000,5234641.4016000000000,214013.5920000000000,16,1,4,65,0,Female
4308,2591942.4960000000000,714296.2200000001000,3921870.3479999998000,3436024.9440000006000,1205509.9320000003000,20,5,4,49,1,
6917,1273530.4920000000000,1144248.9084000003000,1626103.2528000000000,4153647.5136000000000,1293585.9300000000000,18,3,4,62,0,Female
4789,1623577.4208000004000,115022.4768000000200,3038409.1008000000000,2535497.6256000004000,434824.1279999999700,24,4,5,51,0,Male
4615,1467183.2400000000000,609202.7280000000000,2212537.6799999997000,2527659.2160000005000,989273.6280000001000,10,5,2,51,5,
5437,1001941.8624000001000,508259.9807999999600,218820.7872000000200,969378.5088000001000,202348.1088000000200,4,4,1,55,5,Male
8404,613900.4352000000000,538318.0608000001000,3743247.8304000000000,3793068.8640000000000,883876.0320000001000,16,1,4,68,1,Male
7733,1524120.6240000000000,412365.5640000000000,1053239.1479999998000,4423713.8400000000000,702773.7600000000000,21,1,5,65,0,Female
1279,1794832.7040000001000,1391211.9360000000000,3930347.6640000000000,3441017.6640000003000,152876.1599999999700,7,2,2,35,1,Female
81,2156686.6464000000000,471393.7488000000000,3910801.0031999990000,3226252.7232000004000,827652.9456000001000,21,1,5,65,1,Female
1187,771836.5440000001000,561559.1040000000000,1174007.5200000000000,163085.5680000000000,936564.1920000002000,4,4,1,35,4,Male
4808,952337.2799999999000,682980.9600000000000,1776564.2880000000000,2569238.0160000003000,603474.8160000000000,25,5,5,52,0,Male
8559,2020570.9056000004000,1117534.8288000003000,1581457.7376000000000,187795.5456000000400,353560.3968000000500,17,2,4,69,1,Male
710,574559.8560000001000,183655.4850000000000,3144288.1860000000000,3376364.9400000000000,903711.5100000000000,21,1,5,65,5,
7635,390221.7696000000600,611354.9520000000000,1357040.6928000003000,3399806.5920000006000,554357.7936000001000,23,3,5,65,3,Male
6852,997548.9264000002000,690494.1264000001000,2688641.1864000005000,3123535.7088000006000,626484.3624000001000,10,5,2,61,0,Male
7575,190933.3920000000200,747333.1320000000000,2630048.6159999995000,3888913.3920000000000,982646.8080000001000,11,1,3,65,4,Female
8179,2075612.5728000002000,1377807.5376000002000,5425318.8288000000000,2208491.2512000003000,1423744.7328000000000,1,1,1,67,0,Female
2427,1074733.9020000002000,938076.3810000000000,2598863.1570000000000,2669107.7160000005000,128237.6700000000100,13,3,3,40,1,
6609,926458.7903999999000,394939.3968000000500,4377725.3520000000000,1524382.3296000000000,263841.7392000000000,15,5,3,60,2,Female
1024,827729.9280000001000,660456.1799999999000,1116642.0240000000000,1644369.9840000000000,857223.9720000000000,14,4,3,34,2,Female
5951,609536.8320000000000,502726.5600000000000,2315378.8800000004000,931797.1200000000000,627668.7360000000000,5,5,1,57,3,Male
7388,266837.6880000001000,304827.9390000000000,2916686.7990000000000,631039.0320000000000,742174.8750000000000,3,3,1,64,4,
1028,2049331.9200000000000,674174.4000000000000,2214283.6799999997000,4500098.3999999990000,1024515.4800000000000,1,1,1,34,2,Female
4151,2652029.4240000000000,1020630.9168000000000,2174502.3696000000000,4836616.6464000000000,1327784.5152000000000,11,1,3,49,0,Female
925,179194.0800000000200,678958.8800000001000,1750328.6400000000000,3099301.4400000004000,743762.4800000001000,15,5,3,34,5,Male
7997,1557836.6544000003000,111589.3584000000400,642244.0752000000000,2819352.5568000004000,610020.5904000001000,10,5,2,67,5,Male
1913,909655.6800000000000,351608.6400000000000,1271107.2959999999000,1985080.3200000000000,682250.1120000001000,7,2,2,38,3,Male
1004,643894.6560000001000,424464.0000000000000,2101526.7840000000000,2798599.2960000000000,402762.1440000000300,13,3,3,34,3,Male
9055,1818891.6720000000000,292482.0600000000000,3181423.2839999995000,987952.3680000001000,762975.2520000001000,6,1,2,71,2,Female
4847,2252248.7040000000000,937297.1519999999000,1894846.6944000000000,1427748.2496000000000,401965.8624000000400,22,2,5,52,1,Male
5997,2116448.1792000000000,1414788.2496000000000,938899.6415999999000,3326176.7424000000000,822251.0016000000000,1,1,1,57,1,Female
7039,1197383.0544000005000,463675.8672000000400,2233481.7960000006000,2543438.4768000003000,785424.7440000001000,21,1,5,62,2,Male
2626,1035699.2448000001000,649947.5136000001000,163004.6880000000200,419754.9312000000500,331229.5008000000400,17,2,4,41,0,Male
9720,2004163.4496000004000,782550.6624000001000,2333816.0352000003000,1419707.8272000004000,980433.0432000001000,7,2,2,74,2,Male
250,587084.1600000000000,409945.7440000000600,252136.2480000000200,985750.0640000001000,194066.6000000000000,6,1,2,65,0,Male
7903,1698629.0880000002000,568398.1056000000000,1604320.8480000000000,810456.6912000001000,960377.8080000001000,23,3,5,66,0,Male
8221,665119.3536000000000,705356.4959999999000,1504261.8864000000000,7003879.0848000010000,1402066.2240000000000,21,1,5,68,0,Female
3836,1566875.3760000004000,500044.2480000001000,2402187.2160000000000,889753.9200000002000,280158.5600000000000,8,3,2,47,1,Male
3871,1499761.8240000003000,974212.6944000002000,1943928.8352000000000,1494738.8544000003000,623564.3040000000000,3,3,1,47,2,Male
7935,2580395.1264000004000,1227790.1376000000000,1263802.1760000000000,5626555.8336000000000,824690.8800000000000,16,1,4,66,0,Female
3115,760834.9760000003000,664493.7200000001000,2162990.5440000000000,2548744.3520000010000,368073.3760000000500,20,5,4,44,5,Male
148,130529.8800000000000,508752.4520000000500,148451.3160000000000,1815245.1200000000000,428542.1920000001000,15,5,3,65,2,Male
9939,778385.0880000001000,1004810.6016000000000,1701374.3136000000000,1832068.9920000000000,312820.8096000000400,14,4,3,75,1,Male
6942,1742188.4064000000000,1765537.3008000000000,3888403.8335999995000,5580213.3504000000000,725937.8256000001000,24,4,5,62,1,Female
5320,245645.3376000000000,734796.4032000000000,604022.7455999999000,1163988.6335999998000,525563.5967999999000,17,2,4,54,3,Male
9651,735198.7968000000000,1070695.8288000000000,3154518.9935999997000,6209288.4672000000000,126654.0912000000100,11,1,3,74,1,Female
1363,1367616.0960000001000,900441.5760000000000,2973265.0559999994000,975903.9840000000000,925375.2119999999000,12,2,3,36,0,Female
422,892487.9340000001000,120234.6990000000200,638341.9380000001000,4582745.8560000010000,909588.7710000001000,11,1,3,65,1,
7034,2340171.4752000000000,1124492.6784000000000,3179036.7648000005000,4299502.2720000010000,1050794.6591999999000,13,3,3,62,2,Male
9111,1863326.3220000004000,624925.6650000000000,537606.6930000001000,2092222.5480000002000,730416.1410000001000,23,3,5,71,1,
6679,296939.2608000000000,616374.5328000000000,123000.5087999999800,5701368.4416000005000,1664382.6575999998000,1,1,1,60,0,Female
1125,1299961.0800000003000,166240.8900000000000,2391026.5799999996000,2771929.0800000000000,394096.8600000000400,19,4,4,34,0,
669,1772562.4020000002000,133184.6100000000000,3222922.0140000000000,1293129.3960000002000,486332.8470000000700,16,1,4,65,0,
1529,663099.8400000001000,213701.1120000000500,814851.7919999999000,1236049.6320000002000,180537.3360000000400,25,5,5,36,0,Male
732,398140.5168000001000,879591.8664000000000,1715032.3320000002000,3070080.7488000006000,790127.3952000003000,15,5,3,65,4,Male
5242,2803851.3600000000000,1361949.2640000000000,2028515.1839999997000,5575556.1599999990000,831921.4080000000000,15,5,3,54,0,Female
2806,389003.3664000000600,1035737.3664000000000,904780.1664000001000,2092943.4240000006000,973724.6112000002000,17,2,4,42,0,Male
3055,1771754.6880000003000,538416.4896000001000,1114958.2752000003000,3173609.8944000006000,561527.7888000001000,7,2,2,43,0,Male
2884,298403.4240000000000,496427.5008000001000,3006437.7024000000000,783224.6400000002000,559386.8544000001000,13,3,3,43,0,Male
5188,993116.3328000000000,486061.6896000001000,2550139.7184000006000,2942546.2272000000000,317446.9056000000600,11,1,3,53,1,Male
6396,1166448.6720000000000,699832.7999999999000,1016098.1279999999000,3675733.6320000000000,1296502.9919999999000,15,5,3,59,2,Female
391,1452464.2080000000000,883833.7559999999000,1190105.2800000000000,4416004.9440000000000,207438.1920000000400,8,3,2,65,0,Female
5483,1275051.1104000000000,685079.6544000000000,3381955.8912000004000,2002842.7776000000000,137105.5104000000300,23,3,5,55,3,Male
2492,1893304.5120000000000,681502.4832000001000,775033.1424000000000,3481135.2576000006000,824667.8880000002000,24,4,5,41,1,Male
6567,1292224.0032000002000,760761.3312000000000,1790016.8832000000000,2787781.6512000000000,1226429.7552000002000,12,2,3,60,1,Female
9933,462947.4720000000700,604149.2730000000000,1208301.7050000000000,874676.5560000001000,275766.7770000000600,1,1,1,75,2,
8099,1258995.3792000000000,1239087.0336000002000,151003.0080000000300,1058452.7616000003000,280142.4288000000500,4,4,1,67,2,Male
6342,2013566.5152000000000,842903.3088000001000,2681035.5456000003000,4157036.6976000005000,752382.2592000001000,7,2,2,59,1,Male
6373,400059.1872000000000,398627.8272000000000,669332.8512000000000,1440673.6896000000000,140961.2544000000000,2,2,1,59,3,Male
2906,1382339.6928000000000,189076.3776000000000,1692143.4815999996000,5177750.6880000000000,657894.2832000001000,6,1,2,43,4,Female
9785,1918733.0760000001000,679868.3970000000000,1223921.5559999999000,505083.3840000000000,171676.0890000000400,21,1,5,74,0,
6170,1302985.4400000000000,1330002.0000000000000,3787036.4159999993000,4678145.2799999990000,1414631.2320000000000,11,1,3,58,2,Female
7245,2089438.0416000006000,793697.5488000002000,432550.6848000000500,3399453.6576000005000,261712.2144000000000,23,3,5,63,2,Male
271,322091.8740000000700,817251.6690000001000,2619895.9409999996000,3337310.8080000007000,327829.2030000000400,18,3,4,65,5,
804,1839496.6720000003000,640660.2800000000000,697493.4720000001000,3866769.9200000004000,586480.1280000001000,3,3,1,65,2,Male
8222,2018385.0960000000000,1176567.7560000000000,1789741.9800000002000,309021.0240000000300,433695.7560000000500,8,3,2,68,0,Female
3000,527829.6672000001000,783363.7152000001000,1148783.8824000002000,2920733.7984000007000,373028.2776000001000,10,5,2,43,2,Male
8927,2267308.4928000000000,508383.4080000000500,2483009.5680000004000,4271280.9984000010000,735311.4912000002000,22,2,5,71,0,Male
1526,761207.0400000000000,278083.0400000000400,1106654.1600000000000,322932.3200000000700,369402.8000000000500,15,5,3,36,0,Male
9357,572438.8800000001000,514888.1712000001000,2670253.8408000000000,1717220.0448000003000,837750.7008000002000,18,3,4,72,0,Male
7251,686462.0256000002000,691962.4296000001000,2265149.8584000003000,938309.6736000001000,123529.3488000000200,4,4,1,63,2,Male
7532,498620.3040000000600,624291.4080000002000,1091928.7080000000000,3455616.5280000004000,619623.3420000001000,6,1,2,64,0,
3059,127610.2080000000100,787521.1520000001000,1469470.2000000002000,3113656.1280000005000,432889.9520000000500,3,3,1,43,0,Male
3959,273428.4960000000000,249537.0239999999800,3450162.5135999997000,3927429.7920000000000,301694.6592000000000,12,2,3,48,0,Female
1994,1000655.5680000002000,159775.9200000000000,965654.7840000000000,2501626.1760000004000,532723.1040000000000,25,5,5,38,0,Male
5405,203556.8640000000300,476991.8880000000400,1039372.9920000001000,348189.6960000000500,432949.8720000000000,15,5,3,54,0,Male
6468,1980645.8111999999000,670722.3936000001000,1922352.6527999996000,3049380.8640000000000,293314.8672000000000,7,2,2,59,0,Male
509,1589265.1008000000000,114398.8560000000000,4160288.9952000000000,5761602.6624000000000,948194.3952000000000,1,1,1,65,4,Female
8243,1831824.1760000002000,858563.9920000001000,2891201.0400000005000,2861684.3840000005000,532307.1520000001000,3,3,1,68,1,Male
9621,3688877.8368000000000,471381.2063999999700,3949462.6703999992000,3562412.2559999996000,978331.5360000000000,6,1,2,74,4,Female
2292,105827.5680000000300,346676.5280000001000,1266844.6560000002000,1780872.5440000002000,136616.3040000000300,15,5,3,40,1,Male
3904,197111.2000000000400,733642.8000000002000,950121.4800000001000,398751.9360000000500,155948.8480000000300,20,5,4,47,0,Male
2442,604774.2800000001000,238375.6320000000400,435858.4560000000000,892320.1760000002000,302232.1720000001000,8,3,2,40,0,Male
8102,3435763.9680000000000,1569484.0512000000000,2845770.9696000000000,1515906.6624000000000,349668.6336000000600,16,1,4,67,2,Female
7680,991797.3312000000000,1130226.7392000000000,1184044.1184000000000,636938.2656000000000,405956.1792000001000,22,2,5,65,2,Male
5640,187771.6800000000200,259216.8480000000000,756893.3760000000000,1492895.4240000000000,183150.7200000000000,8,3,2,56,5,Male
4402,2360733.4080000000000,718616.0160000001000,2763895.8239999996000,5127835.9679999990000,1364424.9120000000000,16,1,4,50,4,Female
7761,3238666.3296000003000,632799.0864000000000,3089452.5791999996000,5516479.2384000000000,415466.0640000000000,16,1,4,66,0,Female
1651,1767769.3440000000000,420781.6320000000400,2301971.6160000000000,2398063.8720000004000,910533.8880000002000,23,3,5,37,4,Male
725,2858247.1008000000000,1240879.1616000000000,3181583.6207999997000,1290600.9792000002000,1544572.5984000002000,6,1,2,65,4,Female
374,372774.8544000000000,509950.2720000000600,2746956.3263999997000,3977328.5760000004000,574722.8448000002000,10,5,2,65,2,Male
4901,1582749.8496000000000,1142632.1664000000000,2177867.8656000000000,425276.9280000000000,306713.8944000000000,14,4,3,52,3,Male
4036,463081.8720000000300,806590.7520000001000,1106500.4280000000000,3852503.9520000005000,1018435.5720000002000,9,4,2,48,1,Female
5204,737280.8640000000000,841521.3120000000000,1548714.8159999999000,2916345.6000000000000,133575.2640000000000,25,5,5,53,0,Female
6313,1294004.8512000002000,232866.4896000000000,1106596.3392000000000,266984.9856000001000,464865.1776000000000,3,3,1,59,1,Male
8706,2993403.6288000000000,122618.6208000000000,1497628.2672000000000,779037.2927999999000,942682.6656000002000,21,1,5,70,0,Female
5233,1324989.2736000002000,264774.9600000000000,1129864.7232000001000,2693131.2000000000000,294661.9296000000300,10,5,2,54,0,Male
4236,670710.7440000001000,530460.3480000000000,3088279.2600000002000,2426935.6320000000000,1032095.9880000001000,5,5,1,49,3,
9058,546891.5712000001000,599321.4240000000000,2660682.5856000000000,504812.5056000000000,1079945.0688000002000,16,1,4,71,2,Male
9630,2138420.4192000000000,155654.7408000000000,5189810.1840000000000,2194833.8880000000000,1825073.4527999999000,11,1,3,74,4,Female
764,359237.7983999999700,458069.6640000000500,1091827.5263999999000,2207111.9616000005000,771453.0720000000000,11,1,3,65,3,Male
2774,2032009.3728000002000,340890.8976000000000,275126.9004000000000,1718214.3792000003000,861975.4968000002000,6,1,2,42,2,Female
5016,893069.1071999999000,1426315.2191999997000,5160581.7983999990000,3881629.9007999995000,694675.8719999999000,7,2,2,53,0,Female
2566,1556063.9424000003000,623100.7728000000000,3317807.9088000000000,4019210.5536000000000,1325854.8864000002000,1,1,1,41,2,Female
3827,1355468.7960000000000,741192.3090000001000,2366902.2960000000000,1234583.8560000004000,604748.8260000001000,5,5,1,47,4,
1018,842403.8400000001000,629125.1520000001000,1945162.3679999998000,463669.6320000000400,687554.0160000001000,4,4,1,34,2,Male
6020,144500.1984000000000,128027.8655999999900,3197338.7904000000000,2624814.4896000004000,871461.8496000001000,22,2,5,57,1,Male
5258,407299.7760000000700,224032.9920000000000,702752.2560000000000,2104786.9439999997000,308186.4960000000400,18,3,4,54,5,Male
6928,2132563.9296000004000,1202124.8928000003000,1192926.0096000000000,1349575.2192000004000,670475.5199999999000,7,2,2,62,5,Male
1177,318909.7440000000600,132170.9040000000400,2088572.2559999998000,2134076.5440000000000,472386.0960000001000,15,5,3,35,4,Male
6202,774375.9360000001000,761528.6400000000000,1757732.8320000002000,2174823.5520000000000,481778.7840000000000,13,3,3,58,1,Male
6619,1788910.9056000004000,956923.7184000000000,3536496.2880000000000,1612673.0880000002000,119533.9392000000200,14,4,3,60,2,Male
4214,3103850.5344000002000,506493.6624000001000,1359598.0463999999000,2639420.4672000000000,581724.0000000000000,2,2,1,49,1,Female
6996,2257278.5664000004000,639540.0959999999000,1554293.5200000000000,4811939.0592000000000,371593.9968000000000,14,4,3,62,1,Male
1631,803650.4000000000000,222572.8800000000300,1299465.8400000000000,1550079.6800000002000,647205.4400000001000,15,5,3,37,1,Male
5899,1882811.3280000002000,925810.3680000000000,212721.1200000000000,2381527.6800000000000,959551.6799999999000,3,3,1,57,4,Male
9154,1933934.7455999998000,392518.7136000001000,3397328.4383999994000,6385578.4512000000000,371057.5440000000000,1,1,1,72,0,Female
573,1531691.3664000002000,696505.0248000001000,2259981.1728000000000,3292863.3504000003000,721680.0552000002000,3,3,1,65,3,Male
2948,3144725.9712000000000,1527403.0464000000000,2152696.8672000000000,5897122.3872000010000,1378353.5568000001000,21,1,5,43,1,Female
3071,285067.4112000001000,672539.7888000001000,157151.4912000000500,1950293.3472000004000,765805.8672000003000,18,3,4,43,0,Male
4,2162567.7216000003000,1764179.5392000002000,4254742.8144000000000,4363542.1440000000000,196849.0368000000300,21,1,5,65,0,Female
5304,1639182.2400000000000,1156929.9840000000000,4186979.8559999997000,4335913.1520000010000,1414305.9360000000000,19,4,4,54,1,Female
2146,424086.7200000000300,335423.2400000000500,1029854.0400000000000,807867.8400000001000,179308.1600000000300,5,5,1,39,3,Male
1620,348194.8000000000500,309975.2000000000000,514017.0000000000000,492023.3600000001000,369161.2800000000000,5,5,1,37,5,Male
80,1329750.4896000000000,1098296.0351999998000,1596049.2288000000000,785715.0912000001000,353906.2799999999700,1,1,1,65,1,Female
6634,1321325.4912000000000,556136.2559999999000,2819244.3552000000000,4291971.8400000000000,371406.5472000001000,7,2,2,60,1,Male
3770,132171.2832000000000,318081.2448000000400,531808.9920000001000,2630524.7232000004000,661198.0320000001000,8,3,2,47,0,Male
4944,532690.0992000000000,220729.9968000000200,2504765.3760000000000,1358185.8816000000000,163225.8432000000300,19,4,4,52,1,Male
5799,502742.0736000000000,658383.5520000000000,1473416.9568000000000,3097482.8544000000000,658534.4064000002000,15,5,3,56,1,Male
9024,477983.3760000000500,836169.3288000001000,328275.6984000000000,1919621.8080000002000,750410.9496000002000,13,3,3,71,3,Male
8959,1890383.6640000000000,389959.4400000000000,3428950.8240000000000,510664.1280000000000,1099622.0040000000000,21,1,5,71,1,Female
4206,440632.1700000000400,145618.7040000000300,2546738.1720000003000,2740371.8760000006000,379932.6960000000500,21,1,5,49,4,
4708,2358899.1360000000000,1065873.4560000000000,3791808.7199999997000,994503.7440000001000,820642.6080000001000,24,4,5,51,2,Female
5666,180231.0912000000000,957686.4576000001000,728430.7968000000000,5594614.2719999990000,144343.8143999999700,9,4,2,56,4,Female
7111,2043270.0288000002000,887777.4048000003000,455009.0687999999500,3155575.9872000010000,364133.9520000000000,14,4,3,62,0,Male
2555,633794.3040000000000,229126.4448000000300,1827660.3840000003000,3854400.0000000005000,860803.8912000003000,22,2,5,41,2,Male
4644,2068244.5824000000000,982823.7312000000000,423227.2895999999600,4406870.4768000000000,721622.1312000000000,4,4,1,51,4,Male
4662,972999.4751999999000,376184.9088000000000,921869.6832000000000,2242097.2800000000000,1583131.0463999999000,20,5,4,51,1,Female
5148,781672.0896000001000,590033.7792000000000,941265.1008000000000,4059217.6128000002000,352206.9504000000300,7,2,2,53,2,Male
8448,908060.5248000001000,901852.9728000002000,701410.6943999998000,1212571.2768000000000,533626.9536000000000,8,3,2,69,0,Male
8626,3292468.7328000000000,692093.3759999999000,4581070.6032000000000,5802321.6576000005000,228533.0112000000000,6,1,2,69,0,Female
2006,1576005.8400000000000,885922.6800000000000,213405.4799999999800,1717788.4800000002000,380869.9200000000400,2,2,1,38,1,
4665,307784.7936000000000,1568279.4048000001000,1978243.4303999997000,3344287.5648000000000,1381398.7968000001000,11,1,3,51,1,Female
1593,669033.2160000000000,185121.3600000000000,608703.5519999999000,947910.5280000000000,845449.9199999999000,12,2,3,37,0,Female
7565,924833.2080000002000,310703.3800000000600,827224.7880000001000,1079134.5760000001000,448451.4320000000300,18,3,4,65,5,Male
6704,2988087.0240000007000,114694.7880000000000,784860.3360000000000,5042663.8080000010000,687366.7320000000000,20,5,4,61,0,Female
1575,356863.9680000000500,404164.1520000000600,995782.2480000000000,872190.7200000001000,681656.4000000000000,20,5,4,36,0,Male
6134,1252868.8320000000000,487952.6400000000000,567760.7520000000000,2237523.8400000000000,308251.2960000000300,18,3,4,58,1,Female
2998,289968.3072000000400,475696.7424000000500,375861.6576000000000,1430581.3632000005000,385436.9376000001000,4,4,1,43,2,Male
2266,1263579.6096000000000,1380299.6592000003000,1397601.2159999998000,4592486.7648000000000,409672.4544000000000,9,4,2,40,0,Female
937,1493763.5520000000000,271602.1440000000000,2614906.3679999993000,5385652.9920000000000,261464.5440000000000,7,2,2,34,1,Female
505,2472311.8368000000000,410650.7184000000000,832160.3472000000000,3270840.7680000000000,135884.1744000000000,21,1,5,65,4,Female
6914,3111075.6768000000000,470144.3760000000500,2862649.2960000000000,6999481.3824000000000,1708638.7968000000000,12,2,3,62,0,Female
1722,548594.2080000000000,653726.3760000002000,1187251.7760000000000,689190.0480000001000,128567.2320000000200,15,5,3,37,2,Male
1834,312594.4800000000400,550411.7760000001000,585196.0560000000000,1939442.9760000003000,418192.3440000001000,5,5,1,38,5,Male
4250,1717989.9264000005000,233229.1104000000300,3365258.0544000003000,5839721.3952000000000,1381931.8128000000000,17,2,4,49,2,Female
3337,1069896.3264000001000,272164.8864000000000,1941053.2415999998000,2430748.9536000000000,253554.3648000000700,8,3,2,45,0,Male
1391,612527.2000000001000,357674.8800000000600,2215432.3200000000000,2400372.4800000000000,686291.2800000001000,5,5,1,36,5,Male
2445,758112.3792000001000,262670.6016000001000,1239890.8896000003000,913341.3696000002000,198824.7888000000400,15,5,3,40,0,Male
6659,523330.7040000001400,176556.0160000000600,1317816.7080000000000,284706.6560000001000,135931.1720000000000,20,5,4,60,1,Male
3403,963362.1888000001000,275436.2160000000000,4010000.8607999994000,3526070.8032000004000,1047322.1088000000000,7,2,2,45,1,Female
4387,728612.5440000001000,759029.3760000002000,2290296.0960000004000,449955.0720000000000,228890.3040000000000,15,5,3,50,1,Male
9134,456899.9760000001000,528927.6096000001000,1304999.7480000001000,2431705.9104000010000,174749.4216000000300,14,4,3,71,0,Male
7180,2334864.4800000000000,304308.4512000000700,1422568.3680000000000,1204636.9920000000000,529586.8032000001000,4,4,1,63,4,Male
2012,2078840.7360000000000,555898.1760000000000,1406137.9679999999000,134626.1760000000000,467868.6720000001000,12,2,3,38,0,Female
1633,2104465.1999999997000,244845.2400000000000,456774.1199999999400,2204961.6000000000000,786722.8800000000000,23,3,5,37,1,Female
2364,589516.6464000001000,851906.8800000001000,2279925.9647999997000,4012454.4768000008000,277454.1792000000000,23,3,5,40,3,Male
7896,2016238.2240000002000,1251139.5000000000000,3894611.7600000002000,3619422.7680000006000,1457729.0520000001000,6,1,2,66,0,Female
8061,2553918.4320000005000,183684.8520000000000,1227139.5240000000000,3702515.2320000003000,1150394.5440000000000,8,3,2,67,1,Female
1414,1350086.4000000000000,803816.2080000001000,3812900.2559999996000,1727187.2640000000000,170463.6000000000000,17,2,4,36,4,Female
5452,639034.7903999999000,1224542.7071999998000,984969.8496000000000,3831604.9919999996000,195827.8464000000000,17,2,4,55,4,Female
4507,2073532.8240000000000,882602.3520000001000,320055.6240000000000,2830467.0240000000000,530341.5600000000000,6,1,2,50,2,
9908,1545462.9216000002000,192549.9888000000200,1005716.0880000001000,1236368.3904000004000,680715.8280000001000,24,4,5,75,2,Male
8262,102433.9680000000200,482066.6240000000700,160693.4160000000000,582319.0880000001000,325176.9560000000600,18,3,4,68,4,Male
9230,3370265.6832000000000,917308.0800000000000,382272.1344000000400,156099.3408000000000,622984.5647999999000,11,1,3,72,1,Female
6101,1595868.4799999997000,997439.9615999999000,2395548.6911999993000,5496513.6384000005000,176932.3392000000200,9,4,2,58,4,Female
435,3257113.0175999994000,394932.8448000000000,2271351.8880000000000,2379050.6688000000000,388791.3744000000000,11,1,3,65,0,Female
7063,2073319.3728000002000,1245160.6128000000000,2619766.8431999995000,3801988.5696000000000,1009130.8032000000000,4,4,1,62,0,Female
9787,1146971.6544000000000,479925.8880000000000,2632890.4992000000000,4691669.7984000010000,413135.2992000000000,22,2,5,75,0,Male
5093,2442732.5952000000000,1029014.6687999998000,4461827.3279999990000,4670753.5872000000000,584303.6736000000000,1,1,1,53,1,Female
497,1794255.8399999999000,938648.9736000000000,1932923.8656000000000,2532056.1552000000000,537241.7232000001000,21,1,5,65,1,Female
2898,721061.2992000001000,245218.7232000000400,2742217.9488000000000,1493995.0080000001000,1019915.1072000000000,4,4,1,43,1,Male
3956,2771415.5039999997000,939965.7168000000000,3278229.4511999995000,6016881.0240000000000,490695.7968000000000,9,4,2,48,0,Female
4953,3177620.9279999994000,1712418.6239999996000,5110167.9168000010000,2122635.1103999997000,1366320.7872000000000,16,1,4,52,0,Female
9810,218181.6000000000000,782032.9920000002000,2774829.2832000000000,4969647.3216000000000,1210439.9424000000000,13,3,3,75,5,Male
7538,3121122.3264000000000,962772.0336000000000,4973089.8672000000000,2668140.6336000000000,1837305.6624000000000,6,1,2,65,0,Female
5756,148789.7280000000000,146226.0000000000000,502890.1919999999000,103575.9360000000000,449430.8160000000500,20,5,4,56,2,Male
4100,625083.4656000000000,392664.8880000000000,145372.2335999999800,4434553.7280000000000,1139703.8400000000000,1,1,1,48,0,Female
3791,2223212.4288000003000,587693.7792000001000,3349862.5248000000000,549272.9088000000000,1496919.1248000000000,11,1,3,47,1,Female
7106,1929923.9232000000000,1183569.6288000003000,933085.6704000000000,1109807.4624000000000,494183.4144000001000,24,4,5,62,0,Male
461,1465017.3720000002000,1132310.0880000000000,3318508.0890000000000,3435625.9080000008000,174698.0820000000200,1,1,1,65,0,
1152,1218202.0800000000000,470915.5200000000000,1249951.9200000000000,259884.4800000000400,332205.2800000000000,15,5,3,35,5,Male
9226,986971.1904000002000,911459.0160000001000,287906.4864000000000,3738019.3344000000000,1789510.5072000000000,11,1,3,72,1,Female
104,646394.2992000001000,512201.6640000001000,2297260.4616000005000,321753.3696000001000,405451.2384000001000,9,4,2,65,3,Male
4589,2548447.8336000000000,1043908.8192000000000,187439.9615999999500,3054853.0943999994000,1517515.7759999996000,17,2,4,51,0,Female
3712,1251679.1760000004000,144898.4790000000200,573310.6830000000000,2260280.0880000005000,505533.0060000001000,25,5,5,46,1,
1262,1707239.2320000003000,517810.7520000001000,2538641.0879999995000,2382985.3440000000000,846843.4560000001000,9,4,2,35,2,Male
4001,1586868.3072000000000,199247.5584000000000,3916653.9984000004000,1272881.4912000000000,920780.6256000000000,1,1,1,48,4,Female
2200,998825.5200000000000,113750.4000000000000,872924.7599999999000,346108.3200000000000,654817.3200000000000,9,4,2,39,1,Female
4136,411894.2960000001000,159758.9840000000500,747751.8840000001000,1145579.9520000003000,126362.7640000000400,25,5,5,48,0,Male
9475,1791274.6176000002000,729913.0176000001000,3407288.2272000000000,1785394.2912000003000,917242.5600000000000,2,2,1,73,3,Male
1778,1192287.2400000002000,122174.0100000000000,1968974.4600000000000,1147925.8800000001000,364755.5100000000000,18,3,4,37,1,
8352,1285405.5552000000000,825912.4224000000000,2147804.3808000000000,3436040.5248000002000,1166024.4960000000000,9,4,2,68,2,Male
6117,1443914.3040000002000,233295.7440000000000,1002323.5200000000000,2462502.9120000000000,403633.4400000000000,5,5,1,58,4,Male
1995,610022.5600000000000,165503.6000000000000,1146880.9200000000000,654551.8400000001000,268970.5200000000000,5,5,1,38,0,Male
7789,797008.9140000001000,227023.2900000000000,205550.1630000000000,3573192.6360000004000,529681.8150000000000,6,1,2,66,5,
2801,680574.4704000001000,402221.0016000001000,3304978.9344000000000,3944319.6672000000000,1211721.1920000000000,15,5,3,42,0,Female
1393,223687.4400000000000,543195.1800000000000,961345.2599999999000,1909647.0000000000000,370726.1100000000400,20,5,4,36,5,
5186,201225.2544000000300,561287.4912000000000,753255.4176000000000,2941690.8672000000000,124357.6800000000100,20,5,4,53,1,Male
6536,615634.3440000000000,154005.1812000000200,726051.0816000000000,3494715.4944000000000,670501.9620000000000,6,1,2,60,4,Female
8821,2433533.7312000000000,1208464.9200000000000,1511216.7408000000000,6988663.4688000000000,1380065.7312000000000,6,1,2,70,2,Female
3268,1212962.3616000002000,788335.2576000002000,1351195.0848000000000,132691.0464000000200,532242.0576000001000,22,2,5,44,0,Male
3261,923317.4016000002000,315861.0048000000000,1681262.3520000002000,630730.2144000000000,921918.4128000002000,12,2,3,44,0,Male
7851,928149.0660000001000,1016627.6250000000000,2227816.3050000000000,3397445.0640000002000,897341.6790000001000,3,3,1,66,3,
2417,2049435.8016000006000,817660.0608000001000,848730.9600000002000,2904046.4640000000000,531969.7152000001000,14,4,3,40,1,Male
4627,2219528.9088000000000,1456465.3631999998000,4483133.5679999990000,6316265.7792000010000,1282424.8319999997000,12,2,3,51,4,Female
9176,2475700.3440000005000,405319.0440000000500,1068129.0360000000000,1833280.8000000000000,340651.8960000000000,6,1,2,72,5,
8151,625668.4512000001000,288582.5592000001000,198311.3496000000200,2381982.5952000003000,852781.0824000002000,4,4,1,67,0,Male
1314,370824.3200000000700,160771.3600000000200,1149965.4000000001000,378346.4000000000000,223098.2000000000000,5,5,1,35,1,Male
1803,985332.0960000000000,205034.9760000000000,773906.6880000000000,707446.6560000001000,577609.5360000000000,4,4,1,37,0,Male
3108,373535.7120000000600,317559.2640000001000,1397565.8400000000000,2289316.1280000000000,780343.7840000001000,8,3,2,44,0,Male
2392,1578880.8288000005000,705015.6696000001000,762549.4008000000000,876715.8048000003000,432444.9096000001000,23,3,5,40,2,Male
6684,1451975.6160000002000,737902.7136000003000,1514193.4080000000000,273066.8928000000000,848838.0576000002000,9,4,2,60,0,Male
7593,481315.5360000000000,272627.2224000001000,2705481.3240000005000,3544284.1824000007000,783473.9328000001000,3,3,1,65,1,Male
1369,1995686.4000000000000,177640.9200000000000,727593.4800000000000,1751767.6800000002000,402964.8000000000000,23,3,5,36,0,Female
967,1190231.4600000002000,118051.6500000000100,1039831.5599999999000,1041426.0000000000000,608482.3500000000000,10,5,2,34,4,
4293,639769.9440000001000,368494.8520000001000,1215352.3800000001000,1011140.0640000001000,330736.2520000001000,20,5,4,49,0,Male
8809,658598.3040000001000,195862.3680000000200,1443199.5240000000000,697270.0800000001000,366988.8560000001000,8,3,2,70,3,Male
7759,437838.3360000000000,254176.5408000000500,877525.0848000001000,2493908.8512000000000,1214741.4240000000000,17,2,4,66,0,Male
7175,1732051.7136000004000,508700.2752000001500,1178047.8216000000000,502891.0848000000700,436987.8864000000000,15,5,3,63,4,Male
3082,1701527.7312000005000,652236.3936000001000,1638961.6320000004000,3593351.3088000007000,497184.7584000001000,12,2,3,44,0,Male
8365,1616578.0800000000000,1355626.1160000002000,1430473.3560000001000,5316727.7280000000000,1472445.6240000000000,21,1,5,68,2,
8657,3566379.0239999997000,585362.0448000000000,1267456.5072000000000,4815038.5920000000000,530880.6672000000000,6,1,2,69,0,Female
7994,957618.0640000001000,103580.8280000000200,1144234.4160000000000,1381841.1360000002000,232749.6080000000000,18,3,4,67,5,Male
1330,1821982.4640000000000,923608.6560000000000,948747.1679999998000,1482990.9120000000000,1193240.5920000000000,24,4,5,35,0,Female
9892,243400.7680000000400,507812.5520000001000,924309.2040000001000,224173.8720000000300,429412.5680000001000,19,4,4,75,3,Male
4141,796072.3056000002000,425683.3680000000000,1637808.4008000002000,752080.9824000002000,683213.0184000002000,20,5,4,48,0,Male
5087,512756.5823999999600,974094.2208000000000,2393610.0480000000000,2211646.0032000000000,576778.0608000000000,13,3,3,53,3,Male
3148,1015830.4464000002000,305433.6912000001000,851512.0680000001000,1753005.8304000003000,455835.9960000000400,5,5,1,44,4,Male
9476,480942.2592000000000,313033.0944000000000,3177525.3120000004000,3120458.2656000000000,460971.8880000000000,12,2,3,73,3,Male
6842,673662.6000000000000,148898.5680000000000,3362444.2800000000000,1870208.4960000000000,1452087.7800000000000,1,1,1,61,0,Female
7764,722286.1152000000000,107752.1328000000000,4565175.0768000000000,5414329.4400000000000,165464.3952000000000,1,1,1,66,0,Female
876,723930.8160000000000,139961.6640000000000,449042.6879999999700,2758776.5760000000000,320651.6160000000400,19,4,4,33,0,Male
3755,748319.4048000000000,445393.6608000000700,1687154.5152000000000,3837025.4208000004000,198922.6272000000200,14,4,3,47,0,Male
3646,773756.7200000001000,462591.1840000001000,1719204.4320000000000,1061096.9600000002000,115255.6240000000300,25,5,5,46,2,Male
1993,1778524.2240000002000,365604.8640000000000,267602.9759999999700,1811166.3360000004000,167444.5440000000200,18,3,4,38,0,Male
6543,550448.8704000001000,433015.4400000000000,3257360.8704000000000,2487940.4160000000000,581849.4240000000000,12,2,3,60,4,Male
1594,2566900.2240000000000,1195285.1040000000000,114018.1920000000000,3879797.1839999994000,1421596.9440000001000,19,4,4,37,0,Female
3437,1367376.6480000000000,307935.1440000000300,3476539.8360000000000,1092709.7280000001000,873458.5200000001000,16,1,4,45,2,Female
7425,1818538.4256000004000,720126.3264000001000,1506739.8528000000000,2626473.9072000000000,1118836.9920000000000,22,2,5,64,2,Male
3532,1987563.4944000004000,1053373.9392000004000,2278095.4944000000000,2122723.0464000003000,398238.4032000000600,12,2,3,45,0,Male
4431,371290.3488000000000,574468.1568000001000,961827.1775999998000,876320.9856000000000,491665.4208000000000,25,5,5,50,3,Male
9036,1356017.1300000000000,569799.2430000000000,2578161.3390000000000,3164127.8760000006000,750732.1380000000000,6,1,2,71,3,
5789,682123.9680000001000,212127.2640000000200,170647.6319999999800,597827.7120000000000,101220.8160000000000,15,5,3,56,1,Male
2121,1342954.6560000002000,168194.6640000000200,582017.8320000000000,1713235.3920000002000,132038.3520000000000,5,5,1,39,1,Male
2478,2018114.2080000003000,888154.3968000001000,1315833.2352000002000,1693309.9392000004000,138610.0320000000000,24,4,5,41,0,Male
6663,259934.8960000000700,275463.8640000000600,671029.0080000000000,443770.7040000001400,374060.3880000000400,8,3,2,60,1,Male
2401,1845977.7600000002000,199916.1450000000200,1808779.8960000000000,2913341.9040000006000,953692.7400000001000,24,4,5,40,2,
3540,537803.0592000000000,353370.2304000000600,2890958.4000000004000,1372941.0816000002000,205510.0608000000600,9,4,2,45,0,Male
1452,1376136.1920000000000,851866.2720000000000,971509.5360000000000,1454600.4480000000000,860615.3280000001000,24,4,5,36,3,Male
4826,745111.1808000001000,294751.4400000000600,2404846.7136000004000,1342345.9968000000000,581798.9376000000000,10,5,2,52,0,Male
2061,533452.0320000000000,594595.1520000000000,3231800.6399999997000,2872086.9119999995000,889267.8239999999000,2,2,1,39,0,Female
9002,1067375.4624000000000,541271.7648000000000,2766575.2607999993000,5834197.3248000005000,937775.7792000000000,11,1,3,71,1,Female
128,911294.0720000002000,492847.3160000000500,1475874.8160000000000,812407.8560000001000,301618.0960000001000,24,4,5,65,2,Male
3473,1492370.3520000000000,346132.9872000000300,1507023.6192000000000,654201.5040000001000,739318.3776000000000,9,4,2,45,1,Female
3475,770849.7984000001000,969374.4192000000000,889015.5647999999000,3770360.3520000004000,526779.6336000001000,14,4,3,45,0,Female
7771,693554.8880000002000,458212.1440000001000,964840.5000000000000,820072.0320000001000,187649.2280000000300,24,4,5,66,0,Male
2349,1153590.2400000000000,271152.4992000000000,2058684.8832000000000,2172202.5600000000000,122928.6432000000200,12,2,3,40,3,Male
3908,655640.9200000000000,203448.3880000000400,673711.3680000001000,1229145.6320000002000,154247.0600000000300,5,5,1,47,0,Male
9925,1942709.6832000003000,896632.7136000003000,1036794.8448000001000,4030497.3696000010000,335665.6992000000300,17,2,4,75,2,Male
5914,1258870.6560000002000,537156.1920000002000,2747599.2000000000000,3155960.0640000002000,858117.4080000000000,18,3,4,57,4,Male
69,1220573.7648000002000,391123.6056000001000,943114.5360000001000,3641125.7376000006000,538476.6816000000000,18,3,4,65,3,Male
8453,1491638.7200000002000,204917.0240000000300,2527560.6720000003000,4129151.1040000003000,142947.7920000000200,23,3,5,69,0,Male
650,3157984.2528000004000,1274756.5584000000000,863423.4959999999000,5605139.4048000010000,1762114.7232000001000,16,1,4,65,0,Female
9870,300851.3664000000000,393278.9328000000700,126842.9760000000100,2822448.8447999996000,138344.9184000000000,11,1,3,75,1,Female
2229,739795.1400000001000,413530.3800000000000,2266685.3700000000000,534593.8800000001000,174035.8800000000000,5,5,1,39,1,
3744,884157.2784000001000,743650.7760000002000,1252198.5696000003000,2430033.0912000006000,523112.5944000001000,5,5,1,46,0,Male
4761,910014.2640000000000,161648.0280000000200,2141775.4320000000000,2571704.2080000000000,337361.2200000000000,11,1,3,51,1,
9321,1434001.2960000003000,513149.0000000000000,3027816.7920000000000,2398854.4320000005000,532701.4160000001000,14,4,3,72,0,Male
4165,443183.8400000001000,253626.4720000000400,1445401.8480000002000,3147780.0640000007000,741675.4400000001000,20,5,4,49,5,Male
1397,1188125.8200000000000,376509.4200000000400,473031.0899999999700,119300.7600000000000,123328.8000000000000,24,4,5,36,5,
4959,1296212.4287999999000,371565.2736000001000,831774.5279999999000,3531415.9104000000000,392593.8816000000000,9,4,2,52,0,Male
5775,2232297.1008000000000,1344800.6208000001000,2802224.6783999996000,2476751.3856000000000,1578138.5087999997000,7,2,2,56,0,Female
9336,1162385.8740000000000,884784.1860000001000,1112450.9760000000000,2170978.9920000006000,174695.8590000000300,1,1,1,72,1,
5988,1337796.8639999998000,162924.7104000000400,2696461.7471999996000,674180.3520000000000,383476.1472000000000,24,4,5,57,2,Male
3484,748689.9200000000000,321521.2000000000700,197601.7560000000200,1268181.0240000002000,282452.1040000000500,14,4,3,45,0,Male
6916,1581978.9024000000000,1457134.8480000000000,2280462.7247999995000,2103123.8592000003000,1638195.8112000000000,7,2,2,62,0,Female
5009,2232524.3904000004000,123058.9439999999900,447843.6864000000600,763963.5456000001000,717941.3759999999000,23,3,5,53,0,Male
4251,2927351.1168000004000,1114752.6720000000000,2728751.8896000000000,3210383.4048000000000,746527.3200000001000,6,1,2,49,2,Female
4889,2879532.5760000000000,846523.8720000001000,214176.5279999999600,126590.4000000000000,1257026.1120000000000,14,4,3,52,1,Female
8461,859088.8800000000000,634929.0480000001000,3248965.0440000000000,3356239.5360000003000,292470.9840000000500,21,1,5,69,0,Female
6707,1269450.1248000000000,325328.2656000000400,2362319.1072000000000,4687494.9888000000000,590217.1392000000000,16,1,4,61,0,Male
122,652041.9360000000000,317932.9920000000000,4488878.6280000000000,110092.9440000000000,1268010.4320000000000,16,1,4,65,2,Female
8569,781048.5696000002000,1004746.0800000000000,583271.3952000000000,2311830.1440000000000,192329.2800000000300,6,1,2,69,3,Male
2732,1519217.9640000000000,1158469.7652000003000,2775679.1964000000000,506905.8192000001000,663274.5372000001000,21,1,5,42,1,Female
2563,2175319.2384000000000,751566.6576000000000,3543672.8447999996000,319170.9312000000000,1525037.8176000000000,22,2,5,41,2,Female
5300,459280.7424000000500,451618.0992000000000,2442863.2320000000000,1473055.4880000000000,950429.4912000000000,7,2,2,54,3,Male
6336,1078833.7728000002000,512545.0176000000000,432748.6559999999600,285075.7632000000400,392971.9967999999600,10,5,2,59,4,Male
8018,199382.3520000000000,245306.5680000000300,1049712.3000000000000,668923.6320000000000,891205.0680000001000,6,1,2,67,4,Female
3134,2483027.3952000000000,1466747.7264000000000,3513947.1840000000000,1886367.2256000002000,708419.7648000000000,6,1,2,44,1,Female
4160,1403792.5440000000000,436488.5184000000000,803991.8304000002000,1441014.2208000000000,508861.0560000001000,9,4,2,49,0,Male
3583,2299670.8416000004000,809738.5824000001000,1169119.8288000000000,182733.4080000000000,514516.4640000000400,17,2,4,46,4,Female
2531,2163846.9600000004000,431341.8912000001000,1773641.7072000000000,2630030.9904000005000,1070673.5952000000000,24,4,5,41,1,Female
1052,1681333.6320000000000,751280.1120000000000,3480232.6079999990000,5421197.9520000000000,512705.9520000000000,1,1,1,34,1,Female
7610,745352.7119999999000,800305.7400000001000,1854489.7800000000000,6115900.1280000005000,1307007.3120000002000,1,1,1,65,1,Female
9157,2442925.1808000000000,1064180.8944000000000,3915394.8911999995000,6982757.6832000010000,1327613.4144000001000,6,1,2,72,0,Female
7724,2185726.6079999995000,1194488.7552000002000,5597664.8832000000000,5207983.3728000000000,800652.5280000000000,6,1,2,65,0,Female
1356,1988779.6800000002000,752610.7200000000000,2820290.0399999996000,1525843.2000000000000,513308.7600000000000,14,4,3,35,0,
9448,1542816.6624000000000,915997.6800000000000,2883636.2879999997000,3968907.3216000004000,528708.7728000000000,16,1,4,73,1,Female
242,624435.1776000000000,815806.1808000001000,5236768.3680000000000,7361210.9376000010000,581538.4848000000000,1,1,1,65,0,Female
3171,122601.8112000000400,311156.6304000000000,2682287.9424000000000,3607570.1376000010000,714729.8400000001000,4,4,1,44,3,Male
3178,285665.9520000000000,659578.4448000002000,2934638.7840000005000,3185268.5568000010000,128888.9184000000100,12,2,3,44,1,Male
3350,1721212.8384000005000,735349.4016000002000,1775180.2464000003000,3132016.5888000010000,794214.0096000001000,12,2,3,45,5,Male
8885,639424.4220000000000,1156740.2730000000000,268572.9150000000400,3049792.2000000000000,837471.0240000001000,21,1,5,70,1,
5670,2123091.6479999996000,829091.9808000000000,4770079.3728000000000,5502833.2799999990000,1605570.5087999997000,10,5,2,56,4,Female
6607,3336890.5440000000000,1104525.8639999998000,4183178.6880000000000,525467.4048000000000,1263044.3904000001000,12,2,3,60,2,Female
597,1785737.9904000002000,1232868.9984000000000,2060804.3039999998000,2753896.7040000000000,277232.8416000000000,12,2,3,65,2,Male
2300,1202972.7600000000000,455966.4120000000700,3227779.7639999995000,3289672.8479999998000,388916.4840000000500,25,5,5,40,4,Female
2529,574266.1320000000000,860669.6472000000000,3444756.4008000004000,1110205.0080000001000,468551.3580000000000,6,1,2,41,1,Female
6133,1284972.7680000002000,1370081.9519999998000,3599163.0719999990000,1211768.0640000000000,411443.5680000000000,23,3,5,58,3,Female
1627,399772.9800000000400,386160.3900000000000,2284229.7000000000000,541499.4000000000000,595110.7800000000000,25,5,5,37,5,
9039,129873.8688000000000,247192.9824000000400,2297401.8912000000000,807684.1344000002000,488702.9472000000500,24,4,5,71,2,Male
5499,994680.7680000000000,533475.1680000001000,2761066.9440000000000,764304.7680000000000,324025.8240000000000,13,3,3,55,3,Male
6600,280568.6208000000300,734125.8600000000000,2656693.1664000000000,1591457.2128000003000,226166.3352000000300,3,3,1,60,3,Male
3464,465750.6480000000400,516648.5280000000500,532397.4480000000000,1807038.2880000002000,119034.8280000000100,12,2,3,45,2,
5044,1954817.9280000000000,383928.6600000000000,351789.8040000000000,2513001.4560000002000,268694.0640000000000,24,4,5,53,5,
1403,2823247.8720000000000,471983.3280000000000,367050.0959999999600,3864420.2880000000000,363442.4640000000000,17,2,4,36,1,Female
9356,1143572.1024000002000,271769.9712000000000,2143558.3104000003000,3570416.1792000006000,1157702.5824000002000,17,2,4,72,0,Male
2430,1098960.4032000000000,151401.2544000000000,2520699.0336000000000,2323046.6688000006000,972811.4880000001000,4,4,1,40,0,Male
6962,119258.7552000000300,775525.0464000001000,2084897.0376000000000,3321625.5072000010000,412978.9248000001000,10,5,2,62,4,Male
5473,1786254.5664000001000,410498.2656000000400,1841744.2176000003000,1119704.8320000000000,676543.4495999999000,24,4,5,55,1,Male
6274,1303422.7968000001000,918486.9504000000000,2426275.4688000000000,3520463.6160000000000,520923.5712000000000,24,4,5,58,0,Male
3843,1224403.6992000001000,772176.0288000002000,1723588.7328000000000,939711.1680000002000,540996.7200000000000,17,2,4,47,3,Male
8899,2153050.5360000003000,1005343.7160000001000,932388.4440000001000,5291531.8560000000000,1355941.0800000000000,11,1,3,70,0,Female
6647,2495153.5440000000000,844250.4720000002000,1456649.5320000000000,1319597.1360000002000,202676.7600000000000,20,5,4,60,0,Female
8776,1715290.2000000000000,236533.4712000000600,706499.8200000001000,1734911.9424000005000,812037.7512000002000,18,3,4,70,4,Male
4090,215302.2960000000600,122189.4960000000300,502878.8160000000500,1353167.3760000004000,306482.6160000000400,3,3,1,48,2,Male
6556,1743851.1168000002000,834238.2048000002000,825465.8880000002000,3009568.9728000000000,528484.4448000002000,6,1,2,60,4,Male
97,434819.4240000000600,350991.7320000001000,1390733.1360000000000,1558036.2720000000000,235550.9000000000200,13,3,3,65,3,Male
9331,384009.7248000001000,124716.4776000000300,2044395.5688000002000,1848083.7024000003000,891740.2104000001000,3,3,1,72,1,Male
3394,1402851.9120000002000,255562.4280000000000,1543091.6160000002000,2439422.3040000005000,850832.4000000000000,21,1,5,45,4,
2482,864585.6912000001000,201403.1448000000400,540815.1408000002000,1722018.9888000002000,497579.5440000000500,16,1,4,41,5,Male
1514,2180153.0880000000000,875205.9360000000000,4048275.4560000000000,707765.7599999999000,482461.9199999999000,4,4,1,36,0,Female
2744,635730.1280000001000,175395.6600000000300,1052013.2040000001000,1755048.0640000002000,124499.1000000000000,25,5,5,42,1,Male
4745,2244207.9744000000000,1024997.1839999999000,460396.2240000000000,2665998.4896000004000,912079.9872000001000,14,4,3,51,0,Male
4164,1389863.2176000003000,772092.3672000003000,1352498.0832000000000,1962648.8640000005000,574280.7048000002000,10,5,2,49,5,Male
5448,675024.9984000000000,700528.2048000001000,1935518.2848000000000,3306908.6208000000000,181451.6352000000000,14,4,3,55,1,Male
9817,502806.4704000000500,386939.2176000001000,2696233.4568000003000,3012875.0496000000000,347859.0648000001000,18,3,4,75,5,Male
8435,270339.6384000000500,570902.7168000000000,2630048.8968000000000,550220.1120000001000,346114.1736000000400,23,3,5,68,0,Male
7153,2212591.2120000003000,854045.5950000001000,2158640.1720000003000,1547090.0640000002000,374426.2080000000400,10,5,2,63,5,
4143,2091581.6064000002000,895641.7536000002000,861656.0832000000000,1424662.6944000002000,749556.1920000000000,3,3,1,48,0,Male
3421,162836.2560000000000,982686.4608000000000,213087.2832000000300,1567789.1328000000000,990579.0048000002000,4,4,1,45,3,Male
8046,1726550.6544000003000,511724.5848000000700,2373154.8048000005000,899316.2880000002000,415474.3944000000500,4,4,1,67,1,Male
6872,2864519.1120000000000,125506.8360000000100,1428727.2480000000000,755889.2640000001000,640116.6720000000000,4,4,1,61,0,Female
8247,2664464.0256000000000,307673.1216000000000,1117763.7120000000000,859838.8032000000000,1421301.0240000000000,6,1,2,68,4,Female
1451,592530.0480000001000,587031.3360000000000,221918.6160000000000,198100.5120000000500,310607.8560000001000,10,5,2,36,3,Male
8483,922648.1680000002000,487084.9880000000000,1188507.3720000002000,1637160.0960000004000,238823.8320000000500,3,3,1,69,5,Male
9456,2678684.8608000000000,737237.0304000000000,1939650.1488000000000,5696572.3776000000000,1378663.2288000000000,1,1,1,73,1,Female
5359,1034696.6783999999000,680094.4895999999000,4293017.6255999990000,1101391.2576000001000,410089.6512000000000,2,2,1,54,0,Female
7916,2208869.3952000000000,324906.4416000000000,360935.8271999999400,4597220.6592000010000,479503.8144000001000,1,1,1,66,1,Male
492,1133013.2580000001000,403426.6470000000600,409112.2620000000000,1826561.4120000002000,497313.7650000000000,3,3,1,65,5,
9679,338791.1280000000000,514847.5280000000500,1380746.0160000000000,843556.8960000002000,466134.7600000000700,23,3,5,74,3,Male
8420,3286844.8704000000000,324217.2959999999000,2812657.3488000000000,7374727.5264000010000,1362853.0656000000000,6,1,2,68,0,Female
7755,998217.4800000000000,672190.4280000001000,2722807.1520000000000,1771355.0399999998000,793966.9920000000000,6,1,2,65,0,
4879,842420.3904000000000,812465.8560000001000,2381839.0848000000000,3059391.8592000008000,527658.7104000000000,10,5,2,52,0,Male
4468,1974888.0000000000000,1688261.8752000000000,435086.8991999999000,5806852.0704000000000,1088404.1279999998000,9,4,2,50,2,Female
7616,1826901.2736000002000,1110550.8960000000000,3740382.3600000000000,7235844.5952000000000,1251712.8000000000000,6,1,2,65,1,Female
5611,815132.3904000000000,888377.1264000001000,839858.1120000000000,1471844.0448000000000,385286.8608000001000,14,4,3,55,0,Male
8977,888549.1056000002000,126975.1392000000200,2148713.3304000003000,1624351.2480000000000,638873.6328000001000,18,3,4,71,4,Male
8978,106633.6960000000300,205867.3760000000500,521971.7880000000000,1377322.3360000001000,310700.8840000000000,23,3,5,71,4,Male
8539,1102508.4096000001000,1070889.3468000002000,1520091.8460000000000,3137759.1648000010000,392500.8360000000000,16,1,4,69,1,Female
5962,632665.0367999999000,1022382.9504000000000,2276873.9711999996000,333493.8624000000400,425658.7008000000500,18,3,4,57,2,Male
9600,611281.1952000002000,790779.7872000003000,543286.2240000002000,833496.7680000002000,520331.5728000001400,23,3,5,74,0,Male
5895,312216.4800000000000,216567.3600000000000,130902.0479999999800,1983431.2320000000000,1300608.4320000000000,5,5,1,57,4,Female
3922,743954.1120000001000,991940.9280000001000,2508851.3471999997000,2844841.6128000007000,101308.6272000000300,18,3,4,47,0,Male
9490,2029148.1600000001000,265769.9200000000400,1333795.9440000001000,601235.6480000002000,437428.0560000001000,23,3,5,73,2,Male
2668,1328184.0000000000000,567933.8544000001000,929900.3472000000000,5084761.0176000000000,1358767.2384000001000,7,2,2,42,0,Female
7506,613471.2479999999000,281306.5632000000300,577448.3520000000000,6968785.0752000000000,398134.7136000001000,19,4,4,64,0,Female
7992,1869326.9920000003000,452651.8880000000400,2090827.1280000003000,2331964.9600000004000,397773.5840000000300,23,3,5,67,5,Male
1595,1744833.3120000002000,1026575.1000000000000,2051454.9239999999000,1243212.1920000000000,570815.2080000000000,10,5,2,37,0,Female
4763,787241.3760000000000,721856.8800000000000,2070547.2719999996000,2275180.7040000000000,739167.4440000000000,15,5,3,51,1,
1856,921282.0480000001000,1198371.5999999999000,1295485.4880000000000,1193206.4640000002000,495091.7280000000000,2,2,1,38,4,Female
7006,502188.9600000000000,1127293.8144000000000,1043534.7936000000000,3902022.2592000000000,499229.8272000000600,9,4,2,62,3,Male
2438,877015.8143999999000,191628.8352000000300,2388038.7168000000000,735940.3392000002000,329836.0032000000000,14,4,3,40,0,Female
4104,1497674.9040000000000,1102253.8560000001000,1599832.0800000000000,3313029.4560000002000,1001031.3720000002000,3,3,1,48,0,Female
6457,3246093.6192000000000,762790.5216000000000,3306060.7487999992000,604072.1664000001000,136656.1152000000000,17,2,4,59,0,Female
4859,2079893.6639999999000,1218055.1040000000000,2615258.8800000000000,3919276.2240000000000,1399480.7040000001000,16,1,4,52,4,Female
3145,1812325.6800000000000,285530.2560000000000,3183445.5840000000000,3785067.4752000007000,278581.0896000000600,6,1,2,44,4,Female
3534,176017.6704000000600,770018.8320000000000,2999953.1232000003000,1836207.8592000003000,965921.5104000001000,22,2,5,45,0,Male
4419,179184.0000000000000,866230.6560000001000,1416409.0559999999000,3336396.6720000003000,750249.4080000000000,25,5,5,50,1,Male
2013,2005110.1440000000000,319571.8559999999700,1230547.6800000000000,3385791.9359999998000,337381.9200000000000,17,2,4,38,0,Female
2600,2377002.6720000000000,1311289.8480000000000,2156248.5120000000000,4441570.8480000000000,1106387.7264000003000,17,2,4,41,0,Female
4670,1645678.7712000000000,198777.8016000000400,466838.1216000000000,1305881.7408000003000,323042.5152000000000,25,5,5,51,1,Male
2616,186164.5104000000300,447704.2152000000400,1782878.1696000001000,1691185.1616000007000,168787.0008000000400,10,5,2,41,0,Male
6143,676794.3360000001000,124104.5280000000000,1028886.7680000000000,1378871.6160000002000,199533.0240000000300,15,5,3,58,1,Male
394,605666.3184000001000,916736.5584000000000,2061623.7720000000000,787078.6560000001000,601379.9064000002000,13,3,3,65,0,Male
6475,538052.7359999999000,460851.0240000000300,552880.2240000000000,1393329.6000000000000,247814.3040000000000,16,1,4,59,0,Male
9544,882316.7600000000000,398048.6640000001000,827952.8400000001000,1929536.9600000002000,269085.5960000001000,7,2,2,73,0,Male
3752,1335535.5420000001000,420200.6490000001000,1598000.4810000001000,1886405.4000000004000,800310.5550000000000,24,4,5,46,0,
8195,320376.1392000001000,615775.9608000001000,2532842.3951999997000,2399624.6976000005000,345018.6792000001000,24,4,5,67,0,Male
3971,578620.8560000001000,422609.7040000001400,422278.8240000000000,361475.1360000000600,231159.1920000000400,18,3,4,48,0,Male
5575,1406438.7840000000000,510635.4048000000000,1148230.0800000000000,153809.9712000000000,1053118.8864000002000,17,2,4,55,0,Male
3234,893641.4080000003000,356508.2400000000500,2315244.0960000004000,3156539.9360000007000,836324.8080000002000,15,5,3,44,2,Male
9294,1581222.4740000004000,753773.5530000001000,3053117.6909999996000,1432740.8160000003000,445448.4840000000000,11,1,3,72,2,
9385,741051.4176000002000,1748966.7312000003000,2962439.4384000000000,1501263.1295999999000,1175242.7232000000000,21,1,5,73,0,Female
5783,296750.7840000000400,594594.2400000000000,2679341.4719999996000,1364703.3600000000000,887624.5440000000000,19,4,4,56,0,Male
3794,473504.3280000000400,469533.1080000000700,2570506.8840000000000,2424461.9520000000000,997310.2920000001000,14,4,3,47,4,Female
6045,731293.0560000001000,266668.3200000000000,652935.4560000000000,1062405.3120000000000,198910.7520000000000,15,5,3,57,0,Male
9349,877592.9759999999000,617508.6840000000000,3163990.2839999995000,4983374.4480000010000,1557009.6360000002000,16,1,4,72,0,Female
1138,1228774.4640000002000,408361.9200000000400,2504617.3440000000000,908440.3200000001000,824485.6320000001000,13,3,3,35,0,Male
8489,623232.0900000000000,345856.4460000000000,355306.4190000000500,1284050.1960000002000,369197.9460000000500,16,1,4,69,5,
7855,1730756.8512000002000,1821696.3648000003000,3819539.8800000000000,4489654.2912000000000,1602141.6528000000000,16,1,4,66,2,Female
8564,1103567.4000000001000,758942.4024000001000,1748663.1864000002000,2401594.0416000006000,713683.5264000001000,10,5,2,69,3,Male
6925,1466141.6640000000000,1013285.0208000003000,1486912.7519999999000,3256564.1472000010000,663479.3568000001000,9,4,2,62,0,Male
4362,3120604.5312000000000,1134307.2384000000000,2182788.5184000000000,4697394.5087999990000,1531249.7471999996000,20,5,4,50,0,Female
6534,1831155.9552000000000,679816.0512000000000,4877964.9360000000000,3980396.9088000000000,1493852.0687999998000,4,4,1,60,4,Female
9636,825122.3760000002000,274187.9088000000300,1422271.9368000003000,788575.5072000002000,802830.8808000002000,3,3,1,74,4,Male
3535,1453052.4096000001000,1033516.4928000001000,246378.8448000000200,1973130.5088000004000,680650.0800000000000,7,2,2,45,0,Male
7770,456234.8960000000000,304332.7040000001000,606781.1880000000000,1283112.8960000004000,468993.6160000000400,3,3,1,66,0,Male
3944,157099.8528000000200,342483.3984000000600,788839.2864000002000,2585112.0768000010000,609788.5728000001000,18,3,4,47,0,Male
5791,1147892.1984000000000,692708.0831999999000,1785582.8351999999000,2080461.7728000004000,458861.0688000000700,22,2,5,56,1,Male
7842,1247929.3632000003000,1239008.6591999999000,1516644.2304000002000,912143.7312000000000,970011.4944000001000,3,3,1,66,1,Male
4610,1559837.7216000000000,127732.7232000000100,430227.7632000000000,1420515.5328000002000,272687.8464000000400,24,4,5,51,5,Male
6245,1379566.9440000001000,646304.9759999999000,4267317.6000000000000,1705918.4640000000000,544111.0560000000000,25,5,5,58,0,Female
5920,171269.2800000000000,137369.3760000000200,817103.8080000000000,1208486.5920000000000,1088694.8640000000000,21,1,5,57,0,
5396,1891132.8768000000000,1423914.3359999997000,3549750.7391999993000,6856357.0176000000000,112607.5391999999800,6,1,2,54,0,Female
7496,1791620.3136000002000,524807.8368000000000,2924126.1503999997000,463549.6320000000400,606395.8368000000000,12,2,3,64,0,Male
4071,2230431.9840000000000,123053.7528000000200,270422.0640000000000,4372833.6432000020000,1094627.2392000002000,15,5,3,48,2,Female
787,591718.6079999999000,412197.5519999999700,602155.3824000000000,6627203.4816000005000,985871.2032000000000,1,1,1,65,2,Female
5927,838188.0000000000000,1352890.5119999999000,2972680.1280000000000,5144907.4559999990000,500216.6879999999700,6,1,2,57,3,Female
7179,1034535.9024000001000,876864.9240000000000,724018.0896000001000,1534997.3184000005000,262462.2624000000700,25,5,5,63,4,Male
749,334930.9392000001000,175545.3492000000000,3940928.3160000000000,1831949.8704000001000,168188.8104000000200,6,1,2,65,1,Female
4112,682965.2016000001000,257353.9848000000300,1151694.9576000003000,1802660.4288000000000,413289.2016000001500,5,5,1,48,0,Male
172,474241.0400000000400,284920.8440000000400,901630.7040000001000,461915.1680000000600,108881.6560000000200,23,3,5,65,0,Male
3648,535318.8192000001000,391244.5152000000000,1426523.0760000001000,2053699.0848000008000,242390.8080000000500,20,5,4,46,2,Male
4609,855760.1280000000000,207397.4880000000000,721215.6480000000000,528869.1840000000000,343592.4000000000000,10,5,2,51,5,Male
9900,350700.7140000000400,1122673.2660000000000,2486964.1680000000000,1695599.1000000000000,578595.4200000000000,1,1,1,75,3,
7699,1875898.5440000002000,363301.8480000000600,1473875.8320000002000,1988982.1120000002000,925171.2080000002000,24,4,5,65,0,Male
9424,1760329.4592000002000,887384.7840000001000,1464454.7424000003000,2372599.7568000000000,193860.3264000000200,7,2,2,73,4,Male
5785,578852.1600000000000,259686.7679999999800,1185399.3600000000000,560035.5840000000000,103857.5040000000200,25,5,5,56,0,Male
2055,1456082.2400000002000,508511.9200000000400,1747368.7200000000000,1710397.7600000002000,311989.9200000000400,10,5,2,39,0,Male
5460,1646537.2416000000000,1417225.5936000000000,2514581.1071999995000,4004536.3200000000000,522638.7839999999000,14,4,3,55,4,Female
2439,957777.3216000001000,339773.2272000000000,3729270.7584000000000,5639798.4192000000000,1544338.0656000003000,1,1,1,40,0,Female
9303,3445418.6208000000000,708575.9616000002000,3804783.8399999994000,4858299.0144000000000,552160.2528000000000,1,1,1,72,1,Female
7975,1280912.2559999998000,1493650.6416000000000,2678072.7168000000000,3421554.7391999997000,526677.4656000000000,16,1,4,67,0,Female
9031,269987.0784000000600,497542.6560000001000,3172882.3776000000000,2251898.6880000000000,1130080.4736000001000,7,2,2,71,3,Male
9308,992075.4480000000000,1140247.6800000000000,904142.7719999999000,2992632.2400000000000,278935.0200000000000,8,3,2,72,0,Female
3170,1342456.6848000002000,190771.1520000000300,2462165.1648000000000,502946.1888000000600,206844.0000000000300,23,3,5,44,3,Male
2931,1574744.5824000002000,488589.9744000000600,1417169.0016000000000,4046341.9392000004000,832956.9600000002000,23,3,5,43,1,Male
28,661097.0080000001000,156792.6360000000300,1537490.7600000000000,1588896.4000000001000,151917.8960000000000,17,2,4,65,5,Male
7812,1334844.3888000000000,891312.6456000002000,1331247.8088000000000,3454814.5632000007000,283480.0488000000000,23,3,5,66,4,Male
7461,1061890.4400000000000,1035398.2080000001000,2034853.2359999996000,1906105.3440000003000,1081301.5200000000000,12,2,3,64,2,
3838,1193305.5552000000000,467359.5168000001000,2822990.2272000000000,3507895.1424000010000,1007857.6992000001000,12,2,3,47,1,Male
7500,2459177.8848000000000,300880.9439999999600,988955.1359999999000,4713144.8832000000000,556350.1632000001000,11,1,3,64,0,Female
442,301891.9488000000000,781355.3280000001000,2313194.0831999998000,1958844.8256000003000,331232.3040000000600,7,2,2,65,0,Male
4932,641209.7280000001000,196464.5760000000000,226646.4959999999600,1419585.4080000000000,278191.4880000000000,25,5,5,52,2,Male
2619,943348.4544000002000,294539.6256000000000,1790395.2000000002000,677403.7248000002000,210537.7824000000300,12,2,3,41,1,Male
3649,1982730.2880000002000,325562.0280000000500,1910810.0880000000000,1176396.6720000003000,207121.5960000000500,25,5,5,46,2,Female
4803,1265762.9952000000000,192954.7008000000200,2147528.6784000000000,699153.8688000000000,585536.0256000000000,17,2,4,51,0,Male
6425,1558294.8479999998000,197261.7408000000000,4343802.6815999990000,3546317.0304000000000,244363.9104000000000,11,1,3,59,0,Female
3590,202878.4032000000300,978231.6720000000000,2015615.4480000003000,1011400.4735999999000,513956.0448000000300,5,5,1,46,4,Female
9453,2497161.5136000000000,743321.9664000000000,948914.1791999998000,372230.7264000000000,1319533.6752000002000,6,1,2,73,1,Female
6946,2833003.6799999997000,959390.9520000000000,1411431.8399999999000,5060308.0320000010000,571411.9320000000000,5,5,1,62,4,Female
8701,3204736.7040000000000,1794827.9232000003000,2670473.7071999996000,2972408.7744000005000,118074.9024000000000,11,1,3,70,0,Female
8374,516515.3760000000500,1276610.0880000000000,395445.4919999999700,6055924.9920000000000,1406086.8120000002000,1,1,1,68,2,
595,471643.0160000000600,142361.9080000000200,238981.8600000000200,1548210.7680000002000,475494.2400000000500,14,4,3,65,2,Male
6218,2562861.8880000003000,224141.7599999999800,3904192.2240000000000,4492592.0640000000000,890114.9759999999000,15,5,3,58,0,Female
6374,936552.9600000001000,473559.8976000001000,1051867.1232000000000,3791226.0096000005000,713409.8688000000000,7,2,2,59,3,Male
1721,912154.1760000001000,614421.9360000001000,1613357.5680000000000,1173213.7920000001000,253296.8640000000300,15,5,3,37,2,Male
4055,1043265.0624000002000,647932.6656000001000,2763903.8592000000000,286001.5488000000500,593193.1104000001000,19,4,4,48,3,Male
3689,1301838.9120000000000,1136710.3968000000000,2413299.8735999996000,3065606.4384000000000,1435831.2144000002000,22,2,5,46,0,Female
9696,2601871.5840000003000,396065.4360000000500,3998089.3679999993000,2169527.5680000000000,394959.2400000000000,1,1,1,74,2,Female
6024,1434264.8399999999000,297386.1000000000300,522862.1279999999700,1161085.5359999998000,445514.2560000000000,21,1,5,57,1,
7800,2159939.8079999997000,1587102.5664000001000,1818559.0799999998000,4942849.0176000000000,552243.1823999999000,1,1,1,66,4,Female
5306,943154.1503999999000,533493.0432000000000,3641665.1328000003000,6179327.3088000000000,617823.9359999999000,1,1,1,54,1,Female
6123,302093.4528000000000,250742.4768000000300,2396655.7344000000000,1607242.8672000000000,582833.4912000002000,10,5,2,58,1,Male
124,2810770.5600000000000,1321105.8120000002000,2643055.2720000000000,4557927.5040000010000,453467.1960000000500,8,3,2,65,2,Female
3125,1651184.7660000003000,621220.9410000001000,1085718.8430000000000,3936563.9280000010000,253037.8620000000500,2,2,1,44,5,
1652,804137.9040000001000,435238.5600000000600,907493.5440000000000,592240.8960000001000,712755.0720000000000,25,5,5,37,4,Male
9399,1171823.3280000002000,669182.3424000001000,2448078.7032000000000,509110.9920000000000,278811.2808000000700,8,3,2,73,5,Male
8699,2257858.8863999997000,646152.9984000000000,2035114.8479999998000,2112894.2016000000000,426861.8640000000000,21,1,5,70,0,Female
59,1042276.6848000000000,572175.9264000001000,1727433.6768000000000,3893005.7088000006000,928641.4176000003000,12,2,3,65,1,Male
8127,435610.2816000000500,1528584.4079999998000,3584308.6655999995000,2295802.0799999996000,278919.0144000000000,16,1,4,67,1,Female
9805,302019.6816000001000,484638.5232000000500,789034.8024000002000,2844795.6576000005000,157626.7056000000200,13,3,3,75,5,Male
2343,2044563.2064000003000,1396200.8016000001000,4384793.9520000005000,1576592.5824000002000,805109.9759999999000,1,1,1,40,1,Female
9889,830962.0800000000000,1018962.0480000000000,736232.1407999999000,2885357.5296000005000,923917.4880000001000,13,3,3,75,3,Male
2040,131388.0960000000200,566256.1920000000000,2575947.4560000002000,2334134.7840000000000,826496.0640000001000,9,4,2,38,0,Male
1820,283096.9440000000000,307870.9200000000400,983445.8400000001000,358780.0320000000600,318695.8320000000500,25,5,5,38,0,Male
6094,487747.6991999999000,1481984.2944000000000,3359119.5071999994000,3942268.1856000004000,1251537.6960000000000,17,2,4,58,4,Female
2500,873894.2784000002000,1019820.8064000001000,108406.7424000000000,563860.0704000001000,420150.7200000001000,13,3,3,41,4,Male
4307,1417920.5700000000000,246638.7990000000600,204256.7010000000300,2118371.5080000004000,345066.7770000000600,8,3,2,49,1,
3383,1138652.0640000000000,768833.4720000001000,2478498.2640000000000,116608.4480000000300,237575.6240000000400,23,3,5,45,4,Male
3121,1026332.7360000001000,209328.5568000000500,602092.6560000001000,1683452.3904000004000,212815.8912000000400,4,4,1,44,5,Male
7293,1284342.8832000000000,1239338.5056000000000,4667189.7168000000000,6746014.0799999990000,1522844.8560000001000,19,4,4,63,0,Female
4498,969438.7584000000000,465622.6464000000000,427424.9472000000000,1095544.3968000002000,824803.3440000000000,5,5,1,50,2,Male
3850,1095642.5040000002000,850093.3320000000000,2773033.1639999994000,2583613.8240000005000,451417.0320000000600,24,4,5,47,3,
8996,3064040.5535999998000,426294.8352000000000,755304.2640000000000,5428512.4608000005000,229908.3695999999800,16,1,4,71,1,Female
9724,1141044.2784000000000,761825.9376000000000,4060011.9455999993000,2028617.5103999998000,1823856.6528000000000,11,1,3,74,1,Female
676,994769.1936000001000,260644.3632000000200,1487904.7248000000000,803192.8319999999000,1013346.3599999999000,16,1,4,65,0,Female
5313,324850.8480000000600,202095.8880000000400,1264474.3680000000000,981961.3440000000000,203880.6720000000200,15,5,3,54,3,Male
6296,283497.9264000000500,624676.8384000001000,2524304.2175999996000,2610799.2576000006000,487500.1632000001000,5,5,1,59,5,Male
673,1327895.7120000000000,1112899.1328000000000,3595700.5344000000000,4169944.8960000006000,645207.1392000000000,25,5,5,65,0,Male
2260,1042702.5600000002000,246602.2500000000000,735502.6799999999000,515093.4000000000000,790259.6700000000000,20,5,4,39,0,
7424,889437.5360000002000,426507.3280000000400,1375344.3600000000000,1700025.6000000000000,612868.0480000002000,15,5,3,64,2,Male
2377,1246342.6800000002000,697200.6360000002000,2256753.7080000000000,2878648.6080000005000,602710.0200000000000,15,5,3,40,2,Female
8520,1026671.4432000002000,146610.1728000000300,2159593.2072000000000,658969.8336000001000,648920.9376000002000,12,2,3,69,1,Male
1562,1515031.7760000003000,586909.1520000000000,2143443.6000000000000,4990434.6240000000000,151565.3280000000000,19,4,4,36,0,Female
8894,1802028.0720000000000,1331504.6160000002000,528045.8040000000000,4980304.9920000010000,246826.0080000000300,11,1,3,70,0,Female
5681,1551472.7040000001000,237137.6640000000200,339336.5760000000000,207214.4640000000400,352374.8160000000500,25,5,5,56,4,Male
4058,267152.0544000000000,277305.4152000001000,1568963.8008000003000,2564544.1536000010000,444951.7776000001000,10,5,2,48,3,Male
9138,264903.9120000000700,419346.9072000000000,2765701.6920000003000,1830273.8688000003000,314789.8104000001000,14,4,3,71,0,Male
4821,582995.6352000000000,334473.6384000000000,3327125.4144000000000,2591806.0032000000000,661585.8816000001000,19,4,4,52,0,Male
7483,980844.1344000001000,429827.3928000001000,1801124.7696000000000,805517.1072000002000,860040.5112000002000,5,5,1,64,0,Male
5944,481137.2160000000000,299516.7360000000300,159350.9760000000200,1291556.3520000002000,476778.8160000000500,20,5,4,57,1,Male
6666,1382822.4384000000000,301778.7552000001000,2668600.2096000006000,3478485.6288000010000,115947.3744000000300,15,5,3,60,1,Male
8900,2046255.4944000000000,898637.1264000000000,1362407.9039999999000,2486185.2288000000000,299917.6128000000000,1,1,1,70,0,Female
238,3336276.1536000000000,1819797.2208000000000,4013828.2080000000000,3033203.8464000006000,1313744.7024000000000,11,1,3,65,0,Female
22,382795.5456000000700,762685.3728000001000,3157129.8720000004000,3371163.4944000007000,1145151.1968000000000,17,2,4,65,5,Male
8506,279825.5200000000000,321984.2080000000400,1451042.2680000002000,865114.8480000001000,514275.3200000000700,14,4,3,69,4,Male
9895,240207.1360000000600,131766.3360000000000,1179124.1280000000000,322960.5600000000600,326258.9720000000700,23,3,5,75,3,Male
9053,265755.4848000000000,1645321.7664000000000,4644561.1680000000000,6229519.5456000000000,690111.8640000000000,1,1,1,71,2,Female
3093,1228032.4320000003000,478164.5880000000500,3305202.5160000003000,1483908.0960000001000,360866.7480000000000,16,1,4,44,0,Female
3660,1845609.6384000003000,193934.8224000000300,1566652.6656000000000,2872632.9984000004000,754736.6112000000000,2,2,1,46,2,Male
8802,675364.9344000000000,478792.5792000000400,2200424.4288000000000,2609790.6432000003000,317904.4128000000000,2,2,1,70,3,Male
7004,1809614.2272000003000,1236933.6096000003000,2767034.2752000000000,2872425.7536000000000,1094178.1344000000000,2,2,1,62,3,Male
1061,2298734.2080000000000,190605.4559999999800,222613.9200000000000,999470.0160000001000,577065.3120000000000,4,4,1,34,0,Female
5434,1686206.5920000002000,736763.9040000001000,1063831.1904000000000,2228149.5552000003000,389571.2928000000500,15,5,3,55,5,Male
966,1201640.0640000002000,664212.9600000001000,964858.7519999999000,785515.3920000001000,519100.6080000000700,7,2,2,34,0,Male
3873,1499193.2736000002000,466454.6568000000600,1409991.5808000000000,886578.7392000002000,628330.4280000001000,8,3,2,47,2,Male
7029,2464343.2320000003000,196491.8280000000000,729657.3960000000000,2901603.7440000000000,1333228.5720000000000,6,1,2,62,2,Female
3768,1181985.0240000002000,743652.9408000001000,156410.1791999999800,3799624.0128000006000,212110.4832000000500,14,4,3,47,0,Male
1752,2306674.5600000000000,562157.5200000000000,3318162.4800000000000,4777776.9600000000000,770504.1600000000000,22,2,5,37,1,Female
738,348978.8016000001000,145714.6080000000000,1864852.0488000002000,3140193.1392000006000,152019.5040000000200,2,2,1,65,1,Male
1591,1156023.9360000000000,568570.6079999999000,1743106.1759999997000,3953808.0000000000000,149921.5680000000000,24,4,5,37,0,Female
7274,1218050.8704000004000,326549.0592000001000,2620829.9520000005000,276228.2016000001000,110872.9440000000200,5,5,1,63,1,Male
6067,768646.4640000000000,173994.7680000000400,379960.8480000000000,1897562.8800000001000,179192.5440000000200,10,5,2,58,0,Male
816,1150664.2368000000000,949867.7760000000000,2488855.4496000004000,403179.3792000000000,191830.5791999999800,16,1,4,65,1,Male
2479,846273.5424000003000,311588.4816000001000,643931.6400000001000,493748.3232000000400,479399.2632000001000,20,5,4,41,0,Male
2665,2541454.5024000000000,573195.7440000000000,224666.4816000000000,4253766.7392000010000,1127574.8352000000000,19,4,4,42,0,Female
2781,335697.9120000000700,139137.6888000000300,812047.1832000001000,1803346.3008000003000,707146.4664000002000,20,5,4,42,2,Male
3028,261108.1440000000300,605370.9024000001000,2233679.7383999997000,821317.9392000001000,146638.4832000000500,25,5,5,43,1,Male
7267,846186.4320000001000,1224383.7216000000000,2385169.8624000000000,2807513.2800000000000,652617.3888000000000,9,4,2,63,0,Male
1373,1515755.8079999997000,156707.7120000000000,1701659.2320000000000,531479.2320000001000,273641.9040000000000,9,4,2,36,0,Female
9694,1858981.1760000002000,1131609.6480000000000,2164910.9039999996000,2600546.2080000000000,133175.0160000000000,6,1,2,74,2,Female
201,345460.6584000000000,449187.6168000000000,1010374.9811999998000,2463983.4960000000000,1053369.8136000002000,11,1,3,65,0,Female
2336,1427997.3312000004000,130694.6784000000200,2490405.9840000000000,1226297.3184000002000,256553.1936000000300,22,2,5,40,3,Male
947,1761219.9360000000000,687749.0399999999000,2006961.4079999998000,4133968.7040000000000,1348954.8480000000000,17,2,4,34,4,Female
626,2376024.0192000004000,458813.9712000000000,624997.5264000000000,899578.3680000001000,852131.9040000000000,7,2,2,65,0,Male
4319,2996474.9760000000000,1022924.2320000000000,2755483.3152000005000,2982480.0192000004000,681798.4272000000000,14,4,3,49,0,Female
1763,378411.4560000000600,676557.8880000002000,1475565.4080000000000,1204768.1280000000000,585939.9360000000000,19,4,4,37,0,Male
4269,1180263.3920000002000,839776.6960000001000,2218040.3520000000000,1983072.6080000002000,514510.1280000000000,14,4,3,49,2,Male
8669,1935363.2064000003000,866027.1360000000000,907503.6672000001000,4893967.1040000000000,576264.0000000000000,22,2,5,69,0,Male
3212,2467753.9920000006000,693351.1200000001000,3523004.8920000000000,2714296.9920000000000,208854.6240000000000,18,3,4,44,2,Female
1545,576779.7600000000000,291410.6400000000000,1464249.1500000001000,717428.1600000000000,870862.6800000000000,19,4,4,36,1,
5915,564774.1440000001000,417136.5600000000000,866340.7200000000000,757699.0080000000000,167289.5040000000400,20,5,4,57,1,Male
3196,1115386.2720000000000,456280.3872000000600,751787.6255999999000,3430855.2960000000000,702191.0016000002000,14,4,3,44,3,Male
6308,799949.5199999999000,484588.5480000000000,737169.9839999999000,3926678.2560000000000,709524.5760000000000,5,5,1,59,5,
23,992260.1520000002000,518680.3960000000000,669160.7520000000000,2054530.1920000003000,390675.5320000001000,23,3,5,65,5,Male
6734,3200459.9328000000000,1287232.6896000000000,2902153.9247999997000,6388104.1536000010000,746149.8096000000000,17,2,4,61,4,Female
1741,948453.8400000001000,852290.3700000001000,2535963.6600000000000,1658102.7600000002000,865864.7100000001000,5,5,1,37,2,
2409,1380133.1808000002000,1144708.9632000000000,820264.1040000000000,4979329.3440000000000,974597.3424000000000,6,1,2,40,0,Female
6956,339348.4224000000000,1223800.9056000002000,3054536.0352000003000,593600.7168000000000,643448.3328000000000,12,2,3,62,4,Male
480,391049.0688000001000,1104876.3648000000000,1615792.8384000000000,4265442.8544000010000,284924.6400000000000,7,2,2,65,0,Male
1714,1155549.5999999999000,852937.4880000001000,4076862.6240000000000,2108102.4000000000000,1099962.0000000000000,19,4,4,37,2,Female
1876,115381.4400000000200,206271.7440000000400,998380.7999999999000,1012137.6000000000000,637283.6160000000000,2,2,1,38,0,Male
5597,2037521.7792000000000,1624505.2416000000000,2120538.0095999995000,6070457.0880000000000,1681806.2400000000000,22,2,5,55,0,Female
4056,1796514.5088000004000,375171.2448000001000,1701145.6704000000000,2975140.1856000004000,991637.3280000000000,18,3,4,48,3,Male
9801,1036916.0880000001000,242699.2360000000300,696755.9040000001000,594847.1360000000000,365335.9320000001000,25,5,5,75,0,Male
4949,1985417.3952000000000,661713.5807999999000,3365480.2751999990000,3787738.6751999990000,1234385.7408000000000,21,1,5,52,0,Female
6095,494657.2799999999000,477527.4432000000000,4617442.7135999990000,2477242.8288000000000,1282894.1568000002000,2,2,1,58,4,Female
3114,209315.4624000000500,517326.5592000001000,750710.9808000000000,1336683.7440000002000,360154.6344000001000,10,5,2,44,5,Male
8962,1261172.7648000000000,217807.9488000000000,2434928.5584000000000,3828123.9359999998000,1552873.2336000002000,16,1,4,71,4,Female
3137,1089137.1744000001000,370779.7104000000000,3619057.6224000000000,3382464.7296000007000,728774.1648000000000,12,2,3,44,4,Female
3751,677801.7180000001000,652872.2310000001000,1351431.6750000003000,1305016.0200000000000,705065.1300000001000,21,1,5,46,0,
6479,361032.3840000001000,236628.0960000000200,969701.3280000000000,928252.9920000001000,172678.2240000000500,10,5,2,59,0,Male
5888,2171905.9200000000000,663905.5487999999000,213070.6943999999800,5843469.0816000000000,1310453.3376000000000,14,4,3,57,4,Female
4576,784780.4880000001000,544506.5160000001000,616336.4520000000000,394943.0400000000000,628176.3840000001000,3,3,1,50,0,
4135,2042554.0608000003000,1217184.8832000000000,4268093.3856000010000,2702847.6288000000000,379154.7936000000300,6,1,2,48,0,Female
9685,1437009.5999999999000,599867.5800000000000,1380537.2880000000000,5570808.0480000010000,1238133.1560000002000,21,1,5,74,3,
8298,199555.1999999999800,1483754.1264000002000,881201.5055999999000,6448504.6080000000000,405319.8240000000000,11,1,3,68,1,Female
9267,1841414.3280000002000,212230.3560000000000,2617297.4880000004000,4598415.7440000010000,825542.4840000000000,1,1,1,72,2,Female
9126,1045199.7504000001000,1701303.7392000002000,4905453.5712000000000,6926054.0544000000000,1624699.6272000002000,16,1,4,71,0,Female
2919,632191.6656000002000,437032.4112000001000,1998226.9296000004000,2598463.9296000010000,747176.9184000002000,3,3,1,43,4,Male
7746,1815935.5968000002000,1190162.0640000002000,1221101.8560000001000,2663132.6592000000000,413319.0048000000500,3,3,1,65,0,Male
5838,2687266.0223999997000,729961.1135999999000,3327840.2879999997000,4791752.9855999990000,1176600.9024000000000,19,4,4,57,0,Female
3498,1471039.0992000003000,752781.0312000002000,2146828.6224000000000,3098052.1440000003000,749968.0848000001000,15,5,3,45,1,Male
612,2888485.5168000000000,1126581.3936000000000,4352265.2159999990000,5501211.2064000005000,1738257.3936000003000,1,1,1,65,1,Female
2370,1297664.7552000000000,1569459.9888000002000,1814009.9472000000000,2606579.0784000005000,1564972.8336000002000,2,2,1,40,2,Female
6239,166691.0880000000200,184252.8600000000000,1269325.4040000000000,4217217.6960000000000,946379.1599999999000,20,5,4,58,1,
445,1748010.1392000003000,372740.9400000000600,1314132.4872000000000,1576672.9056000000000,607305.2544000001000,24,4,5,65,0,Male
4744,403657.8624000000400,328118.1696000000000,2549923.8048000000000,802832.2560000000000,664703.7120000000000,15,5,3,51,0,Male
1288,581016.9600000001000,245518.9199999999800,208152.0000000000000,2436991.1999999997000,307750.0800000000000,14,4,3,35,0,Female
904,676677.8879999999000,746970.1920000000000,1006258.8960000000000,790496.0639999999000,1102904.4959999998000,24,4,5,34,0,Female
8574,1159943.4080000000000,534782.4560000001000,2370044.9760000003000,3152210.0480000004000,451755.4080000000500,8,3,2,69,3,Male
7471,1652368.7232000000000,475890.7140000000000,2445833.8475999995000,3378797.8848000006000,1277574.8544000000000,10,5,2,64,0,Female
7022,1879878.3120000000000,512113.5240000000000,2503221.5519999997000,2946999.1200000000000,138669.1800000000000,13,3,3,62,2,Female
794,723250.6944000002000,543557.6640000000000,1241407.4400000000000,3576749.0304000010000,1104192.9600000000000,17,2,4,65,2,Male
3163,1935889.9560000002000,677269.9890000002000,2856980.8080000000000,2158398.0000000000000,203282.4420000000400,6,1,2,44,0,
1759,927070.9920000001000,452900.8080000001000,1101409.2719999999000,2731647.7440000004000,241367.8320000000500,20,5,4,37,0,Male
2341,2898719.0496000000000,1014882.1056000001000,2383544.2752000000000,581040.9792000001000,200091.3552000000000,14,4,3,40,1,Female
499,2942121.6864000000000,1157282.5680000000000,3067315.9920000000000,4951813.6512000000000,782444.1456000000000,11,1,3,65,4,Female
8091,549783.7020000000000,1087156.0440000002000,2075237.6580000000000,108275.5440000000200,785704.0230000000000,11,1,3,67,3,
8833,1813823.2944000005000,528292.0656000000000,2310520.3992000003000,352048.3200000000700,513203.4648000001000,19,4,4,70,2,Male
4060,712898.6040000002000,656720.4600000001000,375669.0630000001000,661717.1880000002000,364060.8180000000000,25,5,5,48,3,
7958,1142319.4848000002000,157625.6760000000000,154823.0112000000000,2162507.8176000000000,658867.0608000001000,23,3,5,66,0,Male
7901,1151463.4560000000000,478463.3568000000700,2588187.2328000003000,2786266.0800000000000,197030.2464000000300,8,3,2,66,0,Male
5129,2004453.0432000000000,1709715.1679999998000,2062174.9823999999000,1103683.9679999999000,872936.1792000000000,1,1,1,53,2,Female
5526,947904.4224000002000,472109.5584000000000,1623310.2432000001000,2712587.0976000010000,708993.3888000001000,20,5,4,55,2,Male
4297,1397171.7760000005000,104979.0720000000300,2100486.1680000005000,700705.9840000002000,104457.5840000000200,10,5,2,49,0,Male
7107,1122824.9760000003000,1023150.6480000000000,927707.3520000000000,2771166.9440000000000,330793.2160000000000,15,5,3,62,0,Male
4936,2234416.6656000000000,594504.4608000000000,2565094.0032000000000,833729.5872000001000,656635.3920000000000,24,4,5,52,2,Male
1032,1937634.3360000000000,167598.8640000000000,4088899.4399999995000,1914892.9919999999000,134228.7360000000000,2,2,1,34,2,Female
4864,1215818.2080000000000,142308.5760000000300,1867274.9856000002000,207262.8864000000200,271690.5887999999700,10,5,2,52,4,Male
1578,752503.6800000000000,341933.7599999999500,1864167.5520000000000,3736381.8240000005000,588450.3360000000000,9,4,2,36,0,Male
8901,1413817.8912000002000,1758128.1120000000000,3921628.6511999993000,2294859.3408000004000,1054474.2000000000000,11,1,3,70,0,Female
898,1627255.5840000000000,575435.6640000000000,575945.4239999999000,5453794.3680000000000,1118752.7040000000000,2,2,1,34,0,Female
3062,1544780.5824000002000,756720.2016000001000,1703393.6832000003000,3406778.4960000000000,1021923.7248000002000,17,2,4,43,0,Male
330,326462.3232000000400,305051.6352000001000,2445891.5520000000000,4036510.2336000004000,523090.7136000001000,9,4,2,65,3,Male
7116,203085.0432000000100,483797.9952000001000,2366067.6936000003000,1122287.9616000003000,322505.8200000000700,3,3,1,62,0,Male
6605,779725.4400000001000,306542.2880000000600,186003.7920000000200,2809812.9280000003000,546898.4560000001000,15,5,3,60,2,Male
5863,646974.9504000001000,638069.3568000001000,1727786.2463999998000,3080707.0848000000000,429587.5392000000000,5,5,1,57,0,Male
4699,2164517.3375999993000,498384.4032000000000,4126274.7839999995000,5217798.2975999990000,804320.0639999999000,4,4,1,51,2,Female
8214,1755951.9744000002000,1005532.8192000000000,538882.1568000000000,780645.4656000001000,916967.7504000001000,23,3,5,68,0,Male
1704,1551614.9760000003000,984999.4560000000000,403090.5600000000000,5467968.5760000000000,1199393.1360000000000,2,2,1,37,2,Female
8861,1394435.0160000003000,357015.0168000001000,458051.3495999999600,673160.3424000001000,922944.9528000000000,18,3,4,70,0,Male
371,1613894.8800000001000,716934.8160000000000,3066964.2432000004000,1058445.2736000002000,275487.0144000000000,21,1,5,65,2,Male
7555,318344.5200000000000,513468.1760000001000,1181685.1800000002000,1223876.1600000000000,290836.6760000000400,13,3,3,65,0,Male
316,3609021.3120000004000,1333899.0288000000000,4104759.1103999997000,3522203.9424000005000,253877.8320000000000,11,1,3,65,1,Female
971,835522.3680000001000,228528.1920000000400,1601272.5119999999000,390463.4880000000700,242809.3440000000000,19,4,4,34,3,Male
4455,256174.4640000000400,239204.4960000000000,1371320.3520000000000,964445.1840000000000,304944.9600000000000,25,5,5,50,3,Male
4843,2073951.4320000000000,469758.7440000000600,2879607.9960000000000,835245.2160000001000,1013467.1399999999000,13,3,3,52,5,
830,476190.2080000000400,130491.2960000000300,600971.7480000000000,238829.9680000000200,156710.5800000000200,18,3,4,65,0,Male
1689,1170099.6480000000000,394263.7440000000600,357851.2320000000000,2520749.1840000004000,926846.2080000001000,18,3,4,37,3,Male
3090,1886661.2160000000000,672352.4016000001000,1658536.3872000002000,5641738.5024000010000,873988.1568000000000,17,2,4,44,0,Female
1887,1428044.5440000000000,1361364.0480000000000,3894243.6959999995000,1589185.7280000000000,543225.3120000000000,17,2,4,38,1,Female
916,325142.9600000000000,269774.8800000000600,652093.5600000000000,235589.9200000000400,313361.6400000001000,15,5,3,34,5,Male
840,462389.4080000000500,652034.6560000001000,1896053.0160000000000,1452600.8640000000000,917457.5280000002000,23,3,5,65,1,Male
9897,432605.3940000000300,374308.5060000001000,520079.1570000000000,4183319.0880000005000,650154.9600000001000,1,1,1,75,3,
1884,2537593.0560000000000,861681.6000000000000,3621474.1440000000000,4325041.1520000010000,1283823.6480000000000,2,2,1,38,3,Female
1394,1131384.9600000002000,744089.7600000000000,1858351.9500000000000,2079783.7200000002000,551396.0700000001000,4,4,1,36,5,
9315,1419986.8800000001000,312577.2000000000000,362138.4936000000500,2360421.6480000000000,462419.3808000001600,9,4,2,72,0,Male
7140,542972.6640000001000,771783.1056000002000,491425.5528000000000,3181020.7104000000000,440028.9504000001000,5,5,1,63,0,Male
5327,2703897.6767999995000,1543485.1967999998000,2331775.1232000000000,6572161.8432000000000,1651139.4239999996000,19,4,4,54,2,Female
782,1075785.3600000000000,890093.7240000000000,4154346.1440000000000,5386174.5600000000000,1353712.3080000000000,6,1,2,65,2,Female
5735,3206122.2143999995000,1586202.5664000001000,1342707.8399999999000,6653285.2223999990000,307029.8304000000000,21,1,5,56,2,Female
2512,1521295.7760000003000,145889.8848000000600,428849.9424000000600,1021270.3776000001000,355732.5024000000600,4,4,1,41,1,Male
6871,2515454.3232000000000,1664753.1264000002000,2765937.8447999996000,4397003.7696000000000,352859.8320000000000,19,4,4,61,0,Female
7848,744123.0160000001000,489593.4680000001000,366082.2360000000300,1153241.6480000000000,406632.4600000000000,15,5,3,66,3,Male
8647,1182681.9680000000000,720470.9200000000000,1670377.1760000000000,396465.4720000000700,1023729.6160000000000,12,2,3,69,0,Male
903,960538.4640000000000,1329501.5999999999000,278630.0640000000000,3985476.4799999995000,1417229.1360000000000,19,4,4,34,0,Female
1295,1198452.0000000000000,149483.3600000000200,371211.3600000000400,159357.1200000000200,175868.8800000000000,5,5,1,35,0,Male
7750,591446.1696000000000,535111.4496000000000,389164.0896000000600,3281311.9872000010000,927690.5664000000000,21,1,5,65,0,Male
55,484889.6000000000300,397445.7760000000700,2388913.4880000000000,2325793.1840000004000,208763.8800000000000,12,2,3,65,4,Male
5934,2110547.0592000000000,1201768.1856000002000,2255463.0143999998000,2862660.0959999994000,1042331.3279999999000,11,1,3,57,1,Female
4536,1437630.1632000003000,492503.1552000000400,134325.4752000000000,2323100.7360000000000,747815.2416000001000,5,5,1,50,0,Male
727,674815.5647999999000,1413936.0144000000000,596656.7567999999000,1809529.8624000002000,657641.2752000000000,1,1,1,65,4,Female
4679,262782.1440000000300,724280.1408000000000,1393859.1456000000000,2845381.1328000003000,654849.1872000002000,15,5,3,51,3,Male
7979,707945.4720000000000,1108738.6128000002000,1673825.7743999998000,1722717.7344000002000,913114.7999999999000,1,1,1,67,0,Female
7816,1353669.2208000002000,720469.1520000000000,1004547.9600000002000,3123271.0080000004000,670508.6544000000000,18,3,4,66,4,Male
7027,2375491.2480000000000,1401728.0160000000000,1768133.0159999998000,2426865.7920000004000,369366.1920000000400,4,4,1,62,2,Female
472,1608067.8432000002000,1733210.6687999999000,668933.5536000000000,3389352.5952000000000,1716182.2079999999000,16,1,4,65,0,Female
3454,586598.4960000000000,558346.0608000001000,3059597.6928000003000,3303745.4208000004000,798043.2768000001000,8,3,2,45,2,Male
6943,3357806.4000000000000,655659.7632000000000,2880069.5664000000000,1520230.9824000003000,1571401.7280000000000,5,5,1,62,4,Female
7734,712349.9136000001000,1047859.3008000000000,172401.6527999999800,1553581.0367999997000,1537143.9408000000000,21,1,5,65,0,Female
1961,1061797.8240000000000,419825.3760000000500,294637.6080000000000,1985333.1840000004000,507979.6560000001000,5,5,1,38,2,Male
2496,1543371.7200000000000,1194316.4640000002000,3857521.1400000000000,4225811.0400000000000,613393.0440000000000,19,4,4,41,4,Female
5548,758356.9920000000000,790760.1024000001000,615118.6656000001000,2964699.1872000005000,405936.2304000000600,8,3,2,55,1,Male
8924,313334.1120000000000,452363.0592000000000,348709.0464000000500,1236930.2400000000000,1013206.1472000001000,7,2,2,71,0,Male
1906,457644.5280000000500,218989.7280000000300,731368.8720000001000,1783566.1440000000000,360288.9360000000500,10,5,2,38,3,Male
335,789064.8480000002000,332957.8512000001000,2051181.3816000002000,2931278.6880000005000,409826.6640000001000,18,3,4,65,3,Male
9110,2950773.3840000000000,350398.3080000000000,607510.7999999999000,1943190.2880000002000,240231.1080000000000,21,1,5,71,1,
9709,287298.2736000001000,342035.5536000001000,2105235.3816000000000,1254636.8640000000000,154685.6064000000500,25,5,5,74,2,Male
2645,323982.5600000000600,730837.5360000002000,1204904.4480000000000,539431.5520000000000,252556.0400000000400,8,3,2,41,0,Male
4880,145148.2560000000200,348865.9200000000000,786968.6400000000000,615767.6160000002000,201468.8640000000300,25,5,5,52,0,Male
1653,532896.3200000001000,244921.3600000000200,782997.8400000000000,1099524.3200000000000,263715.8000000000000,25,5,5,37,4,Male
7201,2779497.6768000000000,1494482.5584000000000,3685700.4911999996000,1099930.2911999999000,1307645.7264000000000,1,1,1,63,1,Female
8783,1314687.6287999998000,934997.7312000000000,4889204.2368000000000,3763035.2448000005000,1290926.8943999999000,16,1,4,70,1,Female
7451,502144.2400000000500,403922.8960000000700,354303.3000000000500,1043046.5760000000000,296578.6200000000500,18,3,4,64,2,Male
6511,739814.6080000001000,330601.1800000000500,1136934.2400000000000,482593.0720000001000,298627.6280000000000,10,5,2,60,5,Male
5252,2176368.5376000000000,1117831.5648000000000,2545643.2896000000000,1930030.8480000000000,916133.0688000000000,3,3,1,54,0,Male
3762,1059966.6000000000000,397499.1240000000000,663056.0639999999000,169332.2400000000200,1313235.9240000003000,15,5,3,47,0,Female
7360,2406681.3888000003000,266272.9056000000600,2768857.6032000002000,577347.2640000000000,786517.3056000001000,2,2,1,64,1,Male
7940,1321628.8176000002000,245529.4608000000600,496788.2712000000000,3044633.5296000010000,323258.1768000001000,15,5,3,66,0,Male
6950,365840.0928000000000,1816343.1936000000000,1917443.9231999998000,307178.7264000000400,589969.0368000000000,9,4,2,62,4,Female
2152,803532.0960000000000,356987.8080000001000,2073536.4960000000000,542283.8400000000000,551434.3200000001000,20,5,4,39,3,Male
5572,608569.7280000000000,121226.1599999999900,427603.5359999999600,326682.2400000000000,238891.6800000000000,20,5,4,55,0,Male
9857,1919381.9580000000000,896283.4140000001000,509786.4330000000000,437793.4080000000500,1062465.0660000000000,6,1,2,75,4,
4366,430952.8320000000500,476103.5136000000600,2775030.7967999997000,3570793.5744000003000,984062.3616000000000,19,4,4,50,0,Male
9911,3117474.6720000007000,202425.1320000000000,3423778.9560000002000,1782783.5999999999000,198684.7200000000000,6,1,2,75,2,Female
7931,1105270.7328000000000,1534686.9408000000000,5175078.8543999990000,423948.8448000000000,451704.8016000000000,11,1,3,66,0,Female
226,1663466.3136000002000,734537.8872000001000,1514609.6472000002000,591873.2352000002000,203553.7920000000400,9,4,2,65,0,Male
4623,2706103.9872000000000,392813.7983999999700,3313345.3055999990000,836023.6800000000000,884328.8832000000000,11,1,3,51,4,Female
9107,1797486.4960000003000,190499.5040000000200,167757.7200000000000,727554.0480000002000,721700.2000000001000,18,3,4,71,1,Male
9042,2013740.7264000000000,1070786.6208000000000,3416798.5487999995000,5248603.5264000010000,601470.9792000001000,6,1,2,71,2,Female
5159,129614.1695999999800,1687586.5728000000000,301726.9439999999600,1640243.8656000000000,302972.4864000000000,17,2,4,53,0,Female
4505,658259.0207999999000,778833.3312000000000,2976448.8960000000000,2383262.2079999996000,918055.5264000001000,19,4,4,50,2,Male
8487,255616.3584000000300,1226148.8928000003000,2096738.8416000000000,1578440.9472000003000,1188420.2304000000000,15,5,3,69,5,Male
4728,1404258.9696000000000,723793.6512000001000,2609694.7200000000000,2027268.4032000000000,971100.6336000001000,2,2,1,51,1,Male
5707,3300671.1168000000000,255522.8160000000000,1697293.4400000000000,5410401.8687999990000,101394.8928000000000,6,1,2,56,1,Female
1399,1305946.4000000001000,537518.4800000001000,680851.4400000000000,2588919.0400000005000,180502.2400000000200,5,5,1,36,1,Male
9504,1762596.7840000000000,685660.5600000000000,2867166.1200000000000,557005.6960000001000,835607.6560000001000,18,3,4,73,2,Male
8602,2135865.3888000003000,158427.2352000000200,3321176.9760000003000,4126491.5328000006000,758918.7840000001000,1,1,1,69,2,Male
4917,1107722.5920000000000,439996.8960000000000,3592556.0640000002000,4566691.0079999990000,100855.8719999999900,1,1,1,52,2,Female
6284,2596047.6671999996000,513922.9248000000400,4386228.5375999990000,3881767.4496000000000,509517.5615999999600,17,2,4,59,0,Female
8608,439394.2020000001000,515528.3250000000000,1900268.7210000000000,449393.7240000000500,411124.5450000000000,1,1,1,69,2,
4605,117177.9840000000100,319923.1200000000000,335464.5600000000600,614435.7120000000000,209649.2640000000200,25,5,5,51,5,Male
6321,2613315.9168000000000,350068.9535999999500,211249.0367999999700,1767390.1056000000000,850156.1279999999000,4,4,1,59,4,Female
6957,1948350.1440000003000,388224.5120000001000,909109.0320000001000,436379.0080000000300,278168.3840000000000,4,4,1,62,4,Male
3619,522017.3376000000000,683122.0176000000000,112715.5392000000100,896674.5216000002000,708557.4144000001000,11,1,3,46,1,Female
2756,1136707.9680000000000,706157.9360000002000,1232932.5360000000000,3244137.9520000010000,468668.2000000000000,3,3,1,42,3,Male
62,2023207.4304000002000,660845.4528000001000,1079167.5648000000000,580084.3776000000000,1127391.2832000002000,7,2,2,65,1,Male
8416,990965.1024000001000,893339.2728000000000,283424.0760000000000,2438821.7568000006000,378822.0384000001000,22,2,5,68,0,Male
8040,614116.0480000002000,287883.1800000000500,241880.8080000000200,1649503.2320000000000,172340.6360000000600,3,3,1,67,4,Male
6930,1555788.0000000000000,462504.3280000000400,311323.8960000000000,1068035.9040000000000,900290.1440000002000,15,5,3,62,5,Male
5966,1456123.3919999998000,1080834.4511999998000,2893041.6191999990000,4052494.5407999990000,658517.9903999999000,24,4,5,57,2,Female
4067,2865530.1312000000000,1243734.7824000001000,3151496.4623999996000,1096483.4496000002000,909448.6896000000000,9,4,2,48,2,Female
1189,1612930.1760000002000,681735.5520000000000,1260790.2720000000000,1541979.2640000002000,427005.5040000000000,4,4,1,35,4,Male
7519,1523933.2992000002000,1057948.9440000001000,1526126.6591999999000,118475.6352000000000,234998.5248000000000,7,2,2,64,0,Male
3138,2053078.7904000000000,361417.7952000000500,4213625.0112000000000,771746.3424000001000,623367.8352000001000,2,2,1,44,4,Female
6777,1015100.5280000002000,775458.9440000001000,2463795.0480000000000,4018262.9760000007000,294626.1760000000400,25,5,5,61,3,Male
6146,464167.1040000000500,401573.8080000000000,564507.5040000001000,1310425.9200000000000,314120.4480000000300,10,5,2,58,1,Male
3307,124485.1344000000200,777430.6848000000000,1192064.1480000003000,1146752.0064000003000,774014.9472000003000,5,5,1,44,0,Male
3799,1477571.9904000000000,731995.5456000001000,2379035.1023999997000,1147110.6240000000000,245252.7792000000200,1,1,1,47,4,Female
4294,1171781.7408000003000,804089.7216000002000,2312241.7824000000000,3656580.3648000010000,628152.5184000001000,1,1,1,49,0,Male
209,1225984.9680000000000,1213940.2080000000000,1064626.9919999999000,2878347.8880000003000,1200871.3080000000000,18,3,4,65,0,Female
6165,1763254.0080000001000,249806.0520000000300,1943095.7159999998000,1373917.2480000000000,1056745.3320000000000,13,3,3,58,3,
9379,565458.5040000001000,715397.9040000000000,3125509.4520000000000,3099958.3680000002000,1307576.8680000000000,16,1,4,73,0,Female
9913,287988.4800000000000,1783459.2672000001000,2504484.9647999997000,2388416.6592000000000,192795.0336000000000,16,1,4,75,2,Female
8911,668372.8896000002000,1006855.9488000004000,1927526.5151999998000,2016093.5808000000000,794426.6304000001000,6,1,2,70,0,Male
3372,1733752.6272000002000,303844.3056000000000,227845.5696000000000,1933421.5296000002000,1471981.4208000002000,21,1,5,45,4,Female
7042,920227.7760000000000,445792.2144000001000,2437166.1600000000000,3495240.1536000003000,805633.1712000001000,24,4,5,62,2,Male
2048,851871.0600000000000,469503.8100000000600,1983251.7900000000000,3284034.4800000004000,267954.5700000000000,17,2,4,38,0,
2973,524851.0080000000000,722646.4608000001000,353864.3328000000300,3751576.4352000006000,1050866.1504000002000,16,1,4,43,3,Male
4941,336088.6560000000000,440795.4120000000000,3115087.3080000000000,1077599.3760000002000,728165.7000000001000,1,1,1,52,2,
4257,387949.7952000000000,442561.0464000000500,1506981.8016000001000,1234506.2400000000000,168537.1248000000200,24,4,5,49,2,Female
3620,1111818.5496000003000,332802.7560000000500,2385068.0040000000000,3917251.3248000000000,873649.7352000001000,8,3,2,46,1,Female
3388,1558301.3600000003000,533540.0400000000000,1571155.3440000003000,1467369.7280000001000,417817.6640000001000,3,3,1,45,1,Male
9435,317362.0320000000000,125916.1800000000100,1419726.2040000000000,308097.2960000000300,385950.1880000001000,9,4,2,73,1,Male
8472,573691.9760000001000,402475.3720000001000,163821.5280000000000,680360.7200000001000,337284.2720000001000,23,3,5,69,0,Male
4113,1284656.7360000000000,578711.7600000000000,1238546.3904000001000,3955149.5808000006000,202184.0832000000200,12,2,3,48,0,Male
7040,232915.1760000000400,366013.2840000000400,254308.7040000000300,960372.6080000002000,494210.8600000001000,10,5,2,62,2,Male
8998,2303855.8920000000000,1059946.0092000002000,777864.5783999999000,2557831.9104000004000,137188.6308000000400,1,1,1,71,1,Female
6267,1098063.9936000002000,504469.2096000000600,678245.5296000001000,156499.0848000000000,203709.6000000000000,23,3,5,58,0,Male
1026,2749542.0480000000000,415441.0080000000300,3827570.9760000000000,1191893.1840000001000,646112.7360000000000,24,4,5,34,2,Female
121,3002687.6880000000000,613366.5720000000000,4575162.3840000000000,1049300.9280000000000,343421.6760000000400,16,1,4,65,2,Female
1686,546289.9200000000000,148039.8480000000300,1425314.8800000001000,2779992.8640000005000,423291.6000000000300,15,5,3,37,3,Male
2511,2018824.2624000004000,767949.2832000002000,1006591.7664000001000,3233855.5392000005000,128116.7712000000200,24,4,5,41,1,Male
5943,260024.2560000000200,117079.6320000000100,664851.8879999999000,1004688.7680000000000,316264.6080000000700,5,5,1,57,1,Male
4358,2353298.1119999997000,1178408.1600000000000,1193070.8159999999000,2503399.1040000000000,416618.9280000000000,1,1,1,50,0,Female
896,191935.0080000000000,1242367.9200000000000,4276791.7919999990000,1828415.2320000000000,386716.1760000000400,2,2,1,34,0,Female
9956,1064270.4384000000000,775460.2752000001000,3632433.6671999996000,1885666.5984000002000,602322.1152000000000,2,2,1,75,0,Male
9249,723010.8080000002000,427553.7240000000500,483288.9360000000000,1314376.3360000001000,462069.6080000000000,9,4,2,72,3,Male
1083,343568.8800000000600,137583.1200000000200,798149.7600000000000,851616.8000000000000,369136.9200000000400,25,5,5,34,1,Male
4791,388100.3328000000300,703702.0800000001000,779152.8671999999000,3059720.8704000010000,669888.6624000000000,25,5,5,51,0,Male
4709,2766365.5679999995000,677984.0832000000000,645282.5471999998000,3723753.6000000000000,1273023.1295999999000,2,2,1,51,2,Female
7285,1206933.6240000000000,487823.0760000000000,2551620.2400000000000,5272813.1040000010000,481685.5679999999700,7,2,2,63,1,
9944,514678.9440000000000,1319610.5520000001000,2190797.8559999997000,4403725.2480000010000,1281940.7640000000000,21,1,5,75,1,Female
7614,1331125.2240000000000,165469.6680000000000,3746856.2040000000000,3277400.8800000000000,544705.5120000000000,6,1,2,65,1,Female
9766,1487765.8224000002000,341296.5816000001000,481178.8800000000600,1272854.7936000002000,746424.7128000001000,13,3,3,74,0,Male
7246,1527470.7552000002000,584305.0200000000000,1816129.0368000001000,235509.9552000000300,449974.2312000001000,23,3,5,63,2,Male
2865,218155.4495999999600,1434711.8016000001000,2585808.4032000000000,5519729.3184000000000,1297963.6559999997000,4,4,1,43,0,Female
1762,481578.8160000000500,171880.9920000000000,2792433.6000000000000,1646866.1760000002000,910059.9360000001000,12,2,3,37,0,Male
3436,2623933.2240000004000,840774.2640000001000,2472070.7879999997000,2473325.7120000003000,682561.5720000000000,12,2,3,45,2,Female
862,1304327.0399999998000,871290.4320000001000,1602401.7600000000000,1419388.4160000002000,562370.2080000001000,12,2,3,33,0,Male
9137,695840.4960000002000,353136.3680000000000,1453411.9080000000000,1426579.0240000002000,336078.8600000000400,5,5,1,71,0,Male
9076,1323225.1968000000000,877917.0816000000000,1439665.7184000000000,2626504.8576000000000,849559.2768000002000,22,2,5,71,1,Male
9993,1870455.9744000004000,725478.2496000001000,1008437.3208000002000,1111923.4464000002000,700803.6984000001000,13,3,3,75,0,Male
2685,270766.3200000000000,710256.8880000002000,2306090.1600000000000,4523063.4240000010000,914076.3720000002000,6,1,2,42,5,
8239,1434816.6768000002000,799494.9768000002000,471692.6136000000400,2447993.8080000000000,406056.7368000001000,8,3,2,68,5,Male
1441,1931364.7200000000000,479609.5200000000000,2906002.4399999995000,1703370.7200000000000,235218.1200000000000,17,2,4,36,1,Female
143,477362.7040000001400,355642.1440000001000,1151090.7720000000000,1437053.4880000004000,211994.5880000000500,23,3,5,65,2,Male
9396,1651414.9600000002000,214618.4560000000600,1575696.0960000000000,2286552.3200000000000,232219.6240000000400,13,3,3,73,5,Male
6675,429107.7024000000000,455385.7152000000400,223072.0127999999700,1967410.5984000000000,1258689.1824000000000,25,5,5,60,0,Female
9513,1006530.2208000002000,475146.2663999999600,1973490.1992000000000,1442941.7184000004000,647335.8216000003000,8,3,2,73,2,Male
6056,2040674.2560000003000,619529.2560000000000,2944783.1880000000000,509653.2960000000000,936024.1200000000000,25,5,5,57,0,
2571,658150.9440000001000,303349.7280000000600,795677.3880000002000,1451100.1120000004000,195312.4360000000500,25,5,5,41,2,Male
381,142265.0112000000400,199392.4608000000300,261370.5120000000000,927542.5536000001000,371638.0512000000500,12,2,3,65,2,Male
429,474708.1248000000500,1122605.4528000000000,569444.4287999999000,5662940.0256000010000,896701.8528000000000,1,1,1,65,0,Female
2903,1952003.7504000000000,802056.8160000001000,2168566.7652000003000,3521274.2928000000000,358536.4992000000000,5,5,1,43,1,Female
6387,663840.2304000001000,681878.1312000000000,2781913.0752000003000,3816427.6223999998000,844396.1856000000000,17,2,4,59,2,Male
8937,3490856.5535999998000,799330.3343999999000,4487751.7776000000000,1439736.4799999997000,1408309.3439999998000,16,1,4,71,0,Female
6945,1155093.2640000000000,1217828.5080000001000,955809.5040000000000,4484793.4560000000000,1177779.5640000000000,21,1,5,62,4,Female
6668,2351679.4080000000000,1341945.5399999998000,2934085.7520000000000,263785.3920000000500,286698.2040000000000,19,4,4,60,1,
4965,248336.6400000000000,265252.7231999999500,706731.9552000000000,2059492.1472000000000,276165.2736000000000,23,3,5,52,0,Male
5422,553141.5360000000000,233036.8800000000000,1393982.6400000001000,677428.0320000001000,321114.0480000000700,15,5,3,55,0,Male
8390,1610242.1712000004000,202522.6008000000100,1840666.4640000002000,157260.3552000000200,879729.3648000002000,3,3,1,68,0,Male
125,662311.7279999999000,927431.4816000000000,1156332.1535999998000,4274918.6688000000000,1840788.8928000003000,11,1,3,65,2,Female
5176,960407.3664000000000,776871.3888000001000,546474.7296000001000,924617.8944000000000,465502.9824000000000,25,5,5,53,0,Male
8817,966075.1776000000000,1212833.2319999998000,5055889.9247999990000,3519887.1552000000000,399128.7456000001000,6,1,2,70,2,Female
843,254424.9600000000200,374960.6400000000000,1166740.9920000000000,147554.6880000000200,187548.7680000000000,7,2,2,33,1,Male
1438,1560082.7519999999000,1421753.7600000000000,1285188.3360000000000,710687.2320000000000,1037841.2640000001000,2,2,1,36,1,Female
9706,707812.1856000002000,748826.3952000003000,548625.9168000000000,1906062.1632000008000,163469.2176000000300,4,4,1,74,2,Male
8479,131462.0736000000300,495198.5376000001000,2523548.1023999997000,1965575.5392000005000,679028.9376000002000,3,3,1,69,0,Male
931,806347.4400000001000,631721.4300000000000,1615493.1600000000000,2103593.4000000000000,278272.2600000000000,15,5,3,34,5,
8185,1284307.3152000000000,1346281.7471999999000,2095526.1600000000000,6574273.8048000010000,545264.5536000000000,16,1,4,67,0,Female
9449,1759655.0399999998000,935378.4959999999000,3130036.4159999997000,4407575.3280000010000,816928.1640000001000,21,1,5,73,1,Female
4169,1583896.4064000007000,698672.3832000002000,761284.6560000001000,1645095.1968000003000,485931.2040000001000,5,5,1,49,5,Male
7622,839768.5920000002000,441964.5360000001000,2212433.0280000000000,1356974.1120000002000,653150.6280000000000,16,1,4,65,1,Female
6700,2371334.7840000005000,1384221.5399999998000,2279870.8920000000000,2851598.2560000005000,1059325.1760000000000,13,3,3,61,0,Female
14,1084748.8704000000000,1014756.0384000001000,194551.7183999999800,4266918.9888000000000,876968.8512000002000,7,2,2,65,0,Male
1077,1315071.3600000000000,650695.9680000000000,1621875.4559999998000,1003855.1040000000000,632486.4000000000000,22,2,5,34,1,Male
6330,1808622.4896000000000,989395.6608000001000,3337910.8992000003000,1957244.3136000000000,546335.3088000000000,2,2,1,59,4,Male
1329,617607.6000000000000,1062567.9600000000000,1758021.4799999997000,1173519.8400000000000,1149100.0800000000000,8,3,2,35,0,Female
5445,986636.4480000000000,1185108.4799999997000,495571.8239999999000,4806274.7519999990000,1088274.0960000000000,24,4,5,55,5,
5226,1614794.4000000001000,126402.5088000000300,2246265.5616000000000,785011.7376000001000,259510.0896000000000,25,5,5,53,0,Male
5497,932892.0960000001000,449851.5360000001000,274125.4559999999500,1662458.4960000003000,293077.4400000000000,18,3,4,55,1,Male
2453,1417043.0208000000000,772240.0224000000000,1437629.5296000000000,2506891.1999999997000,848068.2144000000000,18,3,4,40,0,Male
1062,1438676.6400000000000,755549.1360000000000,3123703.0079999990000,3594679.4880000004000,236179.0079999999700,12,2,3,34,0,Female
5423,1459471.3344000003000,102468.5568000000000,1862082.4320000000000,4105038.1824000007000,720855.2448000000000,9,4,2,55,0,Male
7064,812769.2352000001000,335734.0271999999500,109796.7312000000000,2190626.3808000004000,1691202.0528000000000,21,1,5,62,0,Female
9388,1381910.1504000002000,139882.7040000000000,209441.2320000000200,4189265.4336000000000,695575.9199999999000,1,1,1,73,0,Male
4806,1569205.7856000000000,355701.7728000000400,152760.3840000000000,699267.2255999999000,1018073.6639999999000,18,3,4,52,0,Male
9681,2420782.5408000000000,1045996.7232000002000,2367293.7600000000000,4009495.5264000003000,329183.4624000000000,16,1,4,74,3,Male
1869,292912.9920000001000,376291.2960000001000,1083641.9760000003000,2840993.2800000003000,466838.4960000000400,15,5,3,38,4,Male
5936,2774984.2559999996000,155416.7519999999800,1021278.6719999999000,911858.6880000001000,543155.1840000000000,15,5,3,57,1,Female
2959,983861.2080000001000,747024.3000000002000,646237.3104000001000,2788890.1920000003000,707701.3416000002000,20,5,4,43,1,Male
2282,783708.4992000002000,566435.8656000000000,2837966.6304000000000,2425708.8768000007000,845915.4528000002000,7,2,2,40,5,Male
1223,149567.0400000000000,801319.0080000000000,2558081.9520000000000,2070982.2720000003000,330926.5920000000000,19,4,4,35,1,Male
3906,1009583.5200000001000,576817.4720000001000,2393642.8560000000000,1240291.3600000000000,487794.1200000000500,18,3,4,47,0,Male
7957,307099.1040000000500,779853.3600000000000,276307.5744000000400,262586.6879999999700,648142.1856000000000,1,1,1,66,0,Male
7170,3249200.4480000000000,323967.3840000000000,3877580.6783999996000,3662647.3727999995000,571817.9376000000000,9,4,2,63,4,Female
3150,1137190.5072000003000,647503.0848000001000,2003486.2056000000000,2830046.9472000003000,544064.3208000001000,13,3,3,44,4,Male
5069,431218.1760000000000,249154.4640000000400,696439.2960000001000,697051.0080000000000,242037.9840000000500,13,3,3,53,4,Male
6788,3228621.1776000000000,1069936.3584000000000,152612.5535999999800,2112316.8768000000000,1377325.6848000002000,1,1,1,61,1,Female
7177,478220.7040000001400,182109.5640000000000,846849.5880000000000,294821.4880000000700,277140.4480000000300,2,2,1,63,4,Male
6521,1781383.9680000000000,382912.7640000000000,1420548.4800000002000,4337807.7600000000000,513675.5520000000000,2,2,1,60,5,
4350,1264490.9568000000000,978734.5920000000000,230747.7887999999800,1088392.0896000000000,483323.5584000000000,17,2,4,50,0,Male
6120,305087.7312000000400,344283.6960000000000,1720218.9024000003000,1371044.2752000000000,477498.6719999999600,18,3,4,58,1,Male
2537,178254.4896000000300,700933.8336000001000,2347792.4447999997000,701970.0864000000000,149205.4080000000200,12,2,3,41,1,Male
4813,2197838.8800000000000,237730.4639999999800,4205233.1519999990000,1537117.6320000000000,1258660.0799999998000,21,1,5,52,0,Female
6561,1757460.3696000000000,875643.9120000001000,2134377.3671999997000,1772691.8976000000000,728482.9968000002000,13,3,3,60,0,Male
1964,1028347.0400000000000,298712.1600000000300,1469804.4000000001000,404569.9200000000400,615730.8000000000000,25,5,5,38,2,Male
8244,972867.6672000000000,1166179.2480000000000,1743592.0320000001000,3800095.6032000007000,148208.3616000000300,2,2,1,68,1,Male
1102,1202435.7600000000000,867982.7999999999000,242876.8799999999800,1867688.1600000000000,990512.6400000000000,18,3,4,34,0,Female
9658,1195011.7920000001000,1415948.0399999998000,2855311.0560000000000,593794.6560000001000,789177.9480000000000,21,1,5,74,1,Female
2804,667097.3760000002000,178717.7920000000400,572321.5080000000000,824882.6080000002000,249976.4960000000400,10,5,2,42,0,Male
223,484152.7600000000700,332350.5120000001000,1055937.1680000000000,1588928.4320000000000,455034.0080000000300,4,4,1,65,0,Male
3695,420298.9120000000000,394759.0240000001000,1957563.6960000002000,968329.1200000001000,117097.9040000000400,23,3,5,46,0,Male
9776,1012921.7280000001000,391569.0480000000700,908370.2160000000000,719961.0080000001000,437084.3360000000700,8,3,2,74,0,Male
1490,672661.0560000001000,792297.6960000001000,1732876.4160000000000,151544.0640000000400,280091.0400000000000,2,2,1,36,2,Male
3322,416306.8800000000600,535635.6720000001000,845274.1440000000000,2979587.7760000005000,140525.9680000000200,14,4,3,45,0,Male
312,1973595.3120000000000,902311.8624000000000,401919.1488000000000,1336915.7568000000000,735676.1568000000000,21,1,5,65,1,Female
6859,1216835.7760000003000,178205.9760000000200,1851922.1760000000000,3167063.7440000004000,469314.4560000000600,20,5,4,61,1,Male
3569,733117.9680000002000,389862.4400000000600,1083274.6320000000000,2601284.2240000010000,775415.9600000001000,15,5,3,46,5,Male
4816,2587976.8704000000000,1303678.7136000001000,1443797.9135999999000,5451827.5584000000000,758573.6832000000000,1,1,1,52,0,Female
504,3165678.5472000004000,1353216.7584000000000,1101871.5551999998000,1856392.0128000000000,925794.7920000000000,21,1,5,65,4,Female
5802,1607988.6720000000000,655602.5520000000000,2384892.7199999997000,1445103.5040000002000,510867.4320000000000,9,4,2,56,1,
7213,1128911.6592000000000,767127.9096000001000,2792291.4864000003000,3506908.9536000000000,425026.6488000001000,12,2,3,63,1,Male
643,1789594.9344000001000,1367979.7248000000000,3052486.3823999995000,5193008.8703999990000,947150.1936000001000,1,1,1,65,0,Female
2958,238135.2160000000100,720892.6560000002000,2226365.0640000002000,2278691.3600000003000,199477.3440000000400,5,5,1,43,1,Male
3391,1752055.4700000000000,543391.6950000001000,727985.3130000001000,2899645.8480000007000,525560.8050000000000,5,5,1,45,0,
9060,2003684.9664000000000,606166.4544000002000,2510831.9808000000000,947714.2272000001000,436261.3632000001000,12,2,3,71,2,Male
7677,830669.3200000001000,342169.9320000001000,886712.2680000000000,942627.7120000002000,299613.4440000001000,23,3,5,65,2,Male
5861,369861.8112000000500,284677.3728000000700,2329296.3936000005000,916276.8384000000000,709018.3584000001000,5,5,1,57,0,Male
8232,1470068.1216000000000,714122.8224000001000,2794244.5440000000000,1493347.3152000003000,403879.6320000000400,13,3,3,68,0,Male
9962,908832.2880000002000,289488.8880000000400,557712.3240000000000,338358.5920000000600,202064.8240000000200,9,4,2,75,0,Male
5881,2071587.4560000000000,821987.7119999999000,1870474.8959999997000,1341986.6879999998000,205313.7599999999800,10,5,2,57,1,Female
1939,1577937.1200000000000,160019.1600000000000,1091176.5599999998000,251780.1600000000000,1158098.5200000000000,14,4,3,38,2,Female
6058,886728.2688000001000,166555.5840000000000,714694.9248000000000,1715025.7152000002000,992874.9312000000000,24,4,5,58,0,Male
424,1563518.1120000002000,177063.7440000000400,281501.0639999999500,3698726.7200000007000,950870.1280000001000,19,4,4,65,0,Male
4743,352057.0176000000000,525422.5920000001000,716298.9408000000000,3191657.8176000000000,100338.3072000000100,10,5,2,51,0,Male
3675,1257527.3040000002000,126774.6480000000300,2533783.9230000000000,1813237.6680000003000,757760.3550000001000,15,5,3,46,2,
2307,550597.8720000001000,184293.0760000000300,766697.3160000001000,1070615.3920000002000,281421.6680000000600,18,3,4,40,4,Male
2209,1987786.7999999998000,963566.0400000000000,3406657.6799999997000,3301058.4000000000000,740443.2000000000000,19,4,4,39,0,Female
7198,2385941.6256000004000,136733.5008000000000,2518241.7312000000000,3846974.9760000003000,497533.4208000001000,3,3,1,63,3,Male
5623,238605.1200000000000,544736.0160000000000,2307986.3520000000000,638857.1520000001000,1328804.3520000000000,13,3,3,56,0,Female
12,833758.8480000000000,579802.3920000000000,3685989.1536000000000,544657.6512000001000,457977.6863999999500,1,1,1,65,0,Female
3291,1619092.8864000004000,1013152.5360000000000,1114891.4304000000000,3741539.7888000007000,1125837.8208000003000,9,4,2,44,0,Female
8379,1184678.3520000000000,199663.6200000000000,2040416.3520000000000,5756861.1360000000000,1469313.1440000000000,1,1,1,68,0,Female
9167,632128.2240000000000,446766.8400000001000,2003352.0000000000000,3871636.7040000000000,981915.7920000000000,8,3,2,72,0,Male
1493,1811905.7280000001000,315915.6480000000400,2236375.5840000000000,3306041.4720000005000,620970.3360000001000,9,4,2,36,2,Male
8335,1381819.7952000003000,151608.2255999999800,3094039.1664000000000,5824140.9408000010000,1374130.9296000000000,1,1,1,68,2,Female
2509,1169041.8080000002000,546520.3040000001000,2286645.5040000000000,1532233.8240000003000,693812.5920000002000,23,3,5,41,1,Male
3340,1793676.4032000003000,194554.3776000000400,3014778.7296000007000,2820506.3040000005000,198110.9856000000000,23,3,5,45,0,Male
7941,721259.8640000002000,406030.0920000000600,1320488.8320000002000,149132.0480000000400,162980.0640000000000,3,3,1,66,0,Male
2231,689237.9520000000000,335520.0000000000000,2719486.9440000000000,3240637.8240000005000,660870.2400000001000,14,4,3,39,0,Male
4409,1105813.3247999998000,388268.2368000001000,1837398.6431999998000,1367422.6176000000000,480961.9583999999400,14,4,3,50,4,Male
7018,888175.0800000000000,909156.6120000001000,3031236.4679999994000,4244825.5200000000000,634788.1800000000000,15,5,3,62,2,Female
8062,1410547.9752000002000,384706.2491999999600,1599790.0463999999000,3507456.5135999997000,1355137.4304000002000,6,1,2,67,1,Female
4559,2979838.5408000000000,934709.7599999999000,1132418.8800000000000,3150987.9552000000000,1397723.5584000000000,21,1,5,50,0,Female
3118,713752.9344000000000,970422.2880000001000,1350832.0320000001000,936286.3488000002000,756216.4896000002000,16,1,4,44,5,Male
9433,917995.1040000000000,536740.9632000001000,1570586.5656000000000,3491195.3856000006000,568301.3856000000000,9,4,2,73,4,Male
2557,1291218.4560000000000,524200.7760000000700,2995778.8080000000000,3449625.6960000005000,904233.3960000001000,11,1,3,41,2,Female
4205,504319.2660000001000,278752.0230000000400,2657584.5120000000000,1826063.7120000003000,915172.3350000002000,16,1,4,49,0,
8341,2046842.9280000000000,983458.0080000000000,1286354.6279999998000,5856289.2960000000000,236151.3960000000000,1,1,1,68,2,Female
7158,2589719.1840000000000,313843.7952000000000,3198571.4591999995000,6339643.3152000000000,1782179.7552000000000,22,2,5,63,1,Female
3364,2384733.5424000000000,881934.9264000000000,3263168.4623999996000,1472413.5360000000000,1318337.0640000000000,6,1,2,45,4,Female
9869,1656595.3248000000000,1667245.1328000000000,5136227.3663999990000,4964970.0672000000000,1046566.3104000002000,1,1,1,75,1,Female
4867,108075.8400000000000,392950.7040000000000,1423492.5600000000000,1508579.7120000003000,381207.4080000000500,20,5,4,52,4,Male
2667,2021418.4320000000000,605487.6432000000000,1931046.0048000002000,3062852.1792000000000,979739.9568000000000,24,4,5,42,0,Female
5125,2656043.7120000000000,498940.9920000000000,2635918.4159999997000,5592928.3199999990000,349825.6799999999300,5,5,1,53,2,Female
1207,369419.5200000000000,952719.4800000000000,979448.0399999999000,1471473.5999999999000,264411.0000000000000,13,3,3,35,1,Female
538,115830.0000000000000,639108.8496000002000,1158135.4512000000000,1911344.1984000000000,240005.0952000000400,24,4,5,65,3,Male
318,407695.3919999999300,827298.3888000000000,4439696.7888000000000,3020931.0144000000000,1049407.2576000001000,6,1,2,65,1,Female
6795,351232.7520000001000,314899.1040000000500,2084468.8800000001000,3016150.5920000006000,207963.7040000000300,18,3,4,61,1,Male
2819,858001.1440000002000,250613.2640000000200,389613.3120000000300,701979.6960000001000,238813.3440000000000,10,5,2,42,1,Male
4861,1061843.2127999999000,1184287.9104000000000,190417.6511999999300,4244598.3744000000000,1690530.9120000000000,11,1,3,52,4,Female
370,981996.8080000002000,184288.8320000000500,112422.3360000000000,641492.1760000001000,374191.1160000000400,10,5,2,65,2,Male
7560,2205422.1696000000000,369792.8832000000400,537322.4064000000000,2064937.3056000005000,916838.9568000002000,2,2,1,65,5,Male
8328,1532373.2736000002000,369896.0928000000400,3735967.9968000003000,4780374.6432000010000,358477.1423999999500,6,1,2,68,2,Male
1737,621321.9840000000000,598109.2800000000000,2419579.8719999995000,864018.4320000001000,772019.4240000000000,14,4,3,37,2,Male
7697,199006.7040000000000,476746.7328000000600,5292402.7103999990000,3372071.7888000007000,1761802.2863999999000,11,1,3,65,0,Female
6847,2510682.4080000000000,755885.3640000001000,1972559.1600000000000,3900424.3200000000000,805758.4080000000000,16,1,4,61,0,Female
6287,798152.1408000000000,251162.2079999999600,4158369.4463999993000,6374022.4512000000000,410499.1872000000000,2,2,1,59,0,Female
929,447301.6200000000500,703923.9300000000000,1673516.9700000000000,912191.4000000000000,134192.6100000000000,25,5,5,34,5,
9749,2485034.1360000004000,231328.8120000000000,1195534.0800000000000,3768405.2640000000000,644623.8240000000000,21,1,5,74,1,
2280,1836374.4960000000000,169472.2656000000000,2857509.3888000003000,1479096.5376000004000,156444.8160000000000,23,3,5,40,0,Male
8583,2077367.7600000000000,1581241.8960000000000,3039611.1407999992000,2573448.8832000000000,1651488.6960000000000,21,1,5,69,2,Female
1167,980527.6799999999000,847476.2880000001000,3275423.1359999995000,4628372.5440000000000,1060305.8399999999000,24,4,5,35,4,Female
9146,1331296.9020000002000,1006551.3510000001000,1165291.5690000000000,879029.8920000001000,537911.0100000000000,18,3,4,71,0,
9741,1317119.9184000003000,367141.0392000000600,1781401.6584000000000,1352061.3600000000000,712543.2912000002000,8,3,2,74,0,Male
5730,804897.2160000000000,539412.6720000001000,1796943.1680000000000,310937.0880000000500,445201.3440000000400,20,5,4,56,2,Male
5704,2476294.1568000000000,986020.9919999999000,1663833.8303999996000,4813214.0544000000000,624706.7328000000000,22,2,5,56,1,Female
7731,1816422.5040000002000,416808.7560000000500,2459447.1720000000000,1619492.1600000000000,800454.4080000000000,11,1,3,65,0,Female
7169,221384.4048000000200,1329062.4828000000000,3367463.6736000000000,4544015.1120000010000,697943.9844000000000,19,4,4,63,4,Female
8694,985838.2560000000000,223298.0100000000000,2784567.9420000003000,2548407.4200000004000,267572.7990000000600,16,1,4,69,0,
5456,2265365.4912000000000,1089807.7824000001000,3923570.5343999993000,6302204.0064000000000,1327390.3296000000000,15,5,3,55,4,Female
625,114060.3360000000100,461844.0320000000600,291272.7480000001000,929326.7360000001000,341642.7040000001000,13,3,3,65,0,Male
9001,478744.9056000000600,1110477.5136000000000,3343695.0767999995000,5635531.6992000000000,1513661.1984000000000,11,1,3,71,1,Female
4663,3046603.6223999998000,576403.7759999998000,365102.3808000000000,4440443.6735999990000,1517550.5087999997000,14,4,3,51,1,Female
7481,711854.0208000002000,345396.4488000001300,927906.9696000000000,744285.8592000002000,696105.4464000001000,5,5,1,64,0,Male
2076,157177.4400000000300,230344.6800000000500,570264.3600000000000,405292.8000000000500,301755.6800000000500,10,5,2,39,0,Male
9661,559640.7648000000000,110958.3072000000100,3820886.0352000000000,3015923.0399999996000,1621499.6304000000000,16,1,4,74,1,Female
5851,657602.8416000002000,645239.6928000001000,778883.2128000000000,3639843.0720000000000,425664.3456000000600,7,2,2,57,0,Male
5042,1126535.2560000000000,761986.6560000001000,2617202.9880000000000,1028196.2880000001000,655244.1000000000000,5,5,1,53,5,
3729,1179780.3072000000000,648764.2656000000000,2801776.8240000000000,171629.5680000000000,1471693.7664000000000,9,4,2,46,0,Female
3968,236893.1840000000400,234949.6160000000400,1885183.0800000000000,2896377.0880000005000,439750.8720000001000,10,5,2,48,0,Male
8514,1137501.5808000000000,193246.5600000000300,2667253.6799999997000,2197810.3680000002000,225298.1952000000500,4,4,1,69,4,Male
7822,2322870.4980000000000,500810.1930000000000,2162352.6990000000000,2316590.6400000000000,1145690.4420000000000,1,1,1,66,4,
7385,1095515.6160000002000,780512.5536000001000,1272641.0111999998000,2418671.4240000000000,839633.8080000001000,14,4,3,64,1,Male
6219,435429.7344000001000,287501.3568000000700,1634908.1472000000000,336064.2048000000000,607255.4880000001000,20,5,4,58,0,Male
1968,1090341.7200000000000,873263.7000000001000,214289.8200000000000,2262570.8400000003000,315531.4500000000000,10,5,2,38,2,
6060,188790.6239999999800,799978.1760000000000,4054625.4239999996000,3300017.4720000000000,618616.7999999999000,15,5,3,58,0,Female
5557,535541.7600000000000,583972.4160000000000,2255582.5919999997000,3343105.1520000002000,507594.9599999999600,6,1,2,55,0,Female
3005,410806.4400000000600,287362.9440000000000,1854511.2432000004000,1015814.7648000004000,782102.1384000002000,9,4,2,43,1,Male
8880,2250292.5120000000000,1066677.8304000000000,2228991.1487999996000,3612444.8256000006000,948679.6799999999000,23,3,5,70,1,Male
8512,193429.2672000000000,1174197.7728000002000,2028487.2192000000000,3340958.8992000010000,1247485.5744000000000,22,2,5,69,4,Male
9583,254928.6480000000200,300471.1320000000000,909930.0600000000000,1447710.9920000003000,507231.2440000000600,13,3,3,73,0,Male
8709,982864.8960000002000,419994.4320000000300,1664082.2640000000000,396019.9360000000500,850941.3120000002000,18,3,4,70,0,Male
7195,998395.8660000000000,1110969.0540000000000,119791.3860000000100,3608432.5680000004000,598060.1250000000000,24,4,5,63,0,
2165,812861.7840000000000,360877.5720000000400,2211412.1040000000000,2537595.6480000000000,518848.5240000000000,10,5,2,39,2,Female
6376,1131128.2368000003000,611332.2720000001000,1704260.4768000000000,1874668.8384000002000,748814.2848000001000,15,5,3,59,3,Male
5928,1841763.5712000004000,311759.0208000000000,3123448.1279999990000,903854.5919999998000,1439399.4623999998000,20,5,4,57,1,Female
1599,876431.8080000001000,1109201.1840000001000,1986291.5039999995000,1387480.3199999998000,1352895.5520000000000,2,2,1,37,0,Female
4782,662333.2800000000000,243875.8080000000200,1033051.9680000000000,231235.7759999999800,445058.0160000000600,20,5,4,51,0,Male
5459,1607278.4639999997000,1564966.1376000000000,671900.3135999999000,4869331.8912000000000,672270.7968000000000,6,1,2,55,4,Female
3010,614155.1328000000000,437820.1344000001000,3066289.3008000003000,5342916.9024000000000,673529.6304000000000,24,4,5,43,0,Female
3485,2021256.8640000005000,234274.4448000000300,1004153.0400000002000,1449937.8432000002000,980992.8480000000000,5,5,1,45,0,Male
6116,220183.6800000000000,173669.7120000000300,1302120.4320000000000,640119.7440000001000,271037.4720000000000,20,5,4,58,4,Male
9521,1986370.3080000002000,1048399.2090000003000,3264694.1730000004000,3372852.1320000007000,285763.7250000000300,3,3,1,73,2,
4198,244359.4560000000600,264562.6720000000000,130083.6240000000100,952261.3760000000000,169083.0240000000300,25,5,5,49,1,Male
4095,1020872.5824000002000,704641.9776000002000,1933097.4432000003000,1015417.9200000000000,855174.0384000001000,4,4,1,48,1,Male
3644,277210.0320000000000,656596.7760000001000,2319480.5040000000000,5019408.2400000000000,838445.6520000002000,16,1,4,46,3,
8456,2138627.4623999996000,528465.2255999999000,4137487.4735999990000,2388705.6960000000000,269219.2464000000000,6,1,2,69,0,Female
3193,640376.0352000002000,166908.2976000000500,1505328.1056000001000,1051493.7312000003000,293887.5192000001000,20,5,4,44,3,Male
9067,155404.2048000000000,619733.5872000001000,3053315.4912000005000,1745255.1168000002000,966215.3280000000000,3,3,1,71,2,Male
1789,451785.6000000000300,726846.0000000000000,1826644.8000000000000,1745232.9600000002000,646876.9600000001000,15,5,3,37,0,Male
9,548881.6320000000000,1455030.9072000000000,853895.9520000000000,2381561.3952000000000,1651918.3199999998000,11,1,3,65,0,Female
6268,1442480.2559999998000,229684.9536000000400,256061.2608000000000,3993968.7936000000000,953905.0752000002000,13,3,3,58,0,Male
1341,153058.4000000000000,233656.2800000000300,615418.5599999999000,374142.8800000000600,338636.5200000000000,5,5,1,35,0,Male
3079,300979.4040000000400,356250.5100000000000,1421418.8340000000000,801462.4200000000000,780440.8590000002000,14,4,3,43,0,
428,1214586.9216000002000,114520.3487999999900,3335043.6287999996000,350239.9680000000000,1154597.5584000000000,16,1,4,65,0,Female
1316,102687.6960000000100,153461.7360000000300,1703562.1920000000000,625916.1600000000000,229534.4160000000600,15,5,3,35,1,Male
7573,1313740.7712000000000,1002225.9311999999000,2526080.1696000000000,4961951.6544000000000,545080.3488000000000,11,1,3,65,4,Female
2263,1877109.6960000000000,702914.9952000001000,2810418.9696000000000,1683097.1520000002000,245799.5232000000500,22,2,5,40,0,Male
3424,697291.3728000002000,592364.2560000002000,1116653.4720000000000,293663.0400000000000,425617.2096000001000,2,2,1,45,3,Male
2191,828801.7200000001000,784302.6600000000000,1059329.8800000000000,2849718.9600000004000,126081.0000000000000,20,5,4,39,2,
3015,1636961.3568000002000,1054826.3880000000000,813578.8716000000000,3550315.1904000007000,199766.8332000000500,25,5,5,43,0,Female
8746,1415334.9600000000000,1798390.9008000000000,5284645.3296000000000,4984512.9984000000000,1719725.1552000002000,16,1,4,70,4,Female
5240,2699393.4720000000000,1602066.4703999998000,2486437.6895999997000,795065.2416000000000,729264.7295999998000,23,3,5,54,0,Female
5923,1017720.0720000000000,143208.9719999999800,247134.5639999999800,512581.8240000000000,615285.8280000000000,16,1,4,57,0,
9285,1307145.7152000002000,1199060.8032000002000,701507.2896000000000,3938448.8832000010000,848879.9904000001000,17,2,4,72,2,Male
1942,1939507.7760000000000,610213.3920000000000,1344789.2159999998000,4943036.1599999990000,1279131.8399999999000,7,2,2,38,2,Female
668,166641.2800000000300,894314.2000000001000,258142.5600000000300,2679667.7440000004000,100774.7520000000100,13,3,3,65,0,Male
3157,232540.7040000000300,269854.4640000000400,232756.1280000000000,485515.8880000000400,292168.5360000000000,7,2,2,44,4,Male
3746,280211.9760000001000,439049.0808000001700,871473.7944000000000,991787.7024000002000,205455.8880000000400,25,5,5,46,0,Male
5620,1896299.7119999998000,1261973.8080000000000,3693903.6959999995000,4453148.7360000005000,590515.2000000000000,15,5,3,56,0,Female
2049,1600296.4800000002000,337560.1200000000500,1219259.5200000000000,1281163.3200000000000,107353.4400000000000,5,5,1,38,0,
3529,1673713.3248000003000,202732.5696000000200,1852236.4608000002000,2841260.0832000007000,712329.0240000000000,9,4,2,45,0,Male
231,1846625.0400000000000,954085.9770000003000,3004536.8340000000000,4002576.0840000007000,865835.2170000002000,16,1,4,65,0,
5356,1615632.9984000002000,408314.9951999999500,5001462.5472000000000,2649095.1936000003000,1156368.0960000000000,9,4,2,54,1,Female
181,998782.0960000001000,392142.2440000000600,808936.9080000000000,1400639.7600000000000,108112.7320000000200,18,3,4,65,0,Male
683,227464.4736000000000,675108.3456000000000,2438062.2863999996000,1195531.8336000000000,1683197.5679999997000,11,1,3,65,0,Female
1276,547389.1440000001000,521636.6520000000600,3182549.9400000000000,556417.2960000000000,1079460.3240000000000,5,5,1,35,1,Female
1067,379945.4400000000600,410224.3920000000000,1190217.4560000000000,1127327.6160000000000,248258.3040000000000,15,5,3,34,0,Male
4983,662202.7775999999000,851606.7839999999000,1113974.7263999998000,2644159.3343999996000,1351938.8159999999000,11,1,3,52,0,Female
4231,1487758.9056000002000,364891.7184000000000,2584332.1152000003000,4040573.2224000003000,964598.3424000000000,18,3,4,49,3,Male
6141,194107.2768000000200,665049.3984000001000,528196.2048000001000,1204078.0032000002000,422098.5600000000600,16,1,4,58,1,Male
3284,358129.5168000001000,208912.8096000000400,1968517.5840000003000,2407018.5216000006000,400347.2352000000500,16,1,4,44,0,Male
2491,1199455.3120000004000,342371.3040000000600,1013144.6160000000000,3488795.5520000006000,307625.1200000000500,3,3,1,41,1,Male
1638,1249120.8000000000000,825752.6400000000000,1926979.9199999997000,4153515.3600000003000,874644.2400000001000,25,5,5,37,4,Female
5385,1280912.1408000000000,1645066.8864000000000,511200.4607999999000,1608691.2767999999000,1551595.7376000000000,25,5,5,54,0,Female
6168,1742021.6832000000000,1605963.6287999998000,4736264.6592000000000,4123687.4496000000000,464122.1375999999600,22,2,5,58,2,Female
9688,1146385.6560000002000,164965.4370000000300,454579.0469999999600,877063.8240000001000,578708.4420000002000,1,1,1,74,3,
8904,2603937.7728000004000,1198614.2688000000000,5219379.5472000000000,4849204.8384000000000,1739904.9408000000000,16,1,4,70,0,Female
3306,492366.6000000000300,371900.8480000000600,577897.1880000000000,670884.3680000002000,337121.5760000000600,18,3,4,44,0,Male
2792,1841282.3616000004000,325372.8191999999700,579592.8864000001000,3442214.8992000010000,562930.7904000000000,7,2,2,42,1,Male
2947,2869510.7232000004000,1357046.0640000000000,1090208.1168000000000,2974285.6704000006000,1361401.7471999999000,9,4,2,43,3,Female
9465,1178459.1936000003000,613633.5504000001000,1506206.7072000000000,2751816.7872000006000,161773.0920000000000,23,3,5,73,1,Male
8551,819272.9376000000000,1513367.4816000003000,465497.3231999999000,5956537.0176000000000,1440655.0704000003000,6,1,2,69,1,Female
7679,375925.0560000001000,879836.9840000002000,495927.7439999999500,2199300.0640000002000,181372.5680000000300,25,5,5,65,2,Male
4988,384268.3199999999500,277778.3040000000000,1125264.9600000000000,4728023.4240000000000,1177301.3760000000000,15,5,3,52,0,Female
5864,437587.2000000000000,180572.7744000000000,3286372.6079999995000,2332066.8671999997000,1038644.5824000000000,9,4,2,57,5,Male
6228,1607503.4496000002000,732434.6592000001000,660296.7072000000000,637371.0720000000000,314646.1632000000700,5,5,1,58,0,Male
2399,813468.7440000001000,1104129.5760000001000,2773767.3479999998000,4575888.7680000000000,1247314.7280000001000,21,1,5,40,2,
6085,1874803.3199999998000,918836.3520000001000,2577276.7920000000000,929070.4320000000000,1029719.6280000001000,11,1,3,58,5,
2242,600293.6640000000000,195636.8160000000000,3255262.9919999996000,3739017.6000000000000,1084932.7200000000000,9,4,2,39,0,Female
2731,1578868.7904000000000,1052846.9424000000000,933243.3791999999000,5322321.7343999995000,142299.5904000000200,6,1,2,42,1,Female
9028,187198.3152000000400,577991.2320000000000,539218.8360000000000,3327437.3184000007000,653186.6640000001000,23,3,5,71,3,Male
177,1485485.1648000001000,922042.9920000002000,1419028.0415999999000,1498581.9264000000000,749454.3264000001000,12,2,3,65,0,Male
6493,2415459.6960000000000,708620.9520000000000,3984626.4119999995000,2697660.5760000000000,429799.3440000000400,19,4,4,60,0,Female
8433,933279.9840000002000,313681.2120000000000,1060281.4560000000000,1876799.3920000002000,297882.2080000000400,18,3,4,68,0,Male
7688,2031724.6560000004000,529497.7740000000000,2386594.6650000000000,2756610.3240000005000,1138804.0560000000000,6,1,2,65,2,
1196,742157.0400000000000,231635.4000000000000,600071.4000000000000,709561.9199999999000,725144.2800000000000,7,2,2,35,0,
1502,303796.4800000000400,208008.2400000000200,1143067.9200000000000,191177.6000000000000,242439.3600000000200,15,5,3,36,1,Male
2192,620905.3200000001000,689618.4300000000000,2514802.6799999997000,2969553.2400000000000,620249.3100000000000,25,5,5,39,2,
5793,690323.2320000001000,263672.6400000000000,242887.3920000000000,830323.9680000000000,186111.1680000000300,5,5,1,56,1,Male
5200,2203380.6336000003000,622354.5216000001000,1384550.3231999998000,3519695.0016000005000,633867.3792000000000,17,2,4,53,0,Male
3571,712032.2880000001000,624371.9328000001000,687256.7328000000000,3024853.2864000006000,507190.2528000000000,24,4,5,46,5,Male
9617,1573498.9920000003000,427098.4640000001000,992931.2640000001000,567042.1120000001000,500214.7280000000600,18,3,4,74,1,Male
6769,919930.7520000001000,608660.1144000001000,2037211.0200000003000,2625356.4480000003000,603889.6032000002000,5,5,1,61,0,Male
8851,2610349.7472000000000,1178769.9456000000000,2844313.0560000000000,5621744.0447999990000,691953.9120000000000,16,1,4,70,0,Female
7970,480231.6479999999000,734068.6080000001000,1077702.4440000001000,5471066.0160000010000,1098865.8720000002000,21,1,5,67,0,Female
3167,935622.0720000002000,1223945.1840000001000,342383.9759999999700,936946.5600000000000,868858.4520000002000,19,4,4,44,4,
7284,597134.8240000000000,446997.7200000000300,590474.8200000001000,165036.1440000000300,501531.4720000000700,25,5,5,63,1,Male
7225,2312722.3860000000000,1009135.5300000000000,1311408.3060000000000,2773725.0840000003000,523848.4290000000600,8,3,2,63,3,
4981,2663967.3984000000000,634668.3071999999000,4729187.4623999990000,2092999.9104000000000,1396191.8591999996000,11,1,3,52,0,Female
7783,718934.8400000001000,189990.6840000000000,428753.5200000000000,246988.7680000000400,241868.3800000000300,9,4,2,66,5,Male
6337,750264.0960000001000,175731.6960000000000,793033.3440000000000,1551692.5440000002000,379262.5920000000000,18,3,4,59,4,Male
5916,634617.6000000001000,259229.3279999999800,1262625.8400000000000,1435916.3520000002000,420007.4880000000000,20,5,4,57,1,Male
7776,542985.0400000000000,376610.1040000000500,251092.9200000000400,1031183.2960000001000,426255.9600000001000,9,4,2,66,0,Male
1495,199293.1200000000000,400261.0560000000400,1314172.8000000000000,2063288.0639999998000,233934.8160000000200,14,4,3,36,2,Male
2641,404147.0400000000400,397158.4320000000300,1180381.2240000002000,101227.8080000000200,558854.2960000001000,20,5,4,41,0,Male
8686,1259829.3760000002000,644213.8560000001000,1869595.1040000000000,1461218.3040000002000,912598.2320000001000,4,4,1,69,0,Male
8178,1834674.5664000001000,1548376.5024000000000,5244062.9904000000000,5524242.0479999995000,1658230.5167999999000,6,1,2,67,0,Female
9403,882090.2480000001000,282034.8440000000400,652852.2000000001000,1031857.0080000003000,339624.6880000001000,13,3,3,73,5,Male
3318,1658850.9300000002000,331967.9880000000700,1087851.3030000000000,1307184.5160000003000,759937.7610000000000,8,3,2,44,0,
9836,739989.9936000002000,697544.9208000001000,925488.7200000001000,2161359.1584000005000,340749.9576000001000,5,5,1,75,4,Male
7819,735630.4800000000000,253466.6160000000000,634456.3680000000000,3577493.0880000010000,578126.4840000000000,1,1,1,66,0,
3630,223126.8336000000400,522805.7736000001300,2032092.0576000002000,2995297.1136000010000,370812.1032000000700,3,3,1,46,1,Male
5034,1213273.0368000001000,122207.3856000000100,2165007.0527999997000,2647057.7664000005000,1107968.4864000000000,4,4,1,53,5,Male
3960,1452687.1128000002000,987284.6676000002000,3411378.8280000000000,2147647.3920000000000,622260.2628000000000,15,5,3,48,0,Female
1753,2292627.4560000002000,1249525.4400000000000,3954847.2479999990000,2205430.8480000000000,1014973.0560000000000,12,2,3,37,0,Female
9044,1936157.2776000001000,1051833.5568000001000,2274826.6475999993000,3727248.7824000004000,454725.9756000000600,6,1,2,71,2,Female
402,1461588.5440000002000,549406.0000000000000,1993211.0640000002000,892882.4320000000000,682105.1120000002000,13,3,3,65,0,Male
2397,1254761.5872000000000,431600.9280000001000,2640170.0160000003000,893041.0368000000000,327197.0592000000000,22,2,5,40,2,Male
4486,1055351.1168000000000,1008305.5104000000000,585106.6751999999000,880920.5760000000000,370348.1856000001000,2,2,1,50,2,Male
1123,1177208.2800000003000,666335.1600000000000,1613295.0899999999000,1310711.4000000001000,519974.1000000000300,9,4,2,34,0,
8580,3045736.1375999996000,582978.9888000000000,3892158.6912000000000,119781.7920000000000,165677.0544000000200,21,1,5,69,2,Female
2334,951268.0320000001000,760879.2576000002000,1075176.1152000001000,2854404.3264000010000,233004.9216000000300,14,4,3,40,3,Male
3891,1128794.5152000000000,236759.5295999999500,2716861.4352000006000,755126.3808000000000,278638.1136000000400,4,4,1,47,1,Female
7763,1339481.8943999999000,1170900.8064000001000,4769932.1904000000000,2644694.2079999996000,178808.7599999999800,1,1,1,66,0,Female
5425,670550.4000000000000,359976.0480000000700,1064415.3120000000000,555365.7600000000000,250749.3600000000200,8,3,2,55,0,Male
6854,1844451.6480000000000,845897.4576000001000,2428841.9376000003000,1169031.8016000004000,437072.6880000001000,8,3,2,61,0,Male
4587,1777110.1056000000000,1152394.3872000000000,3673428.0191999990000,4784912.1792000000000,1599058.8864000000000,19,4,4,51,0,Female
7696,387512.2368000000000,1005615.5616000001000,456262.3727999999500,5080933.7280000000000,1681469.3376000000000,1,1,1,65,0,Female
6770,2083957.4340000004000,1125945.1710000000000,2934329.1120000000000,3828824.0640000002000,453012.8850000000000,3,3,1,61,0,
396,757229.3040000001000,141842.0640000000000,677067.4560000001000,447153.4080000000500,513661.0960000000000,15,5,3,65,0,Male
4450,550999.7568000000000,517361.7023999999500,1170251.7120000000000,1753938.8928000003000,383940.9792000000600,22,2,5,50,1,Male
3408,1819572.7968000000000,770613.4656000001000,2063055.1392000000000,3748286.9952000007000,1443369.9456000002000,7,2,2,45,1,Female
6838,242360.7264000000000,1079190.9648000000000,3436012.0080000004000,5084219.4624000000000,284835.0959999999600,16,1,4,61,1,Female
7551,1740048.2424000003000,616457.3688000000000,283973.8824000000000,1449389.0736000002000,174578.6952000000200,16,1,4,65,0,Female
297,2234146.1376000005000,907812.1728000002000,1752582.8736000000000,3616912.6656000004000,630127.0560000000000,2,2,1,65,1,Male
9729,307570.3488000000400,885598.6464000001000,4648942.2095999990000,2383286.6304000000000,1677314.8079999997000,11,1,3,74,0,Female
651,2494964.4096000004000,819551.8656000001000,1973225.0304000003000,625551.0144000001000,180756.5760000000000,3,3,1,65,0,Male
529,1535514.7860000000000,637266.7080000001000,1404715.6890000000000,624969.0719999999000,108109.4040000000100,1,1,1,65,0,
3434,1014190.5840000001000,341872.4760000000000,2885399.7480000000000,3568238.2560000005000,1175964.7680000002000,10,5,2,45,2,Female
2657,1101815.8272000002000,494954.9088000001000,1328599.3248000000000,492792.9600000000000,739481.5296000001000,8,3,2,42,0,Male
7576,718630.4736000000000,218977.3871999999700,5560152.8111999990000,6854790.0096000000000,815604.1920000000000,1,1,1,65,4,Female
8452,1429095.2832000002000,1127349.9744000002000,1719178.1567999998000,3351767.5776000004000,154549.9488000000000,18,3,4,69,0,Male
8981,174573.2352000000000,449661.2640000000000,2408234.7744000000000,1106952.5376000002000,661003.0752000001000,8,3,2,71,4,Male
1460,1121330.4960000000000,192219.7440000000400,447406.5600000000600,2609292.6720000000000,826475.5200000001000,9,4,2,36,3,Male
6826,355557.2800000000000,257619.8560000000600,1090148.2800000000000,1770182.7520000000000,684617.8560000001000,5,5,1,61,2,Male
4242,567393.6576000000000,819497.9232000002000,2133588.7584000000000,2883757.7472000000000,254750.2848000000800,9,4,2,49,2,Male
3233,678436.5280000002000,182958.6880000000200,1418770.5840000003000,1364824.7360000005000,747146.5760000002000,20,5,4,44,2,Male
4748,1674372.2112000000000,745183.1520000000000,491195.1456000000000,142483.2768000000200,720917.8848000001000,5,5,1,51,0,Male
2372,2904483.5424000000000,1376163.3600000000000,459715.1328000001000,4110348.8448000000000,640411.8336000000000,14,4,3,40,2,Female
5759,534757.9392000000000,373758.7968000000000,1969876.7136000001000,1053655.2576000001000,380045.7792000000000,5,5,1,56,2,Male
1574,1248399.6480000003000,574295.3280000001000,257400.9360000000000,639174.5280000000000,451069.4880000000700,10,5,2,36,0,Male
5629,1200738.8159999999000,599626.0223999999000,2130663.7440000000000,3576274.7904000008000,938815.6032000001000,12,2,3,56,0,Male
6984,3575958.0480000000000,145172.8512000000000,4204678.9823999990000,4302600.3072000010000,285480.0000000000000,24,4,5,62,1,Female
5285,884318.9760000000000,159034.4640000000400,2449647.6479999996000,1866269.9520000000000,835496.2560000000000,5,5,1,54,4,Male
7416,1031886.7520000002000,450787.8960000000000,1093207.9080000000000,388253.0080000000300,326815.9440000001000,25,5,5,64,3,Male
9441,646878.0240000001000,431036.7880000000000,597865.6320000000000,718202.7840000001000,375541.5560000001000,23,3,5,73,0,Male
2056,1585321.4400000002000,366451.4400000000600,1423558.3200000000000,2681041.9200000004000,432856.8800000000000,25,5,5,39,0,Male
8611,1359721.5840000003000,1000201.9040000001000,895191.6480000000000,1694645.4720000003000,219144.3280000000400,22,2,5,69,1,Male
6406,1418030.2080000000000,232001.6256000000300,2665159.7183999990000,929772.2880000000000,300720.1536000000000,18,3,4,59,2,Male
2002,603232.3200000001000,341243.2000000000000,827272.3200000000000,1241983.8400000000000,333852.3200000000700,20,5,4,38,1,Male
2293,1425080.8000000003000,584075.7120000002000,200906.1120000000200,2994815.2960000006000,447314.0320000000600,5,5,1,40,1,Male
5908,1326939.7248000000000,853445.6064000002000,897673.1904000000000,1699041.0240000000000,137545.6896000000000,12,2,3,57,4,Male
863,672939.0720000000000,888471.8400000001000,1874476.2240000000000,1870920.1920000000000,252205.8240000000200,17,2,4,33,0,Male
7678,2429968.8192000007000,1023256.5408000002000,3700888.9631999996000,3639842.9184000003000,742089.0048000001000,2,2,1,65,2,Male
5417,1783552.4352000000000,434661.8112000000500,1042127.5967999999000,2338095.9743999997000,1291039.7759999998000,21,1,5,55,0,Female
6729,1741452.4608000002000,173799.6000000000000,3246579.2736000000000,3353146.3680000007000,291322.7616000000000,17,2,4,61,1,Male
3343,1116732.9888000002000,232842.4560000000600,1742009.5440000002000,2517305.7888000007000,548075.1672000001000,13,3,3,45,5,Male
2044,847467.0400000000000,763388.0800000001000,1984492.5599999998000,1381091.2000000002000,662988.7200000001000,20,5,4,38,0,Male
282,1007931.9744000002000,1794186.5760000001000,3508497.7200000000000,5348636.4672000000000,334047.5424000000000,1,1,1,65,4,Female
1082,416063.3760000000500,522759.0240000001000,950087.0160000001000,970030.9440000001000,580499.5680000001000,5,5,1,34,1,Male
1572,109609.5200000000000,244637.8400000000000,290042.1600000000300,647963.0400000000000,318362.8800000000600,5,5,1,36,0,Male
942,1338675.8399999999000,1008116.0640000000000,1406349.2159999998000,3302832.9599999995000,430158.6719999999600,2,2,1,34,4,Female
3323,1977042.3552000003000,784803.0432000002000,1225107.4176000000000,178382.8992000000000,661485.6864000000000,12,2,3,45,0,Male
470,2555219.7216000003000,1026015.3071999999000,3463083.9359999998000,655135.6032000001000,1422794.6928000000000,16,1,4,65,0,Female
670,1253654.2980000002000,309985.5330000000500,2827513.1430000000000,3924294.6600000006000,479524.1490000000000,18,3,4,65,0,
2521,407668.8000000000000,190080.3960000000400,2557150.9920000000000,2755585.5360000003000,440210.4960000001000,21,1,5,41,0,
5407,1407151.1808000002000,689285.7216000000000,3102494.0544000000000,2883023.3088000000000,917172.2880000000000,2,2,1,54,0,Male
8181,2585893.9392000000000,566276.0688000000000,4585202.8560000000000,1861989.2928000002000,709003.5264000000000,16,1,4,67,0,Female
5590,1829084.7744000002000,829536.0768000000000,2972829.4272000003000,3897404.4672000000000,990314.7264000000000,7,2,2,55,0,Male
793,1143912.3072000000000,1007058.1248000001000,2639879.0496000000000,528283.3920000001000,848992.4352000001000,6,1,2,65,2,Male
9518,167334.8040000000300,396907.6410000000600,861086.5380000001000,2598152.0760000010000,1068326.7660000000000,1,1,1,73,2,
117,3455827.6896000000000,1080421.2432000000000,3073426.1999999997000,3843998.4959999993000,1171713.6287999998000,11,1,3,65,2,Female
3287,124886.3616000000200,949918.7808000002000,1502596.0224000000000,1226977.8048000003000,391259.5104000001000,7,2,2,44,0,Male
2315,931129.0560000001000,307001.3760000000500,2844052.3584000003000,703537.6128000001000,618910.6176000000000,19,4,4,40,4,Male
1376,390810.3200000000700,362433.8000000000500,623086.3200000001000,130621.2800000000100,348951.4000000000000,25,5,5,36,0,Male
4424,1265942.8800000000000,1228411.7280000001000,1107654.4800000000000,2863166.4000000000000,284033.5199999999600,6,1,2,50,0,
5853,348510.5280000000500,294422.7840000000400,1301135.3280000000000,764129.2800000000000,298779.8400000000000,25,5,5,57,0,Male
3047,792628.8480000000000,460097.8271999999400,1573189.5167999999000,3310267.9104000000000,424575.5184000000000,14,4,3,43,0,Female
8208,984402.9000000000000,248153.9580000000400,2226319.9920000000000,896172.7320000001000,576590.1570000001000,11,1,3,67,0,
912,850140.8640000001000,562269.6000000000000,731908.2240000000000,724497.7920000000000,378638.6880000000000,22,2,5,34,5,Male
961,1823971.9680000000000,694451.2320000001000,2350662.3360000000000,389980.4160000000000,326246.6880000000000,4,4,1,34,1,Male
8324,1840426.1460000002000,887433.3000000000000,1953243.0450000004000,493728.3000000000000,721482.4890000001000,23,3,5,68,3,
2617,815510.3616000003000,883653.8304000002000,736895.1744000001000,1026493.2480000000000,464814.8736000001000,17,2,4,41,0,Male
9530,2419404.0000000000000,292347.8999999999700,3149237.9879999994000,5593808.6880000000000,1455293.7360000003000,1,1,1,73,1,Female
1446,1375985.8560000001000,339824.1600000000000,826593.4079999999000,3598823.8080000000000,884750.0160000002000,22,2,5,36,1,Male
1605,1641780.6720000003000,678276.4800000000000,1931045.7600000000000,3191064.9600000004000,189702.0480000000400,9,4,2,37,5,Male
9221,1660906.7904000003000,240424.5792000000400,3552221.4624000000000,1412614.6944000002000,1190582.5152000000000,13,3,3,72,3,Male
4167,178250.2128000000400,731086.6464000002000,445921.7400000000500,2130127.4016000010000,389155.2984000001000,10,5,2,49,5,Male
1185,1286218.7520000000000,805103.2320000001000,2298068.6400000000000,2164693.6320000000000,493158.8160000000500,4,4,1,35,4,Male
2686,1210753.3680000002000,317964.4776000000400,1172028.0528000000000,2887256.9088000010000,559013.3208000001000,8,3,2,42,1,Male
3101,919605.8080000002000,387493.1280000001000,634597.3920000001000,1416309.6640000003000,666109.9280000002000,15,5,3,44,0,Male
8914,1399310.0784000002000,679994.5464000001000,1892431.6632000003000,1027881.1296000001000,433598.2560000001000,7,2,2,70,0,Male
3188,1451228.4864000005000,988529.8368000002000,1634151.6576000003000,293868.7488000000600,303930.3168000000300,7,2,2,44,3,Male
9287,2365542.5664000004000,233501.1744000000500,318182.3423999999600,2501773.2480000000000,916397.0400000000000,21,1,5,72,2,Male
9610,681161.6448000000000,957448.0032000002000,1751365.3248000000000,3447747.7632000004000,1015566.2400000000000,2,2,1,74,5,Male
9756,1405049.8800000001000,1298682.5280000002000,3897796.9679999994000,1727180.8320000002000,129483.1200000000000,18,3,4,74,0,Female
9258,2459074.9248000000000,480437.3184000001000,1913730.2496000000000,3644590.3104000010000,439470.9696000000000,4,4,1,72,2,Male
6973,1525274.6080000002000,248932.8400000000000,1266202.7040000000000,4058482.2720000010000,877932.4320000000000,10,5,2,62,3,Male
1141,431377.7760000000700,171785.7360000000300,757083.4560000001000,916475.9040000002000,304186.7520000000400,20,5,4,35,0,Male
6583,943434.0864000001000,312372.4968000001000,1929192.5952000003000,3387097.2096000006000,433947.6648000001000,25,5,5,60,1,Male
3579,1338245.5680000002000,1030076.1240000001000,1091202.5520000001000,1841172.9600000000000,1180427.1600000000000,23,3,5,46,1,Female
6333,260550.7776000000000,853571.5200000000000,565572.0671999999000,2595586.2912000010000,753905.7504000001000,20,5,4,59,4,Male
7460,2221460.0460000000000,1139431.2930000000000,1752476.3100000000000,1222880.2560000000000,261697.2930000000300,15,5,3,64,2,
9128,1725267.7728000004000,468172.6920000000400,2242413.7632000000000,3366033.8400000003000,542070.4536000001000,17,2,4,71,0,Male
4197,1281993.9264000005000,439787.6208000001500,1357704.1368000000000,1596967.8912000004000,385027.3944000000500,18,3,4,49,1,Male
7487,1375619.4815999998000,721420.8768000000000,293168.6784000000000,4119582.6048000000000,324329.8656000000000,22,2,5,64,1,Male
1302,637492.1760000001000,140308.3440000000000,1157838.6240000000000,1014072.7680000003000,273812.8320000000500,25,5,5,35,0,Male
6672,436885.4880000000000,1323968.3496000000000,1478196.7668000000000,3686942.1888000000000,854127.6120000000000,9,4,2,60,0,Female
4908,448976.0448000000300,755191.5552000001000,1635920.8416000002000,588599.6544000001000,346521.1104000000000,5,5,1,52,3,Male
375,1492853.3568000002000,196497.7560000000000,2217071.0016000005000,764754.6816000002000,426810.5712000001000,8,3,2,65,2,Male
6785,1194899.0976000000000,439716.1392000000000,2909713.0607999996000,4521350.9952000000000,1553595.6384000000000,13,3,3,61,1,Female
5486,398301.5808000000000,632904.1919999999000,1064437.9775999999000,3273482.4192000004000,362784.4416000000000,22,2,5,55,1,Female
2976,1517555.9520000003000,459962.6130000000700,176828.4540000000300,3259953.1800000000000,463029.3360000000700,6,1,2,43,3,
6451,128259.0719999999900,420345.7920000000000,402501.6576000000000,3210795.4176000003000,241488.2304000000000,17,2,4,59,0,Male
448,1459950.5856000000000,1229642.4192000001000,1853995.1040000000000,1710442.4064000002000,1224621.3408000001000,2,2,1,65,0,Male
4785,254412.0576000000000,530737.1136000000000,1320474.7007999998000,769766.4000000000000,472943.6927999999600,12,2,3,51,0,Male
2080,529950.1600000000000,394812.3600000000400,1001220.4800000000000,1125876.6400000001000,231714.8800000000300,10,5,2,39,0,Male
1977,1571492.9280000000000,524427.5520000000000,1869482.5920000002000,685922.3040000000000,698697.8880000002000,24,4,5,38,1,Male
8191,385547.3440000000400,290609.9560000000600,494142.1680000000000,1568027.3440000003000,467752.8440000000400,13,3,3,67,0,Male
7024,2263725.3600000000000,1038183.3071999999000,979270.3439999999000,3947309.6832000000000,1801960.9919999999000,21,1,5,62,2,Female
6804,134283.3024000000200,1162380.7104000000000,3427628.6303999997000,4462083.7248000000000,230041.9680000000200,4,4,1,61,3,Male
8675,867541.7088000001000,713458.8864000001000,2867285.8655999997000,4912459.9680000000000,1048670.8128000002000,16,1,4,69,0,Male
6753,1121851.1616000002000,744457.3344000000000,1524062.9664000000000,4798798.6176000000000,922761.9648000001000,8,3,2,61,4,Male
3476,156417.1488000000000,1160081.2080000000000,1409469.8111999999000,5272798.9248000000000,1205521.8912000002000,2,2,1,45,0,Female
4031,568899.9360000000000,1305482.9040000000000,3366019.3247999996000,1897198.6176000002000,242469.3744000000000,12,2,3,48,1,Female
5882,409678.8479999999400,417595.1040000000500,3746445.2640000000000,1432747.5840000000000,325401.2639999999700,15,5,3,57,1,Female
2499,332938.7424000000500,628139.2392000002000,717524.4384000001000,2123195.1840000004000,591902.1504000002000,18,3,4,41,4,Male
1148,1255718.2080000000000,112233.5999999999900,2750589.2160000000000,870097.9200000000000,227669.0880000000200,19,4,4,35,5,Male
259,2249572.1664000005000,635575.5744000002000,1809229.2192000000000,2526432.2304000002000,110543.0976000000200,12,2,3,65,5,Male
1725,1575675.6800000002000,580529.0400000000000,2230086.0000000000000,217909.1200000000200,372849.2800000000000,5,5,1,37,2,Male
6365,1567556.1216000002000,1116411.1488000000000,1505621.2607999998000,3768984.1152000003000,1010112.8832000002000,13,3,3,59,1,Male
3788,1179384.9408000002000,732195.9744000002000,1478674.4544000000000,3140484.8640000005000,487983.7248000001000,14,4,3,47,1,Male
4793,338225.3568000000000,178049.7792000000000,465266.7648000000000,4468763.7504000000000,389236.6080000000000,12,2,3,51,0,Male
3787,259716.0720000000100,435318.1800000000000,279861.5160000000000,4162256.2080000006000,721274.9280000001000,1,1,1,47,5,
9873,154817.0208000000300,856568.4192000000000,771630.5375999999000,586892.9664000000000,623356.1568000000000,16,1,4,75,1,Female
2428,1333384.4700000000000,760623.0390000002000,2806847.2080000000000,3308977.9800000004000,618502.8960000001000,25,5,5,40,1,
3738,700906.6944000002000,636978.9888000002000,151340.7456000000200,134396.6976000000400,252048.9312000000800,20,5,4,46,0,Male
9732,1391580.8399999999000,1307997.9120000002000,3434964.6240000000000,1094509.7280000001000,171953.1840000000000,16,1,4,74,0,Female
2368,996663.7120000003000,339646.5600000000600,1459811.4960000003000,2060118.7200000004000,799402.2960000001000,15,5,3,40,2,Male
2136,984473.2800000000000,1170179.8800000000000,3343078.4399999995000,4262509.4400000000000,536936.8800000000000,6,1,2,39,1,Female
5462,2774457.2160000000000,454406.5440000000500,4147492.0319999997000,3338462.0159999994000,749200.0320000000000,13,3,3,55,4,Female
8954,1161625.9200000000000,1346135.0760000001000,4257593.0280000000000,5413368.4800000000000,1512469.9200000002000,21,1,5,71,5,
7933,3587889.0528000000000,1600477.0704000003000,147756.3983999999800,7417332.7488000010000,784798.5599999999000,21,1,5,66,0,Female
3625,1305457.6128000002000,364567.9488000001000,1464599.0304000000000,1597668.0192000002000,135000.6240000000000,19,4,4,46,1,Male
6615,227073.3920000000500,406583.9960000000400,714973.2720000000000,1461680.8960000004000,308071.6080000000000,10,5,2,60,2,Male
2326,1252200.5760000001000,412125.3312000001000,1306506.9600000000000,1800368.4864000005000,479933.7312000000400,12,2,3,40,1,Male
5538,1303070.9760000000000,529074.1440000001000,2797175.5200000000000,3830409.2160000000000,210904.4160000000300,23,3,5,55,2,Male
4514,2775712.8960000000000,1336493.9519999998000,1092288.2400000000000,3598270.2720000000000,780168.6720000000000,12,2,3,50,1,Female
5455,139662.1439999999700,1374664.0896000000000,3328770.8159999996000,6883794.2015999990000,460181.6063999999300,14,4,3,55,4,Female
1014,523890.2880000000600,154459.0800000000200,959769.8640000000000,1852272.5760000004000,710429.2560000000000,25,5,5,34,2,Male
4542,538833.0816000000000,713996.2080000000000,1678820.5151999998000,2516010.1632000003000,329288.9760000000000,25,5,5,50,1,Male
331,380461.1616000000500,393623.6616000000500,1971582.1631999998000,3437002.8576000000000,552863.0016000001000,14,4,3,65,3,Male
3845,852903.7440000001000,135430.9440000000200,996824.8224000000000,3017863.8336000005000,296910.5568000000000,2,2,1,47,3,Male
9440,185287.3776000000400,367838.5464000000500,2703102.9480000003000,3045679.2288000010000,367611.5664000000700,9,4,2,73,1,Male
9783,927288.0240000000000,963029.1840000000000,2640458.3400000003000,1826426.1600000000000,759400.5120000000000,1,1,1,74,0,
4074,1025425.8432000002000,143122.3200000000000,4487717.5200000005000,5009163.6672000010000,1105022.6352000001000,24,4,5,48,2,Female
9310,780331.6872000002000,1109292.6780000000000,2836131.2460000000000,4095606.7152000004000,355573.2492000000000,21,1,5,72,0,Female
5411,224803.9872000000000,854971.0272000001000,1050993.0144000000000,1702770.5088000002000,415880.0064000000000,25,5,5,55,0,Male
7993,561683.1168000001000,297668.8416000000000,244828.3968000000200,2798578.5984000005000,562690.3776000000000,22,2,5,67,5,Male
3457,1031633.4336000001000,596435.4528000001000,274407.4080000000500,4158449.8560000006000,235989.3888000000200,17,2,4,45,2,Male
8560,609149.3200000001000,348212.2280000000600,107165.9160000000000,1917056.5440000002000,462452.1720000001000,2,2,1,69,1,Male
9074,2236022.8800000000000,140204.3760000000200,2639524.6799999997000,6203688.1920000000000,874741.2960000000000,11,1,3,71,2,
3673,1558806.1632000003000,508257.6840000001000,2105635.9104000000000,2186370.4896000010000,426845.6280000000000,25,5,5,46,2,Male
5869,497953.6128000001000,302315.5008000000400,2447004.2976000000000,1431257.4720000000000,470575.7856000000000,15,5,3,57,5,Male
9422,764293.0880000001000,796714.5680000001000,1704790.1520000000000,2385500.4160000000000,227359.7040000000300,24,4,5,73,4,Male
1978,873468.6720000000000,491497.2480000000000,1545332.2559999998000,3205932.6720000007000,182263.9680000000200,14,4,3,38,1,Male
3743,1080559.1808000004000,467177.4360000000500,882739.1232000001000,737173.9584000002000,707547.2976000002000,15,5,3,46,0,Male
2053,1133654.7200000002000,269813.2000000000000,410712.2400000000000,439520.6400000001000,490970.8800000000000,15,5,3,39,0,Male
2132,651481.9199999999000,274478.0400000000000,965530.7999999999000,2198843.5200000000000,930663.2400000001000,14,4,3,39,1,Female
1877,1339464.2400000002000,237940.7760000000700,1021503.0960000001000,2044766.0160000003000,205653.7440000000400,20,5,4,38,0,Male
614,2056005.7440000004000,1152854.5080000001000,1026728.8200000000000,4126865.1840000010000,969481.9680000001000,5,5,1,65,0,Female
1188,930398.9760000001000,104924.9280000000000,2460950.2079999996000,2925940.9920000000000,685411.8720000001000,13,3,3,35,4,Male
1940,2120655.1680000000000,261076.3200000000000,2009668.7519999999000,2367938.8800000000000,968943.4560000000000,7,2,2,38,2,Female
1471,1715322.2400000002000,606741.2400000000000,301408.2000000000000,2611209.6000000000000,836269.7999999999000,14,4,3,36,2,Female
8342,2079637.5600000000000,1422208.7880000000000,3014424.5039999997000,1201425.2640000000000,263549.5200000000000,11,1,3,68,2,Female
6164,1970366.1120000000000,1250994.3840000000000,3336076.8000000000000,5721456.3840000010000,1233673.2000000000000,12,2,3,58,3,
8007,384658.3104000000000,1094588.7264000000000,2085828.4511999998000,1142650.8288000003000,119825.4720000000000,11,1,3,67,1,Male
9884,1301964.7680000002000,1106482.5408000003000,2697404.1120000000000,1348131.0336000000000,1136484.4608000002000,14,4,3,75,1,Male
7373,2591082.6240000003000,849135.1440000001000,1254277.4400000000000,1607791.5360000003000,707233.6440000000000,8,3,2,64,4,Female
263,966451.8240000003000,110821.9840000000100,996638.6040000002000,784185.5840000001000,414585.0280000000500,5,5,1,65,5,Male
8405,2166517.5168000003000,137858.8224000000000,214532.6976000000000,1763715.5328000002000,308802.0000000000000,11,1,3,68,1,Male
2711,2042782.7904000003000,575598.4608000001000,1278007.9488000004000,1791406.0032000004000,975254.8608000000000,18,3,4,42,4,Male
3242,689641.2864000001000,497458.6056000001000,1726910.7768000000000,553122.6624000001000,176648.3928000000600,25,5,5,44,1,Male
6019,118364.7744000000200,362327.3856000001000,2815005.3119999995000,852921.9072000000000,698071.3344000000000,19,4,4,57,0,Male
8330,881879.0240000002000,379117.9600000000000,1772986.4880000000000,3173307.4880000004000,671709.7920000001000,10,5,2,68,2,Male
7876,228707.2320000000500,461333.1840000001000,1343815.6680000000000,760393.2960000001000,359795.5400000000400,18,3,4,66,2,Male
7597,1709528.4180000003000,914530.2660000001000,3336874.5150000000000,883679.4720000002000,1113310.9260000002000,1,1,1,65,0,
7606,2467301.7408000000000,759309.0336000002000,3118822.0128000006000,714752.0640000001000,244444.3872000000600,16,1,4,65,3,Male
7983,286334.1312000000600,497483.5008000000400,3598487.1935999994000,2523239.8464000006000,149885.0496000000000,2,2,1,67,0,Male
4935,922003.8720000001000,154952.9760000000000,430506.1440000000000,1557563.1360000000000,272687.3280000000000,5,5,1,52,2,Male
5847,2091222.8351999999000,288018.0288000000000,1417367.8079999997000,851388.3648000000000,275737.3056000000000,14,4,3,57,0,Female
1063,2699282.8800000000000,1041075.0720000000000,3979283.3279999993000,2445276.6720000000000,1021952.8800000000000,9,4,2,34,0,Female
571,1137120.8160000003000,960390.7040000001000,1246502.4000000001000,4066407.4880000004000,556055.1360000000000,15,5,3,65,3,Male
5075,1440044.2368000000000,114180.1344000000200,1852441.5743999998000,2805696.0000000000000,927883.2384000001000,24,4,5,53,4,Male
5050,2635555.9679999994000,155011.1039999999600,258903.4751999999600,4774784.7168000000000,1497451.9679999999000,24,4,5,53,4,Female
4818,1924510.0032000002000,1145504.9088000000000,1402995.3407999997000,893811.4560000000000,339511.1040000000000,17,2,4,52,0,Male
1164,1862702.4000000000000,755239.2000000000000,2486995.1999999997000,4793487.8400000000000,119633.2800000000000,19,4,4,35,4,Female
6318,363352.3199999999500,222151.1040000000200,1471111.6319999998000,5420675.5200000000000,904876.1280000000000,5,5,1,59,4,Female
4217,2871740.3616000004000,933447.0816000000000,430716.5280000000000,5565762.8928000005000,323568.5904000000400,19,4,4,49,1,Female
5365,301496.5440000000000,374468.4480000001000,806284.6560000000000,1401768.5760000001000,431775.6000000000300,4,4,1,54,0,Male
5589,477277.7472000000000,650771.2512000000000,1906081.4592000000000,1930921.1136000000000,1114535.8080000000000,7,2,2,55,0,Male
4472,1420122.9311999998000,1425509.1072000000000,1642929.8687999998000,750961.1519999999000,1270636.2432000001000,6,1,2,50,2,Female
7684,1740988.2048000002000,1090372.3584000000000,1693462.4928000000000,965929.5360000000000,245044.4256000000200,23,3,5,65,2,Male
3731,1718710.7256000002000,383487.9444000001000,3285231.4044000000000,2176590.8736000005000,124193.7576000000100,10,5,2,46,0,Female
86,2247820.4736000000000,681182.2368000001000,5226685.9632000000000,4547860.0128000000000,1448745.4799999997000,11,1,3,65,1,Female
6692,1373444.7480000001000,424111.6620000000700,1165693.1130000000000,3039622.5600000000000,662260.8330000001000,9,4,2,60,0,
4199,1447420.7088000004000,301439.9520000000500,710255.7792000001000,2524839.6096000005000,647310.7080000001000,15,5,3,49,1,Male
3966,212661.8560000000300,355803.2280000001000,808286.8200000002000,1017434.3520000002000,134300.9800000000000,23,3,5,48,0,Male
2913,390736.3680000001000,105721.2640000000200,342377.9040000000400,1151391.2960000003000,283293.4720000000000,5,5,1,43,4,Male
6179,1379424.3840000003000,660961.0560000001000,185091.5520000000000,2825237.3760000000000,223493.0880000000000,15,5,3,58,2,Male
8573,1224865.0752000000000,1086913.5264000000000,2691701.2512000003000,819136.7808000002000,1160797.7472000000000,2,2,1,69,3,Male
9535,403870.8960000000000,694336.9680000000000,4322538.6048000000000,6404058.8352000000000,1014327.2880000001000,21,1,5,73,0,Female
9454,1431945.5904000000000,1723734.2304000000000,212665.5647999999600,2531130.4512000000000,1191124.2096000000000,6,1,2,73,1,Female
5292,2174814.0288000000000,477456.9984000000000,2100263.0400000000000,997374.8736000000000,545355.8784000000000,7,2,2,54,4,Male
741,2530295.0400000000000,1479059.5560000000000,451501.5959999999600,5009013.3600000000000,528102.5880000000000,16,1,4,65,0,
1918,217332.7200000000300,704697.2640000001000,345924.2160000000000,1124085.6000000000000,431407.2240000001000,5,5,1,38,3,Male
9920,487296.8256000001000,908317.1136000002000,2085291.1871999998000,4082402.1888000006000,381843.0720000000400,2,2,1,75,2,Male
4200,342272.1456000001000,129161.8944000000200,769227.8616000001000,1307118.7008000005000,295645.2840000000400,6,1,2,49,1,Male
6544,1780997.9200000000000,245947.8320000000500,2106304.5119999996000,798757.8560000001000,696741.2400000001000,25,5,5,60,4,Male
5641,748037.0880000000000,138117.2640000000000,1317648.8159999999000,1424213.1840000004000,460133.3760000000000,19,4,4,56,5,Male
2302,1333290.2880000002000,367556.3760000000500,3222084.4920000000000,5072722.5120000010000,1245134.4840000002000,16,1,4,40,4,Female
1197,1240509.9600000002000,272491.3800000000000,670051.4400000000000,3097641.9600000004000,864025.4700000001000,4,4,1,35,0,
2100,1050925.5360000000000,948690.2880000001000,2839791.7439999995000,4332364.9920000000000,307881.0720000000000,2,2,1,39,1,Female
5963,1619206.2720000000000,702438.6816000001000,1591946.2656000003000,2416936.0896000000000,677750.4000000000000,12,2,3,57,2,Male
1825,707814.4000000000000,173588.6400000000000,252899.2800000000000,1443125.6000000000000,153688.4800000000000,15,5,3,38,0,Male
1598,1260510.1200000000000,1068250.4640000000000,1736236.9440000000000,4241645.5680000000000,605472.4080000000000,13,3,3,37,0,Female
2603,1530731.5056000005000,170577.3960000000400,1947273.1344000000000,487250.7552000000000,212782.2048000000400,25,5,5,41,0,Male
537,713811.6960000001000,911378.2080000002000,221339.0400000000000,3463750.7840000005000,326435.3040000000600,18,3,4,65,3,Male
8738,1570820.4720000000000,750080.2608000002000,3769866.3600000000000,4022297.6976000010000,1105554.9492000001000,11,1,3,70,4,Female
2960,304117.2288000000400,786273.8400000002000,1538475.2064000003000,4215028.6464000010000,471153.0912000001000,3,3,1,43,1,Male
1938,2014596.2880000002000,353355.9840000000000,892973.8080000000000,2272397.1840000000000,1130446.8000000000000,17,2,4,38,2,Female
6297,618459.7248000001000,326953.4976000000000,1816222.0032000000000,4059520.8192000000000,998285.8752000001000,17,2,4,59,5,Male
359,311548.8480000000600,912143.3880000002000,4566922.7760000010000,5309391.9840000000000,579223.1640000000000,6,1,2,65,2,Female
7542,1599670.8000000000000,760113.9936000000000,5599670.9184000000000,7063630.3296000010000,454010.9184000000000,16,1,4,65,0,Female
2288,718070.2320000002000,116776.7040000000300,328143.6840000000700,781362.7360000001000,364166.8800000000600,15,5,3,40,5,Male
6879,2555178.9120000000000,972042.5520000000000,1468806.7680000000000,832197.6000000000000,289688.2560000000000,6,1,2,61,0,Female
4922,2508096.2687999997000,1647781.4016000000000,3888715.3919999995000,1276718.2848000000000,588525.8687999999000,7,2,2,52,2,Female
8742,2824641.7056000000000,118692.1008000000000,3564762.7391999993000,4530148.6464000000000,369887.9184000000000,16,1,4,70,4,Female
3570,123844.6000000000000,205155.0160000000600,968855.8440000002000,159340.3680000000200,289793.0200000000000,25,5,5,46,5,Male
5363,327285.9648000001000,494942.2272000001000,2161336.6080000000000,2917487.4624000000000,778300.0992000002000,23,3,5,54,0,Male
5228,1762502.0160000000000,768372.0960000001000,2364889.5360000000000,570940.0320000000000,119736.5760000000000,20,5,4,53,0,Male
8860,968490.2240000003000,236178.0720000000400,678962.7000000001000,433299.3600000001000,515557.5360000001000,3,3,1,70,0,Male
8522,588799.9104000002000,127033.6704000000200,2029227.4080000003000,2232925.5936000003000,831126.9408000001000,11,1,3,69,0,Male
108,1769774.7600000002000,411907.1580000000500,463902.3090000000000,1752956.2440000004000,935244.5310000001000,11,1,3,65,3,
8982,2483491.2960000000000,724543.6224000001000,231582.1248000000200,1537018.8288000003000,1124172.0672000002000,9,4,2,71,4,Male
6823,899739.4640000002000,494121.4720000000700,884956.1760000000000,422185.2960000000300,437215.2200000000300,20,5,4,61,2,Male
9398,624342.1392000001000,582972.2496000001000,264386.3976000000000,192661.3728000000400,630492.0336000002000,13,3,3,73,5,Male
7082,549013.1400000000000,145065.0240000000000,2822098.6170000006000,2100710.1960000000000,319981.0770000001000,20,5,4,62,1,
957,182358.3200000000400,348113.1600000000300,437870.2800000000000,1193416.9600000002000,282016.4400000000600,20,5,4,34,4,Male
3581,134860.8096000000000,232440.3972000000600,1264644.7704000003000,2495518.9776000003000,883292.6124000001000,18,3,4,46,4,Female
1586,993757.5360000000000,929222.6399999999000,368337.8880000000000,5074766.2080000000000,1228375.8720000000000,24,4,5,37,0,Female
7383,619540.6464000002000,271707.9768000000600,1971249.6960000005000,2059566.1632000008000,557826.3288000000000,20,5,4,64,4,Male
2853,1208173.8240000000000,797137.2288000003000,957828.3264000001000,1081915.5072000000000,951203.9328000001000,2,2,1,42,0,Male
4834,923602.7520000000000,401238.1440000000300,984692.3040000000000,574431.7440000001000,395977.1040000000500,5,5,1,52,5,Male
7730,2749466.3040000000000,1422566.6832000000000,3695486.3711999995000,1728307.5264000000000,1207159.0128000000000,11,1,3,65,0,Female
1071,1677358.6560000002000,317300.1600000000000,2099318.6880000000000,3125690.1120000000000,813793.6320000001000,17,2,4,34,0,Male
2775,2775030.5088000000000,801804.8015999999000,3233350.6128000000000,1759928.5440000000000,138084.7248000000300,7,2,2,42,2,Female
6359,1851509.8367999997000,551159.5968000000000,1278915.6095999999000,2596619.9808000000000,586513.0944000001000,2,2,1,59,1,Female
8651,1453912.5120000003000,943220.9280000001000,2502609.8759999997000,3909071.0880000005000,478822.6560000001000,1,1,1,69,0,Female
6919,1891012.6560000000000,1138438.0800000000000,1972975.2119999998000,4848417.6000000000000,1427296.4160000002000,17,2,4,62,0,Female
8030,2083154.6112000002000,1183127.7120000000000,2634199.7760000000000,519245.8752000000000,948171.9936000002000,12,2,3,67,4,Male
9431,383169.5712000001000,571339.5480000001000,1147344.5880000002000,3011075.6832000003000,572391.7056000000000,3,3,1,73,4,Male
6263,518999.0400000000000,152937.6960000000000,1386838.8000000000000,552917.3760000000000,430344.9120000000000,5,5,1,58,0,Male
1477,1151065.4400000000000,1177966.9440000001000,333284.9759999999700,3492083.5200000000000,1243946.0159999998000,4,4,1,36,2,Female
1191,198326.8000000000200,390662.8400000001000,613458.7200000001000,241660.0000000000000,185178.5600000000300,15,5,3,35,4,Male
5830,1036643.3280000000000,853032.0384000001000,1017583.9488000000000,4143179.9808000005000,989143.2576000000000,19,4,4,56,0,Male
7115,459969.6192000001000,202812.3552000000200,3039122.3616000004000,1586384.7168000003000,491273.9520000000000,13,3,3,62,0,Male
2350,609942.2208000001000,260215.9296000000000,1995869.4624000000000,3332561.1264000010000,652943.1744000001000,2,2,1,40,3,Male
2299,807031.3680000001000,1268202.6720000003000,2592570.8160000000000,4916212.7520000000000,614621.5680000001000,4,4,1,40,4,Female
3645,1086108.0384000002000,280834.5408000000000,3002447.6064000004000,1918716.9408000002000,803095.3920000001000,14,4,3,46,2,Male
4076,1310560.4160000002000,721748.6320000002000,1152112.8960000002000,976141.0560000001000,105240.6960000000300,25,5,5,48,2,Male
5872,721238.5920000002000,860616.9600000000000,1833417.5040000000000,3029521.5360000003000,651305.7600000000000,5,5,1,57,5,Male
7706,1364141.8752000004000,678766.6080000001000,2032095.3120000002000,140937.1392000000300,1192145.2608000003000,7,2,2,65,0,Male
2693,2455611.8400000003000,220575.1680000000300,3579613.4880000004000,4814672.5440000010000,1040702.7840000002000,1,1,1,42,4,Female
2957,586196.8640000001000,797056.7440000002000,323444.3520000000000,2653258.4320000005000,685102.7920000001000,11,1,3,43,1,Male
5170,755235.4560000001000,216404.0160000000300,136861.0560000000000,586059.2640000000000,396329.8080000000000,20,5,4,53,0,Male
686,3309982.4159999997000,1574784.9936000002000,2608948.7424000000000,4138818.2784000000000,1071239.4576000000000,6,1,2,65,0,Female
7742,550711.1376000000000,859614.9120000001000,1727193.2184000000000,768598.2720000001000,487900.4832000001000,18,3,4,65,0,Male
1571,819232.5120000001000,915646.0800000000000,821269.4400000001000,3587604.0960000000000,180432.8640000000300,2,2,1,36,0,Male
3661,989315.2896000003000,768572.5344000002000,2471453.7408000000000,1712312.8704000001000,882594.1344000002000,3,3,1,46,2,Male
9316,1327294.6752000004000,263105.4816000000000,3737742.6528000003000,3955847.5008000005000,559819.2288000000000,16,1,4,72,0,Male
7571,809811.6000000001000,551830.9680000001000,382768.7760000000000,1705963.1680000005000,283979.2800000000000,13,3,3,65,1,Male
9531,832116.1680000002000,400918.1280000001000,1127720.4120000000000,2280932.1600000000000,643432.7640000001000,11,1,3,73,1,Female
1558,899875.2960000000000,193566.3840000000000,4073054.5439999998000,2132853.6960000000000,1042898.9759999999000,9,4,2,36,0,Female
5866,408883.2960000000300,449418.7200000000300,1223585.8560000000000,1146418.1760000000000,102290.0160000000000,5,5,1,57,5,Male
5493,361257.7536000000000,530562.0096000001000,620393.1264000001000,2975797.7856000005000,436670.9568000000000,15,5,3,55,1,Male
9887,304461.9760000000000,336286.2880000000600,1298164.4520000003000,575797.6640000000000,422375.2520000001000,19,4,4,75,3,Male
2604,161287.9488000000400,833079.5616000002000,1419420.8160000000000,1298192.7552000000000,106365.6000000000200,16,1,4,41,0,Male
5420,1511116.9919999999000,843737.8176000000000,1909912.6079999998000,4464418.6367999995000,583837.1135999999000,12,2,3,55,0,Female
1754,2243199.1200000000000,776416.4400000001000,3321771.1200000000000,161479.1999999999800,595028.8800000000000,25,5,5,37,0,Female
8852,1784066.5440000000000,820757.8080000001000,604725.2640000000000,3885779.2896000003000,1199187.8496000000000,21,1,5,70,0,Female
1251,1610053.2480000000000,261429.6960000000500,120592.2240000000000,442516.9920000000000,410325.8880000000400,14,4,3,35,2,Male
2291,565830.1440000001000,695921.3360000001000,2589405.9840000000000,2752894.8480000007000,802738.1120000002000,10,5,2,40,1,Male
9078,1776087.3312000004000,898146.4752000001000,3929242.2623999994000,3358663.7760000000000,1631147.3568000000000,11,1,3,71,1,Female
5917,498869.3760000000000,362642.2080000001000,932252.5440000000000,853815.5520000000000,127765.9680000000200,8,3,2,57,1,Male
1273,366014.9760000000000,935636.7360000001000,1437277.8240000000000,3631056.0000000000000,209993.6640000000200,22,2,5,35,1,Male
720,1763934.3072000000000,1668440.2175999999000,249755.3135999999600,5422100.4864000010000,1469643.5520000000000,6,1,2,65,4,Female
9344,2543326.5312000000000,108786.9744000000000,4628938.0176000000000,6542583.8400000000000,1394745.3935999998000,11,1,3,72,0,Female
2448,1192982.6304000004000,717820.5408000001000,2893838.7456000000000,2698439.8848000006000,1011789.9264000001000,7,2,2,40,0,Male
5729,1554240.6144000000000,612401.7024000001000,997431.6671999999000,528782.2848000000000,817767.3600000000000,5,5,1,56,2,Male
7139,1448794.7136000001000,189358.4160000000300,1851802.9920000000000,2784772.2240000000000,761299.2192000000000,18,3,4,63,0,Male
2588,943594.9248000002000,930127.1232000003000,2621041.9488000000000,2216066.2656000000000,413376.6912000000600,4,4,1,41,1,Male
8521,531447.6960000001000,178349.5584000000400,572484.6504000002000,1627898.6880000000000,836400.8016000002000,18,3,4,69,4,Male
6723,797988.4224000000000,372864.2112000000000,3086980.7904000000000,1999757.2608000003000,663881.9616000002000,7,2,2,61,5,Male
3111,132906.3120000000300,390124.3896000000500,1659068.3736000000000,2958281.2512000008000,128393.2584000000400,15,5,3,44,0,Male
4943,1475776.9728000000000,836963.8272000002000,1925286.4511999998000,1118441.3184000000000,690886.6560000000000,14,4,3,52,1,Male
3018,631295.8080000001000,711673.3536000001000,3083273.1072000000000,2485455.2448000005000,420937.1232000000300,12,2,3,43,0,Male
1213,1338593.4720000000000,265554.9360000000000,2158835.3280000000000,2612575.2960000000000,503462.8440000000400,3,3,1,35,1,Female
7076,772199.7920000001000,408885.9840000000500,2077214.2560000000000,1892359.0400000003000,180712.6880000000200,5,5,1,62,0,Male
7052,1299751.1280000003000,123923.9430000000100,3030496.4430000000000,3905438.4720000000000,699398.3880000000000,5,5,1,62,2,
1137,2348372.1599999997000,1143069.8399999999000,3569167.5840000000000,2908166.9760000000000,423469.1519999999400,22,2,5,35,0,Female
5310,867511.0656000000000,340419.9168000000000,717076.7999999999000,707125.7088000000000,697737.4848000000000,19,4,4,54,1,Male
385,160216.7424000000200,735753.1584000001000,641444.5440000000000,1119865.8432000002000,997292.2752000001000,23,3,5,65,1,Male
2444,2019829.5744000000000,474961.3440000000400,2775078.3456000000000,4109127.0528000006000,299203.0272000000700,23,3,5,40,0,Male
7303,3545791.5168000000000,730921.8384000000000,3979607.1120000000000,5567311.5264000010000,476267.6879999999700,11,1,3,63,0,Female
9620,2553247.3824000000000,1544820.2640000000000,5363993.2320000000000,7450509.8303999990000,132909.5663999999800,6,1,2,74,1,Female
9085,3257896.6368000000000,436907.7648000000600,1970877.3551999996000,7159056.6528000000000,192400.7904000000300,11,1,3,71,0,Female
3593,452869.8768000001000,242022.6864000000600,817363.7208000000000,2008508.8320000000000,329412.3624000000400,10,5,2,46,4,Male
5052,905388.3648000000000,1097892.4032000000000,303941.5488000000000,2365567.7184000000000,1658804.8320000002000,17,2,4,53,4,Female
2110,733135.9680000000000,301725.1440000000300,187334.6400000000000,1041369.9840000003000,500560.4160000001000,5,5,1,39,4,Male
6050,1567910.0159999998000,766828.5696000000000,421716.3264000001000,3225461.2992000002000,1050951.6288000000000,12,2,3,57,0,Male
8733,142771.6992000000300,316235.2128000000000,1115668.5696000000000,4607700.3648000000000,410086.0608000001000,22,2,5,70,1,Male
3777,555390.1584000001000,333690.5880000000500,2162692.2240000004000,1420981.0560000000000,775654.7832000003000,18,3,4,47,5,Male
3521,793701.8496000001000,528330.2112000001000,2522321.2080000000000,2031504.0768000002000,352001.2319999999600,16,1,4,45,0,Female
4562,155552.7360000000000,220636.0320000000000,801529.0560000000000,868125.6960000001000,325564.9920000000000,15,5,3,50,0,Male
6799,481358.0928000000400,722640.6720000000000,144290.3904000000300,3578597.5680000004000,330840.0576000000600,12,2,3,61,1,Male
2017,2074968.2400000002000,311130.8400000000000,430427.8799999999500,223904.6400000000000,199641.1200000000000,13,3,3,38,0,Female
8544,475687.9296000000000,1206390.3696000000000,5249386.9583999990000,4220736.9984000000000,553667.4000000000000,6,1,2,69,1,Female
609,600564.5568000001000,686448.4224000000000,1632427.8047999998000,3436745.8944000006000,381648.8832000000400,13,3,3,65,1,Male
7794,2063847.8640000000000,634359.0240000000000,971345.2320000000000,898956.2400000001000,1451742.8639999998000,1,1,1,66,1,Female
5232,1925836.6464000002000,718244.0064000002000,1523873.7791999998000,1573615.4112000000000,1068060.5568000001000,3,3,1,54,0,Male
3759,2447056.6560000000000,1574322.2352000000000,1132469.5536000000000,4040780.1984000000000,1203140.3472000002000,10,5,2,47,0,Female
8772,1195591.9872000000000,215682.8544000000700,2898548.6400000000000,2489038.1568000000000,935681.1360000000000,21,1,5,70,1,Male
3578,732966.1680000002000,1061759.6880000000000,2087218.9800000000000,707719.0560000001000,1288158.4320000000000,18,3,4,46,1,Female
3642,1911947.4000000001000,265734.0180000000400,2704488.8310000002000,1503113.4360000002000,452392.2810000001000,5,5,1,46,3,
1285,1296809.8560000000000,1068433.7759999998000,2244631.3920000000000,195321.6000000000000,1387265.9040000000000,7,2,2,35,0,Female
1331,1571980.6079999998000,588944.1599999999000,1618480.6559999997000,2675933.5680000000000,361208.4480000000000,7,2,2,35,0,Female
467,2759907.9456000000000,1720545.8399999999000,4789809.4608000000000,7116192.3456000000000,326232.1296000000000,11,1,3,65,0,Female
7368,2707677.3360000000000,909406.6800000000000,1137938.2560000000000,2821432.2240000004000,484552.8479999999400,15,5,3,64,4,Female
2111,1386740.3520000002000,905329.7280000000000,108836.6400000000100,2155882.3680000002000,101525.0880000000000,9,4,2,39,4,Male
7279,899018.3280000002000,372761.4280000001000,1543258.3920000002000,1049679.9040000000000,187407.9480000000300,10,5,2,63,1,Male
4195,1789920.0000000002000,134671.8912000000400,1756869.2064000003000,209640.0768000000400,479295.8016000000600,14,4,3,49,4,Male
8990,2907509.9040000006000,1516633.2480000000000,841183.6679999998000,1157773.3440000000000,1177648.9920000000000,6,1,2,71,4,
4482,920814.1056000000000,280404.1728000000000,1061939.6352000000000,590283.4176000000000,905181.2352000001000,11,1,3,50,2,Male
7666,448463.6000000000300,339871.4280000001000,1467222.5880000002000,1635000.6400000001000,449563.0880000000000,8,3,2,65,2,Male
3928,2614775.3280000000000,107137.5360000000100,1066032.7920000000000,1492632.2400000002000,579004.2720000000000,9,4,2,47,0,Female
8242,565155.5520000000000,615448.7040000000000,1691905.3631999998000,1475655.6672000003000,906644.9184000000000,10,5,2,68,1,Male
6472,854094.2400000001000,277055.9520000000000,963059.4720000000000,1867171.3920000002000,268247.1840000000700,18,3,4,59,0,Male
8377,1595845.3680000000000,425717.4480000000000,2968586.2440000000000,4553169.5040000010000,600511.3920000000000,16,1,4,68,0,Female
716,240939.8784000000200,406360.0944000000000,2641613.6448000000000,4880110.0608000000000,903796.7328000000000,16,1,4,65,4,Female
6320,1921115.8080000000000,455837.1840000000000,3826450.8000000000000,3820496.8320000004000,902768.5440000000000,4,4,1,59,4,Female
65,1929232.5312000003000,1023380.4672000001000,758592.4320000001000,3129462.8352000006000,249072.3456000000300,7,2,2,65,0,Male
3986,2352740.2800000003000,817582.3920000000000,1922841.7560000000000,2479456.8480000000000,1081840.0560000000000,13,3,3,48,5,
7552,984126.3120000002000,652455.5544000000000,523452.1968000000300,1022683.3344000003000,208229.0184000000300,3,3,1,65,0,Male
6196,1953361.6128000002000,682417.4976000000000,375231.7440000000000,2744204.5440000000000,881081.8560000000000,7,2,2,58,2,Male
9384,612108.8064000000000,604430.0496000001000,4882193.7840000000000,5792803.6608000010000,1734633.2016000000000,1,1,1,73,0,Female
9429,1297318.8384000002000,478535.1480000001000,1228225.6584000000000,3585755.3472000010000,918713.7648000001000,3,3,1,73,4,Male
3155,137128.9920000000300,205058.3920000000500,772095.4560000001000,983459.3120000004000,435680.2120000000600,18,3,4,44,4,Male
6448,1025057.6639999999000,262060.3008000000300,1373218.0991999998000,237681.1008000000100,906297.5232000000000,4,4,1,59,1,Male
4553,187774.5599999999700,402588.5760000000600,2508504.3359999997000,1702227.4560000000000,747302.5440000000000,6,1,2,50,0,Female
13,1535252.5760000004000,299867.2560000000500,773164.7040000000000,1029702.7520000002000,394510.2720000001000,3,3,1,65,0,Male
3165,745786.6020000002000,125344.5930000000200,2052287.8200000003000,276515.7120000000000,865387.1160000002000,9,4,2,44,0,
2990,767526.5664000000000,1047740.6016000002000,892098.1871999999000,1465806.3552000000000,483576.6671999999700,4,4,1,43,2,Female
9975,2198102.1660000000000,865040.5530000001000,1631065.4100000001000,1358980.2720000000000,441029.0430000000000,16,1,4,75,1,
953,234025.3440000000000,124193.7600000000000,246075.5519999999700,3667121.2800000003000,429605.7600000000700,4,4,1,34,4,Male
3371,2207743.7184000000000,756961.7616000000000,4522881.8448000000000,609490.2528000000000,378494.7407999999700,10,5,2,45,4,Female
7799,2547420.5952000000000,1747938.0672000002000,983389.6799999999000,3096112.7808000003000,1780490.2751999998000,6,1,2,66,4,Female
9946,1619742.0096000002000,1576636.7760000003000,3716931.6287999996000,7410971.6928000010000,939827.4912000002000,6,1,2,75,1,Female
9165,2022350.3040000005000,722523.0480000002000,684315.5279999999000,3428275.1360000010000,761487.4800000000000,12,2,3,72,0,Male
2675,752800.2240000002000,384480.6240000000700,601651.6440000000000,931790.1120000003000,412150.2440000001000,20,5,4,42,0,Male
9607,1004111.9712000001000,231776.6256000000300,1019143.9439999999000,2253056.4576000003000,220547.4336000000200,18,3,4,74,5,Male
1190,331322.8800000000000,794908.5120000001000,1623021.1200000000000,197802.6240000000000,851457.4080000000000,9,4,2,35,1,Male
6208,836523.9360000000000,575064.5760000000000,2170133.4239999996000,1487382.9120000000000,1104288.1920000000000,18,3,4,58,1,Female
8635,594196.2000000001000,180885.5360000000500,352877.4600000000000,529572.3680000001000,339166.5680000000000,23,3,5,69,0,Male
4530,1481567.1552000002000,234263.0592000000200,761269.6224000000000,2987584.8192000007000,571866.8256000001000,20,5,4,50,0,Male
5517,1057209.4079999998000,129078.6624000000000,182688.8255999999800,2521784.4480000000000,267981.5232000000000,4,4,1,55,2,Female
5542,387194.3040000000000,202974.0000000000000,1187831.8080000000000,523074.6240000000700,124687.0560000000100,18,3,4,55,2,Male
1289,2454731.7120000000000,1109472.3360000000000,1382295.8880000000000,2800311.5519999997000,1006009.3440000000000,23,3,5,35,0,Female
6524,1434247.0272000004000,471313.1904000001000,3132601.8048000005000,3588630.9888000004000,591784.7520000001000,2,2,1,60,1,Male
382,2098151.6400000000000,824147.8830000001000,1324282.2840000000000,3573845.9640000006000,724537.1250000000000,21,1,5,65,2,
1465,839462.6400000000000,1161076.4400000000000,2361963.9599999995000,4758719.0400000000000,745928.0400000000000,22,2,5,36,3,
8737,2525299.5456000003000,518188.8816000000000,1189124.5392000000000,7095561.4080000000000,636645.1104000000000,16,1,4,70,4,Female
9986,303163.9104000000500,1224939.5808000000000,2544930.8352000000000,384879.7056000000400,325212.7008000000500,7,2,2,75,0,Male
2971,1687111.0080000004000,128609.9760000000200,1272169.5360000003000,1265940.5440000002000,778565.6560000002000,5,5,1,43,3,Male
9452,3240519.6096000005000,1490590.8576000002000,3512130.1487999996000,1587209.6448000001000,1010049.9552000000000,21,1,5,73,1,Female
8395,766266.1344000001000,767502.2160000001000,528321.2688000000000,721568.7648000001000,109052.7984000000300,23,3,5,68,0,Male
7621,2001140.0136000002000,228016.7604000000000,715214.8692000000000,335673.3744000000000,815492.6208000001000,6,1,2,65,1,Female
8187,1438057.6704000002000,669463.5168000000000,2468044.9871999994000,3689446.9248000000000,1225603.4544000000000,6,1,2,67,0,Female
7953,1459281.9072000002000,136644.1440000000000,3722381.0208000005000,2786298.2784000000000,646921.0176000001000,19,4,4,66,0,Male
494,1052532.0000000000000,228390.6144000000500,107367.0624000000100,2737404.1344000010000,431793.3984000001000,4,4,1,65,1,Male
2924,682705.0560000001000,988597.3152000001000,1085901.0624000000000,2591923.2768000006000,223701.5616000000200,22,2,5,43,4,Male
4466,1672445.9519999998000,387018.2016000001000,1795216.4352000000000,2046556.5695999998000,1134975.6288000000000,14,4,3,50,2,Male
8797,996665.2800000000000,790620.7296000001000,2296582.3296000003000,2558761.9200000000000,105000.9792000000200,25,5,5,70,1,Male
7075,690373.6320000001000,131998.9632000000000,3249988.9343999997000,2965447.1808000007000,1247713.4592000000000,12,2,3,62,0,Male
5676,734548.3200000001000,247277.1840000000400,1365891.6960000000000,846996.8640000001000,238212.8640000000300,5,5,1,56,4,Male
8747,1588845.7728000002000,729266.4288000000000,3480068.4047999997000,4198510.3680000000000,109356.9984000000100,1,1,1,70,4,Female
5294,785147.1360000000000,945349.0560000001000,197339.6160000000000,2399870.5920000000000,422025.6960000000000,15,5,3,54,0,Male
1761,1281174.0800000000000,351758.3200000000700,977011.4400000001000,310681.9200000000400,179216.6400000000000,25,5,5,37,0,Male
9259,3114579.3120000004000,986254.2144000000000,2702970.6912000000000,4000534.3872000000000,913201.4736000000000,21,1,5,72,2,Female
476,1472607.3024000002000,789817.0176000001000,1419183.4176000000000,3568609.3248000010000,467230.1400000000000,9,4,2,65,0,Male
9517,725015.3040000001000,744948.5940000002000,2747493.2160000000000,2334259.9800000004000,256473.0090000000200,6,1,2,73,2,
3225,848916.9216000002000,475166.4192000000000,446001.5736000000000,1347805.0080000001000,479373.1272000001000,20,5,4,44,2,Male
9642,781884.0432000001000,825977.1312000003000,178565.4936000000200,293255.5392000000600,813587.2992000001000,18,3,4,74,1,Male
5453,1715148.8639999996000,873696.1535999998000,2052878.5151999996000,3350862.2591999997000,1710029.4911999998000,15,5,3,55,4,Female
5569,1719692.1600000000000,501244.8000000000500,1674375.5520000001000,304841.4720000000000,660585.2160000001000,10,5,2,55,0,Male
3257,179921.9664000000300,469576.1664000001000,1841643.0648000003000,1672741.6992000004000,636043.4784000003000,10,5,2,44,0,Male
1422,950130.0000000000000,150360.7680000000000,1750928.8320000002000,929034.7200000001000,226939.4640000000400,25,5,5,36,0,Male
8913,2426871.2832000004000,982202.2080000001000,2131646.4000000000000,672995.9808000000000,195496.7040000000000,7,2,2,70,0,Male
7912,1792019.9232000003000,1142050.4160000002000,1470998.1312000000000,1483200.5760000001000,486368.9376000000600,12,2,3,66,1,Male
6972,1814688.0180000002000,811437.9390000001000,3370998.0330000003000,4041709.3080000010000,418044.7440000000600,8,3,2,62,4,
4444,3417220.9151999997000,615954.5855999999000,1864018.1375999996000,5140953.4463999990000,1469519.3664000000000,7,2,2,50,1,Female
634,966974.2992000000000,239580.5256000000200,369834.6600000000300,3588365.2896000007000,389185.2432000001000,7,2,2,65,1,Male
4618,1606506.3935999998000,824491.8144000001000,999310.0031999999000,4553199.3600000000000,250158.9888000000200,7,2,2,51,1,Male
5952,1123267.7376000000000,724400.0640000000000,865348.2720000000000,559037.3760000000000,540609.2928000000000,25,5,5,57,3,Male
9015,557987.6016000000000,816704.8344000002000,1082252.0592000003000,720160.6464000002000,812462.5080000001000,23,3,5,71,1,Male
3694,701552.0160000001000,511311.7944000001300,551374.7976000000000,2472304.6656000004000,655488.9792000002000,25,5,5,46,0,Male
4873,206014.7520000000000,186349.4208000000200,458003.2896000001000,3237252.1344000000000,712819.2672000001000,15,5,3,52,4,Male
4649,665719.3440000000000,736979.9040000001000,2586629.0519999997000,1079367.9840000000000,1078444.6920000000000,7,2,2,51,0,
9968,520887.7440000000600,824651.9424000000000,1429316.1792000001000,4132584.7680000000000,737663.4720000001000,3,3,1,75,1,Male
8125,1832164.6720000003000,725825.0480000002000,1691774.4480000000000,271962.4960000000400,787702.8640000002000,8,3,2,67,1,Male
1385,916100.6400000001000,261173.5920000000600,911297.5200000000000,530110.0800000001000,379347.1200000000500,20,5,4,36,5,Male
6400,2043846.6047999999000,277172.5824000000000,1088360.0640000000000,4148666.7263999996000,587930.4576000001000,22,2,5,59,2,Male
4773,1767302.7840000000000,1377049.9680000000000,2840869.1519999993000,2829969.2160000000000,110541.8879999999900,16,1,4,51,0,Female
5311,331491.9168000000000,837498.4416000000000,2231639.9424000000000,2152658.0736000002000,244991.2608000000500,5,5,1,54,1,Male
7011,930674.9920000001000,438989.7200000000300,1479588.8640000000000,112288.1760000000400,353388.5680000000000,10,5,2,62,3,Male
1936,438868.5600000000600,502386.9600000000000,444250.8000000000000,160219.6800000000000,237668.6400000000000,20,5,4,38,2,Female
3997,2104505.5680000000000,922709.3040000000000,835526.5776000001000,2587206.1248000003000,193105.9152000000200,14,4,3,48,4,Female
6011,1391479.9488000001000,671951.6352000001000,2163108.4992000000000,443076.4800000000400,154698.5952000000000,20,5,4,57,0,Male
2215,1236226.3680000000000,890457.5040000001000,1586692.8000000000000,3546371.3280000000000,600644.9280000001000,24,4,5,39,0,Male
1466,751430.0160000001000,924168.1920000002000,2865662.4960000000000,212312.4480000000300,374329.7280000000600,4,4,1,36,2,Male
4831,1156266.8352000000000,362088.5760000000000,332659.3536000000000,2556625.7664000000000,830680.0128000000000,18,3,4,52,5,Male
1891,1252807.7759999998000,940158.1440000001000,815333.4720000000000,5367716.3520000000000,555475.9680000000000,7,2,2,38,1,Female
6695,1300301.8704000004000,385350.5448000001000,2564124.9192000004000,3493067.3856000006000,366430.4280000001000,20,5,4,61,0,Male
8545,342810.7488000000600,937283.0688000000000,2882857.9103999995000,1884357.4464000000000,819770.5152000000000,16,1,4,69,1,Female
2895,1703286.2880000004000,366411.6720000001000,2438582.3550000004000,3893494.1760000004000,547814.0250000000000,8,3,2,43,5,
8281,349226.4880000000700,324902.6560000001000,1180780.6920000003000,1096091.1520000002000,466627.5120000001000,13,3,3,68,1,Male
5552,559171.5840000000000,238459.3920000000000,170945.8560000000300,1085478.9120000000000,878306.0160000001000,5,5,1,55,1,Male
5781,1063367.4239999999000,954628.8768000000000,617272.3583999999000,2595540.7871999997000,886548.7872000000000,17,2,4,56,0,Male
5878,1406108.1600000000000,993461.8752000001000,1283896.0511999999000,3009787.0848000010000,457806.6432000001000,24,4,5,57,1,Male
3897,2702255.2128000003000,1045093.8960000000000,2922315.1056000000000,4116045.5424000006000,1003410.7776000000000,4,4,1,47,0,Female
1566,734968.7040000000000,307648.6080000000700,1789717.5360000000000,3081694.0800000005000,933247.1040000000000,4,4,1,36,0,Male
9122,702142.6464000001000,666553.3056000000000,1319612.8608000001000,605044.6272000000000,364364.0208000000000,16,1,4,71,0,Female
4202,210077.4720000000400,323889.7728000000400,338356.0224000000000,2188289.6640000003000,614723.1552000000000,17,2,4,49,0,Male
5537,1273695.4944000000000,121279.5072000000100,2197640.9376000000000,852264.8064000002000,514459.0368000001000,23,3,5,55,2,Male
5239,1741926.2400000000000,971508.9599999998000,555178.7520000000000,3107958.9120000000000,349904.7360000000300,3,3,1,54,0,Female
1008,436624.2000000000000,843706.1700000000000,169747.6500000000000,601435.4400000001000,100905.3900000000100,20,5,4,34,3,
2113,402790.4800000000400,278106.6000000000300,1161579.9600000000000,1109596.6400000001000,204384.0800000000200,20,5,4,39,4,Male
5443,550689.1776000000000,830324.2752000001000,2580391.6415999997000,3740356.9152000000000,504836.9279999999000,19,4,4,55,5,Male
3982,1611377.2620000000000,671917.0590000001000,1229070.6450000000000,2729729.3760000006000,119844.4500000000000,5,5,1,48,5,
7431,1335664.1376000000000,1545165.6479999998000,614184.8544000000000,6033218.6304000010000,1055418.8111999999000,11,1,3,64,2,Female
7939,517266.5472000000300,1158067.3728000002000,581659.2288000000000,426058.2144000001000,293401.0560000000400,17,2,4,66,0,Male
779,254628.8160000000200,858418.8600000000000,2259265.7880000000000,4038429.4080000003000,688422.3840000001000,8,3,2,65,2,Female
775,1540525.6620000002000,555749.6490000000000,1996690.8780000000000,1091385.8280000002000,1066136.6430000002000,21,1,5,65,3,
2961,379686.3840000001000,473450.7096000000600,324544.4928000000000,1904133.0528000004000,522621.4752000001600,10,5,2,43,1,Male
3327,2069747.5392000000000,1039732.6896000000000,4648673.9376000000000,1680291.3600000000000,1069943.2128000000000,9,4,2,45,0,Female
2485,769076.7744000001000,990699.8112000002000,2618027.9136000000000,3688120.9728000010000,844891.5552000001000,19,4,4,41,5,Male
3507,1651199.6160000002000,936974.4120000001000,975734.1000000000000,321199.9560000000000,879402.9420000002000,14,4,3,45,1,
845,472552.5600000000600,575802.4500000001000,362146.4100000000000,1484653.6800000002000,892804.0500000000000,19,4,4,33,1,
8762,875776.4080000003000,243125.6880000000500,1368636.5160000000000,1654923.7120000003000,388587.3160000000500,8,3,2,70,4,Male
1810,1170398.1600000001000,398611.3500000000300,383495.8500000000300,536307.4800000001000,843742.4400000001000,24,4,5,37,0,
7214,1242939.8592000000000,102429.4752000000000,2166186.6720000003000,830443.6608000001000,372751.1423999999500,17,2,4,63,3,Male
5172,864162.6240000001000,136367.6640000000000,118626.1920000000000,1100418.0480000002000,465818.3519999999600,20,5,4,53,0,Male
6348,2868395.0399999996000,436750.9919999999700,2251586.5919999997000,3895324.4160000000000,1146230.4959999998000,7,2,2,59,4,
7446,1397565.9360000000000,586564.7112000001000,989143.2720000001000,2557406.9664000007000,849135.3624000001000,20,5,4,64,2,Male
7178,565447.7920000001000,435684.0280000000500,223715.7000000000000,652066.0640000000000,407177.1600000000300,8,3,2,63,4,Male
2994,1076095.6800000000000,646020.5664000000000,2544424.1856000004000,3240246.0288000010000,470525.0880000000500,17,2,4,43,2,Male
4277,2333689.5120000000000,868578.6120000001000,956625.1200000001000,730389.2640000001000,371808.8880000000400,19,4,4,49,2,
7324,1739094.3180000002000,1145717.7030000002000,761194.0440000000000,3479043.2040000004000,293642.5050000000000,11,1,3,63,0,
6694,1869525.6840000004000,806072.2020000002000,3090947.0670000003000,1106766.1800000000000,434263.7520000001000,13,3,3,60,0,
134,154409.6320000000400,339728.7400000000000,245665.3680000000000,1533404.7040000001000,225205.5000000000000,18,3,4,65,2,Male
8013,846516.5280000000000,1361318.0256000000000,3766989.8447999996000,7146332.2944000000000,1856017.2384000001000,6,1,2,67,1,Female
6080,341723.6160000000400,231877.3920000000000,366115.6800000000000,1586218.9440000001000,233029.4880000000000,5,5,1,58,5,Male
3955,2183142.6144000003000,802679.9615999999000,209205.3744000000000,4950534.1248000000000,1462998.5568000001000,6,1,2,48,0,Female
2637,3132762.0192000004000,1511434.2672000001000,3180472.7328000000000,3052940.1408000006000,1266815.8800000001000,14,4,3,41,0,Female
6112,1862160.7680000002000,119339.1360000000100,580204.5120000000000,2963658.6240000003000,237321.3120000000300,20,5,4,58,4,Male
6495,131224.7040000000000,1352281.9440000001000,508744.5479999999500,5393696.2560000000000,1406175.7320000000000,13,3,3,60,0,Female
1366,805248.9600000001000,1177927.4400000000000,1648088.6400000000000,308974.5600000000000,1072933.8000000000000,14,4,3,36,0,Female
759,180271.9360000000500,213561.7640000000200,1070710.6800000002000,974988.7680000002000,202451.2360000000300,18,3,4,65,1,Male
9320,356063.7600000000000,216208.2520000000700,1371935.1360000000000,2025045.9840000002000,469539.0440000000500,8,3,2,72,0,Male
7189,359497.6320000000400,720133.4400000001000,1546185.8880000003000,3537138.0096000005000,715014.3936000001000,14,4,3,63,1,Male
1210,1652394.2400000000000,771731.7119999999000,2564805.6000000000000,364955.3280000000000,1043264.3040000000000,2,2,1,35,1,Female
10000,2904697.2240000004000,863342.8440000002000,3029330.3040000000000,1393821.3120000002000,785704.4520000000000,21,1,5,75,0,
9299,1954622.2800000000000,729711.6840000000000,4498619.5800000000000,136127.4720000000000,1101748.9080000000000,21,1,5,72,2,
522,1354563.2256000000000,252457.6704000000600,3684631.3920000000000,495552.3456000000600,914058.7872000000000,16,1,4,65,4,Male
1097,434256.7680000000000,833420.1599999999000,2209031.1359999995000,4702874.6880000000000,922076.6399999999000,4,4,1,34,0,Female
1180,859732.3200000002000,668990.7200000001000,119410.5600000000000,237715.2000000000000,564872.8000000000000,10,5,2,35,4,Male
9677,500128.5120000001000,336343.6440000001000,378152.5800000001000,1436726.0960000004000,292829.3680000000000,13,3,3,74,3,Male
7511,401082.3648000000400,1282658.0364000000000,191743.7184000000000,2528136.1872000000000,1279801.4580000000000,15,5,3,64,0,Female
999,495994.8960000000700,651451.3200000001000,1149868.6560000002000,528618.8160000001000,169508.7360000000300,15,5,3,34,3,Male
1639,305277.3600000000000,503932.0800000000000,1470475.4400000000000,818004.4800000000000,714953.2800000000000,13,3,3,37,4,Female
6148,1078751.8656000001000,422450.2080000000400,2421938.1024000000000,3088088.7552000000000,137732.4000000000000,10,5,2,58,1,Male
1617,960200.4800000001000,136245.7600000000000,2014223.2800000003000,1406226.2400000002000,420413.6800000000000,25,5,5,37,5,Male
1924,1817208.7680000002000,394919.3280000000400,1423914.9120000000000,3432456.9600000004000,138273.8880000000000,8,3,2,38,2,Male
8094,1289549.3520000002000,1437308.3399999999000,3144928.6440000000000,2170982.7360000000000,1242713.0040000000000,21,1,5,67,3,
5055,481208.9472000000000,211993.8048000000000,1613287.2384000000000,2611194.6239999994000,988924.5504000000000,6,1,2,53,4,Female
8363,375132.3264000001000,1114329.8400000000000,2695134.1248000003000,2711850.5856000003000,737686.0608000000000,12,2,3,68,2,Male
8002,1556565.9408000002000,123161.6880000000100,741071.6352000001000,1928451.2832000004000,186412.0752000000500,9,4,2,67,5,Male
5251,767333.3759999999000,263872.1664000000500,2403289.9584000004000,1571918.2848000000000,879881.3568000001000,23,3,5,54,0,Male
6136,1561991.9040000000000,247700.0160000000000,1806019.2000000000000,2672385.4080000003000,440302.8960000000000,10,5,2,58,1,Female
8588,3600498.8448000005000,1128900.4272000000000,2368460.3904000000000,4809010.0032000000000,1826006.6448000001000,11,1,3,69,2,Female
7273,598818.8544000001000,983577.5040000000000,3373272.4895999995000,1898898.3936000005000,484498.9344000001000,22,2,5,63,0,Male
6413,148360.3200000000000,213731.7600000000000,632647.8720000000000,822100.2240000000000,358818.4800000000000,5,5,1,59,2,Male
8005,432937.6480000000400,819519.5840000003000,2532038.8080000000000,1692788.8640000000000,757397.8880000002000,14,4,3,67,1,Male
5840,1736222.1696000000000,314555.9616000000000,5131924.6463999990000,2778650.9567999993000,1298223.4176000000000,19,4,4,57,0,Female
5201,3142024.4735999997000,773746.2143999999000,4589994.9887999995000,4274209.3824000005000,1428128.9279999998000,21,1,5,53,0,Female
5520,1185445.7280000001000,882433.5839999999000,983769.8399999999000,2376470.0160000003000,274753.5840000000000,13,3,3,55,2,Female
9082,969181.2000000000000,1292303.7504000000000,765536.0543999999000,5599945.7280000000000,425563.0704000000000,6,1,2,71,1,Female
9574,1712445.9456000004000,850524.3552000001000,3106662.9984000004000,3113305.2288000000000,700599.7440000000000,11,1,3,73,0,Male
2505,1737642.5088000004000,141237.0432000000100,2141268.6240000003000,3642974.4384000010000,906812.8608000000000,7,2,2,41,4,Male
9425,512050.1360000000600,458023.5920000001000,826195.3440000000000,1881596.0800000000000,129825.6440000000300,12,2,3,73,4,Male
4723,487261.2480000001000,117355.4880000000000,1717134.6239999998000,988977.4080000000000,486913.6320000000400,8,3,2,51,2,Male
265,621089.8720000001000,268221.1480000000000,639172.7160000000000,835158.4800000001000,227080.3600000000200,3,3,1,65,5,Male
2232,755751.7440000001000,808647.6480000000000,1158425.2800000000000,3174067.9680000010000,904865.1840000000000,9,4,2,39,0,Male
5174,2228839.1424000000000,273851.1360000000000,2316062.9376000000000,3554924.5440000000000,695199.6288000001000,8,3,2,53,0,Male
3993,2960982.9216000000000,1014101.9856000001000,2607466.1184000000000,1611498.2400000000000,827329.2192000000000,16,1,4,48,1,Female
348,3674723.6448000004000,1489662.9072000000000,3444229.9007999995000,1553929.9776000000000,368584.6320000000000,1,1,1,65,2,Female
4919,2677155.5519999997000,208947.0239999999800,1322078.1119999997000,1152198.7200000000000,1333866.3840000000000,10,5,2,52,2,Female
4253,148589.3376000000300,1212979.6800000002000,3818322.7631999990000,6022978.1568000010000,170640.0432000000100,9,4,2,49,2,Female
6046,904860.9792000001000,731099.9808000000000,1280541.6576000003000,3558461.6448000004000,288562.2912000000000,4,4,1,57,0,Male
4087,1424597.3280000002000,323127.6048000001000,1262275.6608000002000,731901.7728000002000,213835.4064000000700,15,5,3,48,2,Male
7242,1856536.3440000003000,115759.0512000000200,893284.0488000001000,2676338.4960000003000,225231.3648000000400,25,5,5,63,2,Male
6830,2246627.6820000000000,122088.3300000000200,119036.3850000000000,2693990.0520000000000,660475.1790000001000,9,4,2,61,2,
856,1878500.4480000003000,107435.5199999999900,641172.6719999999000,5368969.1520000000000,660138.7680000000000,12,2,3,33,0,Female
9863,1737226.2336000004000,222031.9296000000000,3659186.4192000004000,3329972.5056000003000,1084301.0880000000000,18,3,4,75,3,Male
3013,2617980.5520000006000,239783.9400000000000,1173141.6840000001000,2067623.1840000004000,490201.0080000001000,5,5,1,43,0,Female
3315,1895073.0480000002000,246725.0280000000500,693990.0990000000000,3843645.6960000005000,713138.0850000001000,6,1,2,44,0,
797,1908318.2976000004000,202656.6048000000000,3698576.2944000000000,4569883.4688000000000,261779.4816000000300,2,2,1,65,2,Male
2928,1498353.7536000002000,830145.2544000002000,1806513.0336000000000,574607.1936000000000,647600.7648000001000,9,4,2,43,4,Male
5321,1161907.6320000002000,273667.1400000000000,3212186.8680000002000,2007794.7360000000000,334246.2840000000000,11,1,3,54,3,
1838,2369439.3600000000000,677711.6400000000000,2301386.0400000000000,2287981.4400000000000,553453.2000000000000,24,4,5,38,5,
6190,1094076.9792000002000,726294.3840000001000,135528.4224000000400,2212662.8736000005000,705887.3952000001000,20,5,4,58,2,Male
922,888915.6000000000000,423222.6960000000500,1840594.3200000000000,2827943.1360000004000,509116.6800000000500,20,5,4,34,5,Male
8447,320860.8000000000000,255245.5620000000000,2685544.1730000004000,2349755.4600000000000,889052.6970000002000,6,1,2,68,0,
1582,888239.7600000000000,1057471.8000000000000,2980726.1999999997000,2495688.0000000000000,261006.7200000000000,7,2,2,36,0,
8303,652249.5200000000000,337419.0560000001000,1682201.6640000000000,784167.4880000001000,962351.8320000000000,12,2,3,68,1,Male
7853,813685.5168000002000,230440.0800000000200,3271840.4160000000000,1777265.3184000000000,946006.0896000002000,14,4,3,66,2,Male
2335,1120109.7600000000000,361870.5024000000600,1177937.4815999998000,2952933.7728000010000,311657.7024000000700,6,1,2,40,3,Male
5074,1385221.3056000000000,599871.2256000000000,535071.4848000000000,3317066.3808000000000,596450.9952000001000,25,5,5,53,4,Male
6778,971646.6240000000000,604621.1808000001000,2247604.4447999997000,859960.8576000002000,517463.4816000000600,9,4,2,61,3,Male
9567,1450207.8864000004000,765542.4192000001000,2444641.7112000003000,1660582.3104000003000,731164.4496000002000,15,5,3,73,0,Male
5855,2280325.4784000000000,1124409.5999999999000,2269159.4880000000000,1795343.6160000000000,489332.5056000000300,23,3,5,57,0,Male
1541,703293.1200000001000,139987.6560000000200,1702754.7839999998000,304924.6080000000700,495693.3600000000400,25,5,5,36,1,Male
193,890957.3920000000000,788034.2080000001000,2350373.0640000002000,3275602.3040000005000,129168.6240000000100,14,4,3,65,1,Male
3763,2364707.1360000004000,186636.5160000000300,3290240.4480000000000,1163761.6320000002000,971478.8160000001000,4,4,1,47,0,Female
4204,456324.2112000000000,644446.4928000000000,1043652.2976000002000,3295358.2464000010000,187024.4640000000400,19,4,4,49,0,Male
6328,2228666.8032000000000,1055759.5008000000000,2203480.6272000000000,1441043.7120000000000,231253.0560000000000,17,2,4,59,4,Male
3326,675372.6144000001000,220027.7376000000000,1111998.4127999998000,5155659.5904000000000,575687.5344000001000,12,2,3,45,0,Female
320,615202.0160000001000,294000.9800000000400,1162783.1280000000000,684240.3360000001000,173119.9600000000200,8,3,2,65,1,Male
90,169863.0960000000200,495186.8480000000600,327634.7880000000600,933837.8400000001000,162336.2520000000400,15,5,3,65,1,Male
6153,1511951.2320000000000,236971.9680000000200,1598248.2240000000000,797222.7840000000000,255290.4960000000400,25,5,5,58,3,Male
6234,550756.4160000000000,117292.8960000000100,405782.0640000000000,1506089.2800000000000,155355.4080000000200,15,5,3,58,1,Male
491,1587972.9060000002000,623063.7270000001000,973032.7230000000000,571846.8600000000000,388792.8720000001000,1,1,1,65,5,
245,1098197.0064000003000,483788.2140000000000,378169.3655999999600,5550175.9872000000000,931616.3376000001000,21,1,5,65,0,Female
5610,877143.6288000001000,1002150.3744000000000,3159524.9663999993000,2568943.8720000000000,326796.1344000000400,12,2,3,55,0,Male
3601,1274443.6320000002000,159199.6032000000400,1208802.5928000002000,1488659.0400000003000,387746.6472000001000,15,5,3,46,1,Male
7467,1234406.9087999999000,1110199.1472000000000,5190635.1744000000000,1756099.9872000000000,1469220.4799999997000,14,4,3,64,1,Female
1883,1213372.4160000002000,856138.8480000000000,150577.0560000000000,963707.1360000002000,579690.2400000000000,4,4,1,38,3,Male
3298,1354579.4592000002000,1559534.3280000002000,4636891.3535999990000,2932980.6528000003000,581150.7504000000000,12,2,3,44,0,Female
3984,1123266.0780000002000,433218.5550000000000,659686.5990000000000,3327734.9160000007000,728044.8120000002000,14,4,3,48,5,
5528,1725313.1520000000000,208727.0400000000000,436771.2960000000300,1891813.6320000002000,369659.1360000000600,15,5,3,55,2,Male
1411,1332570.8159999999000,1125491.6160000000000,1939506.3359999997000,4786413.1199999990000,872778.2399999999000,14,4,3,36,4,Female
4225,1799511.8592000003000,1032860.9280000001000,734448.5280000000000,3373755.2640000010000,321702.3744000001000,14,4,3,49,1,Male
163,1249734.4080000000000,1343175.5999999999000,3664969.3079999997000,4558435.4400000000000,262464.3840000000000,21,1,5,65,0,Female
7204,2913877.3248000000000,156332.4048000000200,620047.9584000000000,206653.0752000000000,200031.8112000000000,6,1,2,63,1,Female
1811,2226867.1200000000000,475762.6800000000000,377838.0000000000000,1097810.4000000000000,1074546.2400000000000,12,2,3,37,0,
5467,1669532.3136000000000,401027.2128000000400,825800.1407999999000,1185279.4368000000000,212914.2528000000200,4,4,1,55,4,Male
8150,687948.2688000001000,503041.3440000000400,1785220.0704000003000,519407.6160000000000,271259.4144000000000,2,2,1,67,0,Male
7642,2025452.0000000000000,181031.8640000000300,2955591.2880000000000,3181068.3840000005000,901710.4720000001000,23,3,5,65,3,Male
8496,2021576.5440000002000,850249.1400000000000,4007246.2560000000000,3535380.5760000004000,514824.1800000000000,6,1,2,69,4,Female
3659,410564.7040000001400,523573.5120000001000,880816.2000000001000,1435639.3920000002000,459718.5120000000500,4,4,1,46,2,Male
2378,1630934.7120000003000,1103336.7840000002000,2401733.2680000000000,2629754.6880000000000,560129.4600000001000,1,1,1,40,2,Female
9596,1703787.4152000002000,349408.2852000001000,3318486.9588000000000,4483503.8352000010000,1318226.6916000000000,1,1,1,74,0,Female
2929,535557.0000000000000,247231.8640000000300,836460.1080000000000,152235.7760000000400,418542.7840000001000,18,3,4,43,4,Male
8003,120281.4912000000200,195577.8240000000200,2220776.0640000000000,1863872.5248000002000,154436.5056000000000,14,4,3,67,5,Male
9888,278210.0880000000500,282279.1920000000000,1151583.4200000002000,181081.8880000000400,199733.1440000000300,20,5,4,75,3,Male
700,1749601.7760000003000,600621.5280000002000,2356925.6880000000000,2574334.8800000004000,874829.1760000000000,8,3,2,65,5,Male
5323,2108940.8400000003000,479279.0520000000000,601246.1520000000000,2852766.4320000005000,284811.4439999999600,20,5,4,54,3,
623,812447.3760000002000,308280.9080000000000,193888.3440000000400,1214394.2720000000000,130605.4360000000200,8,3,2,65,0,Male
6554,1972410.3360000001000,691705.7472000001000,1315979.6832000000000,3512613.3120000004000,446706.3744000001000,22,2,5,60,4,Male
1472,665649.8400000001000,120236.4000000000000,442125.3600000000000,222069.1200000000000,1111547.8800000000000,16,1,4,36,2,Female
7494,322483.9488000000000,254257.0368000000300,3070262.7072000000000,2773307.0976000004000,750647.4144000001000,3,3,1,64,1,Male
8297,1625086.9440000001000,1035025.4304000002000,3163873.5648000000000,6312826.5408000000000,1163278.7711999998000,16,1,4,68,1,Female
5109,407676.9024000000000,709705.6128000000000,1851282.4320000000000,1386795.1104000000000,173183.9616000000000,19,4,4,53,3,Male
7409,1519736.7744000005000,432788.1480000000400,966088.7496000000000,1225064.8800000001000,732881.7288000002000,23,3,5,64,1,Male
7723,1219227.0480000000000,1121527.5240000000000,1935391.0680000000000,2776720.1280000000000,805373.8680000001000,6,1,2,65,0,Female
9635,868438.7712000002000,295932.6240000000000,956344.8960000001000,3327841.9200000000000,390730.5792000000400,22,2,5,74,4,Male
2004,912330.4320000001000,496457.9520000000000,2262641.7600000000000,1695652.9920000000000,752139.5520000000000,9,4,2,38,1,Male
454,1598051.3328000002000,256351.4928000000400,1787274.8712000002000,1186379.2512000003000,900831.9528000000000,18,3,4,65,0,Male
325,355594.9280000001000,167342.3440000000400,527862.1920000000000,988231.2960000001000,423696.2600000000700,23,3,5,65,1,Male
4706,2300468.4288000000000,1304469.7920000000000,1848319.9487999994000,2284663.4496000000000,877571.7119999998000,7,2,2,51,2,Female
6918,3265860.4992000000000,1627647.8399999999000,2722263.3360000000000,2244477.0816000000000,1596195.6192000000000,16,1,4,62,0,Female
5986,212865.2160000000100,877346.2080000001000,547161.4079999999000,2546367.7440000004000,495228.2880000000000,18,3,4,57,2,Male
2502,855299.2800000001000,303964.9360000000500,1989977.3520000000000,476578.0800000001000,105361.6960000000300,10,5,2,41,4,Male
8581,989970.8832000000000,657402.5952000000000,3081927.1391999990000,2881706.6304000000000,762713.2656000002000,11,1,3,69,2,Female
4218,2685375.7920000000000,210388.6224000000200,1040273.1503999999000,3941332.2432000010000,982100.1168000001000,2,2,1,49,1,Female
8256,1086343.6896000000000,1242914.7744000002000,1531493.8703999997000,1545958.2528000000000,1706333.4287999999000,16,1,4,68,4,Female
8715,2021497.1712000002000,216611.6160000000000,1774882.1376000000000,2221147.9680000003000,724304.1312000001000,17,2,4,70,0,Male
7051,2295131.2020000005000,541123.3620000001000,1751299.7580000000000,312312.3120000000300,341903.6010000000000,25,5,5,62,2,
5290,1344138.4512000000000,410267.8080000001000,243765.9360000000000,2161290.4704000000000,298920.9312000000500,10,5,2,54,4,Male
7326,2529847.9440000000000,1162530.7200000000000,1311379.5240000000000,3180056.2560000005000,1076897.7960000000000,4,4,1,63,0,
249,1531816.9776000000000,671646.2688000001000,487013.6232000000300,2358464.6592000006000,716344.7616000002000,3,3,1,65,0,Male
7172,451587.8952000000000,1235786.4792000000000,3469163.6772000000000,4137099.9696000010000,207164.6928000000200,10,5,2,63,4,Female
6876,1859632.0704000003000,796535.4384000000000,2650548.7007999998000,6703580.3328000010000,1304686.2816000000000,4,4,1,61,0,Female
1506,2868055.4880000004000,352905.1199999999400,2295256.1759999995000,3693150.1440000000000,1122814.9440000001000,2,2,1,36,1,Female
703,1748363.8848000000000,179570.3520000000000,193291.8624000000000,3800109.5808000006000,431769.8112000000500,9,4,2,65,5,Male
9156,1816175.4624000000000,903861.5039999998000,123828.8687999999800,1621182.7008000000000,1138097.9375999998000,21,1,5,72,0,Female
7286,1680910.2180000003000,309232.2870000000700,986279.1120000000000,3861665.0280000010000,669510.2700000000000,16,1,4,63,1,
3778,821604.1680000002000,604055.3904000001000,1245414.6144000000000,2452778.6976000010000,736738.6752000002000,20,5,4,47,5,Male
7624,976435.4080000003000,471754.7640000001000,1323101.8320000002000,1440798.9440000001000,335637.0160000000600,20,5,4,65,1,Male
3220,1076989.4784000001000,340098.4224000000000,3567858.1487999996000,5881878.6048000010000,1507685.7312000000000,17,2,4,44,2,Female
7757,1021573.6128000001000,1226793.1104000001000,779547.9743999998000,3084083.0592000000000,1154209.9296000001000,17,2,4,66,0,Male
7394,2195295.1488000000000,630629.8128000001000,1561917.9888000000000,890326.9440000000000,1280953.6272000002000,21,1,5,64,1,Female
2719,363589.6880000001000,134971.6280000000300,1064456.1840000001000,1313388.0320000004000,161904.2040000000300,25,5,5,42,1,Male
5491,1024438.9247999999000,405509.7599999999500,3326438.0159999994000,5382917.6832000010000,1684294.9056000000000,7,2,2,55,1,Female
986,402903.2160000001000,221346.2880000000300,907470.8640000000000,720521.8560000001000,442368.0720000000400,25,5,5,34,1,Male
154,907818.9120000001000,1136385.2448000002000,3497704.3296000000000,1439904.9600000000000,339910.7712000000000,5,5,1,65,1,Male
4069,1513135.8000000000000,620167.9440000000000,270814.8960000000000,3541155.5520000006000,340726.7160000001000,20,5,4,48,2,Female
2587,731320.8320000002000,388617.4160000001000,2444638.1520000002000,2399442.1440000010000,344392.7520000001000,20,5,4,41,1,Male
1092,286738.5600000000000,257397.5520000000300,1911060.0000000000000,2623233.0239999997000,241884.2880000000000,2,2,1,34,0,Female
1402,170795.9040000000000,920807.7120000002000,894065.4720000001000,1513633.9200000002000,677036.5440000000000,12,2,3,36,1,Male
3595,1059261.6672000003000,322018.1712000001000,354266.3520000000000,3002874.0192000004000,732876.5664000001000,4,4,1,46,4,Male
4686,1337743.0080000001000,236663.1360000000300,2141198.4960000000000,1707999.5520000000000,1043270.4959999999000,12,2,3,51,3,
4312,653176.3920000000000,1146422.3760000002000,1122277.8600000000000,2535592.2240000004000,1138338.4320000003000,4,4,1,49,1,
8188,2791457.5104000000000,755651.7072000002000,1939384.5119999999000,613567.4687999999000,1634273.5967999997000,21,1,5,67,0,Female
4233,1487694.3840000003000,695226.4880000002000,1633614.3120000002000,3315063.4880000004000,286292.5120000000500,3,3,1,49,3,Male
7737,358589.6496000000600,218166.4368000000500,1545887.9592000000000,3580470.3168000006000,146746.7352000000500,8,3,2,65,0,Male
3896,2710938.7008000000000,1426962.0816000002000,993071.0591999998000,187193.9520000000200,640866.6000000000000,22,2,5,47,0,Female
7654,1395524.8944000003000,534994.5744000000000,2215007.9640000006000,884656.2816000002000,495889.1496000000000,13,3,3,65,2,Male
9139,876672.3680000002000,772237.4400000001000,2059851.4560000000000,3973451.0400000000000,117445.4320000000200,2,2,1,71,0,Male
2517,1513663.0080000004000,314725.7520000001000,1633866.4320000000000,2675553.0560000003000,832314.2080000002000,15,5,3,41,0,Male
8236,2346708.7488000000000,836741.5680000001000,1787931.4752000000000,897030.4512000001000,275440.4640000000400,13,3,3,68,5,Male
1416,152307.6000000000000,151373.0400000000000,862074.8400000001000,199114.0800000000200,293070.2400000000500,10,5,2,36,4,Male
6283,1774753.1135999998000,902138.5151999999000,4766554.7711999990000,259796.5056000000000,186526.0224000000000,19,4,4,59,0,Female
7775,326682.0960000001000,899925.1040000002000,931891.8960000002000,2772542.2400000000000,304913.6480000000400,25,5,5,66,0,Male
7717,1939301.9100000000000,1009919.5470000001000,1875648.5280000000000,2906858.9160000007000,226672.8750000000000,1,1,1,65,1,
8658,443124.2400000000000,629601.1800000000000,2880301.7880000000000,3407091.1680000005000,164970.3120000000000,11,1,3,69,0,Female
8848,1832501.9232000003000,646515.6048000001000,971320.3343999999000,240600.6720000000200,1642512.6432000003000,16,1,4,70,0,Female
5316,718664.5440000001000,197609.3760000000200,489796.7039999999000,1378398.9120000002000,193569.7440000000400,25,5,5,54,3,Male
5741,1064633.1840000001000,369609.8400000000000,932387.3279999999000,5047781.7600000000000,466059.1680000000000,18,3,4,56,2,Female
5115,2252985.9840000000000,1083639.7440000000000,400928.1408000000000,1362459.3408000001000,584685.8496000001000,19,4,4,53,3,Male
8918,147565.0176000000200,212893.5744000000400,121169.3184000000200,931903.0656000002000,800673.2448000001000,12,2,3,70,0,Male
851,943639.8480000001000,989604.2160000000000,1882623.7079999996000,3368323.0080000004000,565470.1799999999000,4,4,1,33,0,Female
9444,2943768.6720000007000,1108372.3560000001000,4628236.8600000000000,6080368.9440000010000,722436.4680000001000,6,1,2,73,0,
9326,823423.6400000001000,348645.1800000000500,923905.0080000000000,608567.2320000001000,292094.0360000000000,15,5,3,72,0,Male
8070,2945935.1999999997000,1481270.5440000000000,3966775.0200000000000,916908.7200000000000,724244.5080000000000,1,1,1,67,1,Female
2823,250634.2080000000000,168010.2336000000000,1802299.2768000003000,1604940.9024000003000,168189.6480000000200,7,2,2,42,1,Male
2955,967970.0448000001000,596026.8468000000000,858632.4648000001000,3879438.7104000010000,705498.0768000002000,10,5,2,43,1,Female
161,147971.8656000000000,475285.6368000000000,170317.5551999999700,1199617.2864000000000,1006199.4384000001000,16,1,4,65,0,Female
2112,363718.2720000000000,885409.3440000002000,2087943.5520000000000,2163045.5039999997000,933058.4640000000000,13,3,3,39,4,Male
7923,545800.5540000001000,1145038.1670000001000,276896.8800000000000,1710696.3120000002000,437131.7730000000400,11,1,3,66,1,
8082,478648.5600000000600,251022.3560000000600,512765.4480000000000,707054.1920000002000,356554.2240000001000,14,4,3,67,3,Male
757,2025047.2320000000000,388671.5664000000000,2742720.7391999997000,4599763.8336000005000,498594.6575999999000,1,1,1,65,1,Female
8535,1551364.2560000003000,246639.2240000000500,1597440.6239999998000,2763258.3680000007000,204401.4960000000400,3,3,1,69,3,Male
1619,1069194.5280000002000,633275.6400000001000,1487359.5840000000000,566451.0720000000000,690457.9680000000000,10,5,2,37,5,Male
9723,331136.2080000000400,1475869.3560000001000,2099538.7920000000000,5306413.6320000000000,333862.6200000000500,21,1,5,74,1,Female
2593,2755258.0704000000000,820206.9216000000000,4209643.7856000000000,5868206.1504000010000,567261.1296000001000,15,5,3,41,0,Female
773,388453.9776000000400,261272.1696000000200,2108930.8032000000000,2797675.5456000003000,764849.6544000002000,21,1,5,65,3,Male
2683,146238.4440000000500,160718.1840000000000,846801.3510000001000,3719574.1440000010000,172631.6460000000400,10,5,2,42,5,
8897,552287.8296000000000,1321914.2976000000000,3895003.1952000000000,314125.3440000000000,441040.4856000001000,1,1,1,70,0,Female
4989,954646.2720000000000,926836.4160000001000,4041652.8959999993000,842161.5360000000000,1297123.7759999998000,6,1,2,52,0,Female
9027,2110345.0368000000000,810031.8720000001000,1075322.1024000000000,4248432.1152000010000,502947.1200000000000,2,2,1,71,3,Male
6194,903408.5376000000000,227017.1519999999700,1739896.5888000000000,824073.9840000000000,820460.9664000000000,3,3,1,58,2,Male
7002,500749.1840000001000,971019.1920000000000,429601.8480000000600,2205723.5200000000000,717797.4960000002000,10,5,2,62,3,Male
5409,2301031.2960000000000,738478.3104000001000,2620964.3904000000000,2965835.0592000000000,622472.1407999999000,4,4,1,54,0,Male
2134,848553.4080000000000,1247301.7920000000000,1633865.4720000000000,5305675.9679999990000,619448.4000000000000,9,4,2,39,1,Female
2877,130445.3568000000200,814223.9424000000000,1963419.3216000001000,3667151.7696000000000,146519.5776000000200,9,4,2,43,0,Male
7995,671053.0320000001000,503933.5080000000300,1104735.8400000000000,1675717.6800000002000,442102.3360000000700,3,3,1,67,5,Male
142,691665.8320000000000,143149.5520000000300,1122929.4960000000000,1244838.4000000001000,146618.9400000000300,13,3,3,65,2,Male
5203,1606153.5359999998000,1072721.8800000000000,748083.0815999999000,2470159.4112000000000,370339.6463999999700,5,5,1,53,0,Female
1676,1229537.0160000000000,802686.6720000000000,1167166.2600000000000,2453676.1920000000000,784792.9080000002000,3,3,1,37,1,Female
8234,428700.1680000000000,156633.6096000000500,2672326.7064000000000,3247279.4016000004000,413753.4648000001000,14,4,3,68,5,Male
6402,1598027.6736000000000,284101.7472000000000,208087.8335999999800,3899054.1311999997000,620862.5664000000000,17,2,4,59,2,Male
4123,1017487.3104000002000,246823.4736000000000,883854.1800000000000,1462278.7872000004000,570715.9920000001000,21,1,5,48,1,Male
873,1390997.5680000002000,823805.0880000001000,1728360.5760000000000,1674799.4880000001000,752219.2320000001000,4,4,1,33,0,Male
4811,214299.3600000000000,1208547.9360000000000,2298264.1920000000000,5040214.2720000010000,1387608.0480000000000,15,5,3,52,0,Female
92,1032120.4608000001000,475646.7456000001000,1165135.2336000000000,1483187.8464000004000,159970.3560000000300,8,3,2,65,1,Male
2662,1772255.5488000000000,1519389.1152000001000,1203883.0847999998000,1728891.6480000003000,320081.5728000000000,17,2,4,42,0,Female
8590,2705461.9488000004000,1117623.4992000000000,873250.9343999999000,6878759.0976000010000,1525841.5536000002000,11,1,3,69,2,Female
2383,586434.1824000000000,411831.1296000000400,486676.0800000001000,4211085.5424000010000,353504.1312000000000,12,2,3,40,2,Male
75,844757.2224000001000,1746949.2767999999000,1222012.3968000000000,6973549.6896000010000,1148809.3344000000000,1,1,1,65,1,Female
8534,1782298.5024000003000,874980.5376000003000,1218195.3888000000000,2114483.9039999996000,1188822.9600000000000,17,2,4,69,3,Male
2578,1041434.3808000002000,960667.3824000001000,265573.7568000000300,2670258.6240000003000,657732.0288000001000,22,2,5,41,2,Male
5627,422601.7535999999400,1373832.4031999998000,4295637.1007999990000,5120404.7616000000000,926293.0176000000000,6,1,2,56,0,Female
3680,956570.8416000003000,759994.3296000002000,988280.7264000000000,438863.4624000001000,832505.7312000002000,11,1,3,46,1,Male
9118,2516128.6176000000000,1436610.0528000000000,2934225.7776000000000,6463935.1296000010000,1663051.1040000000000,21,1,5,71,0,Female
566,986236.8880000002000,408906.7320000001000,822557.1120000000000,1202214.2080000000000,140347.1680000000300,19,4,4,65,3,Male
6053,361859.1840000000700,818179.8120000000000,1324948.4279999998000,3596882.1120000000000,406464.9120000000000,5,5,1,57,0,
9537,2201331.2880000000000,680133.6360000000000,524518.0200000000000,493764.3360000000700,688747.4880000001000,16,1,4,73,0,Female
277,3578616.2880000000000,896388.6672000001000,175221.4464000000000,7286164.7040000010000,1761656.2704000003000,6,1,2,65,1,Female
5214,368571.3408000000600,446003.1936000000600,1539597.9743999997000,2495322.8928000005000,148428.7200000000300,25,5,5,53,0,Male
4437,2476392.4800000000000,902678.1120000000000,2880877.5360000000000,2737082.3040000000000,876464.3520000001000,1,1,1,50,1,Female
2718,166314.0160000000300,366181.2880000001000,1299053.9760000000000,1509228.1600000001000,856567.5360000002000,10,5,2,42,1,Male
236,3555946.7424000003000,623415.6864000000000,5071609.1088000000000,6539940.5760000000000,677274.9984000000000,1,1,1,65,0,Female
5168,774965.0880000000000,463291.0080000000300,109965.6000000000000,607514.3040000000000,154384.0320000000000,20,5,4,53,0,Male
2322,2086910.2848000003000,552768.9024000001000,2366132.6304000000000,3884481.2160000005000,981277.7568000001000,22,2,5,40,4,Male
4776,2541969.9072000000000,578451.9744000001000,5027416.2431999990000,4716088.0128000000000,1454044.2624000000000,5,5,1,51,0,Female
9637,963170.0000000000000,484079.4400000000600,1217059.2720000000000,1999252.9440000001000,159451.1360000000300,4,4,1,74,4,Male
4352,1627599.9168000000000,803430.3168000000000,1366809.5520000001000,2625257.0880000005000,845080.5600000000000,5,5,1,50,0,Male
4902,1350836.0064000003000,692599.4208000001000,1027959.4655999999000,392839.0272000000000,470637.7343999999600,5,5,1,52,3,Male
3048,2604461.9039999996000,888639.8400000000000,970002.0000000000000,4393524.3264000010000,1402621.8624000002000,5,5,1,43,0,Female
7121,474985.8360000000700,548652.5460000001000,902380.6350000000000,1346731.3080000004000,275913.8460000001000,21,1,5,62,0,
5155,258128.2944000000000,301707.9359999999000,1240421.2992000000000,1224160.8192000000000,640981.3824000000000,24,4,5,53,1,Female
5811,1439694.9503999997000,198237.8879999999500,2643299.8271999997000,3184662.5279999995000,878806.5408000001000,11,1,3,56,0,Female
1254,515312.0800000001000,325306.0800000001000,637576.5600000000000,964602.8800000001000,223135.3600000000200,15,5,3,35,2,Male
5516,875293.8624000000000,394991.9424000000000,3076521.5231999997000,5515422.1056000000000,168289.4016000000000,15,5,3,55,2,Female
8130,3000779.6832000000000,309949.0992000000000,3611813.5872000000000,6985006.3296000010000,627182.8992000000000,1,1,1,67,1,Female
5823,1076001.5807999999000,267679.9872000000000,2475836.9280000000000,2749442.5728000000000,246903.3792000000000,20,5,4,56,0,Male
9641,1170821.9952000000000,459075.7080000000400,2162276.8128000000000,2200953.0816000000000,538199.6256000000000,13,3,3,74,4,Male
1013,812300.7360000001000,404119.0080000001000,2224886.4000000000000,675783.9360000001000,226762.6560000000000,9,4,2,34,2,Male
7342,2036770.9440000001000,1172544.7968000001000,1648759.1328000000000,1906119.3216000001000,682228.8096000002000,2,2,1,64,0,Male
6867,303054.3360000000700,119712.4344000000300,873997.8624000001000,2054623.3344000000000,123432.8472000000000,3,3,1,61,0,Male
6257,388740.9024000000000,480230.5535999999000,965559.3983999997000,1972230.6815999995000,286714.0799999999600,17,2,4,58,0,Female
1740,617406.4800000001000,637188.2100000001000,526539.4199999999000,1389398.0400000000000,514336.0500000000000,24,4,5,37,2,
7475,2329122.1824000000000,441619.5264000001500,1675326.5568000000000,2146355.8272000000000,210680.4960000000000,12,2,3,64,0,Male
7370,371452.5360000000000,173332.8480000000000,1836103.9320000000000,5198949.6000000000000,963551.0040000000000,23,3,5,64,4,Female
2014,332011.2000000000000,925670.1600000000000,3472815.6000000000000,2895677.7600000002000,929574.1200000001000,18,3,4,38,0,Female
208,657335.6400000000000,351995.9040000000400,695988.5400000000000,3701492.4960000000000,1163187.1680000000000,21,1,5,65,0,Female
4673,351729.5615999999600,990180.7488000001000,2089916.4671999998000,1910766.1824000003000,499977.5616000000000,21,1,5,51,3,Male
5850,1596916.6848000004000,265698.4896000000300,611048.4480000001000,3247000.4736000000000,760298.1408000002000,25,5,5,57,0,Male
6006,2474458.6752000000000,1676411.2511999998000,531760.7231999999000,617823.5904000000000,752597.2224000000000,7,2,2,57,0,Female
6264,1899912.3840000000000,396447.2640000000000,1557599.3280000000000,152237.5680000000300,838765.9199999999000,5,5,1,58,0,Male
2059,2619251.7120000000000,409848.9119999999500,2632080.9599999995000,2720379.4560000000000,147669.4080000000000,24,4,5,39,0,Female
1031,917713.4400000000000,542624.8320000000000,4224343.9679999990000,4374570.2399999990000,234977.9040000000000,4,4,1,34,2,Female
7618,1564524.3120000002000,1329638.5440000000000,2698640.5680000000000,2309115.1200000000000,550366.9080000000000,16,1,4,65,1,Female
3320,329900.5600000000600,562261.9200000000000,2523407.3040000000000,816018.7200000002000,387975.0160000000600,5,5,1,45,0,Male
8782,1186005.9744000002000,989172.8496000001000,4486409.5536000000000,4099176.8064000006000,657628.1712000000000,6,1,2,70,1,Female
5689,145779.8400000000000,373085.7983999999700,2090201.5872000000000,3390312.4992000000000,743255.3088000000000,22,2,5,56,0,Male
1475,121577.4720000000000,1241129.0880000000000,2413631.0879999995000,3469460.5440000000000,853968.9599999998000,19,4,4,36,2,Female
2836,1367705.1168000002000,1144898.7264000000000,523840.9968000000000,1877779.4112000002000,1215927.3456000001000,9,4,2,42,0,Female
6203,642994.9440000001000,382842.8160000000500,2873797.3440000000000,3764361.6000000000000,317911.9680000000500,23,3,5,58,1,Male
989,592877.5680000001000,709974.7200000000000,340179.8400000000000,766567.6800000000000,944194.7520000001000,9,4,2,34,1,Male
3622,681625.2960000001000,1010437.2960000001000,3793633.2720000003000,2500471.7760000000000,1086249.5160000000000,9,4,2,46,1,Female
8482,1849650.6080000002000,645162.5440000001000,1979940.1439999999000,3388171.0720000006000,798811.5200000000000,18,3,4,69,5,Male
7206,2055438.4032000003000,1405783.2672000001000,3333725.5535999998000,3078130.3488000003000,1776061.4976000000000,14,4,3,63,1,Female
6869,511011.0720000001000,489204.0400000000400,2701010.8320000004000,3710841.4720000010000,106436.2000000000100,10,5,2,61,0,Male
3626,635126.8000000002000,351478.9520000000500,1289383.6560000002000,1959191.8720000004000,855422.3920000002000,5,5,1,46,1,Male
7863,3368069.0784000005000,886553.1792000000000,183314.6640000000000,2291310.0288000000000,433250.6256000000000,21,1,5,66,2,Female
9280,942334.2864000001000,187587.8784000000200,2630892.1392000000000,995288.4864000004000,859992.4944000001000,8,3,2,72,2,Male
3321,1326887.8128000004000,531802.1808000002000,2033218.5192000004000,579542.1984000001000,343274.2632000000400,5,5,1,45,0,Male
4815,804916.5695999999000,500224.5503999999500,4852197.5615999990000,1376087.2704000000000,1562701.4208000002000,24,4,5,52,0,Female
191,877731.9200000002000,330272.2800000000000,2471196.6240000003000,628548.9600000001000,797105.6080000001000,18,3,4,65,1,Male
2126,504723.3600000001000,618059.4400000001000,1989380.6400000000000,2339106.8800000004000,130331.3600000000200,15,5,3,39,3,Male
8143,1449703.2576000001000,1105315.6608000002000,2836983.4272000003000,660254.8992000001000,663613.0176000001000,3,3,1,67,0,Male
8201,787756.9440000001000,373018.9840000000500,1430351.9880000001000,1423516.2240000004000,120374.0200000000000,9,4,2,67,0,Male
2870,645880.7520000001000,138977.9424000000300,4203287.5104000000000,453150.0864000000300,1250557.5456000000000,4,4,1,43,0,Female
5130,773378.4959999999000,677870.8992000000000,1637444.1600000000000,835443.7632000000000,1289907.5904000000000,22,2,5,53,2,Female
2872,823270.5360000002000,483240.6480000000400,1960142.9760000003000,1964912.4000000001000,367015.8360000000000,10,5,2,43,0,Female
956,1294841.2800000000000,114218.2080000000100,2252508.4800000000000,3233624.8320000004000,159561.0240000000000,4,4,1,34,4,Male
1133,1584345.5999999999000,663810.8400000001000,592653.6000000000000,624446.8800000000000,703283.2800000000000,24,4,5,35,0,Female
6566,504585.9935999999000,1507487.3424000000000,3486888.4752000000000,5357305.3248000005000,1209591.3024000002000,7,2,2,60,1,Female
6682,629042.9600000001000,109424.4320000000200,2638128.1680000000000,1008588.2560000000000,750067.6560000001000,25,5,5,60,0,Male
6618,1736850.8352000006000,560872.9152000000000,2917847.4624000000000,4776945.6384000010000,251407.6032000000400,14,4,3,60,2,Male
286,301973.2560000000500,227611.6128000000300,1669465.2312000000000,1711865.7504000003000,820618.2504000001000,9,4,2,65,4,Male
1852,660743.5680000000000,573449.6520000000000,2659320.0719999997000,233181.5040000000200,1055585.6280000003000,8,3,2,38,4,Female
9560,2154365.2728000004000,144885.2184000000000,3848394.0456000000000,3687517.8288000003000,923802.7968000000000,21,1,5,73,0,Female
9678,2076667.0080000004000,997541.8752000001000,517540.9824000000400,1877354.9184000000000,580948.6176000000000,24,4,5,74,3,Male
8591,3021489.7440000000000,878266.7400000001000,1069535.3760000000000,6184419.0720000010000,861796.2600000000000,16,1,4,69,2,Female
8778,764781.8880000002000,928599.6096000002000,1997988.9696000002000,1416752.0640000002000,220848.8256000000000,24,4,5,70,0,Male
2203,350178.0000000000000,310699.4400000000000,2811552.8399999994000,3762989.7600000002000,1116533.8800000000000,23,3,5,39,0,Female
3459,433885.9536000001000,234996.7752000000600,1117192.3488000003000,883155.0816000003000,349957.7928000001000,5,5,1,45,2,Male
458,2085917.6520000002000,1168494.0930000000000,3449353.1670000004000,685414.5480000001000,1037227.5810000001000,6,1,2,65,0,
4566,886828.0320000000000,908300.0448000000000,451760.0256000000000,3660688.2816000000000,293831.7696000000000,6,1,2,50,0,Male
9826,3409208.1503999997000,1275250.0176000000000,5184664.8047999990000,2555618.4576000000000,743652.5616000001000,6,1,2,75,4,Female
4647,1046113.2288000000000,906103.1808000001000,1842213.1967999998000,1944350.6688000000000,1142139.4559999998000,18,3,4,51,0,Male
9177,1858251.7200000000000,930288.3720000002000,3452324.1480000000000,1080189.5520000001000,1327134.7440000002000,1,1,1,72,5,
5082,655622.7264000002000,274094.4096000000000,1899625.4784000004000,666433.2672000001000,436454.2656000000400,25,5,5,53,0,Male
258,1491741.3888000000000,728943.0408000002000,2608049.6208000000000,1327716.7488000002000,839800.3536000001000,23,3,5,65,5,Male
918,897539.5200000001000,800196.3840000001000,2518312.8960000000000,3805184.6400000000000,109812.1920000000200,19,4,4,34,5,Male
5205,2658339.3024000000000,955724.1407999998000,2277347.7887999993000,1913954.2272000000000,1491447.5136000000000,2,2,1,53,0,Female
4238,1727756.1180000002000,567380.3850000000000,1230773.0489999999000,224373.2040000000300,687142.0710000001000,13,3,3,49,3,
5181,434724.4800000000400,469885.0176000001000,1641813.2352000000000,4242741.3504000000000,1072041.7536000000000,13,3,3,53,0,Male
6340,1152386.6112000000000,1143584.8704000000000,572365.0944000000000,2784915.7632000000000,317942.8992000000400,7,2,2,59,1,Male
8633,818937.4752000002000,297430.6608000001000,2475114.1272000005000,2496270.8160000000000,529874.0928000001000,23,3,5,69,0,Male
5254,194913.3312000000200,610966.5408000000000,1705007.9231999996000,138102.6815999999800,182924.4672000000000,4,4,1,54,5,Male
5876,1063182.4560000000000,243188.1360000000000,2308982.7600000000000,2203693.7760000000000,253044.9720000000000,3,3,1,57,5,
8844,2052778.0416000006000,940389.8400000001000,2663317.9872000000000,2035748.5824000000000,1076440.9344000001000,22,2,5,70,1,Male
1673,1444989.3120000000000,863233.4880000001000,142208.7839999999600,3234568.8959999993000,1098462.2400000000000,14,4,3,37,1,Female
6226,1007168.6400000001000,175754.1120000000200,850662.4319999999000,505780.9920000001000,920269.4400000001000,5,5,1,58,0,Male
5700,339580.6080000000700,767341.3440000000000,395905.5359999999600,1948800.0000000000000,885936.8640000001000,25,5,5,56,3,Male
3513,512408.1600000000300,1304335.2960000000000,967704.0120000000000,804641.3760000000000,532155.6240000001000,22,2,5,45,1,
6843,3097186.8720000004000,1384096.2720000000000,2705042.8080000000000,3320710.8480000007000,1046296.0560000001000,5,5,1,61,0,Female
5062,2551472.3520000000000,1215859.2480000000000,3305267.8559999997000,4678767.3599999990000,266532.3360000000000,20,5,4,53,4,Female
5570,706761.3120000000000,403414.8960000000000,1371922.2719999999000,137281.3440000000000,130488.7200000000000,15,5,3,55,0,Male
21,1978041.5616000004000,1168840.6080000000000,2569512.8160000000000,4808138.6496000000000,653205.9456000001000,8,3,2,65,5,Male
9360,1275132.0816000004000,299851.9056000000600,1364284.7712000000000,835532.0064000002000,111558.6576000000200,23,3,5,72,0,Male
443,873928.4320000000000,105355.2240000000000,916692.8160000001000,3021258.2400000000000,304005.9360000000500,9,4,2,65,0,Male
3557,1217721.3312000001000,231175.4016000000400,134567.7696000000300,1410194.2272000003000,561236.2272000002000,19,4,4,46,0,Male
4286,1248010.1568000002000,132853.7232000000000,1833508.3535999998000,3850750.2528000010000,245545.3439999999800,2,2,1,49,1,Female
6419,102448.8000000000000,612570.3840000001000,1175208.3936000000000,2798958.4128000005000,265548.6720000000000,5,5,1,59,2,Male
7016,1584031.1760000002000,1080402.6870000002000,2432040.0390000000000,671061.4560000001000,1080619.2540000002000,4,4,1,62,3,
4838,1362069.2159999998000,172906.7040000000000,1339493.7600000000000,2756655.3600000000000,781759.7280000000000,11,1,3,52,5,
541,1148634.8640000000000,597618.0756000001000,2914334.1864000000000,4190775.4512000005000,220425.0516000000000,11,1,3,65,1,Female
762,186701.8400000000300,248031.7320000000500,1467025.0920000002000,978415.5680000002000,397874.9840000000500,3,3,1,65,1,Male
4239,1512098.2800000003000,526471.2090000000000,1661006.0610000000000,247659.5880000000200,483760.1340000001400,25,5,5,49,3,
6103,2915806.4639999997000,1027000.5119999999000,4765548.0383999990000,3795383.3471999997000,128080.5695999999900,6,1,2,58,4,Female
568,936988.5200000001000,475860.8920000001000,339307.1760000000000,354444.8960000000700,295776.7800000000000,25,5,5,65,3,Male
5447,967192.3200000000000,644377.4400000000000,257822.2079999999800,3464319.3600000003000,751814.5920000002000,20,5,4,55,1,Male
8048,1914450.7200000000000,417523.3920000001000,2002686.8160000000000,1412913.6320000002000,209904.7600000000000,13,3,3,67,1,Male
654,577398.0160000001000,493293.6320000000400,1743891.2400000002000,1160869.2160000002000,167413.0640000000000,13,3,3,65,0,Male
894,1772575.2000000000000,568032.8400000000000,1407395.1600000000000,4640497.4400000000000,859434.1200000001000,9,4,2,34,0,Female
7096,2805925.4496000000000,884932.2143999999000,5218673.0543999990000,3828245.2416000003000,796518.7776000000000,7,2,2,62,0,Female
8748,3169245.8304000003000,1009438.7472000000000,4108991.3279999997000,7209966.0671999995000,867613.7808000001000,1,1,1,70,4,Female
4216,2898370.2528000004000,149180.6448000000400,2096168.5008000000000,808369.6896000000000,603585.4175999999000,16,1,4,49,1,Female
7634,2339231.9808000000000,984721.1712000001000,3468984.8543999996000,3894343.5648000003000,541293.0432000001000,22,2,5,65,3,Male
5568,1318148.5824000000000,302492.1600000000300,488055.9744000000000,391195.2384000000000,143110.5408000000200,7,2,2,55,0,Male
2432,1827341.0496000003000,832892.4384000001000,647980.1856000000000,1122724.4160000002000,686321.3280000001000,9,4,2,40,0,Male
9874,2356976.7936000000000,492049.0224000000000,471746.2463999999500,4034923.0272000000000,999225.3024000000000,21,1,5,75,1,Female
2846,461351.2464000001000,536212.0368000001000,1657357.8912000002000,2112312.4704000000000,680090.2416000002000,5,5,1,42,0,Male
1233,1703363.2800000000000,228177.4800000000000,443390.0400000000000,2431317.6000000000000,932209.0800000000000,14,4,3,35,3,
2065,2149585.6320000000000,1353661.9199999997000,4202062.2719999990000,4250424.9600000000000,981523.5840000000000,9,4,2,39,0,Female
9660,561694.2240000000000,130460.1480000000000,357048.4320000000000,5111735.6160000000000,640525.3920000000000,16,1,4,74,1,Female
3643,2180340.6240000003000,653147.4840000000000,1532187.3600000000000,3524351.9520000005000,1003890.2280000000000,4,4,1,46,3,
5041,269026.9200000000000,537903.0719999999000,3052491.4800000000000,294170.8320000000500,607967.8560000001000,5,5,1,53,5,
4772,1197024.3072000000000,258126.5664000000400,1108020.3839999998000,1993662.0288000000000,1084996.6847999997000,9,4,2,51,0,Female
1859,2124481.5360000000000,231739.9200000000000,1095016.3199999998000,549546.0480000000000,1055020.7520000000000,24,4,5,38,4,Female
1709,1397473.6800000002000,197692.6800000000200,3209359.3200000000000,1420266.7200000000000,1159713.7200000000000,10,5,2,37,2,Female
6498,779285.8319999999000,457108.5479999999500,3036643.2720000000000,4898996.5440000010000,1080746.6280000000000,13,3,3,60,0,Female
2885,204352.9840000000500,218658.0440000000500,1054535.5920000000000,776674.2720000001000,311573.7680000001000,10,5,2,43,5,Male
5102,566490.9120000000000,347641.5360000001000,356839.2000000000000,1462812.8640000000000,425913.4080000000500,13,3,3,53,1,Male
306,3107156.2080000000000,1460717.5440000000000,3433896.1799999997000,1101661.3920000002000,1132530.9840000000000,21,1,5,65,3,Female
8312,1514107.1088000000000,727706.4912000002000,1425786.9912000003000,1707546.2976000002000,788115.0888000000000,8,3,2,68,3,Male
3035,1438404.4620000003000,590383.9260000001000,1077788.0520000004000,2612282.1120000007000,479592.0360000000000,21,1,5,43,1,
8348,958216.6464000001000,864662.4480000000000,2306943.4752000000000,4707373.1328000010000,269444.6976000000000,13,3,3,68,2,Male
1421,345235.5200000000000,262641.0000000000000,1045567.5600000000000,1141143.3600000000000,334817.2800000000000,5,5,1,36,1,Male
9855,610115.7920000001000,140358.6600000000000,1196628.5760000001000,1673136.6080000002000,235082.1720000000200,12,2,3,75,0,Male
1338,692139.0720000000000,869200.5120000001000,1331977.8240000000000,452306.3040000000600,505858.8480000000000,8,3,2,35,0,Male
145,860293.2000000001000,195074.4120000000400,198850.2360000000300,1058872.0480000002000,434868.3040000001000,22,2,5,65,2,Male
5636,1125826.3872000002000,216124.8479999999700,2282220.2304000002000,2727477.9648000000000,694777.5648000002000,20,5,4,56,0,Male
693,215069.5040000000200,880241.5440000002000,451965.6960000000000,3228606.7840000005000,859243.5280000002000,18,3,4,65,0,Male
4729,418246.8480000000600,757402.6560000001000,2572289.8560000000000,1493501.5680000000000,953986.9440000000000,10,5,2,51,1,Male
533,448993.8960000000700,872549.0280000000000,589928.5080000000000,2244624.0960000000000,996109.9199999999000,21,1,5,65,4,
1432,2069698.4640000000000,260141.4720000000000,566132.5439999999000,1047873.0240000001000,936562.1760000000000,4,4,1,36,1,Female
5141,808150.5600000000000,220961.2800000000000,773358.0480000000000,591489.4080000000000,351535.0080000001000,10,5,2,53,2,Male
9330,1826374.3680000000000,102253.0080000000200,141258.1248000000000,581353.8432000001000,760824.6048000001000,12,2,3,72,0,Male
3973,2108340.3264000000000,104592.4704000000200,839821.9104000002000,855055.0272000001000,157791.3216000000000,4,4,1,48,0,Male
1821,175018.1760000000000,691548.5760000001000,1987425.5039999997000,1596484.6080000000000,897648.7680000002000,13,3,3,38,0,Male
6408,1495754.4959999998000,1009092.7872000000000,2519894.0160000003000,3687346.4832000000000,576815.3856000000000,19,4,4,59,2,Male
688,1686319.8144000000000,557051.1648000001000,3113279.0208000005000,951061.8624000001000,1225372.2624000001000,17,2,4,65,0,Male
814,2385927.3984000003000,755690.8320000000000,335464.2720000000000,908809.5744000002000,942663.8208000001000,1,1,1,65,1,Male
6767,1760814.9936000004000,548060.5728000002000,884156.0832000001000,1853387.0784000002000,159815.4480000000000,10,5,2,61,0,Male
2759,1471574.4120000002000,467645.5080000000300,1827472.1850000000000,2086664.9760000003000,957140.2170000002000,21,1,5,42,3,
4316,404892.2592000001000,438633.9936000000500,4658906.4191999990000,873695.1168000001000,181449.1008000000400,2,2,1,49,0,Female
9175,436808.1120000001400,403881.8680000000000,331948.5000000000000,1987409.0080000004000,211023.2800000000300,25,5,5,72,5,Male
4372,944975.7120000002000,228854.4000000000200,897990.0480000000000,1538935.1040000003000,122236.3680000000000,15,5,3,50,5,Male
5852,148224.8448000000200,400106.8800000000000,3011745.7152000004000,3352900.1472000000000,390285.0432000001000,19,4,4,57,0,Male
2101,1045423.5840000000000,600834.6720000000000,1695021.9839999997000,3330200.4480000000000,152891.7120000000000,12,2,3,39,1,Female
9289,558070.8640000000000,855338.2240000003000,1243057.9200000002000,373623.7440000000600,229250.4240000000300,8,3,2,72,2,Male
6774,1011812.2560000000000,782051.8368000000000,2848117.3343999996000,1170284.5440000000000,782388.4224000000000,20,5,4,61,3,Male
7657,1671760.0224000001000,1392156.9792000002000,956752.9920000000000,1527376.7807999998000,1791287.5967999997000,11,1,3,65,2,Female
9604,387101.7280000000600,947496.8880000002000,633955.6080000000000,3459968.9280000003000,406701.1520000000600,14,4,3,74,0,Male
2701,2616027.0048000000000,1082167.4160000000000,845672.5728000000000,3417428.6784000000000,1183373.7696000000000,12,2,3,42,4,Female
8756,598508.4560000001000,279363.1360000000600,563430.0360000001000,1123054.6080000000000,256354.1240000000400,20,5,4,70,4,Male
9061,1012970.1920000000000,250786.1720000000200,1242243.1320000000000,1714137.7760000003000,508199.3280000000400,3,3,1,71,2,Male
7210,1518666.6560000004000,835921.0080000001000,2540401.3440000005000,3715724.0640000002000,623987.9360000001000,20,5,4,63,1,Male
7182,108603.5184000000300,621108.7272000002000,444605.8031999999700,1834966.9728000003000,179771.8104000000500,18,3,4,63,4,Male
2648,1380178.0608000003000,1014356.2176000002000,1403154.0864000001000,2043979.6608000007000,643819.5456000001000,14,4,3,41,0,Male
9397,481020.4880000000000,165031.6720000000200,426679.9680000001000,2015641.2640000002000,397734.4280000001000,12,2,3,73,5,Male
4361,1506204.2880000000000,1383098.8031999997000,1245625.5167999999000,1587859.2000000000000,218953.8431999999700,25,5,5,50,0,Female
1,115790.1888000000200,797831.0496000001000,895085.9424000000000,1115144.9088000003000,792045.9456000002000,17,2,4,65,0,Male
7553,2433191.1552000000000,892979.4432000001000,401176.7136000001000,2928739.5072000000000,1076814.2112000000000,6,1,2,65,0,Male
1312,1031540.1600000001000,451741.4400000000600,132924.0000000000000,1958035.8400000003000,718718.4000000000000,10,5,2,35,1,Male
5043,718476.4800000000000,902932.1280000000000,4196691.2159999990000,2960425.1520000000000,171369.2160000000000,16,1,4,53,5,
6884,1330519.8816000002000,1498182.0048000000000,2273809.4496000000000,7424475.5520000000000,857605.8816000001000,21,1,5,61,0,Female
6091,823045.2480000000000,922926.0672000000000,558033.7535999999000,320410.3680000000000,745623.8208000000000,24,4,5,58,1,Male
3068,103524.5200000000200,102252.6120000000200,543914.5800000001000,1420628.8800000001000,101419.9120000000100,13,3,3,43,0,Male
5894,2742218.2080000000000,676178.6399999999000,830350.2239999998000,1383095.8080000000000,755944.8480000000000,10,5,2,57,4,Female
1499,1530740.3520000002000,847931.9040000000000,1766383.7759999998000,3678999.9360000000000,801096.4800000000000,9,4,2,36,2,Male
4126,1207546.1640000000000,623654.4600000001000,1498802.4810000001000,588416.4000000000000,427938.9840000000500,3,3,1,48,1,
9376,1451823.6096000000000,1612977.1632000000000,5470521.4512000000000,2063462.9183999998000,1506090.0816000002000,6,1,2,73,0,Female
2694,1488913.9848000002000,579396.5100000000000,3537522.6876000000000,3051101.9088000003000,681524.7120000000000,10,5,2,42,4,Female
7102,385018.4832000000000,161591.1648000000000,2879073.4752000000000,1002457.4976000001000,496237.9968000001000,18,3,4,62,0,Male
2789,837171.3240000003000,204941.9790000000200,1174124.7540000002000,2133071.4240000006000,634563.9630000002000,19,4,4,42,2,
8652,3058104.1920000003000,1197485.7960000000000,1206212.9040000000000,2078505.9360000002000,1224047.7600000000000,1,1,1,69,0,Female
8953,1685356.8576000005000,870259.8528000002000,3026821.0752000003000,2889354.6240000000000,201867.4944000000500,21,1,5,71,5,Male
3682,464372.3040000000600,828120.0840000001000,2465162.9640000000000,3119869.6320000000000,1053592.9800000000000,10,5,2,46,1,Female
602,1636876.2384000001000,606355.6824000000000,1852256.2032000000000,2767482.0576000004000,294803.1216000001000,23,3,5,65,2,Male
9763,3049096.0032000000000,1612859.6016000000000,4977400.1472000005000,4242286.7136000000000,1264162.1616000000000,16,1,4,74,0,Female
7085,276401.1744000000000,348976.8360000000700,2513301.2424000003000,3664773.5904000006000,718154.4240000001000,8,3,2,62,0,Male
9804,1685925.4464000002000,223292.0352000000000,2107125.4464000002000,4067868.9792000004000,1021452.5568000001000,22,2,5,75,5,Male
173,467981.7792000000500,1112293.8528000002000,583450.3584000000000,2447195.7120000003000,246268.0896000000600,24,4,5,65,0,Male
6558,2191686.9312000005000,627022.0320000001000,1955789.2224000000000,2204418.7776000006000,123908.6784000000200,3,3,1,60,0,Male
2114,705905.8560000001000,491775.3600000000400,1097372.4480000000000,399223.6800000000000,749826.0480000001000,22,2,5,39,4,Male
9254,985496.6160000000000,1149877.2870000002000,2848534.8840000000000,2215352.4120000000000,191647.7550000000000,21,1,5,72,3,
7270,1869414.0192000002000,933340.3560000001000,417583.5768000001000,3268473.8112000000000,269862.0912000000000,23,3,5,63,0,Male
1488,686712.0000000000000,239039.8000000000200,1005695.0400000000000,1192819.2000000000000,361639.9200000000400,25,5,5,36,2,Male
1105,387654.3360000000700,692783.7840000001000,1213044.7680000002000,1222387.4880000004000,137776.8240000000200,25,5,5,34,0,Male
8008,1311525.4464000002000,959438.1888000001000,2125099.2671999997000,2988243.1488000000000,352649.1072000000000,13,3,3,67,1,Male
9664,1225822.1040000000000,640689.3480000000000,960066.8999999999000,2052589.9680000000000,514514.5200000000000,21,1,5,74,1,Female
3085,2146013.3376000000000,1052920.9152000000000,1885914.3599999999000,974798.0352000000000,209905.1856000000000,17,2,4,44,0,Female
5825,564588.5760000000000,414142.7040000000000,903369.4559999999000,487464.1920000000400,476126.5920000000000,20,5,4,56,0,Male
4557,1182976.7040000000000,660697.3439999999000,4892995.6415999990000,2944923.9552000000000,857694.8735999998000,14,4,3,50,0,Female
5048,745122.5856000001000,366901.7472000000400,556870.2048000001000,2702213.9136000006000,627377.0976000000000,24,4,5,53,1,Male
5057,1362621.6575999998000,255160.8000000000000,1351472.9472000000000,3556742.4000000000000,779234.6879999998000,16,1,4,53,4,Female
2003,1571675.7120000003000,280923.5520000000000,1666508.5440000000000,185936.6400000000000,502467.8399999999700,19,4,4,38,1,Male
3226,518249.3184000001000,744037.8264000001000,1740348.0072000003000,2710457.1648000010000,136059.4224000000400,3,3,1,44,2,Male
4664,538664.2559999999000,163114.5599999999700,1212930.0287999997000,1455466.7519999999000,124205.0112000000100,20,5,4,51,1,Female
5948,2127266.8416000000000,512938.2528000000000,1964001.5999999999000,2866384.2816000003000,910888.7039999999000,17,2,4,57,1,Male
9153,2375214.5664000004000,1078497.7632000000000,2051246.2463999998000,6384625.9776000010000,1864024.1567999998000,16,1,4,72,0,Female
648,3181978.0511999996000,1260189.0288000000000,369391.2768000000000,1760542.6176000000000,1679441.4000000000000,1,1,1,65,0,Female
3020,1479993.1520000005000,268033.2160000000000,1902334.3680000005000,3438794.3040000010000,109427.3840000000200,20,5,4,43,0,Male
9751,1517822.8416000000000,899292.7008000001000,769782.4992000001000,2816449.4592000000000,930833.5296000001000,12,2,3,74,0,Male
7081,3092455.7040000004000,287176.5000000000000,1571991.4079999998000,3457389.3120000004000,1018057.4040000000000,11,1,3,62,1,
2419,385276.9536000000700,989419.2000000001000,302259.5135999999500,3491533.0560000003000,455422.8096000001000,2,2,1,40,1,Male
859,934442.4960000000000,469833.9120000001000,1176752.2320000000000,2328653.6640000003000,167706.2880000000300,5,5,1,33,0,Male
1662,163325.0880000000500,334761.9120000000700,401786.1360000000000,1130255.7120000003000,381051.3600000000400,25,5,5,37,0,Male
7387,189027.2800000000300,270311.7560000000500,1007751.8879999999000,701449.2160000000000,493331.9040000001000,13,3,3,64,4,Male
113,1682966.4800000002000,360951.9680000000500,1306293.1440000000000,2627228.4480000010000,872618.2400000001000,5,5,1,65,2,Male
3251,1139133.6000000000000,1144255.6224000002000,1837792.7567999999000,1922267.0016000003000,499550.9904000000700,11,1,3,44,0,Female
6646,3149695.7856000005000,1023832.1808000000000,3841815.1823999994000,960044.7168000000000,211083.3504000000500,1,1,1,60,0,Female
2358,911166.0800000001000,121635.8000000000000,1087048.7760000000000,1702982.6880000003000,313060.4400000000600,19,4,4,40,3,Male
8974,1915549.7920000004000,889768.6720000001000,2428498.8000000003000,864165.5360000002000,205132.6160000000400,23,3,5,71,4,Male
3709,155378.4320000000300,217897.5040000000700,486590.5440000000000,1130116.4160000002000,143063.1840000000400,15,5,3,46,1,Male
5478,815981.4720000000000,638386.3800000000000,627273.0719999999000,4139458.5599999996000,640901.4840000000000,14,4,3,55,0,
7823,1462163.7420000000000,1156863.1230000000000,2059753.6440000000000,459934.0200000001000,495907.8930000000400,11,1,3,66,4,
3856,632733.0240000000000,341670.8064000000000,2159017.9776000000000,2037556.2240000004000,244231.1520000000000,24,4,5,47,2,Male
8827,2467343.1744000000000,1012328.0544000001000,3555882.3456000000000,2881652.4672000000000,509138.6976000001000,2,2,1,70,2,Male
784,305619.7248000000000,1066101.7536000000000,3995025.8399999994000,4806825.7536000000000,929012.1983999999000,1,1,1,65,2,Female
4774,425312.9855999999600,853149.3696000000000,1370301.2352000000000,1493327.9231999998000,314137.2672000000600,15,5,3,51,0,Female
1947,953246.1600000001000,458192.3040000000600,443648.6640000000000,951481.1520000000000,550553.9040000001000,20,5,4,38,2,Male
8360,257593.6480000000200,517747.2560000000500,169692.9000000000200,1944680.1920000003000,284372.8160000000500,18,3,4,68,2,Male
6377,1846844.6400000000000,733313.8080000000000,3375406.9440000000000,177059.5200000000000,553649.1840000000000,24,4,5,59,3,
2267,2599528.6944000000000,1067762.5200000000000,387516.5711999999500,4509371.7503999990000,873189.3456000000000,12,2,3,40,0,Female
9380,2420452.6320000000000,1265539.7040000001000,866296.0800000000000,4176957.4080000003000,492460.6440000000300,11,1,3,73,0,Female
3293,1045444.7520000001000,818437.4352000001000,2075205.6467999998000,2136537.6912000002000,963582.8796000001000,21,1,5,44,0,Female
3860,712681.5168000000000,570279.4416000000000,3339570.1680000000000,3625818.4512000005000,1435790.9808000003000,17,2,4,47,2,Female
6461,1679342.2848000000000,353100.2111999999600,3891490.9055999992000,1280846.8224000000000,750728.5632000001000,12,2,3,59,0,Female
9030,2010182.8032000000000,186591.9744000000400,131347.3824000000000,2008142.8224000002000,395154.6144000001400,18,3,4,71,3,Male
4869,1293192.3456000001000,721432.9728000001000,3311869.2480000000000,4154119.3728000010000,745185.8304000002000,3,3,1,52,4,Male
404,1135979.5824000004000,461428.9056000001000,768258.6912000000000,346832.9280000001000,715931.2368000001000,8,3,2,65,0,Male
655,889013.3616000003000,790436.4624000002000,1144526.7600000002000,1607427.2448000005000,528793.6680000001000,8,3,2,65,0,Male
9833,3736542.7008000000000,1792274.8896000000000,5361369.9983999990000,960624.2880000001000,685430.5536000000000,1,1,1,75,4,Female
6662,1329074.5104000003000,838240.5096000001000,2323880.8632000000000,714169.4976000002000,785687.3856000002000,15,5,3,60,1,Male
9798,1395486.8928000003000,558454.7904000000000,551441.7792000000000,849508.1088000002000,686390.6400000000000,7,2,2,75,0,Male
6171,444814.5024000000600,1642448.6208000001000,2113879.6799999997000,966802.8672000000000,438205.5935999999600,1,1,1,58,2,Female
702,2072539.1232000005000,953394.8736000000000,3349346.4576000000000,3041588.6592000000000,924012.7104000002000,22,2,5,65,5,Male
2726,406617.5520000001000,403467.0640000001000,1625765.8560000001000,1192832.9600000002000,596556.9280000002000,10,5,2,42,3,Male
3109,1660020.5952000003000,1016277.2928000002000,3042542.7648000000000,776452.3008000002000,386920.8288000001000,22,2,5,44,0,Male
1286,2403259.1999999997000,187175.2320000000000,3986845.9200000000000,5471463.1680000000000,1297924.9919999999000,22,2,5,35,0,Female
5474,691805.0304000002000,234975.7439999999800,1785287.3472000000000,405458.3808000000400,175593.0239999999800,14,4,3,55,4,Male
8909,608162.7760000001000,480801.5160000000600,630722.8200000001000,1349233.1840000004000,306969.0520000000000,23,3,5,70,0,Male
8340,2323904.2320000003000,699573.4199999999000,4112271.0719999990000,617841.1200000000000,188478.1079999999800,11,1,3,68,2,Female
6779,120583.7568000000200,780024.1176000001000,366448.7736000000000,1857427.2288000002000,933125.0760000001000,23,3,5,61,3,Male
7501,2273603.2800000003000,1171447.0560000000000,4083196.1040000000000,2716855.4400000000000,1146791.7240000000000,20,5,4,64,0,Female
3606,1285566.4800000002000,775148.8140000002000,2433280.6080000000000,887219.7840000001000,577294.7400000001000,2,2,1,46,4,
3354,1705180.1580000003000,259367.9220000000200,1249869.8520000002000,2472722.2080000006000,274347.9090000000400,25,5,5,45,5,
750,1150905.2880000002000,599122.0560000001000,4468308.6240000000000,5151998.5920000000000,1200460.2480000000000,1,1,1,65,1,Female
4849,263961.3311999999600,1706319.3023999997000,711580.7231999998000,629518.0032000000000,111362.8608000000100,1,1,1,52,1,Female
4025,939117.1680000002000,477381.9600000000000,3659540.5440000000000,1749267.1680000003000,391878.9600000000000,16,1,4,48,4,
4693,166853.1456000000200,487733.8752000000000,871238.9376000000000,2482245.2736000000000,667033.8048000000000,19,4,4,51,2,Male
1201,1071206.7200000002000,209742.9600000000200,1148684.8800000000000,2411828.4800000000000,781123.5200000000000,10,5,2,35,3,Male
7946,125744.5280000000300,474584.9160000000000,785436.7560000000000,127137.2960000000300,377776.1000000000300,7,2,2,66,0,Male
7382,1677989.2896000003000,670460.3568000001000,910120.5360000001000,1859274.8928000003000,449011.7424000000500,5,5,1,64,4,Male
3802,2091622.5792000000000,742890.7728000000000,3234072.9168000000000,5140316.9664000000000,1420735.6944000000000,17,2,4,47,4,Female
5652,984056.9040000001000,901414.2240000000000,3024746.7120000000000,2449988.2080000000000,200162.8799999999800,1,1,1,56,5,
955,1406314.3680000002000,481044.8160000001000,309668.6160000000000,679988.4480000001000,604322.7840000001000,20,5,4,34,4,Male
3730,1470469.9680000000000,1145277.1440000000000,2159760.2400000000000,5788278.1440000000000,231988.0464000000200,6,1,2,46,0,Female
1442,694800.0719999999000,1014900.5160000001000,3111733.5840000000000,2335754.4480000003000,509182.7400000000000,25,5,5,36,1,Female
874,567257.3280000001000,472125.2400000000000,511182.1440000000300,2191613.7600000000000,338469.6960000000500,25,5,5,33,0,Male
5532,1018820.2752000001000,760649.2416000002000,489755.6351999999600,1103202.6624000000000,275020.5311999999700,3,3,1,55,2,Male
5690,1762330.5216000000000,881843.2128000000000,3350434.4063999997000,1689906.1248000003000,181771.4304000000000,2,2,1,56,0,Male
2382,1397007.2159999998000,531685.4400000001000,931175.3088000000000,4375424.2752000010000,217883.3184000000000,1,1,1,40,2,Female
7811,1241284.4496000002000,211573.4400000000000,1822177.4688000001000,681265.3536000001000,118679.2776000000300,18,3,4,66,4,Male
7580,1828774.3967999998000,1450119.7152000002000,4536820.4543999990000,4969149.8688000000000,872825.6160000000000,6,1,2,65,4,Female
7585,1129123.1952000000000,677124.8640000001000,1077452.0640000000000,2015356.2624000001000,150843.6072000000300,18,3,4,65,4,Male
9571,956412.2880000001000,373032.8784000000500,1188085.5792000003000,3499709.6160000004000,924050.0880000002000,23,3,5,73,0,Male
6763,1215925.7760000000000,357912.3600000000400,174779.4672000000000,2023011.2448000005000,440283.5424000000300,20,5,4,61,4,Male
6417,512080.5888000000000,1021249.2672000001000,1291886.3231999998000,2703664.7424000000000,896101.6320000000000,4,4,1,59,2,Male
2189,2161769.2800000003000,811823.5200000001000,3080594.1599999997000,4537264.3200000000000,226287.7200000000000,17,2,4,39,2,
6929,1848703.3760000002000,888257.2400000001000,2554727.4480000000000,1387728.5760000004000,435042.0880000000000,20,5,4,62,5,Male
824,401538.0096000000500,495270.8280000000400,1248326.1648000001000,596689.5168000001000,526016.9304000001000,25,5,5,65,0,Male
6096,1158509.6064000000000,257510.8799999999800,2073764.3327999997000,537894.6048000000000,845465.4720000000000,16,1,4,58,4,Female
52,831943.4240000001000,320867.6640000001000,459806.5680000001000,942934.9280000002000,173729.1400000000000,19,4,4,65,4,Male
7439,3362970.1248000003000,1799374.8240000000000,612183.3119999999000,1833064.6464000000000,1032228.2880000001000,6,1,2,64,2,Female
4778,538162.8480000000000,448748.2080000000400,2290006.0799999996000,5745176.6400000000000,1188687.7440000002000,1,1,1,51,0,Female
4926,1224404.3520000002000,936663.1680000001000,1857785.7599999998000,1938240.0000000000000,648821.9520000000000,15,5,3,52,2,Male
7568,1105328.0160000000000,1007519.7600000001000,219034.5300000000300,4154294.6640000000000,1101730.1490000002000,1,1,1,65,5,
2963,554650.7472000001000,185267.0160000000300,357729.3720000001000,1569846.3264000004000,537458.0904000002000,25,5,5,43,3,Male
5184,460606.8672000000400,852538.1760000001000,1852712.6111999997000,1043639.4240000001000,657333.9648000002000,5,5,1,53,1,Male
704,866876.4000000000000,333126.7160000000000,1183067.9640000000000,1394823.6640000000000,487898.4760000001000,23,3,5,65,5,Male
7508,2327183.9136000000000,952638.1487999998000,4343200.4303999990000,4620173.8752000000000,1220453.7696000000000,22,2,5,64,0,Female
317,3063294.9360000000000,989838.4080000000000,1827215.2080000000000,3257676.8640000000000,508215.5520000000000,1,1,1,65,1,Female
6414,835023.5136000001000,508032.6912000000000,221762.1888000000300,471091.5072000000500,411941.2608000001000,12,2,3,59,2,Male
7133,2482437.8592000000000,460147.1472000000000,1791267.5664000001000,2926808.3520000000000,1811450.3472000000000,1,1,1,63,0,Female
2532,778889.2320000000000,1262190.9168000002000,1398743.1216000002000,709065.5616000001000,1225676.0736000000000,9,4,2,41,1,Female
1850,599672.5920000001000,391390.1640000000500,242780.6519999999700,663533.8560000001000,311967.3960000000000,3,3,1,38,4,Female
5748,1745327.4240000003000,259948.0320000000000,1997908.4159999997000,3525025.9200000000000,772523.8080000001000,5,5,1,56,2,Male
7366,3423231.3024000004000,383117.9040000000400,2471845.3344000000000,2222988.7679999997000,199071.2880000000300,4,4,1,64,4,Female
8270,493309.6896000000400,1180894.4160000002000,996053.0112000001000,2063639.3856000004000,1196383.4688000004000,9,4,2,68,4,Male
8869,297281.9200000000400,423978.5160000000600,747856.6680000001000,1854843.1200000000000,480435.6440000001000,13,3,3,70,0,Male
518,781591.9280000002000,266691.6720000000000,1139116.6800000002000,745083.4560000001000,444869.1520000000600,23,3,5,65,4,Male
8700,305581.1616000000500,994461.0623999999000,2963317.7808000003000,6981685.4016000000000,758023.1568000000000,11,1,3,70,0,Female
7357,1162935.0720000002000,894443.7840000001000,4256703.3600000000000,1890524.0640000002000,912481.4400000001000,9,4,2,64,5,
7739,303093.6480000000400,465291.1640000001000,319236.2160000000000,1596840.3360000001000,253427.5640000000000,8,3,2,65,0,Male
5270,2150397.2160000000000,797341.2480000000000,3140588.1599999997000,472942.0799999999600,892608.1920000000000,13,3,3,54,1,Female
788,2096017.2480000000000,1197693.1199999999000,1911644.7480000000000,5120641.9680000000000,1164255.9239999999000,6,1,2,65,2,Female
7438,1192139.7696000000000,1273827.4848000000000,3091951.6991999997000,216546.9695999999800,1679385.6144000003000,5,5,1,64,2,Female
8089,811311.6960000001000,624900.6504000002000,584711.5248000001000,1907567.2512000005000,106670.9592000000100,3,3,1,67,3,Male
5770,1333039.1040000003000,622103.6160000002000,1672587.3600000000000,851466.2400000001000,621262.5599999999000,25,5,5,56,1,Male
3920,1243750.0680000000000,933420.2130000002000,960740.3520000001000,3770280.3600000003000,562418.9010000002000,15,5,3,47,1,
8600,1971434.6496000004000,584784.3456000000000,100738.6847999999900,4284442.9056000000000,1123000.1952000002000,18,3,4,69,2,Male
3328,661560.4512000000000,499539.1104000001000,1152530.1216000002000,3021440.0831999998000,1312129.8432000000000,16,1,4,45,0,Female
1949,1117690.3680000000000,904947.0720000000000,1618197.4080000000000,623738.4960000000000,404503.4880000000700,9,4,2,38,2,Male
215,1448514.9120000000000,512223.8784000000500,3440809.3824000000000,3370432.1664000005000,953394.2496000001000,3,3,1,65,0,Male
7193,1218827.0016000003000,152252.5680000000300,873295.0200000000000,1284114.8736000003000,669597.3648000002000,10,5,2,63,0,Male
6189,1286641.1520000000000,554141.2608000000000,1721083.5072000000000,164289.0239999999800,340428.7872000000000,24,4,5,58,2,Male
3164,1666556.4960000005000,967435.1280000001000,1271407.4009999998000,1444968.7560000003000,717953.9400000001000,16,1,4,44,0,
4418,1458874.7136000001000,132527.7504000000200,110576.7935999999900,1217632.7808000000000,776062.3392000002000,5,5,1,50,1,Male
8774,1082358.3680000002000,191878.5440000000200,266575.2960000000300,321574.6560000001000,236822.8720000000300,2,2,1,70,1,Male
9921,825724.2240000002000,121270.3440000000300,713533.0800000001000,1253305.2480000001000,110824.2200000000000,13,3,3,75,2,Male
5150,1204762.5216000000000,645682.8672000000000,2851013.0303999996000,2414989.6704000000000,137969.0496000000000,23,3,5,53,2,Male
3051,1471514.6160000002000,985285.7520000002000,1424548.2240000000000,3177001.8720000004000,730215.5520000000000,12,2,3,43,0,Female
1635,671936.8319999999000,817235.2800000000000,3681654.7679999997000,4131446.4000000000000,517658.8320000000500,22,2,5,37,4,Female
2043,1311244.9920000000000,655992.9360000001000,1697131.0080000001000,1235329.9200000002000,119717.6400000000100,10,5,2,38,0,Male
8840,711850.2768000001000,884560.7160000001000,2128797.0288000000000,3739605.6672000010000,240617.5200000000000,18,3,4,70,2,Male
3509,1475014.2660000003000,118802.4750000000000,2105742.7710000000000,1765619.8560000004000,231035.6070000000500,20,5,4,45,1,
1809,580298.9600000001000,197813.0800000000200,598346.1600000000000,771781.4400000001000,209878.6000000000000,20,5,4,37,0,Male
9980,1232864.7552000002000,884929.4064000000000,1087315.4448000000000,6459664.7232000000000,775024.4736000000000,1,1,1,75,0,Female
1349,207619.4880000000400,541626.9840000002000,2059047.4320000000000,2265229.7280000006000,680584.2480000001000,20,5,4,35,0,Male
3898,1060767.7344000000000,1415606.5440000000000,468907.4016000000000,2619784.5696000000000,1540821.1104000001000,1,1,1,47,0,Female
6082,1007220.0960000000000,106172.8560000000100,1862047.4400000000000,2690951.3280000000000,567284.7960000001000,6,1,2,58,5,
7292,1005907.0320000001000,704351.8560000001000,3934176.9480000000000,2498416.1280000000000,793948.1160000000000,6,1,2,63,0,Female
9941,1773372.5568000001000,966314.9184000000000,1535151.1967999998000,3954719.3088000007000,1009615.2768000001000,5,5,1,75,1,Male
4631,1613222.0928000002000,518173.2864000000400,2249089.8048000000000,2192809.1904000000000,566419.2192000000000,20,5,4,51,4,Male
2809,394002.2240000001000,339897.5360000001000,137134.0080000000000,1516624.2080000003000,102001.5920000000200,25,5,5,42,0,Male
2404,997764.4160000001000,165152.5920000000600,1235500.2000000002000,2032586.6880000003000,131353.2000000000000,20,5,4,40,1,Male
4607,357840.2880000000000,547006.0896000001000,1617250.4063999997000,1449056.5632000002000,197550.1440000000300,23,3,5,51,5,Male
6850,923086.9440000001000,126946.1440000000300,643333.8600000001000,484883.5680000001000,396421.5840000000300,13,3,3,61,0,Male
2845,1815489.7728000004000,1046202.3264000001000,2641298.7744000005000,455854.5024000001000,371647.4784000000000,13,3,3,42,0,Male
6613,1022005.2960000001000,449532.5640000001000,603085.7040000000000,1929811.5200000000000,438694.4120000001000,20,5,4,60,2,Male
8384,2017997.6543999999000,1492194.5999999999000,4944720.6432000000000,6346771.1423999990000,1647978.1344000000000,11,1,3,68,0,Female
7359,1534504.9200000002000,465654.8520000000000,690609.8159999999000,4368506.0640000000000,111178.0800000000000,12,2,3,64,5,
9439,2159476.0512000000000,720062.4288000001000,1418378.0832000000000,723338.8032000000000,681698.0352000002000,19,4,4,73,1,Male
9532,2251615.0176000000000,529461.5040000001000,2235304.4688000000000,5438982.9312000000000,1833949.3536000003000,16,1,4,73,0,Female
4173,600582.1536000002000,228838.5000000000000,1515617.1360000002000,971427.6000000000000,149224.2840000000000,10,5,2,49,5,Male
1767,490816.0800000000000,107637.6000000000000,101835.7200000000000,1123740.8000000000000,395102.5200000000000,20,5,4,37,0,Male
4473,3104652.6719999993000,702956.6208000000000,892891.6415999999000,4600338.9696000000000,1685063.8656000000000,24,4,5,50,2,Female
1224,150387.6000000000000,137931.6400000000000,699437.2800000000000,1088168.3200000000000,322749.2000000000000,10,5,2,35,3,Male
4111,237176.0160000000300,419539.6920000001000,128116.2960000000000,439900.7360000000300,288582.8000000000500,5,5,1,48,0,Male
9261,2157089.6880000000000,563062.8120000000000,3162187.0799999996000,4885842.6240000010000,1445758.7040000001000,21,1,5,72,2,Female
7025,2616262.6464000004000,1403579.7360000000000,5133187.4255999990000,6100764.8832000000000,341014.1904000000000,24,4,5,62,2,Female
5709,2876334.4511999995000,1338365.0304000000000,3087641.7215999993000,5519193.9839999990000,1328783.2704000000000,14,4,3,56,1,Female
2078,563270.4000000000000,333360.2880000000600,2706820.4160000000000,2553156.0960000000000,545795.2320000001000,4,4,1,39,0,Male
9404,1432107.8460000001000,131029.2360000000000,2823268.5000000000000,4446190.0080000010000,950063.2830000002000,1,1,1,73,5,
2331,841793.3040000001000,1251812.4960000003000,3738314.4480000000000,4284139.7280000010000,818786.8920000000000,22,2,5,40,0,
3244,654003.5040000002000,767982.6880000002000,1764041.6640000000000,1626706.4000000004000,556171.7040000001000,15,5,3,44,1,Male
2273,232672.8096000000000,307632.2832000000000,3639094.9055999997000,4426890.3360000000000,482771.0448000000300,19,4,4,40,0,Female
1161,227210.2400000000000,165041.0400000000400,1903871.5200000000000,1456767.3600000003000,407707.8400000001000,5,5,1,35,1,Male
8009,1898197.8080000002000,950868.3600000000000,1240022.4720000000000,3075470.1120000007000,529027.3040000001000,24,4,5,67,1,Male
4241,1487062.7200000002000,662794.0000000001000,2043826.4880000004000,1359656.6720000003000,276545.1920000000400,13,3,3,49,2,Male
5465,128806.6752000000300,414703.1520000000600,2026814.6592000000000,1944419.5584000004000,623507.5008000000000,22,2,5,55,4,Male
8550,2029736.9664000000000,1149885.5472000001000,687381.1308000000000,4065137.1072000004000,1022599.8899999999000,20,5,4,69,1,Female
2095,1981947.5999999999000,695292.8400000001000,3406385.8800000000000,692719.2000000000000,214944.4800000000000,19,4,4,39,5,
7531,1637951.5620000002000,635213.5920000001000,2517514.5060000000000,2326069.9800000004000,338424.3720000001000,20,5,4,64,0,
2569,1259693.9520000003000,354647.0400000001000,1681798.0608000003000,2418798.4128000005000,789880.9248000002000,12,2,3,41,2,Male
7623,1783590.6816000002000,639338.7312000002000,1909162.8503999999000,2602612.7712000003000,803035.8648000002000,17,2,4,65,1,Male
5131,2890011.2256000000000,208105.2863999999800,4576710.9887999995000,192657.4848000000000,166488.8255999999800,9,4,2,53,2,Female
9265,1727878.4640000000000,792067.1616000001000,2631127.4496000000000,1002558.5856000001000,1247143.8096000000000,1,1,1,72,2,Female
3577,1590740.4480000000000,596665.7664000001000,2148793.5744000003000,135641.5104000000300,1029657.9744000002000,19,4,4,46,1,Male
5054,2471424.3072000006000,1192401.7776000000000,3313071.7199999997000,3406816.9728000000000,224122.0752000000000,3,3,1,53,4,Female
8309,846773.3664000000000,115227.0288000000100,275248.5840000000300,3171598.5600000005000,355433.1768000001000,4,4,1,68,1,Male
6862,1436384.2896000003000,385594.1856000001000,1423907.5968000002000,2988381.8016000004000,290033.5464000000500,10,5,2,61,1,Male
1228,1866019.9680000000000,206561.9520000000200,1867406.1120000000000,319743.7440000000600,572549.3759999999000,24,4,5,35,3,Male
3727,776893.3920000000000,393454.3536000001000,4452181.1136000000000,362916.5760000000600,1040733.4608000002000,9,4,2,46,0,Female
6463,583363.8144000000000,1101308.9183999998000,761460.1344000000000,2919605.9904000000000,504590.3424000000000,23,3,5,59,0,Female
2321,1441739.6928000003000,671018.8320000000000,1676123.0640000002000,1986221.6352000004000,463369.7376000001000,5,5,1,40,4,Male
7561,1438858.1376000000000,349421.7792000000500,3388549.5072000000000,2962590.7584000006000,272714.7072000000600,7,2,2,65,5,Male
3249,539070.3648000001000,393496.1712000000400,503931.5424000000000,2163398.6880000000000,180597.8592000000000,9,4,2,44,0,Female
7208,3048887.4624000005000,1260454.1039999998000,4303865.4048000000000,4748539.1616000000000,1163415.2400000000000,1,1,1,63,1,Female
682,1228994.9568000000000,878350.2624000000000,1090322.2511999998000,3257063.5968000004000,953760.4127999998000,16,1,4,65,0,Female
2849,1119528.6080000002000,642126.8480000002000,1708871.4720000000000,655673.5680000002000,308511.8960000000700,14,4,3,42,0,Male
7072,609450.2960000001000,242187.4000000000200,1208698.9200000002000,1124168.2400000000000,102089.1560000000200,5,5,1,62,0,Male
3399,1945473.0240000002000,118811.6160000000100,2985603.3504000003000,2851600.0128000006000,172568.3520000000000,23,3,5,45,3,Male
6687,301960.3392000000500,466865.1936000001000,1101767.9400000002000,2389788.0864000010000,272376.3744000000300,20,5,4,60,0,Male
3126,1914440.6160000002000,379079.6130000000700,306595.7730000000400,1804919.6880000003000,963655.5060000000000,24,4,5,44,5,
5941,402404.6592000000000,976792.6656000000000,2352715.8912000000000,2720922.1632000000000,610228.4544000000000,18,3,4,57,1,Male
30,1301489.2800000000000,777968.3808000000000,1183831.8335999998000,4081511.6160000004000,560931.3216000001000,13,3,3,65,5,Male
4108,1181587.1760000002000,746291.0664000001000,1254699.3096000003000,2935627.5168000010000,157843.9368000000200,20,5,4,48,0,Male
6904,1365105.6640000000000,1039574.3280000002000,1964200.0559999999000,1213135.8720000002000,641392.8560000001000,20,5,4,62,0,Male
872,716193.6480000000000,248733.4320000000300,1228634.3520000000000,1890019.8720000002000,379773.9360000000500,15,5,3,33,0,Male
7469,194183.3088000000300,1696375.1376000000000,1295232.6815999995000,7454006.7264000010000,415335.0240000000300,12,2,3,64,0,Female
8006,1274707.9488000004000,603662.4672000001000,2134432.6848000000000,1428084.4032000000000,1137807.9648000002000,6,1,2,67,1,Male
7828,2016443.1040000003000,824176.0800000001000,2946987.5760000004000,1925901.5360000003000,959986.1440000002000,18,3,4,66,3,Male
2211,1040775.9360000001000,916575.0720000000000,2313302.4000000000000,357794.6880000000000,204502.9440000000200,3,3,1,39,0,Male
4924,3139570.7136000000000,1373652.3456000000000,3479798.8800000000000,869904.9216000000000,1617487.6608000000000,25,5,5,52,2,Female
7083,1259731.7460000003000,112612.0320000000000,673517.7540000000000,1614277.0800000000000,545164.5420000001000,16,1,4,62,1,
7070,1954145.6064000002000,616735.1424000000000,136098.5184000000000,1982848.3584000003000,114009.4176000000200,17,2,4,62,0,Male
968,951719.6160000002000,814335.5520000000000,822263.9040000000000,3077395.1999999997000,833753.4720000001000,14,4,3,34,3,Male
3740,318176.1792000001000,758823.1200000001000,2055818.4768000003000,1289672.1024000000000,352366.5024000000600,2,2,1,46,0,Male
2697,2229375.4560000002000,1146927.3552000000000,4427383.2767999990000,2715141.3696000003000,415372.6368000000000,24,4,5,42,4,Female
73,1368002.5632000002000,891637.5312000001000,4065048.9359999998000,366034.4064000000400,1187679.7296000000000,6,1,2,65,1,Female
2764,1598360.8960000004000,302566.5280000001000,2561131.5840000003000,747232.6400000001000,575106.5760000001000,25,5,5,42,2,Male
6439,818207.9040000001000,189930.9120000000000,152348.2560000000200,503588.5440000000500,235230.9120000000000,20,5,4,59,1,Male
8465,384937.1136000001000,923576.0976000000000,3555409.2912000000000,2691912.7871999997000,934678.1808000001000,1,1,1,69,0,Female
7166,2937884.2272000000000,585251.0352000000000,5254383.5135999990000,3098343.4560000000000,756145.7280000000000,6,1,2,63,4,Female
2633,1126021.2480000000000,645161.1408000000000,2212009.9055999997000,4023296.0064000010000,1397550.5280000000000,6,1,2,41,0,Female
8743,2326300.7976000000000,470165.3424000001000,2959819.5744000003000,4848203.5056000000000,796556.1708000001000,6,1,2,70,4,Female
808,1268468.0320000001000,652955.3680000001000,3046794.5040000007000,191213.9840000000300,544068.8240000000000,8,3,2,65,2,Male
9828,571121.9280000001000,370750.6920000000400,2161787.4720000000000,2168049.3120000004000,615229.6800000000000,16,1,4,75,4,Female
5807,1888753.2480000001000,418813.0560000000000,2896426.9439999997000,3140970.6240000000000,992782.2240000002000,14,4,3,56,0,Female
4629,1019577.3696000002000,379354.8384000000000,737745.9264000000000,1867765.8240000000000,380457.2160000000000,18,3,4,51,4,Male
2158,188627.5800000000200,120073.5900000000100,1841804.1900000000000,1738849.6800000002000,360839.7900000000400,3,3,1,39,3,
5373,1094217.9840000000000,1111499.0208000000000,2667146.5727999997000,4139331.8400000000000,536605.7472000001000,17,2,4,54,1,Male
7202,283657.2960000000300,1313142.9480000000000,2478883.2120000000000,5271832.8000000000000,1196331.3960000002000,15,5,3,63,1,Female
6552,1012201.8816000002000,711098.5440000000000,3390394.5503999996000,417182.4384000001600,588977.0016000001000,7,2,2,60,1,Male
6610,250881.3216000000200,625811.4720000000000,3509265.9888000000000,491128.1855999999000,1178433.1728000000000,19,4,4,60,2,Female
946,755871.5520000000000,110052.8640000000000,3124065.0239999997000,3379458.2399999998000,1189748.8800000000000,22,2,5,34,4,Female
6068,1458448.5120000000000,939321.1200000000000,2806418.5920000000000,1158417.7920000001000,263212.0320000000000,25,5,5,58,0,Male
6710,993708.8720000001000,371309.1200000000500,766727.9880000000000,1336312.6400000001000,303610.7360000000300,23,3,5,61,0,Male
8921,2080883.5008000000000,818172.9504000001000,2329265.9520000000000,4716001.8048000000000,364235.6640000000500,22,2,5,70,0,Male
3381,868428.0000000001000,848588.0832000001000,2385727.0272000000000,3735126.0672000004000,472115.3184000000000,7,2,2,45,4,Male
9708,1337782.1600000001000,940361.8640000001000,121301.2320000000200,3329274.6240000003000,787505.8880000002000,12,2,3,74,2,Male
4753,538718.1120000001000,437700.8160000000500,1241509.8239999998000,217117.4400000000000,422446.8000000000500,25,5,5,51,1,Male
8060,1492935.4752000005000,1187941.3728000002000,3573931.7952000000000,895095.5520000000000,119825.3472000000200,17,2,4,67,3,Male
3819,981294.3360000000000,482167.6200000000500,1269184.8312000001000,2334381.0336000000000,402075.8280000000400,20,5,4,47,1,Male
6837,158887.2480000000000,1265882.1240000000000,4446393.5879999995000,3369535.1040000000000,920877.9840000000000,21,1,5,61,1,Female
2734,2625680.5344000002000,711459.1440000000000,2067283.9440000001000,5742600.6528000000000,918580.4496000000000,24,4,5,42,1,Female
4320,1605595.9920000000000,1248687.1320000002000,3592112.0400000000000,3177026.6880000000000,165054.3840000000500,18,3,4,49,0,Female
2298,1304544.7008000002000,1135037.0592000000000,1826423.1216000000000,2559366.3744000006000,1532799.4176000000000,21,1,5,40,4,Female
2385,826386.1056000002000,843743.6832000002000,2026641.1968000000000,3621495.3984000003000,660468.7584000000000,14,4,3,40,2,Male
1999,258604.8000000000000,258690.0480000000000,2607584.8320000000000,2598694.6560000004000,649907.5199999999000,22,2,5,38,1,Male
5854,214592.6400000000000,230708.7360000000000,907851.6000000001000,1461717.1200000000000,323296.1280000000000,15,5,3,57,0,Male
5454,1296995.3280000000000,1379393.6255999997000,652796.2368000000000,6600309.5808000000000,1385259.8399999999000,2,2,1,55,4,Female
9417,1194292.5696000000000,529599.8448000000000,5346785.8079999990000,1225543.7375999999000,1822586.8752000000000,16,1,4,73,4,Female
8826,204092.8240000000200,158809.2480000000200,1012420.6560000000000,1438340.1760000002000,337070.8640000000600,23,3,5,70,2,Male
2305,2788713.4176000003000,275782.4784000000000,2661854.6592000000000,5597006.3424000000000,212304.4704000000200,21,1,5,40,4,Female
8620,445580.1791999999600,821448.2016000001000,421894.6992000000000,6820272.5760000000000,406725.8832000000400,21,1,5,69,0,Female
9950,728166.4416000000000,1635557.7888000000000,4126184.1503999990000,4612630.4640000000000,885456.1872000000000,21,1,5,75,0,Female
4895,812363.6160000000000,105681.1200000000000,399898.6559999999600,1837674.2400000000000,329493.8880000000400,10,5,2,52,1,Male
9218,2142984.6360000000000,100658.6100000000200,255090.3029999999900,1391106.1320000002000,220793.3910000000300,16,1,4,72,0,
5886,274393.4399999999400,202043.0880000000200,353796.7679999999000,3936709.4399999995000,423894.3840000000000,20,5,4,57,4,Female
8311,1255915.4400000002000,609610.9760000001000,860882.5680000000000,2742656.3840000005000,1000792.1040000002000,13,3,3,68,3,Male
1867,782806.4800000001000,101475.9200000000100,482831.7600000000000,1599831.6800000002000,361803.3200000000700,15,5,3,38,4,Male
7987,845110.4688000001000,793239.3144000000000,1970068.0896000003000,2597747.8176000000000,478012.4856000001000,21,1,5,67,0,Male
1100,291596.8320000000000,243423.5040000000200,775192.0319999998000,2263495.1040000000000,906465.3120000000000,19,4,4,34,0,Female
8739,2816100.1440000000000,1352131.5600000000000,2151456.4656000000000,2392956.6336000003000,1646170.3440000000000,11,1,3,70,4,Female
8175,172515.6576000000000,555453.2880000000000,4371270.3215999990000,6746056.7616000000000,1065750.7536000000000,1,1,1,67,0,Female
5561,700285.1328000000000,562821.6959999999000,800062.7903999998000,5749301.3759999990000,395122.0608000000400,7,2,2,55,0,Female
4667,140699.1360000000300,309860.4960000000400,901334.7360000000000,904558.8480000001000,415052.4480000001000,18,3,4,51,1,Male
2451,716393.7440000002000,430829.3440000000400,2047512.1920000003000,1790361.0560000003000,277325.4880000000700,18,3,4,40,0,Male
5752,937249.2288000000000,1134882.2016000000000,2104053.9263999998000,2084376.2688000004000,1084774.0032000002000,12,2,3,56,2,Male
2953,1091771.0496000000000,1469976.5520000000000,1301721.0624000002000,5573560.6080000000000,865458.9504000000000,19,4,4,43,1,Female
6623,1047671.4560000001000,920769.7200000002000,3036842.0160000003000,3866594.3680000002000,368913.6880000001000,15,5,3,60,2,Male
5128,220148.2367999999800,603909.7344000001000,2973272.8320000000000,3347469.8496000000000,1318919.1551999997000,19,4,4,53,2,Female
9264,1075672.1664000002000,953412.0336000000000,1966644.5760000001000,423645.5808000000500,1137583.6992000000000,1,1,1,72,2,Female
6456,2647835.4816000000000,792037.0944000000000,2970429.4080000000000,1971034.2143999997000,1709111.2320000000000,9,4,2,59,0,Female
8613,2136774.9312000005000,1202592.3936000003000,1863740.7360000003000,236342.2464000000300,1149084.5184000000000,13,3,3,69,1,Male
2379,2275462.9920000000000,559457.4480000000000,3016292.7960000000000,3879750.3360000006000,358954.5960000000000,23,3,5,40,2,Female
4655,228639.9744000000000,1708257.4271999998000,3335356.5695999996000,5998913.0496000000000,125005.7664000000000,2,2,1,51,3,Female
9278,972220.4960000002000,137035.8080000000200,673794.8880000000000,401229.0880000000500,420978.5320000000600,3,3,1,72,2,Male
9064,1657436.2272000003000,925948.6704000002000,1034982.4680000002000,2618403.8400000003000,505393.6680000000000,13,3,3,71,2,Male
6832,1013539.6960000001000,304629.6240000000700,2806552.0080000000000,2208968.3200000000000,368161.5600000000600,10,5,2,61,1,Male
8176,282859.8240000000000,265693.8960000000000,3414054.3839999996000,3427854.7680000006000,587205.2160000000000,21,1,5,67,0,Female
15,764270.7072000001000,320314.1760000000400,2934662.1408000006000,4828385.2032000010000,793937.5392000000000,25,5,5,65,0,Male
4696,1147073.1840000001000,248134.4064000000700,921247.8623999999000,1476714.2400000002000,434104.8767999999700,20,5,4,51,2,Male
2723,2020324.1520000002000,429848.7600000000700,3708309.1320000000000,1858994.5440000005000,650299.3200000001000,16,1,4,42,0,
5014,1436676.1343999999000,202733.2800000000000,2827084.5503999996000,4843467.8784000000000,748468.6847999999000,24,4,5,53,0,Female
8616,1031954.4768000001000,594910.4928000000000,2508910.9343999997000,449619.4560000000600,841846.2624000001000,17,2,4,69,1,Male
2661,3047366.3616000000000,576808.2144000000000,2705583.0384000000000,2858920.4160000000000,1344806.9712000000000,2,2,1,42,0,Female
4651,1587766.0800000000000,320502.0480000000700,2725557.4080000000000,1367036.1600000001000,722951.8080000001000,19,4,4,51,3,Male
3215,3034760.8896000003000,1381892.2128000000000,4294850.9471999990000,206573.2416000000000,741177.5184000002000,17,2,4,44,2,Female
8254,2915946.6336000000000,1551130.9632000000000,401053.1616000000000,2511952.1856000000000,1052504.8560000000000,11,1,3,68,4,Female
964,1347837.1200000000000,824841.0240000000000,604694.0160000000000,3118268.1600000000000,565798.3680000000000,19,4,4,34,0,Male
5090,742973.6448000000000,618313.7664000001000,3099109.5936000000000,638672.0255999999000,225123.0336000000200,14,4,3,53,3,Male
7259,2239461.1200000000000,182982.3840000000000,4340864.2679999990000,3407463.0720000006000,1296290.4239999999000,14,4,3,63,1,Female
5003,311320.7040000000000,318232.2720000000600,452411.5679999999700,1561752.5760000001000,475815.5519999999700,15,5,3,52,0,Male
8587,1896127.8336000000000,531501.2352000000000,4385504.0736000000000,369572.4864000000500,1255389.7824000000000,16,1,4,69,2,Female
7226,452007.5040000001000,504471.7080000000000,2810018.6010000000000,2429514.3600000000000,934457.8230000001000,25,5,5,63,3,
5067,377278.8480000000600,176183.1360000000300,1297567.2960000000000,320525.9520000000500,233061.6960000000000,10,5,2,53,4,Male
770,201554.2880000000300,110417.5800000000200,1293235.1639999999000,682201.7280000001000,439673.8840000001000,13,3,3,65,3,Male
6548,1931903.7504000003000,302991.1872000001000,169430.9760000000000,2282705.8176000006000,286660.4832000000000,13,3,3,60,4,Male
2124,1262392.2000000000000,136945.1700000000000,1484756.4600000000000,223392.2400000000200,587323.6200000001000,14,4,3,39,4,
1287,1321175.8080000000000,803553.6959999999000,2982877.4879999994000,3843641.0880000000000,599429.2320000001000,7,2,2,35,0,Female
6709,760030.9600000001000,476855.7560000000500,639268.0320000000000,105770.7040000000100,437269.8720000001000,13,3,3,61,0,Male
3360,1185191.2512000000000,520319.6064000000500,970244.8271999999000,3830375.5776000000000,1152219.0240000000000,4,4,1,45,1,Female
6185,1321739.8272000002000,1078644.0960000000000,2504264.9472000000000,4600765.9008000010000,864969.8688000000000,9,4,2,58,2,Male
712,413464.0640000001000,929935.8640000001000,1539024.5520000001000,572146.0160000001000,789350.3280000002000,18,3,4,65,1,Male
1500,616566.6400000000000,290616.1200000000500,833437.8000000000000,1497719.2000000002000,380796.7200000000300,25,5,5,36,2,Male
5939,842562.6624000001000,519847.2576000000700,3322105.5744000000000,4381577.6256000010000,324352.2815999999300,24,4,5,57,1,Male
4006,321451.2576000000700,785754.8160000002000,203475.5712000000300,458563.3536000001000,334767.2064000000000,22,2,5,48,4,Male
6132,1089970.9919999999000,187805.6928000000000,1010075.5727999998000,1890163.6416000000000,410993.8703999999600,15,5,3,58,3,Female
4810,597458.8799999999000,746802.8640000000000,2475404.0640000000000,4591612.2239999990000,145188.5760000000000,9,4,2,52,0,Female
695,419476.9280000001000,173471.1160000000400,1054034.9040000000000,660362.5600000000000,241448.1680000000300,13,3,3,65,5,Male
3092,2243604.0000000000000,549231.1440000001000,2512081.8360000000000,1743773.3280000002000,1067158.0920000002000,11,1,3,44,0,Female
6290,553947.2640000000000,459793.0560000001000,396451.8720000000000,947068.4160000001000,287379.1680000000000,20,5,4,59,0,Male
3232,1186661.8368000000000,769952.3040000000000,653214.9888000000000,1190145.3696000000000,416495.3760000000500,24,4,5,44,2,Male
8457,2115200.8800000000000,1013135.9160000002000,1180522.9800000000000,5272796.2560000000000,825047.9640000000000,16,1,4,69,0,Female
4841,896959.4400000000000,233876.4840000000300,1425937.2840000000000,398719.5840000001000,728881.2000000001000,24,4,5,52,5,
1226,154001.4720000000000,651063.5520000000000,1339363.0080000001000,677736.1920000000000,441603.9360000000500,4,4,1,35,3,Male
2790,1533747.0060000003000,585294.3360000000000,2449477.5030000000000,293896.1520000000600,633949.2720000001000,5,5,1,42,2,
618,3057747.6384000000000,1607560.3440000000000,4515232.5503999990000,2034732.2112000003000,507680.7840000000000,16,1,4,65,0,Female
1747,538815.8400000000000,834384.3600000000000,2364827.7600000000000,3801970.0800000000000,362957.7599999999500,4,4,1,37,1,Female
9882,1843008.9600000000000,1065195.3312000001000,983032.1280000000000,1880574.2592000002000,1024648.0608000002000,17,2,4,75,1,Male
2183,294819.0720000000400,226790.9760000000000,1798003.8720000000000,1173503.2319999998000,729372.2880000001000,4,4,1,39,2,Male
4378,698176.7424000000000,264198.9888000000000,243138.9312000000000,1911307.6224000002000,834743.6928000001000,13,3,3,50,5,Male
2162,356804.2800000000000,483758.7300000001000,2215404.0000000000000,1632585.9600000002000,832976.0100000000000,13,3,3,39,3,
3796,2954860.7616000003000,650177.5104000000000,1468732.4784000001000,463990.9824000000400,1293420.5856000000000,4,4,1,47,4,Female
3366,274906.3680000000000,165362.4719999999800,3885949.9007999995000,5924013.6384000005000,321591.2832000000000,2,2,1,45,4,Female
3998,1801544.1840000004000,687804.2160000000000,2875742.8920000000000,336645.4080000000000,1086566.1840000001000,5,5,1,48,4,Female
5438,439228.3392000000500,958668.7104000000000,3426561.4463999993000,4439243.0592000000000,182605.2480000000000,7,2,2,55,5,Male
2527,849166.2960000001000,1297377.3120000002000,250981.2359999999800,3287610.4800000004000,245414.2680000000400,13,3,3,41,1,Female
3666,298846.5040000001000,299880.7240000001000,1155362.6040000000000,449882.7520000001000,120875.6560000000300,20,5,4,46,2,Male
897,2634107.0399999996000,720275.6160000000000,164748.8160000000000,1166265.7920000000000,738117.5040000001000,22,2,5,34,0,Female
7280,899772.8688000000000,540213.9912000000000,652154.3496000002000,2722711.3056000005000,547678.9656000000000,5,5,1,63,1,Male
5843,436471.7760000000000,285103.7280000000000,2970625.5360000000000,1322671.1040000000000,1345849.3440000000000,18,3,4,57,0,Female
2598,782747.5920000001000,1156613.5680000002000,2502282.4200000000000,4529403.6480000000000,1050175.8960000000000,10,5,2,41,0,Female
6012,1608204.8448000003000,499847.8464000000400,2485245.6287999996000,611472.1536000001000,564556.4352000001000,23,3,5,57,0,Male
828,1560681.1584000003000,1065910.9344000001000,2252711.2608000000000,4941844.3776000000000,880865.7312000000000,12,2,3,65,0,Male
6438,652361.9328000000000,1114455.7440000000000,3221052.8256000000000,2922555.8016000004000,451238.2848000000000,22,2,5,59,1,Male
5685,1653669.0432000004000,1062256.6656000002000,2872549.7855999996000,2586171.3408000000000,806895.8208000000000,14,4,3,56,4,Male
5238,2575028.9664000000000,487269.2159999999000,3850497.3888000000000,2417270.8608000000000,1035511.7760000000000,1,1,1,54,0,Female
4614,990446.3999999999000,712448.9280000000000,1211858.0640000000000,1773613.4400000000000,1202800.4640000002000,15,5,3,51,5,
2788,359510.9760000000000,400255.0200000000000,1087372.4400000002000,880724.2400000001000,304207.8600000000400,15,5,3,42,2,Male
1041,751298.3200000001000,290225.6800000000500,1047769.2000000001000,1319958.4000000001000,145997.7200000000300,15,5,3,34,2,Male
7353,793333.9440000001000,395425.9400000000000,1382474.0280000000000,854280.9600000000000,104056.9920000000100,15,5,3,64,5,Male
496,153348.9984000000000,1494577.0944000000000,4617269.0928000000000,3901169.3759999997000,1091981.7792000000000,6,1,2,65,1,Female
559,489860.8416000000400,306074.5272000000000,2623482.3888000003000,354963.0240000000300,590749.7544000001000,23,3,5,65,3,Male
3808,1678703.1360000002000,348660.0480000000000,742234.8384000000000,753712.3968000001000,626636.2080000001000,3,3,1,47,4,Male
2371,2591150.2848000005000,1538300.8080000000000,437754.2400000000000,5172337.8432000000000,1165004.1216000002000,17,2,4,40,2,Female
5325,1437119.4240000000000,762877.0560000001000,2628536.5439999998000,2228274.0480000000000,184920.0960000000200,25,5,5,54,2,Male
8245,894592.3584000001000,888345.3696000002000,2159746.9920000000000,583327.1808000001000,535526.0351999999000,21,1,5,68,1,Male
8759,777286.3280000002000,271082.9680000000500,119507.8560000000100,552863.7920000001000,447394.0640000001000,3,3,1,70,4,Male
4694,251941.7088000000200,562350.0672000000000,2247097.7664000000000,1146471.7824000000000,731429.2224000001000,12,2,3,51,2,Male
857,1416780.5760000000000,265075.2000000000000,1841263.4880000000000,2806053.1200000000000,1220816.4480000000000,22,2,5,33,0,Female
6994,1110296.3040000000000,931597.3368000003000,2076507.8568000002000,1986923.5776000002000,349839.3600000000400,15,5,3,62,1,Male
6893,633436.5024000001000,274134.8376000001000,909537.3144000000000,369198.4608000001000,133924.4712000000300,5,5,1,61,0,Male
691,981968.4576000001000,362999.9880000000700,1555559.5536000000000,3033450.9504000004000,283557.2688000000000,23,3,5,65,0,Male
4534,665830.2720000001000,668956.8960000002000,2531968.1280000000000,1455538.9440000001000,678031.8720000001000,25,5,5,50,0,Male
8064,2086555.2240000002000,810680.8319999999000,2426176.1160000000000,3601466.5440000000000,450239.2440000000600,6,1,2,67,1,Female
6720,604933.4720000001000,219907.3760000000500,942663.2280000000000,803825.7760000001000,431929.2640000001000,25,5,5,61,5,Male
8845,1331200.1664000000000,753691.7856000002000,1412161.5456000000000,1641766.9632000000000,738020.8992000001000,11,1,3,70,1,Male
5582,2292894.9504000004000,946081.2672000001000,2883088.1663999995000,2459195.5968000000000,363266.9568000000400,24,4,5,55,1,Male
9352,3709190.1599999997000,1536108.1632000000000,450798.0047999999400,4787209.4399999995000,683907.3072000000000,11,1,3,72,0,Female
4321,1912822.8768000000000,941513.4432000002000,2495764.1807999997000,4720599.4176000000000,1472748.8688000000000,20,5,4,49,0,Female
4096,613578.4160000001000,409140.6000000001000,183085.5840000000300,1484463.2000000002000,275635.0080000001000,25,5,5,48,1,Male
3719,1653447.0480000002000,844311.9960000000000,3340071.9000000000000,2910705.0720000006000,784822.8960000001000,12,2,3,46,0,Female
7574,108795.9600000000000,1180821.8760000002000,107395.2359999999900,5452412.1599999990000,439569.4680000000000,16,1,4,65,4,Female
8216,1062382.8384000000000,859964.4144000000000,4831557.6815999990000,5364546.2208000000000,485465.7599999999500,6,1,2,68,0,Female
4526,365882.5727999999700,770498.6111999999000,212037.5231999999700,4429808.1792000000000,1318417.6896000000000,10,5,2,50,0,Female
962,408701.9520000000000,223576.0320000000000,1179133.3440000000000,2061957.8880000003000,211466.9760000000000,24,4,5,34,4,Male
3926,2461976.0352000000000,379250.4672000000000,2532719.0592000000000,1315956.1536000000000,859345.9776000000000,12,2,3,47,0,Female
1387,1375589.5680000002000,703157.0880000001000,2000282.6879999998000,1283077.6320000000000,775273.6320000001000,4,4,1,36,5,Male
9250,874965.5616000001000,822306.5760000000000,1401797.7792000000000,4128809.8176000006000,490707.6096000000000,7,2,2,72,3,Male
2880,1004710.9248000002000,277120.2720000000000,1895666.2560000000000,1845384.4992000002000,377052.0864000001000,22,2,5,43,0,Male
9902,1939148.6400000000000,689723.4240000000000,1567165.3919999998000,1409355.1680000000000,1024074.7920000001000,21,1,5,75,3,
345,377552.9472000000500,714726.6048000001000,2293220.9664000003000,1957730.1120000000000,110774.2272000000400,18,3,4,65,2,Male
5583,1612111.6800000002000,438063.5520000000000,2073626.1792000001000,2792563.4304000000000,699318.4032000001000,10,5,2,55,1,Male
5714,1315044.2880000002000,799641.5040000001000,586925.2224000000000,2825842.6368000004000,335351.2320000000000,3,3,1,56,1,Male
1260,208855.6800000000200,150258.3200000000400,1240939.4400000002000,3014964.4800000004000,704660.6400000001000,10,5,2,35,2,Male
3774,1685639.1552000004000,903779.3952000001000,968544.7200000001000,2168335.0656000003000,938461.3920000001000,2,2,1,47,5,Male
1296,1596691.9680000000000,620293.4400000000000,324746.7840000000000,655732.6080000001000,197812.1280000000300,9,4,2,35,0,Male
8749,963359.6543999999000,1674289.8432000002000,3485458.6416000000000,4464348.5951999990000,710879.4576000001000,1,1,1,70,4,Female
275,1404442.4160000002000,835857.1520000001000,2006569.3439999998000,3192279.5840000007000,806788.3200000001000,18,3,4,65,1,Male
2463,1545012.6912000000000,519590.9664000000300,4043799.4607999995000,5560149.1968000010000,599502.6576000000000,11,1,3,41,0,Female
3152,110504.5920000000000,139188.9312000000200,1769196.9240000003000,1861265.8944000006000,743680.3968000001000,15,5,3,44,4,Male
2459,1917744.6816000005000,691940.4624000000000,2195880.6672000000000,924785.4528000001000,1442188.4400000002000,4,4,1,41,0,Female
1147,196998.7680000000000,477791.0640000001000,646088.1840000000000,584488.5120000002000,484114.1760000000400,25,5,5,35,5,Male
9073,1269778.3488000003000,934884.0072000002000,675147.3768000000000,3159444.4128000005000,600889.5360000001000,23,3,5,71,2,Male
8470,574557.4848000001000,619854.5184000001000,1538455.2767999999000,2869399.1040000000000,130451.5680000000100,19,4,4,69,0,Male
3426,1875258.1056000006000,326368.7328000000000,1918654.5312000003000,2654793.7152000004000,713671.3056000002000,2,2,1,45,3,Male
8940,1521960.2112000003000,466806.6624000001000,1588894.4448000000000,3484837.3248000000000,935029.6800000000000,23,3,5,71,0,Male
5780,906921.8880000002000,261990.2400000000000,598919.0399999999000,1455019.7760000000000,445874.2560000000500,8,3,2,56,0,Male
3081,1968531.8400000000000,681193.8144000001000,2258660.4480000003000,3020758.9632000006000,894385.2192000002000,19,4,4,44,0,Male
3781,662756.0940000002000,290353.0410000000000,2307680.4960000000000,2156117.0400000000000,326001.0600000000600,21,1,5,47,5,
2449,1666310.7648000002000,145219.5360000000200,2756683.9872000000000,965701.0176000003000,466181.1264000001000,17,2,4,40,0,Male
4139,1203924.2688000002000,305792.1504000000400,2487428.6976000005000,1452918.7200000004000,982757.6352000001000,14,4,3,48,0,Male
5235,622190.5920000000000,227833.8048000000000,1133985.1392000000000,3690119.1168000004000,825616.0512000002000,22,2,5,54,0,Male
2019,2104196.4000000000000,828686.4000000000000,2700917.6399999997000,1563776.1600000000000,1054454.0400000000000,25,5,5,38,0,Female
2762,710784.3600000000000,109139.8440000000300,2519867.1960000000000,4777549.3920000010000,324165.8640000000000,20,5,4,42,3,
8460,1129695.2160000002000,1300680.5760000001000,419384.6279999999700,6080594.8320000000000,209054.8200000000000,5,5,1,69,0,Female
9375,718617.1200000000000,1184704.8720000002000,4327849.6560000000000,5730577.6320000000000,816698.0640000001000,6,1,2,73,0,Female
551,321351.7632000000400,1193004.7584000002000,1902910.4640000002000,1518085.1712000002000,213315.7728000000400,13,3,3,65,1,Male
4688,678466.9440000000000,1032120.4319999999000,2157530.2559999996000,2042136.0000000000000,773710.2720000000000,1,1,1,51,3,
6356,1078178.6880000000000,748879.6320000000000,1849502.1600000000000,4886044.9920000000000,140383.7280000000000,18,3,4,59,1,Female
949,1624463.7120000000000,738722.5920000001000,533570.1120000000000,5009598.7200000000000,953691.2640000001000,9,4,2,34,4,Female
8014,3717488.7359999996000,178866.7920000000000,3945507.8832000000000,7011766.1952000000000,831551.9472000002000,11,1,3,67,1,Female
9288,720576.4800000000000,462930.2080000000400,325339.2480000001000,1266377.0080000001000,135546.8400000000300,22,2,5,72,2,Male
1265,261397.4400000000300,147663.1440000000300,182338.1280000000300,434110.7520000000400,509655.0960000001000,5,5,1,35,2,Male
6706,3306774.5568000000000,297220.4352000000000,5312873.5920000000000,3113642.9376000000000,1311191.6687999999000,2,2,1,61,0,Female
2712,542790.3360000001000,130796.6000000000000,1885413.0240000000000,945988.0320000002000,257350.7200000000300,10,5,2,42,4,Male
9948,1474487.5392000002000,1477996.0415999999000,3158055.3888000000000,2419119.7056000000000,712646.8128000001000,11,1,3,75,0,Female
5389,1581387.8399999999000,1096615.2384000000000,2822668.3008000000000,196866.8927999999700,1010026.5407999998000,12,2,3,54,0,Female
698,1497476.9472000003000,317412.3264000001000,2116816.7904000003000,932965.3632000000000,1016725.2576000000000,11,1,3,65,5,Male
5426,126632.4480000000300,247735.6800000000000,1261550.3040000000000,2182886.7840000000000,124975.2960000000000,8,3,2,55,0,Male
6188,622658.3040000000000,424227.7440000000600,688326.7679999999000,203768.8320000000200,379255.2480000001000,10,5,2,58,2,Male
3487,731437.5552000001000,615579.0432000002000,1166820.9696000000000,3111163.1232000007000,410690.3328000001500,18,3,4,45,0,Male
369,278091.6320000000000,941644.0800000001000,693709.5360000001000,1375810.5920000002000,309784.8000000000000,14,4,3,65,2,Male
910,399576.4800000000400,335963.4400000000600,1439278.3200000000000,2573864.0000000000000,618320.0800000001000,5,5,1,34,0,Male
8430,390792.2304000000600,1213169.1936000000000,3349983.6864000000000,4496891.4432000010000,898008.8832000000000,22,2,5,68,0,Male
310,554029.9440000000000,456086.4360000001000,3188696.4720000000000,4902922.7520000000000,682386.1200000000000,11,1,3,65,1,Female
2854,827679.0720000002000,212036.7480000000500,1314309.4800000002000,690661.8400000001000,413140.0240000001000,3,3,1,42,0,Male
8263,469205.5680000001000,186717.5440000000200,487135.7400000000500,1579311.5520000001000,379646.8000000000500,13,3,3,68,4,Male
1671,1112582.0160000000000,418450.3199999999500,1815568.5600000000000,4175811.0719999997000,1209632.8320000000000,7,2,2,37,1,Female
3480,1614311.9520000003000,847561.4400000001000,2364552.0360000003000,335029.2000000000000,550685.1240000001000,1,1,1,45,0,Female
7703,730521.3760000002000,478953.8000000000500,1265735.0160000000000,883727.9360000002000,676391.6640000002000,9,4,2,65,0,Male
2253,700072.9600000001000,104932.0400000000200,385770.8400000000000,1021876.3200000002000,270599.3200000000000,10,5,2,39,0,Male
8565,576352.2960000001000,411227.7520000001000,491322.4680000000000,945725.4560000001000,391248.7800000000000,23,3,5,69,3,Male
812,800431.7360000000000,415457.4320000001000,1048446.3600000000000,753479.7920000001000,485804.6440000001000,13,3,3,65,2,Male
5380,255563.5200000000000,171008.3520000000000,1177057.7280000000000,1317465.9840000002000,824437.9199999999000,5,5,1,54,0,Male
4237,1597929.6960000005000,400365.6030000000600,1981396.2960000000000,3207018.2760000005000,883205.8290000001000,19,4,4,49,3,
9477,2090606.9183999998000,1129049.5008000003000,3541220.4672000000000,217892.3136000000500,870707.3856000002000,17,2,4,73,3,Male
6273,129913.6320000000100,360782.1600000000300,638507.0880000000000,992310.3360000001000,396788.4000000000000,20,5,4,58,0,Male
4925,842625.7920000000000,747404.0640000000000,862718.4000000000000,501909.5040000000000,903226.8480000001000,5,5,1,52,2,Male
4049,444594.3744000001000,500130.1536000001000,231002.9568000000400,1419368.3328000002000,296658.8064000000000,17,2,4,48,1,Male
8650,3401975.1168000000000,503303.1119999999000,4981943.4912000000000,3673361.9520000005000,815598.5760000000000,11,1,3,69,0,Female
4703,180967.5648000000000,277518.3552000000000,3675866.0544000000000,2542815.5903999996000,1377449.9712000000000,24,4,5,51,2,Female
3790,2311558.9200000000000,113844.8520000000300,3007534.4639999997000,850671.3600000000000,844649.1240000002000,18,3,4,47,1,Female
5576,1862373.1968000000000,853673.5872000001000,1048882.5216000000000,1973818.8288000003000,1041354.7776000000000,3,3,1,55,0,Male
1417,248374.8480000000300,219753.2160000000100,809171.7119999999000,3176262.5280000004000,639846.2400000001000,4,4,1,36,4,Male
5092,1407847.3919999998000,302468.2560000000000,1362145.2479999997000,174915.6480000000200,421447.3919999999300,21,1,5,53,1,Female
5973,2382863.6159999995000,1176424.1279999998000,2055461.7023999998000,4653365.7600000000000,1463704.3008000000000,11,1,3,57,2,Female
3526,1801899.5280000002000,636860.7960000001000,3336820.3440000000000,2035295.3280000002000,153677.4360000000200,25,5,5,45,0,Female
6772,2134392.8580000000000,1066525.4340000004000,1723394.9070000001000,4573926.8640000000000,217894.5990000000200,15,5,3,61,0,
1902,819812.3520000001000,827505.6960000001000,1113454.3680000000000,2554275.8400000003000,233365.6320000000000,4,4,1,38,3,Male
9672,1138249.8816000002000,180354.7200000000000,2736263.4624000000000,216246.4512000000400,786168.7392000001000,7,2,2,74,3,Male
8319,1390182.3936000003000,430665.0192000000400,1850471.1576000003000,3288394.5120000006000,471903.6816000000000,24,4,5,68,3,Male
5340,1130829.9840000000000,396973.6992000000300,1318788.8640000000000,668705.5872000001000,312012.2592000001000,25,5,5,54,2,Male
5960,650273.8320000000000,272428.1640000000500,469958.1119999999600,3550588.1280000000000,274176.1440000000300,24,4,5,57,3,
4234,722820.2080000001000,611672.5120000001000,199890.5040000000200,2040254.3040000005000,338803.9600000000000,25,5,5,49,3,Male
8362,786580.8912000002000,525880.0872000001000,2806150.3704000004000,717065.4816000002000,348528.7728000000400,19,4,4,68,2,Male
1157,198908.1000000000000,887028.3000000000000,1053105.5700000000000,2101376.8800000004000,874946.6100000000000,15,5,3,35,5,
1555,943233.1200000001000,883398.0000000000000,1519761.2400000000000,1465872.0000000000000,773817.0000000000000,13,3,3,36,0,Female
1929,100822.7520000000100,238031.5680000000000,3866893.3440000000000,3997836.2880000000000,295883.5680000000000,17,2,4,38,2,Female
3519,876154.4352000001000,1543586.2992000002000,1843335.0143999998000,1488927.6864000002000,191622.0239999999800,1,1,1,45,0,Female
4246,3058388.4672000003000,1403301.0816000002000,2564203.4352000006000,2248709.7600000002000,1048928.7600000002000,11,1,3,49,2,Female
3014,215053.6608000000400,384987.2400000000000,3899587.1903999997000,1219260.5568000000000,878850.8783999999000,22,2,5,43,0,Female
1713,579323.2800000000000,636519.2400000001000,1676392.9199999997000,4739629.4400000000000,695148.1200000000000,5,5,1,37,2,Female
3879,166909.1600000000300,255024.1760000000400,853148.4720000001000,171293.0560000000400,228802.7280000000300,20,5,4,47,2,Male
6339,1034378.0352000000000,148065.1488000000200,2002014.4031999998000,3294546.7392000000000,640521.3888000001000,10,5,2,59,4,Male
3310,1415338.3200000003000,684084.5440000002000,885012.4800000001000,2919166.9760000007000,101343.7920000000200,10,5,2,44,0,Male
4459,221986.8288000000200,593264.9952000001000,870800.2848000000000,1359899.0208000003000,641350.3968000001000,15,5,3,50,3,Male
9788,479245.2288000001000,935496.6816000001000,1168007.4432000000000,925475.3664000000000,160174.9344000000300,8,3,2,75,0,Male
3185,797612.3760000002000,276352.0320000000600,489942.1559999999600,477841.2320000001000,221769.3720000000300,10,5,2,44,1,Male
7232,1858728.0816000002000,1276082.4024000003000,1115351.0784000000000,2813810.3136000005000,1166863.9788000002000,14,4,3,63,2,Female
4863,830847.2832000001000,813873.8304000002000,190379.6352000000000,4493058.9696000000000,514760.9472000000500,7,2,2,52,4,Male
6530,840644.0640000001000,1416006.5399999998000,3036001.1760000000000,6137796.9120000005000,1510928.4840000000000,15,5,3,60,4,Female
9659,2718958.9440000000000,1150748.9760000000000,4670536.1039999990000,2951957.4240000006000,920465.9880000001000,1,1,1,74,1,Female
1941,196342.0800000000200,1102571.5200000000000,1965626.2799999998000,1286218.5600000000000,1151189.1600000000000,23,3,5,38,2,Female
5451,2559592.3967999998000,1192599.7632000000000,1182985.1711999997000,516736.2816000000000,681342.7968000000000,16,1,4,55,1,Female
4148,141466.5120000000200,553285.3920000001000,2452283.0640000002000,2809508.0640000002000,965014.5120000001000,24,4,5,49,0,Female
3031,390750.0960000001000,492323.2160000001300,1938308.5920000002000,1759021.4400000004000,874207.2240000000000,25,5,5,43,1,Male
1736,592513.7760000002000,132688.0800000000200,2039517.3599999999000,526969.4400000000000,268911.0000000000000,5,5,1,37,2,Male
2703,791099.0560000002000,233916.6720000000200,809987.9040000001000,2280462.6240000010000,623328.2000000001000,10,5,2,42,4,Male
6206,1350284.5440000000000,396222.7680000000000,1971655.3439999998000,5553421.6320000000000,306938.5920000000000,21,1,5,58,1,Female
8459,2460462.4512000000000,1841490.8928000003000,4892212.1663999990000,782470.5408000001000,936412.9632000000000,16,1,4,69,0,Female
7462,1114158.7080000000000,735662.6550000000000,1824873.2190000000000,3008702.2680000006000,707327.3610000000000,2,2,1,64,2,
2811,711784.3040000001000,821179.5680000002000,2431030.8000000003000,2682674.7200000007000,401863.2640000001000,5,5,1,42,0,Male
205,2355806.0448000003000,761671.6847999999000,2278925.0640000000000,411743.4048000000000,1145011.2336000000000,11,1,3,65,0,Female
694,470562.3520000001000,352308.3720000001000,236042.5080000000300,130419.5360000000200,502055.7880000000000,23,3,5,65,0,Male
2175,2225724.1920000000000,125711.8560000000000,3198877.4879999994000,786087.3599999999000,999492.7679999999000,17,2,4,39,2,Female
3594,906050.8160000002000,230591.8560000000600,426861.3360000000700,1416388.5120000003000,668827.3680000002000,10,5,2,46,4,Male
6513,449057.6480000000400,331401.8240000001000,1054837.6800000002000,1698300.6560000004000,311344.3840000000000,15,5,3,60,5,Male
1333,1078836.4800000000000,1052346.5280000000000,2103200.2079999996000,4947490.3680000000000,178224.1920000000000,12,2,3,35,0,Female
6255,1291130.1504000000000,1005969.5424000000000,5100541.7471999990000,2328833.2032000000000,897502.4639999999000,7,2,2,58,0,Female
589,1812524.8128000002000,399003.0720000000400,789195.5136000000000,1009543.6416000002000,591312.2592000000000,22,2,5,65,2,Male
6128,2241779.0976000000000,723424.7808000001000,1724038.3872000000000,2092600.6271999998000,447054.2208000000700,14,4,3,58,3,Male
7086,2232379.2192000006000,783759.6000000000000,3732921.8784000003000,2191768.0512000000000,228611.5104000000300,7,2,2,62,0,Male
9994,882256.1904000001000,355533.7032000001000,2627490.8088000000000,2217310.2432000004000,679891.5864000001000,19,4,4,75,0,Male
1431,733968.2880000000000,420946.1279999999700,3984599.9519999990000,1025269.6320000000000,113264.6400000000000,12,2,3,36,1,Female
5194,1064629.4400000000000,1309743.7920000000000,4122541.8719999995000,2355625.7280000000000,1134618.4799999997000,1,1,1,53,1,
5266,151063.1999999999800,1087918.5599999998000,3377018.3040000000000,1418398.2720000000000,665519.0399999999000,20,5,4,54,5,
3934,2109014.2656000000000,881339.9759999999000,472824.4752000000000,3356926.8479999998000,122512.5792000000100,4,4,1,47,0,Female
9233,674997.3360000001000,305723.8600000000400,631497.8280000000000,192064.4960000000400,209030.0680000000300,20,5,4,72,1,Male
746,2431774.8000000000000,678193.7760000000000,3792859.9487999994000,7421654.8224000000000,187666.5024000000000,21,1,5,65,3,Female
7591,222665.9760000000200,857449.1952000002000,885681.6696000000000,463702.2624000000700,207407.0232000000300,14,4,3,65,4,Male
305,2333899.3860000000000,133418.2590000000200,2402318.4120000000000,1710574.1640000000000,139843.0800000000200,21,1,5,65,0,
1332,1958276.4480000003000,280654.4160000000000,3411180.0000000000000,1869281.2799999998000,615415.5360000000000,12,2,3,35,0,Female
7164,428476.8384000000700,741399.9840000000000,1423512.2303999998000,5502112.0128000010000,761625.8208000000000,12,2,3,63,4,Female
4283,1818850.9680000003000,1007082.5160000002000,3250217.5200000000000,1173731.8560000001000,895311.1200000001000,4,4,1,49,1,Female
3567,1212647.3568000002000,777438.7632000003000,2042485.3944000000000,169590.9600000000200,178460.8056000000500,8,3,2,46,5,Male
4157,231880.4400000000600,209756.1400000000400,188366.2440000000000,1215373.4560000002000,141182.0960000000200,25,5,5,49,0,Male
7486,804294.5040000001000,548312.7312000002000,2498548.8528000000000,1473265.8720000002000,720856.0008000002000,20,5,4,64,0,Male
8561,1473276.4800000002000,365198.9952000000600,965580.2208000000000,555548.1984000000000,944055.7152000001000,2,2,1,69,3,Male
6252,335489.5584000000400,689917.0464000000000,3461405.1407999997000,2979590.0544000000000,1076654.9808000000000,6,1,2,58,0,Female
8391,956284.5760000000000,492320.2960000000300,1584531.3120000002000,4077406.5280000004000,332847.3200000000700,14,4,3,68,0,Male
9021,629033.7040000000000,482196.7280000000600,1529755.8120000002000,918778.8480000001000,339344.5640000001000,8,3,2,71,3,Male
1139,1460137.1520000002000,920029.3440000002000,421059.1680000000000,3169535.6160000000000,334033.5360000000000,24,4,5,35,0,Male
6655,498518.2800000001000,378262.5912000001000,1299695.4360000000000,3678647.7312000003000,453853.7640000001000,15,5,3,60,0,Male
6888,123869.5120000000200,365501.5000000000000,262492.9320000000000,1958387.1840000001000,290724.3560000001000,18,3,4,61,0,Male
1360,1074773.1840000001000,837599.0400000000000,304211.5200000000000,1792514.6880000003000,521056.9920000001000,19,4,4,36,0,Male
6722,283268.5440000000500,380319.5760000000600,1404905.4239999999000,360166.1440000001000,426242.5960000000000,25,5,5,61,5,Male
7834,1120751.4240000003000,729931.5920000002000,2321560.4880000000000,2369181.5680000004000,169359.4240000000300,8,3,2,66,1,Male
4561,1467087.2064000000000,1509304.8383999998000,2116922.6880000000000,6147289.4975999990000,1262707.3151999998000,6,1,2,50,0,Female
5810,1727680.3199999998000,1177710.1056000001000,4575558.5855999990000,2690428.9536000000000,478552.8383999999000,21,1,5,56,0,Female
2470,1029581.2560000000000,537373.9800000000000,2193150.9600000000000,2288489.2800000003000,295837.7400000000000,9,4,2,41,0,Female
8599,295872.4080000000000,370663.0720000001000,619885.0320000000000,2061297.6800000002000,425551.6200000000500,18,3,4,69,2,Male
5547,210206.5920000000000,788066.3520000001000,991468.5119999999000,3418688.4480000000000,1327750.8480000000000,21,1,5,55,2,
6941,1536514.8240000000000,737479.3920000000000,3103072.5960000000000,2659776.2880000000000,1186927.5600000000000,6,1,2,62,1,Female
8466,2840606.1216000000000,1289530.1952000002000,1014976.8720000000000,2973715.4304000004000,592405.4448000000000,16,1,4,69,0,Female
5728,1511154.5760000001000,873918.9360000001000,282105.5040000000000,1275892.5600000000000,881392.3200000000000,19,4,4,56,3,
5564,1080917.9136000000000,860492.5055999999000,2922179.3279999997000,3726230.1696000000000,1689487.2000000000000,1,1,1,55,0,Female
8145,189565.2096000000300,482930.4480000000300,1655929.2672000000000,1634575.9872000006000,910784.0352000002000,7,2,2,67,0,Male
9533,2418527.7792000000000,1455029.7839999998000,2725653.7152000000000,315974.1312000000000,1571112.8784000000000,11,1,3,73,0,Female
4595,2302850.3040000000000,646304.0255999999000,3143051.5968000000000,2338741.0944000003000,390632.0256000001000,4,4,1,51,0,Male
377,108917.9520000000000,359097.0240000001000,2616378.3360000000000,3208518.9760000007000,733932.6800000000000,18,3,4,65,2,Male
3073,1447198.3152000003000,359034.6672000001000,1064327.5368000001000,565155.0432000002000,505949.4000000000000,5,5,1,43,0,Male
6651,1857537.4272000005000,943710.7680000002000,1803584.3904000004000,3434872.3968000000000,532555.9200000000000,14,4,3,60,0,Male
2167,1151093.2800000000000,212547.9600000000200,3478345.1999999997000,1440976.3200000000000,207582.2400000000200,18,3,4,39,2,Female
3135,1879134.5760000001000,614774.1600000000000,365604.2280000000000,2431600.5120000000000,936637.2840000002000,8,3,2,44,1,Female
2915,305199.5760000000600,349226.2224000001000,744911.8776000001000,1509810.1920000000000,735194.1168000001000,8,3,2,43,4,Male
2912,1839070.6752000004000,468282.4608000000600,1060157.8943999999000,1395710.9760000003000,496255.9008000000600,12,2,3,43,4,Male
4427,1937594.8800000000000,444236.8320000000000,749610.2879999998000,4203596.1599999990000,526011.1200000000000,6,1,2,50,4,
9552,1281611.1360000000000,619040.9472000000000,2874545.1072000000000,3189217.5744000007000,879081.2160000000000,18,3,4,73,1,Male
7522,1609719.5088000002000,866806.4808000001000,2724355.5768000004000,2116329.3216000004000,698169.1392000001000,10,5,2,64,0,Male
9914,2589924.7295999997000,1706648.2992000002000,1146100.9248000000000,1031983.4304000002000,182284.8768000000000,11,1,3,75,2,Female
3149,123254.7360000000200,724283.2080000001000,1999341.1680000005000,2151881.2480000006000,362713.2080000001000,25,5,5,44,4,Male
5031,253572.7679999999800,731836.4256000001000,628789.9104000000000,2394916.7616000003000,668268.9216000001000,23,3,5,53,5,Male
9144,1162313.1000000000000,206280.7110000000400,2687733.0090000000000,4257451.6920000000000,170970.2280000000000,1,1,1,71,0,
2037,1768770.0480000000000,626885.7600000000000,589325.7600000000000,564569.4720000001000,870758.8800000000000,24,4,5,38,0,Male
1636,1679040.8639999998000,558442.6560000000000,3991389.6959999995000,2747118.5280000000000,763101.0720000000000,2,2,1,37,4,Female
9649,2324325.7440000004000,1144932.5160000000000,1871358.6060000001000,3250257.1920000003000,104760.7470000000200,16,1,4,74,4,
4828,626897.6640000000000,516148.3008000000000,3432078.9504000000000,641073.7152000000000,817258.2912000001000,7,2,2,52,5,Male
9721,2166098.2200000000000,624484.8090000001000,1850160.6630000002000,3797618.7600000002000,1005365.3220000000000,1,1,1,74,2,
7612,748190.6640000001000,1047169.1880000001000,2985464.1960000000000,1450448.6879999998000,1149014.5680000002000,16,1,4,65,1,Female
8249,3235263.0335999997000,220135.4064000000000,4695238.8287999990000,5276213.2799999990000,1557158.6160000002000,1,1,1,68,4,Female
6688,134967.2688000000500,590381.4384000002000,494304.8760000000500,1608291.7344000007000,716679.9432000002000,10,5,2,60,0,Male
4134,3122265.4848000007000,139065.8544000000000,939268.9151999998000,2744835.6671999996000,631633.4639999999000,22,2,5,48,0,Female
4475,1062213.0047999998000,1726908.2496000000000,4283920.2239999990000,5592569.0112000000000,498749.8752000000000,17,2,4,50,2,Female
4600,282858.9120000000000,791301.6576000002000,1023860.2176000000000,2403276.8256000006000,130533.8976000000000,10,5,2,51,0,Male
1844,112919.4240000000100,926791.9680000001000,1574720.3520000000000,1966351.1040000000000,858568.6080000001000,8,3,2,38,1,Male
7949,655844.9664000000000,739077.8304000002000,3151127.4912000005000,2256150.8736000000000,714576.3456000000000,23,3,5,66,0,Male
4110,338572.8720000001000,206939.1456000000500,583430.8392000000000,1941384.9312000002000,697780.9872000001000,25,5,5,48,0,Male
7918,581378.6160000002000,339553.6560000000000,2656038.3408000000000,1759122.1440000000000,674181.5184000002000,23,3,5,66,1,Male
2497,2274495.3792000000000,152359.0992000000000,3532000.0320000000000,1149728.0256000000000,919738.8288000001000,1,1,1,41,4,Female
9416,2885648.6880000000000,512957.0160000000600,2325778.8839999996000,860388.6720000001000,679221.0360000000000,11,1,3,73,4,Female
1458,332961.8400000000000,428039.4240000001000,102691.1520000000200,1552307.0400000000000,542671.1280000000000,15,5,3,36,3,Male
6147,1138451.3280000000000,519080.8319999999400,2593726.2720000000000,4264223.8464000000000,915131.7504000000000,9,4,2,58,1,Male
586,1344267.8496000000000,681275.0880000000000,2768812.6751999995000,1707684.0768000000000,1778760.1728000000000,16,1,4,65,2,Female
2908,431686.7280000000600,656662.6440000001000,3137138.9280000000000,4596440.1120000000000,1047418.1520000002000,20,5,4,43,4,Female
5599,641953.2096000001000,300369.3408000000600,796241.9232000000000,118971.0720000000100,705474.4032000001000,5,5,1,55,0,Male
685,1202626.7136000001000,824947.3439999999000,3159268.4447999997000,7238461.6512000000000,1458284.8176000000000,1,1,1,65,0,Female
6026,357090.0480000000700,239019.7440000000000,686430.4320000000000,459721.3440000000400,130369.7280000000000,3,3,1,57,0,Male
4062,1100441.5488000000000,692694.1824000002000,864560.1888000000000,1654357.0560000000000,272215.0464000000500,9,4,2,48,2,Male
3813,581255.3120000002000,583929.6320000001000,454352.7120000000600,1991726.8800000001000,262576.2480000001000,13,3,3,47,4,Male
8676,1622518.7472000003000,419922.2664000000000,1701963.0576000002000,1328293.3248000000000,413862.3216000000000,4,4,1,69,0,Male
8839,317628.4800000000400,1183730.8704000000000,2531517.5808000000000,1645970.2272000003000,1129536.8448000000000,11,1,3,70,2,Male
6311,836949.3120000000000,590544.3840000000000,1712958.6239999998000,2600178.8160000000000,591880.1280000000000,10,5,2,59,1,Male
689,845042.6400000001000,448692.1920000001000,911988.4800000001000,337576.0960000001000,162022.3280000000400,4,4,1,65,0,Male
228,1157640.6816000002000,303354.4176000001000,427062.8232000001000,239717.0880000000200,795166.9128000000000,13,3,3,65,0,Male
4617,565782.2784000002000,637166.4768000001000,1432724.3712000002000,1057988.0448000000000,111294.2592000000000,20,5,4,51,1,Male
5684,450225.4080000000500,364456.3200000000000,1436837.4720000000000,1693498.7520000000000,349028.5440000000000,13,3,3,56,4,Male
789,2049794.3232000002000,1245607.8336000000000,3133026.0000000000000,4774640.8320000000000,1627196.8752000000000,21,1,5,65,2,Female
6415,1701595.4688000001000,315125.6832000000000,2030027.9615999998000,2750740.6464000004000,316933.7760000000000,15,5,3,59,2,Male
1698,1188613.2480000000000,837609.6000000000000,1990758.2400000002000,2061581.5680000004000,933676.0320000001000,18,3,4,37,2,Male
3029,567661.7232000001000,403282.2024000000700,2258614.9080000008000,974026.9440000001000,612994.3776000001000,10,5,2,43,1,Male
7600,163579.8060000000400,562073.3820000001000,1014204.6720000001000,2475825.3000000003000,811812.8070000001000,11,1,3,65,0,
9086,1971413.6832000000000,1403885.4336000000000,3588124.4568000000000,4961049.7248000000000,309305.4120000000000,23,3,5,71,0,Female
9523,2859114.5856000003000,858526.5312000001000,3495525.3216000000000,6552965.2032000000000,964722.6576000000000,11,1,3,73,1,Female
917,229343.8080000000200,885251.4240000000000,1095193.1520000000000,1061545.3440000000000,356658.9120000000000,14,4,3,34,5,Male
9568,2036514.6048000003000,1088438.4576000000000,394296.3648000000000,4350419.1744000010000,866678.7168000002000,17,2,4,73,0,Male
2837,993934.1280000000000,786306.7080000001000,3414765.0239999997000,421173.9840000000500,1035879.7680000002000,1,1,1,42,0,Female
7165,1089801.2736000000000,1668323.2175999999000,445884.0047999999400,2919462.6240000000000,589292.1216000001000,19,4,4,63,4,Female
2202,280032.4800000000400,156078.6000000000000,1944422.2799999998000,2570039.5200000000000,883632.9600000001000,4,4,1,39,0,Female
9912,1571415.7680000002000,245297.2080000000000,1685577.8159999999000,4131253.7760000005000,330857.5920000000000,6,1,2,75,2,Female
622,894687.9760000000000,502951.0200000000000,360961.3800000000600,800765.2640000002000,362522.0040000001000,8,3,2,65,0,Male
3757,200839.5840000000300,777344.5680000001000,2502289.5480000000000,3059440.0320000000000,1060373.5560000000000,13,3,3,47,0,Female
8702,3301955.2800000000000,568429.4304000001000,3912208.9344000000000,2215864.6848000000000,1105898.4144000001000,6,1,2,70,0,Female
7766,2332169.0496000000000,614202.2640000000000,392859.9792000000000,3178593.1008000000000,1223074.7568000000000,16,1,4,66,0,Female
3423,443990.6064000001000,667293.5808000001000,777586.3920000001000,533333.4336000001000,155659.3632000000200,10,5,2,45,3,Male
4726,100590.5520000000100,356619.5640000000000,2466636.3000000003000,856645.2000000001000,566328.9960000000000,6,1,2,51,2,
4229,435734.6400000001000,177170.7960000000300,370569.8040000000000,170627.0720000000400,182230.5320000000400,24,4,5,49,3,Male
9757,1155975.3504000000000,717574.1040000000000,1761827.3712000000000,4731874.6176000000000,1770391.7712000003000,6,1,2,74,0,Female
515,141725.1263999999800,1148295.6576000000000,2925612.8928000005000,1938114.5472000001000,539263.1712000001000,21,1,5,65,4,Male
8106,2101749.5616000000000,1220676.6624000000000,233764.1280000000300,1439249.0112000003000,893247.1392000000000,7,2,2,67,2,Male
660,2048842.4320000000000,627931.3040000000000,607686.1440000001000,439710.7520000001000,746375.5520000001000,8,3,2,65,0,Male
5980,581208.3840000000000,467887.2960000000300,2031548.8319999997000,1043206.6560000001000,108729.6000000000000,13,3,3,57,2,Male
4524,1972406.0160000000000,1422713.8080000000000,1436432.4000000000000,3923377.3440000000000,144378.0000000000000,2,2,1,50,0,Female
8024,2061420.5040000002000,990783.1440000001000,3599526.9960000000000,5024831.7600000000000,584327.0160000001000,16,1,4,67,4,Female
2285,546773.5680000001000,917867.7024000001000,958524.0192000000000,365513.2800000001000,876599.6448000001000,2,2,1,40,5,Male
8619,1049495.2416000000000,712142.3088000000000,5051525.1695999990000,1579302.3168000000000,1632984.9120000000000,11,1,3,69,1,Female
8065,3028159.1808000000000,726971.7312000000000,4372523.8127999995000,225877.7664000000500,122741.0496000000100,6,1,2,67,1,Female
9901,324946.4400000000600,167816.1420000000200,134118.8550000000000,4354532.2080000015000,101783.4480000000200,16,1,4,75,3,
1258,618603.6800000000000,159343.9600000000200,336325.6800000000000,106822.0800000000200,147668.3200000000400,20,5,4,35,2,Male
481,102188.9440000000200,484284.6840000001000,832219.7520000000000,1385631.3120000002000,446588.3240000000000,3,3,1,65,5,Male
79,2255322.3264000000000,355566.7440000000000,1621613.8224000000000,1556232.5376000002000,379682.7840000000000,16,1,4,65,1,Female
3706,1434851.4048000001000,570672.5376000000000,1915019.5680000000000,732261.6576000002000,276332.3904000000300,12,2,3,46,1,Male
3483,276412.6640000000500,171879.0040000000400,654191.3400000001000,1349926.5120000003000,177257.5200000000200,5,5,1,45,0,Male
9573,2328277.2864000006000,1049626.6560000002000,742013.6255999999000,1716102.3360000004000,568151.3759999999000,7,2,2,73,0,Male
4520,2547544.4351999997000,1239169.0176000000000,1928279.5199999998000,5405878.6559999995000,1105866.6048000000000,4,4,1,50,0,Female
4680,290720.7360000000300,402769.0080000000300,245474.7839999999900,303174.7200000000000,172800.1920000000400,3,3,1,51,3,Male
9370,378545.0760000000600,654109.0920000001000,559497.1590000000000,4482204.0120000010000,420594.1740000000600,23,3,5,72,0,
7212,909878.6112000000000,415978.9920000000000,2361756.7584000000000,4081457.2032000013000,160617.6000000000000,4,4,1,63,1,Male
1464,343504.9800000000400,584519.3100000000000,1640764.3500000000000,1614910.6800000002000,880536.2400000001000,8,3,2,36,3,
3248,2834874.6624000003000,1425816.0576000002000,3377560.9824000000000,4014460.4544000000000,1023050.1599999999000,9,4,2,44,0,Female
4578,1000038.3119999999000,630261.2160000001000,146667.9959999999800,1662276.3840000000000,834917.2200000000000,14,4,3,50,0,
4209,2106697.0320000000000,972727.8000000000000,336831.6600000000300,2148431.4720000000000,812123.2680000002000,10,5,2,49,3,Female
5880,379246.0032000001000,923035.0464000001000,1074341.4912000000000,3557225.7792000000000,632612.9664000000000,7,2,2,57,1,Male
151,1079667.5760000001000,1128258.1440000000000,3911776.1279999996000,303370.7040000000000,1335295.8840000000000,6,1,2,65,2,
5956,1031877.0432000002000,901887.4368000000000,1197323.5967999997000,4064366.5920000000000,597047.0400000000000,9,4,2,57,3,Male
4085,453250.8288000001000,749334.6432000002000,2282738.9112000004000,2346782.1696000010000,727362.6624000001000,10,5,2,48,2,Male
7662,1182241.7568000000000,1516050.6192000000000,3267381.4991999995000,203764.9535999999800,1675816.4592000002000,6,1,2,65,2,Female
4712,1595554.5024000000000,176871.0816000000300,773408.2176000002000,1557644.0832000000000,692687.1168000001000,10,5,2,51,2,Male
6099,882010.1663999999000,599338.6991999999000,1230302.7792000000000,1134100.0512000000000,1282688.1360000000000,5,5,1,58,4,Female
3292,2055985.4304000000000,621232.9200000000000,2650799.6063999995000,241665.8112000000300,532358.9568000000000,21,1,5,44,0,Female
5256,440732.2752000000300,274427.4816000000600,870696.6048000000000,2264848.4736000006000,636352.6752000000000,5,5,1,54,5,Male
4033,1064963.8560000001000,239426.6160000000000,528541.5960000000000,4147040.3040000005000,572484.3960000001000,7,2,2,48,1,Female
2193,113124.4200000000000,543053.5200000000000,884329.1100000000000,2705450.7600000002000,433111.2300000000400,14,4,3,39,2,
1556,304925.7599999999500,1225943.2799999998000,3110905.4399999995000,1247986.9440000001000,1099088.4959999998000,24,4,5,36,0,Female
8823,1689657.2160000002000,678465.3720000001000,3191502.1319999998000,4253824.2240000000000,129980.4480000000000,1,1,1,70,2,Female
1623,821676.7800000000000,210360.6000000000000,2204470.0799999996000,2410096.6800000000000,370095.7500000000000,4,4,1,37,5,
5442,1193278.0032000002000,643270.1184000000000,2705059.2383999997000,4400510.9760000000000,1076140.3392000000000,17,2,4,55,5,Male
8229,666307.5120000001000,786858.7428000002000,2653850.6280000000000,5046223.6656000010000,1213776.5328000002000,11,1,3,68,0,Female
6418,2238397.5168000003000,277446.9888000000000,2374686.3743999996000,803742.5664000000000,990194.9184000000000,2,2,1,59,2,Male
9458,1735932.5568000000000,1043818.5888000000000,3974237.0927999998000,2454310.3104000003000,907885.1808000001000,6,1,2,73,1,Female
1503,757787.7120000002000,702606.4320000001000,1157973.4080000000000,1069484.1600000000000,512491.1040000000500,2,2,1,36,1,Male
7656,1955604.7680000002000,538002.0672000000000,1179398.5632000000000,1855147.5072000003000,162368.4192000000300,11,1,3,65,2,Male
3430,1351482.5280000002000,273357.6384000000500,1644611.1264000002000,2565725.1840000004000,107185.5840000000000,17,2,4,45,2,Male
4449,732443.6160000002000,252468.6720000000200,661382.7840000000000,802478.7840000000000,157653.2640000000200,20,5,4,50,1,Male
1277,271101.8880000000400,294756.3360000000000,2378437.3439999996000,2471121.2160000000000,466370.3520000000000,9,4,2,35,1,Female
9995,2131217.0880000000000,565110.9984000000000,1361660.6016000000000,1843253.5680000002000,485109.7056000000400,13,3,3,75,0,Male
2972,1180389.9888000002000,122594.2344000000200,819732.5928000001000,1499822.4384000003000,161520.0048000000500,5,5,1,43,3,Male
7891,1059484.9824000000000,494318.0736000000000,1921769.3664000000000,6669490.4640000010000,162425.3904000000300,1,1,1,66,1,Female
7878,2049824.7744000000000,874341.4368000001000,1746072.8064000004000,4634467.9680000000000,1118433.0144000000000,24,4,5,66,2,Male
9772,979100.1792000002000,331417.1952000000000,2756037.3984000008000,2370463.0560000003000,271386.1800000000000,13,3,3,74,0,Male
247,998307.8352000001000,845148.2832000001000,2394594.7272000000000,3071469.3984000008000,412763.0832000000500,4,4,1,65,0,Male
3745,1382855.0208000000000,691519.0656000002000,716151.7440000000000,3162351.2448000005000,359502.0000000000600,18,3,4,46,0,Male
9676,125689.4080000000100,369867.1600000000300,267856.8360000000000,1512273.1520000002000,437015.5400000000400,9,4,2,74,3,Male
1508,1466040.0960000001000,690681.7440000000000,604526.9759999999000,5726095.4880000000000,136733.7600000000000,24,4,5,36,1,Female
9675,746902.3120000002000,376976.9120000000700,1479743.4600000000000,1484705.4560000002000,351386.9840000000500,18,3,4,74,3,Male
5381,1113494.4000000000000,179159.2704000000000,2507413.3632000000000,1276685.1072000000000,1135582.8480000000000,14,4,3,54,0,Male
7101,139772.8800000000000,164711.1960000000300,632399.2272000001000,2420612.4384000010000,884598.2496000001000,10,5,2,62,0,Male
6216,2656145.0879999995000,1064725.3440000000000,1377213.0623999995000,3956088.0384000000000,1679283.0143999998000,24,4,5,58,0,Female
6169,2425686.2208000000000,381575.0591999999600,3411839.7503999993000,4435113.1392000000000,626224.9535999999000,17,2,4,58,2,Female
5490,1401887.0016000000000,739717.4015999999000,2275656.7679999997000,391072.6655999999500,1116068.5440000000000,19,4,4,55,1,Female
229,627391.7520000001000,434468.3720000001000,555189.9600000001000,1143006.5920000002000,270237.6560000001000,13,3,3,65,0,Male
842,268317.9360000000500,447558.9120000000000,755283.7440000001000,1770936.7680000002000,340836.7680000000400,15,5,3,33,1,Male
6596,1851478.8864000002000,306676.9056000000600,2810292.8256000000000,1901354.4576000003000,885751.1520000001000,12,2,3,60,3,Male
202,3020982.3072000006000,1529256.2688000000000,372171.7584000000000,5596255.6416000010000,1804573.5552000000000,11,1,3,65,0,Female
6152,536658.7200000001000,176618.1120000000200,1343535.2640000000000,867318.7200000000000,225429.1200000000000,1,1,1,58,3,Male
7122,350784.4080000000000,951168.5040000000000,1153113.1560000000000,3065781.8880000003000,1445098.9800000002000,15,5,3,62,0,
5088,1500045.4656000000000,205507.4688000000600,2070139.5071999999000,1367868.6720000000000,139509.5040000000000,2,2,1,53,3,Male
4535,346987.0656000000300,160010.7264000000000,656396.7840000000000,2119154.2272000000000,661644.4608000001000,13,3,3,50,0,Male
5209,1326225.1392000000000,573560.9568000000000,2068081.8911999997000,2578075.4304000000000,770750.6400000001000,9,4,2,53,0,Male
5488,1096254.9504000000000,643271.1551999999000,1654384.4351999997000,3050967.8592000000000,1327281.2928000002000,7,2,2,55,1,Female
5626,2349977.3567999997000,1261724.9472000000000,1114935.3215999997000,6871198.4640000000000,115923.2255999999800,14,4,3,56,0,Female
7275,1570625.9712000003000,952470.8544000002000,457564.7231999999500,2012670.5664000000000,1179696.2112000000000,13,3,3,63,1,Male
2289,1183637.6640000000000,507295.8990000001000,2963568.4650000003000,1196920.2960000000000,156944.5020000000400,6,1,2,40,5,
6574,526637.9040000001000,355112.6800000000500,703754.8440000000000,908197.4720000001000,480256.2440000000600,5,5,1,60,1,Male
3835,829545.8160000000000,862631.4840000002000,914357.6640000000000,2208964.0320000000000,1080289.7160000002000,8,3,2,47,1,Female
1107,904421.2320000001000,389961.1440000001000,1527571.8720000002000,923320.2240000002000,187375.8240000000200,20,5,4,34,0,Male
3516,788324.0112000001000,113659.1676000000200,2409436.1412000004000,3954539.7936000004000,410534.5464000001000,3,3,1,45,0,Female
4521,281914.5600000000000,918279.2160000000000,4186217.3759999997000,1169445.3120000000000,1108853.7120000000000,18,3,4,50,0,Female
5178,807158.1312000001000,571341.0816000002000,1088100.8640000000000,2594635.8912000004000,428736.4128000000500,15,5,3,53,0,Male
5827,958340.3520000000000,138001.5360000000200,1331356.3200000000000,916615.8720000001000,354561.1680000000600,23,3,5,56,0,Male
1857,985477.4400000001000,1052516.1600000000000,738225.0000000000000,2877969.1200000000000,1088981.7600000000000,24,4,5,38,4,Female
9051,1941024.6960000000000,541519.2119999999000,1761124.2480000000000,4434904.0320000010000,186481.3080000000000,6,1,2,71,2,Female
1461,688095.2160000001000,651273.6960000001000,1280476.9440000001000,2147236.4160000000000,568933.5600000000000,5,5,1,36,3,Male
8601,1446964.2720000000000,822195.5976000001000,2058478.2504000000000,810221.0688000001000,644559.1776000002000,4,4,1,69,2,Male
1707,908672.8319999999000,136194.0480000000000,438051.4559999999500,2742442.5599999996000,1229766.6240000000000,7,2,2,37,2,Female
9734,2302604.9280000003000,822391.4400000001000,354255.4080000000000,3134651.0208000005000,286176.6336000000600,11,1,3,74,0,Male
1822,1266469.4400000000000,315713.7599999999500,2113035.8400000003000,3060609.7920000000000,199561.6320000000000,22,2,5,38,0,Male
9970,1629911.7120000003000,290342.9360000000500,722947.6800000000000,1180870.4960000003000,364541.5280000000500,18,3,4,75,1,Male
2079,1546078.2720000003000,101904.6720000000000,998908.9920000000000,3318244.6080000005000,520714.0800000000000,7,2,2,39,0,Male
8090,710303.6304000000000,785363.0616000002000,2074701.7512000000000,1490929.3152000005000,858112.1640000000000,4,4,1,67,3,Male
3983,1474502.8320000002000,232142.7240000000200,1851071.9040000000000,1848623.5680000004000,995594.4240000001000,24,4,5,48,5,
3131,1142826.4320000003000,855526.4256000002000,2153053.5840000003000,350085.5424000000300,634517.7696000001000,2,2,1,44,1,Male
4574,1281384.2304000000000,214284.2688000000000,661952.7360000000000,2370694.6944000000000,743066.6976000000000,25,5,5,50,0,Male
6025,1230194.9952000002000,933449.4720000001000,2251744.3584000003000,1342474.4448000002000,1077015.2832000002000,3,3,1,57,0,Male
1478,2198456.3520000000000,610802.7840000000000,1945090.3679999998000,5150032.7040000000000,1398676.0320000001000,4,4,1,36,2,Female
4403,3435778.2528000004000,1516279.7376000000000,1911124.1087999996000,2294875.2384000000000,444526.7904000000000,11,1,3,50,4,Female
3722,1386037.2240000002000,835303.5900000001000,1044237.0312000001000,856520.9136000001000,562733.3844000001000,5,5,1,46,0,Female
5352,1100747.0160000000000,790945.0199999999000,1335569.7960000000000,2863216.5120000000000,622197.9360000001000,21,1,5,54,2,
9371,1395239.0399999998000,1510995.2520000000000,3496874.0039999997000,3746776.1760000004000,599974.5960000000000,6,1,2,72,0,
4144,600953.7600000000000,326919.1200000000500,204914.9520000000200,5010076.8960000010000,731001.8760000000000,2,2,1,48,0,
1534,1308488.1600000001000,681973.5200000000000,1585524.2400000000000,325770.8800000000600,334763.7600000000000,25,5,5,36,1,Male
1679,825050.0800000001000,518990.9600000001000,1875244.0800000000000,2517615.6800000000000,416486.9600000000000,10,5,2,37,1,Male
7397,738386.6880000001000,1128703.8360000001000,3575046.8520000000000,831561.1200000000000,694314.8160000000000,1,1,1,64,1,Female
5333,2050111.9872000000000,247306.3487999999800,930160.9728000000000,4624077.5424000010000,765597.8304000000000,16,1,4,54,2,Female
2122,985526.7840000000000,290342.1120000000000,1064794.7519999999000,1918509.6960000000000,107154.8160000000000,14,4,3,39,0,Male
5349,1447506.8160000000000,288885.1200000000000,1739844.8639999998000,3378282.2400000000000,555548.8320000000000,15,5,3,54,2,Male
9774,953870.7360000001000,321575.7480000001000,847602.2880000000000,1799723.7440000002000,261951.5080000000300,23,3,5,74,0,Male
8275,1352811.7824000001000,334636.4736000001000,722643.6672000001000,550129.3824000000000,1018547.0880000001000,23,3,5,68,4,Male
49,980170.4016000002000,711173.1744000001000,1671867.4752000002000,2741553.3600000003000,103504.2840000000100,13,3,3,65,4,Male
7873,1570050.8928000003000,817876.3008000002000,1044958.2624000000000,811516.9920000002000,203915.2128000000400,21,1,5,66,2,Male
5309,2203645.8239999996000,207302.6304000000000,1942423.0272000000000,3111703.6032000002000,901541.8367999999000,1,1,1,54,1,Female
4807,1158234.4319999998000,276887.9040000000400,333176.5440000000000,2815659.6480000000000,886398.2400000001000,21,1,5,52,0,Male
8692,598005.9540000000000,662741.9370000000000,2682362.7090000000000,966493.0080000001000,397609.2900000000400,16,1,4,69,0,
8531,910897.1040000000000,993134.3760000000000,2330346.5640000000000,2105299.2480000000000,525471.9600000000000,21,1,5,69,4,
8553,2354917.5936000003000,932281.9584000001000,1108040.9184000000000,3523615.6800000000000,840570.3072000000000,17,2,4,69,1,Male
8618,2572245.3120000004000,208733.1480000000400,3796128.6480000000000,3458890.6560000004000,1171663.4280000000000,6,1,2,69,1,Female
7323,1736466.4980000001000,1093376.5830000000000,2621627.7750000000000,2422003.4280000003000,340851.6540000000400,19,4,4,63,0,
1413,856867.9680000000000,1134801.9360000000000,369784.2239999999300,5703923.5200000000000,265879.8720000000300,17,2,4,36,4,Female
3087,210396.3840000000500,250100.2680000000400,684353.3400000001000,1579635.5520000001000,690558.3960000001000,10,5,2,44,0,Female
6696,2099654.6688000000000,1079197.1424000000000,1719365.3568000000000,2251552.4928000006000,875401.4880000001000,11,1,3,61,0,Female
2753,1216244.4096000004000,295215.2544000000300,576896.2848000000000,2498849.9712000000000,128778.5664000000300,14,4,3,42,3,Male
1551,2087746.0800000000000,978522.1200000001000,1752217.5600000000000,4726924.3200000000000,335036.7599999999500,23,3,5,36,0,Female
8272,1346091.0528000002000,791125.9200000000000,2035747.5840000000000,2420039.2320000003000,1134269.1360000002000,7,2,2,68,4,Male
5524,557762.4960000000000,755462.9760000001000,877643.4240000001000,179690.4960000000000,512337.3120000000300,13,3,3,55,2,Male
6754,274797.9936000000500,901539.5688000001000,1003361.5800000000000,1851458.1696000001000,802010.9448000002000,5,5,1,61,4,Male
3002,1472668.5600000003000,464082.4584000001000,560790.6480000000000,937061.1360000000000,404702.3376000001000,23,3,5,43,2,Male
5836,2727385.6895999997000,875004.4224000000000,1064506.9248000000000,4215624.6528000000000,1348416.6335999998000,7,2,2,57,0,Female
3440,2958085.7856000005000,1268668.5264000000000,2107856.0448000003000,3167906.2272000000000,450376.9776000000400,5,5,1,45,2,Female
3951,482920.4160000000000,128452.7904000000300,2293676.9856000002000,943979.5200000000000,843253.0656000003000,24,4,5,48,0,Male
6612,2857780.5360000003000,1345787.6639999999000,3703060.2960000000000,5526910.8960000000000,684422.5440000000000,12,2,3,60,2,Female
6187,300179.8656000001000,531026.0640000000000,1113283.6992000001000,3265363.2384000000000,475437.6864000000000,25,5,5,58,2,Male
9812,754091.9568000000000,123149.5200000000200,1230545.3472000000000,1792349.7696000002000,929164.2048000002000,3,3,1,75,5,Male
731,2152276.3392000003000,362589.9264000000500,3318719.4144000000000,3012626.0736000002000,318363.3024000000400,19,4,4,65,4,Male
1065,171898.9600000000200,207966.9200000000400,285273.4800000000000,813345.7600000001000,150295.1600000000000,10,5,2,34,0,Male
1827,111552.0480000000100,505091.9520000001600,340799.4000000000000,1694238.9120000002000,328797.7200000000300,20,5,4,38,0,Male
2970,321630.5664000000000,841026.7008000001000,2348499.2256000005000,2226467.8656000000000,512528.5440000000500,2,2,1,43,3,Male
9525,3387278.4192000004000,227307.2256000000300,4815220.1759999990000,4426728.1344000000000,1046622.2832000000000,16,1,4,73,1,Female
6939,947160.1152000001000,477144.7200000000300,3671646.4512000000000,4078944.7296000010000,211047.1584000000400,9,4,2,62,1,Male
350,2620430.5920000000000,240597.5520000000300,3433016.3400000003000,739771.3439999999000,1135531.4880000001000,25,5,5,65,2,Female
9161,1793941.5312000006000,823236.0552000002000,261325.6776000000000,2945784.8160000000000,890507.1240000000000,23,3,5,72,0,Male
8798,700755.2240000002000,161452.0440000000200,511822.1160000000400,848129.3600000000000,217224.3840000000500,13,3,3,70,1,Male
6537,455425.9840000001000,422971.5360000001000,1344311.9040000000000,2617581.4080000003000,708519.1360000000000,25,5,5,60,4,Male
2400,851020.6320000001000,667472.4540000001000,309759.7140000000400,290242.2600000000000,910002.3570000001000,23,3,5,40,2,
1757,525255.6960000001000,516585.6720000001000,1489546.3680000000000,2349776.1600000006000,414484.2720000000000,10,5,2,37,0,Male
77,2272006.1520000002000,1471194.9720000000000,3723872.2560000005000,2330793.5040000000000,238480.0080000000300,1,1,1,65,1,Female
2133,2764166.6880000000000,1395440.2080000000000,201024.2879999999400,3515665.5360000000000,1366497.0720000000000,9,4,2,39,1,Female
3931,1019219.5200000000000,1068158.7840000002000,950132.3040000000000,2359970.4480000003000,1196311.7760000000000,16,1,4,47,0,Female
9864,591830.1792000000000,484027.5024000000000,2560960.0223999997000,3338815.3344000000000,1282335.1632000000000,6,1,2,75,3,Female
777,132732.7040000000000,822007.7840000002000,420293.6400000001000,1207355.9680000000000,386062.0400000000400,12,2,3,65,2,Male
1099,1221269.5200000000000,559665.1200000000000,3421659.2399999998000,4140809.7600000002000,209458.1999999999800,15,5,3,34,0,Female
5664,1762396.8768000000000,695386.2528000000000,4354093.9584000000000,752926.2335999999000,1417551.4944000000000,4,4,1,56,4,Female
6000,2223533.0303999996000,235136.7360000000000,4752419.5583999995000,6095468.1599999990000,930089.0879999999000,2,2,1,57,1,Female
3641,363047.8500000000300,782959.1220000001000,1939758.9750000000000,2377717.8480000000000,489990.6000000000300,2,2,1,46,3,
4713,1204578.7776000001000,355847.3856000000000,2521310.7168000000000,2718826.5600000005000,756688.9536000000000,5,5,1,51,2,Male
7162,1897091.2584000000000,1056440.7828000002000,3864416.4935999997000,4367039.2272000010000,628953.2496000000000,23,3,5,63,4,Female
2034,1161712.1600000001000,474559.9200000000400,1270934.8800000000000,1596254.4000000001000,686252.4000000000000,15,5,3,38,0,Male
285,405881.0080000000300,108992.9880000000100,288059.3040000000000,551480.8000000000000,301893.6960000000500,8,3,2,65,4,Male
7141,2213236.1472000000000,154637.1840000000000,2441198.0736000002000,4903967.5776000000000,310093.8048000000000,12,2,3,63,5,Male
8434,2040994.9248000002000,832527.1968000003000,103444.0992000000000,1683216.0384000002000,460578.0192000000400,22,2,5,68,0,Male
5942,1273789.1520000000000,173073.3696000000300,319006.2528000000000,2254277.9520000005000,548989.6608000000000,5,5,1,57,1,Male
6713,951844.1920000000000,139643.8680000000200,1405070.4720000000000,282714.4320000000000,515957.3120000001500,9,4,2,61,0,Male
7716,2445870.6480000000000,786744.3480000000000,2845176.5159999994000,930879.4560000000000,1335472.7880000000000,21,1,5,65,1,
1992,1081482.7200000002000,613981.0400000000000,2130372.9600000000000,839456.9600000000000,668108.8000000000000,25,5,5,38,0,Male
1711,2381630.9760000000000,1180011.8880000000000,4173211.5840000000000,3264386.1120000000000,337476.3840000000000,19,4,4,37,2,Female
1621,1801911.9360000002000,387138.1440000000300,2291556.9600000000000,2475815.8080000000000,686697.0240000000000,22,2,5,37,5,Male
5142,1840723.8912000002000,802834.5600000000000,1068151.7951999998000,2820221.3376000000000,821946.3552000001000,22,2,5,53,2,Male
3352,1616147.1744000004000,274086.5952000000400,2395217.7216000003000,576545.1648000001000,383110.2528000001300,7,2,2,45,5,Male
5487,2145970.6560000000000,484352.7840000000000,1621397.5199999998000,2455252.9919999996000,249105.7439999999800,8,3,2,55,1,Female
9761,2330994.5568000000000,999059.2559999999000,471250.9151999999300,5370781.4783999990000,1714726.1664000000000,6,1,2,74,0,Female
7463,1294240.8960000000000,437272.1184000001000,3133446.0768000004000,3589233.5232000006000,462294.0192000000400,1,1,1,64,1,Male
9414,674222.0160000001000,322482.4200000000400,2984314.3200000000000,807537.7440000000000,1360308.6120000002000,8,3,2,73,4,Female
6573,937274.2704000002000,727628.7096000002000,2058016.6152000001000,3473664.4800000004000,302057.4960000000000,18,3,4,60,1,Male
6865,2183728.0140000004000,529756.9290000001000,1027764.1530000002000,4645274.8680000010000,408842.9280000001000,21,1,5,61,1,
3370,322215.3000000000000,619011.2016000000000,1852027.6104000001000,3777579.1152000003000,753572.3976000001000,25,5,5,45,4,Female
1554,245020.8960000000000,1241091.3599999999000,1563660.7199999997000,5436996.4799999995000,967058.3520000001000,17,2,4,36,0,Female
7127,2883368.5920000000000,1693050.0912000001000,2975216.9615999996000,6861356.9855999990000,1143472.2624000000000,4,4,1,63,0,Female
357,2653734.4704000005000,258519.2687999999600,4170001.8672000000000,3622796.2368000000000,223073.5104000000300,21,1,5,65,2,Female
1592,208619.1360000000000,1436724.1440000000000,1409994.8639999998000,3779356.0320000000000,914284.0800000000000,12,2,3,37,0,Female
2304,317526.1056000000700,465471.7056000000400,3163498.5888000000000,1702579.5072000000000,1271300.6592000003000,4,4,1,40,4,Female
4228,493323.4240000001000,209598.6200000000200,1001359.1280000000000,1704031.2960000006000,259895.1520000000600,5,5,1,49,3,Male
8402,1424754.2400000000000,571722.9024000001000,550746.8927999999000,2995598.8608000004000,267407.9616000000400,12,2,3,68,1,Male
7850,1063815.9480000000000,1158077.4660000000000,2906870.7330000000000,4153257.1080000010000,139237.1370000000200,6,1,2,66,3,
5215,1181019.1104000001000,728176.8960000000000,1685422.4256000000000,995830.7328000000000,307832.9472000000000,17,2,4,53,0,Male
9087,466278.5088000000000,342526.2048000000000,724217.4576000000000,5931779.4432000010000,126119.0736000000000,1,1,1,71,0,Female
1473,733294.7999999999000,1163124.9600000000000,265032.7200000000000,2800542.2400000000000,959697.7200000001000,15,5,3,36,2,Female
2201,2234548.8000000000000,1107886.3200000000000,589029.4800000000000,2913729.6000000000000,1031471.7600000000000,8,3,2,39,0,Female
6010,2107360.8000000000000,523530.2879999999400,4165702.5599999996000,2584845.5039999997000,1181957.6160000000000,3,3,1,57,0,Female
5265,1958485.8240000000000,153019.8000000000200,2491819.2000000000000,1779596.7840000000000,1042633.9439999999000,15,5,3,54,5,
9853,731007.6800000000000,471251.6640000001000,1405178.4239999999000,2049485.9840000002000,709748.9360000001000,23,3,5,75,0,Male
3378,367400.5280000001000,368263.2800000000000,178111.8240000000200,1205226.1760000004000,854050.2080000002000,10,5,2,45,4,Male
2904,477424.8864000000000,835349.8032000001000,3339942.7247999995000,5227992.0000000000000,178953.3504000000200,21,1,5,43,4,Female
4533,1960944.7679999997000,161999.3088000000000,1969997.0687999998000,3558035.8656000000000,403414.6176000000600,14,4,3,50,0,Male
6762,1121392.6880000000000,298559.9760000000000,113127.7680000000000,1932929.4400000004000,1010552.4000000000000,5,5,1,61,4,Male
363,356134.8959999999500,1716802.9632000000000,2235460.5936000003000,5588343.8208000000000,1328812.4304000000000,16,1,4,65,2,Female
4406,2004475.3920000000000,769121.7407999999000,1649386.0224000000000,2804515.4304000004000,732523.5072000000000,23,3,5,50,4,Male
2984,1505541.9456000002000,1080536.2128000000000,1216987.6752000000000,5117455.4112000000000,850316.0688000001000,7,2,2,43,2,Female
3389,1451894.4000000001000,975190.3392000002000,2906069.1264000004000,922048.9344000003000,825193.0368000000000,14,4,3,45,1,Male
8497,2224988.4384000000000,1390749.4223999998000,5416891.4591999990000,640513.0368000000000,701237.1599999999000,16,1,4,69,4,Female
9644,1831189.4016000002000,173247.4848000000000,3438273.5712000000000,1776489.0624000002000,754590.5952000002000,3,3,1,74,0,Male
7950,902522.9200000002000,266969.6120000000000,1197014.9880000001000,605655.2320000001000,148122.3640000000300,12,2,3,66,0,Male
6584,1629146.0640000002000,499117.8400000001000,669276.5040000001000,163145.2160000000100,510713.5280000000500,15,5,3,60,1,Male
2536,143258.5440000000200,321392.2536000000500,827631.3672000001000,653161.4496000002000,196895.7936000000600,10,5,2,41,1,Male
578,347383.6704000000600,300542.2056000000400,2648687.5584000004000,1900747.9296000004000,241669.1160000000000,10,5,2,65,2,Male
8515,1778104.7232000001000,676546.1664000001000,1407698.6976000000000,712661.9136000002000,1010938.1568000001000,3,3,1,69,4,Male
7911,1835554.4064000002000,1015293.9264000001000,3380754.8736000000000,376906.9824000000000,858749.4240000000000,6,1,2,66,1,Male
4946,1229985.5616000000000,672017.6448000000000,2547082.1951999995000,3456893.7216000003000,1295791.0848000000000,12,2,3,52,1,Female
3783,403383.0240000001000,291171.0780000000400,605533.6980000000000,1953104.4720000000000,655270.3080000001000,10,5,2,47,5,
6424,1063304.2944000000000,385893.9648000000000,1560682.9440000001000,2174272.3584000003000,853251.0336000001000,18,3,4,59,1,Male
9057,125520.7200000000000,855540.9200000002000,1264453.3200000003000,1976628.9920000003000,380478.4880000000700,8,3,2,71,2,Male
6981,101706.6960000000100,249101.7360000000300,3196645.9200000000000,4696325.0880000000000,977833.7400000000000,11,1,3,62,1,Female
2457,625324.5504000002000,695701.8816000002000,303525.4463999999600,1905590.4384000003000,691357.9199999999000,8,3,2,40,0,Male
3560,879750.0800000001000,199097.6240000000400,897712.7280000001000,1111624.8000000000000,275963.0280000001000,3,3,1,46,0,Male
7209,2607235.3008000003000,842384.1348000002000,797832.8280000000000,119123.7840000000100,129204.3636000000100,15,5,3,63,1,Female
2652,1940459.5980000002000,612120.3660000002000,1799060.8680000000000,3841293.8520000004000,725869.6830000001000,13,3,3,41,0,
8527,2254329.7920000004000,563417.4780000000000,2496062.7900000000000,2345783.0760000004000,769616.6400000000000,21,1,5,69,0,
324,844859.0592000001000,183051.2736000000100,2530842.5376000004000,533773.8432000002000,470677.8960000000700,24,4,5,65,1,Male
9906,309877.6512000000000,165345.5232000000300,3732478.9631999996000,3296334.9120000000000,548441.9616000002000,24,4,5,75,2,Male
3390,1199713.5744000005000,455036.5248000001000,1828961.4815999998000,1484808.6528000003000,150090.7584000000200,19,4,4,45,1,Male
4213,2895127.4880000004000,563896.7136000000000,4672553.2128000000000,2636825.8752000000000,618750.3168000000000,19,4,4,49,1,Female
1048,168267.2400000000200,319202.4600000000000,1184545.0800000000000,503764.2000000000000,735776.0100000000000,4,4,1,34,2,
7826,1051390.3296000003000,829468.5984000000000,2336390.7840000000000,356291.0208000000600,450516.5184000001000,1,1,1,66,3,Male
6230,2293131.1104000000000,433593.6768000000000,1950573.3120000000000,144340.9919999999700,563203.5840000000000,8,3,2,58,1,Male
4304,291935.9520000000500,219466.9840000000500,818422.7040000000000,2804476.9280000010000,692968.6720000001000,5,5,1,49,1,Male
5355,696786.7391999998000,295767.1296000000000,837089.5103999999000,407334.7584000000000,992333.3759999999000,9,4,2,54,1,Male
1585,287496.9600000000000,261544.8000000000000,521163.6479999999000,3306911.6160000000000,138270.8160000000000,9,4,2,37,0,Male
547,2381293.5119999996000,582996.5388000000000,1514735.0244000000000,2532016.8432000000000,407172.0744000000400,1,1,1,65,1,Female
1343,128584.3200000000200,764365.6000000001000,1337009.2800000000000,2309127.6800000000000,110447.1200000000000,25,5,5,35,0,Male
5329,1773915.2928000000000,1145741.3712000002000,2110371.4080000000000,2703680.4672000003000,458521.0416000000600,8,3,2,54,2,Female
2702,2543995.2384000000000,1232864.7408000003000,4666190.7600000000000,3961187.3664000006000,470528.3088000000000,5,5,1,42,4,Female
4741,758821.4400000000000,186580.8480000000300,1287281.3760000000000,1163944.3200000000000,265112.1600000000300,8,3,2,51,0,Male
6436,1085234.4576000000000,269557.8048000000400,998470.0223999998000,2689858.7136000004000,289634.7456000001000,10,5,2,59,0,Male
5873,912618.7920000000000,565021.0080000000000,272794.7160000000000,1124765.1360000002000,277901.6040000000000,5,5,1,57,5,
6505,421571.9040000000400,312569.8368000000500,276673.7376000000000,4279715.4816000000000,352239.2640000000000,9,4,2,60,0,Male
5747,529669.2480000000000,174653.1360000000300,590040.0000000000000,1806607.6800000002000,139631.2320000000200,20,5,4,56,2,Male
1250,1327250.4000000000000,1138336.5600000000000,2875376.1599999997000,400558.5600000000600,956148.7200000001000,5,5,1,35,2,Female
2421,165029.3568000000400,283793.8752000001000,598771.2456000001000,361208.3904000001000,601769.1240000001000,20,5,4,40,1,Male
9373,1024462.2336000002000,906536.8416000002000,2070409.9104000002000,268223.6544000000000,217212.6528000000000,3,3,1,73,0,Male
9159,138474.0864000000000,1380724.4880000000000,586965.7871999999000,344399.3280000000000,208684.9440000000000,16,1,4,72,0,Female
9474,2080179.1296000000000,261718.2048000000000,1248567.4655999998000,1785401.2800000000000,232865.8176000000400,17,2,4,73,3,Male
6648,1650573.1008000000000,316269.1583999999600,4794485.9040000000000,177676.0128000000000,258830.5824000000000,14,4,3,60,0,Female
7361,2007922.8000000000000,581654.8400000001000,2434537.2479999997000,3623003.0720000006000,580199.3600000001000,20,5,4,64,1,Male
1381,1647179.1360000002000,409515.3600000000400,765026.7840000001000,1081466.1120000000000,404177.8560000001000,4,4,1,36,0,Male
8696,2251533.9600000000000,673957.2840000001000,2476243.2240000000000,1376339.9520000003000,323226.3840000001000,23,3,5,70,0,Female
2513,394424.8000000000500,166469.1600000000300,2343476.2560000000000,865832.3520000002000,459195.7040000001400,20,5,4,41,1,Male
1169,2072417.7600000000000,138044.4480000000000,1723699.0079999997000,1742166.7199999997000,609855.9839999999000,7,2,2,35,4,Female
9188,995360.8080000001000,1164658.7160000002000,2270508.5519999997000,2110469.7120000003000,955926.5040000000000,18,3,4,72,4,Female
3632,648995.7760000001000,631916.8240000001000,1733825.0160000000000,3243411.0720000006000,613222.1920000002000,20,5,4,46,1,Male
9829,829593.6480000000000,1289099.6040000000000,428980.0320000000600,1782092.2080000000000,519231.1800000000000,6,1,2,75,4,Female
7625,1525325.5680000002000,226453.3439999999800,3184883.0208000005000,1754395.4688000004000,993395.6448000001000,6,1,2,65,1,Male
4244,836532.5760000000000,387356.4288000000500,1121292.3744000000000,5359301.1648000000000,372940.1279999999700,7,2,2,49,2,Female
1604,1285632.5760000001000,428037.6000000000000,576016.1279999999000,213609.6000000000000,438903.3600000000400,14,4,3,37,5,Male
1470,693280.7999999999000,636754.0800000000000,2185634.1600000000000,1223671.6800000000000,990402.9600000000000,10,5,2,36,2,Female
1354,1048130.1000000000000,736283.8800000001000,2663375.0400000000000,1790190.3600000000000,419051.5200000001000,8,3,2,35,0,
2269,1337645.2320000000000,855407.2032000001000,3987246.3839999996000,5529520.9728000010000,1087889.7744000002000,9,4,2,40,0,Female
1408,1363194.4800000002000,772860.4800000000000,3211257.2399999998000,4614569.7600000000000,832830.7200000001000,3,3,1,36,4,Female
9811,284492.5824000001000,368117.4432000000400,2576474.4096000004000,4250556.7104000000000,1029748.5120000000000,12,2,3,75,5,Male
3915,195830.5536000000000,566800.7136000000000,1408868.8416000000000,2526593.6256000004000,574663.7952000000000,14,4,3,47,1,Male
57,303243.7824000001000,872922.8664000000000,1595056.6008000001000,1441139.3568000002000,413588.6352000001000,11,1,3,65,4,Male
5485,711658.1375999999000,1021806.8351999999000,1583092.5119999999000,3092578.0992000000000,582812.5824000000000,1,1,1,55,3,Female
6743,2760816.9888000000000,1803675.9312000002000,193249.3680000000200,1617438.7008000000000,846386.0496000001000,1,1,1,61,4,Female
9283,779230.4000000000000,324069.3560000001000,1120459.7040000000000,711672.8320000000000,347756.7600000000000,8,3,2,72,2,Male
8267,836102.8416000002000,864877.1040000000000,1041597.6480000000000,2691880.5888000005000,863337.9456000002000,17,2,4,68,4,Male
2446,731019.6960000001000,387827.0880000001000,1227549.3120000002000,1526648.6400000001000,174205.6360000000600,25,5,5,40,0,Male
3050,393994.9200000000400,1064822.2200000000000,934668.9000000001000,197216.4480000000000,989969.9040000001000,20,5,4,43,0,Female
8332,1428692.6160000002000,1544693.4360000002000,4546530.1440000000000,4839565.5360000000000,582303.6960000001000,16,1,4,68,2,Female
9309,2401166.4768000003000,196026.2928000000200,5012725.3488000000000,4400107.5456000010000,1686989.6784000000000,6,1,2,72,0,Female
7658,2480780.3904000004000,1032107.1696000000000,2832782.2847999996000,3940673.0687999995000,458367.8112000000500,1,1,1,65,2,Female
5030,450745.5168000000000,634354.5888000000000,348559.9776000000000,1460021.4144000001000,591203.0592000000000,5,5,1,53,5,Male
9389,219313.9520000000500,499294.1720000001000,1194711.9600000000000,1071784.0640000000000,416355.1600000000300,13,3,3,73,0,Male
8182,1000197.2448000000000,444465.0288000000300,4846499.0496000000000,1454461.6320000000000,1351057.7807999998000,16,1,4,67,0,Female
4848,1062994.4064000002000,478036.2240000000000,663698.1888000000000,1931318.3232000000000,1044364.9536000000000,3,3,1,52,1,Male
8566,734687.1792000001000,596132.9712000001000,1426331.4624000000000,3325106.3040000005000,520459.8984000000600,4,4,1,69,3,Male
9252,236655.7439999999800,277758.4992000000000,617146.7327999999000,4549616.9472000000000,451139.5200000000000,21,1,5,72,3,Male
2826,280701.2340000000500,262320.2010000000600,1716723.8550000002000,575902.4040000001000,232402.4010000000400,6,1,2,42,1,
5464,1361647.2960000000000,176022.0480000000400,2719267.4880000000000,1245042.8160000000000,831616.8000000000000,14,4,3,55,4,Male
2956,1017833.7312000000000,243405.3600000000000,3607179.5231999997000,578501.5104000000000,1096473.3120000000000,7,2,2,43,1,Female
844,832932.1800000000000,766770.3900000001000,257230.6200000000000,2242903.3200000003000,528375.6900000000000,22,2,5,33,1,
4485,1935535.3344000000000,1145155.7376000000000,1211408.8704000000000,1487595.1104000001000,380929.4208000001000,22,2,5,50,2,Male
3189,175107.8736000000200,662660.3808000002000,1856256.1776000000000,1233450.9792000004000,626319.1440000002000,15,5,3,44,3,Male
9876,334500.1920000000400,535059.4392000001000,1248230.1312000000000,2557757.0304000010000,166118.5656000000000,9,4,2,75,1,Male
8528,498564.8460000001000,334017.2160000000000,557774.8020000000000,1216472.4000000001000,179224.1100000000000,8,3,2,69,4,
6084,745039.5840000000000,1280749.5360000000000,4287299.3279999990000,1797398.7840000000000,949476.8160000000000,21,1,5,58,5,
3294,421862.6016000000000,1100690.5536000002000,2229966.6444000000000,1809266.5008000003000,523813.3164000000700,1,1,1,44,0,Female
1321,837082.0800000001000,650862.3600000000000,207333.5400000000000,1047650.0400000002000,469433.4300000000000,5,5,1,35,1,
5428,899417.0880000000000,432522.4320000000300,1969295.8464000000000,803014.0416000001000,447078.7584000000000,17,2,4,55,0,Male
2105,163507.6800000000000,915696.5760000000000,3204181.8000000003000,1183045.8240000000000,777882.3120000000000,9,4,2,39,4,Female
1006,1288150.9200000002000,649359.4500000001000,1787146.2000000000000,1173122.2800000003000,221801.9400000000000,25,5,5,34,3,
8301,2207395.2576000006000,488641.0464000001000,2921630.0256000000000,403517.3376000001000,1115930.7744000002000,13,3,3,68,1,Male
2001,271806.8800000000600,513296.4800000001000,1354008.2400000002000,2974972.1600000000000,706902.3200000001000,15,5,3,38,1,Male
8050,696781.6960000001000,225934.4880000000400,3051808.6560000000000,3356424.8640000000000,615781.9200000000000,3,3,1,67,0,Male
7667,1447181.6320000002000,1029078.5440000002000,2643852.7440000004000,3065598.0160000008000,730071.8880000002000,24,4,5,65,2,Male
6220,443696.1408000000500,528241.0464000001000,457282.1952000000000,2489763.9168000002000,381848.4288000000500,25,5,5,58,0,Male
2930,456976.0800000000000,174543.6528000000400,1171171.2672000001000,148609.2960000000300,565165.1016000002000,20,5,4,43,1,Male
8227,3133005.0335999997000,1180861.7184000000000,4731359.2560000000000,2775804.5952000000000,650574.1008000000000,21,1,5,68,0,Female
5418,3238300.6847999995000,1519571.9231999998000,1194913.0368000000000,4646590.6175999995000,1505981.5488000000000,14,4,3,55,0,Female
7269,1092826.6752000002000,421738.7616000000000,559216.9440000000000,920429.4528000002000,989395.5552000001000,24,4,5,63,0,Male
2934,811764.0960000001000,152604.8480000000300,2194098.9840000000000,2222084.4800000000000,339365.4880000000700,15,5,3,43,1,Male
9697,486609.1776000000500,326166.2352000000000,5230455.4224000000000,263801.4912000000000,916145.3808000000000,11,1,3,74,2,Female
9489,1383870.2592000002000,231250.1568000000300,1533388.5216000000000,1712426.2272000003000,621179.7696000000000,22,2,5,73,2,Male
7091,1896011.5200000000000,1225817.7360000000000,1476795.9960000000000,5474240.3040000005000,932679.0720000002000,8,3,2,62,0,Female
2369,2135239.9200000004000,301942.2384000000000,991569.4272000000000,3844386.3744000000000,123615.3600000000000,21,1,5,40,2,Female
739,1043985.4464000000000,145950.8544000000000,1302561.9360000000000,615359.8464000000000,187439.4912000000000,7,2,2,65,0,Male
4462,1869381.2880000002000,267842.0520000000000,2719031.6520000000000,3902448.2399999998000,808782.8400000000000,6,1,2,50,3,
524,1195109.3232000005000,828140.5080000001000,248371.2504000000000,327172.8096000000400,645591.0240000001000,18,3,4,65,4,Male
8854,1860658.8000000000000,188428.0320000000000,296974.0799999999600,5000767.8240000000000,1411473.1800000002000,6,1,2,70,0,Female
9464,644404.3008000002000,1140655.7760000000000,1149978.9600000000000,2285811.8400000003000,243727.7856000000000,17,2,4,73,1,Male
4458,1365230.8224000000000,418612.1472000000000,1382198.5151999998000,4559389.7472000000000,402736.8960000000000,9,4,2,50,3,Male
294,2003808.5184000000000,594591.5040000001000,3627993.2832000000000,765673.9584000001000,1074440.5152000000000,17,2,4,65,4,Male
8322,1037627.1360000000000,266687.1090000000000,877880.4840000000000,2301056.7840000005000,535099.6170000001000,1,1,1,68,3,
6936,387649.7820000000600,590105.2950000000000,3434543.4240000000000,2764240.1280000000000,838341.9720000002000,21,1,5,62,5,
7782,1473837.5808000000000,790142.2776000000000,784729.2960000001000,1059960.8448000000000,477171.0216000001000,3,3,1,66,5,Male
9194,1372895.5968000002000,615638.8992000000000,795886.7904000000000,286721.0112000000000,1033966.2528000002000,21,1,5,72,4,Male
6382,1118289.7152000000000,182128.3488000000400,1253374.0416000000000,3241738.3680000000000,220921.8624000000000,3,3,1,59,2,Male
8381,1987747.6320000000000,389359.9008000001000,5370335.3807999985000,3489416.9856000002000,1259727.5807999999000,21,1,5,68,0,Female
6906,1508383.2192000004000,748808.1120000001000,3373154.5535999998000,927796.6464000001000,228657.3120000000000,19,4,4,62,0,Male
4920,2569499.7120000000000,911055.3407999998000,3587812.1855999990000,5309653.9392000000000,1010681.7983999999000,12,2,3,52,2,Female
8293,2835901.0368000000000,1248402.9168000000000,3382843.0896000000000,3717562.8672000000000,969757.7760000000000,11,1,3,68,1,Female
7119,1051758.8640000000000,898599.4992000002000,2717988.9984000004000,1219594.1472000002000,254513.0952000000400,8,3,2,62,0,Male
1921,1790302.8600000000000,191445.9300000000200,2289175.5600000000000,280526.0400000000400,209055.2400000000200,13,3,3,38,3,
2550,400240.0160000000600,417528.6280000001000,978784.0920000001000,288680.1280000001000,263911.3840000000000,23,3,5,41,3,Male
2996,573930.1920000002000,286824.8680000001000,325335.2520000000400,509691.4240000001000,277040.1040000000500,10,5,2,43,2,Male
4426,1493957.7360000003000,907540.4160000000000,1729349.0279999997000,1437308.4960000003000,690645.8520000001000,11,1,3,50,4,
5394,1914071.3855999997000,272592.0000000000000,4859268.0191999990000,6066917.4527999990000,1334536.4736000001000,14,4,3,54,0,Female
501,510765.8399999999700,214801.7040000000000,5058614.8079999990000,1518758.8416000000000,1420383.1824000000000,1,1,1,65,4,Female
9585,727748.7360000000000,1506591.3720000000000,3362309.9640000000000,5882911.6320000000000,814725.4440000000000,16,1,4,74,0,Female
1058,176758.2720000000000,1018164.6720000000000,1464844.6079999998000,5312979.6480000000000,316264.1760000000400,24,4,5,34,0,Female
7687,2180921.4336000000000,1001008.0704000001000,1888858.4832000000000,1527129.1776000000000,869080.7424000000000,21,1,5,65,2,Male
7401,2413698.4560000002000,557771.6040000000000,2306577.3120000000000,764932.2720000000000,610059.3720000001000,6,1,2,64,1,Female
3988,187792.7040000000300,179016.8490000000200,444262.4010000000000,3153927.7440000004000,202094.3430000000200,5,5,1,48,5,
8712,1669311.3216000001000,1101735.3984000000000,3497453.4816000000000,3262315.9296000004000,1134241.6800000000000,17,2,4,70,0,Male
3573,605007.2160000001000,437205.5600000000600,835661.1120000001000,643525.8720000001000,330666.0720000001000,20,5,4,46,5,Male
8910,387733.5072000000500,441974.3328000001000,2465833.1256000010000,2858411.8368000006000,325284.4296000001000,4,4,1,70,0,Male
6501,683117.0112000001000,901071.1008000001000,3089347.3728000005000,567737.1648000001000,353662.1088000000500,9,4,2,60,0,Male
1155,921612.0600000000000,526921.4700000001000,1662089.7600000000000,410279.4000000000000,444893.5800000000000,10,5,2,35,5,
3589,2065635.4751999998000,753102.0288000001000,3408908.5007999996000,803688.0192000001000,241317.4895999999700,16,1,4,46,4,Female
6631,382362.2400000000000,259700.0640000000000,2135409.1200000000000,2175586.6080000000000,274473.4200000000000,17,2,4,60,2,
8299,239256.9504000000300,413371.2960000000300,4490811.9360000000000,2275782.1632000003000,1659899.9664000000000,1,1,1,68,1,Female
2909,3004212.1824000003000,684679.0896000001000,4355985.4272000000000,305374.2912000000400,181308.4416000000200,16,1,4,43,4,Female
9586,1733066.4000000000000,1433123.6400000000000,1980308.3039999998000,1003572.9600000000000,106183.4280000000000,8,3,2,74,0,Female
1263,1042139.9040000001000,615206.2080000001000,827540.6400000000000,941677.4400000001000,743752.5120000001000,19,4,4,35,2,Male
7518,1802006.3360000004000,990804.8800000001000,1994362.3439999998000,1447246.9440000001000,597318.3840000000000,15,5,3,64,0,Male
8101,1425526.4400000000000,1347289.1639999999000,2184982.4880000004000,4167544.9920000000000,482768.5200000000000,15,5,3,67,2,Female
3572,1540893.1824000003000,319409.4816000001000,1204415.5464000003000,2689191.6480000005000,265871.9448000000600,4,4,1,46,5,Male
3869,1454154.6096000003000,595493.3952000003000,2105863.7688000000000,1151937.0720000002000,486220.1256000001400,6,1,2,47,2,Male
2585,1880302.8288000003000,485673.5136000000600,2625280.0992000000000,3190298.9184000003000,323788.9248000000000,24,4,5,41,1,Male
783,3630974.6304000000000,1366091.4384000000000,1627983.4895999997000,2968270.1568000000000,875755.1087999999000,21,1,5,65,2,Female
7073,250644.7840000000400,289796.6760000000400,199493.8920000000000,190835.4240000000300,319800.3640000000600,15,5,3,62,0,Male
6036,1495671.6096000003000,840498.0768000000000,1772697.5711999997000,1863889.5744000003000,345071.4048000000000,15,5,3,57,0,Male
72,2186569.0080000000000,432176.8464000000000,5181561.4032000000000,914980.4352000001000,1483845.8544000000000,21,1,5,65,1,Female
4862,1564707.4560000000000,673820.4672000001000,644820.9120000000000,2892159.8208000003000,383600.6208000000300,10,5,2,52,4,Male
9784,1311278.4360000000000,911532.7260000001000,1445886.5850000002000,2652535.5480000004000,834975.7650000000000,11,1,3,74,0,
2329,689052.6720000001000,306288.2790000000400,2268066.0420000000000,228863.8440000000400,642489.6060000001000,1,1,1,40,0,
1150,995544.7200000001000,184416.7680000000000,1457056.0800000003000,235607.0400000000000,534226.4640000000000,20,5,4,35,5,Male
8172,605857.4080000002000,489423.0640000001000,1366032.0960000000000,3527753.2160000005000,872055.0800000001000,23,3,5,67,0,Male
7282,1829547.7824000001000,758678.6688000000000,1322378.5536000000000,4342724.5056000010000,266142.1152000000600,2,2,1,63,1,Male
3899,1833584.8608000001000,849827.8800000000000,3603057.6384000000000,612061.4016000001000,1066911.5952000000000,21,1,5,47,0,Female
3401,131843.6064000000000,576849.3984000001000,2609534.6640000003000,4566476.8512000000000,1350323.8848000000000,9,4,2,45,3,Female
6735,2398900.2336000000000,1470484.4544000000000,2319629.8320000000000,5281126.1568000010000,1333791.5760000000000,21,1,5,61,4,Female
9599,409982.7680000000400,272893.8160000000500,2117866.9200000000000,3417955.4240000006000,429460.0960000000000,9,4,2,74,0,Male
4162,109850.8752000000400,754526.7576000002000,182514.1032000000400,2705827.7664000005000,588488.6304000001000,18,3,4,49,5,Male
1731,1344933.5040000002000,646388.2080000001000,1574536.7520000003000,1953049.8240000003000,662478.2640000001000,10,5,2,37,2,Male
7396,960086.2752000000000,1181191.3776000000000,5198590.2383999990000,803380.0320000000000,1155056.1984000000000,1,1,1,64,1,Female
1079,103167.3600000000200,731009.7600000001000,1752593.5200000000000,199336.0000000000000,214382.1600000000300,15,5,3,34,1,Male
6310,874247.0400000000000,243185.1263999999800,985032.9215999999000,4425683.5584000000000,537315.0336000001000,4,4,1,59,1,Male
3992,1628554.9280000003000,731334.6480000002000,1315470.0240000002000,3004241.5040000007000,827546.3680000002000,8,3,2,48,1,Male
3543,158455.7568000000300,239589.7152000000000,1215377.8560000001000,2260940.7744000000000,277392.7200000000000,18,3,4,46,0,Male
3213,597274.4448000000000,531069.4224000000000,3008382.8543999996000,1356945.0048000002000,418537.9440000001000,12,2,3,44,2,Female
7613,2078382.0720000002000,1305245.2920000001000,1618314.5159999998000,103756.2240000000200,451510.9560000000600,16,1,4,65,1,Female
507,2040276.7008000002000,101212.4879999999800,2040186.0960000000000,6149918.3616000000000,1558504.7712000003000,1,1,1,65,4,Female
735,1281095.7120000003000,807661.8576000001000,1410045.9048000004000,1738273.6800000002000,891370.9584000000000,13,3,3,65,4,Male
6256,713191.2191999999000,256107.0527999999800,4685013.5615999990000,4595334.6816000000000,1652310.1439999999000,4,4,1,58,0,Female
6487,2307970.4543999997000,996859.2816000001000,2488714.6751999995000,3646264.3776000000000,103749.4224000000000,2,2,1,60,0,Female
7455,2012862.2592000002000,185429.8368000000200,2452642.3584000003000,2842898.0736000002000,470232.9216000000600,19,4,4,64,2,Male
7547,783359.6160000000000,921423.0480000001000,4161511.6919999993000,3680003.1840000000000,1213966.5720000002000,11,1,3,65,0,Female
1984,1815434.2080000000000,1023503.1840000000000,2250645.2639999995000,2008135.2960000000000,832296.0959999999000,2,2,1,38,0,Female
2042,947131.2000000000000,891643.6800000000000,204446.5920000000000,122347.3920000000200,372631.8720000000000,14,4,3,38,0,Male
1383,564427.0400000000000,181373.5600000000300,667442.7600000000000,1524458.8800000001000,319028.3600000000400,20,5,4,36,0,Male
110,817909.0920000002000,770980.1580000002000,644982.1560000000000,924030.9000000000000,537575.4540000000000,3,3,1,65,3,
9984,431812.9296000001000,437685.1128000001000,935627.8463999999000,1496667.7440000002000,470774.6784000001000,3,3,1,75,0,Male
7436,3551604.0768000004000,962662.3343999999000,278171.7120000000000,3631070.4768000003000,514915.3152000000700,12,2,3,64,2,Female
8337,1880560.2816000000000,680915.1024000000000,2705032.3247999996000,4648906.0800000000000,532978.4304000001000,1,1,1,68,2,Female
3348,651003.9360000002000,393638.4760000000000,337975.8360000000700,104243.5680000000300,310515.4800000000400,5,5,1,45,5,Male
390,3381739.5456000003000,499781.3184000000000,3560569.8336000000000,1818616.5504000000000,1033790.6592000000000,1,1,1,65,0,Female
4958,839529.2160000000000,408039.0912000001000,2187117.5039999997000,1690242.9696000002000,420821.3376000001000,7,2,2,52,0,Male
3117,548557.9440000000000,177018.8640000000600,187684.7280000000300,258398.4480000000600,415129.0440000001000,20,5,4,44,5,Male
2475,1098795.0336000002000,111841.0656000000200,668095.4016000001000,1703939.6352000006000,879039.1104000002000,24,4,5,41,0,Male
8572,2050861.8624000000000,540136.5216000001000,519157.2671999999400,4204015.2960000000000,258617.4240000000000,12,2,3,69,3,Male
1106,1291266.5600000003000,759689.2000000001000,959772.7200000000000,812957.7600000001000,527108.9600000001000,15,5,3,34,0,Male
3805,842961.2400000001000,365319.1080000000700,1517445.7056000000000,1110933.6480000003000,243095.8464000000400,15,5,3,47,4,Male
562,1842341.7168000000000,336682.4760000000000,888165.9072000000000,1478433.7152000004000,118185.2568000000200,23,3,5,65,3,Male
8053,2381980.9728000000000,188033.6640000000000,672108.2784000000000,821300.3136000002000,788187.7536000002000,17,2,4,67,0,Male
7199,172514.3680000000200,351677.9760000000000,1508541.5280000000000,206378.4320000000300,611709.8000000000000,25,5,5,63,3,Male
5457,282329.8560000000000,101698.4160000000100,3527976.8159999996000,3691065.6000000000000,1380396.5280000000000,5,5,1,55,4,Female
9718,273970.5280000000500,690862.4320000000000,2692508.2080000000000,1157542.8800000001000,514372.7680000001000,23,3,5,74,2,Male
3990,597766.5760000001000,825246.7520000001000,1311629.0880000000000,687061.4080000002000,242930.6000000000000,5,5,1,48,1,Male
8592,1856288.6784000000000,1545243.7104000002000,2251278.6191999996000,4184324.3520000004000,1108295.6976000000000,11,1,3,69,2,Female
6641,2553770.7936000000000,874047.8448000000000,4136283.4032000000000,4570424.3520000000000,1729555.4016000000000,11,1,3,60,0,Female
721,2903986.1760000000000,1099099.8720000002000,3207491.3520000000000,1281322.8480000000000,1345001.1120000002000,16,1,4,65,4,Female
165,1586243.2560000000000,1169250.8880000000000,2319876.0000000000000,6033223.8720000000000,1035385.2600000000000,23,3,5,65,0,Female
4995,150300.0000000000000,120401.5680000000000,664845.5520000000000,943702.4640000002000,231943.2480000000200,8,3,2,52,0,Male
4948,633232.1664000001000,1346559.3792000000000,1060298.0351999998000,4108327.6031999993000,1208823.4368000000000,7,2,2,52,0,Female
8958,1924241.0720000004000,492692.4080000000500,394460.0400000000400,3985439.3280000000000,847927.2880000002000,13,3,3,71,1,Male
8080,869581.4400000001000,176445.8800000000000,626957.1360000000000,1938566.2400000002000,479121.5000000000000,18,3,4,67,1,Male
6105,244544.6400000000000,783501.1200000000000,708879.1680000000000,2872588.4160000000000,869963.0400000000000,23,3,5,58,4,Male
7156,397473.1488000000000,900739.1952000001000,518229.3167999999000,2297018.8800000000000,1182735.5904000000000,16,1,4,63,1,Female
5870,137276.2368000000000,833523.0336000001000,3260965.1328000003000,3794217.0624000000000,442698.6240000000000,9,4,2,57,5,Male
930,754727.5800000001000,397947.1500000000000,2107424.7900000000000,1174273.9200000002000,885300.9300000000000,4,4,1,34,5,
9045,2219095.3824000000000,1770641.4960000000000,4430311.8912000000000,6950746.4832000010000,462778.0560000000000,11,1,3,71,2,Female
6111,424222.8480000000600,755589.5424000000000,881720.9855999999000,2708424.8064000000000,922612.1472000001000,21,1,5,58,4,Male
1802,1277452.9440000001000,497340.8640000000600,1169935.9200000002000,1682977.5360000003000,491472.7920000001300,25,5,5,37,0,Male
3153,2076008.5632000004000,247980.6912000000300,1546724.9952000002000,3571683.4560000002000,342725.1168000001000,22,2,5,44,4,Male
7261,3112034.8896000003000,446660.5103999999700,838566.5183999998000,3213467.7120000003000,1129833.2448000000000,22,2,5,63,0,Female
3067,269592.9280000001000,189025.4520000000500,618229.7880000001000,421847.7120000000600,380238.9800000000400,5,5,1,43,0,Male
6018,652901.3760000002000,277604.7360000000300,1017180.2880000002000,993221.5680000000000,280470.4320000000000,15,5,3,57,0,Male
1320,744607.4400000001000,657271.4400000001000,108285.6600000000000,1567392.8400000000000,757297.0800000001000,9,4,2,35,1,
6944,164838.6480000000200,343992.1680000000000,2931876.7920000000000,649356.8640000001000,1246922.8200000000000,15,5,3,62,4,Female
7751,771281.0352000002000,368557.5816000001000,1463388.3576000000000,2723195.0304000010000,512290.8648000000400,13,3,3,65,0,Male
8057,499102.3440000000400,149557.5120000000200,502870.6800000000000,5784351.4559999990000,1454331.8399999999000,6,1,2,67,0,
5279,2069326.3104000000000,1147826.0736000000000,2108236.3776000000000,401432.8320000000500,508134.9888000000000,9,4,2,54,4,Male
323,918626.8416000002000,952248.8352000001000,2170186.7616000000000,3724063.9488000004000,1111544.5536000002000,2,2,1,65,1,Male
8649,2453177.0640000002000,1389071.8920000002000,4224889.6560000000000,2516554.5600000000000,794857.5960000000000,20,5,4,69,0,Female
2690,2499823.4976000000000,1194778.2528000001000,4036204.8144000000000,202700.6784000000000,627514.9056000000000,12,2,3,42,1,Female
5182,1080058.0607999999000,811124.0640000000000,216534.9024000000200,2889800.7552000000000,707950.5408000001000,5,5,1,53,1,Male
3295,731194.7280000000000,1275340.3080000000000,1574796.5640000000000,628552.8480000001000,308016.0600000000000,16,1,4,44,0,Female
5661,2184729.7536000004000,1169176.3776000000000,4031618.5727999997000,4190292.8640000000000,201148.0127999999700,19,4,4,56,4,Female
4543,544451.6736000000000,467931.7728000001000,1451096.2080000000000,271017.7920000000000,559470.6720000000000,15,5,3,50,1,Male
3698,1300434.4320000000000,937312.8864000002000,2495493.4752000000000,3981190.5408000005000,602921.5104000001000,19,4,4,46,0,Male
9119,2655228.7008000000000,1105438.8384000000000,4452431.6303999990000,5864338.7712000000000,507119.5584000000400,21,1,5,71,0,Female
1126,968926.2720000000000,772954.8480000000000,2712264.7680000000000,2531546.4960000000000,183728.5440000000200,19,4,4,35,0,Male
8925,1549321.0720000002000,740981.9040000001000,346048.8720000000300,3457878.5280000004000,195859.1440000000300,23,3,5,71,0,Male
8664,101411.2007999999900,551125.5984000001000,902840.9363999999000,976552.7616000001000,773638.2576000001000,16,1,4,69,0,Female
6803,2476676.2176000006000,417156.8544000000700,2682295.9488000004000,4614185.9712000005000,429260.2080000000400,12,2,3,61,3,Male
8458,147638.7120000000300,1115434.9440000001000,1724289.8399999999000,1087618.8960000002000,750171.5520000000000,21,1,5,69,0,Female
4452,2296123.7760000000000,376656.6528000000000,1754436.3264000000000,4321615.1039999990000,644114.9952000000000,17,2,4,50,3,Male
9166,488130.0320000000600,490494.5760000001000,344316.0240000000000,2762960.0960000010000,503611.2640000001000,10,5,2,72,0,Male
67,271137.4380000001000,507506.1030000000600,1272061.9079999998000,1305944.1720000000000,136721.7540000000200,11,1,3,65,0,
9563,578703.3408000000000,1519602.5520000000000,3588317.9280000000000,6763168.3392000000000,789602.1120000000000,16,1,4,73,0,Female
4436,2673482.1119999997000,1364372.2080000000000,2770739.1359999995000,256997.3760000000000,641683.8720000001000,19,4,4,50,1,Female
6903,1236395.5968000002000,621707.2992000000000,1493211.6576000003000,2158853.2992000002000,888949.4016000001000,17,2,4,62,0,Male
9989,1695551.2704000003000,152264.2368000000000,2558761.9200000000000,1852695.9360000002000,924638.4576000002000,4,4,1,75,0,Male
6875,1177863.3360000001000,633457.9680000001000,3387806.1360000004000,2793600.5760000000000,844475.7360000000000,1,1,1,61,0,Female
3433,1985718.8736000000000,1160308.0368000001000,4189249.1520000002000,4787455.6224000010000,205662.9168000000400,20,5,4,45,2,Female
5955,1693395.7632000002000,891975.9744000001000,3242495.9232000000000,2358861.0047999998000,224339.4432000000000,3,3,1,57,3,Male
9495,2559590.9040000006000,1186503.5520000001000,904194.2520000000000,2836690.2720000003000,1151834.8920000002000,11,1,3,73,2,Female
1404,966233.0880000001000,1303088.1120000000000,3212315.7120000000000,2814700.0319999997000,433736.3519999999600,14,4,3,36,4,Female
2893,1146828.4740000002000,107401.0410000000300,513503.7930000000000,268752.9240000000600,301645.2780000000500,11,1,3,43,5,
7432,2995764.4080000003000,621368.2800000000000,4365362.6640000000000,5784506.2080000010000,843159.4080000000000,23,3,5,64,2,Female
213,3334874.0256000000000,1226744.0640000000000,3483890.0927999998000,4692221.1647999990000,1228607.6400000000000,1,1,1,65,0,Female
326,1458994.3056000003000,210924.6984000000500,1609090.1424000000000,1592033.4144000006000,113543.5392000000100,4,4,1,65,1,Male
755,1147115.5488000000000,524735.6400000000000,2789163.9360000000000,3136092.7104000000000,1046626.2144000000000,6,1,2,65,1,Female
5502,1890482.3040000000000,447892.3200000000700,2512281.0239999997000,647570.6880000001000,295404.3840000000000,5,5,1,55,3,Male
1230,1003424.9760000001000,216429.5520000000300,940870.9440000000000,2192617.7280000006000,657997.4160000001000,10,5,2,35,3,Male
4560,2159707.9680000000000,1078059.7440000002000,2133946.9439999997000,4839115.9680000000000,1021629.0240000001000,24,4,5,50,0,Female
9960,1069885.1904000000000,1205707.5264000000000,2833978.8671999997000,3373020.5184000004000,642740.0928000001000,22,2,5,75,0,Male
1700,1328656.6400000001000,306832.5600000000000,1031487.1200000000000,2075813.4400000004000,789244.8000000000000,10,5,2,37,2,Male
1958,1211689.4400000002000,146085.6960000000300,1457274.8880000000000,632908.8000000000000,226295.5680000000300,10,5,2,38,2,Male
5800,1046082.2399999999000,1407349.1520000000000,2098521.6479999996000,3874969.1520000002000,649461.6000000000000,25,5,5,56,1,
3230,142282.4480000000300,337660.2240000001000,2634311.3280000000000,1883589.3120000002000,692974.8320000002000,25,5,5,44,2,Male
2705,322456.7808000000700,264125.3472000000000,1204901.2800000000000,2376799.6032000002000,580899.7920000001000,4,4,1,42,4,Male
6924,341153.8416000001000,298239.7392000000700,415899.6192000000000,1458160.7040000001000,361739.9448000001000,13,3,3,62,0,Male
7499,167789.2320000000200,875696.4840000000000,1721204.7839999998000,447440.4480000000000,996627.3720000002000,8,3,2,64,0,Female
2194,1313938.2400000002000,618089.5200000000000,602712.0000000000000,1520127.6800000002000,630876.0000000000000,15,5,3,39,1,Male
3538,145735.9200000000400,783471.3480000002000,321993.6192000000000,1587854.5056000005000,768433.5648000002000,14,4,3,45,0,Male
3766,1249061.9328000000000,694575.4464000001000,736025.4000000000000,294323.6736000000400,1426463.1216000002000,4,4,1,47,0,Female
8376,160298.9856000000000,1415048.5439999998000,2783094.1631999994000,2369495.2320000000000,1809467.5248000000000,6,1,2,68,1,Female
1823,203594.5600000000300,550308.0000000000000,1210965.6000000000000,1306455.6800000002000,165547.6000000000000,5,5,1,38,0,Male
9575,1253200.1040000000000,687145.1184000002000,499994.1648000000000,502661.9520000000500,684051.4512000001000,24,4,5,73,0,Male
2490,1639897.7760000003000,909342.5880000001000,2101968.3960000000000,4382020.3680000010000,1013691.2280000000000,11,1,3,41,5,
1053,2580562.6560000000000,530229.3120000000000,3755979.9359999998000,3524275.5840000000000,338503.8240000000000,4,4,1,34,1,Female
3203,824761.2780000002000,885320.7660000001000,2705121.4410000000000,2449603.3320000004000,706135.0230000000000,11,1,3,44,3,
4819,245122.5600000000000,221505.6384000000000,237104.0639999999800,1673515.4688000001000,516977.2800000000000,8,3,2,52,0,Male
3003,490157.7120000000600,315917.8110000000500,1454516.5140000000000,330165.0000000000600,291169.8900000000000,19,4,4,43,2,
3120,1433922.3360000000000,794541.3696000002000,146555.7984000000000,1430212.6080000000000,750607.9680000000000,13,3,3,44,5,Male
3393,762630.2640000001000,1289946.6360000000000,1500975.0360000003000,747914.6400000000000,1142500.1280000000000,1,1,1,45,0,
2461,2948242.8096000003000,1384150.6800000002000,2277598.9103999995000,3893691.2256000000000,1168832.8080000000000,16,1,4,41,0,Female
7548,2533042.5120000000000,1291503.0960000001000,1062310.8600000000000,2184669.5520000000000,171409.2120000000000,16,1,4,65,0,Female
2472,2206186.9632000000000,1181641.9824000003000,1431707.7456000003000,4290530.1120000000000,278800.3152000000700,14,4,3,41,0,Female
982,1404306.8640000003000,482308.8480000001000,1199739.3840000000000,1819918.0800000003000,495909.2880000000600,20,5,4,34,1,Male
3142,887951.3280000001000,673057.7040000000000,3567697.4520000005000,2334098.9760000003000,730497.6360000002000,25,5,5,44,4,Female
3174,961520.9472000000000,448996.8384000000700,459764.5535999999000,5042560.0896000005000,1581684.9840000000000,9,4,2,44,1,Female
5841,626979.4560000000000,1285321.5360000000000,2518749.6480000000000,3671240.2560000005000,855330.0480000001000,6,1,2,57,0,Female
3304,1939738.7328000000000,507460.2720000000600,2723966.4672000000000,1223972.8512000000000,1032672.3264000001000,13,3,3,44,0,Male
2595,632850.5040000001000,829198.9200000000000,1800271.8360000004000,1922958.0480000002000,248070.7680000000400,11,1,3,41,0,Female
3221,2749779.3312000000000,1084399.7472000000000,1766784.0960000001000,992489.4143999999000,463384.1520000000000,22,2,5,44,2,Female
5019,2513770.2720000000000,1372329.0720000000000,885088.5119999999000,5446968.7679999990000,1398218.2559999998000,15,5,3,53,0,Female
5536,252174.1824000000000,1127556.7488000000000,2332787.2128000000000,3551636.2752000000000,707893.9776000000000,7,2,2,55,2,Male
587,1910091.2064000003000,569548.0128000000000,880121.5488000001000,3440618.6880000000000,451597.6608000000700,18,3,4,65,2,Male
7009,1593054.9648000004000,909788.3496000002000,1384399.5984000000000,686859.6384000002000,315713.0808000001000,3,3,1,62,3,Male
9508,809146.2912000001000,110884.4256000000300,3226166.9856000000000,1166874.0096000002000,140046.6912000000300,18,3,4,73,2,Male
2518,670166.9040000001000,244386.3400000000500,815439.6360000000000,242937.5520000000500,172071.4160000000300,25,5,5,41,0,Male
887,1624189.4400000002000,337313.2800000000000,3268298.1599999997000,1729847.0400000003000,732483.4800000000000,9,4,2,33,0,
9951,2747889.3312000000000,800629.1280000000000,622385.3376000000000,5016430.5984000005000,219904.0271999999800,6,1,2,75,0,Female
617,3651615.6768000000000,594552.2544000000000,412872.0335999999700,782190.4896000001000,1219455.0576000000000,6,1,2,65,0,Female
5401,379045.9200000000000,179022.7680000000400,1380171.4560000000000,185290.7520000000000,465927.1680000000600,5,5,1,54,0,Male
9327,475250.2560000000500,133940.0920000000300,1366523.9640000000000,1588588.7680000002000,281072.7400000000000,19,4,4,72,0,Male
8488,496101.6320000000400,205650.9520000000500,2412829.5360000000000,2980491.9040000006000,376718.5760000000600,12,2,3,69,5,Male
3240,1266951.4704000005000,323344.2168000000500,479731.9824000001000,375723.2160000001000,243034.9416000000200,24,4,5,44,2,Male
3676,1390020.1920000000000,952622.5500000000000,1252614.1320000002000,3906277.0560000010000,468363.2580000000300,9,4,2,46,2,
7369,2564943.6384000000000,1156610.3328000002000,227682.1872000000000,3602413.1520000002000,338545.2096000000000,19,4,4,64,4,Female
5047,473160.7295999999600,826755.2640000001000,1110213.0432000000000,2561802.3936000000000,947726.4384000001000,19,4,4,53,1,Male
7598,290115.0720000000400,499369.2599999999500,1225811.8080000000000,143712.1920000000000,336215.8800000000000,6,1,2,65,0,
914,1202185.5360000000000,688613.9520000000000,755873.2800000000000,1684808.8320000004000,172080.6720000000200,14,4,3,34,5,Male
1217,593931.8400000000000,129869.9520000000200,2222832.0960000000000,3428483.7120000003000,351886.7520000000400,19,4,4,35,1,Male
3753,222604.8000000000200,284292.0080000001000,400763.3520000000000,3072510.4960000007000,442833.7760000000700,14,4,3,47,0,Male
5574,318111.9360000000500,623530.4640000000000,1205170.5600000000000,2239212.6720000003000,861932.8320000000000,25,5,5,55,0,Male
6892,1070687.4048000001000,569063.6640000001000,394031.1960000000500,1264154.1120000002000,727201.3320000000000,10,5,2,61,0,Male
4798,740612.2560000000000,440906.0160000000600,956967.9839999998000,731807.8080000001000,333115.2960000001000,5,5,1,51,0,Male
8612,1629267.7440000002000,1039060.8384000001000,829287.3888000000000,2586018.7392000000000,710876.6496000001000,11,1,3,69,1,Male
3605,1061290.4940000002000,488766.8610000000300,2458617.6780000000000,2685913.5600000005000,367552.0530000001000,20,5,4,46,4,
3069,717403.3152000002000,708233.2224000001000,1168490.8224000000000,1617088.7040000001000,429126.5088000001000,14,4,3,43,0,Male
5511,2688356.1599999997000,1233637.6320000000000,905041.2960000000000,3994990.2720000000000,328370.3999999999700,15,5,3,55,3,
3139,299442.0000000000000,923590.0080000000000,1181598.2640000000000,1136773.4400000000000,1151243.6760000000000,20,5,4,44,4,Female
241,2606643.0936000003000,586844.4816000000000,2792252.3148000003000,1247776.9200000002000,643719.1176000000000,21,1,5,65,0,Female
7779,2302764.1728000003000,358718.0064000000000,257825.3184000000000,599602.0992000000000,681357.8304000002000,24,4,5,66,5,Male
5191,411747.6480000000400,452455.5840000000300,410328.1440000000000,1016402.3040000001000,152788.3680000000200,5,5,1,53,1,Male
4051,1195624.7424000000000,664845.4560000001000,484681.1904000000000,1817057.9328000000000,1015958.0640000002000,3,3,1,48,3,Male
2672,1489969.8880000003000,791352.4080000002000,741817.2960000001000,1721063.8720000004000,865677.7360000001000,20,5,4,42,0,Male
9457,2499562.9151999997000,1272753.3312000001000,1088797.5071999999000,4415234.0544000000000,273558.7296000000000,6,1,2,73,1,Female
7837,1461561.5040000002000,163086.1440000000000,3611526.7968000000000,4991595.6480000000000,1114354.4256000000000,7,2,2,66,1,Male
2058,1156498.9440000001000,781634.2080000001000,1936790.7840000000000,2652199.6799999997000,780635.1360000002000,12,2,3,39,0,Male
178,323676.2880000000600,353024.0064000001000,731053.8144000000000,3668025.2544000004000,524022.7824000001000,13,3,3,65,0,Male
7773,2326729.0176000004000,958237.1136000002000,682734.4992000001000,4029788.5056000003000,675016.7424000000000,23,3,5,66,0,Male
4303,818859.1840000001000,396629.7720000001000,575275.1400000000000,1667156.4800000002000,314580.7720000001000,10,5,2,49,1,Male
8011,475889.0240000000300,400743.5120000001000,332547.0720000000400,885991.8080000002000,182254.3840000000200,13,3,3,67,1,Male
7347,583866.1296000001000,580844.0664000001000,2634131.4480000003000,196308.7776000000300,554247.2520000001000,5,5,1,64,5,Male
1292,1177901.2799999998000,1244034.0000000000000,3011621.4719999996000,1522466.4960000000000,366405.8400000000000,5,5,1,35,0,Female
8280,316457.6064000000000,129549.0144000000100,2141752.2048000000000,2179895.5776000004000,293868.4320000000300,3,3,1,68,1,Male
459,2457045.2400000000000,324212.7720000000000,1923195.4559999998000,3077042.5920000000000,290824.7160000000000,11,1,3,65,0,
4656,1582638.9120000000000,1379964.0383999997000,565959.0527999998000,3243920.4864000003000,390855.9743999999500,7,2,2,51,1,Female
3252,1262696.6879999998000,1102873.7808000000000,443230.4448000000000,5149797.5232000010000,400940.8128000000000,17,2,4,44,0,Female
4707,173700.5760000000000,688881.6000000000000,1285161.5520000000000,2053390.4640000000000,838642.1760000000000,23,3,5,51,2,Female
9263,719404.6080000001000,1452316.9440000001000,4586068.6560000000000,1114050.2880000002000,506968.6440000000300,16,1,4,72,2,Female
4911,1015593.6959999999000,615438.8640000001000,2692388.5920000000000,4733186.1120000000000,393941.0880000000000,21,1,5,52,3,
6135,1081933.0559999999000,757968.4800000000000,3280971.7440000000000,5580204.4799999995000,1078797.7440000002000,24,4,5,58,1,Female
6005,854963.2511999999000,1526786.8416000000000,2676122.8415999995000,1481662.5407999998000,1358059.0463999999000,19,4,4,57,0,Female
3355,200892.3840000000500,1133486.7720000000000,1877296.2120000000000,3787113.7920000000000,675853.9920000000000,24,4,5,45,5,
4796,1752108.5952000003000,615257.5104000001000,263348.5823999999600,2746782.7200000000000,870072.9984000000000,16,1,4,51,0,Male
744,1822437.1360000004000,916629.7920000000000,2975695.6320000000000,2524511.8080000000000,591281.9120000001000,18,3,4,65,3,Male
1239,536538.0480000001000,676116.6720000000000,851085.7920000000000,454009.3440000000400,953775.2640000001000,3,3,1,35,2,Male
4399,3402115.7760000000000,1014623.1936000001000,3026640.0383999995000,5308746.3935999990000,802353.7727999999000,11,1,3,50,4,Female
2414,1597883.4432000003000,116434.5600000000100,2548457.6832000000000,3957395.4816000005000,375255.1968000000300,8,3,2,40,0,Male
1851,2099108.1600000000000,770905.5600000000000,3392108.2800000000000,2036491.6800000002000,457821.1200000000500,19,4,4,38,4,Female
4541,887626.7520000000000,636766.6560000001000,2176569.7920000000000,3332352.3840000005000,882489.4080000000000,13,3,3,50,1,Male
9554,976457.0400000000000,945904.0240000002000,2928925.2720000000000,3568183.0080000010000,543656.8800000000000,24,4,5,73,1,Male
8237,1006266.6432000000000,1232316.3840000000000,3650221.0368000000000,4311967.7952000010000,108487.1424000000000,13,3,3,68,5,Male
6955,1343236.1904000004000,695754.1656000002000,1250504.8920000002000,3254325.9840000000000,779809.2120000002000,14,4,3,62,4,Male
6737,3421702.6272000000000,999656.4239999999000,3474305.8271999997000,4340330.0928000000000,519796.1808000000300,19,4,4,61,4,Female
9919,373878.0864000001000,551558.2176000001000,173532.1536000000200,1308346.4160000002000,112901.0688000000100,9,4,2,75,2,Male
8198,805627.4304000002000,925477.6128000001000,3022896.6144000000000,1014212.1600000000000,907951.5744000002000,2,2,1,67,0,Male
2264,364623.7056000000400,657344.4768000002000,1934970.3648000000000,3735053.8368000006000,350234.6496000000600,13,3,3,40,0,Male
5803,196605.7920000000400,294312.2040000000000,2985627.9240000000000,1213922.5920000002000,201912.8040000000300,15,5,3,56,1,
8504,145750.4880000000000,114794.3680000000200,1458425.2800000003000,964904.7200000002000,417511.5880000000500,18,3,4,69,4,Male
8122,488756.2368000001000,118507.2096000000300,3388642.3584000003000,3687267.9168000002000,113535.6768000000200,8,3,2,67,1,Male
6325,298745.6256000000000,417229.3152000000000,2539528.5888000000000,2388315.8016000004000,465168.6143999999600,10,5,2,59,4,Male
431,627980.3712000000000,1834275.2688000000000,2048505.0768000000000,4266195.1488000000000,598686.9408000000000,21,1,5,65,0,Female
6873,520454.0640000000000,1445460.5880000000000,1234196.0280000000000,738304.3200000000000,695409.0000000000000,20,5,4,61,0,Female
9281,655650.5280000002000,717221.3360000001000,564953.6880000000000,1284628.3840000003000,267997.8080000000000,19,4,4,72,2,Male
3106,126835.7376000000400,263475.4848000001000,2409769.9296000004000,2837224.0512000006000,774376.5216000002000,17,2,4,44,0,Male
5231,1519537.0752000000000,629391.2831999998000,2611362.2400000000000,3341625.2928000004000,1048935.8592000000000,8,3,2,54,0,Male
9136,396166.8672000000400,461774.9448000001000,2278700.1432000000000,3076227.6480000005000,273988.8216000001000,4,4,1,71,0,Male
8835,712415.3088000000000,258471.9072000000500,3674956.1472000000000,1269847.4880000000000,1042993.9104000000000,12,2,3,70,2,Male
3413,598774.7920000001000,353759.4720000000700,842378.0640000001000,1327488.0960000004000,109910.3720000000300,20,5,4,45,1,Male
3094,3158878.6944000000000,726163.5744000000000,4666401.7487999990000,2303571.2832000004000,1185517.5552000000000,1,1,1,44,0,Female
6315,308003.2128000000000,1079653.1904000000000,3640430.8223999995000,5599532.8512000000000,1596975.6096000000000,11,1,3,59,4,Female
118,1762662.0960000001000,1078403.9760000000000,4758816.4415999990000,2783551.6799999997000,1667399.5728000000000,16,1,4,65,2,Female
1173,163345.9200000000000,317224.8960000000000,2383962.9119999995000,2755861.6320000000000,587198.4000000000000,14,4,3,35,4,Male
6934,2438395.3152000000000,887617.7856000002000,3207755.8656000000000,2853817.0752000003000,830904.4224000000000,7,2,2,62,5,Male
1888,1127536.5600000000000,592651.5600000000000,3385789.9200000000000,3547076.6400000000000,868413.9600000001000,19,4,4,38,1,Female
7265,477963.0960000001000,610237.0560000001000,4025511.3600000003000,5336904.1440000010000,801258.4319999999000,8,3,2,63,0,Female
5446,2325605.4720000000000,489876.9120000000700,2350761.2639999995000,1404793.7280000000000,367990.4159999999700,12,2,3,55,5,
3544,1921507.3680000002000,344824.6560000001000,3460776.2639999995000,4501994.1120000000000,404796.7440000000600,7,2,2,46,0,Female
5994,1766663.7840000000000,1026752.7599999999000,1119860.3160000000000,3185857.0080000004000,298804.6800000000000,3,3,1,57,2,
2007,1414115.9040000000000,513521.2800000000000,647829.5040000001000,2969040.7680000000000,354194.3040000000600,24,4,5,38,0,Male
5833,2087623.7568000000000,1023534.2592000000000,882921.2543999999000,2103031.7568000000000,282075.8400000000000,19,4,4,57,0,Male
5660,1293795.4176000000000,1207386.6047999999000,407580.0767999999000,2379356.4672000000000,287412.7104000000000,25,5,5,56,4,Female
6477,590139.8784000000000,726099.1488000001000,414206.0927999999000,1611290.8800000001000,676399.2191999999000,19,4,4,59,0,Male
4747,675055.8719999999000,1115979.4944000002000,1946895.0911999997000,1115680.6656000002000,859886.3232000001000,12,2,3,51,0,Male
9272,1798263.4176000003000,304819.2576000000000,3107295.7343999995000,2154411.9168000002000,558029.5968000000000,17,2,4,72,2,Male
2441,816299.3520000001000,514694.0040000000000,1763538.4800000002000,2992449.5040000000000,1137278.3400000000000,9,4,2,40,0,Female
7144,1366820.5824000002000,780554.6112000000000,408451.6800000000000,2179861.6320000000000,904624.6560000000000,13,3,3,63,5,Male
6960,909052.2480000001000,168584.1040000000200,553717.1640000000000,665883.0880000001000,138365.4480000000300,15,5,3,62,4,Male
2767,1820616.6000000003000,394478.3040000000600,2109227.4720000000000,2613263.6640000003000,975021.3000000000000,5,5,1,42,2,Female
2296,1767747.1680000000000,1129665.3984000003000,256809.9599999999600,1022846.4576000001000,256997.6640000000000,24,4,5,40,1,Female
4252,2346976.0512000000000,658666.7999999999000,2602046.9376000000000,1103530.3488000003000,1047858.4512000000000,11,1,3,49,2,Female
6241,215940.3264000000000,658864.7424000000000,207759.1680000000000,3078100.6848000004000,1123664.6016000000000,9,4,2,58,0,Male
8205,2075690.3232000005000,580644.8544000001000,261870.7103999999800,2409154.6752000000000,1212884.5248000002000,16,1,4,67,0,Male
7942,101100.2720000000100,266491.9400000000000,1370912.2440000000000,1704030.0160000005000,298841.8680000000000,18,3,4,66,0,Male
5301,384854.9759999999000,906672.0959999999000,3814351.4303999990000,2665811.8656000000000,868792.0896000000000,10,5,2,54,1,Female
8663,2330587.5840000000000,448799.2704000000400,1411493.4287999999000,3379824.8640000000000,197140.6944000000000,1,1,1,69,0,Female
6158,391599.8784000000500,460702.7712000001300,491251.1327999999600,3065285.7216000003000,424821.7152000000400,20,5,4,58,3,Male
3311,507432.2000000000000,150115.4600000000200,546845.5080000000000,703581.1200000001000,386108.9760000000000,20,5,4,44,0,Male
4282,452754.0160000000600,226220.3680000000200,624552.7200000001000,2080292.8960000006000,523552.7440000000600,24,4,5,49,1,Male
4954,2292137.3952000000000,812808.0000000000000,3779698.4640000000000,1731921.8687999998000,339695.9424000000000,14,4,3,52,0,Female
1569,332925.1200000000500,533347.6800000000000,799649.8560000000000,2689643.1360000004000,370592.0640000000000,8,3,2,36,0,Male
3764,1909222.6560000000000,302264.2920000000000,3650704.2000000007000,4994068.9920000010000,528976.6680000001000,4,4,1,47,0,Female
1642,2423459.2320000000000,664201.4400000000000,1878970.1759999997000,844926.3360000000000,941411.8080000001000,17,2,4,37,4,Female
1597,2743784.0640000002000,1187625.4560000000000,614947.6799999999000,3696743.8080000000000,1382105.5199999998000,7,2,2,37,0,Female
8758,270444.8448000000000,1132310.0256000000000,1322717.7600000000000,4562184.3072000010000,761328.1728000001000,4,4,1,70,4,Male
2526,1064485.7520000000000,955432.8960000001000,204442.9200000000000,2084667.5520000001000,634883.9640000000000,21,1,5,41,1,Female
4255,699683.8464000000000,1174261.6512000000000,209467.2096000000000,3681965.5488000005000,854291.1168000001000,24,4,5,49,2,Female
3948,1161742.3840000003000,666190.4480000002000,740797.2000000002000,2877579.2320000010000,611291.2080000001000,10,5,2,47,0,Male
204,2862841.3632000005000,1137113.6400000000000,2176770.0239999997000,4640909.6448000000000,465102.5184000000000,6,1,2,65,0,Female
2950,1253670.5280000000000,470622.2400000000000,2857362.9480000000000,182962.0320000000000,731351.5440000001000,5,5,1,43,1,Female
2228,411834.4200000000400,525823.2000000001000,2593190.9699999997000,3346798.3200000003000,603259.2000000001000,23,3,5,39,1,
4470,2503171.8143999996000,1647341.1071999997000,676275.0911999998000,2882006.7839999995000,323602.2144000000000,1,1,1,50,2,Female
7910,610964.4320000000000,368546.6720000001000,1157017.9920000003000,373216.0640000001000,425177.1160000000400,23,3,5,66,0,Male
7124,896973.4800000001000,468140.1660000001000,2403909.4950000000000,1706121.1440000003000,525231.1350000000000,4,4,1,62,0,
6870,1597347.6479999998000,1378582.9199999997000,1807172.6400000000000,4301353.5552000000000,565620.6816000000000,14,4,3,61,0,Female
3023,292414.9536000000700,470170.9584000001000,2164804.4880000004000,936906.2208000004000,714323.2536000002000,15,5,3,43,0,Male
5056,2598846.6816000000000,1321037.1648000000000,3725546.4000000000000,5200745.0112000000000,258009.2351999999400,14,4,3,53,4,Female
1305,302614.4160000000000,166322.6640000000200,403871.8320000000000,1322596.2240000004000,451691.5680000000000,15,5,3,35,0,Male
1640,1477307.5199999998000,260161.3439999999800,2405648.5919999997000,2425291.7760000000000,877042.6560000000000,2,2,1,37,4,Female
3784,152893.4220000000500,314860.0950000000300,1169434.5300000003000,1189830.7080000000000,618989.2830000002000,1,1,1,47,5,
366,995304.8560000001000,265660.3040000000000,1421685.4080000000000,1716006.2400000002000,230543.7160000000100,24,4,5,65,2,Male
2314,647347.4480000002000,368310.9320000000300,576964.6080000000000,1720050.8160000006000,263649.1440000000300,18,3,4,40,4,Male
2771,3070167.4080000003000,1018269.1728000001000,3762301.9104000000000,5971358.1312000010000,1026211.9824000002000,4,4,1,42,2,Female
8812,755417.5200000000000,1154448.5940000003000,645274.1880000001000,4003442.3520000004000,727153.5960000000000,15,5,3,70,3,
6792,2806198.0128000006000,391078.2096000000000,1316926.1663999998000,5640831.7056000000000,167192.8128000000000,12,2,3,61,1,Female
8282,235265.4720000000400,308138.0328000000400,836101.0944000001000,1316712.3840000000000,573413.7240000002000,17,2,4,68,1,Male
8662,440891.5680000000000,1482650.8320000002000,2467787.8680000002000,798064.1760000001000,839716.9560000000000,1,1,1,69,0,Female
3282,1752483.1500000001000,314387.6670000001000,1594533.8970000003000,308934.6480000000400,561949.9380000002000,8,3,2,44,1,
979,1363560.7680000002000,205818.4799999999800,2880125.4239999990000,4018027.9680000000000,1062105.9840000000000,22,2,5,34,1,Female
4690,1097075.8656000001000,1128103.4880000001000,1725128.0640000000000,2671648.3584000003000,935210.0736000001000,2,2,1,51,2,Male
3273,739287.4896000002000,667922.2704000002000,669528.7632000002000,725727.0240000001000,545875.7040000000000,25,5,5,44,1,Male
6569,2723862.6480000000000,1309598.7840000000000,2172502.3320000000000,2983400.7840000005000,478303.6440000000300,23,3,5,60,1,Female
1255,605304.4000000000000,298359.8000000000000,1115274.2400000000000,230253.7600000000000,109951.9200000000000,25,5,5,35,2,Male
1205,831553.3440000002000,774073.1520000001000,110768.8320000000000,3759682.1760000004000,176383.7760000000000,4,4,1,35,3,Male
3263,1186152.8800000001000,609812.1040000002000,903995.9280000002000,229299.1360000000600,316486.8080000001000,25,5,5,44,0,Male
642,2730978.8064000000000,106592.6160000000100,400806.0575999999400,5793590.6496000000000,1870524.6768000000000,1,1,1,65,0,Female
8074,672295.1040000002000,444442.7520000001000,1348855.8720000002000,3115820.8640000000000,263087.0320000000600,25,5,5,67,1,Male
2356,1069658.5152000000000,596037.1296000000000,1776688.8480000000000,4149824.0256000003000,688769.9808000000000,24,4,5,40,3,Male
4891,2838206.1312000000000,185547.2832000000000,916960.4351999998000,3888787.9679999994000,226711.3536000000000,21,1,5,52,1,Female
8734,627993.1008000000000,1563388.4448000002000,5392582.6032000000000,7398336.4416000005000,1357950.8592000003000,11,1,3,70,1,Female
3186,298341.1200000000000,103499.4048000000200,2032267.8816000000000,2763371.6352000004000,151371.5808000000500,8,3,2,44,3,Male
6971,393039.9200000000400,458961.2560000000500,1285392.1080000000000,1761812.8320000002000,274302.8600000000400,5,5,1,62,0,Male
3218,2449543.5360000000000,847863.0864000000000,1193826.4271999998000,731462.0544000000000,150586.4448000000300,19,4,4,44,2,Female
8966,2274376.1040000003000,165762.9480000000000,868109.1120000000000,4430386.8960000000000,804903.5280000000000,1,1,1,71,4,Female
680,1920440.6208000001000,161348.1012000000000,2076661.3140000000000,1968285.0096000005000,318506.1048000000000,21,1,5,65,0,Female
8450,1467415.1232000003000,603205.8240000000000,2248894.2527999994000,2322722.1888000000000,589542.8448000002000,25,5,5,69,0,Male
5013,2097000.8064000001000,745870.9248000000000,2975149.4400000000000,777664.0512000002000,688359.5136000001000,3,3,1,53,0,Male
9543,785450.7648000001000,892914.2976000002000,691950.3552000001000,3084594.2400000000000,1154187.9648000002000,6,1,2,73,0,Male
543,2639485.3680000002000,223679.0400000000000,1149464.6279999998000,709318.8960000001000,362039.3400000000000,3,3,1,65,1,Female
5635,527302.0800000000000,190188.5760000000000,1093520.7359999998000,1253974.4640000002000,439453.2000000000000,25,5,5,56,0,Male
5510,155747.6640000000200,509128.2000000000000,2503526.2920000000000,4224845.5200000000000,1000836.0000000000000,6,1,2,55,3,
9958,324908.0640000001000,450577.0880000000000,1619953.9200000002000,3060323.5520000006000,1034692.3600000000000,4,4,1,75,0,Male
7897,2603855.7792000000000,575469.4608000001000,402290.9280000000000,7280302.3488000010000,129948.8112000000000,21,1,5,66,0,Female
2275,1620843.8400000000000,859550.1024000001000,389607.9264000000000,3157650.3552000006000,708591.1008000001000,2,2,1,40,0,Male
1866,738262.7200000001000,285779.5600000000000,1010714.4000000000000,1402738.5600000003000,349309.7200000000300,5,5,1,38,4,Male
3465,1816866.2160000002000,824758.0440000001000,3808952.1360000000000,835232.6400000000000,839492.2800000000000,3,3,1,45,2,
1932,1193924.7360000000000,1222280.9280000000000,2572763.0399999996000,3871287.3599999994000,272817.6480000000000,19,4,4,38,2,Female
821,2590957.1999999997000,359994.4920000000000,2660513.0760000000000,1590598.4640000000000,1208115.1680000000000,1,1,1,65,0,Female
6225,1978309.5552000000000,153172.9152000000000,532617.6384000000000,3629809.6128000007000,414896.3712000000000,2,2,1,58,0,Male
8347,2144451.3792000010000,883905.2352000001000,1812273.0912000001000,1248813.1968000000000,364981.4688000001000,23,3,5,68,2,Male
9519,349060.6080000000000,1092533.0520000001000,4635835.3079999990000,1110421.1040000000000,1552274.0999999999000,6,1,2,73,2,
6253,1783202.3423999997000,332349.5232000000500,654140.9663999999000,6669097.8047999990000,176025.1392000000000,21,1,5,58,0,Female
6288,497886.6528000000000,225500.5008000000000,2412304.9343999997000,4285881.3312000000000,1037959.1424000000000,16,1,4,59,0,Female
7535,2097597.2160000000000,346077.6384000000000,3536648.6688000006000,3017970.5088000004000,421914.8544000000700,6,1,2,65,0,Male
9197,972224.1984000000000,354000.9408000000400,3331934.9856000000000,3811646.0928000000000,1087669.8144000000000,6,1,2,72,4,Male
5839,391651.5456000000000,375882.3359999999500,3316826.8800000000000,3172355.0207999996000,1725185.9519999998000,17,2,4,57,0,Female
2797,1814854.2720000003000,469878.1560000001000,3575319.2639999995000,4936765.1520000010000,1225022.1720000003000,21,1,5,42,0,Female
2592,1548197.5608000003000,464545.3032000000000,260914.0248000000000,607158.2880000001000,1128867.3000000000000,5,5,1,41,1,Female
8765,2231508.3648000006000,755914.5984000000000,702184.2048000001000,2631307.6608000007000,1113564.4416000003000,7,2,2,70,4,Male
8731,2284652.6976000005000,1198957.4688000004000,546412.8384000000000,262693.0175999999600,945425.8944000001000,21,1,5,70,1,Male
6039,163175.9616000000000,103540.6080000000100,2854442.4192000004000,748688.9472000002000,627435.7631999999000,9,4,2,57,0,Male
1953,1088624.0640000002000,407534.6880000000000,1779502.4640000000000,1888927.4880000001000,152407.3920000000200,18,3,4,38,2,Male
1128,1710654.2400000002000,731993.1600000000000,2158668.3600000000000,3603924.9600000004000,944795.8800000000000,9,4,2,35,0,Female
5699,598962.4704000001000,666829.4112000001000,914806.7423999998000,2224036.9152000000000,120229.8336000000000,23,3,5,56,3,Male
6741,3497168.1888000006000,382098.4128000000500,1855247.8464000000000,803032.5888000000000,707651.9424000000000,25,5,5,61,4,Female
2207,1476608.8800000001000,818909.7600000000000,2732492.8800000000000,1132829.7600000000000,557894.4000000000000,13,3,3,39,0,Female
3494,805045.0320000001000,440089.5312000001000,1085896.8648000000000,3106562.0256000008000,356484.1896000001000,24,4,5,45,0,Male
6726,1477887.8400000000000,1081090.2960000000000,3071115.2160000000000,1890849.1680000005000,269430.2910000000000,17,2,4,61,5,
9335,1015314.9760000000000,381192.8640000000600,898933.4640000002000,1559276.1600000001000,260484.8480000000000,18,3,4,72,1,Male
7067,2103934.0608000000000,200549.7936000000000,4850530.2143999990000,5196442.8671999990000,1340930.6352000001000,20,5,4,62,0,Female
3367,2350954.5840000003000,670262.8284000001000,1571669.8272000000000,532890.7056000001000,1093239.8928000000000,16,1,4,45,4,Female
8373,327435.9660000000000,366931.8900000000000,833465.2950000000000,2864739.3840000000000,928023.9930000000000,6,1,2,68,2,
3049,3042844.6752000000000,388181.5344000000000,2941277.4864000003000,4991115.5712000000000,1020844.2816000001000,11,1,3,43,0,Female
5647,584915.9040000000000,878053.8240000000000,1814069.6639999999000,1189124.3520000000000,815024.6400000000000,20,5,4,56,5,Male
3482,1117595.4240000000000,115856.2944000000100,1235073.6288000003000,3632593.1136000007000,553424.1504000002000,2,2,1,45,0,Male
4779,675772.4159999999000,182854.3680000000000,1420416.5183999997000,3483144.8063999997000,387626.1696000000000,9,4,2,51,0,Female
5686,130005.2160000000000,406367.3664000000600,2352975.3504000000000,2911893.5808000006000,748349.4528000000000,8,3,2,56,4,Male
7791,545259.6864000001000,378151.4880000000700,667719.3744000001000,2087551.8144000003000,676311.6672000001000,8,3,2,66,1,Male
7074,1762139.2464000003000,207262.9728000000500,2637593.4312000005000,1301991.3504000003000,198558.7344000000200,5,5,1,62,0,Male
4114,426005.6064000001000,198616.9152000000200,592483.4784000000000,1785979.8528000002000,848670.0288000002000,2,2,1,48,0,Male
9382,1124876.6880000000000,1328848.8720000000000,3382410.5640000002000,4156906.4160000000000,930514.7280000000000,8,3,2,73,0,Female
6835,1023410.1696000001000,1174919.7408000003000,2969969.5584000000000,1653081.3312000004000,1048930.0224000001000,11,1,3,61,1,Male
8501,3121559.2511999994000,536716.6272000001000,2250536.1840000000000,4541239.1232000000000,797170.4208000000000,11,1,3,69,4,Female
6167,2514995.4816000000000,1593672.8832000000000,3995239.3343999996000,2184578.3808000000000,875681.1071999999000,9,4,2,58,2,Female
6678,325240.6560000000000,712890.5160000001000,173323.8000000000000,4067639.4720000005000,403515.0600000000000,15,5,3,60,0,Female
1831,1222541.2800000003000,221928.2640000000200,881054.0640000000000,2625281.8560000000000,100953.6480000000000,5,5,1,38,5,Male
4754,1120423.9680000000000,816739.7184000000000,2045254.4064000002000,1975051.1232000003000,269443.5840000000300,25,5,5,51,1,Male
998,542811.8400000000000,376640.5440000000500,453587.6160000000000,161412.0960000000200,225052.0320000000000,18,3,4,34,3,Male
4222,1497474.3168000001000,1041966.2880000001000,2164011.6960000000000,267238.5408000000000,424606.9344000001000,19,4,4,49,1,Male
9973,1656251.1680000005000,179652.6160000000400,2948292.6720000003000,1245832.2240000002000,674695.2160000000000,14,4,3,75,1,Male
4073,1489409.0640000000000,436241.9160000001400,2411159.6520000000000,4264845.5520000000000,200954.6880000000200,19,4,4,48,2,Female
8780,1027595.4624000003000,487977.9840000001000,1536284.5992000000000,2956734.5184000010000,157057.9920000000000,18,3,4,70,3,Male
5419,1673568.0000000000000,413524.7424000000000,1201132.2815999999000,5999175.7056000000000,1404189.5616000000000,20,5,4,55,0,Female
3302,775948.8880000003000,292806.7120000000600,308529.0120000000500,733747.8720000001000,316808.4040000001000,5,5,1,44,0,Male
1501,1233822.7200000000000,415389.1200000000500,1465093.4400000000000,1822750.0800000000000,106965.7920000000200,18,3,4,36,2,Male
6940,2453633.7696000000000,237321.9107999999800,2865185.2008000000000,2275502.1119999997000,1385899.4916000000000,16,1,4,62,1,Female
1344,440267.1840000000700,263192.1120000001000,596093.0400000002000,1844925.6960000005000,552589.4880000001000,20,5,4,35,0,Male
5708,957678.0480000000000,453127.6799999999300,1473676.4160000000000,4638689.8560000010000,870314.2559999999000,15,5,3,56,1,Female
8957,375440.8320000000500,164954.7432000000300,543467.0592000000000,3155161.6512000000000,420797.2392000000000,13,3,3,71,1,Male
8793,2824071.1200000000000,1287288.9120000002000,1607745.6720000000000,2534161.3440000000000,1498017.4560000000000,6,1,2,70,1,Female
6142,257085.9648000000500,357680.1024000001000,1150941.0528000000000,2532697.4592000010000,589668.5088000001000,5,5,1,58,1,Male
7981,3648070.8575999998000,1571751.4176000000000,4487415.9407999990000,4255917.8687999990000,1017920.9664000002000,21,1,5,67,0,Female
6781,2333607.1199999996000,1496732.7024000000000,2791970.8127999995000,4933270.3680000000000,1766184.6384000000000,6,1,2,61,1,Female
5163,1174316.2560000000000,305349.8399999999700,3592060.5599999996000,3628388.1599999997000,243702.5760000000000,6,1,2,53,0,Female
7079,1351700.3136000000000,411754.6368000000400,607103.4528000000000,3349979.4432000000000,374400.7488000000600,14,4,3,62,1,Male
4939,284981.2416000000000,294929.5104000000000,1395427.5648000000000,2215182.6432000000000,538969.0752000001000,5,5,1,52,2,Male
8979,1007195.4048000001000,254087.1840000000400,1293297.0336000000000,1217933.1840000001000,458361.8208000000400,11,1,3,71,4,Male
7955,1516680.2560000003000,156837.6160000000000,840984.4560000001000,1287713.0240000002000,769729.8960000002000,18,3,4,66,0,Male
2149,170605.7280000000300,553675.8960000001000,2150780.2560000000000,860684.5440000000000,517243.6080000000000,25,5,5,39,3,Male
8418,1216449.9360000000000,455987.0016000000000,1258432.1568000002000,3031356.5568000000000,1048547.0736000000000,1,1,1,68,0,Female
5902,583004.7359999999000,113512.8960000000100,273782.3039999999500,2840660.7360000000000,578823.0720000000000,24,4,5,57,4,Male
6661,929250.9200000002000,209630.5640000000000,603042.1800000000000,1761866.4960000003000,454157.0800000000000,19,4,4,60,1,Male
2028,346166.5920000000000,240124.8960000000000,1724751.6480000000000,2636371.5840000003000,220442.9760000000000,14,4,3,38,0,Male
5257,1840302.3360000001000,510377.2800000000000,2545641.7920000000000,284173.8240000000000,774073.0560000001000,8,3,2,54,5,Male
8757,480426.3360000000700,310592.4120000000000,176657.6760000000000,1492342.8000000000000,427690.4320000000300,8,3,2,70,4,Male
7605,448788.9120000001000,197743.4160000000600,591458.0880000000000,3176863.0400000005000,871595.0880000001000,3,3,1,65,3,Male
1784,1735477.9200000002000,1058612.4000000000000,2609166.9599999995000,732444.9600000001000,594403.0800000000000,24,4,5,37,0,Female
3887,367902.2159999999600,375565.3440000000400,3903377.5439999998000,718057.2960000001000,274723.9440000000000,21,1,5,47,2,
1035,557180.7840000001000,389697.9840000000500,272970.4320000000000,406833.4080000000500,648729.8640000001000,20,5,4,34,2,Male
7504,1664052.6240000000000,1779788.0880000000000,4775531.9040000000000,312945.2352000000000,1206501.3792000000000,24,4,5,64,0,Female
2514,113507.2400000000200,154885.5440000000200,1090651.1879999998000,1305784.6560000004000,289085.1920000000400,15,5,3,41,1,Male
3006,1292548.5144000000000,665937.4392000001000,1580662.5120000000000,2329486.9488000004000,864578.5236000001000,4,4,1,43,1,Female
3552,3081823.7472000000000,577876.6224000001000,3811308.3360000000000,2295990.2591999997000,574738.2432000000000,9,4,2,46,0,Female
133,1815248.6976000003000,184037.3184000000200,2664812.2175999996000,3599674.2912000010000,349917.4848000000300,22,2,5,65,2,Male
5338,860165.2799999999000,218121.9360000000000,507939.1200000000500,1848502.2720000003000,387074.0160000000600,20,5,4,54,2,Male
6520,1656691.2960000000000,1132823.0160000000000,1848604.2120000000000,4791460.7520000000000,1379510.0280000002000,20,5,4,60,5,
4758,865721.6640000000000,735377.7599999999000,2078577.5039999995000,5499611.1360000000000,1225048.1760000000000,6,1,2,51,1,
944,1266356.4000000000000,1048998.8400000000000,1107847.0800000000000,2985379.6799999997000,718464.1200000000000,6,1,2,34,4,Female
4555,2040465.5999999999000,322447.3919999999300,2722927.6223999998000,1815147.1872000003000,1150070.2271999998000,2,2,1,50,0,Female
3749,1228266.6660000002000,530241.8220000000000,809248.9680000000000,3188330.2440000004000,644626.0260000002000,4,4,1,46,0,
446,1077260.1840000001000,741391.1856000002000,1435297.4064000000000,3573713.1456000004000,243895.5792000000400,13,3,3,65,0,Male
4878,1846206.3360000001000,859355.1360000002000,464856.7680000000000,1206843.6480000000000,142075.0080000000000,8,3,2,52,1,Male
6669,1029257.4240000000000,192533.7960000000000,2135793.8159999996000,4525034.5920000000000,1127995.1280000000000,17,2,4,60,1,
6157,388506.9312000000500,302561.0495999999700,1326780.1728000000000,4428827.5968000000000,1057447.0656000000000,12,2,3,58,3,Male
8526,732597.6060000001000,1105604.1360000002000,2686558.9140000000000,520291.0440000000500,480585.5730000001000,16,1,4,69,0,
1786,894966.4800000000000,466562.2800000000000,152474.7599999999800,3250992.9600000004000,501745.3200000000000,15,5,3,37,0,Female
8296,2256970.8096000003000,1129285.8720000000000,545232.7296000000000,1719884.2751999998000,1415589.1776000000000,6,1,2,68,1,Female
8104,2527854.4512000000000,661375.7279999999000,1777147.8191999998000,2342187.9936000000000,1220714.5392000002000,21,1,5,67,2,Female
7344,2391448.3008000000000,530363.5584000000000,101943.8784000000200,1729633.1520000000000,168545.8944000000500,22,2,5,64,0,Male
7306,694670.1840000000000,1473071.8080000000000,1287439.4519999998000,1737216.6240000003000,1142698.1280000000000,13,3,3,63,0,Female
2635,1379484.3744000000000,574777.3680000000000,1576645.6464000000000,1216498.0608000000000,1163025.2304000002000,9,4,2,41,0,Female
1690,1332083.3280000002000,723249.1200000000000,2195631.3600000000000,2872954.7520000003000,246809.1840000000400,14,4,3,37,3,Male
2580,678166.9840000002000,436147.8440000000400,1294539.5760000001000,755976.4960000002000,330297.1320000000400,3,3,1,41,2,Male
4923,1439241.8687999998000,144867.2255999999800,4390160.0831999990000,2739270.5280000000000,895541.3567999998000,11,1,3,52,2,Female
5139,279512.2944000000000,202951.6416000000000,584707.8528000000000,3410350.3871999998000,894672.8064000001000,12,2,3,53,2,Male
512,185316.3936000000000,1232086.9392000001000,1719403.5455999998000,2932893.1008000000000,829722.4416000001000,21,1,5,65,4,Female
5061,713792.2176000000000,424616.9472000000000,2113657.8047999990000,5299705.4975999990000,1293504.7680000000000,7,2,2,53,4,Female
2710,1401286.8672000002000,541909.1304000001000,982653.9624000003000,192126.8448000000200,497436.9840000001000,25,5,5,42,4,Male
3462,884228.5760000002000,561468.1600000000000,145103.6400000000000,413463.0720000001000,177577.1360000000600,10,5,2,45,2,Male
5135,582992.6400000000000,295602.1440000000300,615534.4800000000000,1365383.0400000000000,239610.0000000000000,25,5,5,53,2,Male
7299,3454974.0576000000000,446700.0096000000500,4986818.7407999990000,6082534.5984000005000,1838426.4287999999000,9,4,2,63,0,Female
6460,2420077.4784000000000,419199.4944000000000,854100.2879999998000,4563835.3152000000000,1484765.1648000000000,2,2,1,59,0,Female
7968,1384473.1680000003000,337323.6880000001000,1128791.3520000002000,2192265.5040000000000,849950.6080000002000,8,3,2,67,0,Male
9268,379917.5328000001000,1541017.8576000000000,3812404.7520000003000,6277912.2432000000000,1628176.1184000000000,16,1,4,72,2,Female
899,2684240.0640000002000,506388.2400000000000,3596739.9839999997000,3496868.3520000004000,1356349.6800000000000,22,2,5,34,0,Female
8761,528242.1040000002000,415952.1600000000300,158133.4560000000000,766661.1680000001000,300646.0080000000300,18,3,4,70,4,Male
2938,1188426.4480000003000,527418.8480000001000,207531.7200000000300,3020408.8640000005000,670129.1520000001000,10,5,2,43,0,Male
9800,1577134.4160000002000,362841.5440000000500,496242.8640000000000,274709.3440000000400,171900.9760000000200,18,3,4,75,0,Male
8429,833183.7696000001000,1526127.0336000002000,4830608.5775999995000,4735548.2304000000000,813751.4736000000000,1,1,1,68,0,Female
8129,2977853.6736000000000,1057129.6320000000000,635800.2767999999000,1741232.5632000002000,899831.6496000001000,6,1,2,67,1,Female
600,426931.0656000000300,1177359.0816000002000,504117.2448000000000,1501549.6704000002000,202987.9488000000400,18,3,4,65,2,Male
692,376709.0496000000000,876782.8992000001000,1262474.9280000000000,4073069.6448000000000,1233581.2319999998000,19,4,4,65,0,Male
4072,196224.3360000000400,718837.4160000001000,1375901.2080000000000,5172311.2320000000000,980808.8400000001000,5,5,1,48,2,Female
1238,940889.6000000001000,484093.3600000001000,1967122.0800000000000,283985.2800000000000,778023.9200000000000,15,5,3,35,2,Male
8202,887389.5680000002000,356056.4800000000400,1365650.6760000000000,407094.2720000001000,206707.4880000000000,18,3,4,67,0,Male
3633,333726.4128000000500,555181.6512000001000,821080.9728000000000,2931970.9056000006000,738171.7728000003000,3,3,1,46,3,Male
8850,1514188.9152000002000,818245.0224000000000,2662634.3327999995000,6463156.3776000010000,204895.4544000000000,16,1,4,70,0,Female
4802,1940268.4416000000000,566506.5984000000000,2950275.5712000000000,1611497.3184000002000,165725.6832000000000,7,2,2,51,0,Male
7601,1718931.2400000000000,631830.2640000001000,2005354.2600000000000,2276669.6160000000000,101133.2399999999900,11,1,3,65,4,
7190,914706.1248000002000,344285.8848000000600,1241283.8880000000000,4385509.4400000000000,328583.5488000000500,23,3,5,63,4,Male
6312,1690680.5568000001000,133163.1360000000000,620665.0272000000000,3230603.4816000005000,306211.7088000000000,15,5,3,59,1,Male
9324,2372368.6272000005000,663802.2144000000000,1855216.0224000001000,4896131.1360000010000,523994.3904000001000,8,3,2,72,0,Male
7477,621263.8224000001000,537881.2920000000000,740908.2096000001000,1146806.6688000003000,674726.7384000001000,23,3,5,64,0,Male
1515,547461.1200000000000,1010684.3999999999000,3470471.2800000000000,3440158.5600000000000,295235.5200000000000,20,5,4,36,0,Female
233,2640572.4384000000000,696229.3728000001000,2795749.2575999997000,6411412.8000000000000,1223725.6512000000000,21,1,5,65,0,Female
426,1048011.7440000001000,702459.2640000001000,3675528.2304000000000,857048.0256000000000,1040183.6640000002000,6,1,2,65,0,Male
7525,1672704.8832000003000,101623.0176000000000,2734477.1999999997000,4325971.3536000000000,965349.5904000001000,4,4,1,64,0,Male
234,3207435.3792000000000,1663967.2608000000000,1627629.6815999995000,4573248.8256000000000,895514.6304000000000,21,1,5,65,0,Female
6004,1414879.4880000000000,762996.4992000001000,2036666.0735999998000,5653753.3439999990000,683633.7792000000000,16,1,4,57,0,Female
4650,1555206.6240000000000,284282.2080000000000,2269243.7279999997000,203962.7520000000000,1284077.2320000000000,24,4,5,51,4,
5134,2602015.1424000000000,1145510.3808000000000,3261646.8287999990000,4769662.2336000000000,1060793.7984000000000,15,5,3,53,2,Female
9459,128353.1600000000200,109924.9320000000200,1327528.3320000002000,419990.8960000000000,198116.5160000000600,9,4,2,73,1,Male
635,1799476.6140000003000,145508.1030000000000,849799.0800000001000,2201743.4400000000000,1019475.8730000000000,11,1,3,65,1,
9638,265221.7152000000400,1175893.4304000000000,1293264.4608000000000,1072480.2816000000000,473083.7280000000000,22,2,5,74,4,Male
6177,421742.3616000000600,759781.7856000000000,1328250.7007999998000,2121708.9024000000000,1119079.5264000000000,23,3,5,58,2,Male
3209,113495.1840000000200,299137.4760000000000,436220.1360000000000,2328282.0000000000000,994944.5880000001000,18,3,4,44,2,Female
6429,1753602.9120000000000,166346.6399999999800,2843066.3040000000000,1836354.8160000000000,192672.2880000000300,11,1,3,59,0,Female
5274,536107.5072000000000,250565.5295999999500,102280.3199999999900,1598385.4848000000000,727414.0416000000000,19,4,4,54,4,Female
289,1272440.6240000003000,261703.3120000000300,373743.2400000000000,2962122.5920000006000,715488.8000000000000,14,4,3,65,4,Male
96,233587.3280000000400,393620.3440000000400,684129.8880000000000,552608.5760000001000,340527.4600000000000,8,3,2,65,3,Male
9542,1329111.2016000005000,107759.6208000000200,1288140.5160000003000,3184008.4224000010000,609075.7920000000000,8,3,2,73,0,Male
8336,621436.9824000000000,859264.2864000000000,2696357.2896000000000,7068851.7119999990000,1583718.1776000000000,16,1,4,68,2,Female
4630,889960.0896000001000,698283.3024000000000,2627943.7823999994000,3207174.9119999995000,876438.2592000001000,4,4,1,51,4,Male
4777,2573273.0880000000000,1342988.6400000000000,278627.9040000000000,2515309.6319999998000,1309136.6879999998000,5,5,1,51,0,Female
6496,259742.1840000000400,997629.9840000000000,433703.0880000000000,5863629.4080000010000,670479.1080000001000,16,1,4,60,0,Female
6362,2437166.0160000003000,1281776.8320000002000,3420337.9679999994000,2997837.5039999997000,1041842.7360000000000,16,1,4,59,1,Female
7448,1182763.9200000002000,915389.1760000000000,1181540.8800000001000,3661293.7920000004000,171917.9280000000400,5,5,1,64,2,Male
8443,973112.8680000000000,163312.3440000000400,180061.9470000000100,4547270.5200000000000,605832.9030000000000,3,3,1,68,0,
1666,279073.7600000000000,411119.3600000000400,775225.6800000000000,1371919.0400000000000,511914.9600000001000,5,5,1,37,3,Male
5479,835578.5040000001000,469857.2400000000000,630318.9959999999000,265270.4640000000400,917130.6000000000000,24,4,5,55,4,
6072,852868.9152000000000,157616.2368000000000,964596.9887999998000,3109850.1504000000000,358061.9040000000000,13,3,3,58,0,Male
5237,1467040.2048000000000,1403385.8687999998000,1356879.3408000000000,3846100.8384000000000,1084470.1632000000000,22,2,5,54,0,Female
6175,1673989.9776000000000,1011970.3679999998000,791793.7919999999000,1173609.9071999998000,965796.1343999999000,20,5,4,58,2,Female
9852,725808.5952000002000,181794.1632000000400,290363.6736000000000,1389488.7552000002000,570096.1344000001000,21,1,5,75,4,Male
6541,227543.3680000000200,375227.0080000000300,597786.0720000000000,1979565.3280000002000,209716.4680000000200,10,5,2,60,4,Male
8631,204107.6544000000600,750904.2528000001000,1299323.3760000002000,3675342.0288000000000,784883.2992000001000,17,2,4,69,0,Male
9090,1228871.7792000000000,100985.9760000000100,791569.0224000000000,3032871.3792000000000,587049.6528000000000,6,1,2,71,0,Female
6423,1244533.4783999997000,446388.3648000000000,397723.7376000000500,142974.7200000000000,1125214.0415999999000,13,3,3,59,1,Male
5672,220932.0576000000300,843724.1664000001000,202459.0464000000200,883895.8464000002000,560623.3344000002000,25,5,5,56,4,Male
9561,341038.3392000000500,811658.5776000001000,2895025.5360000003000,4660588.1088000000000,1687703.2848000000000,16,1,4,73,0,Female
8444,431091.1800000000000,883914.6420000001000,3136647.2670000005000,3050438.5080000004000,1075667.6970000002000,11,1,3,68,0,
6485,1798359.8880000003000,434607.0560000001000,764996.8560000001000,849745.3120000002000,940359.4720000001000,18,3,4,60,0,Male
189,703642.6800000000000,269577.8800000000600,507225.8880000000400,686302.4480000002000,268626.0720000000400,7,2,2,65,1,Male
5070,1726671.9744000002000,867966.4512000001000,228394.9440000000000,2857012.0704000005000,608177.3184000000000,4,4,1,53,4,Male
9016,667244.1984000000000,1052221.3728000002000,457686.7776000000300,2129330.6112000000000,474594.3072000000400,22,2,5,71,1,Male
9796,1141769.0232000000000,240907.7268000000300,1204234.8084000000000,4600168.3728000000000,693862.4160000001000,16,1,4,75,0,Female
877,403406.4960000000400,485245.9440000000000,465804.4320000000000,1667777.4720000000000,248986.4400000000300,25,5,5,33,0,Male
9347,1893644.0639999998000,1490168.7216000000000,5215432.6224000000000,548211.4560000000000,1473904.0368000001000,1,1,1,72,0,Female
5968,1403872.1279999998000,1149136.5599999998000,3080650.7519999994000,5634717.1199999990000,1182059.4239999999000,13,3,3,57,2,Female
8604,798968.1440000002000,404721.4080000000500,882883.0920000001000,746802.9920000001000,235629.1600000000300,22,2,5,69,2,Male
8902,537966.7488000000000,1172726.9424000000000,132975.0864000000000,4213882.4832000000000,1829373.2496000000000,1,1,1,70,0,Female
4390,1056750.7200000000000,695683.6800000000000,1891649.3760000000000,3828082.1760000000000,271136.2560000000000,4,4,1,50,1,Male
6744,1690412.8800000001000,851904.2999999999000,3721585.6079999995000,1611305.2800000000000,958977.0840000000000,13,3,3,61,4,Female
6403,730924.5120000001000,319813.1040000000500,805149.7919999999000,394090.9440000000000,192266.2080000000000,5,5,1,59,2,Male
7316,1238836.8096000003000,338182.2288000001000,1968642.7488000000000,2062466.6400000001000,331411.0176000001000,23,3,5,63,0,Male
3789,1712386.3680000005000,378554.0000000000600,417047.9280000001000,658430.0800000001000,148127.7600000000000,13,3,3,47,1,Male
9759,2624570.5824000000000,1726400.5199999998000,5516916.9120000000000,6060374.6112000000000,579929.1264000001000,11,1,3,74,0,Female
3864,1217437.3728000000000,595212.5520000000000,115046.3952000000100,5387305.6512000000000,1493110.5552000000000,11,1,3,47,2,Female
6254,1776305.5488000000000,1655747.3087999998000,2220183.3024000000000,6726002.9184000000000,1270571.7888000000000,16,1,4,58,0,Female
8792,2120202.8640000000000,978919.3440000000000,1806026.5080000001000,864152.6400000000000,930324.5640000001000,1,1,1,70,1,Female
6677,819638.6640000001000,582914.2800000000000,2665559.9880000004000,5143203.9360000000000,378657.8640000000000,25,5,5,60,0,Female
103,1553028.1728000003000,175933.3056000000200,949148.1792000001000,2815976.2176000006000,671856.9312000001000,19,4,4,65,3,Male
4648,2108517.6960000000000,1415511.5040000002000,1893978.7199999997000,1159640.6400000000000,394628.2560000000000,4,4,1,51,0,
2089,446519.3760000000500,180153.8640000000300,2124727.2000000000000,1841790.2400000002000,409497.2640000001000,5,5,1,39,5,Male
2071,2290749.1200000000000,1015908.1200000001000,1783213.9199999997000,4458998.8800000000000,722237.2800000000000,4,4,1,39,0,Female
7125,1934508.7840000000000,724284.8080000002000,1651282.1520000002000,1567088.6400000001000,321635.4960000000400,13,3,3,63,0,Male
6367,1888664.2560000000000,649106.2080000001000,260345.6640000000000,3687522.0480000004000,554509.7280000000000,25,5,5,59,3,Male
3528,1431693.1728000003000,612165.0744000002000,1917105.0624000002000,1717076.5920000002000,149031.9864000000200,13,3,3,45,0,Male
7732,3069583.9200000000000,402543.9599999999600,1857267.8280000002000,6101933.1360000000000,1557565.6200000000000,16,1,4,65,0,Female
6882,997920.5184000002000,190738.8288000000000,2038919.1264000000000,2222487.0720000000000,1408142.3616000002000,16,1,4,61,0,Female
9891,134140.2192000000200,425937.6576000001000,270204.0120000000500,2354372.8416000004000,904032.9792000001000,3,3,1,75,3,Male
3681,909770.9280000001000,1281162.6960000000000,2956309.8839999996000,3876727.5360000010000,1003456.7400000000000,19,4,4,46,1,Female
243,2793560.4216000005000,432372.7512000000000,2740973.3208000000000,3036766.0752000003000,1071255.0888000000000,13,3,3,65,0,Female
3636,581330.6928000001000,414553.9464000001000,1633452.2424000000000,2057893.2000000000000,433389.2904000002000,9,4,2,46,3,Male
9120,2710622.7720000000000,1054516.0392000002000,2057521.5648000003000,2214132.1488000005000,1186580.4912000003000,6,1,2,71,0,Female
4407,2154478.2336000000000,276886.4255999999600,1847874.1248000000000,4029706.5984000005000,959335.4879999999000,18,3,4,50,4,Male
5998,1123607.3760000000000,319057.0560000000400,2116093.7663999996000,232877.2032000000200,807116.4000000000000,14,4,3,57,1,Female
4279,1179841.6080000002000,269915.8770000000400,2465942.8860000000000,1052737.4880000001000,771654.6090000002000,3,3,1,49,2,
5051,1614085.0560000000000,244421.1360000000300,3687176.5919999997000,5586194.8799999990000,734718.2399999999000,18,3,4,53,4,Female
8970,1235976.5184000000000,992458.8960000001000,785916.8928000000000,3767253.7344000010000,800031.8976000001000,12,2,3,71,4,Male
8334,1196277.6384000000000,1600643.6784000000000,4824551.1599999990000,882629.2800000000000,1250205.0912000001000,1,1,1,68,2,Female
29,578683.1232000001000,638112.3840000001000,213634.3247999999700,2072552.6016000004000,447839.6832000000000,4,4,1,65,5,Male
3903,594041.1840000001000,248959.4976000000600,1757413.6272000002000,611696.4480000001000,248634.5400000000400,15,5,3,47,0,Male
6379,495022.1760000000400,737853.4079999999000,2230501.9680000000000,2026792.5119999999000,1011449.8080000001000,11,1,3,59,3,
9305,278386.6176000000000,330699.6576000000000,459669.0383999999000,1981550.1888000001000,1828210.9248000000000,11,1,3,72,1,Female
7671,833458.7664000001000,457893.6336000001000,2466445.5504000000000,1661012.4960000005000,712113.1056000001000,23,3,5,65,2,Male
3721,518342.4575999999700,250632.2016000000300,1062388.4832000000000,4129759.1808000000000,458497.5120000000500,6,1,2,46,0,Female
2142,796432.3200000001000,217773.3600000000200,506780.2800000000000,221712.3200000000400,233473.2000000000000,25,5,5,39,1,Male
227,726486.0720000002000,464824.7760000000700,688119.4320000000000,1358802.6400000001000,416729.3000000000500,8,3,2,65,0,Male
4377,223992.0960000000200,478410.3840000000000,756172.0800000001000,274285.4400000000000,387660.9599999999600,3,3,1,50,5,Male
4681,1995809.3568000002000,248278.9248000000000,2267442.2015999993000,2570093.1072000000000,548693.2224000000000,7,2,2,51,3,Male
7926,1564427.9040000000000,1050222.0768000002000,2585045.1744000000000,3684422.9760000003000,168176.7360000000000,2,2,1,66,0,Male
1764,316312.7040000000000,595110.8160000000000,373663.8720000000000,3135647.6160000000000,202725.8880000000000,24,4,5,37,0,Male
3582,2122694.9568000003000,580999.3200000001000,2285431.6319999998000,5404744.8576000010000,1315730.7504000000000,2,2,1,46,4,Female
4865,2033478.6047999999000,538099.3152000000000,878507.5967999999000,844781.8752000002000,1094206.0032000002000,23,3,5,52,4,Male
837,796443.5232000002000,516686.5080000000300,1111144.9752000000000,2989765.2096000006000,723962.2104000001000,8,3,2,65,1,Male
4898,827780.9280000001000,194787.4080000000200,698167.8720000000000,516933.1200000000500,390267.2160000000000,5,5,1,52,1,Male
7721,1972311.4944000000000,616468.6944000000000,5281331.8895999990000,1486066.2336000000000,483879.0528000000600,6,1,2,65,0,Female
1291,1540676.4000000000000,355732.6800000000000,803155.6800000000000,3018792.9600000004000,966789.6000000000000,10,5,2,35,0,Female
5682,727548.8256000000000,129331.4688000000000,1399457.7791999998000,1459708.8768000000000,216552.6144000000200,17,2,4,56,4,Male
9190,3029057.6160000000000,1053249.2880000002000,3276732.4200000000000,1679279.4720000000000,572283.3480000001000,11,1,3,72,4,Female
9667,384602.9616000001000,902403.4968000002000,281032.7832000000600,556899.0336000001000,261563.6088000000200,13,3,3,74,1,Male
6350,1238280.4223999998000,315180.4032000000600,2631391.4879999994000,2398650.1632000000000,567019.2384000000000,24,4,5,59,3,Male
7536,539985.5136000000000,790232.8824000002000,2551585.7952000000000,2770199.4528000010000,923693.3784000000000,13,3,3,65,0,Male
1513,2090355.2640000000000,773517.8880000002000,202456.8000000000000,2389969.7280000000000,1057693.5360000000000,17,2,4,36,0,Female
4563,1391255.4240000000000,858935.0400000000000,2718842.6880000000000,2263643.9040000000000,347078.4000000000000,25,5,5,50,0,Male
8533,2456054.0160000003000,413012.3712000000000,141852.6720000000200,109638.2976000000200,777070.8192000000000,18,3,4,69,3,Male
6345,1805543.1935999999000,779282.4960000000000,2158799.7312000000000,323882.4960000000000,554790.4128000000000,22,2,5,59,1,Male
7014,2159956.6560000000000,1056969.5760000001000,3059607.5640000000000,4117886.4480000003000,1426961.9520000003000,21,1,5,62,3,
4787,1405516.4160000002000,952270.2720000001000,691615.2960000001000,743892.4800000000000,820729.7280000001000,20,5,4,51,0,Male
1365,2189196.7200000000000,916791.9600000001000,776154.2399999999000,2775439.1999999997000,247745.4000000000000,18,3,4,36,0,Female
1818,1593352.2240000000000,360791.5680000000000,479156.2559999999400,1427890.7519999999000,1387106.7840000000000,7,2,2,38,0,Female
2268,1135655.4528000000000,305597.1600000000300,4468746.5856000000000,1961237.2032000003000,861565.4783999999000,21,1,5,40,0,Female
7886,1804531.2480000006000,664367.9120000001000,566291.8560000000000,1587300.0000000000000,730944.5520000001000,23,3,5,66,1,Male
1215,683286.0000000000000,780589.2000000000000,305258.3999999999700,3682127.5200000000000,179111.6400000000000,3,3,1,35,1,Female
2495,1926740.8512000002000,1349245.1808000002000,2916630.7632000004000,463567.7376000000500,1193636.8224000002000,4,4,1,41,4,Female
5702,2637333.0431999997000,1428833.4335999999000,1380188.6783999999000,4273415.1936000000000,132605.1647999999700,21,1,5,56,1,Female
2967,1261400.4480000000000,213897.5520000000300,2257822.5120000000000,3207854.7072000005000,845723.1552000000000,9,4,2,43,3,Male
5691,1713800.3760000002000,752894.5680000001000,2817319.9680000000000,1762428.2400000000000,139220.1000000000000,3,3,1,56,0,
6089,285827.3280000000000,269996.0832000000000,1236258.8927999998000,1298540.3904000001000,440675.9424000000600,14,4,3,58,1,Male
5622,437977.8432000000000,1394363.6352000000000,3954384.7487999997000,4019211.1871999996000,173597.9903999999800,16,1,4,56,0,Female
8655,765228.6720000000000,1762961.4287999999000,1035981.2735999998000,5273669.6064000000000,852561.2160000000000,6,1,2,69,0,Female
5466,454289.3760000000000,431214.0000000000000,1354140.2880000002000,1635603.0720000002000,290874.4800000000000,25,5,5,55,4,Male
3683,1371065.0976000002000,1342741.7519999999000,503265.7872000000000,1357324.5312000000000,696525.0336000001000,2,2,1,46,1,Female
8097,974866.2560000000000,304857.3840000000000,3005656.3680000002000,3848427.2320000010000,964701.4000000000000,3,3,1,67,2,Male
7861,1476491.3280000000000,1283717.0736000000000,2341745.6399999997000,7258571.4240000010000,1578083.6448000001000,6,1,2,66,2,Female
9835,466837.8000000000500,359470.1760000000400,915974.1240000001000,379036.7360000000300,130678.7040000000100,8,3,2,75,4,Male
9012,2148113.0112000000000,423603.3984000001000,3347044.6464000000000,4548216.6912000010000,679031.8080000001000,17,2,4,71,1,Male
8438,2239147.8720000004000,309380.9472000000500,2278812.1824000000000,2421746.4960000000000,635293.6512000001000,7,2,2,68,0,Male
2390,1060437.8400000000000,634864.7360000001000,693925.3200000001000,2988500.7680000006000,282250.9360000000500,20,5,4,40,2,Male
3999,963190.4832000001000,1121597.9280000000000,1268158.1616000000000,1279446.2208000000000,1446747.8256000000000,7,2,2,48,4,Female
3608,1519683.4752000005000,383029.6800000001000,838034.5248000000000,3223885.6320000000000,501434.6304000000000,14,4,3,46,3,Male
3724,2609899.1424000000000,828045.3456000000000,1077765.9552000000000,3806602.2720000000000,691032.3552000001000,7,2,2,46,0,Female
7329,464856.7040000001400,437930.5840000001000,637229.1120000000000,2277049.2160000000000,528003.2160000000000,20,5,4,64,0,Male
1544,1102655.1600000001000,372607.4700000000300,2153461.9500000000000,1341981.7200000000000,242239.5000000000000,12,2,3,36,1,
6430,2219264.0640000000000,862061.7599999999000,3198252.8159999996000,3394930.1760000000000,584294.9759999999000,21,1,5,59,0,Female
3065,645988.6400000001000,800474.1360000002000,1272282.0000000002000,2485313.9520000010000,200917.5520000000300,5,5,1,43,0,Male
5208,1990399.5648000003000,352469.2608000000000,2793052.4543999997000,3058497.7920000000000,1008178.2144000000000,7,2,2,53,0,Male
7521,1440401.6640000000000,766134.8240000001000,2343975.5040000000000,1145816.6720000000000,217503.5200000000200,10,5,2,64,0,Male
441,1161844.4448000002000,363192.6168000001000,1708997.6591999999000,218093.2416000000400,243121.0392000000600,14,4,3,65,0,Male
5734,905045.2992000002000,859463.7696000001000,1313987.0976000002000,2081274.1631999998000,1119978.0864000001000,23,3,5,56,2,Male
1457,779527.0080000001000,187068.4560000000300,1223403.4800000002000,1041180.4800000000000,646574.2560000000000,5,5,1,36,3,Male
5758,1835201.2032000000000,1032731.1359999998000,3197737.2671999997000,2929036.4928000006000,118312.4736000000000,12,2,3,56,2,Male
3631,537874.7440000001000,406111.5520000001000,436464.0720000000000,1566096.7520000003000,241475.1680000000600,15,5,3,46,1,Male
1769,235233.7920000000400,268207.4879999999500,2199533.4719999996000,2534054.4000000000000,187235.3280000000400,7,2,2,37,1,Male
3346,1304750.0928000002000,558528.6432000002000,2587086.0576000004000,442529.8944000000500,833760.9984000002000,23,3,5,45,5,Male
6279,1072131.6480000000000,201263.5200000000200,997629.9839999998000,3540613.2480000006000,767809.4400000000000,25,5,5,59,0,Male
2365,836645.8320000000000,243353.7810000000200,1478756.4660000000000,723451.6080000001000,559665.8100000000000,25,5,5,40,3,
3894,1574241.8472000002000,827594.3016000001000,3355579.0620000004000,562524.6528000002000,771488.8632000000000,24,4,5,47,1,Female
9999,310583.5200000000000,333202.5450000000000,2990026.4940000000000,2940354.6120000000000,639732.8340000001000,16,1,4,75,0,
411,807303.1824000002000,687084.6528000002000,2158701.6672000000000,3187682.4096000004000,876486.1248000001000,18,3,4,65,0,Male
8668,2063976.7200000000000,394610.1120000001000,1273535.3280000000000,2169206.2080000000000,962395.5120000001000,3,3,1,69,0,Male
4423,344186.2800000000000,176443.7040000000300,888404.4360000000000,3483038.8800000000000,586488.1680000000000,5,5,1,50,0,
6961,1722776.5152000003000,338139.7344000001000,2115278.4744000000000,603927.7920000000000,908846.2656000003000,15,5,3,62,4,Male
160,3262471.0560000000000,1767757.6800000000000,2126268.7056000000000,5115050.5536000000000,1293510.8159999999000,1,1,1,65,0,Female
610,692495.7312000000000,421277.3760000000500,1562618.6784000000000,128867.4816000000300,1131213.4080000000000,23,3,5,65,1,Male
9952,127918.6271999999900,587356.8480000000000,1715764.9392000000000,1306819.2384000001000,214532.8848000000000,16,1,4,75,0,Female
8136,586594.9440000000000,377276.9520000000000,2273592.6720000000000,1085242.7040000000000,977342.8080000001000,13,3,3,67,0,Female
5083,449969.6880000000000,243130.0320000000400,1936283.2920000000000,1901919.7440000002000,154508.9040000000400,10,5,2,53,0,
8777,1345378.1952000002000,1112009.5584000000000,2879906.1408000006000,445658.3040000000600,938485.3920000001000,12,2,3,70,0,Male
5278,1997184.0960000000000,289670.6879999999700,2095298.0639999995000,5225669.5679999990000,1175441.4720000000000,15,5,3,54,4,Female
7258,1119997.3824000002000,341202.8256000000400,2082476.4480000003000,1990734.7200000000000,998203.1904000001000,12,2,3,63,1,Male
1937,236779.1999999999800,1154063.3760000000000,2763661.6799999997000,1706706.4320000000000,532766.7360000000000,17,2,4,38,2,Female
6427,1639796.3135999998000,1004172.4224000000000,1596563.6543999994000,933095.8080000000000,261742.9248000000000,6,1,2,59,0,Female
9969,978476.2000000001000,225429.9320000000300,1163258.1480000000000,1119811.8880000000000,192717.2520000000400,3,3,1,75,1,Male
9695,1036642.8384000001000,1402686.9792000002000,5140697.7023999990000,3799027.0656000003000,328018.9536000000000,1,1,1,74,2,Female
6434,1955470.0032000002000,414385.1136000001000,1973014.1567999998000,4054234.9824000006000,359646.6815999999500,9,4,2,59,0,Male
7055,932567.2512000002000,562374.6336000001000,3108875.7024000003000,1541553.0624000002000,403113.7344000001000,19,4,4,62,1,Male
1016,1859540.9280000000000,389620.8000000000000,1182774.2400000000000,3605946.2400000000000,926020.7040000000000,14,4,3,34,2,Male
5388,968833.7280000000000,844156.5120000000000,2404726.7039999994000,1289423.8080000000000,542987.1360000000000,8,3,2,54,0,Female
5606,828720.4608000001000,127110.5568000000200,1970295.8400000000000,3123903.6288000000000,651670.2720000001000,25,5,5,55,0,Male
4027,330797.2800000000000,392247.8208000001600,1047439.3248000002000,1867961.3568000004000,1007112.0576000003000,4,4,1,48,3,Male
7588,1878115.9488000004000,690616.3680000000000,241479.7632000000200,2851326.5664000004000,326524.9728000000500,4,4,1,65,4,Male
4952,2653945.3440000000000,842281.2000000000000,1792240.9919999999000,3939091.1999999997000,178923.1680000000000,5,5,1,52,0,Female
640,2738671.6032000002000,1277374.1760000000000,2063780.5967999997000,1626815.1744000001000,779491.8143999999000,11,1,3,65,0,Female
4592,818115.0335999998000,836756.1792000000000,4006793.9519999990000,2742873.7536000000000,530473.7088000000000,25,5,5,51,0,Female
2434,1423076.4239999999000,1234509.1440000000000,188763.3000000000000,1252525.8240000000000,224338.7520000000000,10,5,2,40,0,Female
2649,1538731.6032000005000,1036083.1008000002000,2041679.6928000000000,254989.3632000000500,794959.5456000002000,24,4,5,41,0,Male
2713,696452.4864000000000,874120.2624000001000,1642159.4112000000000,3411628.4928000010000,1013613.2160000001000,14,4,3,42,4,Male
8171,1443449.2800000003000,632693.2560000000000,962005.2000000001000,567931.5200000000000,986425.3360000001000,24,4,5,67,0,Male
713,1363580.4000000001000,769346.2400000001000,474270.5760000000000,3676061.7920000004000,368197.5440000000500,23,3,5,65,1,Male
6670,735983.0400000000000,994595.7840000002000,1049098.4400000002000,1654274.3360000001000,395443.0480000000700,3,3,1,60,0,Male
7290,1675812.3200000003000,875117.9840000002000,2247016.5119999996000,1508058.6560000004000,928817.7600000000000,20,5,4,63,0,Male
2660,548926.4880000000000,142960.0920000000000,2760534.6120000000000,3240753.1200000000000,681322.3560000001000,13,3,3,42,0,Female
1144,1551384.1920000000000,668516.5440000000000,1533867.5520000000000,1629263.2320000003000,293651.0400000000000,19,4,4,35,5,Male
2465,462752.9280000001000,777609.2280000000000,1775724.5880000000000,2433508.1760000000000,1126522.8480000002000,10,5,2,41,0,Female
9877,1285148.4048000004000,239608.1376000000200,1963395.4392000000000,1676364.7680000002000,437242.3848000001000,13,3,3,75,1,Male
5275,1515096.9216000002000,1418619.7439999997000,1532451.5712000000000,4568961.9456000000000,1305092.9088000000000,15,5,3,54,4,Female
6768,680156.6720000001000,913706.1440000002000,3003721.6560000000000,569533.5360000001000,203591.8560000000300,23,3,5,61,0,Male
4296,1569832.3872000002000,398457.1800000000000,2293357.9680000003000,739441.9296000001000,569309.4000000001000,20,5,4,49,0,Male
9291,1871136.6960000000000,1165977.3840000000000,2745874.4039999996000,394066.6080000000000,997056.0600000000000,16,1,4,72,2,
4300,1867398.0864000004000,105097.0272000000300,2093298.1344000000000,357705.2160000001000,777048.9408000001000,12,2,3,49,1,Male
6041,1522449.4080000000000,933508.7039999999000,340499.8079999999600,2094605.5680000004000,579232.6080000000000,5,5,1,57,0,Male
185,506050.2720000000600,778683.6096000002000,432242.5536000000400,1379735.3856000002000,208599.7056000000200,22,2,5,65,1,Male
1925,1515313.9200000002000,600762.5280000000000,2064150.4319999998000,2949442.5600000000000,234855.1680000000000,14,4,3,38,2,Male
4210,2870210.8512000000000,851390.9712000001000,3401076.7296000007000,4787420.7743999995000,1011560.2992000000000,17,2,4,49,1,Female
8828,557035.3360000000000,184481.7000000000000,1205012.3280000000000,1188989.1520000002000,315104.1400000000000,18,3,4,70,2,Male
327,2204149.9584000004000,619185.0912000001000,2129031.2160000000000,3709816.2816000003000,829149.3600000000000,13,3,3,65,1,Male
869,183142.6560000000000,805548.7680000002000,1480142.8800000001000,2111126.4000000000000,236837.9520000000200,4,4,1,33,0,Male
4331,435631.6800000001000,708901.2480000000000,957721.2480000000000,3199250.4192000010000,530636.5152000001000,18,3,4,49,0,Male
5484,2196698.1119999997000,603941.1840000000000,2606250.8160000000000,3069887.3856000000000,1061720.5247999998000,12,2,3,55,3,Male
3011,770525.3952000000000,270043.1712000000400,4520578.0752000000000,5842730.9952000000000,159094.7424000000200,6,1,2,43,0,Female
3353,700007.8272000002000,764147.1552000000000,637870.7808000001000,975429.3120000002000,923735.5776000002000,24,4,5,45,5,Male
2030,492808.4640000001000,619500.0960000000000,2101994.0640000002000,696997.4400000001000,431235.1440000001000,15,5,3,38,0,Male
9710,102149.3200000000000,330425.9400000000000,389675.6760000000000,1515987.4080000003000,355101.1360000000600,9,4,2,74,2,Male
2135,1983525.4080000000000,593121.1680000000000,506134.2239999999300,5443767.3599999990000,585110.5920000001000,12,2,3,39,1,Female
4633,1788167.2320000000000,727804.0320000001000,1369274.6880000000000,1506292.2240000002000,929668.4160000001000,15,5,3,51,4,Male
6790,911892.0720000002000,877908.4080000000000,1236535.5600000000000,3363260.7839999995000,273354.1200000000000,13,3,3,61,1,Female
6588,1127723.5008000003000,684484.7256000001000,458090.6616000000500,416161.3248000000600,212888.8944000000200,5,5,1,60,3,Male
9627,398516.2271999999600,701887.8672000001000,1347357.5855999999000,6483811.2768000000000,406505.9232000000000,1,1,1,74,4,Female
8042,451456.7200000000300,503318.9200000000400,2991608.8800000004000,2390441.2480000006000,540983.3520000001000,12,2,3,67,4,Male
6546,467631.3408000000600,974952.8256000001000,131284.8576000000200,3916508.0448000003000,244865.7120000000000,17,2,4,60,4,Male
7350,518788.7120000001000,261335.8800000000300,210834.4680000000000,1654866.3040000002000,397967.7000000000000,10,5,2,64,5,Male
5591,1976434.5600000000000,372566.3039999999500,2622592.3392000000000,2868262.9631999996000,820821.6000000000000,11,1,3,55,0,Female
9753,1339028.7768000000000,1284368.2488000002000,2615919.4620000000000,4155374.9952000007000,1106792.8560000001000,1,1,1,74,0,Female
7229,2954594.8224000004000,1317836.3328000002000,985614.7392000000000,2426385.3120000000000,1065846.0384000002000,20,5,4,63,2,Female
4885,2121359.3855999997000,580005.5040000001000,2612162.6496000000000,3662366.0544000003000,884440.8576000001000,4,4,1,52,3,Male
6719,370631.0400000000000,432114.3840000001000,262126.8000000000000,3078567.8976000007000,423029.6928000001000,13,3,3,61,5,Male
5720,1161324.0576000000000,505355.4432000001000,3418094.9376000000000,4368627.7632000000000,925449.5232000000000,7,2,2,56,3,Male
9257,1467002.2848000000000,220501.2576000000400,1523776.5504000003000,2945145.2160000000000,1247600.6400000001000,1,1,1,72,2,Male
2279,1478050.8864000004000,529550.2080000001000,3059141.1840000004000,882033.7152000001000,745730.7264000002000,13,3,3,40,0,Male
8771,1010395.0480000001000,499502.8480000000600,1126382.5559999999000,375824.8000000000500,215902.1800000000500,3,3,1,70,4,Male
3539,2086167.4944000002000,1008191.5008000003000,664955.2800000000000,3412203.8016000004000,682127.4240000000000,9,4,2,45,0,Male
8407,2442514.4639999997000,345417.9456000000400,2477673.2448000000000,1593440.9088000003000,154391.7024000000000,18,3,4,68,1,Male
2830,3116228.5440000000000,258559.9632000000300,1928338.3152000000000,1122119.5392000002000,1213959.5424000002000,24,4,5,42,0,Female
3909,131496.6400000000000,130070.8640000000500,564162.8520000001000,231718.9600000000200,306597.1040000000500,15,5,3,47,0,Male
5500,1704475.6992000001000,119331.5328000000200,2814351.4367999993000,474954.8544000000700,452628.2880000000000,24,4,5,55,3,Male
3556,735124.4208000001000,164091.8664000000300,469543.2192000000500,602979.3792000002000,369156.8232000001000,25,5,5,46,0,Male
6622,262443.3552000000500,834863.6088000000000,1733905.7424000000000,1636159.0752000000000,930685.2048000002000,20,5,4,60,2,Male
6217,188447.0399999999800,1162747.5263999999000,4506264.0575999990000,4069761.4079999990000,663533.3376000000000,1,1,1,58,0,Female
9091,446117.4432000001000,362502.0360000000000,987284.9376000000000,3057658.1568000005000,402079.7664000000000,8,3,2,71,0,Male
2261,1635738.7200000004000,1033230.4224000002000,1326348.1440000000000,1512977.6640000000000,1000054.8096000003000,24,4,5,40,0,Male
4092,2104376.2080000000000,716020.4040000002000,1364752.6200000000000,3538364.5440000007000,212371.2360000000300,20,5,4,48,2,
6606,3136967.6832000000000,199719.0000000000000,1657041.7968000000000,314140.3199999999500,825792.9264000000000,12,2,3,60,2,Female
5136,292841.8559999999700,159207.8976000000300,1107120.9600000000000,2435504.4864000003000,1084724.0064000000000,12,2,3,53,2,Male
60,1031799.4960000002000,256631.7520000000700,790787.5560000001000,1056583.2160000000000,496481.2840000001000,5,5,1,65,1,Male
5769,446149.5552000001000,270876.0959999999600,1162376.8704000000000,4478914.2528000010000,1030337.7407999999000,22,2,5,56,1,Male
279,3178213.8336000000000,1820678.3712000002000,867063.7871999999000,3615483.4560000000000,1367032.4928000001000,16,1,4,65,4,Female
2440,1795668.3360000000000,297289.5552000000000,3862531.0944000000000,595767.7440000000000,763066.9728000001000,17,2,4,40,0,Female
8857,2312083.2384000000000,466006.5072000000000,5505054.2351999990000,3122506.4832000000000,308871.2016000000300,16,1,4,70,0,Female
9332,906906.4992000002000,927045.7560000000000,1728356.5728000002000,2924396.4672000003000,357515.5896000000600,5,5,1,72,1,Male
1643,2271101.2800000003000,1063777.4400000000000,2369617.9200000000000,2820861.1200000000000,337252.3200000000000,13,3,3,37,4,Female
3288,1945908.5184000000000,1504757.2320000000000,1898248.6512000002000,557479.9296000000000,1301494.3919999998000,7,2,2,44,0,Female
8393,165587.9472000000200,772676.5176000001000,736684.6968000000000,3728220.1632000008000,421436.4336000001600,7,2,2,68,0,Male
7017,572644.7999999999000,544118.6400000000000,1344456.9215999998000,2904432.9600000004000,754021.3824000001000,9,4,2,62,2,Male
7254,1340291.6280000003000,674673.7140000000000,1451388.5100000002000,2124953.5320000000000,150084.7920000000200,6,1,2,63,2,
4775,2062089.1008000000000,834252.6527999999000,4046127.0335999993000,3851987.0976000000000,559811.3472000000000,7,2,2,51,0,Female
2538,441593.0112000000000,901544.5824000001000,214940.5632000000300,3337612.6080000005000,171945.8400000000000,19,4,4,41,1,Male
3809,303635.0592000000000,198984.0864000000600,926611.4880000001000,2679176.7552000005000,350589.8880000000400,18,3,4,47,4,Male
4177,631402.9920000001000,309630.7170000000000,1528180.8300000003000,3790656.1440000003000,625496.0580000001000,15,5,3,49,5,
7959,1257135.3600000000000,1018541.9712000000000,458705.8944000000000,670934.7840000001000,801275.6544000002000,7,2,2,66,0,Male
352,1753167.6863999998000,314178.3216000000000,4765178.2464000000000,4038032.7936000000000,1187528.4720000000000,16,1,4,65,2,Female
1056,1352783.2320000000000,916850.5920000001000,3713460.3359999997000,391469.7599999999500,1413085.3919999998000,24,4,5,34,0,Female
923,370099.7600000000000,323582.4000000000000,663718.2000000001000,1391279.0400000000000,175120.4800000000000,20,5,4,34,5,Male
7784,218668.3200000000000,1139441.3472000002000,2248651.6415999997000,1731455.2320000000000,680148.6432000000000,12,2,3,66,5,Male
9216,1274287.9500000000000,795612.9870000002000,3141299.0700000003000,2692577.1600000000000,757118.4660000001000,21,1,5,72,0,
1237,1566347.9400000002000,443156.2200000000300,1846040.7600000000000,3342076.2000000000000,134177.4900000000200,15,5,3,35,3,
8218,2794507.8720000004000,457757.0400000000000,1825791.5520000000000,3387117.5520000006000,979151.6280000000000,6,1,2,68,0,Female
6392,1965331.5840000000000,862291.0080000000000,2739601.0080000000000,3935757.3120000000000,456197.9040000000400,8,3,2,59,2,Female
2066,123606.4320000000000,639059.1840000000000,1808006.4000000000000,3424119.5520000006000,992893.8240000001000,4,4,1,39,0,Female
7659,1285597.1232000003000,778976.8272000002000,2545387.9776000000000,4362646.5792000000000,1350036.9792000002000,16,1,4,65,2,Female
4824,518836.8000000000500,269330.6400000000000,795252.9600000000000,919528.3200000000000,369072.5280000000500,10,5,2,52,0,Male
516,1824585.7968000001000,579492.8568000001000,2454830.2584000006000,2985103.5552000008000,673262.2728000002000,18,3,4,65,4,Male
3844,1641912.7296000002000,737372.3808000000000,344607.7535999999400,4212635.7504000010000,401938.5216000001000,3,3,1,47,3,Male
5550,835559.3664000000000,163654.3008000000300,995127.8975999999000,1628835.2640000000000,716135.8176000001000,25,5,5,55,1,Male
482,2036629.6704000002000,1074811.9200000002000,1297568.5632000000000,2133735.5520000000000,109979.0016000000200,25,5,5,65,5,Male
9625,2411426.1599999997000,741545.4384000000000,4291375.4207999995000,6980199.0336000000000,1287385.6320000000000,16,1,4,74,4,Female
9730,2755485.4080000003000,1235044.2000000000000,3399851.0519999997000,5134520.9760000010000,1504124.7000000000000,6,1,2,74,0,Female
5530,449611.3920000000000,788462.3040000000000,669775.1040000000000,997481.0880000001000,528014.0160000000000,20,5,4,55,2,Male
1772,1403047.1040000000000,442586.1120000000000,2457559.5840000000000,2976406.6560000004000,652042.7520000001000,17,2,4,37,1,Male
5871,204568.2432000000300,1134428.0832000002000,425577.0240000000300,1467658.5984000002000,219496.8960000000000,8,3,2,57,5,Male
78,1946204.2079999996000,1301670.8639999998000,2423185.5023999996000,191510.0928000000400,644398.7472000000000,16,1,4,65,1,Female
941,699259.9680000000000,1401085.0080000001000,1695757.2479999997000,536548.6080000000000,513847.5840000000000,4,4,1,34,4,Female
293,1168734.1536000003000,228304.4400000000000,757418.1264000001000,664501.2192000000000,233012.8944000000200,18,3,4,65,4,Male
9342,914237.3760000000000,701172.4720000001000,1385586.3840000000000,1320913.1520000002000,311603.8640000000600,8,3,2,72,0,Male
5617,3358581.5807999996000,1623940.1855999997000,556796.3327999999000,971310.8735999999000,342784.9152000000000,17,2,4,56,0,Female
7148,709197.0080000001000,481928.8240000000000,278410.8600000000400,1595636.2240000004000,439799.5680000001000,15,5,3,63,5,Male
5668,2417804.6399999997000,608600.7360000000000,3162586.8959999993000,4401075.4560000000000,963515.6640000001000,16,1,4,56,4,Female
4039,1688633.7600000000000,199649.8680000000200,1605260.4480000000000,614479.5360000001000,136733.1240000000000,25,5,5,48,1,Female
7211,1896533.1840000004000,460437.6192000001000,944194.1184000000000,3467632.3968000000000,723084.3360000000000,18,3,4,63,1,Male
8233,1414267.9200000002000,749930.2720000001000,770743.8960000002000,2896446.5920000006000,633337.3280000002000,9,4,2,68,0,Male
1538,1421660.8800000001000,705168.7200000001000,2053346.3280000000000,1437147.9360000000000,423635.9760000001000,5,5,1,36,1,Male
1985,1713721.9200000002000,565762.7999999999000,1773398.1600000000000,1125209.2800000000000,1082261.1600000000000,19,4,4,38,0,Female
7860,2331393.9480000003000,345010.5359999999600,1308582.0540000000000,4972524.8976000010000,582314.4756000000000,1,1,1,66,2,Female
5335,1010335.9680000000000,354200.6879999999700,568498.1759999999000,3751712.0640000002000,1127691.7920000000000,6,1,2,54,2,Female
50,248613.4560000000600,100911.6160000000200,185469.8040000000000,1198912.8320000002000,429784.5760000001000,8,3,2,65,4,Male
4532,1279488.1536000000000,1065269.6064000002000,2191902.6816000000000,2523512.2176000000000,1048384.6272000001000,12,2,3,50,0,Male
5245,404613.5040000000000,1129476.9600000000000,1277830.5119999996000,5190791.6160000000000,209048.4000000000000,5,5,1,54,0,Female
9292,918360.7680000002000,688954.3439999999000,1930991.4000000000000,3628671.6960000000000,1229505.1080000000000,16,1,4,72,2,
2777,533184.9600000001000,175930.9728000000200,2421012.2112000000000,2409910.6944000004000,276659.9616000000400,11,1,3,42,2,Male
9959,1199420.1024000002000,346204.5600000000000,3658084.9343999997000,4343419.8912000000000,347840.5632000000300,9,4,2,75,0,Male
6736,406946.5919999999500,748616.1696000000000,4596583.6800000000000,5631324.9408000010000,996385.8528000001000,24,4,5,61,4,Female
9401,1312930.6944000002000,932386.7904000000000,3195157.6800000000000,1749904.1664000000000,1054326.3744000000000,17,2,4,73,5,Male
718,2859365.4335999996000,1858587.6816000002000,5615740.5408000000000,7443420.9408000000000,859505.2127999999000,16,1,4,65,4,Female
1549,219220.9920000000300,305914.3680000000000,2444352.4800000000000,2402987.5200000000000,185757.5040000000200,2,2,1,36,0,Male
5094,2392747.4303999995000,1345586.8608000001000,2542943.8079999997000,6817466.6495999990000,1042889.9903999999000,7,2,2,53,1,Female
6840,2238566.4288000003000,629883.6336000001000,3630284.0495999996000,3630687.8399999994000,250560.2736000000100,21,1,5,61,0,Female
6358,1379639.6928000000000,116579.8655999999900,1742894.4959999998000,5300606.1312000010000,1088481.1968000000000,17,2,4,59,1,Female
4672,1511289.2160000000000,379435.6800000000000,192939.2640000000000,1038400.1280000000000,706591.7760000001000,10,5,2,51,1,Male
723,221146.0992000000300,530128.1232000001000,5024950.8192000000000,7026781.8816000010000,562233.1104000000000,11,1,3,65,4,Female
1865,1186182.9120000000000,868581.0240000000000,1412854.8480000000000,3655313.6640000010000,662405.4720000001000,22,2,5,38,4,Male
5053,2701330.2144000000000,532808.7552000000000,4169499.4943999993000,1225011.6864000000000,1114897.3056000000000,11,1,3,53,4,Female
6327,1822402.2528000001000,444858.0480000000000,440653.1327999999600,3363065.3952000000000,257978.9952000000000,2,2,1,59,4,Male
5619,3057400.1664000000000,1387542.1824000000000,856348.5887999999000,1396926.2591999997000,268917.5808000000000,17,2,4,56,0,Female
5144,139626.4320000000000,189307.4400000000000,1396455.6960000000000,1327269.6960000002000,423559.2000000000000,13,3,3,53,2,Male
8069,3247447.8816000000000,348931.0656000000300,4166163.3312000004000,6396620.2560000000000,1277566.0559999999000,11,1,3,67,1,Female
7304,3741235.8048000000000,1030547.0448000000000,1850971.2624000000000,4987696.8960000000000,1148118.9408000000000,14,4,3,63,0,Female
4026,325858.1040000000500,1236895.3080000000000,2546734.2120000003000,1267852.0800000000000,876710.0760000001000,9,4,2,48,4,
1310,269834.6880000000000,555132.6000000000000,1925409.5280000000000,213115.3920000000200,549200.0880000001000,15,5,3,35,1,Male
4176,931500.5040000002000,1102386.1200000000000,1275666.8760000000000,4969126.8000000010000,868722.2280000000000,4,4,1,49,5,
9868,2824545.1104000000000,1654394.4144000004000,1545018.3216000000000,2434288.8960000000000,1377190.7136000001000,11,1,3,75,1,Female
6988,2926738.1520000002000,569750.3760000000000,3046026.2040000000000,3042753.1680000000000,899492.5680000001000,25,5,5,62,1,Female
5137,2222270.2079999996000,352774.7712000000000,1148725.6704000000000,2448380.6208000000000,1134424.7424000000000,22,2,5,53,2,Male
9880,440010.2720000001000,374714.1840000000700,1268453.9400000002000,1457833.7280000004000,475969.9880000000000,4,4,1,75,1,Male
1727,861811.5840000000000,872697.2160000001000,2149723.2960000000000,2615008.8960000000000,324518.5920000000000,14,4,3,37,2,Male
5993,770138.4960000000000,519332.5799999999600,1234664.2079999999000,1375532.0640000000000,216197.3160000000000,21,1,5,57,2,
6834,710112.8320000000000,569097.8800000000000,2979539.4720000000000,2260189.5680000004000,884581.2560000000000,25,5,5,61,1,Male
6017,291814.9632000000000,238602.9312000000000,1663529.0111999998000,2812748.5440000000000,995253.0048000000000,2,2,1,57,0,Male
2627,1377876.1920000000000,388648.9728000001000,1098235.0368000001000,1070200.2432000001000,494036.8224000000600,2,2,1,41,0,Male
5018,712111.1040000000000,1282526.6400000000000,1352881.0079999997000,1946289.0240000000000,989435.2320000000000,18,3,4,53,0,Female
4966,1255802.4000000001000,212824.1952000000500,2491555.5936000003000,1283927.8464000004000,281986.6176000000600,5,5,1,52,0,Male
6317,2333069.9136000000000,573730.9055999999000,2640549.1967999990000,1552672.2816000000000,1517685.8111999999000,16,1,4,59,4,Female
8380,3576895.5456000003000,1489185.7344000002000,459820.6703999999000,2216749.7664000000000,771242.6592000000000,1,1,1,68,0,Female
7038,1493530.0224000001000,680768.6496000001000,360545.3280000000000,3860551.7184000006000,129638.3712000000200,22,2,5,62,2,Male
9866,2946073.8528000000000,715204.5264000000000,2374503.7679999997000,3011499.1296000000000,622441.4976000001000,6,1,2,75,1,Female
7877,898033.0320000001000,373400.6328000001400,444155.1192000000000,1974920.6879999998000,774519.9696000002000,24,4,5,66,2,Male
892,287165.1840000000000,426999.9360000000500,2544195.4560000002000,1289821.8240000003000,287419.2960000000300,22,2,5,34,0,Male
5492,3243517.8623999995000,496422.2591999999000,2403433.0367999994000,321448.0896000000000,1259183.9231999998000,7,2,2,55,1,Female
9049,1854176.6879999998000,825888.9599999998000,928954.3536000000000,6501088.3392000000000,430592.0112000000000,11,1,3,71,2,Female
9208,1226856.3840000000000,241277.2128000000400,270056.9664000000000,3943758.3744000010000,854985.2064000001000,16,1,4,72,1,Male
2706,227903.8608000000800,426308.6520000000600,1265237.1072000002000,1308637.4400000004000,694926.9360000001000,25,5,5,42,4,Male
2075,493171.1999999999500,206567.9040000000400,2191581.2160000000000,283117.8240000000000,298163.3280000000000,14,4,3,39,0,Male
4687,1957695.0480000002000,667118.0520000000000,2959488.2520000000000,1814891.1840000001000,652055.0760000000000,3,3,1,51,3,
2176,1020727.8720000000000,1026370.2240000002000,3488238.8640000000000,2497185.7920000000000,846108.1440000000000,12,2,3,39,2,Female
9339,604074.5100000000000,319312.1880000001000,3268540.7820000006000,1677680.7840000002000,510999.3720000001000,11,1,3,72,1,
993,364426.8000000000500,134069.2800000000000,1123427.7600000000000,193158.0800000000200,144270.2800000000000,10,5,2,34,3,Male
3102,1736284.7040000001000,205896.4512000000400,2979856.9152000000000,3328814.0160000003000,281620.8384000000000,22,2,5,44,0,Male
7065,1573606.9440000001000,1143512.6976000000000,1400895.4752000000000,4595670.1440000000000,1043922.1104000001000,22,2,5,62,0,Female
7319,419115.9440000001000,316562.4800000000400,774091.6560000001000,721589.6480000002000,477684.4280000001000,15,5,3,63,0,Male
2810,248865.4080000000200,150326.5632000000000,2345061.9456000000000,1336952.6016000004000,745431.7728000003000,14,4,3,42,0,Male
6995,686654.3424000001000,912477.3216000001000,2102461.5456000000000,4617536.1024000000000,1026580.3392000000000,9,4,2,62,1,Male
9034,1688413.2720000000000,421214.0400000000000,4445099.5679999990000,2623657.9200000000000,1500583.6560000002000,11,1,3,71,3,
9075,1981340.0100000000000,405901.6650000000400,334002.1229999999600,1612014.7680000002000,223837.7310000000300,21,1,5,71,2,
5804,1395781.6320000000000,1175200.4160000000000,3922685.2800000000000,4541041.7280000000000,464783.1840000000000,1,1,1,56,1,
7709,423796.1520000000600,505170.0680000001000,317857.6440000000300,1128565.7760000003000,336607.5440000000500,23,3,5,65,1,Male
4999,257890.1759999999800,113597.4528000000100,490979.0592000000000,3385793.4336000006000,628189.0560000000000,18,3,4,52,0,Male
5745,1815569.2800000000000,811473.6384000002000,972348.7103999999000,1862584.4736000001000,534083.5584000000000,4,4,1,56,2,Male
681,797105.0880000001000,1600634.8800000000000,912219.7968000000000,6342091.1423999990000,1385651.0304000000000,21,1,5,65,0,Female
6092,3223979.0207999996000,654754.4064000000000,1454890.6367999997000,3458809.7279999990000,507350.3039999999500,20,5,4,58,1,Female
3866,212398.5599999999700,1057654.2240000002000,146455.6895999999800,4677379.6608000000000,1417244.7168000003000,11,1,3,47,2,Female
1894,1495755.3600000000000,245121.2640000000000,211564.6559999999600,3823093.4399999995000,598927.8240000000000,23,3,5,38,1,Female
6915,1510809.9552000000000,1065647.4192000001000,4230486.1872000005000,6106508.9280000000000,621818.8704000000000,14,4,3,62,0,Female
7381,1488642.4800000002000,916431.6096000002000,2004865.9488000000000,442097.1360000000600,667996.3368000002000,3,3,1,64,4,Male
9654,2230078.0320000000000,1034790.3071999999000,3749860.4831999990000,4714977.1968000010000,1666886.6448000001000,6,1,2,74,1,Female
1703,458231.3600000001000,320939.5200000000000,2199589.4400000000000,1140153.2800000000000,484551.7600000000700,10,5,2,37,2,Male
4496,136889.8560000000000,269037.3600000000400,540621.3600000000000,1057934.5920000000000,377082.4800000000000,5,5,1,50,2,Male
4512,2664880.8192000003000,892256.2559999999000,106730.7839999999900,524042.2655999999000,390778.7327999999400,15,5,3,50,1,Female
5736,1771997.7600000000000,1295027.4239999999000,4248244.3680000000000,4496359.1039999990000,425569.8240000000000,14,4,3,56,2,Female
9789,1137782.8800000000000,959266.3392000000000,5062129.3007999990000,6794616.4416000005000,471512.8080000000000,1,1,1,75,0,Female
2024,702942.5600000000000,716904.0000000000000,378135.3600000000000,510798.0800000001000,680331.9200000000000,20,5,4,38,0,Male
653,358423.9360000000500,402480.3120000001000,2214298.9440000000000,1869678.3040000005000,890078.3840000002000,8,3,2,65,0,Male
6839,258075.4176000000200,1108968.1199999999000,2641801.2191999997000,3239913.0815999997000,1084197.8160000000000,16,1,4,61,0,Female
2782,1615288.4352000004000,441058.5696000001000,682871.5872000000000,3868331.1744000010000,845359.5744000002000,8,3,2,42,2,Male
1059,463871.5200000000000,606353.5200000000000,2983609.8000000000000,2714524.3200000000000,1036481.6400000000000,22,2,5,34,0,Female
6990,2700615.3408000004000,1047788.5392000000000,2394159.2064000000000,7408009.4400000000000,510766.0272000000700,20,5,4,62,1,Female
1933,906092.6399999999000,598070.1599999999000,3976738.8479999993000,4275408.3840000000000,580515.5520000000000,7,2,2,38,2,Female
8849,2728886.2848000000000,1497792.8159999999000,3550928.8463999997000,6285502.8288000000000,174673.8864000000200,21,1,5,70,0,Female
2868,1085764.5216000000000,363781.4400000000000,835747.0704000000000,4830875.5968000000000,1579576.8384000000000,13,3,3,43,0,Female
5114,1244907.7056000002000,440869.4784000000000,749885.8176000001000,2728237.5936000003000,687065.8464000002000,13,3,3,53,3,Male
4701,356852.7360000000000,1223515.7568000000000,2484201.8304000000000,2428650.7776000000000,1113219.0720000000000,14,4,3,51,2,Female
9733,758131.9199999999000,1747784.7504000000000,1796565.7007999998000,1845313.5167999999000,736679.3616000001000,11,1,3,74,0,Female
6031,2347550.5535999998000,570283.8912000000000,1042069.5360000000000,2907925.4016000000000,1281374.3808000000000,7,2,2,57,0,Female
1998,1732009.9200000002000,252001.9199999999800,2516116.3200000000000,2478513.0240000007000,710043.1680000000000,13,3,3,38,0,Male
6582,1774842.8256000000000,687800.0376000002000,2401287.3144000005000,2910131.0784000010000,720460.2600000000000,25,5,5,60,1,Male
4007,1508085.5328000002000,748570.2840000001000,1112383.8000000003000,1501749.2160000002000,771261.2424000002000,20,5,4,48,4,Male
3412,576233.0640000001000,153910.3720000000600,297621.0600000000000,1743521.8240000003000,390350.7080000001000,5,5,1,45,1,Male
5896,2172524.1984000000000,1231019.9424000000000,4385876.5440000000000,2914892.0064000000000,1545555.3408000000000,5,5,1,57,4,Female
550,881445.0528000001000,814031.3376000001000,658903.0968000000000,1083082.6656000002000,523901.3832000001600,3,3,1,65,1,Male
3895,1180852.9920000000000,570640.7520000001000,2491005.1320000000000,4373302.5600000005000,937923.0960000000000,8,3,2,47,1,Female
4827,1646041.1904000004000,159205.0176000000200,1639107.5328000002000,3945664.0512000000000,225871.1424000000000,4,4,1,52,0,Male
7318,1475605.2480000000000,1107995.6160000002000,1358996.3712000000000,1824585.4848000000000,217521.5328000000200,14,4,3,63,0,Male
3705,1398359.4768000003000,266274.6768000000000,269955.8928000000300,1800531.8496000005000,528852.6144000002000,5,5,1,46,1,Male
3913,2034784.2240000004000,843042.4992000002000,2190679.6032000002000,3454335.2448000010000,540432.2880000001000,7,2,2,47,1,Male
1975,1777460.3520000002000,663543.9360000001000,1312799.3280000002000,1835499.6480000000000,745046.2080000001000,24,4,5,38,1,Male
7704,1781514.6336000003000,474865.3728000001000,2671211.3688000003000,387697.5648000001000,698302.3320000000000,4,4,1,65,0,Male
2745,819547.8720000001000,677073.7248000002000,1605479.9904000000000,224310.4512000000400,989185.4016000002000,8,3,2,42,1,Male
7377,1276801.3440000000000,500620.3488000000400,1164394.1088000000000,3447123.2640000000000,803531.9136000002000,16,1,4,64,4,Male
2986,2172443.8560000000000,1073311.5360000000000,1177338.4920000000000,5095523.6640000010000,1272961.8000000000000,13,3,3,43,2,Female
1049,225108.2880000000300,483651.6480000001000,1951165.5839999998000,1175436.0000000000000,486843.8399999999700,5,5,1,34,1,Male
8126,1112659.3920000002000,1303628.1960000000000,3745769.0400000000000,1317185.3760000002000,352260.9480000000300,16,1,4,67,1,Female
6240,1110522.4319999998000,776191.3920000000000,1301487.2640000000000,1906937.4720000003000,739239.5520000001000,25,5,5,58,0,Male
6388,1223513.1648000000000,1269084.4992000000000,875247.8975999999000,2688564.0959999994000,951405.6959999999000,2,2,1,59,2,Female
3612,3054773.4624000005000,760163.9759999999000,930080.9232000000000,4241517.3504000000000,182444.9616000000000,21,1,5,46,1,Female
7991,849082.2080000002000,378769.2480000001000,340799.4720000000700,678320.6560000001000,245149.5280000000500,13,3,3,67,5,Male
1630,781633.2600000000000,450743.2200000000300,791072.1900000000000,2120683.6800000000000,368359.2000000000000,15,5,3,37,5,
8105,2334188.1888000000000,1843986.2688000000000,514805.8031999999000,4002620.5439999998000,1335895.1424000000000,11,1,3,67,2,Female
7753,1525027.9200000002000,1305882.2400000000000,4407643.6560000000000,3286392.7200000000000,1050471.5520000001000,21,1,5,65,0,
8252,3560247.8496000000000,1054684.2384000001000,5556775.9103999990000,5119297.7472000000000,607644.4608000001000,21,1,5,68,4,Female
9106,255253.0032000000400,270098.3376000001000,890766.3960000001000,2590356.7872000006000,709789.2048000002000,22,2,5,71,1,Male
274,1247149.4880000001000,507307.5280000000500,455225.4720000000000,988175.9680000002000,631293.3120000002000,23,3,5,65,1,Male
4348,135704.0520000000300,337820.5710000000500,956549.0880000001000,2138574.6360000000000,808157.6910000001000,10,5,2,49,0,
9940,508862.2240000000500,945473.7760000001000,2159274.0000000000000,1967689.9840000002000,510162.3280000000400,18,3,4,75,1,Male
8206,329618.7648000000600,1139981.9808000003000,2683916.7263999996000,4742874.7392000010000,200561.3376000000300,11,1,3,67,0,Male
4973,802046.7840000000000,391278.0480000000700,1198304.0640000000000,1150084.9920000000000,325387.2480000001000,10,5,2,52,1,Male
3635,355715.8880000001000,202298.8000000000500,2493763.2720000003000,1985588.3520000000000,276823.8880000000400,15,5,3,46,3,Male
7057,1956463.6000000000000,285132.1200000000500,458024.1120000000000,487227.1040000001000,872109.2640000001000,23,3,5,62,1,Male
2168,498124.8000000000000,376234.4159999999700,2402804.3039999995000,2542644.8640000000000,102748.8960000000000,12,2,3,39,2,Female
8321,513424.9536000000000,940206.1344000002000,2733185.1456000000000,2819632.8576000000000,535252.2240000000000,3,3,1,68,3,Male
1324,1911804.4800000000000,853356.7200000001000,1648343.1600000000000,286899.8400000000000,641133.6000000000000,19,4,4,35,0,Female
4415,313798.9248000001000,573185.2032000001000,2030262.7967999997000,1532049.6384000003000,700189.7472000000000,5,5,1,50,4,Male
5514,960690.6240000001000,830705.2800000000000,1564818.3360000000000,2387051.1360000000000,856958.7840000000000,15,5,3,55,2,Male
9904,194311.7280000000300,171036.9180000000000,1974672.6479999998000,1652339.0520000004000,1100989.3050000000000,6,1,2,75,3,
4159,1128910.4640000002000,654427.3824000002000,903028.5000000000000,2994029.2800000007000,725489.1072000002000,25,5,5,49,0,Male
8864,1303549.9776000000000,318040.9440000001000,1289970.8640000003000,2762099.5584000010000,1209306.8832000000000,11,1,3,70,0,Male
1372,1339157.0399999998000,884727.6000000000000,3243542.0399999996000,595348.3200000001000,522621.0000000000000,3,3,1,36,0,Female
6431,693902.8800000000000,846612.7200000000000,494995.1039999999300,4052257.3440000000000,629934.6240000000000,13,3,3,59,0,Female
4890,820559.4624000000000,882299.5199999999000,4247234.0928000000000,5300469.2736000000000,1397367.9359999998000,24,4,5,52,1,Female
7429,209123.3664000000300,1861884.8351999999000,589135.8096000000000,3027377.4335999996000,668675.4048000000000,11,1,3,64,2,Female
2359,969619.1472000002000,298637.5392000000600,1221257.8224000002000,370225.4688000001000,461039.9112000001000,25,5,5,40,3,Male
6814,2489439.5760000004000,1307793.3960000000000,2571456.4200000000000,3372013.6320000000000,1017621.0720000002000,5,5,1,61,2,Female
5595,901921.3056000000000,235667.4048000000200,4387532.8319999995000,2346214.1184000000000,655984.0512000000000,19,4,4,55,0,Female
7865,2094290.2656000003000,487675.2816000000000,3978473.2415999990000,2935432.2816000000000,1355081.8320000002000,11,1,3,66,2,Female
679,878880.0384000000000,718874.2080000000000,3834264.4704000000000,5472916.3008000000000,980452.8864000000000,11,1,3,65,0,Female
1926,622905.9839999999000,308954.1600000000000,1421775.5040000000000,4707949.2480000000000,1364085.3600000000000,19,4,4,38,2,Female
3640,1270640.1840000001000,161675.0520000000300,3685860.6840000000000,4035373.0560000003000,979033.9680000001000,15,5,3,46,3,
7352,2113775.2896000003000,708482.2368000000000,3626411.0688000005000,207671.6928000000500,878262.9024000001000,17,2,4,64,5,Male
7266,2136198.7295999997000,135902.3328000000000,4986367.2143999990000,6676337.4912000000000,887100.3648000000000,5,5,1,63,0,Female
1756,1566322.8000000000000,1027011.1200000001000,1751963.4000000000000,1865376.0000000000000,393539.5200000000000,13,3,3,37,0,Female
9224,1947699.0000000000000,1197106.0920000002000,1156410.2160000000000,5897269.2480000010000,1253955.4560000000000,1,1,1,72,1,Female
9200,892917.4176000002000,366957.4896000000300,2401142.1407999997000,3626736.0480000010000,164544.7752000000600,9,4,2,72,4,Male
1563,691693.1200000001000,413534.8800000000600,2326258.8000000003000,2862942.7200000007000,659344.6400000001000,15,5,3,36,0,Male
6232,542360.1600000000000,239370.3840000000500,640218.2400000000000,1120225.9200000000000,428227.8720000000000,15,5,3,58,1,Male
4043,346880.7936000000300,1142272.7712000000000,4336425.2447999995000,1447412.9472000000000,392641.1279999999700,17,2,4,48,1,Female
9591,2642517.6960000000000,1424629.5960000001000,1388704.3560000001000,4953617.1360000000000,888748.2240000000000,6,1,2,74,0,Female
66,446377.9320000000300,1150912.1520000002000,2057999.6970000002000,2721852.4320000005000,1072382.1030000001000,18,3,4,65,0,
1136,764727.3600000000000,173024.6400000000000,3523452.1200000000000,1729201.4400000002000,226948.4400000000000,10,5,2,35,0,Female
981,896315.1840000000000,106204.3200000000000,2000108.1600000000000,1110728.1600000001000,280724.5440000000500,20,5,4,34,1,Male
1174,766964.5440000001000,877485.9840000000000,1333491.8399999999000,2898228.4800000000000,589696.3200000001000,4,4,1,35,4,Male
9614,578629.8960000001000,157192.1520000000300,504463.2839999999000,4303687.4400000000000,1021448.2200000000000,21,1,5,74,5,
1357,1251346.8600000000000,793347.4800000001000,1489254.3900000000000,2427696.3600000003000,608891.1300000001000,10,5,2,35,0,
6121,283052.3904000000000,198728.2944000000000,2663095.4496000000000,1777824.0000000000000,529131.2256000000000,3,3,1,58,1,Male
6410,893869.5168000000000,881806.8096000000000,1993610.5343999998000,450056.9088000000300,478369.7280000000000,13,3,3,59,2,Male
126,1134000.6912000002000,287775.6336000000600,1180822.1256000001000,3613317.5520000006000,903124.3104000001000,13,3,3,65,2,Male
1280,2630935.2960000000000,399781.8720000000000,2634602.9760000000000,1684630.0799999998000,1090664.7840000000000,7,2,2,35,1,Female
913,950540.2560000000000,664269.0480000001000,590321.9520000000000,620813.3760000002000,580948.5600000000000,5,5,1,34,5,Male
100,1590954.3520000002000,405362.2560000000500,547034.2800000000000,3266898.3360000006000,861039.9200000002000,18,3,4,65,3,Male
2367,2456699.2560000000000,1018690.3320000002000,2301456.1680000000000,2587770.2400000000000,390131.4120000000700,11,1,3,40,3,
5331,136546.5600000000000,882909.8496000000000,4899828.6719999990000,2417331.6864000000000,1016583.0911999999000,14,4,3,54,2,Female
129,694911.4640000002000,464578.3480000000600,978979.4040000001000,1298199.1360000002000,438081.4880000000000,24,4,5,65,2,Male
8680,1786724.1600000000000,201147.1488000000500,2067913.0368000000000,1637224.2432000004000,689919.7344000001000,7,2,2,69,0,Male
6947,3081465.1296000006000,849360.0959999999000,1859663.1456000000000,1100595.9744000002000,826049.2032000000000,16,1,4,62,4,Female
1814,1343004.1920000000000,876058.0920000001000,1535732.1360000000000,2243918.5920000000000,119185.1280000000100,17,2,4,38,0,Female
3200,383143.1120000001000,278222.6040000000500,518503.9200000000400,1180600.9600000002000,399965.8960000000700,10,5,2,44,3,Male
174,1141078.4320000000000,616264.3760000000000,1244796.6960000000000,977977.3120000002000,987179.9600000000000,23,3,5,65,0,Male
2347,672028.7904000002000,279878.6232000001000,105483.4704000000200,3127388.1408000006000,565074.5760000000000,5,5,1,40,1,Male
3765,1372990.2912000000000,648125.7552000001000,323413.9920000000000,1998058.2336000002000,1246291.2000000002000,14,4,3,47,0,Female
1209,1095039.6480000000000,1186426.6560000000000,165117.3120000000000,5662931.3280000010000,935994.0959999999000,12,2,3,35,1,Female
675,1543451.2704000003000,366785.0784000000000,2435890.0176000000000,7446557.6640000010000,943692.2352000001000,16,1,4,65,0,Female
2869,560566.1952000001000,1266749.0352000000000,539609.5584000000000,2195234.5536000000000,1504020.0384000002000,15,5,3,43,0,Female
170,1873561.6640000000000,1030191.4480000001000,2940366.9360000000000,4085595.9040000000000,817315.9280000002000,18,3,4,65,0,Male
1111,1771739.9040000000000,436103.4240000000000,1555065.5040000000000,1971912.5760000001000,714464.6400000000000,18,3,4,34,0,Male
1068,463579.6000000000300,336059.8800000000600,895919.8799999999000,610189.2800000001000,225653.9200000000400,5,5,1,34,0,Male
4503,1916551.4880000000000,184536.2880000000300,1512616.3200000000000,836517.1200000000000,873681.2160000000000,15,5,3,50,2,Male
3602,483617.3760000000500,123317.4096000000100,1515563.6760000004000,687601.4112000002000,743391.3960000001000,10,5,2,46,1,Male
2339,1287472.2960000000000,1068764.4000000001000,3592015.0200000000000,3603457.4400000000000,446293.9800000000400,8,3,2,40,1,Female
5284,133094.4000000000000,262239.1680000000000,542812.1760000000000,180311.4240000000300,275617.5360000000000,20,5,4,54,4,Male
528,1526243.0976000002000,807633.8712000002000,2800370.9448000000000,1279506.0096000002000,541824.9408000002000,24,4,5,65,1,Male
8071,3642484.4351999997000,102684.0671999999900,2027132.8271999997000,4918234.4640000000000,1365801.4656000000000,6,1,2,67,1,Female
9670,112894.5792000000200,1201472.0640000002000,2407830.0480000004000,1963581.7344000002000,137296.4736000000300,12,2,3,74,1,Male
2258,1466440.2000000000000,306853.0200000001000,2454829.4699999997000,2227057.2000000000000,669661.9200000000000,25,5,5,39,0,
9008,858872.2896000003000,500940.3672000001500,911379.6432000000000,1983862.1088000003000,534973.7016000000000,3,3,1,71,1,Male
3472,2292992.5920000000000,257376.6360000000300,2993586.9480000000000,1382839.3920000002000,1240131.9480000000000,8,3,2,45,1,Female
8087,784811.1024000001000,853066.0944000001000,656271.1584000001000,2515682.3328000004000,856398.9096000001000,8,3,2,67,3,Male
7864,2485246.2336000000000,1699772.8176000000000,1619712.8064000000000,2755313.6832000000000,1802477.6639999999000,16,1,4,66,2,Female
2219,247821.2640000000200,526051.5120000001000,1795115.7360000000000,790695.3600000000000,430213.3200000000700,20,5,4,39,0,Male
1576,713061.3120000002000,564083.1360000000000,702423.3600000000000,1170841.3440000000000,431397.6000000000000,14,4,3,36,0,Male
5073,276273.6960000000500,101513.2800000000000,207693.0720000000000,1492954.7520000003000,473656.1760000000000,18,3,4,53,4,Male
7114,913179.9040000001000,306166.0160000000000,2495106.1200000000000,3889670.7200000007000,488126.7040000001400,20,5,4,62,0,Male
2873,1061030.7840000002000,219856.0320000000000,3609155.4839999997000,2862300.1440000010000,1225993.5600000000000,24,4,5,43,0,Female
7310,827318.9184000000000,461124.5184000001000,3473111.8656000000000,3527209.4208000004000,1047660.5568000001000,18,3,4,63,0,Male
2346,391310.9200000000400,357178.4480000001000,360816.3240000000000,532370.0800000001000,360258.1840000001000,5,5,1,40,1,Male
4830,2072000.1024000000000,810832.8960000001000,1936345.3055999998000,1028111.6159999999000,216144.0000000000000,8,3,2,52,5,Male
9054,2563990.7904000008000,1710591.6672000000000,4834051.1855999995000,3307233.9456000000000,165108.9024000000000,6,1,2,71,2,Female
5477,1758554.7840000000000,1342858.0320000001000,488128.4639999999000,5049919.8720000000000,1424947.9680000000000,9,4,2,55,0,
18,854837.1520000002000,239851.0400000000000,1242849.0360000000000,824304.6240000002000,369598.1120000001000,8,3,2,65,0,Male
4640,1716050.8800000001000,726967.4400000001000,137244.0672000000000,284571.1872000001000,640669.6512000001000,10,5,2,51,4,Male
5857,1800294.2208000005000,244407.7439999999800,3275597.1456000000000,2439211.6223999998000,744743.6928000001000,4,4,1,57,0,Male
6163,800709.6240000000000,204922.4400000000000,1379381.7240000002000,3343879.5840000003000,191991.7080000000000,1,1,1,58,3,
449,1160915.6000000000000,411521.6560000001000,459626.5440000000000,768914.0160000001000,638492.0880000001000,24,4,5,65,0,Male
8530,2970509.8800000000000,631996.7160000000000,1721002.1400000000000,2185411.4880000004000,117591.5520000000100,21,1,5,69,4,
6465,2178703.1808000000000,937752.1920000000000,762772.3776000000000,4516645.4784000000000,291771.8784000000000,7,2,2,59,0,Male
6029,1332713.0880000000000,559638.8928000000000,2898974.1887999990000,5443641.6767999990000,1690332.0191999997000,22,2,5,57,0,Female
4942,1654148.7360000003000,696162.3840000001000,2001410.2079999996000,2841800.5440000000000,520868.3399999999700,10,5,2,52,2,
4852,583343.0784000000000,1661086.6559999997000,4172231.4623999987000,4217242.0607999990000,1599132.4992000000000,4,4,1,52,4,Female
6093,933336.2880000001000,1006038.0000000000000,170040.3839999999600,5036404.0320000010000,734312.0160000001000,10,5,2,58,1,Female
2224,239612.1120000000500,452223.6480000000400,1163659.6080000002000,196048.8000000000200,236445.1200000000000,20,5,4,39,1,Male
9117,2466552.8160000000000,1821286.7712000003000,672829.9343999999000,3574708.3008000003000,1246058.4239999999000,11,1,3,71,0,Female
4529,1794144.8448000000000,727213.8240000000000,2802003.4943999997000,4097829.4272000007000,485779.2768000000000,13,3,3,50,0,Male
8806,689144.8512000000000,352727.3568000001000,2841411.0815999997000,932513.0880000001000,139293.0240000000000,1,1,1,70,3,Male
6991,606159.8400000000000,494837.3040000000000,4489229.1600000000000,388365.1200000000500,143835.2760000000000,3,3,1,62,1,Female
6640,3472597.8144000000000,1180983.2112000000000,812763.8064000000000,5004190.7136000000000,823969.9728000000000,17,2,4,60,0,Female
5362,2034174.8160000000000,500567.1840000000000,1510514.3520000000000,895906.3680000000000,1280399.4720000000000,1,1,1,54,0,Female
2151,1263637.7280000001000,421623.9360000000500,147000.3120000000300,2452993.3440000000000,572278.6800000000000,10,5,2,39,3,Male
8325,1043187.4440000001000,306893.3400000000000,2870949.7440000000000,1654436.1600000001000,512847.0360000000000,11,1,3,68,3,
7337,1159807.8960000002000,1419308.1240000000000,2723892.4440000000000,832105.8720000002000,943030.6080000000000,9,4,2,64,0,Female
6702,1803025.5360000003000,1315114.3200000000000,4469312.9520000000000,5153934.2400000000000,1383703.7760000003000,24,4,5,61,0,Female
2250,203786.9600000000200,336843.2400000000500,823218.2400000000000,1084824.3200000000000,135373.9600000000200,5,5,1,39,0,Male
9949,830256.3360000000000,150625.2384000000000,1731099.4272000000000,6594929.4528000010000,1300608.6912000000000,6,1,2,75,0,Female
1248,1297506.4800000002000,879692.6400000000000,494152.9199999999000,4054366.0800000000000,220717.0800000000200,12,2,3,35,2,Female
4581,1878868.2240000000000,941163.1488000001000,851619.5712000000000,4259448.1152000000000,383660.3520000000000,7,2,2,51,0,Male
5021,1249613.2224000000000,121953.2543999999800,1137700.8575999998000,3404175.8976000003000,1132943.8464000000000,21,1,5,53,0,Female
1425,1474786.8000000000000,850621.7700000000000,2455488.2700000000000,1898388.3599999999000,703152.9000000000000,13,3,3,36,4,
8345,1445240.9087999999000,382807.1519999999400,520585.2287999998700,1308235.9680000000000,1686641.4863999998000,1,1,1,68,2,Female
7059,522470.9568000001000,891801.2064000001000,1961390.9952000000000,2383221.7344000000000,327478.1952000000000,12,2,3,62,1,Male
413,180019.3200000000000,417534.9880000000700,874108.5600000000000,697760.1280000001000,100769.0840000000200,19,4,4,65,1,Male
7328,1456401.6480000003000,976745.9520000002000,247193.8560000000300,2575156.4800000004000,340218.2160000000000,20,5,4,64,0,Male
5156,765908.0639999999000,354313.4400000000000,4266175.8240000000000,3094214.9760000000000,886754.3039999999000,20,5,4,53,1,Female
383,1731622.6980000003000,898159.6260000002000,1244838.3480000000000,1642950.5040000002000,1111382.4150000000000,16,1,4,65,2,
8820,510288.4800000000000,217131.7200000000000,2871228.2040000000000,752064.1440000000000,1531494.2760000003000,1,1,1,70,2,Female
9929,546835.0160000001000,160924.6080000000000,1506046.7760000000000,1099520.2400000000000,382093.1400000000000,7,2,2,75,2,Male
593,1716822.0576000002000,701531.8128000002000,413454.6936000000600,3057375.8592000008000,379283.4864000000500,23,3,5,65,2,Male
4653,971221.7088000001000,450983.1168000000000,3121428.0960000000000,4289932.3391999990000,941893.2864000002000,22,2,5,51,3,Male
3432,570560.6016000000000,933223.5791999999000,2157012.1583999996000,3438243.0720000000000,678154.4352000001000,24,4,5,45,2,Female
1969,1585505.8800000001000,553324.8600000000000,1805448.6900000000000,942176.8800000001000,353527.4700000000300,13,3,3,38,2,
4832,198897.2160000000100,360953.9520000000500,940731.4079999998000,1375099.9680000000000,324558.6720000000000,20,5,4,52,5,Male
8168,1448233.9560000000000,380785.1580000000500,2733106.4280000000000,2518610.3280000000000,633823.7490000001000,11,1,3,67,1,
8495,2612485.3248000000000,1376164.6704000002000,1162565.9135999999000,4169819.3472000000000,1676510.5967999997000,6,1,2,69,4,Female
4012,1599368.6016000004000,269048.2080000000400,903794.9184000002000,3989742.0288000004000,609980.3424000001000,9,4,2,48,4,Male
8876,1666022.5920000002000,1078890.8832000000000,101795.9904000000100,1172298.8160000000000,964899.0624000002000,7,2,2,70,1,Male
2376,2543504.0400000000000,1237979.2920000001000,3572093.0520000006000,3562506.8160000006000,1290495.0960000001000,3,3,1,40,2,Female
3324,1657248.9120000000000,825861.1680000000000,203123.2896000000000,6095392.3007999990000,1578434.2992000002000,11,1,3,45,0,Female
4381,909147.8880000000000,1017937.2599999999000,324532.6560000000000,1666643.0399999998000,796818.6000000000000,10,5,2,50,5,
2562,2400426.6000000000000,644263.3560000001000,2824752.3479999998000,2548373.5200000000000,294325.5480000000000,14,4,3,41,2,Female
7963,266696.8512000000300,893880.4992000001000,2538468.6912000000000,1815047.2704000003000,1180248.4512000000000,12,2,3,67,0,Male
3940,1478628.9936000004000,100096.5240000000200,210022.2432000000300,193727.6352000000500,469443.5064000001300,15,5,3,47,0,Male
7093,440498.4480000000000,1578799.8720000000000,3439936.4688000000000,6329705.2416000000000,996745.6511999998000,9,4,2,62,0,Female
9580,318750.6816000001000,752711.8248000001000,1606851.3240000003000,3071091.2544000004000,413719.3008000001400,2,2,1,73,0,Male
5199,547977.2159999999000,457364.4480000001000,938349.5040000000000,2608475.1360000000000,693036.0000000000000,10,5,2,53,0,Male
6028,1430546.4000000000000,635020.5599999999000,4221678.5279999990000,2258066.8800000000000,512676.4320000000300,19,4,4,57,0,Female
7417,105903.5328000000200,513444.4224000000400,759943.6416000000000,1425955.8144000000000,661175.0496000001000,23,3,5,64,3,Male
729,1866762.6120000002000,1242882.2952000003000,3818414.2931999997000,2554116.9264000000000,1194054.1236000003000,16,1,4,65,4,Female
1841,1669663.4400000002000,580001.8800000000000,704504.8800000000000,4044509.7600000002000,785437.3200000001000,14,4,3,38,5,
9131,835089.0080000001000,196583.9200000000000,1998563.7360000000000,2470831.1680000005000,468290.3680000001000,19,4,4,71,0,Male
9412,580986.0576000000000,1393258.4640000000000,3031536.4560000000000,2363560.2432000004000,990926.1647999999000,6,1,2,73,4,Female
2663,1858322.5056000003000,652537.1952000001000,788608.6560000000000,5210512.8768000000000,370170.5040000000000,19,4,4,42,0,Female
3923,1495755.7120000003000,281987.8160000000500,2147365.7040000000000,1648566.3040000002000,171609.7680000000400,5,5,1,47,0,Male
7858,1024790.4576000001000,953100.3456000000000,1814216.2272000000000,3980471.0399999996000,865407.6288000000000,1,1,1,66,2,Female
4347,710863.3620000002000,360130.5180000000400,494842.3920000000000,2127081.1320000007000,824931.9540000001000,6,1,2,49,0,
5893,756706.0608000001000,551403.0719999999000,4735502.6112000000000,1424942.6687999999000,1271975.0975999997000,7,2,2,57,4,Female
3285,762576.2496000001000,413505.8400000001000,2421542.5344000002000,284689.1520000000000,236419.7088000000200,19,4,4,44,0,Male
8246,484424.1791999999600,1201010.4287999999000,2557790.9136000000000,2878184.2752000000000,1373740.4304000000000,6,1,2,68,1,Female
5644,113555.3280000000100,214247.4240000000300,839785.8240000000000,1594834.7520000003000,175198.6560000000200,18,3,4,56,5,Male
114,246743.3280000000400,801973.5360000000000,2166257.4336000000000,4887767.0400000000000,844846.4544000002000,21,1,5,65,2,Male
9405,1675437.8160000000000,176657.9880000000000,1224270.2160000000000,4466536.4640000010000,1347068.8920000002000,1,1,1,73,5,
5430,653887.4688000001000,799011.5616000001000,605858.7456000001000,1607889.1391999999000,606790.4832000000000,13,3,3,55,5,Male
5402,706045.6320000001000,328012.8480000000600,648571.8240000000000,1714877.1840000001000,465164.0640000000000,25,5,5,54,0,Male
4927,1684148.8896000003000,745583.0976000000000,1021020.6815999999000,276883.3152000000000,844401.8016000000000,10,5,2,52,2,Male
9727,540733.9392000000000,269934.5376000000400,4894980.2928000000000,2547386.1504000000000,654869.5919999998000,1,1,1,74,0,Female
3124,322148.3760000000500,299561.5920000000000,1855854.7920000000000,1200590.6880000000000,1130403.3840000000000,24,4,5,44,5,
7012,2057689.1712000002000,421614.8352000000300,2850796.5408000005000,4464642.1248000000000,737869.7664000001000,18,3,4,62,3,Male
9041,1230363.7632000002000,953317.1232000000000,1567309.1616000000000,3916104.6912000007000,772683.6000000000000,11,1,3,71,2,Male
7084,2065238.6040000005000,524253.1320000001000,2832476.9850000000000,3672750.2760000005000,1000504.3230000000000,1,1,1,62,1,
4457,900795.1680000001000,265997.3471999999600,2243697.6672000000000,2939802.8544000005000,222323.3568000000000,25,5,5,50,3,Male
4193,1470431.2128000003000,173239.4400000000300,2158760.7360000000000,884375.5008000002000,525894.6528000000000,18,3,4,49,4,Male
3597,1773227.5968000004000,330416.6976000001000,2578447.2384000000000,1361986.5600000000000,118528.8192000000100,22,2,5,46,4,Male
9160,1867210.5920000002000,708163.2480000001000,359078.3040000000000,3820184.1600000000000,1006553.2880000002000,8,3,2,72,0,Male
214,2760277.8528000000000,951698.7792000000000,1633866.2495999997000,5673471.8976000010000,1247584.4784000001000,21,1,5,65,0,Female
4913,1405571.5584000000000,957999.7440000000000,1776497.3568000000000,2314788.2495999997000,1019870.6688000000000,12,2,3,52,2,Male
1816,312960.8880000000400,850073.8320000000000,1337915.2319999998000,3899849.3280000000000,144330.4440000000200,10,5,2,38,0,Female
8822,3246693.0911999997000,1505482.4304000000000,1891920.8879999998000,6471225.4464000010000,1280652.2352000002000,11,1,3,70,2,Female
7391,2070619.4496000004000,171567.5520000000300,1041247.2096000000000,3998237.5680000004000,695874.3167999999000,9,4,2,64,3,Male
1220,233425.7280000000300,618578.7840000001000,1972059.5520000000000,1947688.7040000001000,854451.9360000001000,19,4,4,35,1,Male
8192,479611.2880000000000,368417.5560000001000,319107.3600000000400,444277.1840000001000,327174.8480000000600,6,1,2,67,0,Male
3604,780777.8880000002000,881828.2440000001000,3453083.5680000000000,1153458.2400000000000,205088.4000000000000,12,2,3,46,4,
6038,809974.8864000002000,196069.8240000000200,2190567.6288000000000,4387957.4015999995000,848908.4544000000000,3,3,1,57,0,Male
4735,2528633.5487999995000,1464119.0208000000000,5050493.3375999980000,634057.8048000000000,1259954.2656000000000,11,1,3,51,0,Female
754,2469755.8080000000000,435231.7320000000000,3746861.3520000000000,438473.5680000000000,1395725.9160000002000,16,1,4,65,1,Female
276,1643790.7200000000000,1086457.3824000002000,1152274.4063999997000,3341069.2224000003000,191686.6848000000200,23,3,5,65,1,Male
5687,1232858.7072000000000,280252.0512000000000,290414.4192000000000,3297923.5968000004000,237041.9424000000600,25,5,5,56,4,Male
31,1867233.8880000003000,815742.7200000001000,460051.8390000000400,3319653.6360000004000,807915.3030000001000,16,1,4,65,5,
7714,1574444.1960000002000,758644.7310000001000,3402978.6960000000000,1134560.2320000003000,989210.5470000001000,21,1,5,65,1,
1580,1414233.2160000002000,145741.5360000000200,2032310.3039999998000,1200717.3120000000000,875884.9920000002000,22,2,5,36,0,Male
9426,1643313.2352000005000,487079.4240000000000,116385.9840000000100,2360610.4704000000000,111459.8784000000200,6,1,2,73,4,Male
7686,1739916.1728000003000,547964.6016000000000,428444.6400000000000,1738327.2192000004000,1083450.4512000000000,19,4,4,65,2,Male
2733,1849929.2064000003000,340465.2768000000000,3995261.5824000000000,6185586.5280000000000,922610.9376000000000,9,4,2,42,1,Female
9640,464610.5360000001000,498015.1800000000000,1316536.5720000002000,550698.0960000001000,103094.9400000000000,23,3,5,74,4,Male
9262,3506712.7680000000000,1598639.8896000000000,2003821.3727999998000,7089813.6192000010000,1756687.0463999999000,16,1,4,72,2,Female
7305,1866957.2064000000000,205390.9728000000200,4115501.3951999997000,2328598.7712000003000,602733.4560000000000,10,5,2,63,0,Female
3156,310827.8448000001400,188822.7792000000500,660091.7664000001000,183309.0336000000200,733769.3088000002000,20,5,4,44,4,Male
6800,1412191.8720000000000,857460.2400000001000,779313.2256000001000,4739659.8912000000000,952567.9488000001000,9,4,2,61,1,Male
6300,125022.7200000000000,191607.8880000000400,1004174.6400000001000,861012.6720000001000,386757.8880000000400,5,5,1,59,5,Male
3181,1558869.7344000004000,318368.3712000000000,2904085.9584000004000,1594399.9104000002000,177390.2592000000000,9,4,2,44,1,Male
5777,1103067.3599999999000,623921.0399999999000,1237807.8719999997000,4396152.3840000000000,659953.7279999999000,16,1,4,56,0,Female
3510,1669784.6880000003000,589708.2840000001000,2379855.0600000000000,5024368.2720000010000,1202904.7800000000000,22,2,5,45,1,
1153,1308686.5800000003000,537069.5100000000000,1824426.4500000000000,3137434.5600000005000,255053.4300000000200,13,3,3,35,5,
5694,1915284.3840000000000,810482.9759999999000,3240649.2959999996000,2043040.8960000000000,208153.8720000000300,14,4,3,56,0,
624,305570.2000000000000,275577.8480000000600,1211864.0040000000000,1850139.8240000003000,340009.2280000000600,18,3,4,65,0,Male
1075,1269971.2800000003000,684722.6640000001000,370271.3040000000000,572990.1120000002000,572082.6240000001000,20,5,4,34,0,Male
6449,1863760.1040000000000,595223.8560000001000,1337430.2040000001000,1259079.5520000001000,232076.6640000000200,15,5,3,59,1,
4788,288098.2080000000000,454013.5968000000600,507398.2560000000000,2593363.0464000003000,520863.6959999999400,20,5,4,51,0,Male
6829,2140912.4880000004000,585085.9560000000000,4130242.2719999994000,1001060.1120000001000,1071924.0480000000000,16,1,4,61,2,
3143,2587667.7024000003000,956105.8848000002000,3312573.1056000000000,2356334.3232000000000,1051452.7056000000000,9,4,2,44,4,Female
8871,566137.9776000000000,396954.9792000000600,1453537.9871999999000,2237851.1999999997000,1159359.9264000000000,13,3,3,70,1,Male
2673,1719890.0928000002000,691721.1840000000000,2321270.5823999997000,2856876.6336000003000,430644.5088000001000,24,4,5,42,0,Male
7098,1332537.1488000000000,485326.2960000000000,3572287.0560000000000,6513812.6976000010000,679703.7312000000000,2,2,1,62,0,Female
5695,2391379.7760000000000,340052.9760000000000,137876.6880000000000,3489747.8399999994000,1220121.6480000000000,18,3,4,56,4,
1070,874747.5840000000000,648159.6480000000000,323646.9120000000000,3403461.5040000000000,805341.0240000000000,19,4,4,34,0,Male
6033,1956497.9328000000000,1269978.0479999997000,1170305.6255999997000,2157318.1440000000000,285297.8112000000000,21,1,5,57,0,Female
2357,675348.2560000002000,120435.3040000000300,589250.3760000000000,659529.0240000002000,281962.0760000000600,9,4,2,40,3,Male
4769,1585545.3216000000000,536877.7200000000000,747540.7055999999000,3757730.7455999996000,321305.4864000000500,24,4,5,51,0,Female
6966,389953.3248000000600,753924.4128000000000,1139149.0655999999000,3312606.3360000000000,591197.5680000001000,22,2,5,62,4,Male
4586,953460.9792000000000,720052.9343999999000,3669340.9535999987000,2478565.0944000000000,300114.3744000000000,21,1,5,51,0,Female
761,284522.2848000000000,766840.8384000000000,301019.8464000000400,2574755.9136000006000,287271.4104000000500,23,3,5,65,1,Male
8556,738390.6816000001000,444549.5808000000500,2510693.4527999996000,1759057.9968000000000,397330.6272000001000,14,4,3,69,1,Male
1880,1710800.4600000002000,220223.2500000000000,2128388.6700000000000,2863008.3600000003000,120017.3400000000100,3,3,1,38,0,
5480,722004.1920000000000,125492.3280000000100,1402424.6040000000000,2760081.2640000004000,991026.3600000000000,5,5,1,55,4,
6016,1224074.7648000002000,739512.8064000002000,361096.9632000000000,2111947.0848000003000,563148.7200000001000,18,3,4,57,0,Male
3312,900996.3072000002000,131284.3488000000400,1936938.6432000003000,775950.9120000001000,849968.0640000001000,2,2,1,44,0,Male
2233,412230.9600000000000,120992.9760000000100,401918.1120000000000,1609194.5280000000000,610433.6400000001000,25,5,5,39,0,Male
608,1824611.4432000003000,840942.2112000001000,1812916.6848000002000,260813.0304000000500,840437.0208000002000,13,3,3,65,1,Male
3262,393721.5744000001000,276610.8576000000500,2097956.9952000002000,3366103.4880000004000,536082.7296000001000,4,4,1,44,0,Male
27,779956.8192000000000,100424.8128000000100,3565583.7984000000000,626480.5248000001000,239256.2016000000300,22,2,5,65,5,Male
1020,1322723.5199999998000,566076.9600000000000,573035.9039999999000,4114647.3599999994000,710783.4240000000000,4,4,1,34,2,Female
8343,1757673.2160000002000,748378.1760000001000,2302131.7800000003000,3694880.5920000000000,788035.7160000000000,16,1,4,68,2,Female
2558,1517261.9616000000000,382361.6016000000500,3024850.4351999997000,3121569.7920000000000,1224841.7808000000000,16,1,4,41,2,Female
5189,1245245.1840000001000,128287.9296000000000,102760.3583999999800,2057508.1728000003000,125875.2960000000000,25,5,5,53,1,Male
1001,745302.8160000001000,541417.8960000001000,1293443.6400000001000,2514077.2800000003000,518236.1280000000000,5,5,1,34,3,Male
5688,699173.2800000000000,194222.0160000000000,822648.6719999999000,1202485.8240000000000,108091.8720000000000,5,5,1,56,1,Male
7629,1982191.4112000002000,972151.9392000000000,1458878.0544000000000,2708350.6944000004000,172068.8736000000200,17,2,4,65,1,Male
987,1821504.3840000003000,378666.8160000000500,1138714.2720000000000,2595590.4000000000000,404652.6720000001000,8,3,2,34,1,Male
6806,2277618.9696000000000,222675.1488000000500,2666665.8720000000000,3314225.2416000008000,288032.1600000000300,22,2,5,61,3,Male
951,394792.2400000000500,119301.7200000000000,455340.3600000000000,862732.8000000000000,205918.5200000000200,25,5,5,34,4,Male
4511,1490611.0080000001000,655070.5920000002000,2401826.4000000000000,1248725.7600000000000,108013.7280000000000,18,3,4,50,1,Male
4490,493895.5200000000000,336305.5200000000000,1076124.3839999998000,276110.4000000000000,111589.1040000000000,25,5,5,50,2,Male
7608,1531063.4976000000000,911356.0560000000000,3906189.7055999990000,4270675.9680000000000,151119.4464000000000,6,1,2,65,1,Female
7071,690441.9600000001000,353016.7680000000400,504436.9200000000400,2020644.2880000004000,465348.0520000001000,25,5,5,62,0,Male
5076,1556464.3776000000000,799034.7167999999000,1013510.3615999998000,2094927.3216000000000,604289.5488000001000,25,5,5,53,4,Male
6923,113999.8080000000200,188383.8320000000500,1425075.9120000002000,3528428.8000000003000,416243.5680000000000,10,5,2,62,0,Male
8260,1396028.2752000005000,942943.6224000001000,3390096.1536000000000,4706685.7344000000000,265668.3744000000300,18,3,4,68,4,Male
1846,1584813.8880000003000,389278.8480000000600,827176.0320000000000,174551.8080000000200,613550.3040000000000,24,4,5,38,1,Male
6007,254709.2736000000000,366095.4624000000000,1226848.0320000000000,1940048.4095999994000,1040737.9392000000000,16,1,4,57,0,Female
158,460202.3712000000000,223337.4624000000200,3112367.5440000000000,2206480.7232000004000,274365.3744000000000,21,1,5,65,0,Female
5113,1282299.2640000000000,139129.3439999999800,1989844.8768000000000,625025.4336000000000,1018257.2927999999000,11,1,3,53,3,Male
776,1669233.9456000004000,932518.4544000002000,2819623.6223999998000,2691600.5376000004000,1040142.1056000001000,1,1,1,65,2,Male
8755,791071.5072000000000,923259.5424000000000,1462026.7584000000000,4770629.2608000000000,884529.2352000001000,4,4,1,70,4,Male
5632,748796.7744000000000,117213.0048000000100,2700967.6799999997000,1906977.4848000000000,590628.3264000000000,19,4,4,56,0,Male
2171,1209320.8800000000000,1165094.8800000000000,988504.2000000000000,3614285.2800000003000,896755.0800000000000,9,4,2,39,2,Female
6681,2020829.7407999998000,382000.8192000001000,1532266.4448000000000,1917534.5280000002000,976059.9264000001000,14,4,3,60,0,Male
4594,2824478.2080000000000,447672.2400000000000,2718762.1919999993000,5146884.8639999990000,274912.5600000000000,15,5,3,51,0,Female
3110,1999038.8352000006000,684216.4032000002000,903362.1696000000000,2977592.2176000006000,468692.8224000000600,7,2,2,44,0,Male
5518,1001283.8399999999000,757986.0480000001000,1904474.1600000000000,1931630.4000000000000,980311.6799999999000,11,1,3,55,2,Female
9123,602104.8384000000000,1182074.0724000002000,1408149.5220000000000,3658302.2736000004000,775062.8964000000000,11,1,3,71,0,Female
4854,1271181.7728000002000,243946.4256000000200,1089899.7119999998000,2387883.1103999997000,1539613.6128000000000,4,4,1,52,4,Female
3967,631442.4160000002000,119791.1000000000000,781272.6240000001000,1641185.5680000002000,340326.0520000001000,20,5,4,48,0,Male
6154,316162.3104000000000,445431.9167999999500,1231051.7376000000000,3389796.5184000000000,176254.0128000000300,13,3,3,58,3,Male
8441,380528.4288000001000,1175438.5344000002000,2702455.1424000000000,2992400.9856000002000,1022509.7376000001000,16,1,4,68,0,Male
1323,1744216.4160000002000,693865.2960000000000,1429040.8800000000000,4294895.0399999990000,167201.1360000000000,22,2,5,35,0,Female
6671,606376.1600000000000,385584.1600000000300,2178492.8880000000000,1595729.8240000003000,573665.5600000000000,4,4,1,60,0,Male
3243,796258.7424000002000,567739.8936000002000,2213633.1888000000000,1448499.8880000003000,415415.8800000000000,20,5,4,44,1,Male
