CUSTOMER_ID,ASSET_WEIGHTED_RISK
4716,2.503545641
5046,2.682244932
7515,2.373261114
1687,2.831515748
9746,2.24837894
4740,2.543096453
833,2.772711324
5816,2.634371504
7852,2.869628045
5433,2.089793564
552,2.672836933
1093,2.647550109
493,2.512625148
4429,2.619673428
7726,2.162560776
5996,2.954869072
3503,2.540805236
7534,2.593605318
6701,2.797602364
5663,2.367327376
3195,2.333802848
9611,2.642088426
3070,2.671960514
5932,2.518789794
5842,2.713830956
3450,2.44150554
3708,2.630016452
6689,2.869589505
9856,2.388324374
1570,2.860574715
7315,2.373832508
7453,3.030327934
7308,2.333989488
3396,2.617919898
7464,3.043995648
1055,2.342599808
9713,2.824383878
4765,2.395372681
7943,2.646513587
8399,2.192895519
6292,2.839396742
3834,2.0628121
4801,2.638524781
5185,2.970731707
4637,2.903248101
2164,2.841852907
412,2.576633111
5751,2.389261619
977,2.609935272
5739,2.799851675
6992,3.010378828
4565,2.800761504
9072,2.789935241
1096,2.645734429
3725,2.434888698
4149,2.998994982
2447,2.189638861
5247,2.180770632
244,2.779292752
8396,2.813766119
6963,2.324781697
9168,2.809654169
5755,2.410590487
9105,2.279225795
9043,2.80346386
3919,2.828021352
7781,2.236311408
5523,2.728698977
2816,2.387801997
6001,2.848387676
1505,2.472172092
1625,2.326677558
3907,2.44671789
6630,2.953777246
2070,2.345030639
2983,2.45988254
8193,2.587607427
8449,2.467504119
3489,2.775676026
613,3.083004309
5475,2.566550484
6868,2.599389884
8142,2.536804723
2794,2.885303632
6435,2.677063813
9032,2.446286604
5631,2.653749185
5079,2.712876471
1435,2.808845856
3099,2.604418007
3144,2.517283194
6572,2.546649536
1143,2.464730584
6390,2.282972202
4061,2.92098007
4548,2.753558568
3057,2.561362831
6674,3.023294289
1537,2.663274161
6533,2.288721009
1765,2.438299178
7046,2.843316362
8548,2.637235968
3331,2.308145647
8989,2.751995842
5268,2.626322639
5814,2.490877662
9603,2.765716697
9202,2.755961637
905,2.608092999
9143,2.424427783
8310,2.393876472
561,2.621418567
1467,2.311820058
3691,2.632503952
1351,2.908096879
5887,2.855907339
7846,2.815406801
2670,2.903963832
7489,2.683664649
5218,2.544090128
9488,2.513489745
7236,2.902743573
9893,2.412403175
7928,2.764971598
5732,2.693460574
3807,2.778889259
7843,2.59856108
7760,2.650213371
4742,2.606234463
8735,2.724386364
332,2.936700301
9269,2.779414104
1428,2.68726676
7295,2.145124622
7449,2.410833611
4102,2.63550026
7105,2.571197513
748,2.532202275
2858,2.710663463
6270,2.553677207
7331,2.550644374
400,2.326366467
1886,2.889188702
4412,2.654838776
8855,2.603143211
2130,2.531394518
4868,2.688128224
4469,2.769866283
2647,2.700113328
2979,2.338115387
3380,2.701618926
5444,2.869743922
9830,2.070765132
2144,2.555943361
7572,2.675976935
4721,2.265811308
3492,2.574821377
8965,2.268274355
1564,2.634614499
4247,2.753547424
2064,2.695367671
5179,2.515555553
1304,2.315673786
8682,2.779009653
6204,2.402735167
6932,2.418962841
7008,3.020138838
7287,2.539613415
6902,2.552211134
2480,2.277277334
3828,2.478740541
1017,2.76144804
4035,2.402116721
420,2.612263355
2674,2.662507879
2615,2.252528431
9665,2.67119512
1728,2.101963945
4302,2.455599424
4894,2.496883347
4433,2.869461214
8103,2.259670451
2174,2.845864391
6878,2.626938837
5078,2.071104961
1626,2.269836981
1430,2.770027871
7727,2.343208105
4182,2.556008075
6378,2.822804628
7181,2.539124138
9102,2.74418793
4175,2.960005961
8152,2.92161059
592,2.399884954
6079,2.71245579
3627,2.450044179
2310,2.725806819
2240,2.724534717
5424,2.606799747
8308,2.610238454
3851,2.817881609
5104,3.040872734
1367,2.635038748
9274,2.505408252
5342,2.613788404
6551,2.740433258
4101,2.813204093
8781,2.668813341
2561,2.762533067
2867,2.689943218
9647,2.347651912
5091,2.764107181
8745,2.525867324
9019,2.440299456
664,2.727432028
7216,2.96489372
9505,3.060808893
7844,2.312695404
7235,2.737048228
1785,2.186021296
991,2.842016144
5173,2.657688038
7080,2.771616366
2172,2.372811238
527,2.657461042
5103,2.784070444
8513,2.636542902
1474,2.455497233
7466,2.750661496
717,2.483875756
4570,2.27212002
407,2.377750188
3684,2.835280382
3776,2.403812414
1895,2.500194165
6375,2.797347598
5654,2.960030985
120,3.002824637
5512,2.601541615
8486,2.449332771
9634,2.643854187
2039,2.450555937
4964,2.546584345
581,2.570242116
5116,2.419480348
3456,2.827135387
915,2.672958475
5753,2.853168115
1124,2.289076409
1962,2.892584139
5815,2.49894628
6898,2.612235221
3146,2.560302472
3358,2.281780966
5169,2.919500861
6492,2.359926627
7023,2.726510887
1060,2.550835955
9170,2.710671187
5361,2.600838973
9878,2.720439112
6442,2.39869336
1355,2.699922311
7954,2.476710642
1813,2.722756252
9965,2.744850877
3818,2.682024168
846,2.175240476
2063,2.937466377
6855,2.806986059
4140,2.289286922
3258,2.674288268
1371,2.715777934
3979,2.677375467
8476,2.646586579
8382,2.669315138
7581,2.709015994
2808,2.726388984
2925,2.129259347
4211,2.574534858
6077,2.669926414
9040,2.561828387
2783,2.390615587
8725,2.732610661
3376,2.36997102
8525,2.709108226
4685,2.607878406
4059,2.310760229
4322,2.758109664
9569,2.925911997
3893,2.493322542
6608,2.592110288
3542,2.400792996
7422,2.985765534
8372,2.717965495
7309,2.107376294
9407,2.553286588
4955,2.685992133
2700,2.744461313
5354,2.397337985
6559,2.609678039
1543,2.427927166
5143,2.792084925
7520,2.617245054
7849,2.93456802
7788,2.416391714
9964,2.518273341
9942,2.525299691
5929,2.284493089
5289,2.799942688
8397,2.690918209
521,2.507401115
4794,2.88385844
8357,2.494158241
7238,2.764205475
728,2.929758637
9564,2.393247809
5926,2.743893158
5038,2.566440076
1950,2.803675157
4484,2.822361621
6221,2.589487824
3222,2.941267971
9809,2.856660827
9923,2.497219647
2483,2.444844032
252,2.555177757
5469,2.775086453
2270,2.675358397
994,2.604628618
9427,2.609681611
4522,2.583598585
7351,2.441441429
5859,2.807901862
3395,2.421230195
7243,2.63354725
3286,2.715597109
7030,3.051242268
9423,2.403732689
2741,2.576338229
150,2.836759451
8137,2.711093429
8672,2.328637017
6306,2.980828411
4261,2.796000131
5322,2.270864862
3136,2.778356956
2796,2.467856232
9771,2.767552909
1252,2.342286937
7805,2.822897587
8518,2.63070432
4338,2.569946451
7176,2.462239384
5801,2.399125674
6484,2.341131856
2159,2.749278905
179,2.511334931
230,2.832629909
7990,2.055746066
553,2.757807777
3260,2.578973241
1989,2.634791726
74,2.204725144
71,2.480642952
9100,2.495832861
5905,2.542482462
3341,2.529618897
7570,2.781983079
9059,2.567615691
5072,2.055366455
6483,2.867541161
7787,2.513527246
6422,2.412812922
2815,2.823253143
5138,2.517488227
484,2.767700317
3924,2.642548218
4792,2.908407651
9402,2.783058797
7660,2.446775396
7000,2.594371032
5164,2.63138634
2380,2.220224505
4274,2.888532426
2254,2.617636108
2814,2.569484394
1952,2.49195758
5097,2.484013782
5649,2.948275231
7562,2.701669456
5410,2.59859217
5427,2.654496163
4621,2.914031878
6841,2.327729015
1622,2.346954774
8875,2.612497893
4602,2.84363176
8920,2.649890457
1023,2.192713191
5705,2.825401358
882,2.920550141
7537,2.496144235
3918,2.357561904
3900,2.666324578
4295,2.444673373
6937,2.822508798
1406,2.817271894
8432,2.131741223
546,2.710382265
5945,2.373408979
3300,2.377321151
1981,2.803019508
9551,2.738903567
1346,2.560581643
2029,2.641975493
9862,2.639166888
6645,2.680929949
530,2.288779568
4970,2.851369443
46,3.013020819
8877,2.671084392
9961,2.471373671
8350,2.579390092
37,2.201818882
8268,2.861882332
7802,2.720683339
9790,2.381306653
8723,2.846040671
690,2.971681029
3588,2.67667724
5060,2.980568916
3584,2.277408668
6027,2.745470375
328,2.686354875
7546,2.919698632
4078,2.425512142
7663,2.516090167
8718,2.598674126
7934,2.547678786
2032,2.676862487
2579,2.740577358
378,2.460102667
4591,2.842883964
361,3.011565109
9553,2.708140836
1066,2.771301251
6366,2.960190128
2747,2.890658639
3166,2.503021597
3994,2.685394621
6462,2.706052578
5133,2.874451666
2333,2.722543109
3875,2.91288204
8194,2.368809399
3417,2.795782513
6657,2.563838653
3747,2.427293506
2262,2.64677652
4172,2.691238054
4634,2.946283366
9437,2.4909354
2330,2.587883851
4978,2.80220683
8083,2.139529807
2839,2.807876445
206,2.723762409
5677,2.538478654
2320,2.393137697
5463,2.977056657
4354,2.802505856
1672,2.641032718
8732,2.264260079
3523,2.623622111
6911,2.915694195
5328,2.362753941
5122,2.65749404
1715,2.622615579
9083,2.618733324
6166,2.661836452
5771,2.491985276
2548,2.635319462
1449,2.789079722
1589,2.327064078
6949,2.424925294
7824,2.930893534
2787,2.772655994
2780,2.849225384
6489,1.799691194
295,2.289365225
1873,2.517681355
6227,2.59207308
9419,2.591302751
8320,2.659629448
1462,2.691201262
8174,2.54297508
8068,2.390870255
4391,2.570005965
3531,2.36895166
8025,2.629422982
7298,2.158024887
7796,2.447378592
6115,2.607416997
2892,2.659831423
5553,2.454791498
5605,2.753757067
958,2.694293048
1644,2.661790906
5330,2.414467285
4733,3.021924499
5601,2.554705779
8578,2.770207064
3810,2.702502723
709,3.033090316
3056,2.54363932
3801,2.578890142
6549,2.596370854
4388,2.546955331
5646,2.687944971
567,2.432552471
9014,2.282375636
924,2.722288595
1042,2.666155405
2727,2.651726498
4443,2.532561445
2542,2.673249109
2922,2.599024743
9155,2.644446887
7123,2.568368994
8119,2.880606122
7434,2.353443229
921,2.482434999
974,2.250816705
6214,2.551396128
9928,2.767908236
5953,2.461256553
3177,2.649502653
831,2.323898757
8209,2.416024279
4046,2.537579278
1658,2.694445078
6174,2.771455872
3769,2.638498794
9470,2.294903909
4023,2.765533685
4874,2.542177756
3504,2.525919174
8834,2.168777494
8451,2.946345733
5788,2.87502801
7149,2.983414401
4434,2.719693217
1101,2.568326825
3823,2.698823512
880,2.560126201
1787,3.049797509
7421,2.578250247
1524,2.517887941
9229,1.975581093
1494,2.645189575
1807,2.596538907
1487,2.806188038
6581,2.740623378
7607,2.682836351
3912,2.520245428
5471,2.907165917
2210,2.19302492
4093,2.83735896
6259,2.817652871
3162,2.485564812
9682,2.382859238
2614,2.564636976
4050,2.535680716
9540,2.490254211
1930,2.513614314
7301,2.666745216
6249,2.716149404
6207,2.671150389
3063,2.649804384
9246,2.341003045
427,2.824504183
3265,2.713493166
1536,2.513546018
6989,2.501199745
7343,2.744925216
5844,2.373908689
2443,2.289520608
6796,2.153308305
5806,2.477719808
8351,2.697816628
7965,2.937824746
89,2.650175295
5874,2.800502913
1311,2.821189108
8039,2.16505649
1202,2.671892689
2678,2.160797447
70,3.05846141
135,2.431929957
2985,2.61028815
9606,2.662042686
6420,2.387231879
9333,2.70495678
2108,2.339937802
1011,2.788623204
3169,2.446383996
4715,2.761891282
6833,2.878589931
4479,2.902338414
33,2.544827558
8177,2.726469235
7395,2.677486538
9298,2.819483498
7870,2.926193922
7961,2.168755929
3811,2.478588107
7577,2.536193317
5533,2.543372417
4573,2.782205307
5287,2.921094029
344,2.282011422
5655,2.574111043
8517,2.428113818
6428,2.216588555
667,2.532963346
3515,2.63668301
5481,2.867689627
9275,2.583527665
6864,2.820949784
2643,2.547704989
2423,2.551504044
6151,2.270040178
6236,2.575893764
7300,2.933864125
8557,2.477074439
107,2.728697734
9018,2.727874613
506,2.57804418
3861,2.531114381
803,2.57615039
7197,2.742809196
2324,2.514802868
1826,2.576356569
1278,2.781455072
9947,2.261583957
1632,2.38170199
3235,2.574721506
2119,2.956290117
7813,2.512646357
7964,2.725928875
2456,2.375392943
4616,2.437333107
8717,2.738091048
6244,2.570793702
298,2.803768797
2988,2.101210344
5551,2.811329409
7470,2.61874061
6958,2.514386777
7914,2.888412061
1319,2.858812863
1284,2.908086282
7945,2.773286867
5297,2.823019315
5790,2.815223552
260,2.542954529
2493,2.937910577
7183,2.707675646
4147,1.920005978
6564,2.49446698
9334,2.330488329
1860,2.36636951
3001,2.722304185
8947,2.563210996
7772,2.513323089
7142,2.611265119
8439,2.899848322
7283,2.869006509
6397,2.327085678
3447,2.33110625
8642,2.640521744
5566,2.952366821
1120,2.180039591
4022,2.502853485
3947,2.57964095
1900,2.565314852
5539,2.740597765
7617,2.278184531
5045,2.685348029
5371,2.824863031
1234,2.317847377
8546,2.608224183
4346,2.24709332
4116,2.640164436
176,2.96809084
5563,2.445720967
8800,2.403913725
1463,2.314920108
5713,2.742086315
9639,2.510960868
972,2.489583871
4725,2.749162185
4837,2.527598558
8816,2.822182009
4179,2.789513119
7790,2.593533414
9622,2.418818537
5925,2.535233718
5958,2.823069054
8666,2.420844849
8124,2.2426907
7375,2.96424183
6098,2.708300422
8023,2.428617441
4515,2.62756332
7399,2.555863218
9945,2.964870397
9104,3.035130882
3995,2.869350932
5817,2.400251893
3303,2.51304254
9879,2.601824864
3061,2.826496179
4394,2.658213152
3562,2.882606222
7130,2.344342789
4207,2.423741888
2553,2.803553954
5531,2.853382792
5382,2.020826378
5227,2.872000402
4982,2.748614394
2109,2.229448092
1182,2.706528373
8223,2.67098996
4844,2.59520032
6233,2.425996593
6637,2.772513858
4212,2.815159179
7015,2.331264711
2591,2.359973882
1121,2.836407969
8354,2.727317321
7533,2.563212247
3848,2.700451786
6173,2.005941
9361,2.846774363
7161,2.772678015
4184,2.914538931
9915,2.598597639
224,2.844234606
287,2.861303855
7,2.775064163
1283,2.885599043
11,2.668761578
3628,2.637345494
3151,2.943818444
6547,2.640898167
7405,2.368171496
4883,2.886533528
4974,2.768914811
6118,2.607806268
9511,2.280759827
2864,2.111245448
5260,2.770028249
8846,2.510538587
7632,2.465230113
2966,2.871224742
7938,2.737376894
8841,2.83637173
8038,2.562930102
1163,2.42875275
647,2.598367158
4527,2.589090865
4759,2.806938516
1171,2.78269739
2692,2.955773123
5856,2.382322836
2460,2.678206889
4178,2.607991354
9903,2.80432024
1979,2.998539081
9394,2.690121023
3596,2.900303097
8304,2.456975237
2348,2.584886216
4439,2.637918611
2620,2.755397584
9201,2.476434006
6110,2.845337757
5153,2.823368238
2026,2.45154231
4230,2.656388982
734,2.330674078
1025,2.596405022
970,2.512947035
159,2.836636901
9182,2.383878654
1000,2.537529812
7233,2.712839191
722,2.002259032
1971,2.367076531
255,2.595160197
7710,2.28157329
1812,2.292245841
5846,2.846718678
5132,2.807905126
3333,2.769745181
6087,2.469291054
708,2.744514084
7631,2.822981819
9703,2.484568018
2567,2.635382114
627,2.76721791
2831,2.629551754
8950,2.655087664
3568,3.019313623
8088,2.244682098
1931,2.816208989
4097,2.83715641
291,2.733656051
7748,2.592820827
4734,2.421392165
2102,2.756727465
5303,2.546189088
437,2.583210031
144,2.600747097
7681,2.899755975
3609,2.308775601
4857,2.569543916
5900,2.727675928
8173,2.602112281
1253,2.546439102
7825,2.964876013
563,2.639303475
6985,2.054147277
4613,2.87099832
4525,2.620871567
6970,2.239026622
2824,2.693030086
4441,2.749819742
9084,2.484683581
3368,2.399078906
9479,2.667354556
8079,2.973608988
3154,2.820023382
6983,2.450663253
5910,2.482430586
3816,2.953525273
6597,2.697938111
1434,2.683940265
5865,2.578174482
6160,2.586232772
5795,2.841531808
3416,2.542915854
2859,2.561843696
1216,2.592354656
9346,2.575125108
8113,2.728536998
4588,2.644014666
2085,2.872256565
9135,2.779418933
5768,2.644673825
7792,2.689033094
313,2.986179155
826,2.932614063
9191,2.729606987
2954,2.448888983
5118,2.262959957
3471,2.522274387
7798,2.448228548
1738,2.939881369
9243,2.6827647
2630,2.23750981
9712,2.700131747
5718,2.621268586
8036,2.100910309
8705,2.775774282
1447,2.677832115
9737,2.578620869
9722,2.102976811
5357,2.959715371
9366,2.95265216
4957,2.751244635
9515,2.646673376
3614,2.530501359
7418,2.947050626
7120,2.870708788
5554,2.237666081
6755,2.63146729
5158,2.394660479
5845,2.008408054
6712,2.497077615
1186,2.747180209
2186,2.77756494
5586,2.628303325
36,2.809379641
192,2.626505251
4554,2.203730738
5412,2.674688253
3958,2.364319403
8617,2.391379062
5603,2.628671069
444,2.513238108
621,2.408034722
5813,2.855503671
9374,2.632286383
6801,2.8181051
7205,2.493215756
288,2.717732141
6733,2.776023564
7833,2.319438626
4032,2.679636158
6656,2.559890453
5612,2.328479912
3179,2.326832822
3037,2.689412298
7234,2.185113823
906,2.639401852
39,2.460270118
6076,2.960792844
1348,2.765214441
7872,2.771993708
8468,2.577685707
3,2.410656048
2510,2.934768563
5319,2.716987485
3737,2.79289039
2218,2.495048964
1036,2.643303419
2340,2.668063863
6003,2.782576899
1057,2.694420161
4544,2.76311455
4940,2.306531794
5126,2.608394128
2730,2.782424701
3692,2.931213168
2888,2.5635546
8353,2.630966499
9225,2.913587785
5145,2.887206041
6181,2.869930486
7883,2.955916788
8155,2.382690365
8903,2.614492516
5494,2.66076193
9918,2.79054173
752,2.513732672
6617,2.847509364
3780,2.821248086
875,2.731783283
5261,2.813898585
9010,2.525517249
9484,2.654062077
9248,2.717451745
8095,2.797234245
2905,2.694405366
8942,2.546128023
1388,2.271407334
4360,2.737315391
5241,2.841162392
4034,2.683111665
9266,2.53109716
9820,2.506572047
1840,2.401371309
2433,2.559143245
4624,2.541875746
928,2.817927962
1628,2.673299629
785,2.226226047
5429,2.548227483
4208,2.765999465
4421,2.642632678
1779,2.718393968
7297,2.877764904
4516,2.304749981
6515,2.750839239
380,2.47281502
6243,2.792906044
387,2.824699563
870,2.395358578
6395,2.507734882
5573,2.654989394
5706,2.536271343
2125,2.656726197
3086,2.773702256
813,2.49015938
3397,2.888995847
2295,2.860230862
9079,2.253922854
8276,2.67429183
1839,2.836905926
6182,2.690802188
7207,2.865171853
343,2.823911309
8425,2.914529716
6570,2.386494774
9850,2.379310672
8141,2.924621578
9821,2.58434609
7700,2.879201646
8219,2.519378856
733,2.525092647
4411,2.864444541
235,2.585644867
6844,2.764875979
6459,2.274742641
2360,2.513869304
3889,2.391562381
7505,2.643724672
2940,2.340530077
6836,2.5048359
4400,2.2440465
4117,2.781879812
9020,2.540427692
7976,2.651835413
3574,2.728617292
818,2.90937338
4018,2.952733954
4705,2.416239993
5384,2.487023226
309,2.348221172
1293,2.302084277
1193,2.913009377
2355,2.66591044
4422,2.834218638
5273,2.424562152
1858,2.43362808
4094,2.831112248
4194,2.281972947
6354,2.699028924
4413,2.212099913
6827,2.718445738
6757,2.522428616
401,2.671962723
1907,2.606083539
1419,2.718306555
6849,2.656393208
9520,2.578606899
5786,2.645683519
740,2.866535755
8905,2.692001989
9325,2.589933327
2402,2.875031188
2506,2.873598351
973,2.816384434
7163,2.584932714
7320,2.679493089
893,2.699101527
9558,2.658193869
329,2.500261435
854,2.905888983
1243,2.48557311
2599,2.434923464
9500,2.778425309
4435,2.939564518
1029,2.826424749
9716,2.735175871
2230,2.892802476
5358,2.788800454
9434,2.487802239
6494,2.952240079
9013,2.946068433
2530,2.129354589
7362,2.569860194
9666,2.742382684
7485,2.777429991
707,2.365103838
4593,2.708075263
1771,2.617214798
9609,2.752188106
7919,2.904250352
7797,2.913712781
3269,2.606290792
7447,2.971446828
6440,2.402911067
187,2.46421154
850,2.547967896
7349,2.588325247
1480,2.443835612
696,2.924402279
8112,2.85985874
4675,2.838953206
7050,2.593060176
619,2.474803313
5281,2.58678517
4203,2.700692655
4823,2.494404161
8881,2.528270111
7097,2.559912363
1843,2.754581293
410,3.083521656
5197,2.725334116
7778,2.657478219
4916,2.455872835
1943,2.553234749
2642,2.247717373
9534,2.147270506
1552,2.742028012
3508,2.628436499
3278,2.448422035
58,2.302876413
322,3.014231613
5334,2.491429663
1352,2.617091055
8660,2.861468228
5774,2.654556412
2318,2.552236842
572,2.56960346
4915,2.446916941
6542,2.61374768
1415,2.437668499
7372,2.275955447
169,2.267204764
8926,2.670444809
7996,2.793764137
157,2.523756158
8075,2.6051222
9300,2.440944821
6794,2.653560707
3876,2.457322805
1450,2.46119892
3551,2.627217311
9938,3.060110025
5035,2.894969823
8493,2.130066006
753,2.243012193
3236,2.597962594
7857,2.92768029
8708,2.921492873
7378,2.900699694
5971,2.476706057
1712,2.491663286
3335,2.443220934
2052,2.360194967
3332,2.114835461
3837,2.698584823
3276,2.788159464
9663,2.653957003
106,2.612892741
8464,2.567859584
5065,2.737351191
861,2.712372923
268,2.899074533
6580,2.542776643
4528,2.801485474
8721,2.926885074
5440,2.170445478
658,2.805278923
7249,2.859149105
5692,2.306313353
4005,2.815094557
4258,2.571885691
1966,2.785963845
8691,2.316600851
1154,2.415359822
7278,2.846456071
4800,2.425107673
848,2.918916367
9377,3.079781747
8159,2.628113122
3074,2.601426638
6450,2.740827299
9859,2.235809531
8969,2.397648203
4077,2.531322752
7862,2.627883891
6603,2.503993847
5545,2.432943399
6070,2.481735482
2655,2.222220549
4161,2.605700403
7248,2.826168324
9791,2.419610886
1954,2.818132279
878,2.671884525
7890,2.311876301
4385,2.725875017
4886,2.337836501
7683,2.875032827
6585,2.559153846
7972,2.212019215
82,2.870163903
9646,2.379183301
1221,2.640885423
6176,2.83545466
6587,2.830621117
1664,2.910758733
433,2.555697834
3411,2.50475765
9115,2.554584882
1708,2.55711296
4396,2.777882288
2897,2.375044036
7806,2.379357427
7313,2.402370384
1516,2.760211811
9590,2.75698516
2516,2.925816504
468,2.822778067
8819,2.105143301
3977,2.749885323
9979,2.551762454
7609,2.49328326
5068,2.456524566
7262,2.92872071
3453,2.729177263
1532,2.424648849
9483,2.400781433
5098,2.92653794
9991,2.39360447
500,2.429617244
9205,2.88595246
8704,2.010770812
6324,2.380055097
9814,2.727486772
4150,2.640684748
7442,2.640179492
6993,2.697451072
7354,2.617239356
3016,2.671145915
4099,2.601186984
3140,2.133163708
822,2.603852316
4249,2.350129628
4323,2.379630259
8051,2.560313947
7155,2.559161365
4877,2.403187769
868,2.885196095
8015,2.601459206
9846,2.525299682
9955,2.856683555
2969,2.461190545
9240,2.988113981
7719,2.211131786
8378,2.562599418
2890,2.612264478
5918,2.743181943
6361,2.529780878
9972,2.920034326
2045,2.539910132
2728,3.012071689
3930,1.885933853
6432,2.739483275
891,2.419273361
2177,2.392896639
7168,2.437627466
9469,2.596892159
758,2.731368312
3862,2.718451404
68,2.43552086
5272,2.519734044
3305,2.478990459
5642,2.698464361
3349,2.491328874
646,2.786322819
5269,2.718531819
8017,2.895294009
9418,2.896750831
7045,2.575693671
6069,2.467310683
8541,2.526631566
7435,2.5866652
5727,2.927770084
9478,2.341412742
3045,2.945047702
3716,2.585111337
8785,2.497580489
520,2.706983567
2197,2.569630809
337,2.793283581
4215,2.807149047
2120,2.56075434
4465,2.610819349
7088,2.78603225
1796,2.725698182
7013,2.08999163
1645,2.739133043
4086,2.469216915
9048,2.679405062
4262,2.498023688
99,2.399187355
5946,2.45127837
3566,3.031654256
6883,2.529358315
6771,2.694306038
6789,2.756602525
1659,2.455908561
5669,2.858346496
7906,2.822754022
7638,2.704430043
7427,3.058493072
9556,2.811030948
9881,2.774088818
1791,2.470830543
1429,2.570884423
3365,2.75028701
4015,2.977030358
7194,2.346141367
3329,2.894135177
8471,2.727326866
8976,2.656920407
9183,2.631148186
4639,2.789026019
8426,2.554303599
1872,2.898379132
1340,2.797628383
2572,2.393505471
5525,2.782905162
2682,2.401942066
237,2.589115315
9699,3.058433375
8896,2.810533976
2212,2.604613761
5653,2.752567087
5276,2.562202554
7380,2.444695873
745,2.563676688
5366,2.653339415
8653,2.688028769
2860,2.32213159
9616,2.590619915
2866,2.772532721
7722,2.055565271
2325,2.557171926
9095,2.345310963
714,3.001665732
393,2.543227591
6643,2.567776434
6667,2.861890114
6685,2.190503655
8052,2.81263636
9227,2.517499504
4404,2.189753763
7692,2.502850045
4697,2.738104418
1755,2.776522885
2408,2.603036613
9494,2.871269279
8213,2.516835702
9943,2.919116057
1160,2.558642699
4041,2.767428267
2060,2.38062369
4065,2.602853381
1269,2.713904339
9806,2.813226485
8367,2.748232329
4517,2.459167785
3831,2.716660072
8000,2.920493992
7527,2.340168077
632,2.592032707
9626,2.873482967
4692,2.382006804
5369,2.604408391
678,2.815498371
9302,2.310751357
7578,2.206821499
1973,2.335405319
1047,2.448427358
4892,2.709290015
886,2.69168124
7340,2.386195059
1115,2.597024575
7049,2.559734496
6798,2.843796232
9937,2.571495543
3446,2.676453247
6480,2.470646664
7810,2.367255861
7476,2.794821157
9777,2.790687528
6341,2.654167863
766,2.813523273
3080,2.754084819
7484,2.6655188
768,2.841681557
9093,2.815389326
4367,3.010340202
9125,2.556659738
1158,2.375196385
4585,2.698787485
8874,2.663987904
342,2.757871333
5616,2.56749068
1307,2.800972218
5990,2.845569147
2622,2.613308
4659,2.648488909
2779,2.665239895
2154,2.739454636
8768,2.496272671
3182,2.653513162
9909,2.659253545
1972,2.790350502
9068,2.53831865
9825,2.028808742
3172,2.556140596
3044,2.79849227
7118,2.832004508
7129,2.658274621
4285,2.702857984
2363,2.395264742
1214,2.719951785
3902,2.436041698
5633,2.786775086
3250,2.692837307
7294,2.825118881
3239,2.730971869
7062,2.898303318
540,2.519425205
3976,2.772225557
415,2.481495674
4550,2.705470897
7007,2.528147216
2751,2.820864401
7363,2.402118213
9368,2.755550469
2362,2.659062181
8878,2.569939452
545,2.924473182
7398,2.212079951
5059,2.652925798
1482,2.88929781
406,2.642450998
6697,2.699296496
5282,2.852159556
8825,2.031286539
7701,2.507441425
1054,2.368379604
5165,2.218142755
341,2.674443838
5594,2.451922184
9436,2.766681812
6304,2.513126764
3173,2.620832366
3841,2.627854024
2766,2.444069353
6738,2.989815132
5560,2.642068358
6048,2.764809275
3384,3.003507471
7768,2.707716622
631,2.896942529
574,2.547140546
8203,2.937569196
6329,2.395866656
9982,2.705375739
8643,2.631899142
6964,2.330759229
4513,2.936877608
1699,2.703241852
311,2.742730688
4519,2.735852282
115,2.389502919
2874,2.956362452
7428,2.980615203
1914,2.730794259
8096,2.501737272
8511,2.364979429
9198,2.591237342
2975,2.796588071
34,3.009701994
3274,2.508962354
4219,2.571051232
1507,2.999294599
2308,3.010191842
579,2.344275215
5029,2.288562083
1678,2.787301715
5875,2.57114787
1682,2.274326032
2005,2.581391362
7909,2.734080207
4045,2.23359676
3726,2.549882265
1131,2.830107809
8323,2.09188912
6907,2.7921391
3954,2.881060247
1172,2.596912775
6071,2.50577635
460,2.288081474
6845,2.919508855
4363,2.89759527
3758,2.859831799
183,2.7285925
5277,2.840198867
8549,2.590047521
9148,2.462470266
4737,2.885795981
2249,2.453949568
6441,2.410570631
7785,2.307041485
3739,2.809265833
2552,2.576870288
2758,2.403679023
9186,2.742845202
2999,2.609227822
9378,2.542804448
355,2.628760383
4749,2.454177289
5598,1.956465859
5515,2.666265593
2613,2.486920401
4288,2.417290077
1426,2.718684096
2272,2.659797151
6731,2.699254387
2937,2.764409899
7814,2.759986965
8862,2.59251317
5230,2.5432082
7288,2.841602848
8889,2.802340861
3942,2.550822448
8475,2.740378603
6198,2.391622957
5776,2.79740111
5147,2.918872085
6210,2.828648359
2554,2.424853787
4858,2.739528746
6987,3.088386327
7452,2.968270724
1573,2.696860952
3910,2.460667989
6149,2.804208028
6891,2.655421625
2927,2.889685137
780,2.357861578
1606,2.856403932
7854,2.316650369
2092,2.751227612
4746,2.834832165
3655,2.796118445
9524,2.699821062
5848,2.571838841
8630,2.852194512
7244,2.606728373
9187,2.001261233
9808,2.573194666
4506,2.933653583
7143,2.732936223
2199,3.045346346
4291,2.541482211
7488,2.870296987
7866,2.151035458
3241,2.486402305
334,2.583005749
3392,2.689961944
5441,2.217634187
5947,2.529280261
9239,2.502929352
1717,2.761170575
5339,2.593910225
8983,2.584130945
564,2.843511137
8277,2.708677708
4856,2.863930015
1774,2.259253716
3760,2.718337674
4464,2.546178986
2057,2.700215157
1496,2.410473905
6808,2.486065644
7021,2.827543265
3711,2.62494433
8261,2.914849056
5974,2.3061655
502,2.633326176
3009,2.490243016
5337,2.614647978
184,2.807144973
901,2.455545196
3038,2.599884913
4549,2.825472876
3670,2.753795246
3890,2.775120851
5307,2.892292639
1882,3.006590642
3255,2.835951278
3505,2.830543399
2659,2.738823276
397,2.735673738
3486,2.560467367
2387,2.553562618
5112,2.344311194
2564,2.549482439
5162,2.561370038
1370,2.643411561
6811,2.866099691
3253,2.743768204
9220,2.219662369
6635,2.602866435
3932,2.805251922
147,2.509939675
1080,2.447773197
3868,2.972690444
2198,3.097072552
9150,2.75846764
5940,2.503782027
4698,2.69098227
7200,2.951613461
3206,2.683198686
6874,2.759707532
6787,2.625838778
5505,2.806357186
6280,2.402245306
4580,2.940907786
5345,2.628796236
1362,2.551840376
1022,2.614328308
4185,2.565894288
5697,2.709121546
5615,2.423713058
2016,2.442079082
1862,2.517235193
4267,2.765789719
7367,2.935002843
8010,2.758829759
1208,2.470766199
91,2.577598368
4223,2.498516199
2581,2.652805678
8915,2.735799678
3363,2.267704951
5395,2.769558256
7540,2.126472856
2386,2.643643602
9797,2.641517317
8585,2.58655811
3874,2.46878576
4292,2.708501102
7777,2.842046046
2918,2.704374977
6698,2.530163133
2828,2.4621309
902,2.592516062
2082,2.407780682
4790,2.727394096
7456,2.607541924
4809,2.786374413
9650,2.55080499
8867,2.768722152
6332,2.903394847
7099,2.756653376
4380,2.81617468
1241,2.677601549
7137,2.663738619
9762,3.003111626
1135,2.930144767
1694,2.897490504
3141,2.789459377
4392,2.636634295
8170,2.505858709
1497,2.505526363
7159,2.775777865
7892,2.538248822
1109,2.501222208
6269,2.627955589
2951,2.721609127
9501,2.308255847
8026,2.782966157
6444,2.767902548
6614,2.628952118
9578,2.34580433
6545,2.488255558
633,2.630651107
641,2.92364207
7407,2.503641904
9450,2.479583044
4611,2.689578161
7087,2.446007559
3004,2.574827849
8210,2.887398832
3123,2.495497225
6805,2.579348546
5149,2.54255587
5246,2.948146335
7830,2.216663982
4168,2.642481701
2773,2.368289446
8257,2.469635424
7491,2.426834862
8562,2.777023754
4003,2.288159718
315,2.438379145
2239,2.063076918
4446,1.776488209
2740,2.804471897
6466,2.696193134
8387,2.780033386
908,2.872748717
9588,2.141834784
889,2.33661038
7528,2.631522567
1614,2.59037174
5259,2.559062854
2283,2.656117969
8115,2.703241183
2977,2.929427985
9693,2.720041491
7856,2.687529036
1165,2.485986481
5099,2.69017603
938,2.402785415
5562,2.586287469
8318,2.822528392
9116,2.243761375
1038,2.502891935
9050,2.813470973
7769,2.667709135
278,3.145131651
4344,2.471943411
2143,2.793145331
1436,3.021031843
2640,2.751912168
2843,2.577918946
6764,2.818166104
9004,2.572680171
1835,2.838422039
4070,2.883267629
7887,2.791141676
832,2.904695421
7174,2.318841658
7962,2.478356418
8931,2.094996094
8786,3.05127762
1002,2.811132091
2636,2.740725247
3713,2.563731073
4287,2.616566729
6540,2.555554784
1484,2.63535322
43,2.003608973
3097,2.423451348
3599,2.527917313
3658,2.635858535
6816,2.730811374
2435,2.183969059
4730,2.81000733
4002,2.693724215
5991,2.132346991
1923,2.825235281
2699,2.870342422
3308,2.239644135
4284,2.578111364
5449,2.613119769
20,2.745958772
8215,2.938241716
980,2.935336431
6009,2.464364541
5398,2.445559133
1583,2.928199591
3301,2.661583554
7900,2.420572584
829,2.673616541
4068,2.747187848
9782,2.058509208
8919,2.513572483
4063,2.399229502
9983,2.468929816
7336,2.848446452
3772,2.471505609
7604,2.693171389
7430,2.613546878
4984,2.816171606
8118,2.879887902
7364,2.613370702
706,2.472296472
3387,2.449637569
5637,2.73736999
8066,2.687785673
9683,2.264571097
585,2.359647167
253,2.661644932
5011,2.39789664
6445,2.541049685
9536,2.52438479
2825,2.510873392
6047,2.330163765
4546,2.565299042
1874,2.759938883
9365,2.386400255
8929,2.575163873
3657,2.483989156
6910,2.277093381
1861,2.755100835
5406,2.42314316
4467,2.885120423
1674,2.146651145
511,2.254513166
4751,2.427083288
8116,2.453292291
6820,2.425628116
5937,2.844036172
5080,2.574258365
4756,2.895690239
790,2.515847783
3066,2.419880748
1085,2.138421148
4142,2.136437712
3012,2.882064518
2252,2.15660715
7253,2.867783336
4572,2.488928284
2802,2.54116008
8507,2.498259419
1842,2.500323162
4461,2.760816224
3208,2.423868605
9767,2.607372616
4994,2.944170625
2736,2.838993467
5414,2.597702821
8856,2.73370645
7999,2.676256652
3634,2.728709296
9594,2.320133365
7832,2.646489651
7296,2.53296255
1046,2.441590829
9719,2.564591952
6062,2.303529243
360,2.599555432
8843,2.657243629
9089,2.178606258
6481,2.660027339
7579,2.508877684
7321,2.579536614
8043,2.843271488
5679,2.579595188
5593,2.543661545
1793,3.028970747
5711,2.929531119
2265,2.556798334
212,2.834410822
4326,2.612495842
3888,2.380182206
4968,2.501605617
9916,2.728875723
1078,2.576724373
3929,2.533774057
9318,2.591614923
9006,2.569708007
9011,2.557778026
6571,2.865562791
1745,2.753122728
1560,2.55795145
9743,2.921735098
5498,2.746418374
4489,2.58748674
9618,2.809311523
9113,2.708059472
5000,2.309199116
7311,2.742915175
4590,2.603825009
9822,2.545964437
5416,2.554107535
7720,2.565928955
4188,2.787299573
9077,2.588263274
1660,2.724989966
9203,2.863432554
1195,2.882679543
711,2.368917049
3974,2.793345269
8673,2.508970754
7053,2.880834153
8805,2.519666834
969,2.889169808
8184,2.924053529
3600,2.647750548
4016,2.384529292
2342,2.658662704
5244,2.433174792
7371,2.655163183
2795,2.614030897
7898,2.740748183
1322,2.616026355
9996,2.280485732
3078,2.711152045
2715,2.503867154
447,2.606682115
7695,3.077111716
3610,2.515277243
5004,2.664313519
1749,2.223661507
32,3.02051818
2467,2.574547195
7095,3.007738167
368,2.485981798
5821,2.877396872
1934,2.619996657
6184,2.450904463
9199,2.032172872
4850,2.737086582
2241,2.825046626
2729,2.683572538
5217,2.790992862
405,2.59992252
7302,2.230789083
3224,2.573323103
8394,2.851920983
7419,2.72471692
3098,2.806758963
2834,2.911038742
182,2.828067391
2179,2.585704318
203,2.380689626
8255,2.638516401
5032,2.938535773
9149,2.768214108
2577,2.688026343
3481,2.615288035
1854,2.530172846
5293,2.608880293
2195,2.836693403
5140,2.953617773
736,2.528899567
2503,2.524222449
672,1.86129734
858,2.348245262
3130,2.425179449
2477,2.601977217
4265,2.292334279
1511,1.990102551
9038,2.575400817
6491,3.012276637
9007,2.563552589
5999,2.516776681
9455,2.521859486
5950,2.682714771
8791,2.895866769
5809,3.030548118
8629,2.39948338
4584,2.553322918
4622,2.651056095
2813,2.438259186
6887,2.346993386
5832,2.343421031
7936,2.832242791
210,1.920020832
774,2.716070113
9098,2.77629625
9841,2.975281546
1790,2.404830797
1010,2.606951455
8890,2.464864815
9037,2.409509745
2236,2.424851243
4021,2.397629698
2131,2.88781051
61,2.636994671
5559,2.467531352
6593,2.363644827
6261,2.613334794
9140,2.603583568
8339,2.691347927
7820,2.323306303
3451,2.779998132
5710,2.940710152
575,2.779990869
6251,2.397053359
7711,2.81539035
24,2.986707929
2907,2.232646581
6346,2.588764607
940,2.199600972
3720,2.441621621
9643,2.380487625
9411,2.626932176
5302,2.726345006
8928,2.682611793
8811,3.00807979
1073,2.282000603
8180,2.345211694
7100,2.446331319
616,2.537591156
8392,2.902903166
6780,2.749210795
5719,2.677096029
2155,2.794611037
7554,2.844781052
3280,2.755923814
7276,2.927891014
1454,2.588532146
885,2.79442046
2535,2.613330324
6470,2.844615202
2691,2.718622952
995,2.288606402
9589,2.561315402
997,2.750552565
2901,2.656093401
4453,2.894797779
6195,2.641189018
2926,2.468069322
3420,2.729399137
5207,2.881108201
555,2.730293142
5262,2.872959429
1646,2.510001463
1098,2.117625528
6745,2.941109627
4625,2.828148746
9003,2.880004967
817,2.647081145
2281,2.872882147
418,2.751957512
7539,2.696770622
9222,2.863093279
4029,2.341811989
9581,2.511452144
8818,2.787619367
3978,2.869248483
701,2.500367841
5198,2.624527137
7450,2.427542486
9765,2.519255312
7043,2.686717382
2982,2.540866752
2388,2.99851283
6335,2.718472868
1236,2.653709724
6927,2.883753441
4128,2.299518602
2010,2.881585081
1309,2.508541128
7636,2.730740295
5001,2.407956762
8917,2.249243663
8810,2.815500174
7569,2.89395664
7077,2.799223137
8836,2.728958157
7831,2.44893534
1889,2.231699291
6951,2.808134901
4871,2.344908235
1758,2.609395529
4612,2.309449543
1655,2.218393889
5146,2.626275592
248,2.650871919
1313,1.918936491
603,2.389602926
1681,2.530688838
4518,2.621416471
6926,2.540315181
6860,2.523319556
8519,2.624057368
1987,2.751810228
8586,2.614601114
1087,2.804462413
483,2.563530383
8605,2.698286628
1212,2.804122885
2317,2.700881439
8409,2.619149064
1384,2.413260152
8873,2.89286306
9363,2.5758354
2301,2.638910403
3858,2.502340902
5015,2.296101156
1590,2.676242071
2468,2.519551243
1974,2.660218055
4440,2.535517532
2993,2.506980646
5837,2.964713157
2454,2.96934634
5336,2.858363327
119,2.915921114
6535,2.885313918
1615,2.920347841
2817,2.82019132
9546,2.72042412
3129,2.51196023
9608,2.9374667
5346,2.87760947
3654,2.721303316
6293,2.758874846
7219,2.456181922
3105,2.534497612
8627,2.426747816
7969,2.926619351
1743,2.527611058
2882,2.9264527
9652,2.499697704
4357,2.54072828
8584,2.737581133
5565,2.764273398
3359,2.500393091
9180,2.58170437
7821,2.988331522
5967,2.489226122
5757,2.679878789
5667,2.317702642
280,2.711466991
4603,2.669655635
4081,2.069692726
8078,3.097686695
8552,2.769136862
8056,2.676927109
175,2.571626476
4152,2.580208479
299,2.304980774
6784,2.855212633
5026,2.405246225
9992,2.526705104
349,2.78861699
6508,2.424327505
4174,2.691537649
8462,1.984168141
8059,2.603675197
8670,2.939670532
6030,2.961803862
7239,2.697955351
9301,2.535916166
98,2.767294447
1746,2.549956456
3183,2.612483333
7801,2.653000182
4420,2.658899347
5970,2.82189342
853,2.620840031
8389,2.489382632
1072,2.459462346
6309,2.526265727
7221,2.796329101
6739,2.807147077
1956,2.627455379
3965,2.688271915
9383,2.672178152
4551,2.708574157
9169,2.726053438
8803,2.866372499
9247,2.223441459
8938,3.127558971
1997,2.458105753
51,2.883133388
1235,2.558559202
5120,2.79903616
4497,2.45219053
2166,2.375763172
5724,2.885731166
1089,2.916251199
3686,2.435734078
2754,2.710555292
4491,2.648522164
2676,2.394751359
6186,2.684517471
3374,2.599756621
4582,2.616387479
4909,3.02913197
7988,2.510197673
5450,2.447101258
5567,2.030539517
8621,2.622790021
4502,2.656277224
4158,2.621685132
5519,2.652158726
4569,2.51923309
3448,2.785271512
6191,2.529581249
6229,2.458433814
6747,2.107414427
1486,2.614806114
3296,2.161874329
487,2.896378966
6172,2.564353981
5885,2.986227788
8436,2.429705651
1892,2.734422244
554,2.947099911
4259,2.765104666
2116,2.603591202
2768,2.564362229
8133,2.441387301
1742,2.792593433
2035,2.324602856
3199,2.527430501
7355,2.575586738
1110,2.471480375
4575,2.713795962
4075,2.718953493
1739,2.827874554
7160,2.520773131
102,2.851815914
663,2.487421976
239,2.366855338
8505,2.597035134
4118,2.62073185
1901,2.742242559
5546,2.498360016
7443,2.887484349
8988,2.39131968
7977,2.498178079
4674,2.496550685
2612,2.914898863
7271,2.890550656
560,2.522526597
2914,2.503693701
1407,2.694562234
8644,2.531363181
5308,2.291499569
9063,2.786572717
4839,2.427756154
786,2.664994011
457,2.701100438
8656,2.904064612
2316,2.649981601
5202,2.810410932
3953,2.331952736
932,2.463201234
2411,2.960399363
677,2.651679725
9692,2.431224535
6032,2.621033915
5763,2.879136712
5726,2.378284795
8302,2.655678169
7948,2.615987873
8291,2.829261133
963,2.531490084
4460,2.732027501
8041,2.827433675
9587,2.168676708
6,2.646728734
6604,2.446246996
3334,2.490223198
9597,2.868217038
6920,2.454117548
3771,2.871691054
1684,2.453857877
2138,2.551571482
8637,2.776703102
6708,2.515582936
2196,2.887445059
8594,2.335831293
9173,2.486971275
5196,2.76448441
3825,2.211910362
6454,3.010820999
4221,2.996713021
4106,2.748878037
3191,2.73898926
6633,2.623600349
2784,2.564026791
6730,2.755392278
1405,2.845194734
5600,2.737997867
2160,2.794529448
7689,2.34559636
570,2.510759927
9802,2.685932822
6751,2.379361171
8707,2.157767737
3677,2.480470213
2992,2.585743625
1903,2.550284542
8646,2.575219468
7673,2.830210134
7191,2.815446689
4626,2.945221111
7404,2.547828372
2749,2.796749762
1401,2.553334145
3688,2.623979118
2820,2.57674834
6590,2.753041298
8294,2.941423995
3316,2.513376963
9070,2.403994289
8047,2.277910784
8235,2.696536405
9653,2.645693396
659,2.777545866
5581,2.679983874
8674,2.514595552
7334,2.62664307
2344,2.441010599
778,2.619381928
7054,2.737463728
6490,2.628668007
4817,2.54679552
5286,2.599200089
7685,2.806272134
3938,2.72030396
6857,2.555971758
5965,2.096151004
9548,2.452588794
7047,2.438652687
4993,2.887091917
5820,2.562872133
3431,2.303167758
6138,1.906745563
8789,2.493207542
1456,2.634323965
4851,2.56363927
83,2.681231943
3180,2.894394457
5862,2.532498361
1837,2.736660782
190,2.793128304
5897,2.715147569
3377,2.334016924
8654,3.031988526
6355,2.813665407
9480,1.961628708
3690,2.676403425
1733,2.897579262
4814,2.567194672
6624,2.839691095
6948,2.806585957
3883,2.732814617
598,2.575276506
5472,2.665608326
8750,2.78075452
9367,2.705299651
6727,2.41576234
4305,2.750903218
2629,2.68281995
7661,2.453790473
8693,2.716458751
1418,2.765449734
2827,2.562804454
304,2.964461731
8044,2.815008829
4180,2.716738156
838,2.74581332
9497,2.915941789
7386,2.667005008
7707,2.863061338
3865,2.361843598
8609,2.480647356
6119,2.605328602
7358,2.86722489
5151,2.922053738
1695,2.556329773
888,2.563102561
7808,2.994760161
9861,2.121896388
3549,2.531668936
630,3.026962575
3357,2.516628345
7203,2.594294979
8935,2.888848197
5216,2.46366809
2628,2.735089903
4028,2.155466839
1440,2.519087639
8956,2.808429516
1879,2.111801464
3779,2.374474526
5877,2.59431911
399,2.521214834
9559,2.573912458
389,2.448697573
9174,2.323902393
8004,2.618767501
2484,2.471402396
1624,2.806714185
8028,2.228976014
1112,2.743326902
4351,2.607128192
615,2.713031103
7255,2.551276847
4299,2.329471686
379,2.651983296
9317,2.623146653
8001,2.554729728
4271,2.634440856
3936,2.723408163
3650,2.503538973
6728,2.761754717
8814,2.435045451
9624,2.411739541
8331,2.206312087
9526,2.810774793
7665,2.55525471
4671,2.392176233
8,2.766822404
2632,2.809333099
9461,2.666469594
8283,2.765817162
3669,2.688375579
283,2.530854343
9760,2.669615262
6699,3.010999591
7655,2.170583157
3100,2.68558355
6106,2.634843941
1444,2.3852816
9623,2.78301882
395,2.546232351
1203,2.661481468
9615,2.800101637
3824,2.455618904
7583,2.598168643
6922,2.654503097
1719,2.823686011
7196,2.410163772
620,2.628801422
1890,3.002307434
198,2.558964973
5223,2.334455681
9550,2.433569418
4156,2.704705381
7224,2.68051504
6750,2.85495217
4492,2.661929111
3957,2.920653453
4691,2.108291604
3536,2.554921579
196,2.413040789
819,2.727430407
4268,2.403615804
1588,2.638765997
2021,2.658790878
3058,2.750821046
2181,2.486670397
7069,2.567825643
3467,2.734763105
1980,2.385489568
5808,3.055001802
7756,2.369606731
5749,2.626898703
3091,2.54707829
5432,2.786507592
9827,2.67728762
3470,2.657088115
5107,2.316378133
9816,2.790431345
4430,2.763155055
730,2.732253906
2770,2.522895138
2669,2.492174597
3817,2.72819784
7736,2.392158935
9108,2.573176399
6650,2.481533684
3935,2.592758886
1030,2.524482156
3735,2.652667972
9701,2.450259237
3410,2.608727836
6748,2.668157196
2862,2.251135542
6285,2.282891157
4376,2.623008975
3700,2.677648202
5671,2.283656096
5867,2.764085974
6703,2.707652827
3886,2.785495428
3175,2.49834981
6532,2.372872763
5436,2.172736845
936,2.173936762
6818,2.550405016
6626,2.851402121
9343,2.600372994
1335,2.470279455
810,2.922800775
3718,2.628074557
5890,1.984680964
8571,2.683296829
9255,2.803034225
5353,2.858395539
3991,2.33583945
9065,2.338234253
8795,2.647186787
2352,2.542338624
9875,2.513293581
7894,2.698323773
8558,2.780273786
3373,2.403660326
3701,2.560888508
8623,2.634222209
8120,2.511762512
2271,2.523746277
3756,2.606000139
6625,2.03260096
6404,2.570640996
4757,2.574027679
7558,2.642669249
256,2.405679354
3064,2.62199931
2850,3.034962228
4683,2.384498287
136,2.455650538
5587,2.252434659
4327,2.668009231
9185,2.500693549
9381,2.553358216
9493,2.862312333
9151,2.515094909
3970,2.688550707
5534,2.750713988
1928,2.49523434
7480,2.842589566
1663,2.919995951
6858,2.916898132
101,2.508677034
1206,2.626943089
2139,2.720104687
9005,2.970309051
7925,2.475094598
5784,2.657559988
3546,2.667800817
1166,2.683452131
3553,2.578011409
4669,2.622978519
3345,2.445813184
920,2.275778298
6786,2.779478597
4442,2.80814048
5291,2.87942761
495,2.705758878
7807,2.552339375
1702,2.364987283
9927,2.927433675
4905,2.384326121
4254,2.838978064
2050,2.512882914
9673,2.335001629
356,2.115910556
84,2.003106531
5835,2.887882852
4166,2.563733003
5117,2.601629462
7973,2.464739198
7694,2.917621346
8138,2.647750949
9674,2.415081432
3613,2.441943878
8720,2.461222483
3096,2.767409351
5332,2.576333534
3493,2.353509263
715,2.5504737
8659,2.823991726
7927,2.178704578
3647,2.780917511
6999,2.708396946
5413,2.773614685
4125,2.786654021
7762,2.491469383
7526,2.752681082
3132,2.932891682
220,2.247285454
4495,2.426493563
9466,2.804620854
8912,2.658693856
9854,2.646524452
6507,2.366501347
2910,2.718202531
4768,2.745103459
3833,2.419246201
7744,2.427707283
6405,2.70584609
8029,2.677068485
2323,2.518629669
6563,2.461984406
1970,2.867475667
3497,2.606448719
1781,2.742463453
6516,2.952518786
4389,2.343569489
2650,2.727970917
9503,2.667686794
6209,2.820310959
9228,2.740598518
4064,2.635305047
5907,2.872225107
4375,3.022691303
2091,2.657909966
7473,2.807294975
9728,2.384737368
2259,2.705750139
9322,2.76249095
9245,2.552512643
8156,2.656336227
4454,2.670104939
8788,2.731918824
6724,2.881707107
8269,2.931548847
1601,2.839032506
4370,2.543526008
109,3.033185276
3468,2.779625523
4795,2.583601229
7291,2.423952691
7758,2.291356015
4771,2.544696936
3325,2.339281291
4977,2.775083629
8428,2.9175982
6889,2.578835226
5621,2.611677447
5249,2.673002888
6398,2.565481808
9813,2.411304401
1898,2.729351422
2724,3.012905964
4907,2.865350966
2375,2.678623046
421,2.440095051
2800,2.582609156
1815,2.811421167
8870,2.872227294
5495,2.799869916
5818,2.736046753
2217,2.799509786
9792,2.445878251
2964,2.592917046
3664,3.082804682
6126,2.692625077
2466,2.733927761
9358,2.351297956
1129,2.126192695
9883,2.500178352
9824,2.320033919
7589,2.552422829
3846,2.910281049
2738,2.530727579
2403,2.475248424
1557,2.448472229
9793,2.629088465
8167,2.627953896
2051,2.413996094
465,2.488939498
9704,2.309436227
4836,3.010084957
9502,2.732301044
1398,2.890940296
2093,2.912870144
4604,2.873754648
2991,2.423388152
2589,2.584929312
4425,2.524813389
1328,2.865672762
9926,2.517896382
2009,2.508166913
6802,2.691000226
8801,2.841704772
1729,2.547466711
1899,2.935820048
8952,2.521894863
1377,2.769841894
1730,2.731400222
2452,2.655655125
5698,2.941515523
8999,2.509415809
4845,2.761100492
9062,2.3879201
4488,2.82232498
2015,2.796630154
8951,2.60643188
3877,2.240500707
8898,2.807368751
7708,2.291811351
3406,2.429510217
1904,2.591597135
9632,2.599791496
3514,2.479507887
4040,2.527626471
3040,2.39928949
6775,2.301239071
9372,2.715346157
6627,2.871917944
5127,2.624605077
5421,2.367638193
3733,2.312599261
5883,2.903690624
7885,2.71781164
4767,2.547951048
5521,2.660415387
7408,2.684331598
3849,2.580249128
9223,2.736712846
3964,2.553846113
802,2.513800407
8891,2.860322219
4896,2.774890385
3314,2.404780401
4998,2.175908652
6447,2.252669413
2863,2.51576095
9987,2.567680066
1439,2.600472636
7345,2.812523221
9998,2.466223289
6394,2.873241744
7330,2.633299327
9033,2.844361866
6316,2.99868054
2297,2.156205789
2594,2.419767278
4393,2.858319388
9512,2.561852869
9293,2.744841767
2625,1.94502606
9605,2.575548493
558,2.643010304
4477,2.474667639
9000,2.057818999
5733,2.259392565
9997,2.622646308
8866,2.49411707
1268,2.872194076
3822,2.847865648
1734,2.644751463
3591,2.670152089
7128,2.537060766
5211,2.062153524
3043,2.459327812
6262,2.675350405
4509,2.705877016
1395,2.802857042
5930,2.796279676
1896,2.543417007
9279,2.733790736
8224,2.494953915
9273,2.570745801
4309,2.789850776
7960,3.053406118
8815,2.653139235
2353,2.642575701
4010,2.690045571
8423,2.704363117
1297,2.814943398
6819,2.372336427
6742,2.807380616
7682,2.678626593
5192,2.498239073
2952,2.542753262
4501,2.727524181
5496,2.92810638
1104,2.67511733
2277,2.981173608
8166,2.539517107
7627,2.709512564
5157,2.795997672
1613,2.42278142
8412,2.659204614
7145,2.319626313
9184,2.769854315
4641,2.73067528
1797,2.500511489
9858,2.518863239
7252,2.278007784
267,2.893894919
1272,2.697008826
939,2.554567211
7230,2.917915172
5657,2.555163602
1433,2.554031999
4976,2.576852985
4315,2.926496702
6455,2.560229769
9319,2.627198919
2508,2.886012452
6211,2.43880834
883,2.73839257
4739,2.712820174
7061,2.517680982
2458,2.715294008
8967,2.573850606
7567,2.211905068
1021,2.423638925
2920,2.084952261
5558,2.381317002
3336,2.852897699
8019,2.466033001
6199,2.312382796
5305,2.814664301
2424,2.312858179
2525,2.444834954
7980,2.80617459
4256,2.750802823
584,2.68647608
1819,2.749206211
474,2.719771313
2128,2.53793688
1675,2.671096703
7339,2.029976896
4408,2.540281871
2666,2.67914114
8228,2.838162828
1509,2.636621139
5738,2.372068009
6758,2.501342798
1069,2.770882996
3039,2.603379747
2658,3.041183978
7260,2.428563633
7967,2.199507685
8117,2.382824309
6370,3.00380379
4374,2.816661876
5556,2.955051702
1019,2.7066076
8537,2.41348725
4226,2.656223566
2709,2.590340219
5370,2.884162304
6652,2.29163399
2716,2.411052901
9577,2.531761154
7869,2.679543449
7956,2.353684598
3624,2.675137465
5931,2.599031889
2471,2.407397246
5901,2.450314511
9629,2.675786097
927,2.635341273
3228,2.445177886
2540,2.565115798
1847,2.64559765
95,2.749001555
4805,2.607402605
3246,2.671020272
6565,2.556890436
7626,2.746219253
373,2.688084607
4243,2.621779768
2238,2.826116685
5797,2.513140021
3211,2.331168334
141,2.487926856
9612,2.50520447
6140,1.992848485
3586,2.137371465
576,2.419136481
5624,2.054460436
5596,2.555454346
1577,2.460756082
6503,2.337428669
3707,2.594821855
8934,2.876877529
8984,2.742104795
232,2.746286944
7498,2.512593729
6409,2.634775609
4855,2.656539784
8157,2.836455865
2150,2.486770853
5639,2.560486974
839,2.529688006
1669,2.822471191
6815,2.410742958
7557,2.726271369
9178,2.66020519
3921,2.517915216
5391,2.498271979
6200,2.081537349
4677,2.697679117
53,2.22720394
1327,2.477064916
2911,2.093390516
5651,2.683503493
207,2.993367165
4308,2.521881302
6917,2.715902958
4789,2.539588975
4615,2.575390941
5437,2.414643698
8404,2.8356361
7733,2.588644424
1279,2.780460615
81,2.559168663
1187,2.468075957
4808,2.722812365
8559,2.37707326
710,2.771566457
7635,2.885399749
6852,2.762377464
7575,2.926873273
8179,2.664521561
2427,2.819189406
6609,2.770036064
1024,2.637274864
5951,2.730501965
7388,2.800265543
1028,2.574762648
4151,2.532849136
925,2.934404592
7997,2.370479477
1913,2.586523841
1004,2.801281055
9055,2.416746573
4847,2.425932183
5997,2.577614184
7039,2.623928689
2626,2.325797704
9720,2.440713565
250,2.605477169
7903,2.328409201
8221,2.82031687
3836,2.483267409
3871,2.594738132
7935,2.587121902
3115,2.811648915
148,2.940343642
9939,2.846383061
6942,2.821578802
5320,2.913849594
9651,2.953404811
1363,2.613562976
422,2.639621157
7034,2.615920814
9111,2.344764496
6679,2.804585353
1125,2.597369263
669,2.435697891
1529,2.583997367
732,2.896859863
5242,2.597067281
2806,2.86731488
3055,2.501887205
2884,2.87173764
5188,2.750646129
6396,2.627026012
391,2.726555232
5483,2.732408617
2492,2.486682662
6567,2.61180686
9933,2.825586677
8099,2.609034347
6342,2.623179813
6373,2.822126819
2906,2.644639563
9785,2.260043386
6170,2.784972186
7245,2.477287081
271,2.979154988
804,2.524982247
8222,2.424888865
3000,2.887842695
8927,2.536151124
1526,2.431439392
9357,2.767488589
7251,2.829028629
7532,2.842200338
3059,3.016760801
3959,2.926969497
1994,2.539911254
5405,2.854832942
6468,2.54728455
509,2.680896651
8243,2.628169852
9621,2.376726019
2292,2.999561456
3904,3.075329832
2442,2.485193514
8102,2.418344293
7680,2.710431151
5640,2.896012252
4402,2.564892137
7761,2.514460094
1651,2.483878853
725,2.404877719
374,2.900959577
4901,2.586604805
4036,2.842970762
5204,2.875900705
6313,2.162038024
8706,1.92557644
5233,2.530459553
4236,2.762139586
9058,2.707991827
9630,2.483104424
764,2.788886593
2774,2.123008226
5016,2.912535245
2566,2.648139771
3827,2.59153791
1018,2.618373691
6020,2.851792541
5258,2.760144373
6928,2.429800064
1177,2.809947003
6202,2.786730944
6619,2.65806737
4214,2.232955085
6996,2.55923535
1631,2.550752834
5899,2.402843153
9154,2.691804525
573,2.636756542
2948,2.564519786
3071,2.826827067
4,2.783563754
5304,2.722323566
2146,2.750747924
1620,2.628412404
80,2.629121585
6634,2.737403944
3770,2.857863824
4944,2.789129501
5799,2.842637417
9024,2.798210734
8959,2.386518099
4206,2.821601479
4708,2.504793812
5666,3.059547957
7111,2.484069345
2555,2.743542913
4644,2.549531214
4662,2.482808557
5148,2.80287933
8448,2.65992075
8626,2.580626699
2006,2.445546055
4665,2.950036215
1593,2.386283523
7565,2.446456218
6704,2.319082048
1575,2.700597181
6134,2.520835376
2998,2.834431325
2266,2.827886552
937,2.703074317
505,2.344291365
6914,2.507612795
1722,2.821649367
1834,2.870470163
4250,2.634340811
3337,2.644539362
1391,2.752296406
2445,2.569389911
6659,2.587409448
3403,2.72525377
4387,2.791983156
9134,2.885728106
7180,2.155445688
2012,2.123556716
1633,2.180579977
2364,2.924533627
7896,2.65364678
8061,2.31109255
1414,2.737194691
5452,2.963735393
4507,2.428234864
9908,2.232088583
8262,2.970969591
9230,1.816977263
6101,2.777606272
435,2.251190311
7063,2.636200976
9787,2.76217304
5093,2.663289244
497,2.58796997
2898,2.643736163
3956,2.622620558
4953,2.554520628
9810,2.913133224
7538,2.475257899
5756,2.555275271
4100,2.703563339
3791,2.34742588
7106,2.438912963
461,2.792946703
1152,2.349308899
9226,2.630277001
104,2.716466443
4589,2.333046905
3712,2.395233648
1262,2.531681759
4001,2.506705093
2200,2.149914417
4136,2.694987933
9475,2.563222159
1778,2.452232728
8352,2.67149739
6117,2.448548805
1995,2.534945589
7789,2.644314728
2801,2.772559603
1393,2.931421009
5186,3.007525247
6536,2.691257048
8821,2.627371031
3268,2.45989506
3261,2.451678247
7851,2.794858358
2417,2.466825368
4627,2.72933961
9176,2.201915924
8151,2.582378821
1314,2.647843417
1803,2.278854783
3108,2.765455464
2392,2.337591488
6684,2.375279499
7593,2.810781648
1369,2.165944252
967,2.281921688
4293,2.651722464
8809,2.557299555
7759,2.652107735
7175,2.221692809
3082,2.598181539
8365,2.700677243
8657,2.342480274
7994,2.464818839
1330,2.385675537
9892,2.824653308
4141,2.569328199
5087,2.905801793
3148,2.501996025
9476,2.853060575
6842,2.646941803
7764,2.863117675
876,2.629231134
3755,2.819256744
3646,2.709534004
1993,2.234937186
6543,2.82905245
1594,2.415956932
3437,2.536349051
7425,2.481974728
3532,2.576531399
4431,2.798576266
9036,2.656369769
5789,2.289467762
2121,2.327207626
2478,2.457107332
6663,2.694472714
2401,2.424255377
3540,2.826931888
1452,2.499336767
4826,2.668966642
2061,2.832342966
9002,2.772924507
128,2.591551901
3473,2.287214031
3475,2.841316121
7771,2.642628246
2349,2.626384936
3908,2.567216452
9925,2.596659643
5914,2.668286881
69,2.615630925
8453,2.656163586
650,2.462757493
9870,2.908305108
2229,2.699635816
3744,2.734658673
4761,2.674031737
9321,2.634788259
4165,2.772133227
1397,2.068949328
4959,2.593145757
5775,2.5497569
9336,2.706703608
5988,2.44886138
3484,2.482583402
6916,2.630829146
5009,1.819244044
4251,2.488572302
4889,1.841145414
8461,2.836061732
6707,2.696389072
122,2.67029757
8569,2.84616342
2732,2.616030415
2563,2.383733863
5300,2.754662928
6336,2.245757818
8018,2.657995426
3134,2.581674908
4160,2.373124784
3583,2.134985807
2531,2.384471901
1052,2.736291132
7610,2.815448885
9157,2.672705475
7724,2.734586948
1356,2.508177894
9448,2.725779866
242,2.93060059
3171,2.912779427
3178,2.994350549
3350,2.5708137
8885,2.838780333
5670,2.661332704
6607,2.343875014
597,2.677476524
2300,2.726933869
2529,2.882879926
6133,2.795452671
1627,2.760268431
9039,2.873765827
5499,2.669010787
6600,2.990311968
3464,2.844839347
5044,2.306608104
1403,2.298117392
9356,2.617102753
2430,2.57275142
6962,3.018472348
5473,2.342121361
6274,2.745754784
3843,2.573604919
8899,2.566344982
6647,2.311727128
8776,2.230379552
4090,2.754042942
6556,2.541612234
97,2.810031979
9331,2.709983198
3394,2.476109183
2482,2.470691393
1514,2.521626706
2744,2.673880297
4745,2.401246519
4164,2.573334778
5448,2.877787812
9817,2.860864735
8435,2.927674492
7153,2.447925398
4143,2.329734062
3421,2.914841226
8046,2.433559553
6872,1.926241325
8247,1.988774947
1451,2.524320935
8483,2.64305877
9456,2.517425087
5359,2.760697009
7916,2.426409986
492,2.447252888
9679,2.822557578
8420,2.497910769
7755,2.695595282
4879,2.81635955
4468,2.695281722
7616,2.749761531
5611,2.743852996
8977,2.578256557
8978,2.873894393
8539,2.78866539
5962,2.857472777
9600,2.711408453
5895,2.566786783
3922,2.916939993
9490,2.093719278
2668,2.628115421
7506,2.847975058
7992,2.484248834
1595,2.54287228
4763,2.758599508
1856,2.776761396
7006,2.94680526
2438,2.581590789
4104,2.66006719
6457,2.27181097
4859,2.613494781
3145,2.612870892
3534,2.91880137
4419,2.962985742
2013,2.446577765
2600,2.600693142
4670,2.13313897
2616,2.978158068
6143,2.58071086
394,2.819813243
6475,2.729693628
9544,2.620224535
3752,2.494875438
8195,2.940454368
3971,2.520971053
5575,2.214611902
3234,2.700050033
9294,2.607211553
9385,2.88825404
5783,2.84775379
3794,2.78735133
6045,2.521041698
9349,2.759391699
1138,2.510837561
8489,2.573553432
7855,2.759209018
8564,2.678600786
6925,2.672539657
4362,2.475922075
6534,2.65200317
9636,2.470242218
3535,2.526013148
7770,2.654705517
3944,2.870296016
5791,2.665568828
7842,2.621651226
4610,2.143366779
6245,2.689000135
5920,2.622000349
5396,2.821382003
7496,2.419249067
4071,2.328613283
787,2.809406335
5927,2.923793958
7179,2.671845474
749,2.897310564
4112,2.646732029
172,2.653859761
3648,2.801731775
4609,2.304542708
9900,2.974765778
7699,2.349099587
9424,2.576689403
5785,2.627255242
2055,2.526425451
5460,2.762655667
2439,2.744482003
9303,2.49627483
7975,2.830350626
9031,2.839873078
9308,2.821998679
3170,2.425955142
2931,2.582064748
28,2.678404135
7812,2.717387456
7461,2.69524976
3838,2.674744245
7500,2.426310382
442,2.97297804
4932,2.506119436
2619,2.539685497
3649,2.313353452
4803,2.402137514
6425,2.680113347
3590,3.012392589
9453,2.052817338
6946,2.512896893
8701,2.560177435
8374,2.879540179
595,2.556289496
6218,2.520312774
6374,2.696702684
1721,2.679579302
4055,2.619108037
3689,2.689649351
9696,2.455820324
6024,2.218707677
7800,2.703000523
5306,2.834614979
6123,2.817829453
124,2.596659522
3125,2.611248961
1652,2.45368901
9399,2.615270231
8699,2.425525609
59,2.70098501
8127,3.046588006
9805,2.939488736
2343,2.657299274
9889,2.755000167
2040,2.918713402
1820,2.74376239
6094,2.929195756
2500,2.615516584
4307,2.322692327
3383,2.631648851
3121,2.449346394
7293,2.815508284
4498,2.392503568
3850,2.768809004
8996,2.40108457
9724,2.659297211
676,2.398612698
5313,2.781179407
6296,2.934185613
673,2.798362465
2260,2.210529795
7424,2.60728138
2377,2.687802363
8520,2.449303439
1562,2.72359503
8894,2.716564307
5681,1.802552862
4058,2.862978369
9138,2.923994728
4821,2.800866073
7483,2.509590358
5944,2.579249108
6666,2.67539857
8900,2.507459072
238,2.543791658
22,2.869818957
8506,2.780918095
9895,2.693268348
9053,3.031442705
3093,2.658881631
3660,2.412181954
8802,2.810603432
7004,2.644539176
1061,1.837835803
5434,2.504429617
966,2.453932578
3873,2.353802093
7029,2.204568541
3768,2.699295545
1752,2.589128037
738,2.875390545
1591,2.749928513
7274,2.51226568
6067,2.546240517
816,2.702320028
2479,2.329586576
2665,2.353570808
2781,2.673615479
3028,2.984394771
7267,2.858435468
1373,2.246647027
9694,2.655285731
201,2.756668192
2336,2.46097597
947,2.579061559
626,2.012698693
4319,2.458594023
1763,2.845830242
4269,2.697838184
8669,2.609879675
3212,2.536703416
1545,2.557987572
5915,2.682789354
3196,2.616404719
6308,2.725914765
23,2.598617901
6734,2.596543897
1741,2.721531493
2409,2.721459773
6956,2.983202607
480,3.004940376
1714,2.724738005
1876,2.777139338
5597,2.694688071
4056,2.463047821
9801,2.252025112
4949,2.58825412
6095,2.808050643
3114,2.91762973
8962,2.584997349
3137,2.724025037
3751,2.699970099
6479,2.753357337
5888,2.510883543
4576,2.443120906
4135,2.693955834
9685,2.656545803
8298,3.072127811
9267,2.574424649
9126,2.87571244
2919,2.754482257
7746,2.609095771
5838,2.542123895
3498,2.642367242
612,2.590649798
2370,2.707338295
6239,2.838512665
445,2.336060438
4744,2.75913993
1288,2.676071431
904,2.604633706
8574,2.708314423
7471,2.555123048
7022,2.57569697
794,2.720810595
3163,2.566155524
1759,2.698846799
2341,2.296065015
499,2.572946723
8091,2.826728575
8833,2.345300541
4060,2.591082453
7958,2.348506277
7901,2.719291958
5129,2.590849723
5526,2.67011228
4297,2.366164142
7107,2.748480849
4936,2.341848621
1032,2.533934248
4864,2.308646644
1578,2.759519592
8901,2.796610118
898,2.593866583
3062,2.602214238
330,2.885954827
7116,2.945555398
6605,2.611187363
5863,2.833596926
4699,2.638212189
8214,2.315055529
1704,2.654668409
8861,2.118458566
371,2.586088046
7555,2.882643761
316,2.521355605
971,2.489077796
4455,2.815665529
4843,2.354841644
830,2.389593635
1689,2.465012402
3090,2.629660325
1887,2.768836693
916,2.613648669
840,2.778794937
9897,2.81477748
1884,2.56472713
1394,2.674772329
9315,2.392010283
7140,2.861035733
5327,2.627396402
782,2.796643351
5735,2.60802326
2512,2.06351911
6871,2.682026973
7848,2.555243501
8647,2.465604824
903,2.74799777
1295,1.820423628
7750,2.724795224
55,2.865462726
5934,2.571228121
4536,2.390390662
727,2.884846727
4679,2.922441496
7979,2.800816368
7816,2.613329779
7027,2.554206904
472,2.649057036
3454,2.829901527
6943,2.235730993
7734,2.618981385
1961,2.481974054
2496,2.78085277
5548,2.795498382
8924,2.647051189
1906,2.702525213
335,2.745944136
9110,2.049362966
9709,2.906550019
2645,2.944397238
4880,2.93189489
1653,2.629081244
7201,2.481814847
8783,2.755159459
7451,2.65502088
6511,2.515602676
5252,2.522100497
3762,2.157481484
7360,2.216300216
7940,2.499067126
6950,3.099002651
2152,2.583732776
5572,2.225289828
9857,2.170081638
4366,2.833692609
9911,2.285833365
7931,2.870256642
226,2.406133335
4623,2.274068355
9107,1.855429677
9042,2.711922074
5159,3.277042305
4505,2.811306955
8487,2.925377967
4728,2.60499238
5707,2.401110623
1399,2.574048294
9504,2.452128728
8602,2.536017709
4917,2.808693094
6284,2.563600682
8608,2.791591721
4605,2.922285997
6321,2.01130164
6957,2.043832523
3619,2.6341299
2756,2.700096511
62,2.175066463
8416,2.705656288
8040,2.624816878
6930,2.174171827
5966,2.754469246
4067,2.417615986
1189,2.462184422
7519,2.501305699
3138,2.455567835
6777,2.81915207
6146,2.724734096
3307,2.938836859
3799,2.587290549
4294,2.747152084
209,2.678405253
6165,2.321501403
9379,2.804502461
9913,3.141772642
8911,2.824689201
3372,2.18254828
7042,2.728494526
2048,2.780913363
2973,2.78482764
4941,2.831591438
4257,2.865827874
3620,2.679316154
3388,2.459123874
9435,2.650082162
8472,2.498435361
4113,2.697932123
7040,2.742602211
8998,2.461002911
6267,2.282325859
1026,2.351144678
121,2.401558135
1686,2.743030282
2511,2.525135473
5943,2.69561526
4358,2.483987873
896,3.059521608
9956,2.754351117
9249,2.565862899
1083,2.632531531
4791,2.867444218
4709,2.325611446
7285,2.759248107
9944,2.897877326
7614,2.66450091
9766,2.219160748
7246,2.36692728
2865,2.972905864
1762,2.71657709
3436,2.440246238
862,2.600725251
9137,2.677700247
9076,2.632128758
9993,2.313980119
2685,2.91456551
8239,2.554645557
1441,2.501301721
143,2.776755912
9396,2.44292756
6675,2.616601931
9513,2.605937792
6056,2.376251187
2571,2.645002959
381,2.759870912
429,2.917089217
2903,2.60687174
6387,2.830436809
8937,2.34709253
6945,2.747518546
6668,2.491778666
4965,2.857258474
5422,2.624261786
8390,2.169010385
125,2.747457043
5176,2.56192124
8817,2.899725256
843,2.849177217
1438,2.545136939
9706,2.796243243
8479,2.922904409
931,2.768326288
8185,2.850780928
9449,2.692218006
4169,2.428962271
7622,2.656500118
6700,2.555839789
14,2.726845157
1077,2.500011293
6330,2.632596627
1329,2.770562521
5445,2.780837659
5226,2.331735518
5497,2.526905182
2453,2.583218621
1062,2.742262763
5423,2.571228427
7064,2.420052137
9388,2.498265468
4806,1.998478362
9681,2.594529404
1869,2.86634732
5936,1.901785928
2959,2.671689949
2282,2.752417947
1223,3.028973423
3906,2.661860554
7957,2.787823489
7170,2.422667693
3150,2.696892764
5069,2.630675103
6788,2.148118464
7177,2.494275813
6521,2.562187424
4350,2.497348687
6120,2.82376317
2537,3.047869536
4813,2.425998905
6561,2.536673689
1964,2.378147619
8244,2.881525832
1102,2.511282375
9658,2.7425623
2804,2.436239136
223,2.721430851
3695,2.854087713
9776,2.403050531
1490,2.770458113
3322,2.911028136
312,2.293409459
6859,2.604148685
3569,2.668313755
4816,2.59891677
504,2.297397634
5802,2.534974153
7213,2.777765337
643,2.744266879
2958,3.007971111
3391,2.459377401
9060,2.410043655
7677,2.509726288
5861,2.747443788
8232,2.617506956
9962,2.246560865
5881,2.441244635
1939,2.020065508
6058,2.419158642
424,2.415313273
4743,2.942889353
3675,2.51517959
2307,2.580069491
2209,2.6391705
7198,2.453121938
5623,2.750685645
12,2.746698469
3291,2.611020322
8379,2.658339193
9167,2.773254681
1493,2.526140729
8335,2.66292489
2509,2.600951424
3340,2.552346487
7941,2.565392349
2231,2.777153911
4409,2.555138895
7018,2.845287022
8062,2.540846059
4559,2.33066841
3118,2.743353256
9433,2.736401096
2557,2.67676475
4205,2.733890711
8341,2.67851395
7158,2.532635392
3364,2.441465551
9869,2.813945172
4867,2.946410075
2667,2.486417479
5125,2.55998611
1207,2.987484603
538,3.041197417
318,2.893535497
6795,2.900324936
2819,2.301275989
4861,2.68585397
370,2.061234267
7560,2.186472729
8328,2.716683461
1737,2.73146143
7697,2.848399894
6847,2.490087485
6287,2.853601469
929,2.916078196
9749,2.353344017
2280,2.436870401
8583,2.613208728
1167,2.798567118
9146,2.554081816
9741,2.461211919
5730,2.611128852
5704,2.565387757
7731,2.43530122
7169,3.018538593
8694,2.70395819
5456,2.680157944
625,2.949526685
9001,2.88738114
4663,2.29275282
7481,2.482005024
2076,2.768285813
9661,2.711923604
5851,2.821768541
5042,2.653212048
3729,2.492720699
3968,2.880806378
8514,2.640707812
7822,2.373766062
7385,2.648796399
6219,2.639334663
1968,2.658756932
6060,2.978105418
5557,2.862339603
3005,2.697431889
8880,2.566384725
8512,2.942370474
9583,2.790479414
8709,2.444429613
7195,2.769427636
2165,2.723097409
6376,2.604669226
5928,2.368631802
1599,2.702552348
4782,2.416625207
5459,2.752618365
3010,2.855544006
3485,2.158398152
6116,2.793744499
9521,2.677638131
4198,2.776613043
4095,2.603509431
3644,2.919190261
8456,2.57537577
3193,2.615163007
9067,2.899495747
1789,2.847407224
9,2.812132269
6268,2.475112279
1341,2.76028106
3079,2.719673659
428,2.437630481
1316,2.900024207
7573,2.79028704
2263,2.549535372
3424,2.607166662
2191,2.823062971
3015,2.666614254
8746,2.818978169
5240,2.455502734
5923,2.011204665
9285,2.71681069
1942,2.550451855
668,3.112270359
3157,2.677826565
3746,2.882771418
5620,2.737627564
2049,2.346540656
3529,2.470354391
231,2.662252722
5356,2.632594825
181,2.53795817
683,2.764764042
1276,2.719301053
1067,2.821832668
4983,2.724521441
4231,2.621355009
6141,2.951796152
3284,2.830113029
2491,2.627772231
1638,2.717925853
5385,2.625863484
6168,2.815168019
9688,2.159911756
8904,2.631724362
3306,2.612290697
2792,2.419360974
2947,2.404982595
9465,2.693320691
8551,2.846416596
7679,2.987081071
4988,2.783161503
5864,2.76176109
6228,2.29224696
2399,2.831650483
6085,2.473309074
2242,2.764524014
2731,2.751130161
9028,2.914931067
177,2.539330138
6493,2.555292739
8433,2.587061079
7688,2.471600895
1196,2.342603651
1502,2.692589286
2192,2.841885216
5793,2.411252808
5200,2.471741452
3571,2.764767385
9617,2.207021843
6769,2.729937006
8851,2.634368142
7970,2.850454712
3167,2.64804011
7284,2.457319234
7225,2.477967301
4981,2.471264179
7783,2.18438661
6337,2.533132485
5916,2.643601194
7776,2.567899193
1495,2.944843798
2641,2.632825574
8686,2.546471965
8178,2.760954968
9403,2.428636107
3318,2.272090424
9836,2.769135791
7819,2.689242593
3630,2.952107164
5034,2.529694615
3960,2.705338856
1753,2.594052579
9044,2.653226149
402,2.452272736
2397,2.566392868
4486,2.622376205
1123,2.582402749
8580,2.273132393
2334,2.766004377
3891,2.550549897
7763,2.833046105
5425,2.575370576
6854,2.512277414
4587,2.691929282
7696,2.831524259
6770,2.664784235
396,2.256479172
4450,2.778686089
3408,2.562016597
6838,3.03057629
7551,2.287547102
297,2.541588353
9729,2.857932174
651,2.286002852
529,2.410317213
3434,2.681440028
2657,2.411167009
7576,2.856446533
8452,2.757722327
8981,2.883241943
1460,2.446398112
6826,2.726291951
4242,2.914395454
3233,2.562613622
4748,2.119145322
2372,2.465477825
5759,2.750515007
1574,2.251318941
5629,2.67551165
6984,2.417269679
5285,2.605295949
7416,2.410565137
9441,2.552897731
2056,2.501166037
8611,2.624991054
6406,2.476209076
2002,2.641809209
2293,2.519938469
5908,2.605672548
863,2.872349263
7678,2.603090175
5417,2.357936393
6729,2.591153164
3343,2.586046324
2044,2.717252382
282,2.95366372
1082,2.741275523
1572,2.818116682
942,2.719562242
3323,2.206358173
470,2.39628718
670,2.695638908
2521,2.832228206
5407,2.6619462
8181,2.484446371
5590,2.636953449
793,2.65471536
9518,2.802410309
117,2.445328082
3287,3.073620868
2315,2.597721409
1376,2.586110809
4424,2.764786133
5853,2.766749817
3047,2.763787202
8208,2.534182925
912,2.532972516
961,2.412792156
8324,2.403881491
2617,2.691350053
9530,2.53511147
1446,2.530756014
1605,2.633774299
9221,2.469764918
4167,2.996239793
1185,2.679237247
2686,2.566853979
3101,2.473715853
8914,2.530255374
3188,2.525257795
9287,2.145439262
9610,2.819127816
9756,2.805998718
9258,2.454289165
6973,2.538720121
1141,2.614416344
6583,2.713327047
3579,2.563834604
6333,2.916201995
7460,2.459652061
9128,2.577606564
4197,2.504250309
7487,2.655530276
1302,2.563059399
6672,2.94808175
4908,2.870396151
375,2.369158984
6785,2.67006432
5486,2.908148705
2976,2.483068184
6451,2.982363456
448,2.6102399
4785,2.865296981
2080,2.726882142
1977,2.37995481
8191,2.704237674
7024,2.472483431
6804,3.070490936
8675,2.801113233
6753,2.734193918
3476,2.961075214
4031,2.989866446
5882,2.885158085
2499,2.856694715
1148,2.49641166
259,2.45792922
1725,2.408550824
6365,2.662290091
3788,2.698726201
4793,2.847995356
3787,2.862524718
9873,2.974468757
2428,2.714028905
3738,2.457856544
9732,2.777446892
2368,2.566259176
2136,2.870284502
5462,2.490256557
8954,2.818161442
7933,2.530212709
3625,2.510744928
6615,2.885955517
2326,2.51016123
5538,2.736124008
4514,2.478750402
5455,3.052117371
1014,2.618229216
4542,2.880047593
331,2.863386953
3845,2.647677285
9440,2.944471597
9783,2.768014661
4074,2.744041095
9310,2.912068256
5411,2.997525084
7993,2.68908218
3457,2.729578586
8560,2.613088099
9074,2.569496893
3673,2.552573252
5869,2.773908838
9422,2.83682818
1978,2.77173847
3743,2.380292608
2053,2.093346159
2132,2.609808801
1877,2.454225097
614,2.579011381
1188,2.656526024
1940,2.359601901
1471,2.397100554
8342,2.624041661
6164,2.709647244
8007,3.042557106
9884,2.652994804
7373,2.280940283
263,2.316564826
8405,2.01904601
2711,2.326851526
3242,2.709512688
6019,2.881883633
8330,2.701068519
7876,2.887168119
7597,2.545379212
7606,2.394940018
7983,2.968099773
4935,2.412249697
5847,2.153048346
1063,2.519128839
571,2.765278156
5075,2.482680009
5050,2.290521292
4818,2.46672823
1164,2.69157706
6318,2.831853778
4217,2.492989348
5365,2.800862094
5589,2.766707843
4472,2.587510401
7684,2.540316983
3731,2.586623503
86,2.628102403
6692,2.552141164
4199,2.424514534
3966,2.919389957
2913,2.578167416
6179,2.559861682
8573,2.638627434
9535,2.912164463
9454,2.671215251
5292,2.298277822
741,2.588953334
1918,2.942844545
9920,2.943598348
4200,2.700703407
6544,2.287090437
5641,2.55527796
2302,2.6847055
1197,2.499968444
2100,2.84587603
5963,2.541438796
1825,2.488953074
1598,2.769051222
2603,2.286285904
537,2.850501492
8738,2.688275767
2960,2.959930036
1938,2.278744112
6297,2.755960611
359,2.975154401
7542,2.813063229
2288,2.270731695
6879,2.276223323
4922,2.600706155
8742,2.482783101
3570,2.809771422
5363,2.859577733
5228,2.485116035
8860,2.217521841
8522,2.676079133
108,2.238273217
8982,2.120344208
6823,2.444725356
9398,2.435169316
7082,2.785586892
957,2.877803848
3581,2.816280508
1586,2.733936947
7383,2.721673351
2853,2.485532186
4834,2.438421644
7730,2.510919945
1071,2.520603801
2775,2.438880435
6359,2.455422188
8651,2.736916211
6919,2.63904654
8030,2.466421433
9431,2.865022347
6263,2.567590749
1477,2.679913637
1191,2.882666879
5830,2.725185001
7115,2.790918304
2350,2.764634872
2299,2.90582257
3645,2.620025388
4076,2.530073806
5872,2.826219202
7706,2.400589731
2693,2.526771688
2957,2.789806276
5170,2.191541866
686,2.518535252
7742,2.833931531
1571,2.857174986
3661,2.693350534
9316,2.700186896
7571,2.638017288
9531,2.639223498
1558,2.682449755
5866,2.858692595
5493,2.872352265
9887,2.763366479
2604,3.105841113
5420,2.703390271
1754,2.393480627
8852,2.524196135
1251,1.815782166
2291,2.832791669
9078,2.630374417
5917,2.725128828
1273,2.999029346
720,2.685160615
9344,2.581255616
2448,2.685264237
5729,2.265324009
7139,2.506890756
2588,2.807636215
8521,2.540662152
6723,2.727370938
3111,2.999225343
4943,2.536082028
3018,2.867461638
1213,2.576234106
7076,2.753116769
7052,2.64952271
1137,2.617296998
5310,2.371645414
385,2.840754947
2444,2.600762425
7303,2.521889731
9620,2.783251395
9085,2.518228529
3593,2.742056195
5052,2.625419944
2110,2.397600863
6050,2.513719983
8733,2.942450294
3777,2.704149473
3521,2.773425375
4562,2.82456231
6799,2.89141399
2017,1.75359379
8544,2.974486911
609,2.866970696
7794,2.17859249
5232,2.383007653
3759,2.565009433
8772,2.597754858
3578,2.712081961
3642,2.413462544
1285,2.529677923
1331,2.572184375
467,2.753151483
7368,2.380908536
2111,2.577169768
7279,2.60201554
4195,2.102034911
8990,2.279540024
4482,2.343800759
7666,2.768066655
3928,2.026992501
8242,2.729484555
6472,2.598220076
8377,2.66812489
716,2.892060423
6320,2.607459244
65,2.564983106
3986,2.42575996
7552,2.550560256
6196,2.381373765
9384,2.827213307
9429,2.595818527
3155,2.800712344
6448,2.291764018
4553,2.870185384
13,2.215089874
3165,2.451060503
2990,2.791509199
9975,2.388349273
953,2.835469237
3371,2.523687574
7799,2.495104286
9946,2.829490563
9165,2.464012201
2675,2.502648944
9607,2.577680632
1190,2.810664136
6208,2.643264008
8635,2.325549811
4530,2.453207997
5517,2.458172398
5542,2.713037914
1289,2.450919821
6524,2.675767164
382,2.52057234
1465,2.871920781
8737,2.567978829
9986,3.061340432
2971,2.21592622
9452,2.446474037
8395,2.697832657
7621,1.879327626
8187,2.63835276
7953,2.608200839
494,2.493478165
2924,2.892242443
4466,2.418316436
8797,2.806197054
7075,2.698695905
5676,2.574697525
8747,2.746905801
5294,2.779572639
1761,2.22905549
9259,2.474624721
476,2.660169009
9517,2.858764957
3225,2.52685124
9642,2.46379753
5453,2.560259689
5569,2.259634268
3257,2.890350142
1422,2.50670216
8913,2.365438888
7912,2.540623581
6972,2.690540252
4444,2.385336454
634,2.624851311
4618,2.679525526
5952,2.458975303
9015,2.721340011
3694,2.68371402
4873,2.804497177
4649,2.72785666
9968,2.875111312
8125,2.298190674
1385,2.349447641
6400,2.460046181
4773,2.7458923
5311,2.987845248
7011,2.464317901
1936,2.656262957
3997,2.47623367
6011,2.53035679
2215,2.722324293
1466,2.814149841
4831,2.46908077
1891,2.762533131
6695,2.681638176
8545,2.917270664
2895,2.599090514
8281,2.754163499
5552,2.400418524
5781,2.663473238
5878,2.681647036
3897,2.5451037
1566,2.69396065
9122,2.698692964
4202,2.80655148
5537,2.407064116
5239,2.574480371
1008,2.939394872
2113,2.768139321
5443,2.90545523
3982,2.580209429
7431,2.793872529
7939,2.942929786
779,2.95811159
775,2.425414793
2961,2.775680992
3327,2.603202193
2485,2.843746618
3507,2.318958914
845,2.666810895
8762,2.581330024
1810,2.164026647
7214,2.415408895
5172,2.233715129
6348,2.391763097
7446,2.520722478
7178,2.517362119
2994,2.752210269
4277,2.207272981
7324,2.646013945
6694,2.539211986
134,2.922232253
8013,2.8539289
6080,2.751863725
3955,2.476861934
2637,2.504224726
6112,2.333244114
6495,2.964019704
1366,2.699690364
759,2.867738301
9320,2.782495266
7189,2.896208288
1210,2.440950984
10000,2.361499123
9299,2.491584342
522,2.497001184
1097,2.894835659
1180,2.340868942
9677,2.675039338
7511,2.859361458
999,2.829725584
1639,2.784512739
6148,2.738033843
1617,2.553487804
1924,2.53130594
8094,2.743200908
5055,2.705525016
8363,2.951059161
8002,2.299687271
5251,2.634629951
6136,2.507076427
8588,2.424876207
7273,2.904816346
6413,2.796931675
8005,2.871083481
5840,2.604238087
5201,2.511656751
5520,2.690820481
9082,2.881621851
9574,2.654668207
2505,2.505146702
9425,2.817237701
4723,2.646074986
265,2.536407732
2232,2.76363154
5174,2.462003226
3993,2.364266438
348,2.408575491
4919,2.032119425
4253,3.065517238
6046,2.797859259
4087,2.307359938
7242,2.337186398
6830,2.138744475
856,2.502126118
9863,2.567742106
3013,2.167308743
3315,2.424211333
797,2.635778454
2928,2.474697134
5321,2.65887529
1838,2.436552352
6190,2.555283787
922,2.712822066
8447,2.803778657
1582,2.872445979
8303,2.563317858
7853,2.667160389
2335,2.630347994
5074,2.569916163
6778,2.643139837
9567,2.593593108
5855,2.506748885
1541,2.473416675
193,2.848933452
3763,2.308715324
4204,2.919096835
6328,2.492636339
3326,2.779498507
320,2.621238716
90,2.996708444
6153,2.308536589
6234,2.583378307
491,2.290257797
245,2.686775792
5610,2.864021048
3601,2.385367211
7467,2.73720376
1883,2.428642382
3298,2.843583011
3984,2.594805758
5528,2.220350436
1411,2.760118743
4225,2.602347254
163,2.871939175
7204,1.56686933
1811,2.038133131
5467,2.266291182
8150,2.696269696
7642,2.483866094
8496,2.660752653
3659,2.795900091
2378,2.673468848
9596,2.608320827
2929,2.432689817
8003,2.956218639
9888,2.773578811
700,2.537363123
5323,2.364092596
623,2.455854117
6554,2.533993237
1472,2.093306828
7494,2.840836016
8297,2.745984658
5109,2.938429218
7409,2.315179771
7723,2.729926734
9635,2.686318734
2004,2.660031581
454,2.32961117
325,2.607125043
4706,2.51551947
6918,2.432610279
5986,2.990679034
2502,2.594767667
8581,2.75097659
4218,2.306678263
8256,2.629398324
8715,2.346019384
7051,2.162297765
5290,2.42200352
7326,2.462885485
249,2.460853756
7172,3.013203726
6876,2.682506914
1506,2.370314917
703,2.409906347
9156,2.309925704
7286,2.504222395
3778,2.696977411
7624,2.600514129
3220,2.731579985
7757,2.728804332
7394,2.231465287
2719,2.751798856
5491,2.718557529
986,2.618932572
154,2.860802822
4069,2.563024185
2587,2.775154641
1092,2.895125755
1402,2.976577422
3595,2.537699775
4686,2.461549273
4312,2.80316756
8188,2.164564622
4233,2.654018274
7737,2.889611123
3896,2.222057943
7654,2.502007224
9139,2.859153726
2517,2.491412885
8236,2.32743889
1416,2.730803012
6283,2.640814102
7775,2.988855379
7717,2.611057944
8658,2.943971742
8848,2.126081644
5316,2.518713717
5741,2.717565661
5115,2.295122216
8918,2.601251909
851,2.811198752
9444,2.644672459
9326,2.469306043
8070,2.488313323
2823,2.874452052
2955,2.708113876
161,2.724324932
2112,2.8795174
7923,2.906769827
8082,2.539111731
757,2.594334521
8535,2.519025495
1619,2.506251326
9723,3.05025069
2593,2.630284292
773,2.797429435
2683,2.939676469
8897,2.965712888
4989,2.717258633
9027,2.552581421
6194,2.468363944
7002,2.844913256
5409,2.514957017
2134,2.88925214
2877,3.060521895
7995,2.708865822
142,2.585930929
5203,2.59953062
1676,2.62080868
8234,2.838911752
6402,2.46554545
4123,2.435834246
873,2.574516191
4811,2.940125845
92,2.594870259
2662,2.641652807
8590,2.555822462
2383,2.815764006
75,2.908565066
8534,2.459735675
2578,2.681908578
5627,2.967240161
3680,2.500617286
9118,2.649745866
566,2.521407649
6053,2.952060935
9537,2.038622326
277,2.414332572
5214,2.912049844
4437,2.501030658
2718,2.803920268
236,2.564873003
5168,2.411870803
2322,2.533779424
4776,2.583772564
9637,2.66790225
4352,2.546399341
4902,2.369811637
3048,2.442171127
7121,2.809158337
5155,2.766592978
5811,2.573386963
1254,2.651734138
5516,2.848075139
8130,2.56526248
5823,2.687313829
9641,2.629360492
1013,2.666829147
7342,2.51879904
6867,2.824500566
6257,2.857342419
1740,2.698235937
7475,2.349222803
7370,2.820548606
2014,2.921932449
208,2.676428824
4673,2.963499639
5850,2.430881884
6006,2.33502906
6264,2.124421818
2059,2.416556517
1031,2.851588716
7618,2.721995074
3320,2.894900413
8782,2.821299967
5689,2.901858964
1475,3.017778929
2836,2.542190954
6203,2.847021672
989,2.576606395
3622,2.841380441
8482,2.555175747
7206,2.615323072
6869,2.91497586
3626,2.651476101
7863,2.122814977
9280,2.544688425
3321,2.487977461
4815,2.706214535
191,2.564669908
2126,2.906528866
8143,2.634045362
8201,2.680081472
2870,2.640855708
5130,2.585965652
2872,2.726660045
956,2.626489394
1133,2.230386781
6566,2.941050531
6682,2.630255859
6618,2.691110924
286,2.747026414
1852,2.651963428
9560,2.52712477
9678,2.382362351
8591,2.498439066
8778,2.845783935
2203,2.819660111
3459,2.674504224
458,2.520487347
4566,2.813076682
9826,2.52258272
4647,2.661634952
9177,2.524368624
5082,2.625249476
258,2.55771455
918,2.864138649
5205,2.370493739
4238,2.194290819
5181,2.812801531
6340,2.752288915
8633,2.717373262
5254,3.013494548
5876,2.64819016
8844,2.516277318
1673,2.539290256
6226,2.202559774
5700,2.816081867
3513,2.938698942
6843,2.493083632
5062,2.654380708
5570,2.585217828
21,2.692205348
9360,2.392240743
443,2.627194434
3557,2.222057607
4286,2.643163662
6419,3.028684505
7016,2.537352893
4838,2.480266436
541,2.788346379
762,2.840378561
4239,2.327129617
6103,2.609502558
568,2.294909984
5447,2.664478992
8048,2.392145132
654,2.799917345
894,2.585145032
7096,2.591893219
8748,2.621352285
4216,2.046452768
7634,2.622834066
5568,2.062840255
2432,2.314455121
9874,2.37508323
2846,2.804200977
1233,2.283647535
2065,2.696455554
9660,2.759837921
3643,2.470264491
5041,2.872285847
4772,2.429100354
1859,1.996748425
1709,2.491236335
6498,2.787159232
2885,2.804496556
5102,2.616655223
306,2.424956279
8312,2.498865564
3035,2.553756702
8348,2.854917348
1421,2.75629636
9855,2.658924686
1338,2.734923769
145,2.286604763
5636,2.61252625
693,2.92739454
4729,2.833251552
533,2.801725942
1432,2.01323456
5141,2.363730296
9330,1.736447969
3973,1.949754429
1821,2.896012812
6408,2.724485061
688,2.463571539
814,2.069386175
6767,2.398147537
2759,2.49597755
4316,2.915731125
9175,2.798058931
4372,2.522277688
5852,2.960753451
2101,2.759259297
9289,2.849646324
6774,2.693090649
7657,2.490055845
9604,2.960000215
2701,2.416790252
8756,2.583789985
9061,2.517091584
7210,2.694045293
7182,3.07028093
2648,2.631512755
9397,2.657284343
4361,2.688935715
1,2.939235342
7553,2.34691818
1312,2.457237578
5043,2.921184538
6884,2.849045565
6091,2.564162867
3068,2.909225398
5894,2.128931195
1499,2.650482087
4126,2.489370962
9376,2.768955889
2694,2.670185851
7102,2.775670418
2789,2.577845494
8652,2.299119076
8953,2.688445087
3682,2.85446976
602,2.586156226
9763,2.620390286
7085,2.877422484
9804,2.542042052
173,2.985601181
6558,2.45370185
2114,2.515153231
9254,2.862971699
7270,2.544977337
1488,2.570836352
1105,2.939703617
8008,2.73939854
9664,2.568853147
3085,2.449879188
5825,2.581415965
4557,2.756819359
5048,2.649749808
5057,2.555206873
2003,2.200264793
3226,2.926738055
4664,2.702831752
5948,2.444908976
9153,2.597490692
648,2.177946599
3020,2.610842759
9751,2.557671411
7081,2.26639008
2419,2.957937191
859,2.69142457
1662,2.845329012
7387,2.774190984
113,2.433931936
3251,2.750334315
6646,2.402747517
2358,2.51310239
8974,2.5008082
3709,2.889396415
5478,2.761807371
7823,2.598309863
3856,2.784306321
8827,2.574971181
784,2.95729374
4774,2.930072291
1947,2.404593038
8360,2.911214509
6377,2.474442028
2267,2.46971616
9380,2.558885742
3293,2.682345682
3860,2.76344059
6461,2.527834986
9030,2.106203083
4869,2.744749789
404,2.263085288
655,2.694289606
9833,2.492173105
6662,2.56508547
9798,2.277726849
6171,3.056119432
702,2.601997571
2726,2.761830125
3109,2.609037904
1286,2.556648301
5474,2.597880572
8909,2.691194533
8340,2.479139038
6779,2.902832314
7501,2.60300268
3606,2.601699298
3354,2.425421929
750,2.769056069
4849,3.311748215
4025,2.751602441
4693,2.890268514
1201,2.517340645
7946,2.918188021
7382,2.436930019
3802,2.615104588
5652,2.832433777
955,2.156673143
3730,2.812181051
1442,2.884706555
874,2.754730359
5532,2.574493812
5690,2.640924654
2382,2.66722744
7811,2.413573872
7580,2.774467375
7585,2.657029815
9571,2.645045571
6763,2.403068606
6417,2.860075333
2189,2.654456189
6929,2.544000222
824,2.744840093
6096,2.403881094
52,2.444268318
7439,2.310310529
4778,2.822122799
4926,2.67287387
7568,2.696244777
2963,2.543989185
5184,2.850825
704,2.557286427
7508,2.634409436
317,2.414801368
6414,2.357005188
7133,2.333181512
2532,2.716951298
1850,2.493097462
5748,2.517725683
7366,2.234227468
8270,2.831018361
8869,2.828876649
518,2.484400537
8700,2.968780948
7357,2.74291047
7739,2.865779917
5270,2.410231556
788,2.63807609
7438,2.625718643
8089,2.726307475
5770,2.477451497
3920,2.716689955
8600,2.444337494
3328,2.678705055
1949,2.628419661
215,2.656753561
7193,2.296108222
6189,2.419766077
3164,2.491847673
4418,2.036364232
8774,1.947384329
9921,2.457458396
5150,2.737840933
3051,2.654883964
1635,2.893655353
2043,2.584371074
8840,2.898804189
3509,2.462404127
1809,2.502712196
9980,2.774341956
1349,2.903686853
3898,2.683818513
6082,2.602874463
7292,2.764858752
9941,2.611432173
4631,2.541341529
2809,2.779042681
2404,2.570018436
4607,2.912149034
6850,2.178283973
2845,2.532986646
6613,2.542400814
8384,2.745175384
7359,2.621427992
9439,2.249408612
9532,2.527417216
4173,2.676384732
1767,2.428111231
4473,2.345396361
1224,2.797557837
4111,2.773084244
9261,2.57451282
7025,2.732605909
5709,2.594137251
2078,2.800224508
9404,2.623491958
2331,2.885635252
3244,2.795825065
2273,2.929532396
1161,2.832455027
8009,2.5613808
4241,2.556101604
5465,2.909226379
8550,2.560881947
2095,2.501730462
7531,2.600396463
2569,2.545779511
7623,2.517833623
5131,2.28573255
9265,2.471564353
3577,2.343002166
5054,2.625317681
8309,2.594114412
6862,2.574328689
1228,2.151947656
3727,2.686733583
6463,2.902899985
2321,2.571076078
7561,2.667027545
3249,2.771129838
7208,2.586873019
682,2.658041037
2849,2.570334647
7072,2.671756735
3399,2.511434822
6687,2.909672684
3126,2.177926805
5941,2.937952549
30,2.698201081
4108,2.717222217
6904,2.625280945
872,2.649719165
7469,3.080747423
8006,2.531280721
7828,2.51937523
2211,2.716636951
4924,2.377603173
7083,2.298025399
7070,2.291073894
968,2.704151597
3740,2.951852847
2697,2.659124933
73,2.615144432
2764,2.40023807
6439,2.114563245
8465,2.908017776
7166,2.521322092
2633,2.680516857
8743,2.563286326
808,2.574287855
9828,2.764440769
5807,2.533990792
4629,2.534708529
2158,2.854589875
5373,2.831021438
7202,2.957273374
6552,2.689162177
6610,2.825880466
946,2.697233367
6068,2.661809618
6710,2.491015999
8921,2.64031545
3381,2.836295334
9708,2.612857437
4753,2.62828178
8060,2.736199963
3819,2.655794258
6837,3.002679667
2734,2.547599768
4320,2.782646534
2298,2.640250017
2385,2.815823278
1999,2.857467693
5854,2.833733259
5454,2.770224193
9417,2.636165459
8826,2.813869623
2305,2.522008435
8620,2.946563231
9950,2.941088457
4895,2.469589427
9218,1.928120322
5886,2.851538748
8311,2.551302015
1867,2.451463516
7987,2.794291224
1100,2.721833168
8739,2.427903772
8175,2.933752174
5561,2.849789016
4667,2.855291258
2451,2.756902112
5752,2.751626018
2953,2.846733676
6623,2.832970269
5128,2.863499038
9264,2.579713222
6456,2.384294389
8613,2.359487033
2379,2.568834647
4655,3.098802618
9278,2.144659369
9064,2.570713931
6832,2.688054649
8176,2.888785675
15,2.792340373
4696,2.41330595
2723,2.508397666
5014,2.660077418
8616,2.574213775
2661,2.348484241
4651,2.467864194
3215,2.437968333
8254,2.367540868
964,2.622896432
5090,2.79475636
7259,2.512322281
5003,2.749890522
8587,2.464791047
7226,2.812915401
5067,2.662550718
770,2.731447493
6548,2.226434481
2124,2.19477237
1287,2.744706362
6709,2.388029556
3360,2.607972761
6185,2.765697656
712,2.838276297
1500,2.634356458
5939,2.841367445
4006,2.90878622
6132,2.476329256
4810,2.930660225
695,2.64417249
3092,2.383288758
6290,2.646272945
3232,2.520957862
8457,2.61156637
4841,2.378748303
1226,2.969806885
2790,2.433052688
618,2.572154261
1747,2.923293879
9882,2.463622044
2183,2.741332815
4378,2.502248425
2162,2.807512404
3796,2.040727609
3366,2.933214782
3998,2.410478524
5438,2.989160503
2527,2.891010177
3666,2.81990741
897,2.025344966
7280,2.663030284
5843,2.695995309
2598,2.854403251
6012,2.431282309
828,2.725629469
6438,2.92328006
5685,2.660194539
5238,2.450266992
4614,2.580517033
2788,2.79453816
1041,2.617925901
7353,2.633015281
496,3.008517887
559,2.710341558
3808,2.123992967
2371,2.558990965
5325,2.682909638
8245,2.716219576
8759,2.2016716
4694,2.863753192
857,2.4981049
6994,2.74612039
6893,2.514418024
691,2.696906599
4534,2.776556225
8064,2.593320439
6720,2.526551397
8845,2.549634015
5582,2.552466484
9352,2.4120127
4321,2.622566768
4096,2.631258571
3719,2.659364026
7574,3.071842622
8216,2.861133088
4526,2.819677566
962,2.802857493
3926,2.28416078
1387,2.539983609
9250,2.816244593
2880,2.60937418
9902,2.364557002
345,2.972285775
5583,2.542328889
5714,2.630586665
1260,2.817260823
3774,2.488959776
1296,2.183894957
8749,2.914738869
275,2.662886575
2463,2.741610461
3152,2.82146847
2459,2.360653614
1147,2.832465419
9073,2.667844202
8470,2.884921598
3426,2.447461756
8940,2.560846389
5780,2.455470856
3081,2.529637804
3781,2.762984141
2449,2.391079267
4139,2.520457075
5235,2.71657911
2019,2.462658268
2762,2.80612528
8460,2.872227565
9375,2.916325716
551,3.065450999
4688,2.835647866
6356,2.822145996
949,2.60904312
8014,2.484375581
9288,2.617362528
1265,2.423653428
6706,2.428294856
2712,2.677824118
9948,2.763735807
5389,2.541385426
698,2.371872529
5426,2.966908779
6188,2.482216803
3487,2.791575414
369,3.021026719
910,2.798489075
8430,2.954929837
310,2.863619893
2854,2.463113299
8263,2.635288808
1671,2.654565842
3480,2.486751425
7703,2.589009895
2253,2.369450411
8565,2.59773608
812,2.523004578
5380,2.689081247
4237,2.544146463
9477,2.500237796
6273,2.88252658
4925,2.522776196
4049,2.762871512
8650,2.467991272
4703,2.818505753
3790,2.248915854
5576,2.422954543
1417,2.819994271
5092,2.200105001
5973,2.56929039
3526,2.608186985
6772,2.647992231
1902,2.811570539
9672,2.43006677
8319,2.620324414
5340,2.431272015
5960,2.750394917
4234,2.700322116
8362,2.730757116
1157,2.924592971
1555,2.681908457
1929,2.969468969
3519,2.932643031
4246,2.44181847
3014,2.859956436
1713,2.853816075
3879,2.816379545
6339,2.640255206
3310,2.625652613
4459,2.866553073
9788,2.950068496
3185,2.319359219
7232,2.561619524
4863,2.800877177
6530,2.862749532
9659,2.580458034
1941,2.922605076
5451,2.248697997
4148,2.899637886
3031,2.786715443
1736,2.628924732
2703,2.583942782
6206,2.727381252
8459,2.632014209
7462,2.702331996
2811,2.85752321
205,2.267246328
694,2.355043455
2175,2.274085812
3594,2.383252973
6513,2.771633015
1333,2.862869956
6255,2.767149986
589,2.170424203
6128,2.418004217
7086,2.573626062
9994,2.69110896
1431,2.815188579
5194,2.804335396
5266,3.017951433
3934,2.501744002
9233,2.377493458
746,2.698664748
7591,3.077632729
305,2.30443653
1332,2.477392191
7164,2.900963425
4283,2.567115216
3567,2.583092031
4157,2.801069608
7486,2.70536801
8561,2.180834453
6252,2.876189861
8391,2.76447611
9021,2.713982077
1139,2.629761386
6655,2.829983911
6888,2.942364781
1360,2.595377167
6722,2.785470728
7834,2.749518006
4561,2.785050794
5810,2.74119988
2470,2.713508487
8599,2.828627849
5547,2.857471509
6941,2.618108695
8466,2.427855175
5728,2.371996018
5564,2.709043568
8145,2.834423551
9533,2.416336961
4595,2.50688776
377,2.915656093
3073,2.228419617
6651,2.614580092
2167,2.646066572
3135,2.344846569
2915,2.726598917
2912,2.295345497
4427,2.496636657
9552,2.680752663
7522,2.619381531
9914,2.450876109
3149,3.021460616
5031,2.905165375
9144,2.730184619
2037,2.144536631
1636,2.634181519
9649,2.585024003
4828,2.742286166
9721,2.500930452
7612,2.783446546
8249,2.478941237
6688,2.888215816
4134,2.110856951
4475,2.931917115
4600,3.020521026
1844,2.97102311
7949,2.828757942
4110,2.690033474
7918,2.750862436
2497,2.337797997
9416,2.182603792
1458,2.736180368
6147,2.716566327
586,2.54279528
2908,2.872926849
5599,2.341004711
685,2.781137939
6026,2.676642123
4062,2.611627428
3813,2.782862207
8676,2.409652366
8839,2.914654794
6311,2.735454972
689,2.481238997
228,2.039634063
4617,2.840814866
5684,2.793895329
789,2.65073384
6415,2.52139495
1698,2.647289113
3029,2.720748835
7600,2.885251218
9086,2.767181718
9523,2.604610488
917,3.019268202
9568,2.559167083
2837,2.663646833
7165,2.836047927
2202,2.77929827
9912,2.5946473
622,2.435656967
3757,2.909910227
8702,2.356884896
7766,2.318785778
3423,2.854008169
4726,2.905473317
4229,2.34407882
9757,2.668091656
515,3.048645104
8106,2.34177688
660,2.056909617
5980,2.810220025
4524,2.700372618
8024,2.696891086
2285,2.712906083
8619,2.698783286
8065,2.356782476
9901,2.88513918
1258,2.104643335
481,2.94872778
79,2.264842212
3706,2.477522664
3483,2.787728319
9573,2.348068765
4520,2.594185599
4680,2.751598799
9370,2.919387328
7212,2.802716626
1464,2.805888396
3248,2.584483892
4578,2.48417185
4209,2.364448878
5880,2.928718086
151,2.694990911
5956,2.774281257
4085,2.865152248
7662,2.678245097
4712,2.227106441
6099,2.522784736
3292,2.340696701
5256,2.722894182
4033,2.624112668
2193,2.975143228
1556,2.930890384
8823,2.715306521
1623,2.700319321
5442,2.718571229
8229,2.830275884
6418,2.22364163
9458,2.670238126
1503,2.68444002
7656,2.378690337
3430,2.573100229
4449,2.474348692
1277,2.878639302
9995,2.34509828
2972,2.365838222
7891,2.826623399
7878,2.583259831
9772,2.71704606
247,2.797439384
3745,2.614457093
9676,2.882579367
1508,2.724245051
9675,2.669299796
5381,2.487565886
7101,2.764401068
6216,2.447815443
6169,2.548242557
5490,2.463215875
229,2.640116547
842,2.880010708
6596,2.447875433
202,2.487368408
6152,2.643718973
7122,2.828379501
5088,2.444623557
4535,2.696868843
5209,2.610529026
5488,2.629894373
5626,2.696583061
7275,2.454323369
2289,2.664314116
6574,2.603754014
3835,2.681679593
1107,2.591558612
3516,2.755940214
4521,2.901574411
5178,2.731927323
5827,2.42327324
1857,2.702303125
9051,2.602144365
1461,2.757525027
8601,2.53024981
1707,2.466388599
9734,2.410297361
1822,2.652530399
9970,2.204027457
2079,2.458673017
8090,2.747718711
3983,2.420103906
3131,2.598006175
4574,2.41352182
6025,2.619019448
1478,2.541293529
4403,2.396016376
3722,2.466468773
5352,2.697177867
9371,2.825164459
4144,2.766362898
1534,2.46423804
1679,2.74849689
7397,2.850404368
5333,2.46403865
2122,2.590533234
5349,2.573326804
9774,2.558365803
8275,2.148094625
49,2.782117692
7873,2.432113241
5309,2.390251651
4807,2.465120956
8692,2.824601108
8531,2.802752753
8553,2.472782429
8618,2.455067315
7323,2.668821509
1413,2.898597076
3087,2.747806789
6696,2.502127293
2753,2.519495423
1551,2.642525601
8272,2.607193204
5524,2.697387934
6754,2.906879434
3002,2.248312678
5836,2.42056306
3440,2.487799202
3951,2.641828682
6612,2.642002438
6187,2.904178802
9812,2.520800485
731,2.535131086
1065,2.824331026
1827,2.984294522
2970,2.949639156
9525,2.453802305
6939,2.826525407
350,2.248924684
9161,2.455656648
8798,2.402601924
6537,2.784386278
2400,2.357908923
1757,2.820907666
77,2.670069461
2133,2.405007797
3931,2.671419457
9864,2.759993261
777,3.057430717
1099,2.780973267
5664,2.527188685
6000,2.638818145
3641,2.927247999
4713,2.628171857
7162,2.715023549
2034,2.511511248
285,2.393432352
7141,2.54286459
8434,2.275490265
5942,2.360164734
6713,2.308090289
7716,2.347989453
1992,2.584300415
1711,2.654156802
1621,2.489294579
5142,2.496788007
3352,2.362964747
5487,2.416813141
9761,2.506039432
7463,2.706890864
9414,2.611916967
6573,2.806768024
6865,2.517184209
3370,2.893644367
1554,2.977151183
7127,2.664630789
357,2.517572959
1592,3.013576215
2304,2.791791509
4228,2.717316061
8402,2.561946229
7850,2.882309611
5215,2.603596888
9087,2.905657045
1473,2.786688962
2201,2.442316957
6010,2.538675955
5265,2.352696811
9853,2.683134648
3378,2.589449503
2904,2.970331677
4533,2.483101265
6762,2.339944891
363,2.971112407
4406,2.50096212
2984,2.71539146
3389,2.611068143
8497,2.637523901
9644,2.467791119
7950,2.459601117
6584,2.058049025
2536,2.924372101
578,2.883086838
8515,2.303502238
7911,2.529336799
4946,2.664874856
3783,2.700428172
6424,2.570350866
9057,3.048672468
6981,2.898917318
2457,2.704771984
3560,2.454136553
7209,1.998774313
2652,2.552107172
8527,2.440652342
324,2.566676292
9906,2.875460496
3390,2.590810596
4213,2.486692743
1048,2.741338208
7826,2.656885164
6230,2.124232143
4304,2.780958322
5355,2.352759956
1585,2.899959881
547,2.381689101
1343,3.085331098
5329,2.650814198
2702,2.664020775
4741,2.564094084
6436,2.589228166
5873,2.512188777
6505,2.843549675
5747,2.683911565
1250,2.630869719
2421,2.677686765
9373,2.696980798
9159,3.336595593
9474,2.263379682
6648,2.549349529
7361,2.564945045
1381,2.236419347
8696,2.415270929
2513,2.744271862
1169,2.265588294
9188,2.762303935
3632,2.81382217
9829,2.816597343
7625,2.503205574
4244,2.794656177
1604,2.122380682
1470,2.696284759
1354,2.732759564
2269,2.772789575
1408,2.74187741
9811,2.855381375
3915,2.924228606
57,2.968189606
5485,2.859220635
6743,2.367956557
9283,2.518106274
8267,2.734722038
2446,2.691539236
3050,2.800836981
8332,2.85357542
9309,2.540535206
7658,2.591629637
5030,2.753696431
9389,2.895430502
8182,2.68043429
4848,2.480288924
8566,2.788920059
9252,2.894543537
2826,2.82676793
5464,2.46651332
2956,2.558526406
844,2.691572124
4485,2.495693275
3189,2.931074073
9876,2.938025558
8528,2.697659566
6084,2.872095911
3294,2.956150916
1321,2.535315296
5428,2.601568941
2105,2.96970026
1006,2.580289008
8301,2.293540788
2001,2.873351424
8050,2.775579331
7667,2.708903115
6220,2.827707822
2930,2.481584921
8227,2.540097479
5418,2.466103266
7269,2.308839985
2934,2.683511396
9697,2.7835859
9489,2.42400512
7091,2.682079852
2369,2.446763629
739,2.353788396
4462,2.552682561
524,2.31954154
8854,2.435465596
9464,2.928287131
4458,2.666027283
294,2.443691599
8322,2.53298071
6936,2.87229551
7782,2.425469855
9194,2.229224146
6382,2.621808199
8381,2.612225101
6906,2.632136545
4920,2.608727904
8293,2.556281931
7119,2.762402587
1921,2.244152762
2550,2.724638966
2996,2.423122962
4426,2.557260141
5394,2.661524412
501,2.744694446
9585,2.937887286
1058,3.042029614
7687,2.433518585
7401,2.266548014
3988,2.904330716
8712,2.683908987
3573,2.613096258
8910,2.898324897
6501,2.853648869
1155,2.555903503
3589,2.502315434
6631,2.850886055
8299,2.809998972
2909,2.354742382
9586,2.658071373
1263,2.469386555
7518,2.530057248
8101,2.793244259
3572,2.4969504
3869,2.516880242
2585,2.576887078
783,2.353179431
7073,2.57515951
6036,2.60494074
72,2.468110992
4862,2.539025054
9784,2.644225051
2329,2.585391537
1150,2.312884806
8172,2.767625893
7282,2.628315094
3899,2.51236193
3401,2.887692636
6735,2.635962804
9599,2.853112446
4162,2.987638551
1731,2.562241086
7396,2.796302923
1079,3.10341411
6310,2.710900221
3992,2.553316145
3543,2.91456279
3213,2.816985954
7613,2.405631537
507,2.53424728
735,2.568259292
6256,2.762846933
6487,2.609911632
7455,2.458752866
7547,2.827210305
1984,2.566247764
2042,2.458178948
1383,2.611110333
110,2.620505501
9984,2.762306378
7436,2.255409992
8337,2.654187571
3348,2.321853637
390,2.291127309
4958,2.694930236
3117,2.158535858
2475,2.335504112
8572,2.495535272
1106,2.459879684
3805,2.616717423
562,2.256790713
8053,1.894363943
7199,2.787759272
5457,2.794805527
9718,2.930299589
3990,2.832666256
8592,2.700730896
6641,2.569892242
721,2.384575145
165,2.749783756
4995,2.804782551
4948,2.864940063
8958,2.450117865
8080,2.500855018
6105,2.894962372
7156,2.796657324
5870,3.013729641
930,2.624636998
9045,2.802298113
6111,2.821615151
1802,2.502061309
3153,2.454502948
7261,2.209748547
3067,2.611269449
6018,2.59375513
1320,2.585579965
6944,2.769044242
7751,2.711187142
8057,2.725516052
5279,2.438815413
323,2.775079034
8649,2.621029082
2690,2.482259995
5182,2.639478745
3295,2.890421401
5661,2.711179326
4543,2.641635194
3698,2.756746629
9119,2.676909079
1126,2.811891887
8925,2.594040852
8664,2.871327722
6803,2.532424255
8458,3.014504401
4452,2.482621804
9166,2.78442659
67,2.950909735
9563,2.967717085
4436,2.400011539
6903,2.571810738
9989,2.420444339
6875,2.70955242
3433,2.755297204
5955,2.67671704
9495,2.411433882
1404,2.878223884
2893,1.935944717
7432,2.574726113
213,2.522307701
326,2.434134069
755,2.674200796
5502,2.373712815
1230,2.511424586
4560,2.620476249
9960,2.827205968
1700,2.43244651
1958,2.318613116
5800,2.852994655
3230,2.887559313
2705,2.797504529
6924,2.74060605
7499,2.891533484
2194,2.436447387
3538,2.923372168
3766,2.265981467
8376,2.916248907
1823,2.993474088
9575,2.309823516
2490,2.663166018
1053,2.536849242
3203,2.805792087
4819,2.728522572
3003,2.668427574
3120,2.380155752
3393,2.746909911
2461,2.513286807
7548,2.455194474
2472,2.626202798
982,2.477578888
3142,2.776238891
3174,2.640270742
5841,2.908014926
3304,2.407000296
2595,2.874005384
3221,2.308678485
5019,2.564973601
5536,2.989377185
587,2.489486522
7009,2.469911576
9508,2.697887571
2518,2.408849514
887,2.526327764
9951,2.477524291
617,1.809711982
5401,2.596442107
9327,2.714557637
8488,2.820255228
3240,2.087471512
3676,2.711943449
7369,2.453521438
5047,2.819703662
7598,2.832849985
914,2.580812326
1217,2.790414811
3753,2.863497454
5574,2.833339718
6892,2.428712098
4798,2.571258732
8612,2.568717875
3605,2.716606298
3069,2.75094513
5511,2.511338613
3139,2.823865379
241,2.330963187
7779,1.826701334
5191,2.785643347
4051,2.470399103
2672,2.455556188
9457,2.581154935
7837,2.658406916
2058,2.683624091
178,2.853860667
7773,2.496081326
4303,2.587629208
8011,2.678018524
7347,2.749167796
1292,2.798130595
8280,2.842491152
459,2.395378038
4656,2.696207324
3252,2.781870704
4707,2.901352423
9263,2.94110608
4911,2.808509565
6135,2.789072866
6005,2.804852135
3355,3.007276952
4796,2.398320878
744,2.624086378
1239,2.610910294
4399,2.513669094
2414,2.598090033
1851,2.556311219
4541,2.744691
9554,2.826994857
8237,2.913795546
6955,2.621700269
6737,2.501125023
9919,2.877352167
8198,2.761280806
2264,2.940056238
5803,2.938514158
8504,2.808402401
8122,2.875262641
6325,2.894347385
431,2.997827091
6873,2.937231854
9281,2.753018351
3106,2.880753203
5231,2.622044065
9136,2.906804254
8835,2.682504281
3413,2.704947778
3094,2.437141906
6315,2.907291098
118,2.658586296
1173,2.90388138
6934,2.528298501
1888,2.734196938
7265,2.898066086
5446,2.34726815
3544,2.632967478
5994,2.620789025
2007,2.54754369
5833,2.461719939
5660,2.700904388
6477,2.718630717
4747,2.808520336
9272,2.514095081
2441,2.687831952
7144,2.493341748
6960,2.265936798
2767,2.466449425
2296,2.399461755
4252,2.344877914
6241,2.830313286
8205,2.268586994
7942,2.937309041
5301,2.91530219
8663,2.432337268
6158,2.845392826
3311,2.45474607
4282,2.692161335
4954,2.540973357
1569,2.893551033
3764,2.644701489
1642,2.24120356
1597,2.409669998
8758,2.978890775
2526,2.634212305
4255,2.836940926
3948,2.625497664
204,2.552088157
2950,2.496345374
2228,2.87954603
4470,2.541531036
7910,2.564363486
7124,2.691512981
6870,2.753190265
3023,2.81894496
5056,2.684477471
1305,2.663556781
1640,2.520311674
3784,2.823007949
366,2.577574332
2314,2.667246743
2771,2.585927408
8812,2.851279266
6792,2.477970144
8282,2.774957265
8662,2.960384003
3282,2.172045666
979,2.623972201
4690,2.735184015
3273,2.594865544
6569,2.522487733
1255,2.566706878
1205,2.811512674
3263,2.359475475
642,2.337225917
8074,2.80096943
2356,2.730460611
4891,2.290289841
8734,2.935707928
3186,2.879496673
6971,2.855895495
3218,2.218017818
8966,2.392770017
680,2.379691287
8450,2.59606526
5013,2.43211631
9543,2.722779825
543,1.934432612
5635,2.627937949
5510,2.904313185
9958,2.809885223
7897,2.56675324
2275,2.541179181
1866,2.593310029
3465,2.550974601
1932,2.842507984
821,2.283007472
6225,2.37122306
8347,2.415907791
9519,2.867523362
6253,2.645330667
6288,2.786249189
7535,2.546609667
9197,2.719788231
5839,2.762566239
2797,2.635259418
2592,2.062091041
8765,2.351579795
8731,2.176086886
6039,2.810942085
1953,2.63849497
1128,2.602830966
5699,2.856056411
6741,1.989690976
2207,2.599299254
3494,2.736543965
6726,2.724773676
9335,2.53588626
7067,2.609399826
3367,2.175933183
8373,2.771460958
3049,2.457508953
5647,2.79042546
3482,2.598355761
4779,2.746932742
5686,2.908087006
7791,2.681129402
7074,2.424388387
4114,2.610031276
9382,2.830511326
6835,2.755939675
8501,2.421761878
6167,2.613764366
6678,2.939973729
1831,2.539940862
4754,2.728027057
998,2.469148635
4222,2.559321954
9973,2.432110107
4073,2.688327595
8780,2.720342417
5419,2.594279176
3302,2.350904964
1501,2.571924453
6940,2.343008711
1344,2.683551426
5708,2.722100853
8957,2.783956498
8793,2.399169332
6142,2.847350823
7981,2.549944824
6781,2.629428538
5163,2.744294282
7079,2.562580213
4939,2.827887988
8979,2.475601231
7955,2.202472341
2149,2.928337672
8418,2.568455566
5902,2.628382685
6661,2.468656799
2028,2.869839438
5257,2.337600938
8757,2.626710847
7605,2.702743821
1784,2.553239307
3887,2.887410443
1035,2.396420005
7504,2.717130129
2514,2.877716768
3006,2.586566217
3552,2.404306163
133,2.559262342
5338,2.505656669
6520,2.670641115
4758,2.78652038
944,2.691011109
4555,2.390321866
3749,2.598338928
446,2.765677538
4878,2.341688258
6669,2.667727868
6157,2.795858901
8526,2.847949366
1786,2.653463931
8296,2.320748528
8104,2.341673932
7344,2.101759952
7306,2.832841262
2635,2.433676361
1690,2.703187148
2580,2.642221045
4923,2.622319986
5139,2.767181616
512,3.004599184
5061,2.76674377
2710,2.237126993
3462,2.365413707
5135,2.641836292
7299,2.506130621
6460,2.393786274
7968,2.443121971
9268,2.937901113
899,2.465796533
8761,2.566204407
2938,2.551193207
9800,1.972076347
8429,2.925113779
8129,2.2069844
600,3.031605229
692,2.858076098
4072,2.922499566
1238,2.511528074
8202,2.49566201
3633,2.841928973
8850,2.792934631
4802,2.518990274
7601,2.568280281
7190,2.748597564
6312,2.40574867
9324,2.55341862
7477,2.629358875
1515,2.956700948
233,2.578096154
426,2.667667466
7525,2.570501816
234,2.528198991
6004,2.739346596
4650,2.265610986
5134,2.601288016
9459,2.842073484
635,2.256496229
9638,3.040273024
6177,2.790840931
3209,2.778815934
6429,2.479754252
5274,2.518139159
289,2.463133559
96,2.81216297
9542,2.515266607
8336,2.846657457
4630,2.764081658
4777,2.362454166
6496,2.976616511
6362,2.58543572
7448,2.771955842
8443,2.63077319
1666,2.803256679
5479,2.320614331
6072,2.649791378
5237,2.714435467
6175,2.412193063
9852,2.417295564
6541,2.914575217
8631,2.934143963
9090,2.487261993
6423,2.056285682
5672,2.941451075
9561,2.850123191
8444,2.877131617
6485,2.143188507
189,2.42253921
5070,2.492137137
9016,2.841696486
9796,2.652770872
877,2.825583925
9347,2.644958544
5968,2.771841956
8604,2.534427564
8902,2.780322507
4390,2.781881945
6744,2.605181634
6403,2.453657447
7316,2.583990909
3789,2.036264283
9759,2.751476732
3864,2.62162464
6254,2.767933221
8792,2.374321642
6677,2.850362389
103,2.415826568
4648,2.54159133
2089,2.775644181
2071,2.582535041
7125,2.440800103
6367,2.476895644
3528,2.588085868
7732,2.438428765
6882,2.531474605
9891,2.817453468
3681,2.846238145
243,2.382029986
3636,2.769266832
9120,2.397908988
4407,2.461452928
5998,2.405213803
4279,2.501502465
5051,2.686644153
8970,2.699335941
8334,2.790644613
29,2.755217138
3903,2.65679144
6379,2.805642167
9305,2.578912046
7671,2.686648025
3721,2.806133345
2142,2.186019788
227,2.615624846
4377,2.831534432
4681,2.437502647
7926,2.751796589
1764,2.948038821
3582,2.574697624
4865,2.142141226
837,2.706718469
4898,2.295629239
7721,2.612600496
1291,2.447669656
5682,2.607811888
9190,2.41968784
9667,2.946211635
6350,2.618433481
7536,2.839825759
1513,2.31457003
4563,2.700431733
8533,1.646313542
6345,2.397649483
7014,2.603269262
4787,2.419272163
1365,2.462828248
1818,2.19725976
2268,2.676246036
7886,2.313405553
1215,2.864113004
2495,2.528922612
5702,2.596195069
2967,2.594869822
5691,2.60839714
6089,2.789784272
5622,3.034551705
8655,2.936013272
5466,2.815598445
3683,2.602363041
8097,2.713186344
7861,2.767024873
9835,2.686996049
9012,2.591633722
8438,2.390667656
2390,2.687585114
3999,2.629630074
3608,2.511639542
3724,2.436082248
7329,2.765300372
1544,2.601963567
6430,2.594420419
3065,2.871892001
5208,2.496173967
7521,2.605641156
441,2.403662024
5734,2.670272632
1457,2.479451254
5758,2.697577293
3631,2.714207423
1769,2.928193873
3346,2.496262269
6279,2.587988342
2365,2.482126703
3894,2.56392733
9999,2.871401416
411,2.766237201
8668,2.315861343
4423,2.799506306
6961,2.294026788
160,2.553949944
610,2.467816071
9952,3.02959896
8136,2.665426606
5083,2.826856411
8777,2.625491989
5278,2.547433966
7258,2.55653359
1937,3.023105843
6427,2.533212531
9969,2.477065206
9695,2.914699635
6434,2.559631009
7055,2.739501005
1016,2.465653737
5388,2.729510167
5606,2.674410912
4027,2.725230243
7588,2.433516289
4952,2.50624126
640,2.413223829
4592,2.851153249
2434,2.575319961
2649,2.499449743
2713,2.799371148
8171,2.294365291
713,2.650300339
6670,2.819270652
7290,2.529314773
2660,2.778125164
1144,2.519454743
2465,2.806204889
9877,2.505881815
5275,2.717929973
6768,2.878936105
4296,2.405694803
9291,2.501910133
4300,2.152637647
6041,2.508139473
185,2.866270808
1925,2.638168026
4210,2.543356566
8828,2.63928449
327,2.51342296
869,3.042024905
4331,2.88117595
5484,2.491410959
3011,2.876320524
3353,2.610215005
2030,2.816385605
9710,2.914985156
2135,2.56549731
4633,2.402297838
6790,2.817013533
6588,2.384740814
9627,2.946279046
8042,2.863244551
6546,2.964225478
7350,2.614228294
5591,2.491826791
9753,2.761892502
7229,2.353483416
4885,2.538843824
6719,2.839662273
5720,2.735737414
9257,2.465006744
2279,2.526136514
8771,2.461838467
3539,2.510256618
8407,2.330713053
2830,2.059083266
3909,2.677782579
5500,2.327628144
3556,2.284327878
6622,2.885012643
6217,3.011549708
9091,2.82270243
2261,2.502438875
4092,2.533120346
6606,1.875058717
5136,2.702484534
60,2.36584007
5769,2.776446341
279,2.455888182
2440,2.445319314
8857,2.618675751
9332,2.818199492
1643,2.569463464
3288,2.488261495
8393,3.003444729
7017,2.778551572
7254,2.624482309
4775,2.660943607
2538,2.969692523
3809,2.829810185
4177,2.770720808
7959,2.453951442
352,2.636784337
1056,2.588861653
923,2.797613508
7784,3.003648177
9216,2.710182239
1237,2.614867061
8218,2.353007238
6392,2.646098325
2066,2.91398475
7659,2.695596017
4824,2.603966897
516,2.560547109
3844,2.598227866
5550,2.487568555
482,2.532758898
9625,2.658304744
9730,2.587993409
5530,2.813949749
1772,2.619807504
5871,3.146533729
78,2.502819809
941,2.89450476
293,2.232569088
9342,2.689456776
5617,2.20681751
7148,2.607339354
5668,2.550743347
4039,2.219189465
7211,2.458652276
8233,2.580501495
1538,2.575930136
1985,2.370012841
7860,2.486354166
5335,2.589843936
50,2.618199003
4532,2.686492771
5245,3.013541742
9292,2.716872861
2777,2.799353732
9959,2.757404399
6736,2.914242721
9401,2.666719338
718,2.746754055
1549,2.942736275
5094,2.683007087
6840,2.605219989
6358,2.612473756
4672,2.125088681
723,2.96450515
1865,2.721760276
5053,2.385773097
6327,2.453634303
5619,2.282893773
5144,2.852280681
8069,2.519099483
7304,2.404318545
4026,2.953385249
1310,2.848054763
4176,2.821879806
9868,2.453823326
6988,2.410266118
5137,2.284727843
9880,2.755718019
1727,2.827742386
5993,2.699421184
6834,2.765556275
6017,2.776692517
2627,2.353998194
5018,2.819976595
4966,2.532985508
6317,2.349003858
8380,2.244077066
7038,2.626679381
9866,2.400253264
7877,2.50791245
892,2.910093975
5492,2.061394027
9049,2.685689156
9208,2.530755444
2706,2.815339429
2075,2.689587811
4687,2.515562394
2176,2.790373799
9339,2.780610831
993,2.62280666
3102,2.58414239
7065,2.687666947
7319,2.631104634
2810,2.773582365
6995,2.840845505
9034,2.582712864
9075,2.170389248
5804,2.819022789
7709,2.749620028
4999,2.788704461
5745,2.440674598
681,2.875044069
6092,2.322505353
3866,2.895569999
1894,2.475200104
6915,2.809550079
7381,2.505646174
9654,2.619884509
1703,2.765377846
4496,2.839674866
4512,1.945487613
5736,2.781441976
9789,2.876064188
2024,2.541899709
653,2.789981801
6839,2.941031664
2782,2.512287389
1059,2.826021927
6990,2.654072182
1933,2.826384739
8849,2.709599932
2868,2.610461868
5114,2.532382931
4701,2.920671329
9733,2.926623536
6031,2.336598795
1998,2.48989178
6582,2.578275731
4007,2.461390455
3412,2.560700216
5896,2.619621715
550,2.628218885
3895,2.714353463
4827,2.558981422
7318,2.655666124
3705,2.282524583
3913,2.584371134
1975,2.425920058
7704,2.37034859
2745,2.547870846
7377,2.602846607
2986,2.578881104
1049,2.895097819
8126,2.837329879
6240,2.625651101
6388,2.696146742
3612,2.396680165
7991,2.372203587
1630,2.671825978
8105,2.585277682
7753,2.758570694
8252,2.580250157
9106,2.798527621
274,2.3162233
4348,2.830528194
9940,2.904388639
8206,3.030799664
4973,2.602233633
3635,2.852102233
7057,1.891364153
2168,2.877964189
8321,2.917539031
1324,2.323905217
4415,2.853460647
5514,2.704913848
9904,2.741118138
4159,2.636446369
8864,2.491735865
1372,2.648281215
6431,2.825665451
4890,2.829522515
7429,3.121922388
2359,2.367124369
6814,2.564178697
5595,2.739172526
7865,2.534051329
679,2.830099045
1926,2.726912744
3640,2.668530788
7352,2.416381841
7266,2.661069538
1756,2.621578822
9224,2.654899099
9200,2.787525653
1563,2.765710539
6232,2.57124404
4043,3.007288381
9591,2.579654558
66,2.890700966
1136,2.753266141
981,2.552318022
1174,2.8072742
9614,2.692096537
1357,2.647176837
6121,2.835558429
6410,2.705324313
126,2.594980512
1280,2.294748843
913,2.46644643
100,2.454740113
2367,2.510569592
5331,2.95651046
129,2.648151203
8680,2.363580366
6947,2.204417116
1814,2.684673498
3200,2.678301052
174,2.4658921
2347,2.656988684
3765,2.401642844
1209,2.785567984
675,2.712334998
2869,2.776069366
170,2.671141963
1111,2.407400913
1068,2.6773515
4503,2.150576487
3602,2.553310078
2339,2.804713587
5284,2.799460411
528,2.599360841
8071,2.290988126
9670,3.143976584
2258,2.537436846
9008,2.634286507
3472,2.318135188
8087,2.722398291
7864,2.510428376
2219,2.894507868
1576,2.63888697
5073,2.637673462
7114,2.751821727
2873,2.651583646
7310,2.75995375
2346,2.607528723
4830,2.414636763
9054,2.715244773
5477,2.642383426
18,2.479129931
4640,2.045556727
5857,2.517779668
6163,2.731714348
449,2.2589551
8530,2.288453915
6465,2.572792627
6029,2.681675149
4942,2.593875427
4852,2.909692735
6093,2.797598968
2224,2.884857111
9117,2.554474703
4529,2.662171698
8806,2.764917386
6991,2.859317605
6640,2.416691383
5362,2.220745245
2151,2.448705825
8325,2.641168439
7337,2.739573251
6702,2.739850131
2250,2.920239585
9949,2.735046802
1248,2.721290512
4581,2.615114101
5021,2.501841582
1425,2.620436407
8345,2.215063588
7059,2.921033482
413,2.980938734
7328,2.593211039
5156,2.779633159
383,2.445392378
8820,2.603050422
9929,2.644197779
593,2.503643341
4653,2.751075249
3432,2.886070467
1969,2.432972602
4832,2.887071278
8168,2.591745134
8495,2.497586402
4012,2.519845228
8876,2.354311158
2376,2.57895458
3324,2.607427856
4381,2.661261886
2562,2.489113502
7963,2.877544099
3940,1.643264683
7093,2.976618956
9580,2.951565339
5199,2.746124953
6028,2.69764274
7417,2.896279898
729,2.654869091
1841,2.544616018
9131,2.674691248
9412,2.909136899
2663,2.613263554
3923,2.498522141
7858,2.772876656
4347,2.58242783
5893,2.744410891
3285,2.672698811
8246,2.865619991
5644,2.93598159
114,2.9400554
9405,2.4914172
5430,2.738956312
5402,2.598919437
4927,2.241669329
9727,2.835381831
3124,2.693226475
7012,2.579246526
9041,2.729839587
7084,2.543672462
4457,2.732539336
4193,2.368174523
3597,2.458903129
9160,2.480387487
214,2.525842572
4913,2.615636288
1816,3.012195574
8822,2.564561874
7391,2.415165314
1220,2.875097931
8192,2.526469907
3604,2.863332772
6038,2.730504028
4735,2.556277967
754,2.304740494
276,2.677313432
5687,2.546218691
31,2.487436842
7714,2.570035154
1580,2.372256025
9426,2.383110812
7686,2.274965068
2733,2.677895949
9640,2.817828513
9262,2.550537797
7305,2.546970662
3156,2.438274955
6800,2.666007673
6300,2.826676153
3181,2.545748594
5777,2.720459457
3510,2.636247014
1153,2.669337955
5694,2.607155961
624,2.830393057
1075,2.300496844
6449,2.363720428
4788,2.852638565
6829,2.465948822
3143,2.486495172
8871,2.674108639
2673,2.603672844
7098,2.772764827
5695,2.252844104
1070,2.685125642
6033,2.57184597
2357,2.350007732
4769,2.574684355
6966,2.900242978
4586,2.816908562
761,2.978769238
8556,2.75563129
1880,2.528374269
5480,2.615142251
6016,2.54562295
3312,2.451447121
2233,2.583518769
608,2.346075172
3262,2.843052418
27,2.6801882
1020,2.617119362
8343,2.617375319
2558,2.581808655
5189,2.320137331
1001,2.738542596
5688,2.566441874
7629,2.566156359
987,2.421214667
6806,2.473089246
951,2.570086132
4511,2.587726436
4490,2.667364284
7608,2.786276333
7071,2.629832259
5076,2.519104359
6923,2.919631744
8260,2.802383153
1846,2.05445847
6007,2.754773542
158,2.845233263
5113,2.318688658
776,2.623506297
8755,2.825238084
5632,2.674996816
2171,2.726909729
6681,2.32114101
4594,2.52016684
3110,2.462163151
5518,2.661648493
9123,2.895458886
4854,2.412473592
3967,2.577856492
6154,2.934670526
8441,2.926495395
1323,2.644412189
6671,2.73766415
3243,2.735333846
