CUSTOMER_ID,QUESTION_WEIGHTED_RISK
1,1.9990430000
3,2.8578990000
4,2.8908750000
6,2.8908750000
7,2.8908750000
8,2.8908750000
9,2.8908750000
11,2.8908750000
12,2.8908750000
14,2.1991090000
15,3.0060010000
18,2.0147400000
20,3.1557320000
21,3.2519010000
22,1.9738330000
24,1.9638290000
27,2.0396900000
28,2.6821040000
43,2.8908750000
46,2.9548640000
51,2.1060230000
55,3.8643380000
66,2.7316310000
67,3.1461640000
71,2.8908750000
75,2.8908750000
79,2.8908750000
80,2.8908750000
89,2.4013800000
95,2.0042580000
115,1.5534910000
117,2.8908750000
122,3.0993900000
124,2.9418400000
135,1.7331330000
144,3.0516130000
189,3.2163070000
30,2.3014400000
34,4.1774350000
37,2.8908750000
49,2.1058090000
52,2.2309080000
53,3.5211860000
70,2.2125850000
74,2.8908750000
82,2.8908750000
102,1.9144920000
106,2.8908750000
125,2.8908750000
129,4.0682380000
142,1.8641060000
183,3.0934630000
184,2.9831640000
185,1.7375400000
190,2.6614760000
223,4.3076670000
157,2.8908750000
192,2.8132720000
198,3.1039430000
248,1.7541880000
317,3.0208950000
368,2.7924490000
393,2.8908750000
511,2.8908750000
23,3.7684970000
29,3.2885890000
31,1.2808150000
32,3.1098870000
33,2.1357190000
57,2.2365890000
58,3.0559280000
72,2.8908750000
73,2.8908750000
92,3.1254330000
98,1.6911300000
99,4.1032090000
107,2.8908750000
108,3.0161440000
120,2.8906630000
134,2.9535650000
143,2.2104220000
169,1.8519160000
173,3.2969350000
252,3.9521660000
13,2.6457910000
50,3.1088140000
59,2.3451920000
61,2.8411360000
62,2.1401560000
68,2.2963100000
77,3.0993900000
84,1.2793330000
86,2.8908750000
90,2.1952010000
96,3.3235600000
97,2.9577400000
109,2.8908750000
110,3.0636330000
114,2.1300130000
126,2.1843290000
128,2.2253660000
136,1.5390000000
141,1.5904950000
154,3.1459190000
159,2.8908750000
176,3.2273430000
179,2.2469300000
181,3.2123270000
182,2.2081310000
191,1.6210290000
193,4.1387060000
202,2.8908750000
215,3.0726230000
220,2.1256960000
224,1.5403030000
226,3.9075070000
227,2.7981330000
229,3.1075220000
231,2.7606430000
241,3.0993900000
243,3.2738420000
69,3.1057650000
81,2.8908750000
113,2.4792570000
118,2.8908750000
121,3.0161440000
133,2.4532360000
150,2.8908750000
160,2.8908750000
163,3.0208950000
170,2.7936020000
174,3.0954270000
178,3.1960910000
203,2.8908750000
208,2.8908750000
209,3.2723600000
214,2.8908750000
230,3.0208950000
234,2.8908750000
239,2.8908750000
245,2.7591610000
247,2.1445650000
172,2.7710850000
196,2.8908750000
258,4.0199630000
265,3.9607450000
267,3.1817530000
280,2.8908750000
283,2.8908750000
285,3.1053560000
286,2.2148110000
288,2.2911360000
289,3.2802750000
293,3.1572820000
305,1.4110470000
306,1.5363160000
310,1.4110470000
311,2.8908750000
312,2.8908750000
325,2.0524010000
328,2.0722370000
337,3.2174600000
348,2.8908750000
373,1.7038660000
382,3.1955590000
399,3.7354490000
406,3.4671060000
413,4.1445750000
421,2.8908750000
426,3.0342740000
484,2.2893340000
507,2.8908750000
550,2.9564720000
572,2.3480170000
575,2.8908750000
616,2.8908750000
622,2.7760200000
648,2.8908750000
689,2.3494320000
698,1.5851980000
764,2.0750400000
343,1.5877030000
360,1.4110470000
366,1.8761480000
422,2.8908750000
497,2.8908750000
528,3.2067900000
537,3.1950850000
778,1.9591340000
870,4.3556150000
929,3.8687270000
1022,2.7659520000
39,2.8908750000
60,4.2030540000
147,3.3693470000
165,3.1148100000
36,2.7606430000
91,3.5327680000
104,2.2969070000
151,2.8908750000
161,2.8908750000
175,4.2272750000
177,2.2489460000
187,3.2939240000
205,2.8908750000
207,2.8908750000
210,2.8908750000
236,2.8908750000
238,2.8908750000
244,2.8908750000
250,1.8598560000
256,2.3171760000
65,2.2439800000
78,2.8908750000
100,3.1261790000
101,1.9401110000
103,3.0248750000
119,2.8908750000
145,2.1522150000
148,3.8146930000
158,2.8908750000
201,1.5410670000
212,2.8908750000
213,2.8908750000
228,3.0607290000
235,2.8908750000
237,2.8908750000
242,2.8908750000
249,3.2231390000
253,1.9557030000
206,2.8908750000
233,2.8908750000
259,2.2504750000
260,1.6750810000
263,1.9727010000
268,1.6636280000
271,2.8059350000
275,3.0409860000
276,3.3537150000
278,2.8908750000
279,2.8908750000
282,2.8908750000
287,3.6367320000
294,1.8866070000
295,3.0062150000
297,3.0890520000
298,2.3233940000
299,3.2316550000
304,3.3255790000
309,2.8908750000
313,2.8908750000
315,2.8908750000
316,2.8908750000
318,2.8908750000
320,1.9320740000
322,3.2781840000
323,1.8347410000
324,1.9087840000
326,4.2858910000
327,3.0794770000
329,2.3292400000
330,2.8557700000
331,3.9633870000
332,3.3443780000
334,3.2231390000
335,2.5373350000
341,2.8633450000
342,2.8908750000
344,3.1428220000
345,2.2582780000
349,2.8908750000
350,3.2020920000
352,2.8908750000
355,2.8908750000
356,2.9376490000
357,2.8908750000
359,2.8908750000
361,2.8908750000
363,2.8908750000
369,2.1457150000
371,1.9131010000
374,3.2244140000
377,1.9695110000
379,3.2696510000
380,2.4655380000
383,2.8074170000
391,3.1938650000
394,3.5814300000
396,2.4234930000
397,2.0464450000
401,3.8875960000
402,3.3348560000
404,2.4435650000
405,2.0781540000
410,2.6719560000
411,2.8638990000
415,1.6629070000
420,3.4311800000
427,2.8908750000
429,2.8908750000
431,2.8908750000
435,2.8908750000
441,2.4496580000
442,1.9215480000
443,2.9889230000
446,1.9036030000
447,4.2599400000
449,3.0008850000
459,2.8908750000
465,2.8908750000
467,2.8908750000
468,2.8908750000
470,2.8908750000
480,2.1706630000
481,4.1043370000
482,2.4348610000
487,2.9156780000
491,2.8908750000
493,2.5456700000
501,2.8908750000
504,2.8908750000
509,2.8908750000
512,2.8908750000
515,2.8731590000
520,3.1711700000
522,1.5094120000
524,2.0183880000
529,2.7606430000
543,3.5340940000
546,2.8908750000
551,2.9994700000
553,2.0875060000
554,3.1508620000
555,3.0314710000
560,3.2802200000
562,1.9620820000
563,2.2221270000
564,2.1175170000
566,2.0774180000
567,3.1724210000
571,4.0964390000
574,2.8908750000
576,1.6749240000
585,2.8908750000
587,3.2597220000
589,2.0914430000
595,3.8437100000
598,2.0749180000
608,3.2757940000
609,2.3715520000
615,2.8908750000
619,2.8908750000
621,3.4038620000
623,2.0842450000
624,2.2698590000
625,3.0559280000
627,2.9674620000
630,2.0708150000
632,2.3056850000
633,1.9646640000
634,2.2297550000
635,3.0208950000
641,2.8908750000
655,1.9922230000
658,3.2575610000
663,1.7982490000
667,3.2060720000
670,3.3208280000
673,3.1822270000
677,3.0208950000
681,2.8908750000
683,2.8908750000
688,2.1070840000
691,3.5897440000
693,2.2391070000
700,1.8746660000
701,3.3891570000
707,3.0161440000
708,2.9403580000
711,1.9043230000
712,3.6520880000
713,3.1318580000
718,2.8908750000
727,2.8908750000
731,3.3108990000
740,2.8908750000
744,3.0971330000
745,3.3487190000
746,2.8908750000
749,1.2793330000
757,2.8908750000
389,2.8908750000
418,3.3211150000
424,2.2035900000
428,2.8908750000
437,2.8908750000
444,3.1721800000
454,2.8901550000
461,2.8908750000
472,2.8908750000
494,3.4359450000
500,2.8908750000
518,4.3918710000
540,2.8908750000
547,3.0208950000
552,2.9122440000
559,1.7228700000
584,2.8908750000
586,2.8908750000
592,2.0880640000
597,2.0507930000
602,1.9053310000
603,3.5869720000
613,2.8908750000
626,2.0782790000
640,2.8908750000
642,2.8908750000
647,2.8908750000
651,2.1275830000
654,1.9605930000
660,1.8095450000
664,2.0686820000
676,2.8908750000
680,1.4893300000
682,2.8908750000
694,2.1480710000
702,2.0730980000
704,2.9575450000
709,2.7606430000
716,2.8908750000
717,3.0993900000
730,2.7591610000
732,3.8861140000
733,1.7267130000
736,1.6995520000
750,3.3255790000
753,3.3208280000
759,1.7549090000
768,3.3653230000
458,2.8908750000
659,2.4421570000
696,3.1013760000
748,2.8908750000
752,2.8908750000
492,3.2020920000
770,2.1674910000
774,2.9691580000
775,2.8908750000
776,2.0049580000
779,2.8859120000
782,2.6289290000
784,2.8908750000
786,2.8908750000
788,3.0993900000
789,2.8908750000
810,1.8150870000
814,1.6417020000
816,1.5527520000
818,2.8908750000
819,2.8908750000
822,2.8908750000
826,1.4952690000
828,3.1856610000
829,2.1055470000
830,1.6911630000
831,2.0648970000
832,1.8665250000
837,3.7838020000
839,4.5043040000
842,4.3556150000
843,2.0907450000
844,3.7948330000
845,4.2606810000
846,3.1468020000
848,2.8022120000
850,3.2119230000
853,2.6063240000
854,2.5855010000
856,3.1393670000
857,1.9035860000
859,4.3556150000
861,2.2253660000
869,3.1355060000
872,4.3556150000
876,2.1340850000
880,4.3556150000
882,4.3556150000
883,4.3556150000
885,3.1355060000
888,2.0624690000
893,2.1163640000
894,2.0787100000
896,3.0689800000
897,2.6063240000
898,3.3221520000
910,4.3556150000
918,3.1901420000
921,4.3556150000
922,4.3556150000
924,4.3556150000
925,4.3556150000
930,3.1017680000
931,4.2544030000
941,3.4149900000
947,2.2728400000
955,4.3556150000
958,4.3556150000
963,4.3556150000
968,2.8676380000
970,2.8025220000
974,2.6599690000
979,3.2847580000
989,3.0378000000
993,4.3556150000
995,4.3556150000
997,4.3556150000
999,4.3556150000
1000,4.3556150000
1004,2.9249550000
1008,3.3617670000
1011,4.2654820000
1014,4.3556150000
1018,3.1901420000
1021,2.8029490000
1024,4.1365400000
1026,2.5788420000
1031,2.3443740000
1041,4.3556150000
1046,2.7243380000
1048,3.9878460000
1052,2.5251420000
1057,2.5802830000
1061,2.9968400000
1069,1.7577610000
1079,4.3556150000
1083,4.3556150000
1085,2.3443680000
1087,3.2871090000
1096,3.1527530000
1105,4.3556150000
1115,4.3556150000
1120,2.8571580000
1126,2.2650580000
1137,2.9217140000
1138,3.1969740000
1141,4.3556150000
1148,3.1901420000
1155,3.4513490000
1165,4.4643980000
1166,3.4312650000
1167,2.2037120000
1169,2.9934720000
1173,3.1901420000
1180,4.3556150000
1182,3.1901420000
1185,2.8571580000
1190,3.1901420000
1191,4.3556150000
1195,2.3834040000
1208,2.6207380000
1213,3.2668880000
1220,3.0660010000
1224,4.3556150000
1236,2.5975460000
1238,4.3556150000
1239,3.0490210000
1252,3.2559990000
1253,4.3556150000
1262,3.1901420000
1265,4.3556150000
1268,2.0434050000
1276,3.7826540000
1277,3.1828460000
1279,2.5065070000
1280,2.1458640000
1285,2.6464360000
1288,4.1335490000
1293,2.5262930000
1295,4.3556150000
1296,3.1468020000
1302,4.3556150000
1304,4.3556150000
1307,4.3556150000
1310,4.3556150000
1311,3.1206370000
1316,4.3556150000
1343,4.3556150000
1360,2.8025220000
1363,2.4905530000
1365,2.1253590000
1371,3.1821070000
1387,3.2552580000
1393,2.0080040000
1407,3.7022850000
1413,3.0114380000
1425,3.2178690000
1428,3.3211150000
1440,3.2733880000
1449,4.3556150000
1454,4.3556150000
1462,2.2035900000
1473,4.0611680000
1475,3.8136500000
1477,3.4237680000
1486,2.8138180000
1496,4.3556150000
1500,4.3556150000
1503,3.1206370000
1506,3.6552990000
1507,3.1212630000
1514,2.5941120000
1538,4.3556150000
1541,4.3556150000
1545,3.7771120000
1557,4.1994300000
1563,4.3556150000
1582,2.4318720000
1595,3.5378780000
1599,2.3178740000
1633,3.2576980000
1635,2.7155320000
1638,2.2719470000
1640,3.0129200000
1643,3.3094820000
1659,4.3556150000
1675,3.3390400000
1684,4.3556150000
1687,3.1468020000
1694,3.8960450000
1698,3.2777750000
1717,4.3556150000
1722,4.3556150000
1731,4.3556150000
1733,3.2559990000
1734,3.1355060000
1756,3.3157920000
1764,3.2552580000
1772,3.1206370000
1786,4.3767650000
1789,4.3556150000
937,2.8288760000
1104,2.9831640000
1164,4.3386330000
1215,3.4734570000
1348,4.3556150000
1369,2.6397000000
1384,3.2552580000
1436,4.1555440000
1487,4.3556150000
1499,3.1901420000
1509,2.6665240000
1614,4.3556150000
1631,4.3556150000
1695,3.0607240000
1713,4.2901650000
1755,3.4755650000
1831,4.3556150000
1837,4.0388340000
1850,2.3144860000
1886,3.1668840000
1887,3.2608740000
1925,3.1901420000
1940,2.9335360000
1941,2.5130700000
1958,4.3556150000
2001,4.3556150000
2049,3.3908390000
2085,4.3556150000
2105,4.0232040000
2110,4.3556150000
2126,4.3556150000
2134,3.5756510000
2142,4.3556150000
2158,2.0758850000
2176,3.0564660000
2179,4.3556150000
83,2.8908750000
204,2.8908750000
232,2.0010010000
255,2.1959620000
277,2.8908750000
291,1.9213240000
370,4.3700950000
375,3.1922500000
378,1.8545840000
381,3.2030500000
387,1.5186000000
390,2.8908750000
400,1.3940720000
407,2.0404980000
412,3.2082700000
433,2.8908750000
445,4.1915630000
457,3.0854090000
460,3.0993900000
474,3.9199560000
476,2.4869050000
495,2.8908750000
496,2.8908750000
502,2.8908750000
505,2.8908750000
516,2.3916440000
521,2.4493930000
527,2.9398240000
530,2.7606430000
545,2.8908750000
568,3.8687270000
573,2.8639900000
593,3.0056810000
610,3.2220010000
618,2.8908750000
643,2.8908750000
646,2.8908750000
650,2.8908750000
669,1.7495820000
675,2.8908750000
678,2.8908750000
679,2.8908750000
686,2.8908750000
692,2.9537120000
695,1.8171690000
710,1.4893300000
714,2.8908750000
721,2.8908750000
723,2.8908750000
725,2.8908750000
729,2.8891810000
735,2.8365810000
738,3.0777060000
739,2.5626500000
755,2.8908750000
758,1.8492370000
761,3.1785090000
385,3.2487120000
395,3.1362470000
448,1.7981530000
483,2.9726840000
506,1.2793330000
533,2.8908750000
538,3.0442250000
541,1.4110470000
558,3.3528970000
570,2.2823550000
600,3.1319850000
612,2.8908750000
614,3.1955590000
653,2.9625120000
668,2.5919710000
672,2.0920200000
685,2.8908750000
690,2.0458770000
703,3.3609340000
706,2.8908750000
715,2.8908750000
728,2.8908750000
734,2.8066760000
741,2.8908750000
754,2.8908750000
766,3.3237070000
578,3.9972050000
579,2.8908750000
581,2.8908750000
620,3.0653270000
631,2.1175170000
720,2.8908750000
722,3.3255790000
762,2.2365870000
773,1.4108350000
777,4.1470950000
780,2.7606430000
783,2.8908750000
785,2.9676760000
787,2.8908750000
790,3.2151590000
793,1.9194420000
794,2.4967930000
802,3.9783310000
803,1.6712760000
804,3.2082700000
808,1.7797320000
812,2.8892720000
813,2.8908750000
817,2.8891810000
821,1.7157310000
833,3.2517320000
838,2.0491130000
840,1.7778430000
851,3.1605230000
858,3.0427890000
862,2.8138180000
863,3.1468020000
868,4.3556150000
874,4.3556150000
875,3.0660010000
886,2.3011540000
887,2.5108660000
889,4.3556150000
891,3.0378000000
892,3.1468020000
899,2.9831180000
901,4.4006490000
902,2.0649690000
903,2.5251420000
904,3.5740820000
905,4.2916470000
906,3.8787660000
908,3.2119180000
912,3.1206370000
913,4.3556150000
914,3.2559990000
915,3.2552580000
916,4.3556150000
917,2.2694470000
920,4.3556150000
927,4.1388960000
928,2.3761080000
932,3.1468020000
936,2.8571580000
938,2.5631900000
939,2.5944330000
940,2.4314820000
942,2.9868300000
944,1.7827780000
946,3.0476880000
949,3.1504480000
953,3.1901420000
956,2.2261070000
957,4.3556150000
961,1.8706060000
964,3.1901420000
967,3.8599490000
971,3.1901420000
973,3.4257300000
977,3.1223290000
980,4.3556150000
981,4.3556150000
982,4.3556150000
986,4.3556150000
991,2.2694470000
994,4.3556150000
998,3.1141370000
1001,4.3556150000
1006,2.3457860000
1010,4.0627010000
1013,2.2035900000
1017,2.9944600000
1019,3.0049400000
1020,3.1158340000
1025,2.1531600000
1028,2.1400360000
1030,3.2878020000
1032,2.2134780000
1035,4.3556150000
1036,3.0921660000
1038,4.3556150000
1047,2.3715540000
1049,4.3556150000
1053,2.4374110000
1054,3.9272340000
1055,3.3710940000
1058,2.8755660000
1060,2.4360610000
1062,3.2305320000
1063,3.1954820000
1065,4.3556150000
1067,4.3556150000
1070,3.1901420000
1071,3.1468020000
1075,4.3556150000
1077,2.7330170000
1089,1.8706060000
1097,3.4305240000
1098,4.5069970000
1099,4.3439050000
1100,2.7476130000
1101,2.7854520000
1102,4.3080760000
1107,4.3556150000
1109,2.2035900000
1111,1.9384030000
1112,3.1864940000
1121,3.2825760000
1123,3.1029160000
1124,3.7076070000
1129,3.2132610000
1135,3.1431520000
1139,3.2559990000
1143,4.3556150000
1150,4.3556150000
1152,4.3556150000
1154,3.7196740000
1157,4.2154520000
1158,3.0378000000
1160,4.3556150000
1161,4.3556150000
1163,1.8054900000
1171,4.3556150000
1172,1.9271070000
1174,3.1901420000
1177,4.3556150000
1187,2.9222740000
1188,3.0772970000
1193,3.1901420000
1196,2.8288760000
1201,4.3556150000
1203,3.1206370000
1206,3.0378000000
1207,2.8082810000
1209,2.2061820000
1210,3.0202160000
1212,2.6559060000
1214,2.3702040000
1216,4.3556150000
1217,3.1901420000
1221,4.3556150000
1223,2.2035900000
1226,3.1355060000
1228,3.1206370000
1230,4.3556150000
1233,3.2523600000
1234,4.2366820000
1235,2.5652740000
1237,4.3483190000
1241,4.1346510000
1243,3.3635210000
1250,3.9502650000
1251,2.6501800000
1254,4.3556150000
1255,4.3556150000
1260,4.3556150000
1263,3.1901420000
1269,2.5485000000
1278,2.6418390000
1284,2.6787260000
1286,2.6949040000
1287,2.3412120000
1289,2.6996530000
1309,2.7876530000
1312,4.3556150000
1314,4.3556150000
1319,3.2552580000
1320,3.8265400000
1323,3.0946840000
1324,3.0901350000
1327,2.7718260000
1328,2.2010050000
1329,2.0308370000
1330,3.3493280000
1331,2.8766800000
1332,2.7554270000
1333,1.9688200000
1335,2.7591820000
1338,2.7699320000
1340,4.3556150000
1349,4.3556150000
1352,2.0617280000
1355,3.2741290000
1356,3.1740680000
1366,3.2516120000
1367,2.1808050000
1370,3.4353270000
1372,2.8394370000
1373,3.2930560000
1381,3.1355060000
1385,4.3556150000
1391,4.3556150000
1394,2.8409700000
1395,3.2777750000
1398,3.1864940000
1399,4.3556150000
1402,1.7182640000
1405,2.9690310000
1406,4.1156380000
1411,3.5806640000
1414,2.9668080000
1417,2.8571580000
1419,3.1206370000
1422,4.3556150000
1426,4.5865950000
1431,2.9812080000
1432,2.8856590000
1433,1.6910640000
1435,2.7131000000
1438,2.1011570000
1439,4.0696170000
1441,3.2940160000
1442,2.4708850000
1444,2.9881310000
1450,4.3556150000
1452,2.8571580000
1456,3.1901420000
1457,4.3556150000
1458,4.3556150000
1461,4.3556150000
1463,3.0368180000
1464,4.2184940000
1466,3.2552580000
1471,2.2476710000
1472,1.8694580000
1474,2.6994580000
1478,2.8693840000
1480,4.3556150000
1482,3.1901420000
1490,2.8138180000
1493,3.1901420000
1494,3.1355060000
1497,4.3556150000
1505,2.2140700000
1508,3.8063540000
1511,3.2787280000
1513,2.5181620000
1515,3.8425620000
1516,3.7110630000
1524,4.3556150000
1526,4.3556150000
1532,4.3556150000
1534,4.3556150000
1536,2.8025220000
1537,4.3556150000
1543,2.4408340000
1549,3.1468020000
1551,2.8947900000
1564,3.0378000000
1566,2.0512480000
1569,3.2126590000
1571,3.1206370000
1572,4.3556150000
1574,4.3556150000
1576,3.1901420000
1577,2.2253660000
1578,3.0921660000
1580,2.8571580000
1585,2.2035900000
1590,2.3614740000
1591,3.0423540000
1592,2.3606020000
1593,2.7082360000
1594,2.4950960000
1597,2.7851010000
1598,3.3879320000
1601,2.6675860000
1604,2.1489540000
1605,2.8571580000
1615,3.1901420000
1617,4.3556150000
1621,2.0512480000
1622,4.3556150000
1623,2.2346980000
1624,2.6191180000
1626,2.9455830000
1627,4.5568320000
1630,2.6396560000
1632,2.0063360000
1636,2.2965050000
1639,2.8178780000
1642,2.1303960000
1651,1.7138750000
1652,4.3556150000
1658,4.3556150000
1662,4.3556150000
1663,3.1355060000
1664,3.8870500000
1666,4.3556150000
1669,3.4577280000
1672,2.7861380000
1673,3.0083940000
1679,4.3556150000
1686,4.3556150000
1689,3.1029160000
1699,2.8676380000
1700,4.3556150000
1707,2.6632020000
1709,3.2660720000
1711,2.8944370000
1712,1.9589850000
1714,2.8111810000
1719,4.3556150000
1721,4.3556150000
1725,4.3556150000
1727,3.0378000000
1728,4.3556150000
1729,4.3556150000
1730,4.3556150000
1737,3.2552580000
1739,3.2681700000
1740,3.1521540000
1741,4.0848860000
1752,3.0095000000
1757,4.3556150000
1759,4.3556150000
1762,2.1340850000
1763,3.2552580000
1765,4.3556150000
1778,2.2429500000
1781,2.3355900000
1787,2.0774880000
1791,4.3556150000
797,2.4536480000
951,4.3556150000
966,3.0378000000
969,3.0378000000
972,4.2482350000
1042,4.3556150000
1078,3.1901420000
1080,4.3556150000
1082,4.3556150000
1092,2.2982060000
1125,2.2730950000
1128,1.9681700000
1144,2.8025220000
1186,4.3556150000
1205,3.2552580000
1272,2.8583110000
1273,2.7876530000
1283,2.3287220000
1291,3.8003750000
1292,2.5551590000
1341,4.3556150000
1362,3.9598620000
1377,3.2013630000
1388,2.1602500000
1401,3.1206370000
1430,3.8810050000
1434,3.3356060000
1447,4.3556150000
1467,3.1901420000
1470,2.3345650000
1488,4.3556150000
1501,3.0707970000
1529,4.3556150000
1544,4.3723760000
1554,2.5269400000
1555,2.8422140000
1558,2.9011460000
1562,2.9703600000
1575,4.3556150000
1586,2.9812080000
1589,2.1426080000
1606,2.8789340000
1620,4.3556150000
1646,3.1206370000
1660,4.3556150000
1674,3.4188210000
1682,4.3556150000
1702,4.3556150000
1703,4.3556150000
1738,4.3349870000
1758,4.3556150000
1767,4.3556150000
1771,4.3556150000
1790,4.3556150000
1354,3.0979250000
1383,4.3556150000
1779,2.4977290000
1796,4.3556150000
1802,4.3556150000
1803,3.0378000000
1809,4.3556150000
1810,3.0555210000
1811,2.3516700000
1812,4.3556150000
1813,2.7876530000
1815,3.0297650000
1818,2.9262400000
1819,2.9211260000
1821,2.9944600000
1823,4.3556150000
1826,4.3556150000
1827,4.3556150000
1834,4.3556150000
1835,4.3556150000
1838,3.2794140000
1839,3.1750030000
1841,2.5631960000
1842,2.9211680000
1843,2.2253660000
1847,3.3207080000
1851,3.2733880000
1852,3.0772970000
1854,2.3309240000
1856,2.6136200000
1857,4.2698690000
1858,3.3470000000
1859,2.9414230000
1860,2.7718700000
1865,2.0079080000
1866,4.3556150000
1867,4.3556150000
1872,3.0378000000
1873,4.3556150000
1876,2.8571580000
1877,4.3556150000
1882,4.3556150000
1883,3.2559990000
1884,3.6552990000
1888,2.3011540000
1890,3.2338910000
1892,3.3266570000
1894,2.4537460000
1899,2.8796750000
1900,4.3556150000
1901,3.1355060000
1902,3.1036570000
1904,4.3556150000
1906,4.3556150000
1907,4.3556150000
1913,2.7876530000
1914,4.3556150000
1918,4.3556150000
1921,1.8939150000
1924,2.8535100000
1929,2.1699260000
1931,2.4530360000
1932,3.5606420000
1933,2.3690350000
1934,3.5172040000
1936,4.1608160000
1937,2.6559060000
1938,3.3968600000
1939,4.3563540000
1947,4.3556150000
1949,3.1468020000
1952,4.3556150000
1953,3.1431540000
1956,4.3556150000
1961,4.3556150000
1966,4.3556150000
1968,4.2422190000
1969,3.3380950000
1970,3.1460630000
1971,2.7022060000
1972,3.1290860000
1973,4.3556150000
1974,4.3556150000
1975,2.1489540000
1977,3.1206370000
1979,2.1196050000
1981,2.4314820000
1984,2.7900000000
1987,1.9357220000
1993,3.1580230000
1994,4.3556150000
1995,4.3556150000
1997,4.3556150000
1998,1.8931230000
1999,2.9682950000
2002,4.3556150000
2003,3.3211150000
2005,4.3556150000
2006,2.5775240000
2007,2.9222740000
2009,2.2134780000
2010,4.1430950000
2012,2.5631900000
2013,2.3791520000
2014,3.5051640000
2015,3.1889940000
2016,3.1628240000
2017,3.1997390000
2019,2.4694030000
2021,2.3524880000
2029,3.0772970000
2034,4.3556150000
2035,4.3556150000
2039,3.2552580000
2040,3.1901420000
2043,4.3556150000
2044,4.3556150000
2045,4.3556150000
2051,2.6498760000
2056,4.3556150000
2057,3.2119180000
2058,2.8138180000
2059,2.9571560000
2060,2.7438520000
2064,2.4110490000
2066,3.3909420000
2070,2.1007980000
2071,3.2006220000
2075,2.2687060000
2076,4.3556150000
2078,2.2035900000
2079,1.8706060000
2080,4.3556150000
2089,4.3556150000
2093,2.0080040000
2095,2.8251360000
2101,2.1262520000
2108,4.0015940000
2109,4.3556150000
2111,3.1901420000
2112,3.0595760000
2114,3.0772970000
2116,2.0794490000
2119,3.0378000000
2121,4.3556150000
2122,3.1901420000
2124,2.7036680000
2125,4.3556150000
2130,2.9304920000
2131,2.6792720000
2132,3.0206300000
2135,2.4098980000
2138,3.7878140000
2143,4.3556150000
2144,4.3556150000
2149,4.3556150000
2150,4.3556150000
2154,4.3556150000
2155,4.3556150000
2160,2.2490380000
2164,3.0772970000
2166,4.1115780000
2167,2.8980510000
2168,2.6895700000
2171,3.1017680000
2172,3.1990800000
2174,2.3318600000
2175,2.6325640000
2177,4.3556150000
2181,4.3556150000
274,3.6436390000
499,2.8908750000
561,1.7182640000
617,2.8908750000
824,2.2917790000
873,3.1901420000
877,4.3556150000
878,4.3556150000
923,4.3556150000
962,3.1901420000
987,3.1029160000
1023,2.9618670000
1029,3.2736050000
1066,4.3556150000
1068,4.3556150000
1072,3.1355060000
1073,4.3556150000
1093,2.8513090000
1110,4.3556150000
1131,2.3539700000
1133,1.8619910000
1136,3.4826470000
1147,4.3556150000
1189,3.1355060000
1202,2.6614760000
1248,4.0938570000
1258,4.3556150000
1297,4.3556150000
1305,4.3556150000
1313,3.0482800000
1321,3.8698800000
1344,4.3556150000
1346,3.2119180000
1351,4.3556150000
1357,3.1021770000
1376,4.3556150000
1397,2.4491070000
1403,3.4808470000
1415,3.1901420000
1416,4.3556150000
1418,3.1206370000
1446,2.7591820000
1460,3.1468020000
1465,3.1719110000
1484,3.1901420000
1495,2.1489540000
1552,4.0232040000
1560,2.4692140000
1570,4.3556150000
1573,4.3556150000
1588,3.7882240000
1619,4.3556150000
1625,3.1951570000
1628,3.0080040000
1644,4.3556150000
1645,4.3556150000
1653,4.3556150000
1671,2.9841200000
1678,4.3556150000
1681,4.3556150000
1690,2.0512480000
1708,3.1230860000
1736,4.3556150000
1742,3.0660010000
1743,1.8272660000
1745,3.2552580000
1747,4.2639200000
1749,2.4879320000
1754,4.3825190000
1769,2.1602500000
1785,4.3819730000
1016,2.3345630000
1056,2.7170420000
1106,4.3556150000
1322,4.3556150000
1404,3.3203740000
1421,4.3556150000
1429,3.6815220000
1451,4.3556150000
1583,2.9944600000
1655,2.8527690000
1715,2.1267980000
1761,4.3556150000
1774,3.2559990000
1784,3.1689920000
1059,2.3301760000
1704,2.5767230000
1753,2.6376580000
1793,4.3556150000
1797,3.2552580000
1807,3.2006220000
1814,3.0790050000
1816,4.3186950000
1820,4.3556150000
1822,2.7876530000
1825,4.3556150000
1840,4.3970010000
1844,2.9944600000
1846,3.1206370000
1862,4.3556150000
1869,4.3556150000
1874,2.2035900000
1879,2.9108360000
1880,3.1933280000
1889,2.9503330000
1891,2.2134780000
1895,3.1007810000
1898,3.2464800000
1903,2.8683790000
1923,4.3556150000
1926,2.8560520000
1928,3.1122480000
1930,3.2093820000
1942,2.6861260000
1943,2.8013940000
1950,3.2013630000
1954,4.3556150000
1962,4.3556150000
1964,4.3556150000
1978,2.0512480000
1980,2.2875770000
1989,3.2664790000
1992,4.3556150000
2004,3.1901420000
2024,4.3556150000
2026,4.3556150000
2028,3.2552580000
2030,4.3556150000
2032,4.3556150000
2037,2.1340850000
2042,2.0794490000
2050,3.0639650000
2052,4.2530330000
2053,4.3556150000
2055,4.3556150000
2061,3.4611620000
2065,3.1316810000
2091,3.0378000000
2092,3.2006220000
2120,2.2035900000
2128,4.3556150000
2133,2.8164940000
2136,1.8977580000
2146,4.3556150000
2151,4.3556150000
2152,4.3556150000
2162,4.1773200000
2165,4.5043040000
1197,4.2221420000
1556,2.3232180000
1613,3.1468020000
1676,3.3954210000
1746,2.7900000000
1002,4.3556150000
1153,3.1735740000
1408,2.0497080000
1502,4.3556150000
1896,2.9094930000
1985,2.2749890000
2082,4.3556150000
2100,3.0114380000
2102,1.8644240000
2048,3.1905510000
2183,3.1901420000
2186,4.3556150000
2189,2.5269400000
2191,4.3435180000
2192,2.2719470000
2193,3.1908830000
2194,4.3556150000
2195,2.1489540000
2196,2.3302040000
2197,2.7590840000
2198,3.2773680000
2199,2.0279900000
2200,4.2069190000
2201,3.4393070000
2202,2.2687060000
2203,2.9988490000
2209,3.2483510000
2210,4.3556150000
2211,3.2119180000
2212,4.3556150000
2215,3.2552580000
2217,4.3556150000
2218,4.3556150000
2219,4.3556150000
2224,4.3556150000
2228,3.3864500000
2229,2.0505090000
2230,2.0720420000
2231,3.1355060000
2232,3.2552580000
2233,4.3556150000
2236,2.5196340000
2238,2.5417440000
2239,3.2063810000
2241,1.8657840000
2249,3.2126590000
2250,4.3556150000
2253,4.3556150000
2258,3.0643790000
2259,2.2192000000
2260,4.4704910000
2261,3.3738810000
2262,2.1808150000
2263,1.6726700000
2264,2.4182600000
2265,3.2386100000
2266,3.3412910000
2267,1.9597600000
2268,3.4220670000
2269,3.7709990000
2270,2.5640910000
2271,3.3824570000
2272,3.5783140000
2275,2.4986480000
2277,2.7222030000
2279,2.8982120000
2280,3.1033230000
2281,3.9814260000
2282,1.7508740000
2283,3.1468070000
2285,3.1448480000
2288,4.4873290000
2289,3.1045710000
2291,4.4563630000
2292,4.4053750000
2293,4.0509310000
2295,3.1436370000
2296,3.6010730000
2297,2.9419590000
2298,2.0776830000
2299,2.8304140000
2301,2.6524370000
2302,2.4986970000
2305,2.0776830000
2307,3.8981800000
2308,1.8985720000
2310,4.1783930000
2316,3.1290860000
2317,2.8156190000
2320,4.2309230000
2321,4.3456840000
2322,2.1482850000
2323,4.3001780000
2324,4.6400780000
2325,3.4104490000
2326,3.2788120000
2329,1.3709810000
2330,4.4563580000
2331,2.4727310000
2333,1.3791710000
2334,3.3414300000
2335,2.7308900000
2336,2.2836390000
2339,2.8779600000
2340,2.8323140000
2341,3.3420600000
2342,3.9269500000
2343,2.8323140000
2344,2.3825110000
2346,2.4694030000
2347,2.5800820000
2348,4.4403410000
2350,3.0123710000
2352,4.4737500000
2353,2.5285930000
2355,2.5578560000
2356,2.3596830000
2357,4.0241110000
2358,2.2474760000
2359,4.4699400000
2360,3.3218560000
2362,2.9963850000
2363,4.2517410000
2364,2.6505870000
2365,3.4267550000
2367,2.5982770000
2368,1.9389630000
2369,2.7799840000
2370,2.3806340000
2371,2.1989460000
2372,3.5982930000
2375,1.8657840000
2376,1.7977130000
2378,2.6503340000
2379,3.5196440000
2380,3.1952040000
2382,3.1688950000
2383,2.3682160000
2386,3.6885460000
2387,3.0186790000
2390,2.3609470000
2392,2.2753980000
2397,1.5644260000
2400,3.0188930000
2401,3.6095790000
2402,2.9975600000
2403,4.0514050000
2404,3.3690630000
2408,1.3835170000
2409,2.6933040000
2414,1.7304430000
2417,2.1010310000
2419,2.8332910000
2421,4.1337680000
2424,1.5971840000
2427,3.0700270000
2430,3.2090110000
2433,2.5368610000
2434,3.3479010000
2435,3.2272930000
2438,3.4554040000
2439,3.2032450000
2440,3.1438830000
2441,3.6134490000
2442,3.9954940000
2443,4.1299250000
2444,3.0774870000
2445,4.5909840000
2446,4.1759550000
2447,4.4785510000
2448,2.3081180000
2449,2.0085620000
2452,3.1504040000
2453,2.6861280000
2454,3.1651250000
2456,3.0417760000
2457,3.2516100000
2458,3.8748400000
2459,2.9560010000
2460,2.9775550000
2461,2.8489790000
2463,3.0642350000
2465,4.0770100000
2466,2.5051020000
2467,3.3259130000
2468,1.7977130000
2470,2.6133640000
2471,2.5115970000
2475,3.2009660000
2477,2.1161710000
2478,3.3134650000
2480,4.5356070000
2482,2.0546550000
2483,4.4017270000
2484,2.0935340000
2490,2.6955270000
2491,4.0923170000
2492,2.3079860000
2493,2.5611970000
2495,3.5489870000
2496,3.2884010000
2497,2.4707520000
2499,2.5713040000
2500,2.9014510000
2505,3.0108920000
2509,3.5181640000
2510,3.4276240000
2511,3.1853410000
2512,2.0079130000
2514,4.1232080000
2516,4.2032730000
2517,4.3335050000
2518,3.9814260000
2521,2.1349120000
2525,3.3353870000
2526,3.4668230000
2527,2.9566430000
2529,2.9430420000
2530,3.1845050000
2531,3.4275630000
2532,3.3349520000
2535,2.6048090000
2536,4.1648710000
2540,3.7853350000
2548,1.9662810000
2550,3.1061020000
2552,2.8481190000
2553,3.5345850000
2554,3.6766890000
2555,2.9174560000
2557,2.1547820000
2558,2.2022510000
2561,1.9910030000
2562,3.6769740000
2563,2.4685910000
2566,2.4184220000
2567,4.3175980000
2569,2.8177430000
2571,4.0997550000
2572,4.1579910000
2578,1.8333760000
2579,3.7054060000
2580,3.2619500000
2581,4.4426220000
2585,3.0116110000
2589,1.8864120000
2591,2.1434890000
2592,2.7879230000
2593,3.0811330000
2594,2.8794080000
2595,2.6334320000
2598,3.8158920000
2599,2.4994410000
2600,2.5530480000
2603,3.9256370000
2604,1.9168170000
2613,3.4853730000
2614,2.2326100000
2615,3.9642510000
2616,4.5524450000
2617,2.5404670000
2619,2.7728250000
2620,2.9021970000
2622,1.7589550000
2625,4.2881410000
2627,3.3164460000
2629,2.7742820000
2630,3.2796230000
2632,3.2689070000
2633,2.0776830000
2635,3.1445930000
2636,2.4249170000
2637,3.0188280000
2641,4.3340510000
2642,2.0778270000
2643,3.4867480000
2645,2.8262400000
2647,2.3574940000
2648,3.6790240000
2649,3.3620580000
2650,1.7571160000
2652,3.5246530000
2655,2.4801080000
2657,3.1649220000
2660,3.5576020000
2661,2.6780890000
2662,3.3485550000
2663,3.0195690000
2665,3.0842750000
2666,2.9868790000
2668,2.3894850000
2669,2.2958310000
2672,4.2477080000
2673,2.9414230000
2675,2.2952850000
2676,2.4981280000
2678,3.2111310000
2682,3.3452710000
2683,2.2893630000
2685,2.8250180000
2686,2.7271430000
2690,3.0705350000
2691,2.5499410000
2692,2.9773600000
2694,2.2778030000
2697,3.3967830000
2699,2.8666640000
2700,2.5551590000
2702,2.8819430000
2703,3.4992950000
2705,2.7488910000
2706,4.4151890000
2709,4.3134230000
2710,3.8003750000
2713,3.1542090000
2715,4.3691370000
2716,2.5597560000
2718,3.3323380000
2719,3.2038630000
2723,2.2022510000
2724,4.3934130000
2726,4.3556150000
2728,2.7243930000
2729,3.1927340000
2731,2.7246650000
2732,1.5573530000
2733,3.1520840000
2734,3.1083680000
2736,2.4011370000
2740,2.2125850000
2741,1.5502280000
2744,4.1362150000
2747,2.4417790000
2749,4.4825280000
2751,2.4804350000
2754,3.3906180000
2756,2.2253710000
2758,1.7906450000
2759,1.9717630000
2762,2.5115970000
2767,3.1263450000
2770,3.5036350000
2773,2.9915100000
2774,3.4094230000
2775,2.2963410000
2779,2.2885350000
2780,2.1728430000
2781,2.2125850000
2782,2.2741200000
2783,2.0798010000
2784,2.5911970000
2787,4.3556150000
2788,4.1965300000
2789,4.3395160000
2790,3.0046610000
2794,3.8371200000
2795,3.3555870000
2797,2.7364320000
2800,2.8523360000
2802,4.0959650000
2808,2.4001320000
2810,3.4339580000
2811,2.4159200000
2813,4.2041560000
2814,4.3343880000
2815,4.5531860000
2817,2.1602550000
2819,2.0691950000
2823,2.2042630000
2824,3.4250330000
2825,3.6051430000
2826,2.2984690000
2828,2.7916770000
2836,3.1776480000
2837,1.6522100000
2839,2.5257300000
2843,3.9865540000
2846,3.7664150000
2849,3.1729720000
2850,1.8555660000
2853,2.2361920000
2854,3.2750870000
2858,2.0049580000
2859,3.1910390000
2860,3.8960450000
2862,3.2460600000
2864,4.1422890000
2865,3.3485550000
2866,3.2206630000
2867,3.6740620000
2868,2.7872300000
2869,3.0573670000
2872,3.2678510000
2873,3.4526090000
2874,3.4012660000
2877,1.9357220000
2880,1.6577020000
2885,4.3078860000
2888,3.3690630000
2890,4.1869810000
2892,2.4312600000
2893,3.6664570000
2895,2.9422620000
2898,3.2143530000
2903,4.2056650000
2904,2.9181930000
2905,2.5762550000
2906,1.8392070000
2907,2.7163500000
2908,3.1415770000
2909,2.9181930000
2910,2.2954920000
2913,4.2683890000
2914,3.8056130000
2915,2.2528790000
2918,4.4858470000
2919,3.3617670000
2920,4.3282970000
2922,2.2242180000
2924,2.2867180000
2925,3.2332240000
2927,2.3307150000
2928,3.3466150000
2929,2.2733120000
2931,2.9290970000
2934,3.3646740000
2938,4.2383810000
2940,4.4605500000
2947,2.8326370000
2950,2.3247890000
2951,3.2511770000
2952,3.0852140000
2953,3.7983170000
2954,1.8801120000
2955,2.7882510000
2956,2.7206220000
2957,2.1662010000
2958,4.3067330000
2959,3.7730570000
2960,2.6856970000
2961,3.4846800000
2963,4.1683050000
2964,2.5676430000
2967,2.8713910000
2969,4.1851430000
2970,1.6598840000
2971,4.3334250000
2972,2.2856880000
2975,3.4889710000
2976,1.2117820000
2982,3.1585790000
2983,3.4210540000
2984,2.4900430000
2985,3.9872190000
2988,3.2514100000
2990,3.1303560000
2991,1.6744650000
2992,2.0083220000
2993,2.5683360000
2996,4.5033490000
2999,4.3282970000
3000,4.3556150000
3001,2.5625030000
3003,3.5701890000
3004,2.1434350000
3005,4.1282260000
3011,1.9316410000
3012,3.2513930000
3013,4.2545170000
3014,3.0920990000
3018,3.3529180000
3020,4.1333590000
3023,4.3349870000
3029,3.0677090000
3035,2.2478090000
3037,1.8081280000
3038,2.0318660000
3039,3.1679310000
3040,3.2165770000
3043,2.5390830000
3044,3.1980780000
3047,3.1036160000
3048,3.0573670000
3049,2.2544180000
3050,3.1895930000
3051,2.5354940000
3055,2.4413230000
3056,3.6723340000
3057,4.3556150000
3058,2.2046170000
3059,3.9775830000
3061,3.2612090000
3062,3.0512950000
3063,3.0998140000
3065,4.2736610000
3067,3.5666340000
3068,4.2238480000
3069,3.4528290000
3071,2.3154990000
3073,4.2723690000
3078,2.1194370000
3079,3.6952130000
3082,2.8023390000
3085,3.0592630000
3086,2.6721710000
3087,4.0763560000
3093,3.1288300000
3096,1.6088700000
3097,3.4617420000
3098,3.5818190000
3099,2.4982340000
3100,2.5567030000
3101,4.0509310000
3102,2.9762450000
3105,4.4873290000
3108,2.2737210000
3109,1.8148420000
3114,4.3159210000
3117,4.2450510000
3118,2.2887360000
3123,4.4613760000
3124,3.0626970000
3125,1.6978200000
3126,2.1754790000
3130,3.3504640000
3132,2.9552910000
3135,2.7177830000
3136,3.8108230000
3138,2.3886670000
3139,3.0904580000
3140,2.1326440000
3141,2.8943820000
3143,3.3139730000
3144,2.3975990000
3148,4.2817210000
3150,3.2300530000
3152,4.0437810000
3153,2.7508980000
3155,3.0122610000
3156,4.4038930000
3157,3.8003700000
3162,4.4038930000
3163,2.3049530000
3164,2.5901780000
3165,3.5264420000
3166,2.1067860000
3167,2.3179050000
3169,1.7678980000
3170,3.0353000000
3171,3.3522350000
3174,2.9991190000
3175,2.5820670000
3177,2.5367420000
3178,2.2922600000
3179,1.8261180000
3182,2.3555980000
3183,2.5790060000
3185,2.0943470000
3186,2.6023530000
3193,4.0045010000
3195,4.3556150000
3196,3.2681700000
3200,3.8698800000
3203,3.1425180000
3206,4.1578250000
3209,3.0228290000
3211,2.8794080000
3212,2.9505550000
3213,3.2376640000
3218,3.3694650000
3221,1.9396780000
3224,3.6705800000
3225,4.1665480000
3226,2.7138110000
3232,3.2295490000
3234,4.3387770000
3239,2.1745730000
3240,4.2897560000
3244,3.2167210000
3246,1.5827630000
3248,3.3695730000
3249,2.7118340000
3250,3.5485790000
3251,2.9920870000
3252,3.2116050000
3257,3.4142920000
3258,4.3500730000
3260,2.0706770000
3261,2.9571560000
3263,3.8527050000
3265,4.2316640000
3280,3.5190370000
3286,2.6391400000
3287,2.1417900000
3291,3.3184120000
3292,2.8523360000
3295,3.1267080000
3296,1.9908080000
3298,3.0491700000
3300,3.0990730000
3302,4.3556150000
3303,3.5557430000
3304,2.6068400000
3307,4.5054570000
3310,3.5007770000
3311,2.0758850000
3312,2.7120980000
3314,2.2832930000
3315,2.5875510000
3316,2.6962190000
3318,2.4554570000
3320,4.5524450000
3321,3.5913610000
3323,2.0553550000
3324,2.8688870000
3326,2.9868790000
3327,2.4189680000
3328,3.2307270000
3333,3.3841510000
3334,1.8479850000
3336,3.8776130000
3340,2.8540780000
3343,1.5676210000
3345,4.0913620000
3346,2.9646470000
3349,4.0470880000
3350,3.2725600000
3352,3.2155640000
3357,2.4990760000
3360,3.1406130000
3365,3.1688950000
3366,2.1162630000
3367,2.8920680000
3368,2.2576940000
3370,2.8639350000
3371,3.4079170000
3372,3.1030380000
3376,3.5666340000
3377,2.6341630000
3378,4.4858470000
3381,2.9908100000
3384,3.1994070000
3387,3.1718940000
3389,3.4875970000
3392,3.3922560000
3393,2.7233010000
3395,2.9017220000
3397,4.0550020000
3399,3.2668230000
3401,3.3036080000
3408,2.3886670000
3412,4.5581240000
3413,3.9159920000
3416,2.3786550000
3417,2.6460220000
3423,3.2818370000
3424,2.8344880000
3426,1.7305180000
3430,3.3632610000
3431,3.9376770000
3432,2.9430420000
3433,3.0846850000
3436,1.7394330000
3437,3.5504410000
3440,3.0573670000
3446,2.4447200000
3447,4.3296620000
3448,2.2719470000
3450,2.7414810000
3451,2.4385140000
3453,2.7053900000
3456,4.3840060000
3457,2.8061370000
3465,2.5914090000
3467,3.1030380000
3470,4.5258680000
3472,3.4289780000
3473,3.2828930000
3476,2.1573000000
3481,3.2032450000
3482,2.0482730000
3483,4.2683890000
3486,4.0959650000
3492,2.7880620000
3493,2.2817360000
3504,2.8257590000
3505,2.4199540000
3507,3.3895470000
3508,3.4487660000
3509,3.7577190000
3513,2.6865950000
3514,2.9377390000
3515,2.1008300000
3516,3.2735320000
3523,3.1156700000
3526,2.3862680000
3528,4.1299250000
3529,2.5072200000
3531,3.0603170000
3534,2.7762590000
3535,2.7900000000
3538,3.0765580000
3539,2.0013210000
3542,2.2435010000
3543,3.2390170000
3544,2.8638090000
3546,3.0351840000
3549,2.7737630000
3552,3.1585790000
3557,3.7666620000
3560,4.1551350000
3562,2.9776990000
3567,4.0421530000
3569,3.4140970000
3570,4.1333590000
3572,2.1173240000
3573,4.4006490000
3574,3.6761190000
3578,2.5029270000
3579,2.4808580000
3582,2.6917660000
3583,1.9753150000
3584,1.2644410000
3586,3.5717450000
3588,2.1354410000
3589,2.1823430000
3590,3.1713650000
3591,2.5708540000
3593,2.5527640000
3594,3.3690630000
3595,3.2814280000
3596,4.1852340000
3597,2.4383500000
3600,2.0597880000
3601,4.2450510000
3602,3.2289000000
3604,2.7436680000
3605,2.1092160000
3609,4.0993990000
3612,2.9713240000
3613,2.8530770000
3619,2.8257590000
3622,3.5900430000
3625,2.6241000000
3627,1.8985690000
3628,4.3239080000
3630,3.1433730000
3631,4.2017110000
3633,3.3872650000
3634,3.4738640000
3636,2.3852830000
3640,3.2307270000
3642,3.4386030000
3643,2.5725480000
3644,2.2690230000
3646,2.4042870000
3647,1.7445860000
3649,2.1605200000
3650,1.9774760000
3657,2.1430800000
3660,2.6142930000
3661,2.3964840000
3666,2.3005570000
3669,4.4439890000
3673,4.3556150000
3675,4.0775990000
3676,3.5799800000
3682,2.2250050000
3683,3.2438950000
3688,2.5209210000
3689,2.4027340000
3690,3.1688950000
3691,2.1660010000
3695,3.6480330000
3701,2.3565580000
3706,2.4213650000
3707,4.3301860000
3708,2.6074380000
3709,4.1165930000
3711,2.9573270000
3712,4.4045740000
3713,3.9276040000
3716,2.0124620000
3718,2.9382960000
3720,2.6366210000
3721,2.8688870000
3722,4.1095530000
3724,2.3410980000
3725,3.1030380000
3730,2.4842790000
3731,4.0644680000
3733,2.4732910000
3737,3.2382370000
3740,2.5358720000
3745,3.0123930000
3746,3.9847560000
3747,2.6178800000
3749,2.9532880000
3753,2.0829550000
3755,2.0160610000
3756,2.9725830000
3760,2.8553600000
3762,4.3787510000
3763,2.9064640000
3764,3.7918710000
3765,2.9430420000
3766,2.8519950000
3768,1.9458920000
3769,2.9978670000
3771,1.9684300000
3776,1.9756280000
3778,3.2858170000
3779,3.4610200000
3781,2.4796140000
3783,3.8846640000
3784,2.9235230000
3788,3.3249170000
3789,3.1946110000
3790,1.5671570000
3791,2.8908750000
3796,3.2551570000
3802,2.1570220000
3805,2.4203090000
3807,2.2784470000
3808,3.3811500000
3809,1.9003860000
3810,4.3387770000
3811,3.5357930000
3816,4.1851430000
3817,4.0887290000
3818,3.1678390000
3819,3.8003750000
3822,4.1345040000
3823,2.3135160000
3824,3.4024720000
3825,1.5791080000
3827,3.5015830000
3828,3.5382590000
3833,2.9377030000
3834,2.9181930000
3835,3.4584640000
3838,2.9472770000
1861,3.1387670000
2063,2.9898300000
2113,4.3556150000
2139,4.3556150000
2159,3.0765580000
2207,2.8145590000
2240,4.4271510000
2252,4.3556150000
2304,3.2278390000
2314,4.1738670000
2315,2.6458760000
2318,4.3076690000
2349,2.4398320000
2377,3.6121800000
2385,3.5600640000
2388,1.6182570000
2428,4.2104640000
2451,3.1785090000
2472,2.7338220000
2503,4.5531860000
2506,3.3718350000
2508,3.3084370000
2513,4.4006490000
2564,2.1587220000
2612,2.9377930000
2640,1.8778010000
2659,2.7601870000
2693,1.7413370000
2701,2.0923790000
2711,2.4575620000
2738,2.9336900000
2771,3.4294810000
2792,1.8707870000
2816,3.2300530000
2820,4.1165930000
2831,3.5356660000
2834,3.0705350000
2845,3.1261720000
2863,3.3479010000
2870,3.0600320000
2912,1.5775460000
2937,3.5461100000
2948,2.8908750000
2973,1.7270070000
2998,3.3648800000
3006,4.1691980000
3016,4.4207310000
3028,1.8790550000
3064,2.6420470000
3066,2.1157620000
3070,3.1141390000
3081,1.9419120000
3106,2.5895580000
3115,4.2110630000
3120,1.5663290000
3121,3.7650950000
3129,4.0509310000
3134,2.9212170000
3142,3.4346240000
3146,3.0795680000
3149,3.1733810000
3151,2.3413970000
3154,4.3150470000
3172,2.8813940000
3173,2.4184220000
3180,4.4017270000
3191,4.0509310000
3208,3.1406130000
3215,3.1128040000
3222,3.2945690000
3228,4.4006490000
3233,2.3825110000
3235,4.3575040000
3236,3.4087480000
3241,2.5914090000
3253,1.8479850000
3262,3.8441520000
3268,1.9759380000
3269,3.9107680000
3274,2.6812450000
3276,2.2228730000
3278,2.3718500000
3288,2.8032940000
3293,2.7029370000
3301,2.3551930000
3306,3.4786670000
3308,2.8772260000
3322,4.0904280000
3329,3.8465070000
3341,4.4006490000
3348,4.5037580000
3353,3.3254580000
3355,2.4593990000
3359,2.7748940000
3373,2.3620030000
3374,1.9316410000
3380,4.2861100000
3388,3.5651960000
3390,1.6104100000
3391,2.5619140000
3394,2.3274210000
3406,3.1116010000
3410,3.2477690000
3420,3.1867130000
3454,3.0447980000
3459,4.2723690000
3464,2.5757040000
3471,4.4858470000
3475,3.3101030000
3484,4.1388960000
3487,2.8264310000
3510,2.3575880000
3519,2.1050010000
3521,3.0642350000
3532,2.3167740000
3536,2.3604010000
3553,3.5173600000
3556,3.4574370000
3568,2.6148970000
3577,3.4800860000
3581,1.7721070000
3610,3.2352500000
3614,2.0935340000
3620,1.7333390000
3632,4.2032730000
3641,2.9470320000
3645,3.3572570000
3655,3.0915710000
3658,3.0780380000
3664,1.7678460000
3677,2.3468210000
3680,1.9671790000
3684,3.9015850000
3686,3.1688950000
3698,3.3373490000
3719,2.6314100000
3726,3.6743850000
3727,3.2257060000
3735,2.2095410000
3738,4.2398700000
3739,4.4792920000
3744,2.5127430000
3751,3.2892820000
3752,3.9206620000
3759,3.3212370000
3770,3.1503930000
3777,2.9455370000
3787,2.9915100000
3794,3.5369740000
3837,4.1156380000
2727,2.8656070000
3092,2.3199570000
3199,3.1985910000
3841,2.8411300000
3843,2.1055470000
3844,2.6895790000
3845,2.3841450000
3846,1.7497480000
3849,4.1826450000
3850,2.1620980000
3851,3.3438980000
3860,2.6021080000
3861,3.5268770000
3862,3.2876600000
3864,2.3590600000
3865,3.3426380000
3866,2.9735470000
3868,3.1415770000
3869,2.0344870000
3871,2.1100010000
3874,4.1782560000
3875,4.3188900000
3879,2.2992650000
3883,2.4366700000
3886,2.0643250000
3887,2.8257590000
3888,2.8462220000
3889,4.3137600000
3890,2.9000360000
3891,3.0317500000
3893,2.8908750000
3894,3.1511910000
3895,2.8962950000
3896,3.0948100000
3897,3.5591000000
3899,2.6933040000
3900,2.0981330000
3902,3.4188230000
3903,4.4207310000
3907,3.2176040000
3908,3.3417450000
3910,1.7211160000
3919,3.5753710000
3920,3.4726690000
3921,2.5499410000
3922,2.6349430000
3923,2.3154990000
3924,3.2508690000
3928,3.5773750000
3931,2.1597910000
3932,2.4306360000
3934,3.1164020000
3935,1.6209310000
3936,2.7530000000
3938,4.1096380000
3940,4.2166050000
3942,4.1869810000
3944,2.9704940000
3947,2.5915100000
3948,3.6347010000
3953,2.8947900000
3955,2.8620190000
3956,3.2544160000
3959,2.3102960000
3960,2.3965270000
3964,2.7162690000
3965,3.2258710000
3966,4.3034970000
3967,4.5531860000
3968,3.5497960000
3970,4.3991670000
3973,3.2080530000
3974,4.2221420000
3976,4.0436350000
3977,3.0956220000
3979,3.4291570000
3982,4.3265030000
3983,3.6981100000
3984,3.6515450000
3986,2.9944530000
3990,4.2530330000
3993,2.8546250000
3994,3.3496410000
3995,3.6340780000
3997,3.2137660000
3998,4.0305590000
3999,2.0993160000
4001,2.8908750000
4003,2.0153420000
4006,1.6237420000
4010,3.4341790000
4015,3.2178690000
4016,4.1333590000
4018,4.4600110000
4022,3.8483160000
4023,3.0432170000
4025,2.8908750000
4026,3.2695300000
4027,2.3751030000
4029,1.5346240000
4032,2.6097620000
4034,3.2419780000
4036,3.4577370000
4040,3.0754970000
4041,4.0168700000
4043,2.4770840000
4045,2.2444390000
4050,3.0743030000
4055,2.8648300000
4056,1.8759750000
4059,2.3250350000
4060,3.3464950000
4063,2.6080680000
4064,2.8539930000
4068,2.4249170000
4069,3.7679460000
4070,3.2869190000
4072,3.3909160000
4074,2.2615640000
4076,3.0179490000
4078,2.2435010000
4081,3.3184270000
4086,4.2032730000
4087,2.3874490000
4090,3.7917550000
4092,2.2096610000
4093,3.3972190000
4094,3.2564580000
4096,4.4829400000
4100,2.8688870000
4101,2.2441750000
4102,3.2276520000
4108,4.2736610000
4111,3.8905030000
4112,3.9689770000
4113,2.7616690000
4114,1.5416650000
4116,2.3827950000
4117,3.8719110000
4118,2.5430670000
4125,2.1355760000
4134,2.6668510000
4135,1.9869950000
4136,3.1021770000
4139,3.6001720000
4140,2.2272600000
4141,4.4563630000
4142,2.6208310000
4143,2.8256370000
4144,3.3210740000
4148,3.1653360000
4152,3.4768690000
4156,3.0767170000
4157,4.1200270000
4160,2.1716830000
4161,2.3707550000
4162,4.3926120000
4165,3.6480330000
4166,4.1959770000
4167,3.9642510000
4172,4.1822360000
4173,4.3309300000
4178,2.8938500000
4179,3.1688950000
4182,3.5323110000
4184,2.9076900000
4188,2.7671980000
4193,2.1488670000
4195,1.9109190000
4197,2.0297800000
4199,4.4858470000
4200,1.8796010000
4202,2.3773680000
4205,2.9846450000
4206,1.2703350000
4207,2.3322710000
4210,2.0319980000
4211,2.7710520000
4212,2.3346850000
4213,3.8267630000
4214,2.4105030000
4215,2.2300250000
4216,2.3523700000
4221,4.1856890000
4222,3.2797760000
4225,3.2770340000
4226,2.3612840000
4228,4.1826450000
4229,4.1948240000
4230,2.2696660000
4233,4.2309180000
4236,2.1574950000
4238,3.4334800000
4239,2.8783710000
4241,2.4934020000
4243,2.6386130000
4244,2.8552790000
4246,3.2307270000
4247,3.4053980000
4249,3.1037790000
4251,2.6933040000
4253,3.6602710000
4254,1.5084590000
4256,3.3663030000
4258,2.1363940000
4261,4.1665480000
4265,2.0313970000
4267,2.1129350000
4268,4.2663650000
4271,4.5258680000
4274,4.1652560000
4283,3.3236900000
4284,3.1730940000
4285,2.1984900000
4286,2.2504750000
4297,4.2160540000
4299,2.3455910000
4302,2.6385820000
4303,2.4042870000
4305,1.9229410000
4307,2.8676610000
4315,2.3825110000
4319,3.3627050000
4320,2.7285610000
4321,2.8136650000
4322,3.1822270000
4323,2.6955270000
4326,4.5098460000
4338,3.8960450000
4344,2.4979560000
4346,3.9136760000
4350,2.2544180000
4357,2.8073020000
4358,2.0206330000
4360,2.5936120000
4361,2.5347090000
4363,3.4186330000
4366,2.7093700000
4367,2.2632790000
4372,4.2316640000
4375,2.4547980000
4378,2.6054930000
4387,4.3172130000
4389,3.1605230000
4390,2.2625400000
4392,2.7053840000
4393,2.8451600000
4399,2.8257590000
4402,2.6158330000
2254,3.1355060000
2300,3.5209760000
2399,3.0642350000
2411,1.3715550000
2423,2.6567100000
2432,3.3725380000
2538,3.6139080000
2542,1.8950630000
2588,2.7619820000
2628,2.5045790000
2658,4.3556150000
2667,3.5380760000
2670,2.2958310000
2674,2.6968660000
2712,3.4175310000
2730,3.8898470000
2745,2.6248610000
2753,2.8435810000
2764,4.0720810000
2766,3.2097090000
2804,4.3282970000
2809,2.2282270000
2882,1.9313330000
2884,1.5808110000
2926,3.1832350000
2977,3.5055620000
2979,2.3180060000
2986,3.8050400000
2994,2.6987550000
3002,2.8661530000
3009,3.1990740000
3010,3.2169280000
3015,3.4518550000
3031,4.4858470000
3074,3.1695140000
3080,2.4101590000
3091,3.1298970000
3094,3.0602270000
3111,3.2167210000
3131,3.0511320000
3137,2.8095250000
3188,2.6908300000
3189,3.9393850000
3220,2.5846360000
3230,4.2855590000
3242,3.2823830000
3243,4.2485020000
3255,3.4300270000
3282,3.0364840000
3284,1.6485140000
3305,4.2056360000
3325,3.6067330000
3332,3.5051180000
3335,3.1963770000
3337,2.5712330000
3383,3.3727090000
3403,2.1846180000
3411,4.4611620000
3421,3.3113300000
3434,4.2667170000
3462,2.2138770000
3480,1.7138940000
3485,2.8269970000
3489,3.8322720000
3494,4.1322060000
3497,1.9998710000
3498,4.1037350000
3540,1.9661230000
3551,2.6645620000
3566,4.1160470000
3571,3.2781820000
3599,1.3747940000
3606,3.8553340000
3608,3.2785160000
3624,4.2303210000
3635,4.0814330000
3648,2.2799290000
3659,3.1343580000
3670,2.7907410000
3681,3.9342850000
3700,2.4833780000
3743,3.4175310000
3757,3.0792300000
3758,3.6249570000
3780,3.0643790000
3799,2.1164860000
3801,3.2688250000
3831,2.3391710000
3836,2.2253710000
2242,3.6614400000
2273,3.4283500000
2479,4.4425070000
2502,4.3128770000
2537,2.3950100000
2577,2.5977030000
2587,4.5251270000
2768,2.2497010000
2777,1.5546460000
2796,2.6473370000
2801,3.0003570000
2827,3.7497690000
2830,3.1186250000
2897,3.2021840000
2901,2.7960640000
2911,2.9293200000
2930,4.2427700000
2966,1.9656310000
3090,3.3760370000
3145,2.3324830000
3294,2.8093960000
3331,2.5279530000
3354,3.3882510000
3358,2.0209060000
3363,2.3064030000
3364,2.8345370000
3396,2.5354130000
3468,3.4087500000
3503,2.0898620000
3626,4.1052490000
3654,3.1916970000
3692,2.9773600000
3694,4.3159210000
3705,4.1817090000
3772,2.8517620000
2626,2.5879570000
3729,3.9029770000
3774,2.5699460000
3848,2.3612840000
3856,2.8894140000
3858,3.5254820000
3873,2.2257750000
3876,3.1472160000
3904,2.5520230000
3906,1.9823690000
3909,4.2491900000
3912,4.4600110000
3913,1.4903200000
3915,2.3580330000
3918,2.1122970000
3930,3.0915530000
3951,2.9271460000
3954,2.5800820000
3957,2.6281880000
3958,2.8257690000
3971,3.1128470000
3978,4.3446460000
3988,2.2289300000
3991,4.1817090000
3992,2.0417310000
4002,2.9552050000
4005,3.1297760000
4007,3.4142920000
4021,4.1856890000
4028,3.3857340000
4031,2.6569880000
4035,2.4167280000
4046,4.2084010000
4049,2.7248840000
4051,2.7746470000
4058,3.9645880000
4061,3.8365980000
4062,3.3019880000
4065,3.3777740000
4067,2.5500420000
4071,3.3048520000
4073,3.3080810000
4075,2.2498370000
4085,2.1594630000
4095,3.0818980000
4097,2.0915560000
4106,3.2523600000
4110,4.4266000000
4123,1.6342790000
4126,3.4038620000
4128,3.0754970000
4147,2.1162630000
4149,2.6955270000
4150,3.2796230000
4151,2.2441750000
4158,2.9969060000
4159,4.3845520000
4164,3.4413400000
4168,4.6183020000
4169,4.5308810000
4175,3.9497550000
4176,3.2923810000
4177,3.7154410000
4180,3.0318780000
4185,2.7822070000
4194,1.6449160000
4198,2.6171390000
4203,3.9829370000
4204,3.2873740000
4208,2.1602500000
4209,1.7952030000
4217,2.3861320000
4219,3.3202730000
4223,4.2096930000
4231,2.5663000000
4250,2.9920970000
4252,2.5709590000
4255,3.3687240000
4259,2.9386890000
4262,4.4207310000
4269,4.0888660000
4277,3.4483720000
4279,2.6199970000
4282,2.1606640000
4287,3.7714140000
4288,3.3259130000
4291,1.3482640000
4292,3.9859840000
4293,2.4322710000
4295,3.1741200000
4296,4.3556150000
4308,3.1944770000
4309,3.0086030000
4312,3.5467640000
4316,3.0283470000
4327,2.1560730000
4331,3.4324970000
4348,3.8117580000
4352,2.6018580000
4362,2.7996790000
4370,2.1987870000
4374,3.9829060000
4377,3.0123760000
4381,3.2555440000
4385,3.6039820000
4391,2.9803000000
4394,3.4554040000
4396,3.2613390000
4400,3.8800820000
4403,2.6955270000
3045,3.1165650000
3110,3.5923490000
3181,3.7536620000
2485,2.5614530000
2806,1.3682860000
3273,4.3556150000
3285,2.9762400000
3813,4.2647360000
3877,2.8779350000
3926,3.2438950000
4039,3.4477180000
4077,2.7187960000
4099,3.3975840000
4104,2.7641500000
4234,3.9541080000
4242,3.7013290000
4351,3.7788110000
4388,1.7678460000
4376,4.3556150000
4404,3.9611610000
4406,3.0209850000
4407,3.0353000000
4408,3.8221510000
4411,4.2477610000
4412,2.5089690000
4413,4.3556150000
4415,4.3122750000
4418,4.6139130000
4419,3.9989590000
4420,2.1427220000
4421,2.9644520000
4422,2.0342380000
4423,3.5778670000
4424,3.2032450000
4425,3.1997470000
4426,2.0414330000
4429,3.6222660000
4430,2.4070050000
4431,3.9689770000
4433,2.5353630000
4434,3.7058830000
4435,3.5053130000
4436,1.6311250000
4437,1.7769000000
4439,3.3660440000
4440,3.3988660000
4441,3.1588530000
4442,2.5789960000
4443,2.3309240000
4444,2.1259800000
4446,3.8521590000
4449,3.5651960000
4450,3.2988100000
4452,3.0654450000
4453,4.1791390000
4454,3.8822970000
4455,2.2028510000
4457,4.2343210000
4458,2.7732030000
4460,4.4858470000
4461,3.9151090000
4465,1.6785390000
4468,3.2307270000
4469,3.5177990000
4470,2.5003590000
4472,2.9775550000
4473,3.4428900000
4475,2.7776910000
4477,3.2555750000
4479,4.3879860000
4482,2.4928940000
4484,2.4729060000
4485,1.8901280000
4486,3.0378000000
4488,3.2280940000
4489,4.1856890000
4492,3.5578560000
4495,2.1501040000
4496,4.3708360000
4497,1.8939150000
4498,4.1346510000
4501,1.5004380000
4502,3.9112660000
4503,4.0509310000
4505,3.1420010000
4506,3.1952700000
4507,3.2041360000
4509,3.4726150000
4511,4.2225490000
4512,3.5142290000
4513,3.5663180000
4514,3.7962630000
4515,3.2134890000
4516,4.1383260000
4517,3.1405680000
4518,2.0566650000
4519,2.9181930000
4520,2.3829130000
4521,4.1797550000
4522,2.8059730000
4524,2.4355300000
4525,3.1165650000
4526,3.3212370000
4528,3.4312720000
4530,2.3825110000
4533,3.2110870000
4534,4.0422990000
4535,3.1261790000
4536,2.3130060000
4541,2.4056300000
4542,3.2167210000
4543,2.0258550000
4544,3.0614190000
4546,3.7356090000
4548,3.6746920000
4549,2.0120900000
4550,4.0075910000
4551,2.3700720000
4553,3.3992720000
4554,3.4686120000
4557,3.0976070000
4559,3.1688950000
4560,2.9268170000
4561,3.3663030000
4562,4.0311860000
4563,3.8698800000
4565,1.6972230000
4566,1.4278620000
4569,4.0505220000
4570,1.9229410000
4572,4.4008440000
4573,4.2736610000
4574,3.4341790000
4575,2.7387620000
4576,1.8765550000
4578,3.5026100000
4580,4.3067330000
4581,1.9122380000
4582,3.1656110000
4584,1.7023860000
4585,3.0096400000
4586,2.1660010000
4587,3.7076290000
4588,2.8508090000
4589,2.3228100000
4590,2.1754300000
4591,2.3975990000
4592,2.3613490000
4593,2.7965850000
4594,3.5111150000
4595,2.7370410000
4600,3.1480990000
4602,3.8204520000
4603,4.1299250000
4604,1.9662810000
4605,2.0258550000
4607,4.3137550000
4609,4.3735260000
4611,4.3335050000
4612,4.1470750000
4613,3.1822270000
4614,3.0915530000
4615,3.4304990000
4616,2.0285340000
4617,4.2259320000
4618,2.7243380000
4621,2.8939820000
4622,2.9773430000
4623,3.1688950000
4625,4.1594720000
4626,4.2866490000
4627,1.7283160000
4629,2.6481490000
4630,3.4747030000
4631,4.2441130000
4633,4.2303210000
4634,3.3180050000
4637,2.5367420000
4640,4.4600110000
4641,3.2858170000
4644,2.6815330000
4647,2.8760270000
4648,2.7872200000
4649,3.1774830000
4650,2.8117650000
4651,3.6806180000
4653,2.7779550000
4655,2.8456460000
4656,3.2305630000
4659,3.5748910000
4663,3.3137780000
4665,3.2370100000
4667,4.0436350000
4669,2.4447200000
4670,4.5581240000
4671,1.5766380000
4672,4.2290290000
4673,1.6938200000
4674,2.2190170000
4675,3.0210390000
4677,3.0113010000
4679,4.1665480000
4680,2.9942190000
4681,2.9121220000
4683,2.7331160000
4685,2.6541280000
4686,2.8176280000
4688,2.3975990000
4690,2.5637640000
4692,3.0789910000
4693,3.0251880000
4694,3.3656550000
4696,2.3609470000
4697,2.5003590000
4698,2.0672420000
4699,3.3093620000
4701,2.3669650000
4703,3.5976390000
4705,3.2031070000
4706,3.2828930000
4707,1.8728230000
4708,3.1017650000
4709,3.2689070000
4712,4.3773910000
4713,4.3122750000
4715,2.5280490000
4716,4.3708360000
4721,2.6147020000
4723,1.5603850000
4725,2.8891810000
4726,2.8233240000
4728,1.8427010000
4730,1.5659160000
4733,2.7245010000
4734,1.6744650000
4737,3.1962130000
4741,4.0228120000
4742,4.4873290000
4743,4.4130230000
4744,3.3690630000
4745,3.1036570000
4746,3.3842840000
4747,2.9796430000
4749,3.0290740000
4751,2.9772380000
4753,3.9846140000
4754,4.4026010000
4756,4.1553270000
4757,3.2995580000
4758,2.6933040000
4759,1.3491530000
4761,1.2917590000
4763,2.6727500000
4765,2.3377920000
4768,3.0573670000
4769,3.8542450000
4771,3.2370270000
4772,2.7946800000
4775,2.5461800000
4776,2.9181930000
4777,4.2102190000
4778,1.2295500000
4779,3.5763050000
4782,2.3130060000
4785,2.7258200000
4787,4.0045010000
4788,2.5142250000
4789,2.0603120000
4790,4.1165930000
4791,4.1811630000
4792,3.3111840000
4794,2.9348100000
4795,3.9814260000
4796,1.4268570000
4798,2.9322050000
4800,3.0017040000
4801,2.8470510000
4802,3.5480540000
4803,3.1289960000
4805,4.1200270000
4806,2.4321650000
4807,2.1990080000
4808,4.4563630000
4809,2.6471250000
4810,3.4798910000
4811,3.3852240000
4814,2.6294090000
4815,3.1962130000
4816,2.9124390000
4817,1.8506910000
4818,2.0353660000
4819,2.5750350000
4821,3.2785160000
4823,1.6768180000
4826,3.9119210000
4827,3.5605930000
4828,2.2104860000
4830,2.7551910000
4831,3.8286750000
4832,4.3172130000
4834,1.8796010000
4836,2.2503830000
4837,2.9846450000
4838,2.8257590000
4839,1.9035120000
4841,2.5430670000
4843,1.8586080000
4844,4.4178240000
4845,3.6954280000
4847,2.7674340000
4848,2.5132240000
4850,2.3975990000
4852,3.0852140000
4855,2.7594520000
4856,3.0929000000
4857,3.4334570000
4858,2.4412730000
4859,1.9328120000
4861,2.8326370000
4862,4.1379380000
4863,2.6732950000
4864,2.3551930000
4865,2.9957450000
4867,4.2817210000
4868,4.5170900000
4869,3.0320110000
4871,4.0516700000
4873,4.1864350000
4874,2.5612110000
4877,3.5666340000
4879,3.8914390000
4880,4.4026010000
4885,1.8824420000
4886,4.3556150000
4890,3.1438520000
4891,3.0573670000
4892,2.9390160000
4894,2.3497950000
4895,3.3646740000
4896,3.2991370000
4898,4.2450510000
4901,2.7506370000
4902,2.0965130000
4905,3.0982810000
4907,4.3879860000
4909,4.1299250000
4911,1.8392070000
4913,2.9595120000
4916,3.2370270000
4917,1.9580220000
4920,2.3772000000
4922,2.6294260000
4924,3.5150470000
4925,3.9513930000
4926,2.5142250000
4927,3.8960450000
4932,4.1831190000
4935,4.5524450000
4936,3.4172730000
4939,4.1393050000
4940,3.7398880000
4941,2.3212390000
4943,1.9636080000
4944,3.2889960000
4946,2.5772590000
4948,3.5220790000
4949,2.3975990000
4952,2.2900240000
4953,2.4191630000
4954,3.0264370000
4955,2.3825110000
4958,2.4374110000
4959,2.5613040000
4964,2.6669740000
4965,2.7087600000
4966,3.2437690000
4968,4.2343210000
4970,2.8322260000
4974,2.6212680000
4977,3.1511480000
4981,2.1172270000
4982,3.9040270000
4984,3.0654040000
4988,3.5273960000
4989,1.8171200000
4993,3.7730570000
4994,2.6541280000
4995,3.4971290000
4998,2.9285510000
4999,3.2086770000
5000,4.1583710000
5001,2.6265690000
5003,3.9823090000
5004,4.1822360000
5009,3.0576220000
5013,2.7186400000
5014,3.2827300000
5016,2.6119540000
5018,1.7984550000
5019,3.9835080000
5026,3.8685810000
5029,4.2872580000
5030,4.1020610000
5031,3.1091990000
5032,3.6073830000
5034,3.0921660000
5038,2.2992650000
5041,2.8554420000
5042,3.3756990000
5043,2.0056990000
5044,3.7003410000
5045,3.5400160000
5046,3.8861140000
5047,2.9184260000
5048,3.0870380000
5050,3.2849530000
5051,2.1993630000
5052,2.4936030000
5053,2.7759760000
5054,3.4945680000
5055,2.8546250000
5056,3.0369580000
5057,2.9181930000
5059,3.3187460000
5060,3.2303680000
5061,3.2962250000
5062,2.7236350000
5065,2.3005570000
5068,4.0465420000
5069,4.0228120000
5070,2.5307280000
5072,4.1782560000
5073,3.9807710000
5074,4.0001120000
5075,2.1134250000
5076,3.8425620000
5078,2.9094930000
5079,3.1257650000
5080,2.6870810000
5082,4.4858470000
5083,3.3160900000
5087,2.6194510000
5088,2.3201570000
5090,2.2621190000
5091,3.2567380000
5092,3.3891400000
5094,2.9693580000
5098,3.0803150000
5099,3.1072660000
5102,2.9108360000
5103,3.9689770000
5104,4.2303210000
5107,3.0777110000
5109,3.6620490000
5113,2.1298590000
5114,3.0830650000
5115,3.8241300000
5116,3.4634600000
5118,1.9605930000
5122,2.3024460000
5125,3.4772590000
5126,3.5143930000
5127,2.8908750000
5128,2.2829780000
5129,2.9713240000
5130,2.6865950000
5131,3.1445930000
5132,2.7784650000
5133,2.9253570000
5134,2.5003590000
5135,4.1153920000
5136,3.4611620000
5139,1.3564660000
5140,1.9714290000
5143,3.8278830000
5144,3.1353640000
5145,2.3407180000
5147,2.0236890000
5148,2.8423300000
5149,1.8943240000
5151,2.5667560000
5153,2.0340780000
5155,3.1776480000
5156,3.7254630000
5157,3.5624520000
5158,4.2264090000
5159,2.9035070000
5162,2.9350590000
5163,3.3249570000
5164,3.2481160000
5165,2.9694410000
5168,4.6175610000
5172,4.0509310000
5173,4.3605530000
5178,2.3612840000
5179,3.6347010000
5181,3.1025070000
5184,4.0465420000
5185,2.7365230000
5186,4.4008440000
5189,3.5666340000
5191,4.4858470000
5192,2.5142250000
5194,2.7799840000
5196,3.1955920000
5197,4.0992090000
5198,3.5232940000
5199,3.4297900000
5200,2.3684160000
5201,2.6933040000
5202,1.7571160000
5203,2.6238460000
5204,1.9929320000
5205,2.0727110000
5207,2.5278410000
5208,2.5108600000
5209,1.9851500000
5211,3.2178690000
5214,4.0514050000
5215,2.0949080000
5216,2.7067100000
5217,3.9393850000
5218,4.3340510000
5223,3.0425110000
5226,3.8521590000
5227,2.6641520000
5228,4.2723690000
5235,1.7529600000
5237,2.5252740000
5238,3.2555750000
5240,2.5255520000
5241,3.2949500000
5244,3.8134500000
5245,2.7910380000
5246,2.5662940000
5247,3.0592720000
5249,3.0480250000
5251,2.7076680000
5252,3.0423990000
5254,3.6228600000
5256,4.4858470000
5257,4.2056360000
5258,2.7067100000
5259,3.2550650000
5260,3.9989590000
5261,2.5520290000
5262,2.2694470000
5265,4.1248240000
5269,3.5393160000
5270,3.1284480000
5272,3.1397180000
5274,2.5324200000
5275,3.0573670000
5276,3.3176540000
5277,1.7340700000
5278,3.7025010000
5279,1.9223760000
5281,2.7391520000
5282,4.5098460000
5284,4.3301890000
5285,4.3311440000
5286,1.4303600000
5287,1.9513160000
5289,4.3374850000
5290,4.2303210000
5292,2.1019580000
5293,3.2984050000
5294,3.9393850000
5297,3.1902600000
5300,2.6085660000
5302,2.8751870000
5303,2.4989750000
5304,1.8502190000
5306,2.6955270000
5307,2.6504120000
5309,3.1962130000
5310,2.9245020000
5311,4.4858470000
5313,4.4006490000
5316,2.2992650000
5320,2.6908300000
5321,2.8508770000
5322,4.7477930000
5323,2.7710680000
5325,4.4712320000
5328,2.1813790000
5329,2.4957520000
5330,2.8626560000
5331,3.5143930000
5332,3.8442840000
5333,1.9915490000
5334,3.0954540000
5335,1.4888380000
5336,4.3603540000
5337,1.7334850000
5338,3.9541080000
5339,2.5030460000
5340,2.4708850000
5342,4.3282970000
5345,1.6976080000
5346,3.1068960000
5349,4.4026010000
5352,1.7207000000
5353,1.4028580000
5354,2.3665200000
5355,3.4839490000
5357,2.9068730000
5358,2.4842790000
5359,2.0391440000
5361,2.1196970000
5362,3.0140400000
5363,3.9603890000
5365,3.9947330000
5366,3.9256370000
5369,2.6931830000
5370,2.1405750000
5373,3.4478300000
5380,4.1683050000
5381,2.9226020000
5382,2.9983780000
5388,2.9964760000
5389,1.7340700000
5391,3.1010410000
5394,3.6010730000
5398,4.2427700000
5401,4.5531860000
5402,4.2849570000
5405,4.5749620000
5409,2.6684940000
5411,4.4657650000
5413,3.0319450000
5414,1.9564900000
5416,2.3687430000
5417,3.0298850000
5418,3.4889710000
5419,3.3479010000
5420,2.4969880000
5421,3.6256780000
5422,4.4026010000
5423,2.6015160000
5424,4.0509310000
5426,3.6131370000
5427,3.0930640000
5428,2.3107970000
5432,4.3239080000
5433,1.8534360000
5434,4.3645530000
5436,1.9126270000
5437,3.7676150000
5438,2.2924720000
5440,2.6350830000
5441,2.8038870000
5442,3.4268120000
5443,2.9051260000
5445,3.0188280000
5446,1.9027850000
5448,2.2261070000
5449,4.5531860000
5450,1.7460760000
5451,2.3613490000
5452,2.8478690000
5453,2.9181930000
5454,2.5350710000
5455,3.0188280000
5456,2.9181930000
5457,4.6793580000
5459,2.3545930000
5460,2.9067920000
5462,3.0753510000
5464,4.0598490000
5465,1.9412640000
5466,4.2736610000
5467,2.6552200000
5471,3.2258540000
5472,3.4774270000
5473,3.1288840000
5474,1.7377540000
5475,2.9290510000
5477,2.6030440000
5478,3.4674070000
5479,3.5251730000
5483,3.1194770000
5484,3.1544180000
5485,2.9647690000
5486,2.4029290000
5487,2.5815130000
5488,3.1798710000
5490,3.2137660000
5491,1.8229730000
5492,3.1298970000
5493,3.3754830000
5494,1.9991300000
5495,2.4056300000
5498,4.2410710000
5500,2.7558450000
5502,2.3825110000
5505,2.3130060000
5510,2.7064710000
5511,2.2300250000
5512,2.9430420000
5515,4.3340510000
5516,3.0432170000
5517,3.4867480000
5519,2.1573000000
5520,2.3346870000
5523,2.6734270000
5528,4.1213190000
5530,4.0075910000
5531,3.8926380000
5532,2.0730240000
5533,4.4600110000
5534,2.0069260000
5536,3.0077920000
5537,4.0804970000
5538,1.7184810000
5542,3.3915780000
5546,1.9621470000
5547,2.8908750000
5548,4.0127190000
5550,4.1459470000
5551,1.8562830000
5552,2.3825110000
5553,1.9838440000
5554,2.7805300000
5556,3.1406130000
5559,3.0413800000
5561,3.2370270000
5563,1.6026470000
5564,1.6431180000
5565,3.2555750000
5567,2.4429290000
5568,2.3656830000
5569,4.1087510000
5570,2.3086170000
5572,4.0696170000
5573,3.1752700000
5574,2.3475430000
5575,2.1975540000
5581,2.2652770000
5582,3.3332090000
5583,2.2435010000
5586,2.8933800000
5587,2.0106530000
5589,2.6147020000
5590,1.8274200000
5591,1.7067520000
5595,3.2165770000
5596,3.3479010000
5597,1.9753150000
5600,2.8507630000
5603,3.8253870000
5610,3.1260530000
5611,2.0005820000
5612,2.2080590000
5616,3.9651340000
5617,2.0188670000
5619,3.0463240000
5620,3.9379350000
5621,3.3422550000
5622,2.1164860000
5623,3.0820410000
5624,3.1288300000
5626,3.1847460000
5627,2.9647690000
5629,1.5642140000
5631,2.3606430000
5632,2.5545750000
5633,2.9483720000
5635,4.5524450000
5636,2.2572170000
5637,2.2390870000
5639,3.0597880000
5640,2.9776990000
5641,2.0466660000
5642,3.2341080000
5644,4.1299250000
5646,4.2645460000
5647,4.3556150000
5649,1.5097900000
5651,1.8962900000
5652,1.6390610000
5653,3.1853340000
5654,1.3839810000
5655,2.5640980000
5657,2.0079080000
5660,1.9316410000
5661,3.1381290000
5663,3.1823980000
5664,3.7704250000
5666,3.4610200000
5667,3.3544580000
5668,2.5941610000
5669,3.3968600000
5670,2.8279610000
5671,2.4576080000
5672,4.0992090000
5676,2.5749520000
5677,2.8050090000
5679,2.8288760000
5681,2.3005570000
5684,4.1575750000
5685,3.2173700000
5686,2.5614690000
5687,4.3181490000
5688,3.1334750000
5689,2.1445550000
5690,3.3070940000
5691,2.6227060000
5692,3.1408150000
5694,3.6249570000
5695,2.6989120000
5698,2.7103880000
5699,3.9243450000
5700,4.2166050000
5702,2.2889310000
5705,2.4990620000
5706,3.4029450000
5707,2.3846500000
5709,3.1018790000
5711,3.3502010000
5713,2.7103140000
5714,4.3353940000
5718,4.1160470000
5719,1.5907070000
5720,2.5484030000
5724,3.3479010000
5729,3.3798800000
5730,4.3735260000
5733,4.4665060000
5734,2.8963450000
5735,1.9847720000
5736,3.5406540000
5738,2.3590600000
5739,3.6679030000
5741,4.0197970000
5745,3.3869720000
5747,3.9891450000
5748,4.1326150000
5749,4.2013310000
5751,2.2696660000
5752,3.2599670000
5755,4.5531860000
5757,4.0509310000
5758,1.6586840000
5759,4.3556150000
5763,3.2004290000
5769,2.8288760000
5770,4.2502590000
5774,2.0905740000
5775,2.2273460000
5776,3.1992280000
5777,1.4575460000
5781,3.1965960000
5783,1.7345030000
5786,2.2486240000
5788,3.0528180000
5789,4.3500730000
5790,4.4600110000
5791,2.2756890000
5793,4.3468370000
5797,4.4425070000
5799,4.2861100000
5801,3.2172000000
5802,4.0731810000
5806,3.2790210000
5807,3.9779770000
5810,3.1688950000
5811,2.6473370000
5813,2.9181930000
5814,2.1033510000
5815,3.1252430000
5816,2.6706960000
5817,3.0175330000
5818,4.0642630000
5820,2.5211760000
5821,2.2009090000
5823,4.2689350000
5827,4.3137550000
5830,3.0525060000
5832,3.2433150000
5833,2.6395690000
5835,1.7879340000
5836,2.4913800000
5837,2.8908750000
5838,3.0866960000
5839,3.3485550000
5840,3.3559380000
5841,3.2914890000
5844,1.5520110000
5845,3.2999570000
5846,1.3263730000
5847,3.1000180000
5848,2.8802490000
5850,4.4207310000
5851,2.5550760000
5852,2.0298790000
5853,2.5585180000
5854,2.2173110000
5855,2.9631140000
5856,3.3236150000
5857,2.7057980000
5861,2.5127430000
5862,4.1096380000
5864,3.9187870000
5865,4.2166050000
5866,4.4006490000
5867,2.8611820000
5869,4.4207310000
5870,3.4361640000
5871,2.8540780000
5873,3.2355770000
5874,3.6488230000
5877,3.1759540000
5878,2.8920490000
5880,2.9407310000
5881,3.7360760000
5882,2.0915560000
5883,2.3975990000
5888,3.3101030000
5890,3.8105430000
5895,3.9502030000
5897,2.7500390000
5899,3.8305950000
5900,1.8001600000
5901,2.5360010000
5902,2.2474760000
5905,4.3905060000
5907,4.2166050000
5910,2.1948120000
5915,2.3345650000
5916,4.1904150000
5917,2.8573750000
5920,1.9915490000
5925,4.2416170000
5928,2.5640910000
5930,2.1383730000
5931,2.3097540000
5932,3.0432170000
5934,3.2830570000
5936,3.3248680000
5939,3.1335500000
5942,4.1759550000
5943,4.2485020000
5945,1.8182620000
5946,4.4207310000
5947,3.8483160000
5948,1.8011010000
5950,4.1976830000
5951,4.3036120000
5952,2.5367420000
5955,2.5469320000
5956,1.9180830000
5958,3.4235830000
5960,3.8033090000
5962,3.4336780000
5963,1.9618200000
5968,2.7815480000
5971,3.2754340000
5974,2.3210410000
5980,3.9324960000
5986,3.1300410000
5988,3.4066400000
5991,2.6555060000
5993,2.8765230000
5994,4.0969180000
5996,3.0642350000
5997,2.8144660000
5998,2.9949650000
5999,3.2963890000
6000,2.3036060000
6001,2.6504440000
6003,2.4848250000
6004,2.7163500000
6005,3.3752190000
6006,2.6504440000
6007,1.9910030000
6012,1.5225870000
6016,4.0421530000
6018,4.2502590000
6019,2.8285800000
6020,2.0870890000
6025,2.7978230000
6026,2.9989450000
6027,1.9782170000
6028,3.6469390000
6029,1.9316410000
6031,1.5387220000
6032,4.4166170000
6033,2.8257590000
6039,2.9591080000
6041,4.4439890000
6045,4.3744840000
6047,3.8795070000
6048,1.5073060000
6050,1.7390730000
6053,3.5618250000
6056,3.5593930000
6058,2.0033020000
6060,3.5463060000
6067,3.9689770000
6068,4.0453890000
6069,2.4880580000
6070,4.0904280000
6071,4.3175980000
6077,1.8558760000
6079,2.9322350000
6084,2.2295690000
6085,2.1016390000
6087,2.5800820000
6089,2.9352410000
6091,3.5397210000
6092,2.8819430000
6095,2.1571680000
6096,2.8523360000
6098,3.3016400000
6101,3.5413010000
6103,2.4399860000
6106,3.4188230000
6110,3.3187180000
6112,4.3512260000
6115,4.1161840000
6117,3.6730450000
6119,4.2416170000
6120,3.9594530000
6121,2.6875910000
6123,4.4523610000
6128,3.1813640000
6132,3.7434710000
6133,3.1291770000
6134,2.3796710000
6135,3.8271910000
6138,3.0195690000
6140,3.0298850000
6141,1.9672630000
6142,4.3334250000
6146,4.2028640000
6147,2.2398460000
6148,2.1638520000
6151,2.9922620000
6152,1.8805830000
6157,1.8799580000
6160,2.1822230000
6163,2.6080680000
6166,3.2033870000
6168,2.5996240000
6169,2.7421860000
6170,2.6713160000
6172,2.3233500000
6173,2.8908750000
6174,3.0298850000
6175,3.1679310000
6176,3.3479010000
6179,4.0927090000
6181,2.1990080000
6182,3.4846800000
6184,2.9136590000
6185,2.4785350000
6187,4.4585290000
6189,3.3372830000
6191,4.2689350000
6194,2.0214300000
6195,1.7623620000
6198,3.2095450000
6199,2.8983890000
6200,3.1688950000
6203,2.2752030000
6204,2.9613860000
6207,3.5493970000
6208,2.4190610000
6210,3.6805570000
6211,2.8117900000
6214,2.4539750000
6216,3.7607420000
6217,2.6933040000
6218,3.1188460000
6219,4.5524450000
6220,3.3469530000
6221,3.9119210000
6226,4.2041560000
6227,4.2828690000
6228,3.4992950000
6229,2.5142250000
6230,3.0597880000
6232,4.4600110000
6233,3.6113930000
6236,4.2689350000
6249,2.4154020000
6251,1.8021990000
6252,3.5084690000
6253,2.0433330000
6254,1.8392070000
6256,2.1162630000
6257,2.2151550000
6259,4.5363480000
6262,2.2923780000
6263,4.2640000000
6267,4.1551350000
6270,4.5909840000
6273,2.3391710000
6274,3.1039790000
6279,4.5308810000
6280,2.5742530000
6284,2.1573000000
6290,4.2544030000
6292,4.4873290000
6297,1.5519360000
6308,1.9508440000
6309,3.4401970000
6312,3.1496630000
6313,3.3453910000
6315,2.3324830000
6317,3.0056740000
6320,3.6541620000
6321,3.4305730000
6325,4.4425070000
6329,1.9384030000
6330,2.9655800000
6335,3.9393850000
6336,4.0509310000
6337,2.1917670000
6339,4.4478300000
6341,4.2051620000
6342,1.6337190000
6345,1.7993530000
6348,2.0322760000
6350,2.5025270000
6354,4.1131380000
6355,2.7178060000
6358,3.2311090000
6359,2.7732750000
6361,2.8618550000
6365,2.9646470000
6366,3.2981840000
6367,4.4858470000
6370,4.1112490000
6375,2.6469410000
6379,2.3975990000
6382,3.8232990000
6387,2.4052680000
6388,2.9703600000
6392,2.4010860000
6394,3.2820440000
6396,2.2282100000
6397,2.9235230000
6398,2.6756190000
6400,2.8577320000
6402,2.7048160000
6404,2.1067670000
6406,3.0162360000
6409,4.1788020000
6413,4.3188900000
6418,1.8173260000
6422,1.9852900000
6423,2.8233310000
6424,2.9682950000
6425,2.1637120000
6427,2.2000280000
6432,3.5740820000
6434,2.3955430000
6435,2.2257800000
6440,2.5078550000
6442,3.0857460000
6445,3.0316830000
6447,4.0509310000
6448,3.4205120000
6449,2.8911660000
6450,2.7031010000
6451,1.8573560000
6454,3.1406130000
6455,2.8523360000
6456,2.9452650000
6457,2.5854910000
6459,2.8908750000
6460,2.0322760000
6468,2.3055020000
6470,1.5114040000
6472,1.6643690000
6477,2.6319040000
6480,3.3412460000
6481,3.3154120000
6484,2.9522490000
6489,2.7372870000
6492,2.4249170000
6493,3.7643090000
6494,3.5417110000
6496,1.7437030000
6498,2.8184020000
6501,2.5017860000
6511,4.4873290000
6515,4.4478300000
6516,2.0099440000
6521,1.9457740000
6530,3.5031180000
6533,2.8386630000
6536,3.4244350000
6537,4.3319430000
6540,4.3556150000
6541,4.5258680000
6542,4.1345040000
6545,1.5170400000
6546,1.7383320000
6548,3.2070650000
6549,3.0569710000
6551,4.4151890000
6552,2.7376700000
6554,2.1203440000
6556,2.1443990000
6558,2.7931900000
6561,2.2904870000
6564,3.1087850000
6565,3.8315310000
6566,1.9316410000
6567,2.0981330000
6569,3.6726910000
6570,3.4833140000
6571,2.7437510000
6572,3.5326310000
6573,4.0466790000
6574,4.3700950000
6580,1.7839310000
6581,4.3186950000
6583,3.7503180000
6584,4.1683050000
6585,2.5086830000
6587,2.7661160000
6588,3.9642510000
6590,3.0643790000
6593,3.1479520000
6596,1.9692790000
6597,1.9618200000
6603,2.6639390000
6604,2.4968360000
6605,4.1869810000
6606,2.7010370000
6607,3.1436880000
6608,2.2441750000
6609,3.1822270000
6612,3.7739600000
6613,3.9026600000
6614,4.4004350000
6617,2.4119680000
6618,2.6906980000
6619,2.6610990000
6622,4.3483190000
6623,4.4519740000
6625,3.8439270000
6626,4.2041560000
6627,4.4652190000
6630,3.6178880000
6631,1.9532050000
6633,2.9430420000
6634,2.3302040000
6635,3.3174670000
6637,2.5263060000
6643,2.7844470000
6645,2.8595000000
6646,3.2307270000
6648,3.2103180000
6651,3.6778240000
6652,1.9379940000
6656,3.2855600000
6657,1.8156600000
6659,4.5487970000
6661,2.3020370000
6663,2.9963850000
6666,3.4530480000
6668,3.4827220000
6670,2.9234270000
6671,2.3844000000
6672,3.1505960000
6674,2.8523360000
6675,3.0846850000
6678,3.8923770000
6679,2.1540610000
6681,2.1726240000
6684,2.5952340000
6685,4.1530440000
6687,4.3267550000
6688,4.3374850000
6692,3.5037770000
6694,3.9611060000
6695,4.4858470000
6696,2.3975990000
6697,3.1836260000
6698,3.5237500000
6699,2.3523700000
6700,2.7360780000
6701,2.9605800000
6704,2.0748050000
6707,1.4751540000
6709,3.8973880000
6712,2.7027740000
6719,2.6665730000
6724,1.8164780000
6726,1.7913580000
6727,4.2587920000
6728,4.2645460000
6730,2.7286780000
6731,3.3647160000
6737,2.4329540000
6738,2.1162630000
6739,2.7099690000
6742,3.2709670000
6744,3.3699530000
6750,2.7682240000
6751,1.7851030000
6753,2.9868100000
6754,3.2004290000
6755,2.7808510000
6758,2.1060240000
6763,2.4260630000
6764,3.1960930000
6767,2.3825110000
6768,3.2462870000
6769,3.3690630000
6770,2.8596210000
6771,2.2635440000
6772,3.0661170000
6775,3.1713840000
6778,2.9400360000
6780,2.7893080000
6781,2.3975990000
6785,2.7762540000
6786,2.4013150000
6787,1.8612740000
6789,1.7120820000
6790,3.5126980000
6792,2.4169500000
6795,3.8947460000
6796,2.0705310000
6799,2.5364460000
6800,2.8035720000
6801,4.2635910000
6802,2.2694470000
6803,3.4725970000
6805,4.3122750000
6806,2.4098790000
6808,3.1028150000
6811,2.9591080000
6814,4.1964150000
6815,2.1300130000
6816,2.3316320000
6818,4.3934130000
6820,3.1533540000
6823,4.2032730000
6826,2.4294970000
6830,3.5937810000
6833,2.5100420000
6834,3.1593950000
6835,1.6670790000
6836,1.6988350000
6839,2.8530770000
6840,2.9775550000
6842,2.1008470000
6843,3.5285430000
6844,3.9298270000
6850,2.0690490000
6854,2.2219370000
6857,4.3512260000
6858,2.3752150000
6859,4.1213190000
6860,3.5135560000
6862,4.3735260000
6865,3.0678320000
6867,3.8943370000
6868,2.0618990000
6870,3.1246020000
4532,3.4348260000
4555,2.4464810000
4610,2.2787120000
4624,3.6541800000
4687,3.8336740000
4691,3.3580070000
4729,4.1165930000
4735,3.0514490000
4739,2.9773600000
4740,3.0195690000
4773,2.6304110000
4849,2.8489790000
4851,3.0048730000
4854,3.5380760000
4883,3.4345810000
4908,4.3512260000
5015,3.1688950000
5021,2.7099690000
5097,3.9065170000
5150,2.9103830000
5169,2.3737330000
5176,4.5531860000
5182,4.1817090000
5188,2.1306310000
5266,2.9181930000
5268,2.8104900000
5291,3.0113940000
5356,3.3412910000
5371,4.2534400000
5406,3.7376450000
5430,2.1148240000
5469,1.7042640000
5497,4.0112370000
5514,3.8315310000
5525,3.6310090000
5526,1.9447170000
5545,2.3894850000
5557,2.1157910000
5558,3.1011380000
5598,2.3337210000
5601,3.4300320000
5605,3.2798130000
5615,2.8595000000
5682,2.7193830000
5697,3.7952640000
5728,3.5271830000
5753,2.4021790000
5768,3.4396700000
5795,4.3727850000
5803,3.7430220000
5842,3.5709750000
5859,4.2689350000
5863,4.3483190000
5875,2.2568870000
5876,3.0273010000
5885,3.3353870000
5886,3.8965310000
5887,2.4095720000
5914,4.1782030000
5927,3.4897520000
5929,3.4554040000
5965,2.1568210000
5967,2.5366090000
6011,3.6149560000
6017,2.2759910000
6036,4.5909840000
6046,3.3037260000
6062,3.4220670000
6076,2.5058950000
6082,1.9448740000
6118,4.0509310000
6136,3.1970030000
6153,3.8527050000
6158,3.0845470000
6165,3.3543780000
6177,3.0072120000
6196,3.2845630000
6206,3.3660830000
6255,2.9618670000
6264,4.0760370000
6269,2.4854250000
6283,3.7334240000
6288,1.4632140000
6296,4.1459470000
6306,2.3572140000
6318,2.0954890000
6324,3.0553030000
6327,2.4550960000
6340,1.8576020000
6346,3.4777590000
6356,2.8657520000
6373,2.4791260000
6378,2.8323140000
6390,3.6108060000
6395,2.3935420000
6403,3.7992220000
6410,3.1013540000
6414,2.7155320000
6415,4.4873290000
6419,4.0858220000
6428,2.5324200000
6429,3.0563100000
6436,4.1732650000
6439,4.2888820000
6441,3.1512710000
6475,2.3582350000
6479,4.2166050000
6487,2.3228100000
6507,4.4699400000
6524,2.4900430000
6534,3.1503300000
6547,3.8971930000
6624,3.4405530000
6640,3.0283470000
6647,3.6008510000
6650,4.2692720000
6655,4.2032730000
6682,3.9683220000
6689,2.9906310000
6702,3.8977690000
6708,3.9554730000
6736,3.1525530000
6743,2.8908750000
6747,3.0329920000
6757,3.0318490000
6779,2.9817700000
6794,3.2639490000
6804,3.0151930000
6827,4.1346510000
6829,3.0432170000
6838,3.0602270000
6845,3.1621770000
6849,4.3282970000
5239,2.2334170000
6333,4.4207310000
6543,2.1062680000
6871,3.9623390000
6872,3.3069280000
6873,2.8109710000
6874,3.7716530000
6875,3.3160900000
6876,2.2837190000
6878,1.4707900000
6879,2.4418190000
6882,2.7206220000
6884,3.4869110000
6888,3.4160490000
6889,3.7441450000
6891,4.3282970000
6892,4.3061870000
6898,3.3057140000
6902,3.2421900000
6903,3.0702070000
6904,3.8527050000
6907,1.8528710000
6911,2.9983780000
6914,2.1009930000
6916,2.3819110000
6917,2.9286500000
6918,3.1688950000
6919,2.9643940000
6920,3.8527050000
6922,3.3967080000
6923,3.2858170000
6925,3.5780620000
6928,2.4188460000
6930,4.0642630000
6932,4.4563630000
6934,1.7291070000
6937,3.9907530000
6940,3.0262880000
6941,1.6821320000
6943,3.2963890000
6944,3.8901050000
6945,1.5607890000
6946,3.9014390000
6947,2.9920870000
6948,3.2979060000
6950,3.0279850000
6951,3.0302680000
6955,2.2967650000
6958,2.9894460000
6960,3.5393160000
6961,2.0615350000
6962,3.9814260000
6963,3.1166370000
6964,2.5541290000
6970,3.6834180000
6971,3.1687750000
6972,3.3384360000
6973,4.0495350000
6981,2.7400780000
6983,1.5331420000
6985,2.8794080000
6987,1.9946920000
6989,3.3202730000
6990,3.2217950000
6991,3.9277750000
6992,3.1695140000
6993,3.1112810000
6994,4.2520970000
6995,2.0193220000
6996,3.4497000000
6999,3.9508470000
7004,2.5445240000
7006,2.8513090000
7007,4.3128770000
7011,4.3282970000
7012,2.5514860000
7013,4.3122750000
7014,2.6378210000
7016,1.9544440000
7017,3.3912930000
7018,4.4193040000
7021,2.7794740000
7022,2.9718750000
7023,1.8392070000
7024,2.4842790000
7025,3.5142290000
7027,3.3372090000
7029,2.8939820000
7030,4.4873290000
7038,2.4885720000
7039,2.0783010000
7040,2.5793410000
7043,4.2587920000
7045,4.0858200000
7047,2.4095720000
7049,3.4740200000
7050,3.3393690000
7052,4.3081700000
7053,1.6314450000
7055,3.4267910000
7057,2.9167370000
7059,2.5940740000
7064,2.0046800000
7065,1.5387220000
7067,2.5640910000
7069,4.5909840000
7070,1.3406410000
7074,3.7797470000
7075,2.2177820000
7076,4.2166050000
7079,3.2401310000
7080,3.6541800000
7082,3.4176510000
7083,2.8584400000
7084,1.7412340000
7085,4.0949570000
7086,1.5732040000
7088,3.2975990000
7091,2.7621000000
7093,3.3934260000
7095,2.8480150000
7096,2.8073020000
7097,1.7934320000
7098,3.2643280000
7099,3.2761750000
7100,2.3391710000
7101,4.2383810000
7102,1.8941080000
7106,3.0420970000
7107,4.3134230000
7111,1.9422220000
7114,3.4560700000
7115,3.1166550000
7116,3.1091990000
7120,2.0597720000
7121,1.6688080000
7122,2.0981330000
7123,3.6127390000
7124,3.4515910000
7125,3.4486590000
7127,3.3069410000
7129,3.1406130000
7130,4.4384400000
7137,3.8425620000
7139,2.7735470000
7140,2.3987450000
7142,2.2435010000
7143,4.4712320000
7144,3.2785140000
7145,3.2858170000
7155,4.5487970000
7156,3.0298850000
7159,2.5500590000
7160,3.0705350000
7161,3.4569270000
7162,3.5209040000
7163,3.6614980000
7164,2.6055420000
7165,3.6803110000
7166,2.8908750000
7168,3.1406130000
7169,3.2755990000
7170,3.2278390000
7172,3.4779640000
7174,1.8799580000
7175,2.4203090000
7176,1.7894710000
7177,4.0188150000
7178,1.9441710000
7181,3.0648530000
7182,2.6481490000
7183,2.9161080000
7189,2.1960580000
7191,3.6858310000
7193,4.1977310000
7194,3.8485720000
7196,3.0787360000
7198,2.9953940000
7199,4.2502590000
7200,3.2506030000
7201,2.2666260000
7202,3.5830800000
7204,3.0915530000
7205,3.7709990000
7207,3.3602320000
7208,3.3422550000
7209,3.3479010000
7210,3.2858170000
7211,2.7601870000
7213,3.6858310000
7214,2.7156590000
7216,2.1157620000
7219,2.9149780000
7224,3.2823830000
7225,3.2116330000
7226,4.3848250000
7232,3.1159820000
7233,2.5789960000
7234,2.9922510000
7238,3.8217900000
7239,3.5881230000
7243,2.2301690000
7246,3.4003060000
7248,3.0007020000
7251,3.3865650000
7254,1.8732370000
7258,2.6290470000
7259,3.5252050000
7260,3.0621810000
7261,2.3819110000
7262,2.9640280000
7265,3.3267500000
7266,3.2580450000
7267,3.0274110000
7269,3.2045350000
7270,3.2577030000
7271,2.9076900000
7273,2.2439470000
7274,3.9846140000
7276,2.5445240000
7278,2.2409740000
7279,2.2752030000
7282,2.3188340000
7284,2.3825110000
7285,2.7162690000
7286,3.8520430000
7287,2.6536310000
7288,2.0056990000
7290,3.8905030000
7292,3.0208950000
7293,3.6193110000
7294,1.7656040000
7295,3.3479010000
7296,3.6621710000
7297,4.1691050000
7298,3.3902880000
7300,3.4210540000
7302,2.5262930000
7303,3.2272930000
7305,2.9597070000
7306,3.4433070000
7308,2.1395350000
7310,3.8180370000
7313,3.8527050000
7315,2.0779570000
7316,3.4107860000
7318,2.7302750000
7320,4.6127600000
7323,3.2120230000
7324,3.4782550000
7326,2.6370800000
7328,4.3322220000
7329,4.2032730000
7330,3.2263920000
7331,2.9074460000
7334,3.0541350000
7336,3.4313790000
7339,2.7622990000
7340,4.5350560000
7342,2.7725340000
7343,1.8120120000
7344,2.5960260000
7345,4.5531860000
7349,2.1693940000
7350,4.4163420000
7352,2.9284820000
7353,4.2244230000
7354,3.3351970000
7355,3.8067950000
7357,3.5735910000
7358,3.0548470000
7359,2.1706630000
7361,2.9528330000
7362,2.9181930000
7364,3.2608740000
7366,2.8779260000
7368,3.5789250000
7370,4.1721390000
7371,1.9217050000
7372,3.9438790000
7373,2.3183400000
7375,3.4627170000
7377,1.5128460000
7378,3.6652880000
7380,2.2608630000
7381,4.4737500000
7382,3.8857310000
7383,4.2736610000
7385,2.8285800000
7387,4.1782030000
7388,3.4755020000
7391,2.3164330000
7394,2.8250180000
7395,1.7075370000
7396,2.8323140000
7397,1.6540560000
7398,3.3829050000
7399,3.3093620000
7401,3.2992110000
7404,3.6803110000
7405,2.8257590000
7407,3.1947480000
7408,3.6522860000
7409,3.0428150000
7417,2.7500170000
7418,3.2781840000
7419,3.1597170000
7421,3.7634550000
7425,2.2737680000
7427,3.3578260000
7428,3.4607790000
7429,3.1469070000
7430,2.3058290000
7431,2.3613490000
7432,2.0882180000
7434,3.1020740000
7435,3.3353870000
7438,3.0846850000
7439,2.6592770000
7442,3.2491210000
7443,1.7942140000
7446,4.3539980000
7447,2.5295970000
7448,4.3559420000
7449,2.0267450000
7451,3.9119210000
7452,4.1160470000
7453,2.7740930000
7455,2.1428090000
7460,3.4583470000
7461,2.0068540000
7462,2.6232250000
7463,1.8823350000
7464,1.5114040000
7467,3.3418370000
7469,2.6642840000
7470,2.1637120000
7471,3.7939360000
7473,2.5196340000
7475,2.5614580000
7476,4.4858470000
7477,2.2887300000
7480,2.2423480000
7484,1.9049180000
7485,1.9958730000
7486,4.3483190000
7487,1.5618510000
7498,2.7764530000
7499,3.4306800000
7500,3.0642350000
7501,3.9178130000
7504,3.5142290000
7506,3.8098020000
7508,2.0417950000
7511,3.4592990000
7518,4.3122750000
7519,3.3509250000
7520,2.8693840000
7521,2.3551930000
7522,4.3387770000
7525,2.7544860000
7526,4.1337680000
7528,2.6223940000
7531,3.5471410000
7532,3.2709920000
7533,2.3879250000
7534,2.4175220000
7535,1.4052930000
7536,4.2296310000
7537,2.8908750000
7538,2.8908750000
7539,2.8908750000
7542,2.8908750000
7547,3.0720720000
7548,1.5137490000
7551,2.6289290000
7552,3.8223410000
7553,1.5785080000
7554,2.8291930000
7555,3.3270660000
7558,3.1927340000
7560,2.2332610000
7561,3.0121690000
7562,3.1864940000
7565,2.2020500000
7568,2.8908750000
7569,3.8826610000
7570,1.7331510000
7572,1.5410670000
7573,2.8908750000
7574,3.2294100000
7575,3.0208950000
7576,2.8908750000
7577,3.0208950000
7579,2.8908750000
7580,2.8908750000
7583,2.0079080000
7585,4.1562830000
7588,3.1672880000
7589,2.0086490000
7591,1.6516660000
7593,2.7277450000
7597,1.6195620000
7600,3.4040740000
7605,2.1858690000
7606,2.2000640000
7609,3.2294100000
7610,2.7606430000
7612,1.2793330000
7613,2.8908750000
7616,2.8908750000
7617,2.8908750000
7618,3.0993900000
7622,3.0208950000
7623,2.1751190000
7625,2.9204760000
7626,2.1376410000
7629,3.3695420000
7631,3.0048730000
7632,2.0953290000
7634,1.7241270000
7635,1.9908290000
7636,1.8967710000
7638,1.9530100000
7642,1.8058970000
7656,3.1073800000
7658,2.8908750000
7659,2.8908750000
7660,2.8908750000
7661,2.8908750000
7662,2.8908750000
7663,2.8908750000
7666,2.7981330000
7671,2.0561910000
7673,3.2130680000
7679,3.1186970000
7680,2.1433950000
7681,2.7429270000
7682,4.0760370000
7688,2.7591610000
7689,2.7589490000
7694,2.8908750000
7695,2.8908750000
7696,2.8908750000
7697,2.8908750000
7699,2.8683790000
7700,2.0550620000
7703,2.2198290000
7704,3.1572820000
7706,1.9908080000
7711,4.0458870000
7714,1.7157310000
7716,2.8908750000
7717,2.8906630000
7720,2.8908750000
7721,2.8908750000
7724,2.8908750000
7727,2.8908750000
7731,1.9242460000
7732,3.0993900000
7733,3.2294100000
7736,2.5042940000
7737,3.0802040000
7742,1.8207660000
7744,3.2777750000
7746,1.9552880000
7748,2.6614760000
7750,3.2604630000
7751,4.1701940000
7753,2.8908750000
7755,2.8908750000
7756,1.9037870000
7759,2.1781230000
7761,2.8908750000
7763,2.8908750000
7764,2.8908750000
7768,2.8891810000
7769,2.8908750000
7770,2.2671660000
7772,2.6031920000
7776,3.8612600000
7777,2.2134730000
7778,2.2689920000
7779,3.0695820000
7781,2.9484390000
7782,3.2126590000
7784,2.2092520000
7785,2.1846180000
7787,2.8908750000
7788,2.9935770000
7789,3.0208950000
7790,3.4362100000
7791,3.0230700000
7792,1.8382540000
7794,2.8908750000
7796,2.8908750000
7797,2.8908750000
7799,2.8908750000
7800,2.8908750000
7801,2.8908750000
7805,3.7742050000
7806,1.4668110000
7807,3.2334820000
7808,2.2927850000
7810,2.2029230000
7811,1.9561790000
7812,1.9391440000
7813,3.1948170000
7814,2.2020500000
7819,2.8908750000
7820,3.0993900000
7823,2.8908750000
7824,4.0958930000
7828,2.0352260000
7832,2.8908750000
7833,3.0208950000
7837,2.3422630000
7842,2.1889850000
7844,2.9647690000
7846,3.9368850000
7848,4.3592610000
7850,2.8908750000
7851,3.2020920000
7852,2.2976480000
7853,3.2459780000
7855,2.8908750000
7856,3.0993900000
7860,2.8618630000
7863,2.8908750000
7864,2.8908750000
7865,2.8908750000
7866,2.8908750000
7869,3.6969100000
7870,2.9853970000
7873,1.5754060000
7876,3.1290810000
7877,4.2069190000
7878,3.2198130000
7883,3.6299280000
7885,2.1436820000
7887,3.4136230000
7890,2.8908750000
7891,2.8908750000
7892,2.8908750000
7896,2.7591610000
7898,2.8908750000
7900,2.8908750000
7901,3.0228560000
7910,3.2777750000
7914,3.9401170000
7918,3.0331700000
7919,3.1754120000
7923,1.4110470000
7925,3.2738420000
7926,2.1513820000
7928,3.1779100000
7933,2.8908750000
7934,2.8908750000
7935,2.8908750000
7936,2.8908750000
3898,2.1823430000
3929,2.1312240000
4012,3.7832250000
4033,2.9846890000
4218,3.0920990000
4237,3.6462390000
4257,2.9646060000
4294,1.5802360000
4300,2.6509410000
4304,2.0313970000
4347,3.0915530000
4354,3.5178510000
4380,2.7663690000
4409,2.7383100000
4427,2.5366090000
4459,4.3819730000
4462,2.1508480000
4464,4.2166050000
4466,2.0565430000
4467,2.6227060000
4490,2.5793410000
4491,2.6777370000
4527,3.1186250000
4529,3.0100680000
4639,3.8685810000
4662,2.5982770000
4748,2.5127430000
4767,3.2619500000
4774,3.1679310000
4793,1.8282480000
4813,2.3778290000
4824,4.2723690000
4878,1.9156450000
4889,3.1597170000
4915,3.1982820000
4919,4.3956800000
4923,1.6847640000
4942,3.6413360000
4957,2.2435010000
4973,4.1988840000
4976,3.9178210000
4983,2.2295690000
5011,1.6615970000
5035,2.1631110000
5067,2.0965130000
5093,2.9116980000
5112,4.3282970000
5117,2.4601260000
5137,2.4084160000
5138,1.9274700000
5141,4.2689350000
5142,2.2454860000
5146,3.6532390000
5170,4.2689350000
5174,2.7336100000
5230,1.8913740000
5231,3.2342210000
5232,3.3031140000
5233,4.0080650000
5305,3.4492770000
5308,1.9256920000
5327,3.3111760000
5384,3.2628730000
5385,2.9181930000
5396,2.8666640000
5407,2.4866030000
5410,3.3617240000
5412,2.9646150000
5425,3.3831310000
5429,3.5064560000
5444,3.0869810000
5447,3.9212480000
5463,4.5091050000
5480,2.1881420000
5481,2.0706510000
5496,3.6848980000
5499,2.6815580000
5518,3.2562520000
5521,3.0705350000
5539,3.9119210000
5560,2.9775550000
5562,2.3894100000
5566,3.4856470000
5576,2.7265920000
5593,3.4690630000
5594,3.0604740000
5599,4.2736610000
5704,2.1433450000
5708,3.9109270000
5710,2.6786350000
5726,3.4186330000
5727,4.4897720000
5732,2.9360150000
5756,4.4699400000
5771,2.7258200000
5780,3.4099030000
5784,2.3005570000
5785,4.0292950000
5800,2.8546250000
5804,2.8666640000
5808,3.1688950000
5825,2.6171390000
5843,2.4691370000
5872,4.1851430000
5893,3.1652520000
5894,3.4613620000
5908,2.5207580000
5918,3.0463230000
5923,2.9077580000
5926,3.6602710000
5937,2.3975990000
5940,1.7329880000
5941,3.6020610000
5944,4.3515530000
5953,2.0480070000
5966,3.1310970000
5970,2.5994460000
5973,2.3324830000
5990,3.2739050000
6009,2.8626560000
6010,3.0571380000
6024,3.6478190000
6030,2.8304140000
6038,2.9317870000
6072,3.2128780000
6080,4.2689350000
6093,3.7048380000
6094,3.2095450000
6099,3.4932970000
6105,3.1907680000
6111,1.7137040000
6116,4.6561000000
6126,4.4278920000
6143,4.1759550000
6149,4.2861100000
6154,3.2837260000
6164,2.9390160000
6167,3.1679310000
6171,2.9420400000
6186,2.9253690000
6188,2.4269990000
6190,4.3953050000
6202,3.1080460000
6209,3.3212370000
6225,2.2115400000
6234,4.3106580000
6239,2.3892920000
6240,1.9662810000
6241,3.8466470000
6243,4.0068320000
6245,3.1987560000
6261,3.7979230000
6268,2.8260240000
6285,1.7575160000
6287,2.7893080000
6293,4.3512210000
6300,4.3556150000
6304,1.9330290000
6310,2.1340850000
6311,1.9389630000
6316,3.2733500000
6328,2.5886220000
6332,3.5101140000
6362,2.7531950000
6376,4.1465490000
6377,2.5163640000
6405,4.3832600000
6408,2.8823240000
6417,3.0864410000
6420,2.8546250000
6430,2.9179810000
6431,3.1398860000
6444,3.8929990000
6461,2.0003270000
6462,3.1030380000
6463,3.3470460000
6465,2.0471910000
6466,2.8500680000
6483,2.2735540000
6490,3.2272930000
6491,2.9079230000
6495,2.8074170000
6505,3.0763390000
6508,1.7034360000
6513,4.2372280000
6532,1.8229730000
6535,3.2061930000
6544,4.4476350000
6563,2.2753980000
6582,4.2723690000
6600,2.9247140000
6610,2.2412870000
6615,4.3991670000
6641,1.9316410000
6662,4.4858470000
6669,2.8729640000
6677,3.3962370000
6703,2.9922510000
6706,2.9140220000
6710,3.7979230000
6713,2.1539210000
6720,4.4873290000
6722,4.1459470000
6723,1.9603720000
6729,1.8555660000
6733,3.0681470000
6734,2.0324540000
6735,2.9775550000
6741,2.9181930000
6745,1.6034290000
6748,3.1406130000
6762,3.9741050000
6774,3.1678130000
6777,4.1299250000
6784,3.0048730000
6788,3.0298850000
6798,2.7103580000
6819,2.2361900000
6832,4.2736610000
6837,2.9806530000
6841,2.9181930000
6847,3.6458290000
6852,4.4403410000
6855,3.7242580000
6864,1.7340700000
6869,3.9810170000
6883,1.6845090000
6887,2.0691950000
6893,4.2861100000
6906,3.3010060000
6910,2.4037360000
6915,3.0054190000
6926,2.2310520000
6927,4.4006490000
6929,4.3314810000
6936,2.0893790000
6939,2.7546860000
6942,3.5734280000
6949,1.8421840000
6956,2.3531520000
6966,2.6636930000
6988,2.7737110000
7000,2.7840270000
7002,4.1161840000
7008,2.1682000000
7015,3.6311020000
7034,2.6099620000
7042,2.7409350000
7046,1.5790040000
7054,2.7653720000
7061,3.4287400000
7062,1.9005620000
7063,3.0789310000
7071,2.2961680000
7072,4.2805680000
7073,4.2450510000
7077,3.5666340000
7081,2.5581730000
7087,4.1127310000
7105,1.8274610000
7119,3.8271420000
7128,2.8523360000
7133,2.9124390000
7141,3.2053740000
7149,1.7945870000
7153,3.1203920000
7158,3.1572150000
7179,2.2080590000
7180,3.0789910000
7195,2.9733930000
7197,2.8250180000
7203,3.5598410000
7206,3.5326310000
7212,2.9731780000
7221,3.0845380000
7229,3.0432170000
7230,2.7001820000
7235,2.5499410000
7236,2.8530770000
7242,3.6347010000
7244,4.2723690000
7245,2.9572110000
7249,2.0383750000
7252,4.0112370000
7253,3.4283020000
7255,1.8369280000
7275,1.9194330000
7280,4.1337680000
7283,3.1568870000
7291,2.0211500000
7299,3.2893400000
7309,1.7407750000
7311,3.1116590000
7319,4.1293790000
7321,4.5909840000
7337,3.2817670000
7347,4.3556150000
7351,3.0981180000
7360,2.6357200000
7363,3.5021360000
7369,3.5625340000
7416,2.4694030000
7422,2.3604010000
7436,2.7206220000
7450,3.9771830000
7466,3.0190060000
7481,2.4435670000
7483,4.1759550000
7489,4.2723690000
7491,3.8698800000
7496,1.3438300000
7505,3.8502610000
7515,4.2491900000
7527,4.4858470000
7540,2.8908750000
7557,1.9043230000
7567,2.8908750000
7571,3.2569570000
7578,2.8908750000
7581,2.0404980000
7598,2.8908750000
7601,2.8908750000
7604,2.5520950000
7614,2.8059350000
7621,2.7591610000
7624,2.2047400000
7627,3.3103750000
7654,3.1309750000
7655,1.9524640000
7657,2.8908750000
7665,2.8908750000
7667,2.3406560000
7677,3.1491050000
7678,2.0055350000
7683,2.9378840000
7684,1.5095490000
7685,2.0888050000
7686,3.0781900000
7687,1.5470370000
7692,2.0641560000
7701,1.9251670000
7707,3.0430050000
7709,3.7572250000
7710,2.1578770000
7722,2.8908750000
7723,2.7606430000
7726,3.0208950000
7730,2.8908750000
7734,2.8908750000
7739,2.5526910000
7757,3.1659930000
7758,2.9153670000
7760,2.8908750000
7762,2.8908750000
7771,1.8159700000
7773,2.0270680000
7775,3.9032890000
7783,2.1044660000
7798,2.8908750000
7802,1.9249720000
7816,1.6712760000
7821,2.8908750000
7822,2.8891810000
7826,3.0482130000
7830,2.8908750000
7831,2.8908750000
7834,1.6255010000
7843,2.0458770000
7854,2.1441360000
7861,2.8908750000
7862,2.8908750000
7872,1.7338740000
7886,2.9963540000
7897,2.8908750000
7903,1.6590110000
7906,1.8068770000
7909,2.0433330000
7912,1.7965390000
7916,1.7740910000
7927,1.8438790000
4664,2.1813790000
4978,1.5143280000
5242,2.2709050000
5301,2.6746550000
5395,3.0572030000
5524,3.0643790000
5606,4.5909840000
6374,2.7674340000
6438,1.9299540000
6520,3.4618990000
6924,3.2474150000
7009,2.7637660000
7118,3.2545190000
7367,2.1785820000
7488,4.1994300000
7607,2.8908750000
7608,2.8908750000
7719,1.5948640000
7825,2.9537120000
7857,2.8908750000
7858,2.8908750000
7894,2.8908750000
7931,2.8908750000
7494,2.6994860000
7938,2.8908750000
7939,2.1196970000
7941,3.8576120000
7942,3.2157610000
7943,2.9807940000
7945,1.7905460000
7946,1.9839970000
7948,1.6197310000
7949,1.8236400000
7950,2.3125920000
7954,3.0705350000
7955,3.1572820000
7956,2.9908120000
7958,2.8945440000
7959,2.1706630000
7961,2.8891810000
7962,2.8720270000
7963,3.4353990000
7964,3.1068500000
7965,1.8524620000
7967,1.9110780000
7968,3.4738660000
7969,2.8908750000
7970,2.8633450000
7972,2.8908750000
7973,2.8908750000
7975,2.8908750000
7976,2.8908750000
7977,2.8908750000
7979,2.8908750000
7980,2.8908750000
7981,2.8908750000
7983,3.2127840000
7987,2.2760860000
7988,2.9182190000
7990,2.9522730000
7991,3.7634550000
7992,2.8939980000
7993,2.4251770000
7994,3.0106990000
7995,2.9938150000
7996,2.2229930000
7997,2.2498370000
7999,1.6218480000
8000,1.8186510000
8001,2.5380760000
8002,2.2322000000
8003,1.8526350000
8004,1.5156930000
8005,4.3297770000
8006,1.9383960000
8007,1.8384660000
8008,3.2244190000
8009,2.5079860000
8010,3.3959020000
8011,2.3357160000
8013,2.8908750000
8014,2.8908750000
8015,2.8908750000
8017,2.8908750000
8018,3.0208950000
8019,2.8908750000
8023,2.9676760000
8024,2.8891810000
8025,2.8908750000
8026,2.8908750000
8028,2.8908750000
8029,3.0993900000
8030,2.3621670000
8038,2.2308160000
8039,2.9831640000
8040,3.7412030000
8041,3.8324140000
8042,2.7048160000
8043,1.7689820000
8044,3.1480770000
8046,3.3392450000
8047,2.2578890000
8048,1.9213240000
8050,2.3536510000
8051,2.0855200000
8052,2.8892720000
8053,2.0738900000
8056,3.2982610000
8057,2.8908750000
8059,2.2800760000
8060,3.0241310000
8061,1.7940140000
8062,3.2294100000
8065,2.8908750000
8066,1.7157310000
8068,2.8908750000
8069,2.8908750000
8071,2.8908750000
8074,2.4094150000
8075,3.3858240000
8078,2.0049580000
8079,3.3695420000
8080,3.0841310000
8083,2.8710600000
8087,3.1026750000
8088,4.3393740000
8089,3.4316790000
8090,2.1768980000
8094,2.8908750000
8095,2.8908750000
8096,2.8750280000
8097,3.8115910000
8099,2.9263940000
8101,3.1955590000
8102,2.8908750000
8103,2.8908750000
8104,2.8908750000
8105,2.8908750000
8106,2.1305590000
8112,3.2298340000
8113,2.0143210000
8115,2.0128510000
8116,2.0945880000
8117,3.3103650000
8118,2.1060230000
8119,3.2687120000
8120,3.9847560000
8122,3.3322900000
8124,1.5198870000
8126,2.9376490000
8127,2.8908750000
8130,2.8908750000
8133,2.8908750000
8136,3.3208280000
8137,2.8908750000
8138,2.8908750000
8141,1.7793090000
8142,1.8444410000
8143,3.3099460000
8145,2.3094780000
8150,3.3237070000
8151,4.1915630000
8152,2.0330170000
8155,2.3011540000
8156,2.1044660000
8157,3.4101920000
8159,4.1075980000
8167,2.9935770000
8168,2.8908750000
8170,2.8357890000
8171,4.3941520000
8172,2.2543080000
8173,4.0092130000
8174,2.8908750000
8175,2.8908750000
8176,2.8908750000
8177,2.8906630000
8178,2.8908750000
8179,2.8908750000
8180,2.8908750000
8181,2.8908750000
8184,2.8908750000
8185,2.8908750000
8187,2.8908750000
8188,2.8908750000
8191,2.3777080000
8192,2.3318750000
8193,1.6500690000
8194,2.0916380000
8195,3.0175330000
8201,2.2180720000
8202,3.3094820000
8203,2.2720390000
8205,1.5752690000
8206,3.0298850000
8208,2.7589490000
8210,3.0993900000
8213,3.4945660000
8214,3.6354700000
8215,2.8906630000
8216,2.8908750000
8218,2.8908750000
8219,2.9376490000
8221,2.8908750000
8222,3.3208280000
8223,2.8908750000
8224,2.8908750000
8227,2.8908750000
8228,2.8908750000
8229,2.7606430000
8232,2.4360660000
8233,2.0787100000
8234,2.3631730000
8235,3.0559280000
8236,3.0869680000
8237,2.3096420000
8239,3.3169450000
8242,3.1167290000
8243,2.4435650000
8244,2.2142190000
8245,1.5981980000
8246,2.8908750000
8247,2.8908750000
8249,2.8908750000
8254,2.8908750000
8255,2.8908750000
8256,2.8908750000
8257,3.9807710000
8260,3.2353330000
8261,3.4086610000
8262,3.0877770000
8263,1.9368750000
8267,1.9850540000
8268,2.3753350000
8269,1.9496240000
8270,2.8064780000
8272,2.1972390000
8275,2.3708110000
8276,3.4128820000
8277,2.6457910000
8280,2.2660900000
8281,2.9543060000
8282,2.2446490000
8283,2.0476000000
8291,2.8908750000
8293,2.8908750000
8294,2.8908750000
8296,2.8908750000
8298,2.8908750000
8299,2.8908750000
8301,1.8289870000
8303,2.6501800000
8304,2.0485670000
8308,2.3097650000
8309,2.0617280000
8310,3.9132150000
8311,2.0090610000
8312,3.2926440000
8318,1.5842120000
8319,2.8600650000
8320,2.4746050000
8321,2.0512460000
8322,1.2793330000
8323,2.8908750000
8324,3.1953470000
8325,2.8908750000
8328,2.7498090000
8330,4.2602720000
8331,3.1306880000
8332,1.4893300000
8335,2.8908750000
8336,2.8908750000
8339,1.4093530000
8340,2.8908750000
8341,2.8908750000
8342,2.8908750000
8343,1.4110470000
8345,2.8908750000
8348,2.2538890000
8350,3.1435630000
8351,2.5268110000
8352,2.9590180000
8354,3.6642670000
8357,4.1115780000
8360,1.8556620000
8362,4.1659440000
8363,3.1262990000
8365,2.8908750000
8373,2.7589490000
8374,2.8908750000
8376,2.8908750000
8378,2.8908750000
8379,3.0993900000
8380,2.8908750000
8381,2.8908750000
8382,2.7606430000
8384,2.8908750000
8389,3.0396940000
8390,1.8845080000
8391,3.0378000000
8392,4.5568320000
8393,1.9674290000
8394,3.2834590000
8395,3.1483640000
8396,3.0987690000
8397,3.0705350000
8399,1.7333650000
8402,2.6980120000
8404,1.5483630000
8405,2.8149250000
8409,2.8908750000
8412,1.4060840000
8416,3.1210460000
8418,2.8908750000
8420,2.8908750000
8423,2.9935770000
8426,2.8908750000
8428,2.8908750000
8429,2.8908750000
8430,2.1647910000
8432,2.6786510000
8433,1.7982490000
8435,3.0806130000
8438,2.0389490000
8441,1.7495820000
8444,3.0993900000
8447,1.2808150000
8448,2.3161750000
8449,1.5907070000
8450,3.1167290000
8451,1.9958040000
8452,3.4632630000
8453,3.1048100000
8456,2.8908750000
8457,3.0993900000
8458,2.8908750000
8459,2.8908750000
8460,3.1955590000
8461,2.8906630000
8464,3.0208950000
8465,2.8908750000
8466,2.8908750000
8468,3.0512540000
8470,3.2177460000
8471,3.2312010000
8472,2.6683080000
8475,3.7404620000
8476,3.3101800000
8479,3.3555560000
8482,2.8367470000
8486,2.1074960000
8487,2.9502370000
8488,3.8042130000
8489,2.7606430000
8493,2.5445220000
8495,2.8908750000
8496,3.0161440000
8497,2.8908750000
8501,2.8908750000
8504,2.1843290000
8506,4.1333540000
8507,3.1050240000
8511,4.0311840000
8512,3.2437000000
8514,3.1812740000
8515,1.7696250000
8517,2.4210480000
8518,3.6036910000
8519,4.0836850000
8521,2.8703190000
8522,1.4910370000
8525,1.4110470000
8526,2.8908750000
8527,2.8908750000
8528,3.3208280000
8530,2.8908750000
8531,2.8908750000
8533,3.1051010000
8534,1.7787630000
8535,3.1318580000
8539,3.0993900000
8541,2.8908750000
8544,2.8908750000
8545,2.8908750000
8546,2.8908750000
8548,2.8908750000
8549,2.8908750000
8550,3.3208280000
8551,2.8908750000
8553,2.1355550000
8556,3.2597220000
8557,1.9101030000
8559,1.9828890000
8560,3.0265040000
8561,2.1195020000
8562,3.0162410000
8564,4.1379380000
8565,3.2915160000
8566,2.4096100000
8571,2.3444510000
8572,1.7209430000
8573,2.1124290000
8574,2.9729920000
8578,2.1587220000
8580,2.8908750000
8581,2.8908750000
8583,2.8908750000
8584,2.8908750000
8585,2.8908750000
8586,2.8908750000
8587,2.8908750000
8588,2.8908750000
8590,2.8908750000
8591,2.8908750000
8592,2.8908750000
8594,3.7138850000
8599,2.1747320000
8600,3.2487120000
8601,2.8032630000
8602,1.7807120000
8604,3.2245110000
8605,2.8804670000
8608,1.4893300000
8609,2.8891810000
8611,3.2038830000
8613,3.2879920000
8616,2.2592530000
8618,2.8908750000
8619,2.8908750000
8620,2.8908750000
8621,2.8908750000
8623,2.9935770000
8626,2.8908750000
8627,2.8908750000
8629,2.8908750000
8630,1.8051610000
8631,2.3585240000
8633,2.8938030000
8635,2.9021970000
8637,4.0902090000
8642,2.3242220000
8644,1.8159700000
8646,3.0720720000
8647,2.1117820000
8649,3.1955590000
8650,2.8908750000
8651,2.7606430000
8652,3.0993900000
8653,2.8908750000
8654,2.8908750000
8655,2.8908750000
8656,1.4110470000
8657,2.8908750000
8658,2.8908750000
8659,2.8908750000
8660,2.8908750000
8662,2.8891810000
8663,2.8908750000
8664,1.4893300000
8666,3.0161490000
8668,1.6705350000
8669,2.2212990000
8670,3.0777060000
8672,1.6817560000
8673,3.1605430000
8675,1.7276110000
8676,2.1196050000
8680,2.3310420000
8686,3.2013630000
8691,1.4893300000
8692,2.8908750000
8693,3.1955590000
8694,3.0993900000
8696,3.2423330000
8699,2.8908750000
8700,2.8908750000
8701,2.8908750000
8702,2.8908750000
8704,2.8908750000
8705,2.8908750000
8706,2.8908750000
7386,4.1789970000
7546,2.8908750000
7708,2.2371430000
7766,2.8908750000
7849,3.3147540000
7911,2.2956870000
4174,2.2045410000
5120,4.1426860000
5273,3.0280280000
5809,2.7618810000
6244,2.9827730000
6485,2.9253690000
6503,3.4350720000
6559,4.6175610000
6667,3.7441890000
6957,3.1605230000
6984,2.4331180000
7148,2.2310520000
7190,2.1772230000
7301,2.5279530000
7304,3.1055080000
7424,4.1064500000
7456,3.1946110000
5896,3.0048730000
7051,3.5734170000
7940,4.1677230000
7953,2.9989240000
7957,1.5122590000
7960,2.8908750000
8036,1.5196420000
8070,2.8908750000
8082,1.9846500000
8091,2.8906630000
8125,1.7287440000
8129,2.8908750000
8166,3.3175940000
8198,2.9855950000
8209,3.0208950000
8252,2.8908750000
8297,2.8908750000
8302,2.9548640000
8337,2.8908750000
8367,2.7606430000
8372,3.0144500000
8377,2.8908750000
8387,2.2733810000
8407,1.8812700000
8425,3.0720720000
8434,2.9390160000
8436,3.3796850000
8439,2.0365180000
8443,2.8844300000
8462,2.8908750000
8483,2.1711390000
8505,1.8421350000
8513,2.0910670000
8520,1.7069680000
8537,3.4117290000
8552,2.7591610000
8558,1.5507830000
8612,2.8291930000
8617,2.8891810000
8674,1.9815020000
8682,3.0239360000
5319,4.2736610000
8569,2.6940450000
8707,3.0208950000
8708,2.8908750000
8709,2.9268800000
8712,2.3619550000
8715,1.6731290000
8717,2.5742550000
8718,1.5241080000
8720,2.9773810000
8721,1.6307880000
8723,1.6143840000
8725,2.7606430000
8731,1.7014460000
8732,3.1423230000
8733,2.2863350000
8734,2.8908750000
8735,2.8908750000
8737,2.8908750000
8738,2.8908750000
8739,2.8908750000
8742,2.8908750000
8743,3.0993900000
8745,2.8908750000
8746,2.8908750000
8747,2.8908750000
8748,2.8908750000
8750,2.1560560000
8755,3.0562500000
8756,3.8916560000
8757,2.8101700000
8758,2.9429960000
8759,3.1969740000
8761,2.0731200000
8762,2.3522840000
8765,2.1630370000
8768,2.3357160000
8771,2.8218510000
8772,1.5390000000
8774,1.9384030000
8776,2.0361090000
8777,3.5060570000
8778,1.8760520000
8780,3.1572820000
8781,3.0208950000
8782,2.8908750000
8783,2.8908750000
8785,2.8908750000
8786,2.9376490000
8788,2.9935770000
8789,2.8908750000
8791,2.8908750000
8792,3.0208950000
8793,3.0208950000
8795,2.9718510000
8797,2.2098250000
8798,2.8422140000
8800,2.0059680000
8801,2.2134730000
8802,2.3280170000
8803,1.8540380000
8805,3.7967220000
8806,2.9116980000
8809,2.8411360000
8810,2.0527570000
8811,2.8908750000
8812,2.9376490000
8814,1.5388210000
8815,2.8908750000
8816,2.8908750000
8817,2.8908750000
8818,2.8908750000
8819,2.8908750000
8820,3.0720720000
8821,2.8908750000
8822,2.8908750000
8823,3.0993900000
8825,2.2031350000
8826,1.8095450000
8827,2.0922150000
8828,3.0744450000
8833,3.0664100000
8834,1.7780220000
8835,2.2451030000
8836,3.1793920000
8839,1.4597340000
8840,1.6380090000
8841,2.0661170000
8843,1.5854990000
8844,1.7510860000
8845,3.0172990000
8846,4.0798680000
8848,2.8908750000
8849,2.8908750000
8850,2.8908750000
8851,2.8908750000
8852,2.8908750000
8854,2.8908750000
8856,2.8908750000
8857,2.8908750000
8860,2.1839200000
8861,4.0879280000
8862,1.9745740000
8864,1.5968310000
8866,3.3531080000
8867,2.4236400000
8869,2.4017870000
8871,3.2721480000
8873,2.8527690000
8874,1.9902830000
8876,3.2139340000
8877,1.9271070000
8878,1.8600300000
8880,1.8301400000
8881,1.6495000000
8885,3.2294100000
8889,2.1884510000
8890,2.8908750000
8891,2.8908750000
8894,1.4110470000
8897,2.9676760000
8898,2.8908750000
8899,2.7591610000
8902,2.8908750000
8903,2.8908750000
8904,2.8908750000
8905,2.8908750000
8909,3.2264000000
8910,2.0015790000
8911,1.6729970000
8912,2.1739910000
8913,1.7129060000
8914,3.7457340000
8915,3.0150880000
8917,3.8540480000
8918,2.1054290000
8919,2.7229440000
8920,2.8703190000
8921,3.1478630000
8924,2.2033300000
8925,2.8157120000
8926,1.9532050000
8927,2.8565110000
8928,2.8908750000
8929,2.8908750000
8931,2.8908750000
8934,2.8908750000
8935,2.8908750000
8937,2.8908750000
8940,3.4214130000
8942,3.6753460000
8947,1.6636280000
8950,3.1143080000
8951,3.7364070000
8952,2.8250180000
8953,2.9915100000
8956,3.1215000000
8957,2.8732260000
8958,2.7547930000
8959,3.0720720000
8962,2.8908750000
8965,2.9676760000
8966,3.3255790000
8969,3.2664790000
8970,2.4921870000
8974,2.8861000000
8976,2.4803590000
8977,1.8786390000
8978,1.7029830000
8979,2.9466390000
8981,2.1316920000
8982,3.3158950000
8983,1.7276110000
8984,2.9981830000
8988,2.8908750000
8989,3.3255790000
8990,2.8908750000
8996,2.8908750000
8998,3.2294100000
8999,2.8908750000
9000,2.8908750000
9001,2.8908750000
9002,2.8908750000
9003,1.4110470000
9004,2.8908750000
9005,2.8908750000
9006,2.6289290000
9007,2.8908750000
9008,3.1254330000
9010,3.7684970000
9011,1.8774380000
9012,2.3566610000
9013,1.9496240000
9014,1.2881110000
9016,2.0921840000
9018,1.6731290000
9019,1.8474420000
9020,2.5474830000
9021,1.9864400000
9027,3.3110940000
9028,2.4061760000
9030,3.3242530000
9031,2.1435900000
9032,4.3080760000
9033,2.9823560000
9034,2.8908750000
9036,3.4040740000
9037,2.6289290000
9038,1.4110470000
9039,2.9088410000
9040,2.9569990000
9041,3.0298850000
9042,2.8908750000
9044,2.8844300000
9045,2.8908750000
9048,2.8908750000
9049,2.8908750000
9051,2.8908750000
9053,2.8908750000
9054,2.8908750000
9055,2.7591610000
9057,4.2096910000
9058,3.0573670000
9059,2.1300130000
9060,1.9843130000
9061,1.7896630000
9062,3.2926440000
9063,2.0047460000
9064,4.0606100000
9065,1.6307880000
9067,1.8024610000
9068,3.9704570000
9072,2.1970440000
9073,3.6592490000
9074,2.8908750000
9075,2.7591610000
9076,2.2231570000
9077,2.4447180000
9078,2.8908750000
9082,2.8908750000
9083,2.8908750000
9084,1.4878480000
9085,2.8908750000
9086,2.9674640000
9089,2.8908750000
9090,2.8908750000
9091,1.5603850000
9093,2.6240150000
9095,2.1604450000
9098,3.1039430000
9100,4.1948220000
9102,4.3106580000
9104,2.0543860000
9105,2.1061700000
9106,2.3086120000
9107,4.2381620000
9108,2.2220400000
9110,2.8908750000
9111,2.9403580000
9113,3.3439540000
9115,2.2831880000
9116,3.0436980000
9117,2.8908750000
9118,2.8908750000
9119,2.8908750000
9120,1.5922440000
9122,2.8908750000
9123,3.0208950000
9125,2.8908750000
9126,2.8908750000
9128,2.3437530000
9131,2.1425340000
9134,1.9357220000
9135,2.2060350000
9136,2.2317910000
9137,2.9804830000
9138,2.3179440000
9139,1.8967710000
9140,2.3559320000
9143,3.0324290000
9144,1.4110470000
9146,3.0653270000
9149,2.8908750000
9150,1.6195620000
9151,2.8908750000
9153,2.8908750000
9154,2.8908750000
9155,2.8908750000
9156,2.8908750000
9157,2.8908750000
9159,2.8908750000
9160,1.8556620000
9161,4.0458870000
9165,3.1093410000
9167,2.9447910000
9168,2.2503280000
9169,2.2607430000
9170,3.7062370000
9173,2.7567350000
9174,1.7780220000
9175,3.9607450000
9176,2.8908750000
9178,2.8908750000
9182,1.5840170000
9183,2.8908750000
9184,2.8908750000
9185,2.8908750000
9186,2.9336130000
9187,2.8908750000
9188,3.0991780000
9190,2.8908750000
9191,1.6506150000
9194,2.9116980000
9197,3.0335330000
9198,2.0309810000
9199,2.1566020000
9200,4.0940740000
9201,1.6638600000
9202,2.6192890000
9203,3.0544480000
9205,2.7116480000
9208,2.8717920000
9216,2.7591610000
9218,2.7591610000
9220,3.3834510000
9221,1.8818470000
9222,4.2337750000
9223,2.8908750000
9224,2.7606430000
9225,2.8908750000
9226,2.8908750000
9227,3.2738420000
9228,2.8908750000
9230,2.8908750000
9233,4.4097620000
9239,4.2960340000
9240,3.2147050000
9243,2.7876530000
9245,2.8258310000
9246,2.1193550000
9247,3.1652520000
9248,1.8773470000
9249,3.1521540000
9250,1.8051010000
9252,1.6514330000
9254,2.7606430000
9255,2.0429290000
9257,3.2694530000
9258,3.1578380000
9259,2.8908750000
9261,2.8908750000
9263,2.7591610000
9264,2.8908750000
9265,2.8908750000
9266,2.8908750000
9267,2.8908750000
9268,2.8908750000
9269,3.4023800000
9272,2.2061820000
9273,2.0115100000
9274,4.0414980000
9275,3.7195690000
9278,2.8411360000
9279,1.9381620000
9280,1.8282530000
9281,3.0378000000
9285,2.0730980000
9287,1.6647650000
9288,2.8458620000
9289,2.2221270000
9291,2.8908750000
9292,2.8908750000
9293,3.0993900000
9294,3.0208950000
9298,3.0208950000
9299,2.8908750000
9300,2.7273330000
9301,2.7662840000
9302,2.6719560000
9303,2.8908750000
9305,2.8908750000
9308,3.0653270000
9309,2.8908750000
9310,3.0993900000
9315,3.8541900000
9316,1.4842000000
9317,2.2923780000
9318,4.3099170000
9320,3.0992680000
9321,2.3566730000
9322,2.2429500000
9324,2.2621600000
9325,3.2576980000
9326,2.1745730000
9327,2.3401050000
9330,1.5576350000
9331,2.8394370000
9332,4.0298410000
9333,2.2134730000
9334,2.9390160000
9335,3.8234940000
9336,2.8908750000
9339,2.8908750000
9342,1.8207660000
9343,3.0789310000
9344,2.8908750000
9346,2.8908750000
9347,2.8908750000
9349,1.6195620000
9352,2.8908750000
9356,1.8738870000
9357,3.9534530000
9358,2.1848130000
9360,2.3194240000
9361,1.9027200000
9363,3.0373450000
9365,3.1468020000
9366,1.9944770000
9367,1.7077090000
9368,2.8908750000
9370,3.0653270000
9371,2.8908750000
9372,2.2371430000
9373,2.1357190000
9374,2.8908750000
9375,2.7606430000
9376,2.8908750000
9377,2.8908750000
9378,2.8908750000
9379,2.8908750000
9380,2.7591610000
9381,3.1955590000
9383,2.8908750000
9384,2.8908750000
9385,2.8908750000
9388,3.1955590000
9389,1.7033200000
9394,2.3744690000
9396,1.8845080000
9398,3.6548600000
9399,2.9322510000
9401,3.1507700000
9402,3.0207210000
9403,2.1378990000
9404,1.2808150000
9405,2.8908750000
9407,2.8908750000
9412,2.8908750000
9414,1.6882010000
9416,2.8074170000
9417,2.8908750000
9418,2.8908750000
9419,2.8908750000
9422,3.7846850000
9423,1.8472440000
9424,3.3361330000
9425,2.1193550000
9426,3.0241310000
9427,2.8037210000
9429,1.9754140000
9431,3.0858370000
9433,2.9371430000
9434,3.2278480000
9435,3.8393210000
9436,2.0536450000
9437,3.0226610000
9439,1.8327120000
9440,2.0718760000
9441,2.5380760000
9444,2.8908750000
9448,2.8908750000
9449,1.4093530000
9450,3.2450420000
9452,2.8908750000
9453,2.8908750000
9454,2.8908750000
9455,3.0653270000
9456,2.8908750000
9457,2.8908750000
9458,2.8908750000
9459,2.8777860000
9461,3.0512540000
9464,2.8406330000
9465,3.0341520000
9466,2.4178090000
9469,3.3529640000
9470,3.0967500000
9474,1.7860590000
9475,2.1655320000
9477,3.1438830000
9478,3.9592360000
9479,2.8364890000
9480,3.4031210000
9483,4.0228120000
9484,1.7199630000
9488,2.8908750000
9489,3.0611830000
9493,1.7031250000
9494,3.4040740000
9495,1.6195620000
9497,2.8908750000
9500,2.8908750000
9501,2.8908750000
9502,3.0584280000
9503,3.0606370000
9504,3.4087530000
9505,3.7610900000
9511,3.1912950000
9513,1.8332150000
9515,2.7606430000
9517,2.8908750000
9518,2.8908750000
9519,2.8908750000
9520,1.4893300000
9521,3.4040740000
9523,2.8908750000
9524,2.8633450000
9525,2.8908750000
9526,2.8908750000
9530,2.8908750000
9531,1.2793330000
9532,2.8908750000
9533,2.8908750000
9534,2.8908750000
9536,3.1955590000
9537,2.8908750000
9540,1.5073040000
9542,2.1570110000
9543,1.5842120000
9544,3.2300480000
9546,2.9640280000
9550,3.0973790000
9551,3.2907550000
9552,3.1659620000
9553,1.8459620000
9554,2.8578990000
9556,2.8908750000
9558,1.4738840000
9559,3.0993900000
9561,2.8908750000
9563,2.8908750000
9564,2.8908750000
9567,3.1889940000
9568,2.1187610000
9569,3.0660010000
9571,3.7801540000
9573,3.2385690000
9574,1.5810230000
9575,2.3618810000
9577,2.2526840000
9578,2.7429940000
9581,2.2683690000
9583,3.1750030000
9586,2.9418400000
9587,2.8908750000
9589,2.8908750000
9590,2.8908750000
9591,2.7606430000
9594,2.8908750000
9596,3.2294100000
9597,2.9691580000
9600,3.1761530000
9603,2.2574100000
9604,3.0385410000
9605,2.1866850000
9607,2.9398240000
9608,2.8205590000
9609,3.9152510000
9610,3.2112510000
9611,3.0161440000
9612,2.8908750000
9614,2.8908750000
9615,1.8959970000
9616,1.5705280000
9617,2.8747080000
9618,2.1522870000
9620,2.8908750000
9621,2.8908750000
9622,2.8908750000
9624,1.2793330000
9625,2.8908750000
9626,2.8908750000
9627,2.8908750000
9629,2.8908750000
9630,2.8908750000
9632,3.1661570000
9634,1.9962210000
9635,3.1912030000
9636,2.9450370000
9637,2.1614030000
9638,2.1613110000
9639,2.0839830000
9640,1.8942760000
9641,3.0876350000
9642,4.0617380000
9643,3.0934410000
9644,2.3752870000
9646,2.8908750000
9647,2.6289290000
9649,3.1955590000
9651,2.8908750000
9652,2.6289290000
9653,2.8908750000
9654,2.8908750000
9658,1.4110470000
9659,3.0208950000
9660,3.0993900000
9661,2.8908750000
9663,3.0653270000
9664,2.9691580000
9665,2.8908750000
9666,2.8908750000
9667,2.0730240000
9670,2.4402390000
9672,1.8962090000
9673,2.0710840000
9674,2.1483570000
9675,2.9136590000
9676,1.8159700000
9677,3.1088140000
9678,3.1384800000
9679,3.4883260000
9683,3.0720720000
9685,2.8908750000
9688,3.3255790000
9692,3.1565430000
9694,2.7591610000
9695,2.8908750000
9696,3.0208950000
9697,2.8908750000
9699,2.8908750000
9703,2.9459920000
9704,2.5309150000
9706,4.1357990000
9708,2.9661600000
9709,2.0775090000
9710,2.1056140000
9712,1.9510970000
9713,2.8365810000
9716,3.8022640000
9720,3.3103750000
9721,2.8908750000
9722,3.2612810000
9723,2.8908750000
9724,2.8908750000
9727,2.8908750000
9728,2.8908750000
9729,2.8908750000
9732,2.8908750000
9734,1.8133720000
9737,2.7917130000
9741,2.9682950000
9743,4.1050780000
9746,3.2013630000
9749,2.8908750000
9751,1.9603720000
9753,3.1461640000
9756,3.4040740000
9757,2.8908750000
9759,2.8908750000
9760,2.8908750000
9761,2.8908750000
9762,2.8908750000
9763,2.8908750000
9765,2.9848510000
9766,4.3086250000
9771,1.8554670000
9772,4.1297060000
9774,2.0042600000
9776,2.4061040000
9777,1.7682410000
9782,2.8906630000
9783,2.8908750000
9784,2.8908750000
9785,2.7591610000
9788,3.1646750000
9789,2.8908750000
9790,2.8908750000
9791,2.8908750000
9792,2.8908750000
9793,2.8908750000
9796,2.8891810000
9797,3.3813430000
9798,2.1578770000
9800,1.8500290000
9801,3.2231410000
9802,2.9700030000
9804,2.9294690000
9805,3.3781960000
9806,2.1618120000
9808,2.2590170000
9809,3.8466170000
9810,3.4388520000
9811,2.2697330000
9812,1.5821610000
9813,3.1927340000
9814,1.6042710000
9816,3.1858750000
9817,2.0476000000
9820,3.0993900000
9821,2.8908750000
9822,1.9405830000
9824,2.8908750000
9825,2.8618630000
9826,2.8908750000
9827,2.8908750000
9828,3.0208950000
9829,3.1955590000
9830,2.8908750000
9833,2.8908750000
9835,3.8015230000
9836,1.9885770000
9841,3.1428990000
9846,3.0134560000
9850,3.2121130000
9852,3.4248970000
9853,3.8882490000
9855,3.1206370000
9856,1.5854990000
9857,3.0208950000
9858,1.5840170000
9859,2.8908750000
9862,2.3894850000
9863,1.8337880000
9864,2.8908750000
9866,2.8908750000
9868,2.8908750000
9869,2.8908750000
9870,2.8908750000
9873,2.8908750000
9874,2.8908750000
9875,1.5248500000
9876,2.7225370000
9877,3.2777750000
9878,1.6897930000
9879,3.7959810000
9880,4.2704200000
9881,2.3779030000
9882,3.0338650000
9883,1.9364630000
9884,1.8006680000
9887,3.2664790000
9888,4.5865950000
9891,3.3094820000
9892,4.0787180000
9893,1.7997820000
9895,2.7094220000
9897,2.9676760000
9900,1.4110470000
9901,2.8908750000
9902,2.8908750000
9903,3.0161440000
9904,1.5410670000
9906,2.9781010000
9908,4.2742580000
9909,2.8908750000
9911,1.4110470000
9912,2.8908750000
9913,2.8908750000
9915,2.7606430000
9916,1.4110470000
9918,2.8908750000
9919,2.3127870000
9920,1.7638720000
9921,2.3089440000
9923,3.6764240000
9925,2.3238230000
9926,2.9115240000
9927,2.9115240000
9928,2.2275510000
9933,2.8908750000
9938,2.8908750000
9939,1.8006680000
9940,2.3483040000
9941,1.9316410000
9942,2.1622660000
9943,2.5456700000
9944,3.0720720000
9945,2.8908750000
9946,2.8908750000
9947,2.8908750000
9948,2.8908750000
9949,2.8908750000
9950,2.8908750000
9951,2.8908750000
9952,2.8908750000
9955,2.9512160000
9956,2.2407910000
9958,2.7254440000
9960,2.0238380000
9961,2.7807250000
9962,4.1730460000
9964,3.8938820000
9965,3.1917040000
9968,3.2391150000
9969,2.0042600000
9970,2.8249480000
9972,4.0420730000
9973,3.7728860000
9975,3.0993900000
9979,2.8908750000
9980,2.8908750000
9982,2.8908750000
9983,2.8859120000
9984,2.4231560000
9986,1.8377660000
9987,1.5723470000
9991,1.5584260000
9992,2.9881310000
9994,2.3004130000
9995,1.8894310000
9996,3.3828740000
9997,3.0993900000
10000,2.8908750000
8064,3.0993900000
8182,2.8908750000
8334,2.8908750000
8347,2.2960980000
8353,2.2780380000
8749,2.8908750000
8855,2.9935770000
8870,1.9765230000
8875,2.0123720000
8896,2.8908750000
8900,2.8908750000
8901,2.8908750000
8938,2.8908750000
8954,2.8908750000
8967,2.8908750000
9015,2.7706730000
9043,3.0653270000
9050,2.8908750000
9070,3.0186810000
9087,2.8908750000
9148,1.7879860000
9166,2.3453770000
9177,2.8908750000
9283,4.1293740000
9319,3.7090890000
9397,1.7031250000
9411,2.8908750000
9490,2.2393020000
9508,2.0420560000
9512,2.0823560000
9548,1.4190840000
9560,1.6195620000
9580,2.1088750000
9585,1.6195620000
9588,3.0208950000
9606,4.1401860000
9623,2.8908750000
9681,1.5848350000
9682,2.9455830000
9701,2.8908750000
9718,3.3780010000
9719,3.3528220000
9730,3.0208950000
9733,2.8908750000
9787,2.2262320000
9854,2.1704680000
9861,3.1491050000
9959,3.3974060000
9993,2.1214940000
9535,2.8908750000
9599,2.2534250000
9024,3.4494000000
9079,2.8908750000
9180,1.9639230000
9229,2.8908750000
9382,2.9418400000
9476,1.8884760000
9650,2.9922510000
9693,2.8908750000
9767,2.2950660000
9889,3.0976960000
9914,2.8908750000
9929,3.7564840000
9937,2.8908750000
9989,3.4840860000
9998,2.8908750000
9999,2.8908750000
8643,2.8852170000
9262,2.8908750000
