CUSTOMER_ID,mean_weighted_avg,min,max,var
1,2.469139171,2.2811007026,2.6571776394,0.3760769368000001
3,2.634277523999999,2.5448289336,2.7237261144000002,0.1788971808000004
4,2.837219377,2.8157571278,2.8586816261999997,0.04292449839999968
6,2.7688018669999996,2.7199726138,2.8176311201999997,0.09765850639999973
7,2.8329695815000004,2.8098074141000002,2.8561317488999998,0.046324334799999534
8,2.828848702000001,2.8040381828,2.8536592212,0.049621038400000206
9,2.8515036344999998,2.8357550883,2.8672521807,0.03149709239999998
11,2.7798182889999996,2.7353956045999994,2.8242409734000002,0.08884536880000082
12,2.8187867344999997,2.7899514282999998,2.8476220407,0.057670612400000376
13,2.430440437,2.3443002118,2.5165806621999995,0.17228045039999973
14,2.4629770785,2.3574298471,2.5685243099000004,0.21109446280000022
15,2.899170686500001,2.8564385611,2.9419028118999995,0.08546425079999942
18,2.2469349655000004,2.1540569793,2.3398129517,0.18575597239999997
20,2.950845386,2.8688907403999995,3.0328000316,0.16390929120000042
21,2.972053174,2.8601140436000003,3.0839923044,0.22387826079999984
22,2.4218259785000003,2.2426287871,2.6010231699000004,0.35839438280000024
23,3.1835574505,2.9495816307,3.4175332703,0.46795163959999986
24,2.4752684644999996,2.2706926787,2.6798442503,0.4091515715999998
27,2.3599391,2.2318394599999998,2.48803874,0.25619928000000014
28,2.6802540674999995,2.6795140944999996,2.6809940405,0.0014799460000003428
29,3.021903069,2.9152286966,3.1285774414,0.2133487448000002
30,2.4998205404999996,2.4204683243,2.5791727567,0.15870443239999998
31,1.8841259210000005,1.6428015526000002,2.1254502894000002,0.4826487368000001
32,3.0652025900000006,3.0473288259999998,3.0830763539999997,0.03574752799999992
33,2.3402732789999994,2.2584515674,2.4220949905999998,0.16364342319999992
34,3.5935684969999997,3.3600218958,3.8271150982,0.4670932024000001
36,2.7850113205,2.7752639923,2.7947586487000002,0.019494656400000032
37,2.546346941000001,2.4085357174,2.6841581646,0.27562244719999995
39,2.675572559,2.5894515825999997,2.7616935353999996,0.17224195279999988
43,2.4472419864999995,2.2697887811,2.6246951919,0.35490641079999996
46,2.9839424095000004,2.9723110457,2.9955737733000003,0.023262727600000144
49,2.4439633459999994,2.3087016075999998,2.5792250844,0.2705234768000002
50,2.8635065015,2.7653835020999997,2.9616295009,0.19624599880000027
51,2.494578194,2.3391561164,2.6500002716,0.3108441552000003
52,2.337588159,2.2949160954,2.3802602226,0.08534412719999995
53,2.87419497,2.615398558,3.132991382,0.5175928240000003
55,3.364900363000001,3.1651253082,3.5646754178,0.39955010960000026
57,2.6023893030000003,2.4560691818,2.7487094242,0.2926402424000001
58,2.6794022065,2.5287918891,2.8300125239,0.30122063479999994
59,2.523088505,2.4519299030000004,2.5942471069999997,0.14231720399999936
60,3.2844470350000003,2.9170042489999997,3.6518898209999997,0.734885572
61,2.7390653355000003,2.6982370696999998,2.7798936013000004,0.08165653160000064
62,2.1576112315,2.1506291389,2.1645933241,0.013964185200000312
65,2.4044815530000005,2.3402809317999997,2.4686821742,0.12840124240000028
66,2.8111659830000004,2.7793519898,2.8429799762,0.06362798640000022
67,3.0485368675,3.0094860145,3.0875877205,0.07810170599999999
68,2.36591543,2.338073258,2.393757602,0.055684343999999886
69,2.8606979625,2.7626711475000003,2.9587247775000005,0.1960536300000002
70,2.6355232050000006,2.466347923,2.804698487,0.3383505640000002
71,2.6857589760000002,2.6037125664,2.7678053855999996,0.16409281919999952
72,2.6794929959999996,2.5949401944,2.7640457975999997,0.1691056031999998
73,2.7530097159999998,2.6978636024,2.8081558295999995,0.11029222719999954
74,2.547800072,2.4105701008,2.6850300432,0.27445994240000005
75,2.899720033,2.8961820198,2.9032580462,0.007076026400000046
77,2.8847297305000006,2.7988656227,2.9705938383,0.17172821559999996
78,2.6968474044999997,2.6192363663000005,2.7744584426999994,0.15522207639999897
79,2.5778586059999977,2.4526520484,2.7030651636,0.25041311519999976
80,2.7599982925,2.7076476095,2.8123489754999995,0.10470136599999957
81,2.7250218315,2.6586805641,2.7913630989000002,0.13268253480000025
82,2.8805194514999997,2.8763772321,2.8846616709,0.008284438800000071
83,2.7860534714999994,2.7441248600999995,2.8279820828999997,0.0838572228000003
84,1.6412197654999998,1.4964650593,1.7859744717,0.28950941239999994
86,2.7594887015,2.7069341821,2.8120432209,0.10510903880000022
89,2.5257776475,2.4760185884999997,2.5755367065000003,0.09951811800000065
90,2.5959547219999997,2.4356532332,2.7562562107999997,0.3206029775999997
91,3.0551831839999997,2.8641492576000003,3.2462171104,0.38206785279999966
92,2.8601516295000002,2.7540390812999997,2.9662641777,0.2122250964000001
95,2.3766297775000003,2.2276810665,2.5255784885000003,0.29789742200000013
96,3.067861485,2.9655820790000003,3.170140891,0.2045588119999997
97,2.8838859895,2.8543443853,2.9134275937000003,0.05908320840000014
98,2.2292122235,2.0139793341,2.4444451129,0.4304657787999999
99,3.2511981775,2.9103938484999996,3.5920025065,0.6816086580000005
100,2.7904595565,2.6561717791,2.9247473338999996,0.2685755547999995
101,2.224394017,2.1106808102000003,2.3381072238000002,0.22742641359999993
102,2.3831539569999993,2.1956891742,2.5706187397999996,0.37492956559999957
103,2.7203507840000003,2.5985410976,2.8421604704000005,0.24361937280000046
104,2.5066867215000004,2.4227748329,2.5905986101000003,0.1678237772000002
106,2.751883870499999,2.6962874187,2.8074803223,0.11119290360000011
107,2.8097863669999996,2.7773509138,2.8422218202,0.06487090639999993
108,2.6272086085,2.4716344519,2.7827827651000003,0.31114831320000036
109,2.9620301380000003,2.9335680828,2.9904921932,0.05692411040000023
110,2.8420692504999994,2.7534437506999994,2.9306947503,0.17725099960000046
113,2.456594467999999,2.4475294551999998,2.4656594808,0.0181300256000001
114,2.5350341999999997,2.37302572,2.69704268,0.32401696000000024
115,1.9714969594999996,1.8042945757000002,2.1386993433,0.3344047675999997
117,2.668101541,2.5789921574,2.7572109246,0.17821876719999974
118,2.7747306480000002,2.7282729072,2.8211883888,0.09291548159999996
119,2.903398057,2.8983888342,2.9084072798,0.010018445600000092
120,2.9467438184999972,2.9243114910999997,2.9691761458999997,0.044864654800000014
121,2.7088510675,2.5859338945,2.8317682405000006,0.24583434600000054
122,2.884843785,2.7990252989999997,2.970662271,0.1716369720000004
124,2.7692497609999998,2.7002136654,2.8382858565999998,0.13807219119999958
125,2.8191660214999996,2.7904824300999995,2.8478496128999997,0.057367182800000194
126,2.389654756,2.3075244536,2.4717850584,0.16426060479999993
128,2.4084589505,2.3352217703,2.4816961306999996,0.14647436039999961
129,3.3581946015,3.0741772420999998,3.6422119608999997,0.5680347187999999
133,2.5062491710000003,2.4850439025999997,2.5274544394,0.04241053680000029
134,2.9378986265,2.9316320770999997,2.9441651759000003,0.01253309880000053
135,2.0825314784999995,1.9427720871,2.2222908698999997,0.27951878279999964
136,1.9973252690000003,1.8139951614,2.1806553766,0.3666602151999998
141,2.0392109280000006,1.8597245568,2.2186972992,0.3589727424
142,2.2250184644999997,2.0806534787,2.3693834503,0.2887299716
143,2.493588956,2.3803221736,2.6068557383999997,0.22653356479999953
144,2.8261800485000004,2.7360068679,2.9163532291000003,0.18034636120000025
145,2.2194098815,2.1925319289,2.2462878341000003,0.05375590520000051
147,2.9396433374999997,2.7677618725000004,3.1115248025,0.3437629299999996
148,3.377518321,3.2026484494000003,3.5523881926,0.3497397431999998
150,2.8638172254999996,2.8529941156999996,2.8746403353,0.02164621960000046
151,2.7929329555,2.7537561377,2.8321097733,0.07835363560000008
154,3.003360911,2.9463376754,3.0603841466000006,0.11404647120000044
157,2.707315579,2.6338918105999993,2.7807393473999995,0.14684753680000018
158,2.8680541314999997,2.8589257841,2.8771824789,0.018256694799999806
159,2.8637559505,2.8529083306999996,2.8746035702999997,0.021695239600000082
160,2.722412472,2.6550274608,2.7897974832,0.13477002240000013
161,2.807599966,2.7742899524,2.8409099795999997,0.06662002719999949
163,2.946417087500001,2.9166259224999997,2.9762082524999998,0.05958233000000002
165,2.9322968780000003,2.8592916291999995,3.0053021267999998,0.1460104976000003
169,2.059560382,1.9765026291999999,2.1426181348,0.16611550560000032
170,2.7323719815,2.7078799741,2.7568639889,0.04898401480000025
172,2.7124723805,2.6890273327,2.7359174283,0.04689009560000024
173,3.1412680905000006,3.0790013267000003,3.2035348543,0.1245335275999997
174,2.7806595499999998,2.65475257,2.90656653,0.2518139600000002
175,3.3994507379999996,3.0683210331999997,3.7305804428,0.6622594096000003
176,3.09771692,3.045866488,3.1495673519999996,0.10370086399999945
177,2.3941380690000003,2.3360612414000004,2.4522148966,0.11615365519999976
178,3.0249758335,2.9565297669,3.0934219001,0.13689213319999993
179,2.3791324654999997,2.3262514792999998,2.4320134516999996,0.10576197239999985
181,2.875142585,2.740268819,3.0100163510000004,0.26974753200000023
182,2.5180991954999996,2.3941119173,2.6420864737,0.2479745564
183,2.91102775,2.83805365,2.98400185,0.14594819999999986
184,2.8951544865,2.8599506811000004,2.9303582919,0.0704076107999998
185,2.3019054039999998,2.0761592424,2.5276515656000003,0.4514923232000001
187,2.8790677700000007,2.713125278,3.045010262,0.33188498399999977
189,2.8194231050000007,2.660669547,2.9781766630000006,0.3175071160000007
190,2.727302152,2.7009716912,2.7536326128,0.05266092160000024
191,2.0928494540000004,1.9041212724000003,2.2815776355999997,0.3774563631999994
192,2.7198886255,2.6825352757000003,2.7572419752999995,0.0747066995999992
193,3.493819725999999,3.2358652164,3.7517742356,0.5159090192
196,2.6519578944999997,2.5563910523,2.7475247366999995,0.19113368439999956
198,2.8314539865,2.7224583811,2.9404495918999998,0.21799121079999972
201,2.1488675959999997,1.9057473576000001,2.3919878344,0.48624047679999993
202,2.6891217040000006,2.6084203856,2.7698230224,0.16140263679999967
203,2.635782313,2.5337452382,2.7378193878,0.20407414960000025
204,2.7214815785,2.6537242099,2.7892389471000003,0.1355147372000003
205,2.5790606640000004,2.4543349296,2.7037863984,0.24945146880000024
206,2.8073187045,2.7738961862999996,2.8407412226999997,0.06684503640000017
207,2.942121082499998,2.9216226495,2.9626195155,0.040996865999999965
208,2.783651912,2.7407626768,2.8265411472,0.08577847039999975
209,2.9753826264999996,2.8565916771000004,3.0941735758999998,0.23758189879999936
210,2.4054479159999995,2.2112770824,2.5996187496,0.38834166719999974
212,2.862642911,2.8513500754,2.8739357466,0.02258567119999988
213,2.7065913505,2.6328778906999997,2.7803048102999997,0.14742691959999998
214,2.708358786,2.6353523003999997,2.7813652716000004,0.14601297120000067
215,2.8646882805000007,2.7815143927,2.9478621683,0.1663477755999998
220,2.186490727,2.1621728362,2.2108086177999997,0.04863578159999982
223,3.5145489254999998,3.1973016957000002,3.8317961553,0.6344944596
224,2.1922688030000006,1.9314824818,2.4530551242,0.5215726424
226,3.1568201675000003,2.8565454345,3.4570949005,0.6005494659999999
227,2.7068789229999997,2.6703772921999995,2.7433805538,0.07300326160000026
228,2.5501815315,2.3459625441,2.7544005188999994,0.40843797479999955
229,2.8738192735,2.7803381829,2.9673003640999998,0.18696218119999974
230,2.9267624545,2.8891094363,2.9644154727,0.07530603639999978
231,2.7114478610000012,2.6917698054,2.7311259166000004,0.03935611120000049
232,2.3736439720000004,2.2245867832000004,2.5227011608,0.2981143775999997
233,2.734485577,2.6719298078,2.7970413462,0.1251115384000001
234,2.709536995499999,2.6370017937,2.7820721973,0.14507040360000012
235,2.7382599334999997,2.6772139069,2.7993059601,0.12209205319999983
236,2.727874001499999,2.6626736021,2.7930744009,0.13040079880000022
237,2.7399951574999997,2.6796432204999996,2.8003470944999997,0.12070387400000016
238,2.7173333289999997,2.6479166606,2.7867499974,0.13883333679999987
239,2.628865169,2.5240612365999997,2.7336691013999994,0.2096078647999997
241,2.7151765935000003,2.5614912308999997,2.8688619561,0.3073707252000002
242,2.910737795,2.902792677,2.918682913,0.01589023600000017
243,2.8279359930000005,2.6495735902,3.0062983958,0.35672480559999986
244,2.835083876,2.8127674263999993,2.8574003255999996,0.04463289920000024
245,2.722968395999999,2.7084913544000004,2.7374454376000004,0.028954083199999925
247,2.471002192,2.3404273152000004,2.6015770687999997,0.26114975359999937
248,2.2025299595,2.0231931757,2.3818667433000003,0.35867356760000035
249,2.841996378,2.6895393292,2.9944534268000003,0.3049140976000002
250,2.2326665845000004,2.0835423507,2.3817908183,0.2982484675999997
252,3.2536718785000005,2.9742742299000002,3.5330695270999994,0.5587952971999992
253,2.3086739659999997,2.1674855796,2.4498623524000003,0.2823767728000002
255,2.3955610985,2.3157214591,2.4754007379,0.15967927879999966
256,2.361427677,2.3437270062,2.3791283478,0.03540134160000008
258,3.2888387750000003,2.996389085,3.581288465,0.58489938
259,2.3542021099999997,2.312711266,2.395692954,0.08298168799999983
260,2.1090177645,1.9354430587000002,2.2825924703,0.3471494115999998
263,2.1446329129999997,2.0758601478,2.2134056782,0.13754553040000017
265,3.248576366,2.9637089124,3.5334438196000004,0.5697349072000004
267,3.0378239595,2.9802523433,3.0953955757,0.1151432323999999
268,2.2813512665,2.0342619599,2.5284405730999997,0.4941786131999999
271,2.892544994,2.8579009963999997,2.9271889915999996,0.06928799519999984
274,2.9799311499999996,2.71444801,3.24541429,0.5309662799999999
275,2.8519362874999996,2.7763164025000004,2.9275561725,0.15123976999999966
276,3.0155142159999997,2.8802339024,3.1507945295999997,0.2705606271999996
277,2.652603786,2.5572953004000003,2.7479122716,0.19061697119999987
278,3.0180033254999996,2.9671519952999996,3.0688546556999996,0.10170266039999998
279,2.673381591000001,2.5863842274,2.7603789545999997,0.17399472719999975
280,2.8011709955,2.7652893937,2.8370525972999996,0.07176320359999977
282,2.92226936,2.9097116159999996,2.9348271039999996,0.025115487999999964
283,2.7108646714999995,2.6388605401,2.7828688029,0.1440082627999999
285,2.749394176,2.6070094463999998,2.8917789056000003,0.2847694592000005
286,2.4809187070000003,2.3744756242000005,2.5873617897999996,0.21288616559999918
287,3.2490179274999997,3.0939322985,3.4041035565,0.310171258
288,2.5044340705000003,2.4191148423,2.5897532987,0.17063845639999986
289,2.871704279500001,2.7082759913000003,3.0351325677,0.32685657639999954
291,2.3274900255,2.1650236153000004,2.4899564357000004,0.32493282039999993
293,2.6949255439999997,2.5099829616,2.8798681264,0.3698851647999999
294,2.1651492995000003,2.0537323797,2.2765662193,0.2228338395999998
295,2.6477901125,2.5044201575000002,2.7911600675,0.28673990999999965
297,2.8153201765,2.7058274471,2.9248129059,0.2189854588000002
298,2.5635813985,2.4675064390999997,2.6596563578999994,0.19214991879999976
299,2.7683178870000003,2.5829830418,2.9536527322,0.3706696904000002
304,3.1450203654999993,3.0727969117,3.2172438193,0.14444690760000034
305,1.8577417649999997,1.679063859,2.036419671,0.357355812
306,1.9806361394999998,1.8029080836999998,2.1583641953,0.3554561116000001
309,2.619548086,2.5110173204,2.7280788515999994,0.21706153119999927
310,2.1373334465,1.8468188679000002,2.4278480251000003,0.5810291572000001
311,2.816802844,2.7871739816,2.8464317063999998,0.05925772479999969
312,2.592142229499998,2.4726491213,2.7116353376999998,0.23898621639999984
313,2.9385270775,2.9194662465,2.9575879085,0.038121662
315,2.6646270724999988,2.5741279015,2.7551262435,0.1809983420000001
316,2.7061153025,2.6322114235000003,2.7800191815,0.1478077579999999
317,2.7178481840000006,2.5966294575999997,2.8390669104,0.2424374528000004
318,2.8922052485,2.8916731490999994,2.8927373479,0.0010641988000004154
320,2.2766563580000003,2.1388234148,2.4144893012,0.2756658864000001
322,3.146207806499999,3.0934173291000002,3.1989982839000004,0.10558095480000018
323,2.3049100169999996,2.1168424102,2.4929776238,0.3761352136
324,2.237730146,2.1061516876,2.3693086044,0.26315691679999986
325,2.3297630215,2.2188182129,2.4407078301,0.2218896172
326,3.3600125345000005,2.9896611483,3.7303639207000003,0.7407027724000002
327,2.79644998,2.683239172,2.909660788,0.2264216160000001
328,2.3792959375,2.2564723625,2.5021195125,0.24564715000000037
329,2.4147507174999996,2.3805464305,2.4489550044999997,0.06840857399999978
330,2.8708624135,2.8648254481000004,2.8768993789,0.012073930799999744
331,3.4133869765000004,3.1933869671000004,3.6333869859000005,0.44000001880000017
332,3.1405391505,3.0590036107000005,3.2220746902999995,0.163071079599999
334,2.9030723744999998,2.7750457243,3.0310990247,0.2560533004000001
335,2.641639568,2.5999177408000005,2.6833613952000004,0.0834436543999999
337,3.0053717904999995,2.9205365067000004,3.0902070743000003,0.16967056759999988
341,2.7688944190000004,2.7311141866,2.8066746514,0.07556046479999967
342,2.8243731665,2.7977724331,2.8509738999,0.05320146680000004
343,2.2058071544999995,1.9585654927000002,2.4530488163,0.4944833235999997
344,2.7124167109999995,2.5402545954,2.8845788266,0.3443242311999999
345,2.6152818874999997,2.4724803325,2.7580834425000003,0.28560311000000027
348,2.6497252454999995,2.5532653436999997,2.7461851473000003,0.1929198036000006
349,2.8397459950000004,2.8192943930000003,2.860197597,0.04090320399999969
350,2.725508342,2.5348748788,2.9161418052,0.38126692639999993
352,2.7638296684999997,2.7130115359,2.8146478011,0.1016362651999998
355,2.7598176915,2.7073947681,2.8122406149,0.10484584679999998
356,2.526779778,2.3624320892,2.6911274668,0.3286953775999999
357,2.7042239795000005,2.6295635713000003,2.7788843877,0.1493208163999995
359,2.9330147005,2.9161588202999997,2.9498705807,0.033711760400000124
360,2.005301215999999,1.7675995296,2.2430029023999998,0.4754033727999998
361,2.9512200545000002,2.9270820327,2.9753580763,0.04827604360000004
363,2.9309937035000004,2.9149462220999998,2.9470411849,0.03209496280000046
366,2.2268611660000004,2.0865758996,2.3671464324000002,0.2805705328000001
368,2.6392153990000002,2.5779219585999997,2.7005088394,0.12258688080000013
369,2.5833708595,2.4083085157,2.7584332032999996,0.3501246875999997
370,3.2156646335000008,2.7538924869,3.6774367801,0.9235442932
371,2.2495945230000003,2.1149971138,2.3841919322000003,0.26919481840000037
373,2.195975303500001,1.9991315821,2.3928190249,0.3936874428000001
374,3.0626867885,2.9979959038999997,3.1273776731,0.1293817692000001
375,2.780704491999999,2.6160862887999996,2.9453226952,0.3292364064000002
377,2.4425835465000003,2.2533545278999996,2.6318125651,0.3784580372000006
378,2.1573433335,2.0362396001,2.2784470669,0.24220746680000005
379,2.960817148,2.8372836072000003,3.0843506888000003,0.24706708160000002
380,2.46917651,2.4677211060000004,2.470631914,0.002910807999999765
381,2.9814604559999998,2.8928246384,3.0700962736000004,0.17727163520000033
382,2.85806567,2.723068338,2.993063002,0.26999466399999994
383,2.626404689,2.5539997646,2.6988096134,0.14480984880000003
385,3.0447334735000005,2.9631420629000003,3.1263248840999993,0.16318282119999905
387,2.1716497814999993,1.9104298688999999,2.4328696941,0.5224398252
389,2.6697862865,2.5813508010999997,2.7582217718999997,0.17687097080000003
390,2.5910011545000007,2.4710516163,2.7109506926999996,0.23989907639999952
391,2.9602101160000003,2.8667481624,3.0536720696,0.18692390720000018
393,2.7170512955,2.6475218137,2.7865807773,0.13905896360000014
394,3.2006216215,3.0482982701,3.3529449729000005,0.3046467028000004
395,2.8412396755000002,2.7232367457,2.9592426053,0.2360058596000001
396,2.339986086,2.3065833204,2.3733888516,0.06680553119999999
397,2.3910593689999993,2.2532136214,2.5289051166,0.2756914951999998
399,3.1283319170000006,2.8854850838,3.3711787502,0.4856936664
400,1.8602192334999998,1.6737603401,2.0466781269,0.37291778679999976
401,3.2797793614999997,3.0366527061,3.5229060168999995,0.48625331079999956
402,2.8935643680000003,2.7170477151999997,3.0700810208,0.35303330560000035
404,2.353325144,2.3172292016,2.3894210864,0.07219188480000005
405,2.33903826,2.2346845559999995,2.4433919639999995,0.20870740799999998
406,3.0547784989999998,2.8898474986,3.2197094993999995,0.3298620007999995
407,2.209124094,2.1416736564,2.2765745315999997,0.1349008751999996
410,2.8777388280000005,2.7954256967999997,2.9600519592,0.1646262624000001
411,2.8150681005,2.7955357406999997,2.8346004603,0.03906471960000024
412,2.8924515555,2.7661241777000005,3.0187789333,0.2526547555999996
413,3.5627568670000005,3.3300296138,3.7954841202,0.46545450639999997
415,2.0722013369999996,1.9084836021999998,2.2359190718,0.32743546960000036
418,3.036536256,2.9227047584,3.1503677536,0.22766299519999977
420,3.0217216774999995,2.8579383485,3.1855050065,0.3275666580000003
421,2.6654850255000015,2.5753290357000003,2.7556410153,0.1803119795999999
422,2.7652480784999995,2.7149973098999998,2.8154988471,0.10050153720000043
424,2.3094516364999995,2.2671069819,2.3517962911,0.08468930919999984
426,2.850970733,2.7776494262000004,2.9242920398,0.14664261359999964
427,2.8576895915,2.8444154281,2.8709637549,0.026548326799999966
428,2.6642527405,2.5736038367,2.7549016443,0.18129780760000003
429,2.9039821085,2.8987392650999997,2.9092249519,0.010485686800000504
431,2.9443510454999995,2.9229606273,2.9657414637,0.042780836399999966
433,2.723286416999999,2.6562509838,2.7903218502,0.13407086639999966
435,2.5710326555,2.4430957177000003,2.6989695932999997,0.2558738755999994
437,2.7370425154999993,2.6755095217,2.7985755093,0.12306598759999998
441,2.426660012,2.4174608168,2.4358592072,0.018398390400000242
442,2.44726302,2.236977012,2.657549028,0.42057201599999994
443,2.8080587169999998,2.7357130038000004,2.8804044302,0.14469142639999966
444,2.8427090539999997,2.7109206756,2.9744974323999998,0.2635767567999996
445,3.263811719000001,2.8927112066,3.6349122314000004,0.7422010248000004
446,2.3346402690000008,2.1622253614,2.5070551765999998,0.3448298151999998
447,3.4333110575000005,3.1026594805000003,3.7639626345,0.6613031539999996
448,2.20419645,2.04177907,2.36661383,0.3248347599999999
449,2.6299200500000004,2.4815340700000004,2.77830603,0.2967719599999996
454,2.609883085,2.497774319,2.7219918510000003,0.22421753200000039
457,2.893254719,2.8163930066000002,2.9701164313999997,0.15372342479999945
458,2.7056811735,2.6316036428999996,2.7797587041,0.14815506120000022
459,2.643126519,2.5440271266,2.7422259114,0.19819878479999975
460,2.6937357370000004,2.5314740318,2.8559974422,0.3245234103999999
461,2.8419108515,2.8223251920999997,2.8614965109000003,0.03917131880000069
465,2.689907249,2.6095201485999997,2.7702943494,0.16077420080000016
467,2.8220132415,2.7944685381,2.8495579449000004,0.05508940680000052
468,2.856826533499999,2.8432071468999998,2.8704459201,0.02723877320000012
470,2.64358109,2.544663526,2.742498654,0.19783512799999992
472,2.769966018,2.7216024252,2.8183296107999998,0.09672718559999982
474,3.3198636565,3.0798267191,3.5599005939,0.48007387479999997
476,2.5735370045000003,2.5388842027,2.6081898063,0.06930560360000015
480,2.587801688,2.4209462127999997,2.7546571631999996,0.3337109504
481,3.5265323900000007,3.295410546,3.757654234,0.46224368800000004
482,2.483809949,2.4642303694,2.5033895286,0.039159159200000015
483,2.7681071915,2.6862764681,2.8499379149000004,0.1636614468000004
484,2.5285171585,2.4328438951000004,2.6241904219000003,0.19134652679999986
487,2.906028483,2.9021686762,2.9098882898,0.007719613599999953
491,2.5905663985,2.4704429579,2.7106898391,0.24024688120000004
492,2.824672444,2.6737046215999998,2.9756402663999997,0.3019356447999999
493,2.5291475739999996,2.5225386035999997,2.5357565444,0.01321794080000016
494,2.9647115825,2.7762182155,3.1532049495,0.37698673399999993
495,2.798316939,2.7612937146000003,2.8353401633999997,0.07404644879999944
496,2.9496964435000006,2.9261678660999997,2.9732250209,0.0470571548000005
497,2.7394224850000004,2.6788414790000004,2.800003491,0.12116201199999965
499,2.7319108615,2.6683252060999996,2.7954965168999997,0.1271713108000001
500,2.6602461219999998,2.5679945708000003,2.7524976731999997,0.18450310239999945
501,2.8177847230000004,2.7885486121999996,2.8470208338,0.05847222160000021
502,2.762100588,2.7105908232,2.8136103528,0.10301952960000005
504,2.5941363170000002,2.4754408438,2.7128317901999996,0.2373909463999997
505,2.6175831824999998,2.5082664555,2.7268999094999997,0.2186334539999999
506,1.9286885899999993,1.6689463540000002,2.188430826,0.5194844719999996
507,2.71256114,2.641235596,2.7838866839999996,0.1426510879999996
509,2.7858858255000003,2.7438901556999995,2.8278814952999998,0.08399133960000027
511,2.572694083,2.4454217162000003,2.6999664498,0.2545447335999995
512,2.9477370919999997,2.9249922552,2.9704819288,0.04548967360000011
515,2.960902052,2.9258048312,2.9959992728000002,0.07019444160000043
516,2.4760955545000005,2.4423149327,2.5098761762999997,0.06756124359999971
518,3.438135768500001,3.0566416759000004,3.8196298610999997,0.7629881851999993
520,2.9390767835,2.8462394969,3.0319140700999996,0.18567457319999958
521,2.4783970575,2.4667954345000003,2.4899986805,0.023203245999999567
522,2.003206592,1.8056887552,2.2007244287999996,0.3950356735999996
524,2.16896477,2.108734062,2.229195478,0.12046141599999993
527,2.7986425210000005,2.7421699294,2.8551151126,0.11294518319999991
528,2.9030754205,2.7815895886999997,3.0245612523,0.2429716636000001
529,2.5854801065,2.5154149490999997,2.6555452638999997,0.14013031479999993
530,2.524711283999998,2.4303385976,2.6190839704,0.18874537280000014
533,2.8463004709999997,2.8284706593999998,2.8641302825999997,0.035659623199999935
537,3.0227932460000004,2.9538765444,3.0917099476,0.13783340320000015
538,3.0427112085,3.0421056919,3.0433167251,0.0012110332000001556
540,2.7051501025,2.6308601435,2.7794400615,0.1485799179999998
541,2.0996966895,1.8242368137,2.3751565653,0.5509197516000002
543,2.7342633060000003,2.4143310284,3.0541955836,0.6398645552
545,2.9076740909999996,2.9009544545999995,2.9143937273999994,0.013439272799999902
546,2.8006286324999996,2.7645300855,2.8367271795,0.07219709399999985
547,2.7012920505,2.5734508707,2.8291332303,0.2556823596000002
550,2.7923454425000003,2.7266948194999996,2.8579960655,0.13130124600000048
551,3.0324604995,3.0192642997,3.0456566993000003,0.02639239960000017
552,2.7925404665000007,2.7446590531,2.8404218799,0.09576282680000014
553,2.4226568884999997,2.2885965330999998,2.5567172439,0.26812071080000033
554,3.0489809555000007,3.0082285377,3.0897333733,0.0815048356000001
555,2.880882071,2.8206464994,2.9411176425999996,0.12047114319999963
558,2.9979536519999987,2.8559763128,3.1399309912,0.28395467839999977
559,2.216605779,2.0191114674,2.4141000906,0.3949886231999997
560,2.9013732985,2.7498346179,3.0529119791,0.3030773612000002
561,2.1698412835000003,1.9892103701000001,2.3504721969,0.3612618268000001
562,2.1094363564999994,2.0504946139,2.1683780991,0.1178834851999997
563,2.4307152375,2.3472799425,2.5141505325000004,0.16687059000000026
564,2.4805140685000002,2.3353152411,2.6257128959,0.2903976548
566,2.2994128244999996,2.2106148947000004,2.3882107543,0.1775958595999998
567,2.8024867354999996,2.6545130297000004,2.9504604412999997,0.2959474115999994
568,3.081818492,2.7670550888,3.3965818951999993,0.6295268063999995
570,2.3965574634999998,2.3508764781,2.4422384489,0.09136197079999997
571,3.430858578000001,3.1646264092000003,3.6970907468000003,0.5324643376
572,2.4588102299999997,2.414492938,2.503127522,0.08863458400000024
573,2.750373271,2.7049265794000004,2.7958199626,0.09089338319999962
574,2.719007773,2.6502608822,2.7877546638,0.13749378159999992
575,2.8354329344999982,2.8132561083,2.8576097606999995,0.044353652399999444
576,2.0470302405,1.8981877443,2.1958727367,0.29768499240000024
578,3.440145918999999,3.2173222866000004,3.6629695514000002,0.44564726479999983
579,2.6175751075,2.5082551505,2.7268950644999994,0.21863991399999927
581,2.7305585580000002,2.6664319811999997,2.7946851347999995,0.12825315359999978
584,2.78867554,2.747795756,2.8295553239999998,0.08175956799999984
585,2.6252610835,2.5190155168999997,2.7315066501,0.21249113320000035
586,2.7168351399999997,2.647219196,2.786451084,0.13923188799999986
587,2.8746042609999995,2.7205571654000007,3.0286513566,0.3080941911999995
589,2.130933601499999,2.1151373609,2.1467298421,0.03159248120000013
592,2.243974477,2.1816102861999997,2.3063386678,0.12472838160000022
593,2.754662170499999,2.6542546387,2.8550697023,0.2008150635999999
595,3.199999748,2.9425156472000005,3.4574838488,0.5149682015999995
597,2.3641347620000004,2.2387980572,2.4894714668,0.25067340960000006
598,2.3250972529999996,2.2250255518,2.4251689541999997,0.20014340239999973
600,3.0817951145,3.0617191602999996,3.1018710687,0.04015190840000038
602,2.2457436129999997,2.1095785678000003,2.3819086582,0.27233009039999967
603,2.9882874629999994,2.7488136482,3.2277612777999996,0.4789476295999995
608,2.810934586,2.6249908203999994,2.9968783515999995,0.37188753120000007
609,2.619261348,2.5201776087999996,2.7183450872000003,0.1981674784000007
610,2.8449085355000006,2.6940715497000003,2.9957455213000004,0.3016739716000001
612,2.740762399,2.6807173586,2.8008074393999998,0.12009008079999983
613,2.9869396545,2.9485137927,3.0253655162999995,0.07685172359999948
614,2.8872851905,2.7639756667,3.0105947143,0.24661904759999986
615,2.8019530514999995,2.7663842721000003,2.8375218309,0.07113755879999983
616,2.7142330780000004,2.6435763092,2.7848898468,0.14131353759999987
617,2.350293491,2.1340608874,2.5665260946,0.4324652071999999
618,2.7315146305000004,2.6677704827000004,2.7952587783,0.12748829559999963
619,2.6828391565,2.5996248190999993,2.7660534938999994,0.16642867480000012
620,2.8470642109999997,2.7597590953999998,2.9343693266,0.1746102312000004
621,2.905948361,2.7067829054000003,3.1051138166,0.3983309111999995
622,2.6058384834999995,2.5377658769,2.6739110901,0.13614521319999984
623,2.2700495585000002,2.1957277350999997,2.3443713819000003,0.14864364680000053
624,2.5501260285000007,2.4380192171,2.6622328399,0.22421362280000023
625,3.002727342499999,2.9814470795,3.0240076054999996,0.04256052599999949
626,2.0454888464999996,2.0323727851,2.0586049079,0.026232122799999757
627,2.8673399550000016,2.8272911369999996,2.9073887729999996,0.08009763600000008
630,2.5488887875000006,2.3576592725,2.7401183025,0.38245903000000014
631,2.5072297645,2.3513446587,2.6631148703,0.31177021159999985
632,2.4488588535,2.3915893121,2.5061283949,0.11453908280000036
633,2.2976575535,2.1644601321,2.4308549749,0.26639484280000003
634,2.4273031555000006,2.3482838933,2.5063224177,0.15803852439999977
635,2.6386956144999996,2.4858158603000002,2.7915753687000002,0.3057595084
640,2.6520494145,2.5565191803,2.7475796486999995,0.19106046839999946
641,2.907258535,2.9007051209999997,2.913811949,0.013106828000000181
642,2.6140504585000004,2.5033206419,2.7247802751,0.22145963320000028
643,2.8175709395,2.7882493152999994,2.8468925636999995,0.058643248400000125
646,2.8385989095,2.8176884732999996,2.8595093456999994,0.041820872399999764
647,2.7446210790000003,2.6861195106,2.8031226474,0.11700313679999974
648,2.5344107995,2.3918251193,2.6769964797,0.28517136040000013
650,2.6768162465,2.5911927451,2.7624397479,0.17124700279999994
651,2.2067929259999994,2.1751089556,2.2384768964,0.06336794080000008
653,2.8762469005,2.8417408607000003,2.9107529403,0.06901207959999978
654,2.3802551724999996,2.2123903035,2.5481200415000003,0.3357297380000004
655,2.343256303,2.2028429818,2.4836696242,0.2808266424000001
658,3.0314199614999997,2.9409635461,3.1218763768999995,0.18091283079999965
659,2.6098514329999998,2.5427736598,2.6769292062,0.13415554640000016
660,1.9332273085,1.8837543851,1.9827002319000002,0.09894584680000018
663,2.142835487999999,2.0050008928,2.2806700832,0.27566919039999993
664,2.3980570140000004,2.2663070083999997,2.5298070196,0.26350001120000055
667,2.8695176730000003,2.7348959421999997,3.0041394038,0.26924346160000034
668,2.8521206795,2.7480608077,2.9561805513,0.20811974360000018
669,2.0926399454999998,1.9554167673,2.2298631237,0.2744463563999999
670,3.008233454,2.8831956356,3.1332712724,0.2500756368000001
672,1.9766586700000002,1.9305141380000002,2.022803202,0.09228906399999981
673,2.9902947324999998,2.9135218255,3.0670676395000003,0.1535458140000001
675,2.801604999,2.7658969986,2.8373129994,0.07141600079999977
676,2.644743849,2.5462913886,2.7431963093999996,0.19690492079999977
677,2.8362873625000002,2.7624443075,2.9101304175,0.14768610999999998
678,2.8531866855,2.8381113597,2.8682620112999997,0.030150651599999634
679,2.8604870224999996,2.8483318314999995,2.8726422134999994,0.024310381999999908
680,1.9345106434999981,1.7564383861,2.1125829009,0.3561445148000002
681,2.882959534499999,2.8797933482999998,2.8861257207,0.006332372400000175
682,2.7744580185,2.7278912258999997,2.8210248111,0.09313358520000037
683,2.8278195209999994,2.8025973293999997,2.8530417125999996,0.05044438319999989
685,2.8360064695,2.8140590572999997,2.8579538817000003,0.04389482440000059
686,2.704705126,2.6302371763999997,2.7791730755999997,0.14893589920000005
688,2.2853277695000003,2.2140302617,2.3566252773,0.14259501559999999
689,2.4153354985,2.3889740991000004,2.4416968979,0.05272279879999964
690,2.5087790145,2.3236182086999997,2.6939398203000002,0.37032161160000054
691,3.1433252995000003,2.9647578193000004,3.3218927797,0.3571349603999998
692,2.9058940490000005,2.8867668686,2.9250212294,0.03825436079999989
693,2.5832507700000007,2.445593262,2.720908278,0.27531501599999997
694,2.2515572275,2.2101627365,2.2929517185,0.08278898199999984
695,2.2306707450000003,2.065270047,2.396071443,0.330801396
696,3.0128891395,2.9774943953000004,3.0482838837000004,0.07078948839999999
698,1.9785352644999998,1.8212003587,2.1358701703000005,0.3146698116000004
700,2.2060145614999995,2.0734751369,2.3385539861,0.2650788492
701,2.9447624204999996,2.7670045887000003,3.1225202523,0.35551566359999986
702,2.3375477855000013,2.2317678713,2.4433276996999997,0.21155982839999954
703,2.8854201735,2.6952146429,3.0756257040999997,0.3804110611999998
704,2.7574157135000004,2.6773639989,2.8374674281,0.16010342919999987
706,2.681585736,2.5978700304,2.7653014415999997,0.1674314111999995
707,2.6906239189999996,2.5604158866,2.8208319514000006,0.2604160648000007
708,2.8424360420000006,2.8032672588,2.8816048251999997,0.07833756639999967
709,2.8968666580000004,2.8423771948,2.9513561212000003,0.10897892640000029
710,2.1304482284999997,1.8740009371000002,2.3868955199,0.5128945827999998
711,2.1366200245000004,2.0437012147,2.2295388343,0.1858376196
712,3.2451821485000014,3.0824198079,3.4079444891,0.3255246812000001
713,2.8910791695,2.7947676373,2.9873907017,0.19262306439999977
714,2.9462703660000003,2.9241122195999996,2.9684285124,0.04431629280000049
715,2.72067435,2.65259409,2.78875461,0.13616051999999979
716,2.8914677115,2.8912306268999997,2.8917047961000004,0.00047416920000076246
717,2.7916328779999997,2.6685300292,2.9147357268,0.24620569760000022
718,2.8188145275,2.7899903385,2.8476387165,0.05764837800000011
720,2.7880178074999997,2.7468749305,2.8291606845,0.08228575399999993
721,2.6377250725,2.5364651014999997,2.7389850435,0.20251994200000034
722,2.663919016,2.3992550223999998,2.9285830096,0.5293279872000003
723,2.9276900749999997,2.912964045,2.942416105,0.029452060000000113
725,2.6478763594999997,2.5506769033,2.7450758156999995,0.19439891239999962
727,2.8878608635,2.8866552089000006,2.8890665181,0.002411309199999323
728,2.9103168184999997,2.9025400910999997,2.9180935459,0.015553454800000477
729,2.7720250455000017,2.7251626637000004,2.8188874273,0.0937247635999996
730,2.7457074529999996,2.7403260341999998,2.7510888718,0.010762837600000186
731,2.9230150429999995,2.7678614602,3.0781686258,0.31030716560000027
732,3.3914869315,3.1936361041,3.5893377588999997,0.39570165479999986
733,2.1259028235000006,1.9662268940999998,2.2855787529,0.31935185879999994
734,2.5686750389999995,2.4734746546,2.6638754234,0.1904007688
735,2.7024201459999997,2.6487558043999995,2.7560844876,0.10732868320000044
736,2.1142257835,1.9483562701,2.2800952969,0.3317390268
738,2.9765482724999996,2.9360851815,3.0170113635,0.08092618199999979
739,2.458219198,2.4164468772000003,2.4999915188,0.08354464159999964
740,2.8787053775000007,2.8738375285,2.8835732265000003,0.00973569800000007
741,2.7399141670000007,2.6795298337999998,2.8002985002,0.12076866640000006
744,2.8606096890000003,2.7660003646,2.9552190134,0.18921864879999983
745,2.9561978439999996,2.7991893816,3.1132063064,0.31401692479999976
746,2.794769874,2.7563278235999995,2.8332119244,0.07688410080000052
748,2.7115386375,2.6398040925,2.7832731824999994,0.14346908999999952
749,2.0883217819999995,1.7647262692,2.4119172948,0.6471910255999997
750,3.0473175345,2.9360129483,3.1586221207,0.2226091723999999
752,2.7023038359999996,2.6268753704,2.7777323015999995,0.15085693119999943
753,2.781920096500001,2.5663569351,2.9974832579000004,0.4311263228000004
754,2.5978077470000005,2.4805808458,2.7150346481999996,0.23445380239999958
755,2.7825378979999997,2.7392030571999997,2.8258727388,0.0866696816000001
757,2.7426047605,2.6832966647000003,2.8019128563,0.1186161915999997
758,2.2903026559999997,2.1138763936,2.4667289184,0.35285252479999984
759,2.3113236505,2.0887577903,2.5338895107,0.44513172040000004
761,3.0786391189999995,3.0386911665999996,3.1185870714,0.0798959048000003
762,2.5384827805000003,2.4177244683,2.6592410927000003,0.24151662440000043
764,2.4319632964999993,2.2891939779,2.5747326151,0.2855386371999997
766,3.0686151365,2.9665783911,3.1706518819,0.20407349079999992
768,3.1035022785,2.9987739898999997,3.2082305671,0.20945657720000055
770,2.4494692465,2.3366779479,2.5622605451000005,0.2255825972000003
773,2.1041322175000006,1.8268133305000003,2.3814511045,0.5546377739999997
774,2.8426140565,2.7919964791000003,2.8932316338999997,0.10123515479999945
775,2.6581448964999996,2.5650528551000003,2.7512369378999995,0.1861840827999992
776,2.3142321485,2.1905224891,2.4379418079,0.2474193188
777,3.6022628585,3.3843300018999996,3.8201957151,0.43586571320000056
778,2.289257964,2.1572083784,2.4213075496000003,0.26409917120000026
779,2.9220117949999995,2.9075718769999996,2.9364517130000003,0.028879836000000658
780,2.559252289,2.4786960045999997,2.6398085734,0.16111256880000013
782,2.7127861755,2.6792433053,2.7463290457,0.06708574040000004
783,2.6220272154999993,2.5144881017,2.7295663292999994,0.2150782275999994
784,2.9240843699999997,2.910800622,2.937368118,0.02656749600000019
785,2.5969510234999986,2.4486610329,2.7452410141000003,0.2965799812000003
786,2.7779345055,2.7327583076999997,2.8231107033000002,0.09035239560000052
787,2.8501406675,2.8338469345,2.8664344004999998,0.03258746599999984
788,2.868733045,2.7764702629999998,2.9609958270000005,0.18452556400000075
789,2.7708044200000006,2.722776188,2.8188326519999998,0.09605646399999967
790,2.8655033915,2.7256411481,3.0053656349,0.27972448680000017
793,2.28707868,2.140024008,2.434133352,0.2941093439999998
794,2.6088017975000013,2.5639982785,2.6536053164999998,0.08960703799999958
797,2.5447132270000004,2.5082871362,2.5811393178,0.07285218160000007
802,3.2460657034999993,2.9531595849000003,3.5389718220999997,0.5858122371999994
803,2.123713195,1.9427383169999999,2.304688073,0.361949756
804,2.8666261235,2.7299685729000003,3.0032836741,0.2733151011999997
808,2.1770099275000003,2.0180987565,2.3359210985,0.3178223419999999
810,2.3689438875000004,2.1474011324999998,2.5904866425,0.4430855100000004
812,2.706138289,2.6328848046,2.7793917734,0.1465069687999998
813,2.69051719,2.610374066,2.7706603139999997,0.1602862479999998
814,1.8555440874999998,1.7700072525000001,1.9410809225,0.17107366999999996
816,2.127536014,1.8976224084,2.3574496195999997,0.4598272111999997
817,2.7681310724999997,2.7197111015,2.8165510435,0.0968399419999999
818,2.9001241899999997,2.8964245139999996,2.903823866,0.007399352000000636
819,2.8091527035,2.7764637849,2.8418416220999996,0.06537783719999979
821,1.9993692360000002,1.8859139416,2.1128245304,0.22691058880000026
822,2.747363658,2.6899591211999994,2.8047681947999994,0.11480907360000003
824,2.5183095465000003,2.4276973279000003,2.6089217651000003,0.18122443720000003
826,2.2139415314999993,1.9264725189,2.5014105440999996,0.5749380251999996
828,2.9556452344999986,2.8636389282999994,3.0476515407,0.18401261240000055
829,2.389581770500001,2.2759678623000004,2.5031956787,0.22722781639999967
830,2.0403783175000005,1.9006921905,2.1800644445,0.2793722540000001
831,2.1943978785,2.1425975271,2.2461982299,0.10360070280000011
832,2.3856102105,2.1779761263,2.5932442947,0.4152681683999999
833,3.012221662,2.9164175267999997,3.1080257972,0.19160827040000017
837,3.2452602345,3.0298435283000003,3.4606769407,0.4308334123999997
838,2.39746316,2.2581230960000003,2.5368032240000002,0.27868012799999997
839,3.5169960030000005,3.1220728042,3.9119192018,0.7898463975999999
840,2.2783189685,2.0781285810999996,2.4785093559,0.40038077480000034
842,3.6178128539999985,3.3226919956,3.9129337124,0.5902417168
843,2.4699611084999997,2.3182746651,2.6216475518999998,0.30337288679999963
844,3.2432025619999996,3.0225503868,3.4638547372,0.44130435040000027
845,3.4637459475,3.1449719265,3.7825199684999995,0.6375480419999997
846,2.661021238,2.4667089332,2.8553335428000004,0.38862460960000034
848,2.8605641835000006,2.8372233101,2.8839050568999998,0.04668174679999959
850,2.879945448,2.7471544272,3.0127364688,0.2655820416000001
851,2.9858608759999994,2.9159960264,3.0557257256,0.13972969919999967
853,2.6135820155000005,2.6106788093,2.6164852216999996,0.005806412399999683
854,2.7456949915000006,2.6816173949,2.8097725881000004,0.12815519320000046
856,2.8207465590000003,2.6932983826,2.9481947354,0.2548963527999999
857,2.2008454499999996,2.08194167,2.3197492299999998,0.2378075599999998
858,2.6955171310000003,2.5566083834,2.8344258786,0.2778174951999999
859,3.5235197850000004,3.1906816990000006,3.856357871,0.6656761719999995
861,2.4688694614999998,2.3714680769,2.5662708461,0.19480276920000028
862,2.7072716255000002,2.6646530757,2.7498901752999996,0.08523709959999959
863,3.0095756315,2.9546850841,3.0644661788999996,0.10978109479999976
868,3.6204055475,3.3263217665,3.9144893285,0.5881675620000002
869,3.088765452500001,3.0700692334999995,3.1074616715000003,0.037392438000000805
870,3.375486789,2.9834355046,3.7675380734000004,0.7841025688000003
872,3.5026670825,3.1614879155,3.8438462495,0.6823583339999999
873,2.8823290954999994,2.7592039337,3.0054542573,0.2462503236
874,3.5551726794999996,3.2349957512999996,3.8753496077,0.6403538564000004
875,2.8988921415,2.8320485981,2.9657356849000003,0.1336870868000002
876,2.3816580669999996,2.2826288401999997,2.4806872938,0.1980584536000003
877,3.5905994624999997,3.2845932475,3.8966056775,0.61201243
878,3.5137497625000003,3.1770036675,3.8504958575,0.6734921899999997
880,3.4578706005000006,3.0987728406999997,3.8169683602999998,0.7181955196
882,3.6380825705000004,3.3510695987,3.9250955423000007,0.5740259436000006
883,3.547003784999999,3.2235592989999997,3.8704482710000003,0.6468889720000006
885,2.9649632300000004,2.8967461219999997,3.033180338,0.1364342160000005
886,2.49641762,2.418312172,2.5745230679999995,0.1562108959999997
887,2.518596881999999,2.5155045292,2.5216892347999997,0.006184705599999951
888,2.3127857805,2.2126590683000003,2.4129124927,0.2002534243999996
889,3.346112689999999,2.9423117660000004,3.749913614,0.8076018479999996
891,2.7285366805000004,2.6048313526999998,2.8522420082999997,0.24741065559999997
892,3.0284479875,2.9811063825,3.0757895925,0.0946832099999999
893,2.407732763499999,2.2911852581,2.5242802688999997,0.2330950107999996
894,2.331927516,2.2306405096,2.4332145223999997,0.20257401279999954
896,3.064250804,3.0623591255999996,3.0661424824,0.0037833568000005258
897,2.315834483,2.1996386762,2.4320302898,0.23239161359999994
898,2.9580092915,2.8123522081,3.1036663749,0.2913141667999999
899,2.7244572665,2.6209929731,2.8279215598999996,0.2069285867999997
901,3.428097098,3.0390763371999996,3.8171178587999997,0.7780415216000001
902,2.3287425309999996,2.2232331186,2.4342519434,0.2110188248
903,2.6365698849999997,2.5919987310000003,2.681141039,0.08914230799999956
904,3.0893578529999997,2.8954681942000002,3.2832475118000004,0.3877793176000002
905,3.4498699995000006,3.1131591993,3.7865807997000003,0.6734216004000002
906,3.259083926,3.0112110964000003,3.5069567556000005,0.49574565920000024
908,3.0423333584999996,2.9744995019,3.1101672151,0.13566771320000015
910,3.5770520375000006,3.2656268525,3.8884772225,0.6228503700000001
912,2.8268047579999998,2.7092718612,2.9443376548000004,0.23506579360000046
913,3.4110307149999994,3.0331970009999996,3.788864429,0.7556674280000006
914,2.9184056630000006,2.7833683282000004,3.0534429978000004,0.27007466960000004
915,2.9641082375,2.8476483325000004,3.0805681425,0.23291980999999984
916,3.484631834499999,3.1362385683,3.8330251007000005,0.6967865324000004
917,2.644357601,2.4943933606,2.7943218414,0.2999284807999998
918,3.0271403245,2.9619396543,3.0923409947,0.13040134039999973
920,3.315696649000001,2.8997293086,3.7316639894000003,0.8319346808000003
921,3.4190249995,3.0443889993000006,3.7936609997000006,0.7492720004
922,3.5342185329999998,3.2056599462000004,3.8627771198000005,0.6571171736000001
923,3.5766142540000008,3.2650139555999997,3.8882145524000005,0.6232005968000007
924,3.5389517974999998,3.2122865165000003,3.8656170785,0.6533305619999998
925,3.645009796000001,3.3607677144,3.9292518776000005,0.5684841632000004
927,3.3871186365,3.0864076910999994,3.6878295819,0.6014218908000006
928,2.5970179809999996,2.5086539886000003,2.6853819734,0.17672798479999985
929,3.3924025979999994,3.2018728372,3.5829323588,0.3810595216000001
930,2.8632024990000002,2.7677762986,2.9586286994,0.19085240080000032
931,3.5113646440000004,3.2141493016000005,3.8085799864,0.5944306847999994
932,2.805001617,2.6682814638,2.9417217702,0.27344030639999994
936,2.5155473809999997,2.3789031334,2.6521916286,0.27328849519999965
937,2.7659751585,2.7408148219000004,2.7911354951,0.050320673199999444
938,2.4829877075000004,2.4509067905,2.5150686245000005,0.06416183400000053
939,2.5745001055000003,2.5665269477000003,2.5824732633000003,0.015946315599999927
940,2.3155414859999994,2.2691652803999998,2.3619176916,0.09275241120000022
941,3.15474738,3.0506503319999996,3.2588444279999997,0.20819409600000016
942,2.853196120999999,2.7997425693999998,2.9066496725999995,0.10690710319999974
944,2.2368945544999996,2.0552479327,2.4185411763,0.36329324360000026
946,2.8724606835,2.8023697569,2.9425516100999998,0.14018185319999965
947,2.4259507795,2.3647064677,2.4871950913000003,0.12248862360000023
949,2.8797455600000004,2.7714645840000003,2.988026536,0.21656195199999972
951,3.4628505660000006,3.1057447924000003,3.8199563396,0.7142115471999997
953,3.0128056184999994,2.9418710659,3.0837401710999996,0.14186910519999962
955,3.256144071499999,2.8163557001000004,3.6959324429000002,0.8795767427999999
956,2.426298197,2.3462217182,2.5063746758,0.16015295760000026
957,3.6167094239999997,3.3211471936,3.9122716544,0.5911244608000001
958,3.524954024,3.1926896336000006,3.8572184144000006,0.6645287808
961,2.1416990780000003,2.0332618468,2.2501363092,0.2168744624000003
962,2.9964997464999996,2.9190428451,3.0739566478999993,0.15491380279999944
963,3.443552542000001,3.0787275588,3.8083775252000005,0.7296499664000007
964,2.9065192159999995,2.7930701024,3.0199683296,0.22689822719999997
966,2.7458662889999994,2.6290928046,2.8626397733999998,0.2335469687999998
967,3.0709353440000005,2.7553298816,3.3865408063999998,0.6312109248
968,2.7858947985000007,2.7531975179,2.8185920791,0.0653945612000002
969,2.9634849039999995,2.9337588656,2.9932109423999997,0.05945207679999953
970,2.6577345175,2.5998195245,2.7156495105,0.11582998600000005
971,2.8396098980000004,2.6993970572,2.9798227388,0.2804256815999997
972,3.3689094355,3.0171792096999996,3.7206396613000003,0.7034604516000007
973,3.1210572170000006,2.9991881038000003,3.2429263302000004,0.2437382264000001
974,2.4553928524999997,2.3735623935000003,2.5372233115,0.1636609179999997
977,2.866132136,2.7636533904,2.9686108816,0.20495749120000006
979,2.9543651005,2.8222079407000003,3.0865222603,0.26431431959999996
980,3.645475715500001,3.3614200017,3.9295314293000003,0.5681114276000003
981,3.4539665110000004,3.0933071154000005,3.8146259066000003,0.7213187911999999
982,3.4165969439999997,3.0409897216000004,3.7922041664000004,0.7512144448
986,3.4872737859999994,3.1399373004,3.8346102716000003,0.6946729712000002
987,2.7620653334999994,2.6257250669000003,2.8984056001,0.2726805331999995
989,2.8072031975000002,2.7149644765,2.8994419185,0.18447744199999994
991,2.555731572,2.4412177431999997,2.6702454008000003,0.22902765760000054
993,3.4892108300000007,3.142649162,3.835772498,0.6931233359999998
994,3.4801218090000003,3.1299245326000005,3.8303190854,0.7003945527999997
995,3.3221107010000006,2.9087089814000002,3.7355124206000005,0.8268034392000003
997,3.5530837825000003,3.2320712955,3.8740962695000003,0.6420249740000004
998,2.7916428174999997,2.6626451445,2.9206404905,0.25799534599999996
999,3.5926702919999998,3.2874924088,3.8978481752000005,0.6103557664000006
1000,3.446572406,3.0829553683999995,3.8101894435999997,0.7272340752000002
1001,3.5470787980000003,3.2236643172000004,3.8704932788,0.6468289615999998
1002,3.5833735455000015,3.2744769637,3.8922701273,0.6177931636
1004,2.8631180275000006,2.8383832385,2.8878528165,0.04946957800000007
1006,2.4630375040000003,2.4161369024,2.5099381056,0.09380120319999996
1008,3.1505809360000003,3.0661065104,3.2350553616,0.16894885120000014
1010,3.3348262275,3.0436763185,3.6259761365,0.5822998179999996
1011,3.527052602,3.2316808428000003,3.8224243612000004,0.5907435184000001
1013,2.4352095735,2.3425617441,2.5278574029000005,0.18529565880000032
1014,3.486922108000001,3.1394449512,3.8343992648,0.6949543136000003
1016,2.4001083684999998,2.3738902211,2.4263265159,0.052436294800000116
1017,2.87795402,2.8313516279999997,2.924556412,0.0932047840000001
1018,2.9042578454999997,2.7899041837,3.0186115072999997,0.22870732359999968
1019,2.8557738,2.79610732,2.9154402800000003,0.11933296000000038
1020,2.866476681,2.7667337534,2.9662196086,0.19948585519999984
1021,2.6132939625,2.5374319475,2.6891559774999996,0.15172402999999957
1022,2.6901401540000003,2.6598154156000002,2.7204648924000003,0.0606494768000001
1023,2.577290095499999,2.4234593337000003,2.7311208573,0.30766152359999976
1024,3.386907431999999,3.0870544048,3.6867604592,0.5997060543999999
1025,2.3747825110000003,2.2861335066,2.4634315154,0.1772980087999998
1026,2.464993339,2.4194538746000003,2.5105328034,0.09107892879999957
1028,2.357399324,2.2704539944,2.4443446536,0.17389065920000002
1029,3.0500148745,2.9605788243,3.1394509246999998,0.17887210039999957
1030,2.906142078,2.7534781092000005,3.0588060468000005,0.3053279376
1031,2.5979813579999997,2.4965384148000003,2.6994243012000005,0.20288588640000027
1032,2.373706124,2.3096148744,2.4377973736,0.12818249920000024
1035,3.3760175025,2.9841785035,3.7678565015000003,0.7836779980000004
1036,2.8677347095,2.7779621933,2.9575072257,0.17954503240000008
1038,3.4292534675,3.0587088545,3.7997980805000005,0.7410892260000006
1041,3.4867704505000003,3.1392326307,3.8343082703000007,0.6950756396000006
1042,3.5108852025000004,3.1729932835,3.8487771215000004,0.6757838380000005
1046,2.5829644144999997,2.5264149803,2.6395138486999996,0.11309886839999983
1047,2.4099906790000003,2.3946160074,2.4253653506,0.030749343200000112
1048,3.3645921039999998,3.1152905456,3.6138936623999998,0.4986031167999996
1049,3.625356409500001,3.3332529733,3.9174598457000003,0.5842068724000002
1052,2.630716566,2.5884867396000004,2.6729463923999996,0.08445965279999923
1053,2.487130121,2.4672424726,2.5070177694000004,0.03977529680000025
1054,3.147806802,2.8360359228,3.4595776812000003,0.6235417584000005
1055,2.8568469039999997,2.6511480655999997,3.0625457424,0.4113976768000005
1056,2.6529518265000003,2.6273157571000003,2.6785878959000002,0.05127213879999992
1057,2.6373515805,2.6145241483,2.6601790127000005,0.04565486440000033
1058,2.958797807,2.9255050842,2.9920905298000005,0.06658544560000035
1059,2.5780989634999982,2.4789297781,2.6772681489,0.19833837080000016
1060,2.4934484775,2.4704934865,2.5164034685,0.04590998199999996
1061,2.4173379015,2.1855370621,2.6491387409000002,0.46360167880000036
1062,2.9863973815,2.8887435341,3.0840512289000004,0.19530769480000032
1063,2.8573054195000003,2.7220347873,2.9925760517000004,0.27054126440000026
1065,3.589973013,3.2837162182,3.8962298078,0.6125135896000002
1066,3.5634581255000004,3.2465953757,3.8803208753000002,0.6337254996000001
1067,3.5887238339999996,3.2819673676,3.8954803004,0.6135129328
1068,3.5164832499999994,3.18083055,3.85213595,0.6713054
1069,2.2643219980000002,2.0616975988000004,2.4669463972,0.4052487983999997
1070,2.9376338209999995,2.8366305494,3.0386370925999997,0.20200654319999956
1071,2.8337029005,2.7084632607000003,2.9589425403000003,0.25047927959999994
1072,2.797484173,2.6622754422000003,2.9326929038000005,0.27041746160000013
1073,3.3188078014999998,2.9040849221,3.7335306809000004,0.8294457588000004
1075,3.3280559219999994,2.9170322908000004,3.7390795532000003,0.8220472623999999
1077,2.6165141465,2.5699130050999996,2.6631152879,0.09320228280000054
1078,2.883433186499999,2.7607496610999998,3.0061167119,0.2453670508000001
1079,3.7295145549999997,3.479074377,3.979954733,0.5008803560000001
1080,3.4016940985000006,3.0201257379000004,3.7832624591,0.7631367211999995
1082,3.5484452615000004,3.2255773661,3.8713131569,0.6457357907999999
1083,3.4940732654999995,3.1494565717,3.8386899593000003,0.6892333876000003
1085,2.241394574,2.2002052036,2.2825839444,0.08237874079999985
1087,3.0457857065000007,2.9492563891,3.1423150239,0.1930586348000003
1089,2.3934285994999995,2.1842995597,2.6025576393,0.41825807960000017
1092,2.5966658775000004,2.4772819265,2.7160498285,0.2387679020000002
1093,2.749429554500001,2.7086777762999996,2.7901813327,0.0815035564000004
1096,2.8992437145000003,2.7978400003000004,3.0006474287000002,0.20280742839999988
1097,3.1626798295,3.0555421613,3.2698174977,0.21427533640000007
1098,3.3123112640000008,2.8344369696,3.7901855584,0.9557485888000001
1099,3.562439133500001,3.2498527868999996,3.8750254801,0.6251726932000006
1100,2.7347230840000005,2.7295671176,2.7398790504,0.01031193280000009
1101,2.6768894124999996,2.6334643775,2.7203144475,0.08685006999999967
1102,3.4096791874999997,3.0503204625,3.7690379125,0.7187174499999998
1104,2.829140665,2.7675313310000003,2.890749999,0.12321866799999981
1105,3.6476593085,3.3644770319000004,3.9308415851,0.5663645531999997
1106,3.4077473419999995,3.0286002788000004,3.7868944052,0.7582941263999996
1107,3.4735868059999997,3.1207755284000003,3.8263980836,0.7056225551999997
1109,2.3524061040000004,2.2928796624,2.4119325456,0.11905288320000018
1110,3.4135476875000017,3.0367207625000003,3.7903746125000004,0.7536538500000001
1111,2.1729019565000005,2.0791023739,2.2667015391,0.18759916519999997
1112,2.9649104509999997,2.8762770314,3.0535438706000004,0.17726683920000053
1115,3.476319787500001,3.1246017025,3.8280378725000004,0.7034361700000002
1120,2.5185987955000004,2.3831751137,2.6540224773,0.2708473635999997
1121,3.0594919845000006,2.9702583783,3.1487255907000002,0.17846721240000019
1123,2.8426593744999997,2.7385567243000004,2.9467620247000004,0.20820530039999996
1124,2.9983417044999996,2.7146355862999996,3.2820478227,0.5674122364000005
1125,2.4352321315000003,2.3703772789,2.5000869841,0.12970970520000025
1126,2.5384749435,2.4291081661,2.6478417209,0.2187335548
1128,2.285500483,2.1585682898,2.4124326762,0.2538643864000001
1129,2.6697268474999998,2.4523131865,2.8871405085,0.43482732199999985
1131,2.5920389045,2.4968113426999996,2.6872664663,0.1904551236000005
1133,2.0461888905,1.9725097343,2.1198680467,0.1473583124000002
1135,3.0366483835,2.9940469369,3.0792498301,0.0852028932000004
1136,3.1179565705,2.9720803986999997,3.2638327423,0.29175234360000024
1137,2.7695054990000005,2.7086220986000002,2.8303888994,0.12176680079999969
1138,2.8539057805000003,2.7166784927000003,2.9911330683,0.27445457559999964
1139,2.9428801930000015,2.8176326702,3.0681277158,0.25049504560000013
1141,3.4850156720000003,3.1367759408,3.8332554032000004,0.6964794624000001
1143,3.410172792000001,3.0319959087999995,3.7883496752,0.7563537664000006
1144,2.6609883715000002,2.6043749201,2.7176018229,0.1132269027999997
1147,3.5940402094999997,3.2894102933,3.8986701257000003,0.6092598324000003
1148,2.84327683,2.704530762,2.9820228980000003,0.2774921360000002
1150,3.334249903,2.9257038642,3.7427959418,0.8170920775999999
1152,3.3524619494999994,2.9512007293,3.7537231697000006,0.8025224404000006
1153,2.9214559775000004,2.8206087685,3.0223031865000003,0.2016944180000002
1154,3.0675169110000002,2.8066540754,3.3283797466,0.5217256712
1155,3.0036262515,2.8245371521000004,3.1827153508999997,0.35817819879999924
1157,3.570022485500001,3.3118506796999996,3.8281942913,0.5163436116000004
1158,2.7064981925,2.5739774695,2.8390189154999996,0.2650414459999997
1160,3.4571288495,3.0977343893,3.8165233097,0.7187889204000002
1161,3.5940350135,3.2894030189,3.8986670081,0.6092639892
1163,2.1171213750000004,1.992468825,2.2417739250000004,0.2493051000000004
1164,3.51510503,3.185693842,3.844516218,0.6588223759999998
1165,3.4751922404999998,3.0795099367,3.8708745443,0.7913646075999998
1166,3.0573585655,2.9077959917,3.2069211393,0.29912514759999986
1167,2.5011395589999994,2.3821685354,2.6201105825999997,0.23794204719999978
1169,2.629530147000001,2.4839534058000003,2.7751068882000003,0.29115348239999994
1171,3.569156195,3.254572673,3.883739717,0.6291670439999999
1172,2.2620098875000005,2.1280487325,2.3959710425,0.2679223099999999
1173,3.0470116899999997,2.989759566,3.104263814,0.11450424799999981
1174,2.9987081,2.92213454,3.07528166,0.15314711999999986
1177,3.582781001500001,3.2736474021000004,3.8919146009000003,0.6182671987999999
1180,3.348241971,2.9452927594000005,3.7511911826000004,0.8058984231999999
1182,2.9483351864999996,2.8516124610999998,3.0450579119,0.19344545080000008
1185,2.7681976235,2.7326134729000002,2.8037817741,0.07116830119999973
1186,3.551397604500001,3.2297106463,3.8730845627000003,0.6433739164000003
1187,2.6951749785,2.6043353699,2.7860145871,0.18167921720000013
1188,2.8669115120000006,2.7827573168,2.9510657072,0.1683083904
1189,2.798845211,2.6641808954,2.9335095266,0.26932863120000006
1190,3.0004030680000007,2.9245074952,3.0762986408,0.1517911456000003
1191,3.6191409394999994,3.3245513153000004,3.9137305637,0.5891792483999998
1193,3.0515756885,2.9961491638999997,3.1070022130999995,0.11085304919999972
1195,2.6330417715,2.5331866629,2.7328968801,0.19971021720000026
1196,2.5857398255,2.4884853557000004,2.6829942953,0.1945089395999995
1197,3.361055222000001,3.0166205107999997,3.7054899332000004,0.6888694224000007
1201,3.4364778224999992,3.0688229515,3.8041326935,0.7353097420000001
1202,2.6666843444999997,2.6646010067,2.6687676823,0.004166675600000058
1203,2.8910592340000005,2.7992281276,2.9828903404,0.18366221279999984
1205,3.033385337,2.9446362718,3.1221344022,0.17749813040000006
1206,2.832371544499999,2.7502001623,2.9145429267,0.16434276439999973
1207,2.8978828014999993,2.8620420809000002,2.9337235220999998,0.07168144119999953
1208,2.5457520995,2.5157577392999997,2.5757464597,0.05998872040000025
1209,2.495874992,2.3799977952,2.6117521887999997,0.23175439359999972
1210,2.7305834919999996,2.6147304888000003,2.8464364952,0.2317060063999996
1212,2.730014442500001,2.7003710654999997,2.7596578194999997,0.05928675399999994
1213,2.921561053,2.7834302742,3.0596918317999995,0.2762615575999994
1214,2.5450778925,2.4751283355000004,2.6150274495000003,0.13989911399999988
1215,3.168785002,3.0469162028,3.2906538012,0.2437375984000001
1216,3.473984828,3.1213327591999995,3.8266368968,0.7053041376000007
1217,2.990278405500002,2.9103329677,3.0702238433000004,0.15989087560000037
1220,2.9705494654999995,2.9323688516999997,3.0087300793,0.07636122760000008
1221,3.4982502114999994,3.1553042961,3.8411961269,0.6858918307999997
1223,2.6162817115,2.4512050269000003,2.7813583961,0.3301533691999996
1224,3.5765864185,3.2649749858999995,3.8881978511,0.6232228652000007
1226,3.0526564424999982,3.0195166195,3.0857962655,0.06627964599999991
1228,2.636292328,2.4425544592,2.8300301968,0.3874757376
1230,3.433519793000001,3.0646817102,3.8023578758000003,0.7376761656000004
1233,2.768003767500001,2.5742612744999995,2.9617462605000004,0.3874849860000009
1234,3.2772646885,2.8934977638999997,3.6610316131,0.7675338492000003
1235,2.561916601,2.5605736414,2.5632595606,0.002685919200000164
1236,2.6256278620000004,2.6143951172,2.6368606067999996,0.02246548959999961
1237,3.4815930304999987,3.1349026427,3.8282834183,0.6933807755999997
1238,3.4335715370000006,3.0647541518000003,3.8023889222000005,0.7376347704000001
1239,2.8299656470000008,2.7423435057999996,2.9175877882000005,0.1752442824000009
1241,3.4061262745000005,3.1147163843,3.6975361647,0.5828197803999999
1243,2.924547055,2.7489574770000003,3.100136633,0.3511791559999997
1248,3.407573756000001,3.1330604584,3.6820870535999997,0.5490265951999995
1250,3.2905673595000002,3.0266883033,3.5544464156999998,0.5277581123999999
1251,2.2329810830000008,2.0661015162000003,2.3998606498000004,0.3337591336000001
1252,2.7991429685,2.6164005559,2.9818853810999997,0.3654848251999998
1253,3.451027050999999,3.0891918713999997,3.8128622306,0.7236703592000002
1254,3.503674569,3.1628983965999997,3.8444507414,0.6815523448000005
1255,3.4611609390000004,3.1033793146000006,3.8189425634000003,0.7155632487999997
1258,3.2301291675,2.7799348344999997,3.6803235005,0.9003886660000004
1260,3.5864379115,3.2787670761,3.8941087469,0.6153416708000004
1262,2.8609118795,2.7292198313,2.9926039276999994,0.2633840963999994
1263,2.8297642775000003,2.6856131884999996,2.9739153665,0.28830217800000035
1265,3.3896342140000004,3.0032418996000003,3.7760265284,0.7727846287999998
1268,2.457799538,2.2920417227999996,2.6235573532000003,0.33151563040000065
1269,2.6312021695,2.5981213017,2.6642830373000006,0.0661617356000006
1272,2.777659913,2.7453994782,2.8099203478,0.06452086959999992
1273,2.893341173,2.8510659038,2.9356164422,0.08455053840000026
1276,3.250977526499999,3.0383069370999998,3.4636481159,0.4253411788000001
1277,3.0307426509999993,2.9699013114,3.0915839905999998,0.12168267919999964
1278,2.711647036,2.6837238216,2.7395702504000004,0.055846428800000236
1279,2.6434838074999996,2.5886930845,2.6982745305000004,0.10958144600000042
1280,2.2203064214999997,2.1905294529,2.2500833901,0.05955393720000002
1283,2.6071605215,2.4957851129,2.7185359301,0.22275081719999967
1284,2.793406141,2.7475340846000007,2.8392781974,0.09174411279999939
1285,2.5880569615,2.5647053461,2.6114085768999997,0.04670323079999994
1286,2.6257761505,2.5981250107,2.6534272903,0.05530227959999978
1287,2.542959181,2.4622603086,2.6236580534000002,0.16139774480000035
1288,3.4048102155,3.1133147017,3.6963057293,0.5829910276000003
1289,2.5752864104999995,2.5255397747,2.6250330463,0.0994932716000001
1291,3.124022328,2.8534812592000005,3.3945633967999997,0.5410821375999992
1292,2.6766447975,2.6280504785,2.7252391165,0.097188638
1293,2.4141886385,2.3693468939,2.4590303831,0.08968348920000002
1295,3.0880193140000003,2.5809810396,3.5950575884,1.0140765487999999
1296,2.6653484785,2.4727670699,2.8579298871000005,0.38516281720000034
1297,3.585279199000001,3.2771448786,3.8934135194000006,0.6162686408000004
1302,3.4593371994999993,3.1008260793,3.8178483197000004,0.7170222404000004
1304,3.3356443929999995,2.9276561502000003,3.7436326358,0.8159764855999998
1305,3.5095858905000004,3.1711742466999997,3.8479975343,0.6768232876000004
1307,3.578293609000001,3.2673650526,3.8892221654,0.6218571127999999
1309,2.648097064,2.5922746896,2.7039194384000003,0.1116447488000003
1310,3.6018348815000003,3.3003228340999997,3.9033469289000005,0.6030240948000007
1311,2.970913054,2.9110234756,3.0308026324000004,0.1197791568000004
1312,3.4064262890000006,3.0267508046000002,3.7861017734,0.7593509687999997
1313,2.4836082454999997,2.2577395437,2.7094769473,0.45173740360000014
1314,3.5017292085,3.1601748919,3.8432835251,0.6831086331999998
1316,3.6278196035000008,3.3367014448999996,3.9189377621,0.5822363172000005
1319,3.0570354314999997,2.9777464041000004,3.1363244589,0.15857805479999953
1320,3.2060599824999994,2.9578679754999997,3.4542519895,0.4963840140000002
1321,3.2025976480000002,2.9356847072,3.4695105888,0.5338258815999999
1322,3.4858206775000005,3.1379029485000003,3.8337384065,0.6958354579999999
1323,2.8695480945,2.7794937322999997,2.9596024567,0.18010872440000014
1324,2.7070201084999996,2.5537741519,2.8602660651,0.3064919131999999
1327,2.6244454580000003,2.5654932412,2.6833976747999997,0.11790443359999969
1328,2.533338881,2.4004053285999998,2.6662724333999996,0.26586710479999986
1329,2.4006997605,2.2527546563,2.5486448647000004,0.29589020840000035
1330,2.8675017684999995,2.6747712759,3.0602322611,0.38546098519999994
1331,2.7244321874999993,2.6635330625,2.7853313125,0.12179824999999989
1332,2.6164095955,2.5608026337000003,2.6720165573,0.11121392359999982
1333,2.415844978,2.2370349868,2.5946549692,0.35761998240000015
1335,2.6147307275,2.5569502185,2.6725112365,0.11556101800000018
1338,2.7524278845,2.7454262383000003,2.7594295307,0.014003292399999534
1340,3.5766216914999998,3.2650243681,3.8882190149,0.6231946468
1341,3.5579480299999986,3.2388812419999997,3.877014818,0.6381335760000004
1343,3.7204730489999993,3.4664162686,3.9745298294,0.5081135608
1344,3.519583213,3.1851704982,3.8539959278,0.6688254296
1346,2.8862498215000003,2.7559825501,3.0165170929,0.2605345427999999
1348,3.5604147205,3.2423346087,3.8784948323000004,0.6361602236000006
1349,3.629650926499999,3.3392652971000003,3.9200365559,0.5807712587999996
1351,3.631855939499999,3.3423523152999994,3.9213595637000003,0.5790072484000008
1352,2.3394095274999995,2.2283369165,2.4504821385,0.22214522199999998
1354,2.9153422820000006,2.8423091948000003,2.9883753692,0.14606617439999958
1355,2.9870256555,2.8721843177,3.1018669933000003,0.22968267560000033
1356,2.841122947000001,2.7079449258,2.9743009682,0.2663560424
1357,2.8746769185,2.7836768859,2.9656769511000003,0.18200006520000045
1360,2.6989495834999997,2.6575206169,2.7403785501000004,0.08285793320000057
1362,3.255851188,2.9742468632,3.5374555128,0.5632086495999999
1363,2.5520579879999996,2.5274559927999998,2.5766599832,0.04920399040000012
1365,2.294093624,2.2265997744,2.3615874736,0.1349876992000003
1366,2.975651181999998,2.8652668547999998,3.0860355092,0.22076865440000004
1367,2.407921874,2.3170751244,2.4987686235999997,0.18169349919999966
1369,2.4028221260000002,2.3080709764,2.4975732755999998,0.18950229919999995
1370,3.0393692805000008,2.8809861926999996,3.1977523683,0.31676617560000064
1371,2.948942467,2.8556766538,3.0422082802,0.18653162640000032
1372,2.7438591075,2.7056279505,2.7820902645000003,0.07646231400000048
1373,2.769851513500001,2.5605697189,2.9791333080999998,0.4185635891999997
1376,3.4708629045000015,3.1169620663,3.8247637427,0.7078016763999999
1377,2.9856024469999993,2.8992982258,3.0719066682,0.17260844240000006
1381,2.6859626734999997,2.5061453429,2.8657800041000003,0.3596346612000003
1383,3.4833626664999997,3.1344617331,3.8322635999,0.6978018667999999
1384,2.834259076,2.6658595064000004,3.0026586455999995,0.33679913919999915
1385,3.3525313205000002,2.9512978487,3.7537647923,0.8024669436000003
1387,2.8976208045000003,2.7545659262999997,3.0406756827,0.28610975640000014
1388,2.2158286670000003,2.1935972002,2.2380601338,0.044462933599999754
1391,3.5539557030000006,3.2332919842,3.8746194218000003,0.6413274376000002
1393,2.4697125045000003,2.2850291027000003,2.6543959063,0.36936680359999974
1394,2.7578711645000005,2.7246316303,2.7911106987,0.06647906839999962
1395,3.040316021,2.9453324293999996,3.1352996126,0.18996718320000028
1397,2.259028164,2.1829966296000003,2.3350596984000003,0.15206306879999998
1398,3.0387171479999995,2.9796064072000004,3.0978278888,0.11822148159999957
1399,3.464831646999999,3.1085183057999997,3.8211449882,0.7126266824000003
1401,2.8369855725,2.7235250014999997,2.9504461435000002,0.22692114200000058
1402,2.3474207110000003,2.0957580266000004,2.5990833953999997,0.5033253687999992
1403,2.8894821960000026,2.6529362744,3.1260281176,0.4730918432000002
1404,3.0992989420000003,3.0108689188,3.1877289652000003,0.1768600464000003
1405,2.9071128670000004,2.8823456138,2.9318801202,0.04953450640000012
1406,3.4664549470000003,3.2067817258000004,3.7261281682,0.5193464423999994
1407,3.1984236170000004,2.9968790638,3.3999681701999998,0.40308910639999995
1408,2.3957927050000007,2.2573588229999997,2.534226587,0.27686776400000035
1411,3.1703913715000005,3.0062823201000004,3.3345004229,0.32821810279999974
1413,2.955017538,2.9324493532000004,2.9775857228000002,0.04513636959999978
1414,2.8520013455000006,2.8060786837,2.8979240073,0.09184532359999986
1415,2.8139052495,2.6634105493,2.9643999496999998,0.3009894003999998
1416,3.543209006000001,3.2182466084,3.8681714036,0.6499247952
1417,2.8385761355,2.8311433897000002,2.8460088813,0.014865491599999725
1418,2.943043367,2.8720059138,3.0140808202,0.14207490639999998
1419,2.9194717775,2.8390056884999995,2.9999378665,0.16093217800000037
1421,3.5559556800000007,3.2360919519999998,3.875819408,0.6397274560000001
1422,3.43115858,3.061376012,3.800941148,0.739565136
1425,2.9191527035,2.7996661848999995,3.0386392221,0.23897303720000052
1426,3.6526395480000002,3.2790573672,4.0262217287999995,0.7471643615999994
1428,3.00419088,2.8774212319999997,3.130960528,0.25353929600000047
1429,3.1262032115000005,2.9040756961,3.3483307269,0.44425503079999995
1430,3.3255164355000004,3.1033210097,3.5477118613,0.4443908515999997
1431,2.8981982895,2.8649944053,2.9314021737,0.06640776839999996
1432,2.449446780000002,2.274961892,2.623931668,0.3489697760000001
1433,2.1225479994999996,1.9499543997000002,2.2951415993,0.34518719959999977
1434,3.0097731325,2.8794399855,3.1401062794999994,0.2606662939999995
1435,2.760972928,2.7418237568,2.7801220992,0.038298342400000074
1436,3.5882879214999996,3.3613854900999995,3.8151903528999997,0.4538048628000002
1438,2.3231469694999998,2.2343509817,2.4119429572999995,0.1775919755999995
1439,3.335044818000001,3.0412159452000003,3.6288736908000003,0.5876577456000001
1440,2.896237819499999,2.7453777473,3.0470978917,0.30172014439999995
1441,2.8976588605,2.7391160047,3.0562017163000004,0.3170857116000003
1442,2.6777957774999996,2.5950314665,2.7605600885,0.16552862200000007
1444,2.6867063,2.56613642,2.80727618,0.24113976000000026
1446,2.6449690070000003,2.5992838097999997,2.6906542042,0.09137039440000017
1447,3.5167235574999998,3.1811669805000005,3.8522801345000004,0.6711131539999999
1449,3.572347361,3.2590403054,3.8856544166000004,0.6266141112000003
1450,3.40840696,3.0295237440000005,3.7872901760000004,0.7577664319999999
1451,3.4399679675,3.0737091545,3.8062267805,0.7325176259999999
1452,2.6782473835,2.6066831369,2.7498116301,0.14312849319999987
1454,3.472073573,3.1186570022,3.8254901438,0.7068331416000002
1456,2.9122329825,2.8010693755,3.0233965895,0.22232721399999988
1457,3.4175331269999996,3.0423003778,3.7927658762000003,0.7504654984000001
1458,3.5458976839999994,3.2220107575999997,3.8697846104,0.6477738528000003
1460,2.796600056,2.6565192784,2.9366808335999997,0.28016155519999986
1461,3.5565700135,3.2369520189000003,3.8761880081,0.6392359891999999
1462,2.447395631,2.3498733786000003,2.5449178834,0.1950445047999998
1463,2.6758690539999996,2.5314894756,2.8202486324000002,0.2887591568000003
1464,3.5121911980000005,3.2296700771999998,3.7947123188000003,0.5650422416000005
1465,3.0219158905,2.9619178467,3.0819139343,0.11999608760000013
1466,3.034703920499999,2.9464822886999995,3.1229255522999995,0.17644326359999996
1467,2.7509810289999996,2.5753166405999997,2.9266454174,0.3513287768000004
1470,2.5154248795,2.4430809276999996,2.5877688313,0.1446879036000004
1471,2.322385777,2.2924998662,2.3522716878,0.05977182160000005
1472,1.9813824140000018,1.9366126484,2.0261521796,0.08953953120000002
1473,3.4239284810000012,3.1690326734000003,3.6788242886,0.5097916151999997
1474,2.5774776165,2.5286854631,2.6262697699,0.09758430679999996
1475,3.4157144644999997,3.2565402503,3.5748886787,0.31834842839999977
1477,3.0518408185,2.9030699459,3.2006116910999998,0.29754174519999976
1478,2.7053387645000004,2.6397206703,2.7709568587,0.13123618839999995
1480,3.399725305999999,3.0173694284,3.7820811836000003,0.7647117552000005
1482,3.0397199050000006,2.979551067,3.0998887429999997,0.12033767599999967
1484,2.91274761,2.801789854,3.0237053659999997,0.22191551199999981
1486,2.7143120570000008,2.6745096798,2.7541144341999995,0.07960475439999959
1487,3.5809015189999998,3.2710161266,3.8907869114000007,0.6197707848000005
1488,3.4632256760000004,3.1062699464000003,3.8201814056,0.7139114591999998
1490,2.7921380564999994,2.7834660791,2.8008100339,0.01734395479999984
1493,2.8581413645,2.7253411103,2.9909416187,0.26560050839999993
1494,2.8903477875,2.7922845025,2.9884110725,0.1961265700000001
1495,2.5468988990000003,2.3877209394,2.7060768585999995,0.3183559191999996
1496,3.3830444524999996,2.9940162335,3.7720726715,0.7780564380000001
1497,3.4305706815,3.0605529541,3.8005884089,0.7400354548000001
1499,2.9203120435,2.8123800609,3.0282440261,0.21586396520000006
1500,3.4949857289999997,3.1507340206000003,3.8392374374,0.6885034167999997
1501,2.8213607264999996,2.7215862170999996,2.9211352359,0.19954901880000042
1502,3.5241021429999995,3.1914970002,3.8567072858,0.6652102856000002
1503,2.90253851,2.815299114,2.989777906,0.17447879199999994
1505,2.343121046,2.2915006276,2.3947414644,0.10324083679999996
1506,3.012806958500001,2.7558101419,3.2698037750999998,0.5139936331999997
1507,3.0602787995000003,3.0358851192999996,3.0846724797,0.048787360400000424
1508,3.2652995254999997,3.0488777357000005,3.4817213153,0.43284357959999964
1509,2.6515725695000003,2.6455919973,2.6575531417000002,0.01196114440000029
1511,2.6344152755,2.3766901857000002,2.8921403653000004,0.5154501796000002
1513,2.4163660149999995,2.375647621,2.4570844089999997,0.08143678799999954
1514,2.557869353,2.5433722942,2.5723664118,0.028994117599999925
1515,3.399631474,3.2224592636,3.5768036843999997,0.35434442079999995
1516,3.2356374054999995,3.0454671677,3.4258076432999998,0.38034047559999973
1524,3.4367514704999995,3.0692060587000003,3.8042968823,0.7350908235999998
1526,3.3935271960000004,3.0086920744000003,3.7783623176000005,0.7696702432000002
1529,3.469806183500001,3.1154826569,3.8241297101,0.7086470532
1532,3.3901319245000003,3.0039386943,3.7763251547000003,0.7723864604000004
1534,3.40992652,3.0316511279999996,3.788201912,0.7565507840000003
1536,2.6580340089999996,2.6002388126,2.7158292054000004,0.11559039280000061
1537,3.509444580500001,3.1709764127,3.8479127483,0.6769363356000002
1538,3.465772568,3.1098355952000003,3.8217095408,0.7118739455999998
1541,3.4145158375,3.0380761725000003,3.7909555025,0.7528793299999998
1543,2.434380583,2.4317992162,2.4369619498,0.005162733600000191
1544,3.4871697834999993,3.1330872968999994,3.8412522701,0.7081649732000006
1545,3.167549785999999,2.9237249004,3.4113746715999995,0.48764977119999964
1549,3.0447691375000003,3.0039559925000003,3.0855822825000003,0.08162628999999999
1551,2.7686578005,2.7182049207,2.8191106803,0.10090575960000026
1552,3.3826160059999992,3.1263808084,3.6388512036,0.5124703951999998
1554,2.7520455915000017,2.6620033549000004,2.8420878281,0.18008447319999954
1555,2.7620612285,2.7300001199,2.7941223371,0.0641222172
1556,2.6270541919999997,2.5055197152,2.7485886688,0.24306895359999992
1557,3.3239511145000016,2.9737595603,3.6741426687,0.7003831084000001
1558,2.7917978775,2.7480586285,2.8355371265,0.08747849799999985
1560,2.513582725,2.495835235,2.5313302149999997,0.03549497999999973
1562,2.8469775149999994,2.7976245209999995,2.896330509,0.09870598800000074
1563,3.5606627695,3.2426818773000003,3.8786436617000004,0.6359617844000001
1564,2.8362072494999997,2.7555701493,2.9168443497,0.16127420039999985
1566,2.3726043249999997,2.244061795,2.501146855,0.2570850600000001
1569,3.0531050165,2.9892834231,3.1169266099,0.1276431868000003
1570,3.608094857500002,3.3090868005,3.9071029145,0.598016114
1571,2.988905993,2.9362135902,3.0415983958000004,0.10538480560000041
1572,3.5868658410000007,3.2793661773999996,3.8943655046000005,0.614999327200001
1573,3.526237976000001,3.1944871664000005,3.8579887856000004,0.6635016191999998
1574,3.3034669705,2.8826077587,3.7243261823,0.8417184236000002
1575,3.5281060905,3.1971025267000006,3.8591096543000005,0.6620071275999999
1576,2.914514485,2.804263479,3.024765491,0.2205020120000003
1577,2.343061041000001,2.2959830246,2.3901390574,0.09415603279999996
1578,2.9258427960000004,2.8593135144,2.9923720776000007,0.13305856320000053
1580,2.6147070125000003,2.5177266175,2.7116874075,0.19396078999999977
1582,2.6521589895,2.5640441936999996,2.7402737853000003,0.17622959160000073
1583,2.9613297955,2.9480777136999996,2.9745818772999995,0.026504163599999853
1585,2.5517749405,2.4125009643,2.6910489167000002,0.2785479524000003
1586,2.857572473499999,2.8081182629,2.9070266841,0.09890842119999999
1588,3.2134949984999994,2.9836033979,3.4433865991,0.45978320120000005
1589,2.234836039,2.1979448234,2.2717272546,0.07378243120000016
1590,2.518858035499999,2.4559044212999996,2.5818116497,0.12590722840000046
1591,2.8961412565,2.8376561591000002,2.9546263539,0.11697019479999993
1592,2.6870891074999994,2.5564942645000004,2.8176839504999998,0.26118968599999937
1593,2.5472597615,2.4828692661,2.6116502569,0.12878099080000016
1594,2.4555264660000007,2.4396986523999997,2.4713542796000003,0.03165562720000059
1595,3.0403751400000005,2.841373996,3.239376284,0.3980022879999998
1597,2.5973854990000005,2.5222992986,2.6724716994000004,0.15017240080000027
1598,3.078491611,2.9547154554,3.2022677666000003,0.2475523112000002
1599,2.5102131740000013,2.4332775044000003,2.5871488436000005,0.15387133920000018
1601,2.753309253,2.7190199517999996,2.7875985542,0.06857860240000058
1604,2.1356673410000004,2.1303526774,2.1409820045999997,0.01062932719999976
1605,2.7454661495,2.7007894093000004,2.7901428897,0.08935348039999935
1606,2.8676689660000005,2.8631629524000006,2.8721749796,0.009012027199999384
1613,2.7847917100000004,2.6399875940000004,2.929595826,0.2896082319999995
1614,3.4729933699999993,3.1199447180000006,3.826042022,0.7060973039999996
1615,3.0552449205000007,3.0012860887,3.1092037523,0.10791766359999988
1617,3.454551402,3.0941259628,3.8149768412000005,0.7208508784000003
1619,3.4309331630000006,3.0610604282000002,3.8008058978,0.7397454695999999
1620,3.492013702000001,3.1465731828,3.8374542212,0.6908810383999997
1621,2.270271289500001,2.1826619737,2.3578806053,0.17521863159999995
1622,3.351284886999999,2.9495528418000005,3.7530169322,0.8034640903999994
1623,2.4675086605,2.3743843963,2.5606329246999997,0.18624852839999972
1624,2.7129160924999995,2.6753968555,2.7504353294999997,0.07503847399999986
1625,2.760917279,2.5872213906000003,2.9346131674000002,0.3473917767999999
1626,2.6077099905000005,2.4725607867000003,2.7428591943000002,0.2702984075999999
1627,3.6585502154999996,3.2992375017,4.0178629293000006,0.7186254276000006
1628,2.8406518145,2.7737109403,2.9075926887000003,0.13388174840000033
1630,2.6557409890000003,2.6493069934000006,2.6621749846,0.012867991199999373
1631,3.4531839169999996,3.0922114838,3.8141563502,0.7219448664000003
1632,2.1940189949999995,2.1189457970000003,2.269092193,0.1501463959999998
1633,2.7191389884999992,2.5037153839,2.9345625931,0.43084720919999997
1635,2.8045936765,2.7689690059000003,2.8402183471,0.0712493411999997
1636,2.4653432595000004,2.3978079557000003,2.5328785633,0.1350706075999999
1638,2.4949364265,2.4057406559000003,2.5841321971,0.1783915411999999
1639,2.8011953695,2.7945223173,2.8078684217,0.013346104400000058
1640,2.766615837,2.6680941717999995,2.8651375021999996,0.1970433304000001
1642,2.18579978,2.163638268,2.2079612920000002,0.0443230240000001
1643,2.939472732,2.7914690248,3.0874764391999996,0.29600741439999956
1644,3.508702952999999,3.1699381341999997,3.8474677718,0.6775296376000002
1645,3.5473740215000005,3.2240776301,3.8706704129,0.6465927828
1646,2.8153192314999993,2.6931921241,2.9374463389,0.2442542148000002
1651,2.098876926500001,1.9448761559000003,2.2528776971,0.3080015411999999
1652,3.404652005,3.024266807,3.7850372030000003,0.7607703960000003
1653,3.4923481219999997,3.1470413708000002,3.8376548732000004,0.6906135024000002
1655,2.5355814444999996,2.4087064223,2.6624564666999997,0.2537500443999998
1658,3.5250300390000007,3.1927960546000005,3.8572640234000004,0.6644679687999999
1659,3.4057617805,3.0258204927000003,3.7857030683000006,0.7598825756000003
1660,3.540302483,3.2141774762,3.8664274898000004,0.6522500136000002
1662,3.600472006,3.2984148084000005,3.9025292036000003,0.6041143951999999
1663,3.0277509755,2.9846489657,3.0708529853000006,0.08620401960000068
1664,3.3989043665000005,3.2036461131,3.5941626199,0.39051650680000005
1666,3.5794358395,3.2689641753000003,3.8899075037,0.6209433283999997
1669,3.1400995954999993,3.0130482337,3.2671509572999997,0.2541027235999995
1671,2.8193429209999996,2.7534320894,2.8852537525999997,0.13182166319999977
1672,2.7135853589999996,2.6845643026,2.7426064154,0.058042112799999934
1673,2.7738421279999996,2.6800213792,2.8676628768,0.18764149760000004
1674,2.7827360724999997,2.5283021015,3.0371700434999997,0.5088679419999997
1675,3.0050683515,2.8714796921,3.1386570109000003,0.2671773188000004
1676,3.0081148399999997,2.853192376,3.1630373039999995,0.3098449279999995
1678,3.5714583575000014,3.2577957004999996,3.8851210145000006,0.627325314000001
1679,3.552055945,3.230632323,3.8734795670000004,0.6428472440000004
1681,3.443151919000001,3.0781666866,3.8081371514,0.7299704648
1682,3.3149705160000007,2.8987127224,3.7312283096,0.8325155872000001
1684,3.4047364384999996,3.0243850139,3.7850878631000002,0.7607028492000003
1686,3.5493226410000007,3.2268056974,3.8718395846,0.6450338871999999
1687,2.989158874,2.9261016236,3.0522161244,0.12611450079999997
1689,2.7839642009999994,2.6563834814000002,2.9115449206,0.2551614391999997
1690,2.377217574,2.2468297444000003,2.5076054036,0.2607756591999997
1694,3.396767752,3.1970568528000003,3.5964786512,0.3994217983999997
1695,2.8085268864999997,2.7076480411,2.9094057319,0.20175769080000006
1698,2.9625320565,2.8364348790999996,3.0886292339,0.2521943548000003
1699,2.785439926,2.7525606964000002,2.8183191556,0.06575845919999956
1700,3.3940307550000006,3.0093970569999997,3.778664453,0.7692673960000005
1702,3.3603011415000004,2.9621755981,3.7584266849000003,0.7962510868000003
1703,3.5604964230000005,3.2424489922,3.8785438538,0.6360948616000002
1704,2.6156957045,2.6001066227000003,2.6312847863,0.03117816359999992
1707,2.5647952995,2.5254326193,2.6041579796999996,0.07872536039999956
1708,2.84009948,2.726904872,2.9532940880000003,0.22638921600000028
1709,2.8786541675,2.7236870345,3.0336213005,0.30993426599999996
1711,2.774296901,2.7262408614000004,2.8223529406,0.09611207919999964
1712,2.225324143,2.1187884858,2.3318598002,0.21307131440000004
1713,3.5719905374999996,3.2847207524999997,3.8592603225000004,0.5745395700000007
1714,2.7679595025,2.7506709035,2.7852481015,0.03457719800000003
1715,2.3747067895,2.2755432737000003,2.4738703053,0.19832703159999987
1717,3.5583927875,3.2395039025,3.8772816725,0.63777777
1719,3.5896505054999994,3.2832647077000003,3.8960363033,0.6127715955999995
1721,3.517597151000001,3.1823900114000003,3.8528042906,0.6704142791999996
1722,3.5886321835000006,3.2818390569,3.8954253101000003,0.6135862532000003
1725,3.3820829120000004,2.9926700768,3.7714957472000004,0.7788256704000003
1727,2.9327711930000007,2.8907596702,2.9747827158,0.08402304559999996
1728,3.2287894724999995,2.7780592615,3.6795196835,0.901460422
1729,3.4515408555000002,3.0899111977000002,3.8131705133000002,0.7232593156
1730,3.5435076109999994,3.2186646554000005,3.8683505666,0.6496859111999997
1731,3.458928043,3.1002532601999997,3.8176028258000003,0.7173495656000006
1733,3.076789131,3.0051051833999995,3.1484730786,0.14336789520000037
1734,2.8901287315,2.7919778241,2.9882796389,0.19630181479999997
1736,3.492269866,3.1469318124000005,3.8376079196,0.6906761071999994
1737,2.993359715,2.8886004009999997,3.0981190289999994,0.20951862799999965
1738,3.6374341845,3.3584130583,3.9164553107,0.5580422523999999
1739,3.048022277,2.9599631878,3.1360813662,0.17611817839999988
1740,2.9251949685,2.8344113559000004,3.0159785811,0.1815672251999998
1741,3.4032087465,3.1305378451,3.6758796479,0.5453418027999999
1742,2.9292972165,2.8746157030999995,2.9839787299,0.10936302680000054
1743,2.1774385290000002,2.0373695174,2.3175075406000003,0.28013802320000014
1745,3.0041903640000003,2.9037633096000004,3.1046174184,0.20085410879999976
1746,2.6699782279999997,2.6219695192,2.7179869368000005,0.0960174176000006
1747,3.5936069395,3.3254817153,3.8617321636999997,0.5362504483999997
1749,2.3557967535,2.3029426549,2.4086508521,0.10570819720000024
1752,2.7993140185000005,2.7152396259,2.8833884111,0.1681487852000001
1753,2.6158552895,2.6071342053,2.6245763737000005,0.01744216840000057
1754,3.3879998135000005,2.990192138900001,3.7858074881000006,0.7956153491999998
1755,3.126043942499999,2.9862355194999997,3.2658523655,0.27961684600000014
1756,2.9686854109999996,2.8298427754,3.1075280466000006,0.27768527120000064
1757,3.588261333,3.2813198662,3.8952027998000007,0.6138829336000007
1758,3.4825052645000003,3.1332613703000005,3.8317491587,0.6984877883999996
1759,3.5272308994999997,3.1958772593000004,3.8585845397000003,0.6627072803999998
1761,3.2923352450000003,2.8670233429999996,3.717647147,0.8506238040000005
1762,2.425331045,2.3088326269999997,2.541829463,0.23299683600000032
1763,3.0505441210000006,2.9686585694,3.1324296726,0.16377110319999977
1764,3.1016484105,3.0402045747,3.1630922463,0.12288767160000003
1765,3.3969570890000003,3.0134939246,3.7804202534,0.7669263287999999
1767,3.3918631155,3.0063623616999995,3.7773638693,0.7710015076000003
1769,2.5442219364999996,2.3906331619000003,2.6978107111,0.3071775491999995
1771,3.4864148990000006,3.1387348586000003,3.8340949394,0.6953600807999996
1772,2.870222252,2.7700563527999997,2.9703881512,0.20033179840000015
1774,2.757626358,2.5582773012,2.9569754148,0.39869811360000007
1778,2.347591364,2.3057348184,2.3894479096,0.08371309119999992
1779,2.608061484,2.5639284904,2.6521944775999997,0.08826598719999978
1781,2.5390267265000004,2.4576520359,2.6204014171,0.16274938120000026
1784,2.8611156534999997,2.7379651149,2.9842661921,0.24630107720000005
1785,3.2839971479999996,2.8448068072,3.7231874888,0.8783806815999999
1786,3.5151144655000004,3.1704542517,3.8597746793,0.6893204276000002
1787,2.5636427545,2.3691808526999996,2.7581046563,0.38892380360000045
1789,3.6015111119999994,3.2998695568,3.9031526672,0.6032831104
1790,3.3802228984999996,2.9900660579,3.7703797391,0.7803136812
1791,3.4132227714999996,3.0362658800999998,3.7901796629,0.7539137828000002
1793,3.6922928734999996,3.4269640229,3.9576217241,0.5306577012
1796,3.5406565910000003,3.2146732274,3.8666399546,0.6519667272
1797,2.8778847445,2.7269354423,3.0288340467,0.30189860440000027
1802,3.4288381545000006,3.0581274163,3.7995488927000003,0.7414214764000002
1803,2.6583273914999994,2.5065383481,2.8101164349,0.3035780868
1807,2.8985804535,2.7777638349,3.0193970721,0.24163323719999985
1809,3.429163598,3.0585830372,3.7997441588000003,0.7411611216000002
1810,2.6097738235000003,2.4314749529,2.7880726941000002,0.3565977412000003
1811,2.1949015655,2.1321941917,2.2576089393,0.12541474759999982
1812,3.3239304205000004,2.9112565887000006,3.7366042523,0.8253476635999992
1813,2.755204626,2.7422252764,2.7681839756,0.025958699199999824
1814,2.881839249,2.8029729485999995,2.9607055493999996,0.15773260080000018
1815,2.9205930835,2.8769243169000003,2.9642618500999998,0.08733753319999948
1816,3.6654452870000003,3.4041454018,3.9267451722,0.5225997703999998
1818,2.5617498800000003,2.415953832,2.7075459279999996,0.2915920959999996
1819,2.8351661055000004,2.8007821477000006,2.8695500633,0.06876791559999962
1820,3.5496886949999986,3.227318173,3.8720592170000003,0.6447410440000003
1821,2.945236406,2.9255469684000004,2.9649258436,0.03937887519999972
1822,2.7200916995000006,2.6930671793,2.7471162197,0.05404904040000025
1823,3.674544544,3.4021163616,3.9469727264000003,0.5448563648000002
1825,3.422284037,3.0489516518,3.7956164222,0.7466647704000002
1826,3.4659857845000004,3.1101340983,3.8218374707000002,0.7117033724000001
1827,3.669954761,3.3956906654,3.9442188566000005,0.5485281912000004
1831,3.447777931,3.0846431034,3.8109127586,0.7262696551999999
1834,3.6130425815000002,3.3160136140999996,3.9100715489000004,0.5940579348000008
1835,3.5970185195,3.2935799272999997,3.9004571117,0.6068771844000005
1837,3.387747391,3.1273127474,3.6481820345999996,0.5208692871999996
1838,2.8579831759999994,2.6894108464,3.0265555055999998,0.3371446591999998
1839,3.005954463,2.9383350482000004,3.0735738777999995,0.1352388295999991
1840,3.3991861544999997,3.0000602162999996,3.7983120927000003,0.7982518764000006
1841,2.553906009,2.5501900126,2.5576220054000003,0.007431992800000398
1842,2.7107455810000003,2.6265766134,2.7949145485999995,0.1683379351999994
1843,2.4899736464999997,2.3841305879,2.5958167051000003,0.2116861172000002
1844,2.982741555,2.978054177,2.987428933,0.009374755999999707
1846,2.5875477350000002,2.3743120290000004,2.8007834409999997,0.4264714119999993
1847,2.9831528249999995,2.8481307549999997,3.118174895,0.27004414000000043
1850,2.403791731,2.3680694386,2.4395140234,0.07144458480000004
1851,2.9148496095,2.7714342533000003,3.0582649657000003,0.2868307124
1852,2.864630214,2.7795634996,2.9496969284,0.17013342879999982
1854,2.430548423,2.3906986538,2.4703981922,0.07969953839999988
1856,2.695190698,2.6625624188,2.7278189771999997,0.06525655839999978
1857,3.4860860625,3.1725728875,3.7995992375,0.62702635
1858,2.89031404,2.707639656,3.072988424,0.36534876800000005
1859,2.4690857125,2.2801507974999997,2.6580206275,0.3778698300000003
1860,2.569119755,2.4880196569999997,2.650219853,0.16220019600000013
1861,2.9469339175,2.8702006845,3.0236671505000006,0.1534664660000007
1862,3.4364250965000007,3.0687491351,3.8041010579,0.7353519228000001
1865,2.364834138,2.2220636828,2.5076045932,0.28554091039999996
1866,3.4744625144999994,3.1220015203000004,3.8269235087,0.7049219883999998
1867,3.4035392580000003,3.0227089611999998,3.7843695548000005,0.7616605936000007
1869,3.6109811600000015,3.313127624,3.908834696,0.5957070720000002
1872,2.968089566,2.9402053924000002,2.9959737395999997,0.05576834719999946
1873,3.436648177500001,3.0690614485000003,3.8042349065,0.7351734579999998
1874,2.4817644415000006,2.3704946649000003,2.5930342180999997,0.2225395531999994
1876,2.817148669,2.8011449366,2.8331524014,0.03200746479999994
1877,3.404920048500002,3.0246420679000003,3.7851980291,0.7605559611999997
1879,2.511318731999998,2.3515118247999998,2.6711256392,0.31961381440000025
1880,2.8608511345000003,2.7278603883,2.9938418807,0.2659814923999999
1882,3.681102821,3.4112979494,3.9509076926,0.5396097431999998
1883,2.842320691,2.6768493674,3.0077920145999997,0.33094264719999966
1884,3.110013065,2.891898691,3.3281274389999997,0.43622874799999956
1886,3.028036351000001,2.9724972914,3.0835754106,0.1110781192000001
1887,3.014855346500001,2.9164478851,3.1132628079,0.1968149227999998
1888,2.5176754690000003,2.4310668814,2.6042840566,0.17321717520000002
1889,2.5910161455000007,2.4472894036999997,2.7347428873,0.2874534836000002
1890,3.1180992169999997,3.0717825038,3.1644159301999997,0.0926334263999995
1891,2.4880055655,2.3781945393,2.5978165917,0.2196220524000001
1892,3.030539622,2.9120926708000003,3.1489865731999998,0.2368939023999994
1894,2.464473052,2.4601822312,2.4687638728,0.008581641599999745
1895,2.8004875825,2.6803702155,2.9206049495000004,0.2402347340000004
1896,2.7264550034999977,2.6532398049,2.7996702020999997,0.14643039719999962
1898,2.9879157110000003,2.8844899954,3.0913414266,0.20685143120000005
1899,2.9077475240000004,2.8965185144000003,2.9189765336000004,0.022458019200000123
1900,3.4604649260000007,3.1024048964000004,3.8185249556,0.7161200591999997
1901,2.9388742795000002,2.8602215912999998,3.0175269677,0.15730537640000009
1902,2.9576137694999995,2.8991964773000003,3.0160310616999997,0.11683458439999939
1903,2.7093317709999996,2.6457128794,2.7729506626,0.1272377832
1904,3.4736060674999996,3.1208024945,3.8264096405000005,0.7056071460000006
1906,3.5290701064999994,3.1984521491,3.8596880639,0.6612359148000002
1907,3.4808492695000006,3.1309429773,3.8307555617,0.6998125844
1913,2.6870884205000003,2.6468625887000004,2.7273142523000002,0.08045166359999989
1914,3.5432046295,3.2182404813000005,3.8681687777000002,0.6499282963999997
1918,3.6492297725,3.3666756815,3.9317838634999998,0.5651081819999999
1921,2.069033881,1.9989863286000003,2.1390814334,0.14009510479999965
1923,3.590425140499999,3.2843491967,3.8965010843000005,0.6121518876000005
1924,2.69240797,2.627967158,2.756848782,0.12888162399999992
1925,2.9141550130000002,2.8037602182,3.0245498077999997,0.22078958959999984
1926,2.7914823719999995,2.7656545208,2.8173102232,0.051655702399999726
1928,2.8037411700000003,2.680338438,2.927143902,0.24680546399999992
1929,2.5696974844999994,2.4097888907,2.7296060783,0.3198171876
1930,2.861498157,2.7223446198,3.0006516942,0.27830707440000024
1931,2.6346224945,2.5619878967,2.7072570923,0.14526919560000007
1932,3.2015749920000003,3.0579481887999997,3.3452017952,0.2872536064000002
1933,2.5977098695,2.5062399217,2.6891798173,0.18293989559999968
1934,3.068600328499999,2.8891588598999998,3.2480417971000004,0.35888293720000064
1936,3.4085394785000003,3.1076288698999996,3.7094500870999996,0.6018212171999999
1937,2.8395059215,2.7660659528999996,2.9129458900999996,0.14687993720000003
1938,2.8378020559999997,2.6141788783999997,3.0614252336000005,0.4472463552000008
1939,3.188209754,2.7209520556,3.6554674523999995,0.9345153967999993
1940,2.6465689505,2.5317821307,2.7613557703000002,0.22957363960000032
1941,2.717837538,2.6359305228,2.7997445532,0.1638140304000002
1942,2.6182889274999996,2.5911540985,2.6454237565,0.05426965799999994
1943,2.6773143745,2.6276825242999995,2.7269462247000003,0.09926370040000077
1947,3.380104019,2.9898996266,3.7703084114000003,0.7804087848000001
1949,2.8876108305,2.7839343627,2.9912872983,0.2073529355999999
1950,3.0025190785000007,2.9229815099,3.0820566471,0.15907513719999988
1952,3.4237862899999993,3.051054806,3.7965177740000002,0.7454629680000004
1953,2.890824485,2.7898926790000003,2.991756291,0.20186361199999991
1954,3.5868736395,3.2793770953,3.8943701837000004,0.6149930884000003
1956,3.4915351895000004,3.1459032653000003,3.8371671137000005,0.6912638484000002
1958,3.337114058000001,2.9297136811999995,3.7445144348,0.8148007536000006
1961,3.4187945269999997,3.0440663378,3.7935227162,0.7494563784000001
1962,3.6240995695000002,3.3314933973,3.9167057417,0.5852123443999999
1964,3.3668813095000005,2.9713878333,3.7623747857,0.7909869523999999
1966,3.5707894225,3.2568591915000003,3.8847196535,0.6278604619999997
1968,3.4504879659999994,3.1337955524,3.7671803796,0.6333848272
1969,2.885533801,2.7045093214,3.0665582806,0.3620489591999996
1970,3.0067693334999994,2.9510518669,3.0624868001,0.11143493319999997
1971,2.5346412655000004,2.4676153717,2.6016671593000003,0.13405178760000025
1972,2.9597182509999995,2.8919711514,3.0274653506,0.13549419920000005
1973,3.3455101595,2.9414682233,3.7495520957000004,0.8080838724000006
1974,3.5079165275000004,3.1688371385000007,3.8469959165,0.6781587779999994
1975,2.287437029,2.2320438173999997,2.3428302405999997,0.11078642319999998
1977,2.750295905,2.6021594670000003,2.898432343,0.29627287599999974
1978,2.411493235,2.267395141,2.555591329,0.2881961879999997
1979,2.5590720405,2.3832852243,2.7348588567000003,0.3515736324000005
1980,2.3365332839999997,2.3169507704,2.3561157976000002,0.039165027200000146
1981,2.617250754,2.5429432523999997,2.6915582556000004,0.14861500320000065
1984,2.678123882,2.6333734348,2.7228743292,0.08950089439999998
1985,2.3225009204999996,2.3034961523,2.3415056887,0.03800953639999971
1987,2.3437661140000006,2.1805484684,2.5069837596,0.32643529120000014
1989,2.9506353629999995,2.8242979082,3.0769728177999998,0.2526749095999996
1992,3.4699577075000003,3.1156947905000005,3.8242206245,0.7085258339999996
1993,2.696480093,2.5118629302,2.8810972558000003,0.36923432560000036
1994,3.4477631270000004,3.0846223778,3.8109038762,0.7262814983999997
1995,3.445280294500001,3.0811464122999994,3.8094141767000003,0.7282677644000008
1997,3.4068603765000005,3.0273585271,3.7863622259,0.7590036988
1998,2.1915073899999995,2.072153634,2.310861146,0.23870751199999996
1999,2.9128813465,2.8907158850999997,2.9350468078999996,0.04433092279999995
2001,3.614483212,3.3180304968,3.9109359272,0.5929054304000001
2002,3.4987121045,3.1559509463,3.8414732627,0.6855223164000002
2003,2.7606898964999993,2.5365198551000003,2.9848599379,0.4483400827999997
2004,2.9250867904999995,2.8190647067,3.0311088743,0.21204416760000022
2005,3.4685031810000018,3.1136584534000002,3.8233479086,0.7096894551999999
2006,2.511535027500001,2.4851394384999996,2.5379306165,0.05279117800000055
2007,2.7349088449999996,2.6599627829999997,2.809854907,0.1498921240000004
2009,2.3608224565,2.3018846739,2.4197602391,0.11787556519999987
2010,3.512340040500001,3.2600380567,3.7646420243,0.5046039676
2012,2.343373358,2.2554467012,2.4313000148,0.17585331360000023
2013,2.4128648824999996,2.3993797294999997,2.4263500355,0.026970306000000388
2014,3.2135482245,3.0969019143,3.3301945347000004,0.23329262040000032
2015,2.992812077,2.9143393077999997,3.0712848461999998,0.15694553840000003
2016,2.802451541,2.6583025574,2.9466005245999995,0.28829796719999967
2017,2.476666395,2.1874373530000004,2.7658954369999997,0.5784580839999993
2019,2.4660306340000004,2.4646816876,2.4673795804,0.002697892799999657
2021,2.505639439,2.4443788634,2.5669000146000003,0.1225211512000004
2024,3.4487573544999996,3.0860142962999997,3.8115004127000005,0.7254861164000008
2026,3.403578655000001,3.022764117,3.784393193,0.7616290760000002
2028,3.0625487189999987,2.9854650066,3.1396324314,0.15416742479999979
2029,2.8596362465,2.7725719450999997,2.9467005479,0.1741286028000002
2030,3.5860003025000005,3.2781544235,3.8938461815,0.6156917579999996
2032,3.5162387434999993,3.1804882409000004,3.8519892461,0.6715010051999997
2034,3.4335631240000004,3.0647423736,3.8023838744,0.7376415007999997
2035,3.3401089280000003,2.9339064992,3.7463113568,0.8124048576000003
2037,2.1393108155,2.1372204892999997,2.1414011417,0.0041806524000000955
2039,2.8529069685,2.6919665558999997,3.0138473811,0.3218808252000005
2040,3.054427701,3.0001419813999997,3.1087134205999996,0.1085714391999999
2042,2.268813974,2.1930679844000003,2.3445599636,0.1514919791999998
2043,3.469993037,3.1157442518,3.8242418222000003,0.7084975704000005
2044,3.5364336909999996,3.2087611674,3.8641062146,0.6553450472
2045,3.4477625659999998,3.0846215924,3.8109035396,0.7262819471999999
2048,2.9857321815,2.9038046541,3.0676597089,0.16385505479999996
2049,2.868689828,2.6598301592,3.0775494967999997,0.41771933759999946
2050,2.788423957,2.6782075398000003,2.8986403741999998,0.2204328343999995
2051,2.531936047,2.4847600657999998,2.5791120281999995,0.09435196239999977
2052,3.3066139835,2.9280463769,3.6851815900999996,0.7571352131999998
2053,3.2244805795000007,2.7720268113000004,3.6769343477,0.9049075363999997
2055,3.4410202254999995,3.0751823157000002,3.8068581353,0.7316758195999999
2056,3.4283905185000005,3.0575007259,3.7992803111,0.7417795851999998
2057,2.956066578499999,2.8537260099000004,3.0584071471,0.2046811371999997
2058,2.7487210455000004,2.7226822637,2.7747598273,0.052077563600000154
2059,2.6868562584999998,2.5787363619000003,2.7949761550999996,0.2162397931999993
2060,2.5622378450000003,2.4895921830000005,2.634883507,0.14529132399999956
2061,3.1467524829999993,3.0209886761999996,3.2725162898000004,0.25152761360000087
2063,2.9636481885,2.9531754639,2.9741209131,0.020945449200000077
2064,2.5532083355,2.4963446013000006,2.6100720697,0.11372746839999959
2065,2.9140682769999997,2.8270231878,3.0011133662,0.17409017839999974
2066,3.152463375,3.0570719250000002,3.247854825,0.19078289999999987
2070,2.2229143195000005,2.1740677917,2.2717608473,0.09769305559999975
2071,2.8915785205,2.7679611287,3.0151959123,0.24723478359999973
2075,2.4791469054999995,2.3949705432999995,2.5633232677,0.1683527244000005
2076,3.5619504065000007,3.2444845691,3.8794162439,0.6349316748000002
2078,2.5019072540000002,2.3825803524,2.6212341556000003,0.23865380320000007
2079,2.1646395085,2.0470261051,2.2822529119,0.23522680680000008
2080,3.5412485709999992,3.2155019994,3.8669951426,0.6514931432000002
2082,3.381697841,2.9921309773999996,3.7712647046,0.7791337272000005
2085,3.6139357825000005,3.3172640954999997,3.9106074695,0.5933433740000003
2089,3.5656295905000004,3.2496354267000003,3.8816237543,0.6319883275999998
2091,2.8478549829999995,2.7718769761999997,2.9238329898,0.15195601360000044
2092,2.975924805999999,2.8860459284,3.0658036836000004,0.17975775520000026
2093,2.4604370720000004,2.2794638432,2.6414103008,0.3619464576000002
2095,2.6634332310000004,2.5987521233999997,2.7281143386,0.12936221520000046
2100,2.9286570149999998,2.8955446210000004,2.961769409,0.06622478799999953
2101,2.4427556484999995,2.3161541890999997,2.5693571078999997,0.2532029188
2102,2.3105757325,2.1321150395,2.4890364255,0.35692138600000023
2105,3.4964521299999998,3.2857513820000004,3.707152878,0.42140149599999965
2108,3.1707659009999998,2.8384346614000004,3.5030971406000004,0.6646624792
2109,3.292531546000001,2.8672981644,3.7177649275999998,0.8504667631999996
2110,3.3766079315,2.9850051041,3.7682107589000005,0.7832056548000006
2111,2.8836558840000004,2.7610614376,3.0062503304,0.2451888927999999
2112,2.9695467000000004,2.93353498,3.00555842,0.07202343999999972
2113,3.5618771604999995,3.2443820247,3.8793722963000006,0.6349902716000004
2114,2.7962251155,2.6837963617000002,2.9086538693,0.2248575075999999
2116,2.341520101,2.2366916606,2.4463485414,0.2096568807999999
2119,2.9970450585,2.9807430819,3.0133470351,0.03260395319999976
2120,2.38217217,2.310739302,2.453605038,0.14286573600000008
2121,3.341411312999999,2.9357298382,3.7470927877999998,0.8113629495999999
2122,2.8903376169999997,2.7704158638000003,3.0102593702,0.23984350639999974
2124,2.449220185000002,2.347441059,2.550999311,0.2035582520000001
2125,3.506170598499999,3.1663928378999997,3.8459483591000003,0.6795555212000006
2126,3.6310719330000003,3.3412547062,3.9208891598,0.5796344536000002
2128,3.44677594,3.083240316,3.810311564,0.7270712480000001
2130,2.7309432590000005,2.6511237626,2.8107627554,0.1596389927999997
2131,2.783541255,2.741833553,2.825248957,0.0834154039999997
2132,2.8152194005,2.7330551607,2.8973836403,0.16432847959999997
2133,2.6107508985,2.5284536579,2.6930481391,0.16459448119999998
2134,3.2324515700000003,3.095171798,3.369731342,0.27455954400000016
2135,2.4876976550000003,2.456577793,2.518817517,0.062239723999999885
2136,2.384021251,2.1895159506,2.5785265514000004,0.3890106008000003
2138,3.1696927410000004,2.9224442374,3.4169412446000003,0.4944970072000001
2139,3.5378598434999993,3.2107577809,3.8649619061,0.6542041252000002
2142,3.270817394000001,2.8368983516000004,3.7047364363999997,0.8678380847999994
2143,3.574380165499999,3.2618862317,3.8868740993,0.6249878675999998
2144,3.4557791805,3.0958448527,3.8157135083000004,0.7198686556000005
2146,3.5531814619999986,3.2322080468000003,3.8741548772,0.6419468303999998
2149,3.6419763360000004,3.3565208704,3.9274318016,0.5709109312000002
2150,3.4211929264999994,3.0474240971,3.7949617559,0.7475376588000002
2151,3.4021604125000002,3.0207785775000002,3.7835422475000002,0.76276367
2152,3.469673888000001,3.1152974432000002,3.8240503328,0.7087528895999999
2154,3.547534817999999,3.2243027452,3.8707668908000006,0.6464641456000004
2155,3.5751130185000006,3.2629122259,3.8873138111000003,0.6244015852000002
2158,2.4652374374999995,2.3094964625,2.6209784125,0.3114819500000001
2159,2.9129184525,2.8474626335000006,2.9783742715,0.13091163799999928
2160,2.521783724,2.4126854344,2.6308820136000004,0.21819657920000024
2162,3.4924162019999994,3.2184546827999996,3.7663777212,0.5479230384000005
2164,2.9595749534999998,2.9124861348999995,3.0066637721,0.0941776372000005
2165,3.6137007045000007,3.2574593863000003,3.9699420227,0.7124826363999999
2166,3.243670586,2.8965076204,3.5908335516,0.6943259311999999
2167,2.772058786,2.7216619004,2.8224556716,0.10079377120000022
2168,2.783767094499997,2.7460882567,2.8214459323,0.07535767560000028
2171,2.9143388645,2.8393672103,2.9893105187000004,0.14994330840000059
2172,2.785945619,2.6206918666,2.9511993714,0.3305075047999999
2174,2.5888621955000004,2.4860613173000004,2.6916630737000005,0.2056017564000001
2175,2.4533249059999997,2.3816292684,2.5250205435999997,0.1433912751999995
2176,2.9234198995,2.8702014593,2.9766383397,0.10643688039999999
2177,3.374255819500001,2.9817121472999997,3.7667994917,0.7850873444000004
2179,3.470659659,3.1166775226,3.8246417954000003,0.7079642728000004
2181,3.421142698500001,3.0473537779,3.7949316191,0.7475778412
2183,2.9657374074999994,2.8759755704999996,3.0554992445,0.17952367400000036
2186,3.5665899699999994,3.2509799580000003,3.8821999820000004,0.6312200240000001
2189,2.5906980944999995,2.5651948567,2.6162013322999997,0.051006475599999934
2191,3.5832904855000005,3.2791994797,3.8873814913,0.6081820116000003
2192,2.556916108,2.4429284648,2.6709037511999996,0.22797528639999953
2193,3.083013114,3.0398651595999997,3.1261610684,0.08629590880000038
2194,3.3960311935000007,3.0121976709,3.7798647161,0.7676670452000001
2195,2.4928237015,2.3552758208999998,2.6303715820999996,0.2750957611999998
2196,2.6088245295,2.4973763177,2.7202727413,0.22289642359999995
2197,2.6643574045,2.6264667663,2.7022480427,0.07578127639999988
2198,3.187220276,3.1511611864000004,3.2232793656000003,0.07211817919999985
2199,2.5366681730000007,2.3331969037999998,2.7401394422000003,0.4069425384000005
2200,3.1784167085000004,2.7670157919,3.5898176251000002,0.8228018332000002
2201,2.9408119785,2.7414139699,3.1402099870999995,0.3987960171999996
2202,2.5240021349999995,2.4218836809999997,2.6261205889999997,0.20423690799999994
2203,2.9092545554999996,2.8734167776999997,2.9450923333,0.07167555560000016
2207,2.7069291269999995,2.6638771778,2.7499810761999997,0.08610389839999977
2209,2.94376075,2.82192465,3.06559685,0.24367219999999978
2210,3.2743199599999993,2.841801944,3.7068379760000005,0.8650360320000003
2211,2.9642774755,2.8652212656999994,3.0633336853000004,0.19811241960000103
2212,3.4801143805000003,3.1299141327,3.8303146283,0.7004004955999998
2215,2.9887911465,2.8822044051,3.0953778879,0.2131734827999998
2217,3.577562393000001,3.2663413502000003,3.8887834357999997,0.6224420855999995
2218,3.425331982,3.0532187748,3.7974451892000003,0.7442264144000004
2219,3.625061434,3.3328400076,3.9172828604,0.5844428527999996
2224,3.6202360554999995,3.3260844777,3.9143876333000005,0.5883031556000007
2228,3.1329980149999996,3.0316172210000003,3.234378809,0.20276158799999955
2229,2.3750724080000003,2.2452470448,2.5048977712,0.25965072639999986
2230,2.4824222380000003,2.3182701428000003,2.6465743332,0.3283041903999995
2231,2.9563299554999998,2.8846595377,3.0280003733000003,0.1433408356000001
2232,3.0094447699999995,2.911119478,3.1077700619999997,0.1966505839999999
2233,3.4695668844999994,3.1151476383,3.8239861307000003,0.7088384924000004
2236,2.4722426215,2.4532860701000003,2.4911991729,0.03791310279999971
2238,2.6839303425,2.6270558055,2.7408048795,0.11374907400000023
2239,2.6347289590000003,2.4060681426,2.8633897754,0.4573216327999998
2240,3.5758428585,3.2353196019000006,3.9163661151,0.6810465131999996
2241,2.3454153129999997,2.1535627878,2.5372678382,0.38370505040000014
2242,3.212982007000001,3.0335988097999995,3.3923652042,0.35876639440000035
2249,2.8333042839999996,2.6815623976,2.9850461704000004,0.3034837728000004
2250,3.6379272925,3.3508522095,3.9250023755,0.5741501659999999
2252,3.2561110750000006,2.8163095050000004,3.6959126450000004,0.87960314
2253,3.362532705499999,2.9652997876999994,3.7597656233,0.7944658356000005
2254,2.8765710540000002,2.7729970756,2.9801450324000003,0.2071479568000001
2258,2.800907923000001,2.6955194922,2.9062963538,0.2107768616000003
2259,2.4624750695000017,2.3651650417,2.5597850973,0.19462005559999973
2260,3.3405103975,2.8885181565,3.7925026385000002,0.9039844820000003
2261,2.9381599375,2.7638715124999997,3.1124483625,0.34857685000000016
2262,2.4137957599999997,2.320603456,2.5069880639999997,0.18638460799999956
2263,2.111102686,1.9357296116,2.2864757604,0.3507461488000001
2264,2.6791581190000002,2.5747988714,2.7835173666000004,0.2087184952000003
2265,2.897704167000001,2.7613418337999995,3.0340665002,0.27272466640000026
2266,3.084588776,2.9819078864,3.1872696656,0.20536177919999998
2267,2.2147380799999996,2.112746848,2.316729312,0.20398246400000009
2268,3.049156518,2.8999923252000004,3.1983207108,0.29832838559999963
2269,3.2718942875,3.0722524025,3.4715361725000005,0.39928377000000026
2270,2.6197246985000002,2.5974712191000005,2.6419781779000004,0.044506958799999996
2271,2.9531016384999997,2.7813594939,3.1248437831,0.34348428920000007
2272,3.1190555755,2.9353522056999997,3.3027589453000004,0.3674067396000007
2273,3.178941198,3.0791776771999997,3.2787047188,0.19952704160000012
2275,2.5199135905000003,2.5114073543,2.5284198267,0.017012472399999812
2277,2.851688304,2.7998941823999997,2.9034824256,0.10358824320000037
2279,2.7121742569999996,2.6377591598000003,2.7865893542,0.1488301943999999
2280,2.7700967005000003,2.6368061807000003,2.9033872203,0.2665810395999997
2281,3.4271540735,3.2054453029000003,3.6488628441,0.44341754119999965
2282,2.2516459735,2.0513371841000003,2.4519547629,0.4006175787999995
2283,2.9014624844999997,2.8033246782999997,2.9996002907,0.19627561240000047
2285,2.9288770415,2.8424886580999997,3.0152654249,0.1727767668000002
2288,3.379030347499999,2.9357108865,3.8223498084999994,0.8866389219999995
2289,2.884442558000001,2.7963911811999997,2.9724939347999997,0.17610275359999994
2291,3.6445773345,3.3198630683,3.9692916006999996,0.6494285323999995
2292,3.7024682280000003,3.4213055192,3.9836309368,0.5623254175999999
2293,3.2854347345,2.9792362283,3.5916332407000002,0.6123970124000002
2295,3.001933931,2.9452527034,3.0586151586,0.11336245519999988
2296,3.0002673775,2.7599451284999996,3.2405896265000003,0.48064449800000064
2297,2.5490823945,2.3919317523,2.7062330367000005,0.3143012844000004
2298,2.3589665084999996,2.2464531051,2.4714799119,0.22502680679999987
2299,2.8681182849999995,2.853036571,2.8831999990000003,0.03016342800000027
2300,3.1239549345000004,2.9651465083,3.2827633607,0.31761685240000004
2301,2.6456737015,2.6429683821000003,2.6483790209,0.005410638799999923
2302,2.5917012500000003,2.55449955,2.6289029500000005,0.07440340000000045
2304,3.0098152545,2.9226057563,3.0970247527,0.17441899640000003
2305,2.2998457175,2.2109806305,2.3887108045,0.17773017400000013
2307,3.2391247455000003,2.9755026437000005,3.5027468473,0.5272442035999996
2308,2.454381921,2.2320579526,2.6767058893999995,0.4446479367999996
2310,3.452099909500001,3.1615826733,3.7426171456999997,0.5810344723999998
2314,3.4205568714999997,3.1192328201000006,3.7218809229000005,0.6026481027999999
2315,2.6217987044999997,2.6121677863,2.6314296227,0.019261836399999677
2316,2.8895338005,2.7937129207,2.9853546803,0.19164175959999996
2317,2.7582502195,2.7353027073,2.7811977317,0.04589502440000004
2318,3.429952921,3.0788664893999997,3.7810393526,0.7021728632000004
2320,3.3120303484999996,2.9444732878999997,3.6795874091,0.7351141212000001
2321,3.4583800389999997,3.1034584545999997,3.8133016234,0.7098431688000004
2322,2.341032212,2.2639333271999997,2.4181310968000003,0.15419776960000053
2323,3.4094038345000004,3.0530941683000004,3.7657135007,0.7126193323999996
2324,3.5774404340000006,3.1523854075999997,4.0024954604,0.8501100527999998
2325,2.9838104629999997,2.8131550482,3.1544658777999994,0.34131082959999937
2326,2.894486615,2.7407564609999997,3.048216769,0.30746030800000046
2329,1.9781862684999996,1.7353041611,2.2210683759,0.48576421479999987
2330,3.5221209254999994,3.1484260957000005,3.8958157553,0.7473896595999996
2331,2.6791831260000003,2.5966022756,2.7617639764,0.16516170080000014
2333,2.0508570545,1.7821826326999999,2.3195314763,0.5373488436
2334,3.0537171885,2.9386320638999996,3.1688023131,0.2301702492000004
2335,2.6806189970000003,2.6605105958,2.7007273982,0.04021680240000025
2336,2.372307485,2.3368400909999996,2.4077748789999998,0.07093478800000019
2339,2.8413367934999996,2.8266875109,2.8559860760999998,0.02929856519999996
2340,2.7501889315000017,2.7173389041,2.7830389589,0.06570005480000018
2341,2.8190625075,2.6098635105,3.0282615045,0.4183979940000002
2342,3.2928063520000004,3.0391488928,3.5464638112,0.5073149184000001
2343,2.7448066370000004,2.7098036918000004,2.7798095822000004,0.07000589040000005
2344,2.4117607995,2.4000608797000003,2.4234607193,0.023399839599999694
2346,2.5384658614999998,2.5108407168999998,2.5660910061000006,0.05525028920000086
2347,2.6185353420000004,2.6031540052000004,2.6339166788,0.030762673599999513
2348,3.5126136080000006,3.1415226512000003,3.8837045648000004,0.7421819136000001
2349,2.5331084680000004,2.4957978808,2.5704190552,0.07462117439999982
2350,2.8885029360000005,2.8389557104,2.9380501615999997,0.0990944511999996
2352,3.508044312,3.1217620368000003,3.8943265871999997,0.7725645503999994
2353,2.585584350499999,2.5627878103,2.6083808907000003,0.04559308040000021
2355,2.6118832199999997,2.590272332,2.633494108,0.04322177599999977
2356,2.5450718055,2.4709162833,2.6192273277,0.1483110444000002
2357,3.1870593660000006,2.8522387124,3.5218800196000006,0.6696413072000005
2358,2.380289194999999,2.3271639169999996,2.4334144729999996,0.106250556
2359,3.4185321845,2.9979690583000003,3.8390953107000003,0.8411262524
2360,2.9178626519999997,2.7562653128,3.0794599912000002,0.32319467840000016
2362,2.8277235904999993,2.7602590267,2.8951881543,0.13492912759999998
2363,3.3235028710000005,2.9522076193999998,3.6947981226,0.7425905032000002
2364,2.7875603135,2.7327709881,2.8423496389,0.10957865080000007
2365,2.9544408515000002,2.7655151921000005,3.1433665109000004,0.3778513187999999
2367,2.554423296,2.5368818144,2.5719647776,0.03508296319999982
2368,2.252611088,2.1271518528,2.3780703232,0.2509184703999998
2369,2.613373814499999,2.5467297403,2.6800178886999997,0.1332881483999997
2370,2.543986147499998,2.4786452885,2.6093270065,0.13068171799999995
2371,2.3789684825,2.3069594895,2.4509774755000002,0.14401798600000015
2372,3.0318854125000008,2.8053223774999996,3.2584484474999997,0.45312607000000016
2375,2.272203523,2.1096357138000004,2.4347713322,0.3251356183999996
2376,2.18833379,2.032085474,2.344582106,0.3124966319999998
2377,3.1499911815,2.9651156541,3.3348667089,0.36975105480000003
2378,2.661901424000002,2.6572744544,2.6665283936,0.009253939200000172
2379,3.0442393235000003,2.8540774529,3.2344011940999997,0.3803237411999998
2380,2.7077142525000006,2.5127183535,2.9027101515,0.38999179800000006
2382,2.91806122,2.817727708,3.0183947320000004,0.20066702400000036
2383,2.5919900030000003,2.5024804017999998,2.6814996042000003,0.17901920240000058
2385,3.187943639,3.0390954945999997,3.3367917834000003,0.29769628880000054
2386,3.1660948010000003,2.9571143214,3.3750752806000004,0.4179609592000002
2387,2.786120808999998,2.6930975326,2.8791440854,0.18604655280000015
2388,2.3083849150000013,2.032333749,2.584436081,0.552102332
2390,2.524266057,2.4589384342,2.5895936798,0.1306552456000003
2392,2.306494744,2.2940560464,2.3189334416000005,0.02487739520000032
2397,2.065409434,1.8650160604000001,2.2658028076,0.40078674719999996
2399,2.9479427415,2.9014258381,2.9944596449000005,0.09303380680000028
2400,2.6884009614999997,2.5562041461000002,2.8205977769,0.2643936307999999
2401,3.0169171885000003,2.7798524639000006,3.2539819131,0.47412944919999944
2402,2.9362955939999997,2.9117898315999997,2.9608013563999998,0.04901152480000004
2403,3.263326712,2.9480953968,3.5785580271999997,0.6304626303999998
2404,2.969540718,2.8097318051999998,3.1293496307999997,0.31961782559999996
2408,1.9932768065,1.7493728839,2.2371807291,0.48780784519999987
2409,2.7073818864999994,2.7017507319,2.7130130411,0.011262309200000153
2411,2.1659771814999997,1.8482083089000003,2.4837460541,0.6355377451999997
2414,2.1642665165,1.9907371099,2.3377959231,0.34705881319999987
2417,2.283928184,2.2107693104,2.3570870576,0.1463177471999999
2419,2.895614095499998,2.8706848573,2.9205433337,0.04985847639999985
2421,3.4057273825000003,3.1145111354999995,3.6969436295,0.5824324940000007
2423,2.604107022,2.5830658308,2.6251482132,0.042082382400000284
2424,1.9550210894999998,1.8118862537,2.0981559253,0.28626967159999994
2427,2.9446082030000005,2.8944406842,2.9947757218000004,0.10033503760000029
2428,3.4622464525,3.1629594335,3.7615334715,0.5985740379999998
2430,2.89088121,2.763629294,3.0181331259999995,0.2545038319999997
2432,2.8434965604999998,2.6318799847000003,3.0551131363,0.42323315159999986
2433,2.5480021225,2.5435456735,2.5524585715,0.008912897999999725
2434,2.9616104805,2.8070942727,3.1161266882999996,0.3090324155999995
2435,2.7056310295,2.4969662412999996,2.9142958177,0.41732957640000024
2438,3.0184973945,2.8437347523,3.1932600367,0.34952528439999986
2439,2.9738635015,2.8821109021,3.0656161009,0.18350519879999982
2440,2.794601157,2.6548884198,2.9343138942,0.27942547440000043
2441,3.1506404760000013,2.9655170664000003,3.3357638856,0.3702468191999997
2442,3.2403437569999998,2.9382836598,3.5424038542,0.6041201943999996
2443,3.209722804,2.8416419256,3.5778036824,0.7361617568000001
2444,2.8391247125,2.7437797975000002,2.9344696275,0.19068982999999973
2445,3.5801869555000008,3.1758681376999998,3.9845057733,0.8086376356000002
2446,3.4337471180000003,3.1368639652000003,3.7306302708,0.5937663055999995
2447,3.3340949305000005,2.8763125027000003,3.7918773583000007,0.9155648556000004
2448,2.4966911185,2.4212618711,2.5721203659,0.15085849480000002
2449,2.1998206334999995,2.1233171801,2.2763240869,0.15300690679999995
2451,2.9677055560000007,2.8833841784000005,3.0520269336,0.1686427551999996
2452,2.9030295625000004,2.8040797874999996,3.0019793375,0.19789955000000026
2453,2.6346733105,2.6140914347,2.6552551863000002,0.041163751600000076
2454,3.06723567,3.0280799380000003,3.106391402,0.07831146399999955
2456,2.7085844714999996,2.5753078600999997,2.8418610829,0.26655322280000027
2457,2.9781909920000005,2.8688233888,3.0875585952,0.21873520639999988
2458,3.295067004,3.0631578056,3.5269762023999998,0.4638183967999998
2459,2.6583273069999986,2.5392578298,2.7773967842,0.2381389544000001
2460,2.8278809445,2.7680113223,2.8877505667000003,0.11973924440000028
2461,2.6811329035000004,2.6139944649,2.7482713421,0.1342768771999996
2463,2.9029227305000003,2.8383978227,2.9674476383,0.12904981559999973
2465,3.441607444500001,3.1874464222999994,3.6957684667,0.5083220444000007
2466,2.6195148805,2.5737497282999997,2.6652800327,0.09153030440000043
2467,2.9502300975,2.7999569365,3.1005032585,0.30054632199999975
2468,2.1586321215,2.0142644729,2.3029997701,0.28873529720000013
2470,2.6634362434999996,2.6434073460999996,2.6834651408999997,0.040057794800000046
2471,2.4594971229999976,2.4386571722,2.4803370738,0.04167990159999979
2472,2.680012399,2.6584885585999998,2.7015362393999998,0.04304768079999999
2475,2.768235056,2.5951426784000002,2.9413274336,0.3461847551999999
2477,2.3590741085,2.2619128651,2.4562353518999998,0.19432248679999997
2478,2.885286166,2.7140146324,3.0565576996,0.34254306719999983
2479,3.3860467880000007,2.9634627032000003,3.8086308728000002,0.8451681696
2480,3.4064421670000007,2.9547762337999997,3.8581081001999995,0.9033318663999998
2482,2.2626731964999993,2.1794659179,2.3458804751,0.16641455719999998
2483,3.423285516,3.0319089224000004,3.8146621096,0.7827531871999995
2484,2.2824681979999997,2.2068945188,2.3580418772000002,0.15114735840000026
2485,2.702599809,2.6461410854,2.7590585326,0.11291744720000008
2490,2.679346509,2.6728743126,2.6858187053999996,0.012944392799999704
2491,3.3600446154999997,3.0671356616999996,3.6529535693,0.5858179076000005
2492,2.397334331,2.3615949986,2.4330736634000005,0.07147866480000031
2493,2.7495537885,2.6742110731000004,2.8248965039000002,0.15068543079999985
2495,3.038954806,2.8349419284000006,3.2429676836,0.4080257551999993
2496,3.0346268850000007,2.933117239,3.1361365309999996,0.20301929199999957
2497,2.4042749985,2.3776841979,2.4308657991000002,0.05318160120000037
2499,2.7139993575,2.6569212145,2.7710775005,0.11415628600000005
2500,2.758483792,2.7012969088,2.8156706752,0.11437376639999997
2502,3.4538223335000007,3.1102004669000003,3.7974442001,0.6872437331999999
2503,3.5387042245,3.1329115143,3.9444969347,0.8115854204000001
2505,2.758019351,2.6568702913999998,2.8591684106,0.2022981192000004
2506,3.1227166755000004,3.0230693457,3.2223640053,0.1992946595999996
2508,3.0972247260000003,3.0127398164,3.1817096356000003,0.16896981920000043
2509,3.059557712,2.8761151968000003,3.2430002272,0.36688503039999976
2510,3.1811962814999997,3.0826251941,3.2797673689,0.19714217480000018
2511,2.8552382365,2.7231971311,2.9872793419000003,0.26408221080000027
2512,2.0357160549999995,2.024594833,2.0468372770000003,0.022242444000000194
2513,3.572460431,3.2411850033999996,3.9037358585999993,0.6625508551999997
2514,3.5004623839999995,3.2513641376,3.7495606304,0.4981964928
2516,3.5645447519999993,3.3090534528,3.8200360512,0.5109825983999996
2517,3.4124589424999994,3.0440405194999993,3.7808773655,0.7368368460000005
2518,3.1951377570000004,2.8806224598,3.5096530541999997,0.6290305943999996
2521,2.483570103,2.3441068618,2.6230333442,0.2789264824000002
2525,2.890110976999999,2.7120005678,3.0682213862000003,0.3562208184000002
2526,3.0505176525,2.8839955135000004,3.2170397915,0.3330442779999996
2527,2.9238265885000003,2.9107000239,2.9369531531,0.026253129200000114
2529,2.9129609629999997,2.9009285482,2.9249933778000003,0.024064829600000337
2530,2.6569297945000003,2.4458997123,2.8679598767000005,0.4220601644000004
2531,2.9060174505,2.6973992307,3.1146356703,0.41723643960000034
2532,3.025951649,2.9023515086,3.1495517894,0.2472002808
2535,2.6090696619999996,2.6073653972,2.6107739268,0.00340852959999971
2536,3.5446215505,3.2965217707,3.7927213302999996,0.4961995595999995
2537,2.7214397679999998,2.5908678608000004,2.8520116752,0.26114381439999956
2538,3.2918002615,3.1629571661,3.4206433569,0.2576861907999999
2540,3.175225399,2.9311815586,3.4192692394,0.4880876808000001
2542,2.2841560544999995,2.1285188326999998,2.4397932763,0.31127444360000034
2548,2.3008002310000006,2.1669925386,2.4346079233999998,0.2676153847999996
2550,2.9153704829999993,2.8390778762,2.9916630898,0.15258521359999966
2552,2.712494643999999,2.6582449016,2.7667443864,0.10849948480000027
2553,3.169069476999999,3.0228632677999996,3.3152756862,0.29241241840000054
2554,3.0507713935,2.8004043508999996,3.3011384361,0.5007340852000004
2555,2.830499456499999,2.7957168391,2.8652820739000004,0.06956523480000065
2557,2.4157733749999997,2.311376825,2.520169925,0.20879309999999984
2558,2.3920298275,2.3161182965,2.4679413585,0.15182306200000006
2561,2.3767680335000003,2.2224620201,2.5310740469,0.3086120268000001
2562,3.0830437509999995,2.8454716514,3.3206158506,0.47514419919999984
2563,2.4261624314999994,2.4091910040999998,2.4431338588999996,0.03394285479999981
2564,2.3541022195000005,2.2759501317,2.4322543073000005,0.15630417560000032
2566,2.5332808855,2.4873373313,2.5792244397000004,0.09188710840000036
2567,3.4764900570000004,3.1400468798,3.8129332342000004,0.6728863544000006
2569,2.6817612555,2.6273685577000006,2.7361539533,0.10878539559999956
2571,3.3723789794999997,3.0814285713000005,3.6633293877,0.5819008163999997
2572,3.275748235500001,2.9228511297,3.6286453413000004,0.7057942116000002
2577,2.6428646715,2.6248000029000003,2.6609293401,0.03612933719999978
2578,2.257642288999999,2.0879357734,2.4273488046,0.3394130311999999
2579,3.2229916789999993,3.0300259506,3.4159574074,0.3859314568000003
2580,2.9520855225,2.8281397315,3.0760313135,0.24789158200000028
2581,3.5477138389999996,3.1897505746,3.9056771034000004,0.7159265288000003
2585,2.794249039,2.7073042546,2.8811938234000003,0.1738895688000004
2587,3.6501408205,3.3001463487000002,4.0001352923,0.6999889436000002
2588,2.7848091075,2.7756782644999998,2.7939399505,0.01826168600000022
2589,2.2356706560000004,2.0959671936,2.3753741184,0.27940692479999996
2591,2.251731441,2.2084344646000003,2.2950284174,0.08659395279999993
2592,2.4250070205,2.2798406287,2.5701734123,0.2903327835999998
2593,2.8557086459999996,2.7655389043999996,2.9458783875999996,0.18033948320000004
2594,2.649587639,2.5576594946,2.7415157834,0.18385628879999993
2595,2.753718692000001,2.7056040152000005,2.8018333688,0.09622935359999962
2598,3.3351476255000003,3.1428498757,3.5274453753,0.38459549960000006
2599,2.4671822320000008,2.4542787248,2.4800857392,0.025807014400000217
2600,2.5768705709999997,2.5673415425999995,2.5863995994000004,0.019058056800000944
2603,3.105961451999999,2.7780912328,3.4338316712000005,0.6557404384000005
2604,2.5113290565,2.2735242339,2.7491338791,0.47560964520000004
2612,2.9263459315,2.9217671041,2.9309247589,0.009157654799999637
2613,2.9861467005,2.7864561807,3.1858372203,0.3993810395999997
2614,2.398623488,2.3322180928,2.4650288832,0.1328107904000002
2615,3.1083897154999995,2.7660452017,3.4507342293,0.6846890276000002
2616,3.765301534,3.4504441476,4.080158920399999,0.629714772799999
2617,2.615908526500002,2.5857319159000003,2.6460851371,0.06035322119999975
2619,2.6562552484999995,2.6096273479,2.7028831491,0.09325580119999977
2620,2.8287972920000004,2.7994374087999994,2.8581571752,0.05871976640000076
2622,2.1861315,2.0152609,2.3570021,0.34174119999999997
2625,3.1165835300000007,2.6479605420000003,3.585206518,0.9372459759999998
2626,2.4568773519999993,2.4044454928,2.5093092111999997,0.10486371839999986
2627,2.835222097,2.6427325357999996,3.0277116581999994,0.3849791223999999
2628,2.6198344514999996,2.5737322709,2.6659366321000006,0.09220436120000075
2629,2.728550975,2.7102585649999997,2.7468433849999996,0.03658481999999985
2630,2.7585664050000003,2.5501437670000002,2.966989043,0.41684527599999965
2632,3.0391200494999997,2.9472052693,3.1310348296999995,0.18382956039999954
2633,2.3790999285000005,2.2585331571,2.4996666999,0.2411335428000001
2635,2.7891346804999997,2.6469513527,2.9313180083,0.28436665559999996
2636,2.5828211235000005,2.5196594741,2.6459827729,0.12632329880000004
2637,2.761526363,2.6586057082,2.8644470178,0.2058413095999998
2640,2.3148565839999997,2.1400343504,2.4896788176,0.3496444672000001
2641,3.4834382869999994,3.1431932018,3.8236833721999997,0.6804901703999997
2642,2.1627721865000007,2.1287941119,2.1967502611,0.06795614920000004
2643,3.0172264945000005,2.8294178923000004,3.2050350966999996,0.37561720439999924
2645,2.8853186190000004,2.8616871714000003,2.9089500665999997,0.04726289519999938
2647,2.528803664,2.4602797984,2.5973275296,0.13704773119999958
2648,3.1552683775000006,2.9457661285,3.3647706265,0.41900449800000006
2649,2.9307538715,2.7582322201,3.1032755229,0.3450433028000002
2650,2.242543458499999,2.0483724751,2.4367144419,0.3883419668000001
2652,3.038380085999999,2.8438709203999997,3.2328892515999996,0.38901833119999996
2655,2.3511642745000008,2.2995867843,2.4027417647,0.10315498039999982
2657,2.7880445045,2.6372935063,2.9387955026999997,0.30150199639999986
2658,3.698399488999999,3.4355132846000003,3.9612856934000003,0.5257724088
2659,2.749505138,2.7452323932000002,2.7537778828,0.0085454895999999
2660,3.167863581999998,3.0119682148000004,3.3237589492,0.3117907343999997
2661,2.5132866204999997,2.4473656687,2.5792075723,0.13184190360000025
2662,2.9951039035,2.8537234649,3.1364843421,0.2827608772000003
2663,2.816416277,2.7351551877999998,2.8976773662,0.16252217840000016
2665,2.718922904,2.5727820656000002,2.8650637424000003,0.29228167680000006
2666,2.83301007,2.7714624979999996,2.8945576420000005,0.12309514400000099
2667,3.0122467395,2.8019150353,3.2225784437000002,0.42066340840000027
2668,2.5088002105,2.4610741262999998,2.5565262947,0.09545216840000004
2669,2.3940027985000003,2.3547340791,2.4332715179,0.07853743880000019
2670,2.599897416,2.4782708496000003,2.7215239824000004,0.24325313280000005
2672,3.3516320939999997,2.9932017315999997,3.7100624563999998,0.7168607248000001
2673,2.772547922,2.7049978908,2.8400979531999995,0.1351000623999994
2674,2.6796869395,2.6728153153,2.6865585637,0.013743248399999963
2675,2.398966972,2.3574941831999996,2.4404397608,0.08294557760000032
2676,2.4464396795000005,2.4257643513,2.4671150077,0.04135065640000013
2678,2.6859642235,2.4758975129000005,2.8960309340999997,0.4201334211999992
2682,2.8736065329999994,2.6849407462,3.0622723198,0.3773315735999998
2683,2.6145197345000013,2.4844570406999997,2.7445824283,0.2601253876000005
2685,2.869791755,2.851882253,2.887701257,0.03581900399999993
2686,2.6469984895,2.6149406853,2.6790562937,0.06411560839999986
2690,2.7763974974999996,2.6587424965000004,2.8940524985000002,0.23531000199999985
2691,2.6342819760000005,2.6005455856000004,2.6680183664,0.06747278079999974
2692,2.9665665615,2.9622491861,2.9708839369,0.008634750799999757
2693,2.1340543440000004,1.9769674064,2.2911412816,0.31417387519999984
2694,2.4739944255,2.3955178553,2.5524709957,0.15695314039999975
2697,3.0279539665,2.8804223531,3.1754855799,0.29506322679999997
2699,2.8685032109999997,2.8677675266,2.8692388954,0.0014713688000003167
2700,2.6498101565,2.6119496938999998,2.6876706191,0.07572092520000018
2701,2.254584626,2.1897023756,2.3194668764,0.1297645007999999
2702,2.7729818875000003,2.7293974425,2.8165663325000003,0.0871688900000005
2703,3.041618890999999,2.8585484473999996,3.2246893346000003,0.3661408872000007
2705,2.7731977644999994,2.7634750586999997,2.7829204703,0.019445411600000462
2706,3.6152642144999994,3.2952943002999997,3.9352341286999994,0.6399398283999997
2709,3.451881609500001,3.1072650533,3.7964981657000005,0.6892331124000006
2710,3.0187509965,2.7061013950999997,3.3314005979,0.6252992028000004
2711,2.392206763,2.3660646682,2.4183488578,0.05228418959999992
2712,3.0476775590000003,2.8997361826000003,3.1956189354,0.29588275279999987
2713,2.976790074,2.9058225036,3.0477576444,0.1419351407999998
2715,3.436502077000001,3.0634481077999998,3.8095560462000004,0.7461079384000007
2716,2.4854044505000004,2.4556638307000003,2.5151450703000005,0.05948123960000018
2718,3.068129134,2.9624455876,3.1738126804,0.2113670928000002
2719,2.977830928000001,2.8874180992000005,3.0682437568,0.18082565759999936
2723,2.355324333,2.2940949998,2.4165536662,0.12245866640000003
2724,3.7031594819999984,3.4270580747999997,3.9792608892,0.5522028144000002
2726,3.5587225625,3.2399655874999995,3.8774795375,0.6375139500000007
2727,2.758666749,2.7158906486000003,2.8014428494,0.08555220079999959
2728,2.8682323445,2.8106966067,2.9257680823,0.11507147559999975
2729,2.938153269000001,2.8363209766,3.0399855614,0.20366458479999983
2730,3.3361358505000007,3.1146513907,3.5576203103,0.44296891959999973
2731,2.7378975805,2.7326045483000003,2.7431906127000003,0.010586064399999984
2732,2.0866917074999995,1.8749562244999998,2.2984271905000004,0.42347096600000067
2733,2.9149899745,2.8201523642999997,3.0098275847,0.1896752204000003
2734,2.827983884,2.7158302376,2.9401375304,0.22430729279999984
2736,2.6200652334999996,2.5324939401,2.7076365268999996,0.1751425867999994
2738,2.7322087895,2.6516163053,2.8128012737,0.16118496839999974
2740,2.5085284484999995,2.3901510691,2.6269058279,0.23675475880000008
2741,2.0632831145,1.8580610687,2.2685051603,0.41044409160000006
2744,3.4050476485,3.1125807079000003,3.6975145891,0.5849338811999996
2745,2.5863659230000002,2.5709678922,2.6017639538000004,0.030796061600000257
2747,2.6662188195,2.5764428916999997,2.7559947473,0.1795518556000002
2749,3.639638881000001,3.3024832334000003,3.9767945286,0.6743112951999999
2751,2.6506497004999994,2.5825638203,2.7187355807,0.13617176040000034
2753,2.6815382114999995,2.6167210961,2.7463553269,0.1296342307999998
2754,3.0505866459999997,2.9145741043999998,3.1865991875999997,0.27202508319999996
2756,2.4627337555,2.3677886533,2.5576788576999996,0.1898902043999997
2758,2.0971620115000005,1.9745552069,2.2197688160999998,0.24521360919999968
2759,2.2338702749999997,2.1290273650000002,2.3387131850000005,0.20968582000000024
2762,2.65886114,2.5999554839999997,2.717766796,0.11781131200000017
2764,3.2361595349999996,2.901790949,3.5705281209999997,0.6687371719999997
2766,2.8268891765000004,2.6737612471,2.9800171059,0.30625585880000017
2767,2.7963972124999996,2.6644180975,2.9283763275,0.26395823000000007
2768,2.4070316144999997,2.3440993687000002,2.4699638603,0.1258644915999998
2770,3.013265069,2.8171170966,3.2094130414,0.39229594479999985
2771,3.0077042040000017,2.8389934855999996,3.1764149224,0.33742143680000014
2773,2.679899723,2.5552556122,2.8045438337999995,0.24928822159999964
2774,2.766215613,2.5089326582,3.0234985678,0.5145659095999999
2775,2.3676107175000003,2.3391028305,2.3961186045000002,0.05701577400000035
2777,2.176999866,1.9280583196,2.4259414124,0.49788309279999976
2779,2.4768874475000002,2.4015464685,2.5522284264999997,0.15068195799999984
2780,2.5110341919999994,2.3757577152,2.6463106688,0.2705529536000002
2781,2.4431002395,2.3508941436999997,2.5353063353,0.18441219160000033
2782,2.3932036944999986,2.3455702166999997,2.4408371722999997,0.09526695560000009
2783,2.2352082934999995,2.1730453760999997,2.2973712108999997,0.12432583480000003
2784,2.5776118955,2.5721778537,2.5830459372999997,0.01086808359999969
2787,3.564135497,3.2475436958,3.8807272982,0.6331836023999999
2788,3.49553408,3.215135712,3.775932448,0.5607967359999999
2789,3.4586807469999994,3.1063466458,3.8110148482,0.7046682024000002
2790,2.7188568440000003,2.6045351815999997,2.8331785063999995,0.22864332479999971
2792,2.145073987,2.0353591921999996,2.2547887818,0.21942958960000025
2794,3.3612118159999995,3.1708485424,3.5515750896000005,0.38072654720000054
2795,2.9848089484999996,2.8364977279000003,3.1331201691,0.2966224411999998
2796,2.557596616000001,2.5217004623999997,2.5934927696,0.0717923072000004
2797,2.685845708999999,2.6656111926,2.7060802253999996,0.04046903279999947
2800,2.717472578,2.6635272092,2.7714179467999998,0.10789073759999956
2801,2.8864583015,2.8408988220999998,2.9320177809,0.0911189588000001
2802,3.318562539999999,3.007601556,3.629523524,0.6219219680000001
2804,3.3822680679999992,3.0038564952,3.7606796408000003,0.7568231456000003
2806,2.11780044,1.8179946639999998,2.417606216,0.599611552
2808,2.5632604920000004,2.4980090952,2.6285118888,0.13050279359999983
2809,2.5036348405,2.3934717043,2.6137979767000004,0.22032627240000036
2810,3.1037701825000004,2.9716950555000006,3.2358453094999997,0.26415025399999914
2811,2.636721605,2.548400963,2.725042247,0.176641284
2813,3.3212075929999996,2.9680282302,3.6743869558000006,0.7063587256000008
2814,3.451936197,3.0989554757999995,3.8049169181999996,0.7059614424
2815,3.6882195715000003,3.3422330001000002,4.0342061429000005,0.6919731428000002
2816,2.8089274985,2.6404772979,2.9773776991,0.33690040119999987
2817,2.49022316,2.358235896,2.622210424,0.2639745279999999
2819,2.1852354945000005,2.1388192967,2.2316516923,0.0928323955999999
2820,3.34667067,3.038701738,3.6546396020000005,0.6159378640000006
2823,2.5393575259999994,2.4053197156,2.6733953364,0.2680756207999999
2824,3.0590315429999997,2.9126309601999996,3.2054321258,0.29280116560000025
2825,3.0580081960000003,2.8391542744000002,3.2768621176,0.43770784319999967
2826,2.562618465,2.456958679,2.668278251,0.21131957199999984
2827,3.156286727,2.9188938178,3.3936796362,0.4747858184
2828,2.62690395,2.56099473,2.69281317,0.13181843999999998
2830,2.5888541330000003,2.3769457862000003,2.8007624798,0.4238166935999996
2831,3.0826088769999997,2.9013860277999997,3.2638317262,0.3624456984000002
2834,2.990786871,2.9588876194,3.0226861226,0.06379850320000013
2836,2.859919477,2.7328280678,2.9870108862,0.25418281840000034
2837,2.1579284165,1.9556410498999997,2.3602157831,0.4045747332000005
2839,2.6668032225000005,2.6103739335,2.7232325115000005,0.11285857800000043
2843,3.2822364729999998,3.0005094622,3.5639634838000003,0.5634540216000001
2845,2.829579323,2.7109422522,2.9482163938,0.23727414159999993
2846,3.2853079884999996,3.0928651839,3.4777507931,0.3848856091999999
2849,2.8716533235,2.7511258529000004,2.9921807941000003,0.24105494119999982
2850,2.4452641140000004,2.2093848684,2.6811433596,0.47175849120000013
2853,2.3608620929999997,2.3109940558,2.4107301301999997,0.09973607439999954
2854,2.8691001495,2.7067054093,3.0314948897,0.3247894803999998
2858,2.3578107315000003,2.2166696388999996,2.4989518240999997,0.28228218520000015
2859,2.8764413479999997,2.7506022872,3.0022804088,0.2516781215999999
2860,3.1090882950000003,2.794305613,3.4238709769999995,0.6295653639999994
2862,2.7485977709999982,2.5496128794,2.9475826626000003,0.3979697832000002
2863,2.931830975,2.7654029650000003,3.0982589849999997,0.3328560199999995
2864,3.126767224,2.7205585136000003,3.5329759343999996,0.8124174207999992
2865,3.160730432,3.0856006048,3.2358602592,0.15025965439999966
2866,2.9965978605,2.9069718047000004,3.0862239163000003,0.17925211159999987
2867,3.1820026089999995,2.9851788526000003,3.3788263654,0.3936475127999999
2868,2.698845934,2.6634923076000003,2.7341995604,0.07070725279999968
2869,2.916718183,2.8604586562000005,2.9729777098,0.11251905359999936
2870,2.850443854,2.7666085956,2.9342791124,0.1676705167999999
2872,2.9972555225,2.8890173315,3.1054937135,0.2164763820000002
2873,3.0520963230000007,2.8918912521999998,3.2123013938,0.32041014160000003
2874,3.1788142260000005,3.0898335164,3.2677949356,0.17796141919999986
2877,2.4981219475,2.2731619684999997,2.7230819264999995,0.44991995799999973
2880,2.1335380899999996,1.9432036540000002,2.323872526,0.380668872
2882,2.42889285,2.22986891,2.62791679,0.39804788
2884,2.2262743200000004,1.9680889919999998,2.484459648,0.5163706560000003
2885,3.556191278000001,3.2555133892000003,3.8568691667999997,0.6013557775999994
2888,2.9663088,2.80520712,3.12741048,0.32220336000000005
2890,3.399622739,3.0846794346,3.7145660434,0.6298866088000001
2892,2.5455457114999995,2.4998314269,2.5912599961000002,0.09142856920000009
2893,2.8012008584999997,2.4550984019,3.1473033151000003,0.6922049132000003
2895,2.7706762569999985,2.7020419598000003,2.8393105542,0.1372685943999996
2897,2.788614018,2.6231860252000003,2.9540420108000003,0.33085598559999996
2898,2.9290445815,2.8149212141,3.0431679489,0.2282467347999999
2901,2.726078700499999,2.6980845807000002,2.7540728203000002,0.05598823959999999
2903,3.40626837,3.086509718,3.7260270219999994,0.6395173039999995
2904,2.9442623384999997,2.9338346031,2.9546900739,0.020855470799999942
2905,2.6353301830000007,2.6117001098,2.6589602562,0.04726014639999976
2906,2.2419232815,2.0808367689000002,2.4030097941,0.3221730251999997
2907,2.4744982904999997,2.3777576067,2.5712389743,0.1934813676
2908,3.0072519245,2.9535218943,3.0609819546999995,0.10746006039999934
2909,2.636467691,2.5237775674,2.7491578146,0.22538024720000038
2910,2.5068472655000003,2.4223051593,2.5913893716999996,0.1690842123999996
2911,2.511355258,2.3441693612,2.6785411548,0.3343717935999999
2912,1.9364457484999993,1.7928858491,2.0800056479,0.28711979880000027
2913,3.4232782079999993,3.0852338911999997,3.7613225248,0.6760886336000005
2914,3.1546533505000003,2.8942694906999997,3.4150372103,0.5207677196000002
2915,2.4897389585000003,2.3949949751,2.5844829419,0.18948796680000024
2918,3.5951109884999997,3.2388165839,3.9514053930999995,0.7125888091999997
2919,3.0581246285,2.9366676798999998,3.1795815771000004,0.24291389720000067
2920,3.2066246305000012,2.7579556827,3.6552935783000002,0.8973378956000002
2922,2.4116213715000003,2.3366600229,2.4865827201000004,0.1499226972000005
2924,2.5894802215,2.4683753329,2.7105851101000003,0.24220977720000025
2925,2.6812416735,2.4604487429,2.9020346041,0.44158586119999965
2926,2.8256521609999994,2.6826190253999997,2.9686852966,0.28606627120000017
2927,2.6102000684999997,2.4984060411,2.7219940959,0.2235880548
2928,2.910656067,2.7362724937999996,3.0850396402,0.3487671464000006
2929,2.3530009085000003,2.3211253451,2.3848764719,0.06375112680000017
2930,3.3621774605000003,3.0099404447,3.7144144762999995,0.7044740315999993
2931,2.7555808739999996,2.6861744236,2.8249873244000003,0.13881290080000053
2934,3.024092698,2.8878601772000003,3.1603252187999997,0.2724650415999994
2937,3.1552599495,2.9989199293,3.3115999697,0.3126800404000001
2938,3.3947871035000006,3.0573495449,3.7322246621000006,0.6748751172000005
2940,3.4005400385,2.9765360539,3.8245440230999996,0.8480079691999998
2947,2.6188097974999995,2.5332789164999996,2.7043406785000004,0.17106176200000078
2948,2.727697393,2.6624263501999996,2.7929684357999998,0.13054208560000014
2950,2.410567187,2.3762559122,2.4448784618,0.06862254960000014
2951,2.986393063499999,2.8804794889,3.0923066381,0.21182714920000034
2952,2.8139836310000006,2.7054914834,2.9224757786,0.21698429520000007
2953,3.3225253379999997,3.1322086732,3.5128420028,0.38063332959999974
2954,2.1645004915,2.0507450949,2.2782558881,0.2275107932
2955,2.7481824379999997,2.7321550132,2.7642098627999996,0.03205484959999971
2956,2.6395742029999996,2.6071550842,2.6719933218,0.06483823760000007
2957,2.478003638,2.3532825828,2.6027246932000003,0.24944211040000042
2958,3.6573520554999996,3.3975996777,3.9171044332999996,0.5195047555999994
2959,3.222373474500001,3.0021000643000004,3.4426468847000002,0.4405468203999998
2960,2.822813518,2.7679669108,2.8776601252000003,0.10969321440000046
2961,3.130180496,2.9883806944000004,3.2719802976,0.28359960319999944
2963,3.3561470924999997,3.0312839295000003,3.6810102555000004,0.6497263260000001
2964,2.580280023,2.5752252138,2.5853348322,0.01010961840000002
2966,2.418427871,2.2373091225999997,2.5995466194,0.36223749680000017
2967,2.7331304110000003,2.6778261754000003,2.7884346466,0.1106084711999995
2969,3.3231667725,2.9783762815,3.6679572635,0.6895809819999998
2970,2.3047615780000004,2.0468105467999997,2.5627126091999997,0.5159020623999999
2971,3.27467561,2.851175854,3.6981753659999996,0.8469995119999996
2972,2.3257631109999997,2.3097330665999998,2.3417931553999995,0.032060088799999775
2973,2.25591732,2.044353192,2.4674814479999996,0.4231282559999996
2975,3.1427795354999994,3.0043029496999996,3.2812561212999998,0.2769531716000002
2976,1.8474250919999995,1.5931678552,2.1016823288,0.5085144736
2977,3.2174949924999994,3.1022681895,3.3327217955,0.23045360599999976
2979,2.3280606935,2.3240388161000003,2.3320825709000004,0.00804375480000008
2982,2.8497228760000004,2.7261804264,2.9732653256,0.24708489919999987
2983,2.94046827,2.748233978,3.1327025619999995,0.3844685839999995
2984,2.60271723,2.557647538,2.6477869220000003,0.09013938400000043
2985,3.298753574999999,3.023367405,3.574139745,0.55077234
2986,3.1919605520000007,2.9467287728000002,3.4371923312000003,0.4904635584000001
2988,2.6763101720000013,2.4462702408,2.9063501032,0.46007986239999976
2990,2.9609325994999995,2.8931632393,3.0287019597,0.1355387203999996
2991,2.048926576,1.8991419456,2.1987112064,0.2995692608
2992,2.2970328125000004,2.1815484875000006,2.4125171375,0.23096864999999944
2993,2.537658323,2.5253872522,2.5499293938,0.02454214160000001
2994,2.7254826345,2.7147915807,2.7361736882999996,0.02138210759999959
2996,3.4632359809999995,3.0471907734,3.8792811886,0.8320904151999997
2998,3.0996556625000005,2.9935659275,3.2057453975,0.2121794699999997
2999,3.468762411,3.1249485754,3.8125762466000004,0.6876276712000005
3000,3.621728847499999,3.3281743864999997,3.9152833085,0.5871089220000001
3001,2.6424035925,2.6104433555,2.6743638295,0.06392047399999967
3002,2.557232839,2.4336647746,2.6808009034,0.24713612880000024
3003,3.1193082870000004,2.9389560018,3.2996605721999996,0.3607045703999998
3004,2.3591314245000006,2.2728528547,2.4454099943000003,0.1725571396000003
3005,3.412828944500001,3.1266701223,3.6989877667,0.5723176444
3006,3.3778821085,3.0613557519,3.6944084651000004,0.6330527132000006
3009,2.844658508,2.7028923111999994,2.9864247047999997,0.28353239360000027
3010,3.036236003,2.9639592042000005,3.1085128018,0.14455359759999942
3011,2.403980761999999,2.2150448572,2.5929166668,0.3778718095999998
3012,3.0667287589999996,2.9928630626,3.1405944554,0.14773139279999992
3013,3.2109128715000006,2.7934712201000003,3.6283545229000005,0.8348833028000002
3014,2.976027718,2.9295992052,3.0224562308000005,0.09285702560000031
3015,3.0592346270000004,2.9021864778000004,3.2162827762,0.31409629839999953
3016,3.5459384574999993,3.1960214405,3.8958554745,0.6998340339999998
3018,3.110189818999999,3.0130985465999998,3.2072810913999996,0.19418254479999986
3020,3.3721008795,3.0675976313,3.6766041277,0.6090064964000002
3023,3.5769659799999993,3.273757572,3.8801743880000004,0.6064168160000003
3028,2.431724885499999,2.2106569313,2.6527928397,0.44213590840000005
3029,2.8942289174999996,2.8248368845,2.9636209504999997,0.13878406599999993
3031,3.6362812215,3.2964549101,3.9761075328999995,0.6796526227999995
3035,2.400782851,2.3395933106,2.4619723914,0.1223790807999996
3037,2.2487701490000003,2.0725132894000002,2.4250270086,0.35251371919999963
3038,2.3158754565000006,2.2022716739,2.4294792391,0.22720756520000007
3039,2.8856553734999997,2.7727451228999995,2.9985656241,0.2258205012000003
3040,2.807933245,2.6444757430000005,2.9713907470000005,0.32691500399999995
3043,2.499205406,2.4832543684,2.5151564436,0.0319020752000001
3044,2.998285135,2.918367989,3.0782022810000003,0.1598342920000002
3045,3.030806351,2.9965028914000005,3.0651098106,0.06860691919999962
3047,2.933701601,2.8657358414,3.0016673606,0.13593151920000013
3048,2.7497690635000005,2.6267298889,2.8728082381,0.24607834920000027
3049,2.3559634764999995,2.3153452859,2.3965816671,0.0812363812000001
3050,2.9952149905,2.9174637866999995,3.0729661942999997,0.15550240760000023
3051,2.5951889820000007,2.5713109892,2.6190669748000004,0.04775598560000027
3055,2.4716051025,2.4594922615000003,2.4837179435000003,0.02422568199999997
3056,3.10798666,2.882247724,3.333725596,0.4514778719999999
3057,3.458488915500001,3.0996384817,3.8173393493000005,0.7177008676000005
3058,2.4777190229999997,2.3684782137999996,2.5869598322000003,0.2184816184000007
3059,3.4971719004999997,3.3050074606999997,3.6893363403,0.3843288796000004
3061,3.043852589500002,2.9569100253,3.1307951537,0.1738851283999998
3062,2.826754619,2.7369384666000003,2.9165707714,0.1796323047999997
3063,2.874809192,2.7848072688000003,2.9648111152000003,0.1800038464
3064,2.632023155,2.628013617,2.6360326929999998,0.008019075999999625
3065,3.5727765004999994,3.2924227007,3.8531303003,0.5607075996000002
3066,2.267821374,2.2069976244000005,2.3286451236000003,0.12164749919999984
3067,3.0889517245,2.8978788143,3.2800246347,0.38214582040000034
3068,3.5665366990000007,3.3036121786,3.8294612194,0.5258490408000003
3069,3.1018870649999997,2.9615102909999997,3.2422638389999996,0.28075354799999985
3070,2.8930497570000004,2.8046140598,2.9814854542,0.1768713944
3071,2.5711630335000004,2.4688974201,2.6734286469,0.20453122680000035
3073,3.2503943085000007,2.8416044319000004,3.6591841851000004,0.8175797532
3074,2.885470319,2.7718528466,2.9990877913999996,0.22723494479999973
3078,2.4152945225,2.2969515135,2.5336375315,0.23668601800000033
3079,3.2074433294999998,3.0123354612999997,3.4025511977,0.39021573640000007
3080,2.5821219095,2.5133367457,2.6509070733,0.13757032759999976
3081,2.2357749020000006,2.1182297412,2.3533200628,0.23509032159999999
3082,2.7002602694999993,2.6594287772999996,2.7410917616999995,0.08166298439999986
3085,2.754571094,2.6326943316,2.8764478564,0.2437535247999998
3086,2.722936627999999,2.7026303768,2.7432428791999994,0.04061250239999925
3087,3.4120813945000013,3.1463715523,3.6777912367,0.5314196843999999
3090,3.002848662499999,2.8535733275,3.1521239975000004,0.29855067000000046
3091,2.8384876450000003,2.721923903,2.9550513869999997,0.23312748399999972
3092,2.3516228789999998,2.3389565274,2.3642892306,0.025332703199999695
3093,2.8938558154999994,2.7998661417,2.9878454892999997,0.1879793475999998
3094,2.7486844529999996,2.6240674342,2.8733014717999996,0.24923403759999951
3096,2.1881396755000004,1.9564318053,2.4198475456999997,0.46341574039999966
3097,2.942596674000001,2.7349385436,3.1502548044000003,0.41531626080000006
3098,3.1942889814999997,3.0392769741,3.3493009889,0.3100240148000002
3099,2.5513260035,2.5300892021,2.5725628049,0.0424736027999999
3100,2.621143275,2.5953671650000003,2.646919385,0.05155221999999959
3101,3.2623234264999996,2.9468803971,3.5777664559000004,0.6308860588000003
3102,2.780193695,2.7017731730000003,2.858614217,0.15684104399999965
3105,3.5109133060000004,3.1203470284000003,3.9014795835999996,0.7811325551999992
3106,2.7351556014999994,2.6769165608999996,2.7933946420999995,0.11647808119999992
3108,2.5195882320000003,2.4212413392000003,2.6179351248000002,0.19669378559999995
3109,2.2119399520000003,2.0531007712,2.3707791328,0.31767836160000007
3110,3.027256075500001,2.8012189057,3.2532932453,0.4520743396000002
3111,3.1079731715000003,3.0644740401000004,3.1514723029000002,0.08699826279999989
3114,3.616775365,3.337117111,3.8964336190000006,0.5593165080000007
3115,3.511355957499999,3.2314731405000003,3.7912387745,0.5597656339999997
3117,3.201793429,2.7844904006,3.6190964573999995,0.8346060567999993
3118,2.5160446280000004,2.4251211768000003,2.6069680791999996,0.18184690239999934
3120,1.973242376,1.8104770256,2.1360077264,0.3255307007999999
3121,3.1072206970000003,2.8440709758,3.3703704182000003,0.5262994424000005
3123,3.4784366124999995,3.0852608575,3.8716123674999996,0.7863515099999998
3124,2.8779617375000006,2.8040676325,2.9518558424999997,0.14778820999999986
3125,2.1545344805,1.9718486883,2.3372202727,0.3653715844000003
3126,2.1767029024999998,2.1762133415,2.1771924635,0.0009791219999999434
3129,3.2814456149999995,2.973651461,3.589239769,0.615588308
3130,2.8878217245,2.7027648143,3.0728786347000003,0.3701138204000003
3131,2.8245690874999996,2.7339439225,2.9151942524999996,0.18125032999999968
3132,2.944091340999999,2.9396114774,2.9485712046,0.008959727199999712
3134,2.7514459539999994,2.6835375356,2.8193543724,0.13581683679999967
3135,2.5313147844999997,2.4567274983,2.6059020707,0.1491745724000002
3136,3.2945899780000008,3.0880967692000003,3.5010831868000003,0.4129864176
3137,2.7667750185,2.7496750259,2.7838750111,0.03419998520000034
3138,2.4221174175,2.4087372504999998,2.4354975845,0.02676033400000044
3139,2.9571616895000004,2.9038431652999996,3.0104802137,0.10663704840000054
3140,2.1329038539999985,2.1327999124,2.1330077955999998,0.00020788319999986982
3141,2.8419206884999992,2.8209361638999995,2.8629052131,0.04196904920000044
3142,3.1054314455000003,2.9737544237000004,3.2371084673,0.2633540435999997
3143,2.9002340859999998,2.7347385204,3.0657296516,0.3309911311999998
3144,2.457441097,2.4335042582,2.4813779358,0.04787367759999972
3145,2.4726769459999995,2.4165993676,2.5287545244,0.1121551568000001
3146,2.819935236,2.7160821304000002,2.9237883416,0.20770621119999966
3148,3.3918585125000007,3.0359135175,3.7478035075000005,0.7118899900000004
3149,3.097420808,3.0670367312,3.1278048848,0.06076815360000021
3150,2.9634728819999996,2.8568408348000003,3.0701049291999998,0.2132640943999995
3151,2.6426077219999993,2.5221234332,2.7630920108000003,0.24096857760000034
3152,3.432624735,3.188162229,3.6770872409999997,0.4889250119999997
3153,2.602700474,2.5434214635999997,2.6619794844,0.11855802080000055
3154,3.5675351910000015,3.2685304674,3.8665399145999997,0.5980094471999995
3155,2.9064866719999993,2.8641769407999997,2.9487964032000002,0.08461946240000051
3156,3.4210839775,3.0279603685,3.8142075865000002,0.7862472180000002
3157,3.2390982825000005,3.0145895955000004,3.4636069695,0.4490173739999994
3162,3.444728906,3.0610632683999994,3.8283945436,0.7673312752000006
3163,2.435554262,2.3833137572,2.4877947668,0.10448100960000017
3164,2.5410128365,2.5213467710999997,2.5606789018999994,0.03933213079999964
3165,2.9887512515,2.7736749520999995,3.2038275509,0.43015259880000034
3166,2.3049037985,2.2256566791,2.3841509179,0.1584942387999999
3167,2.4829725550000004,2.4169455330000003,2.548999577,0.13205404399999976
3169,2.1071409979999993,1.9714437987999998,2.2428381971999998,0.2713943984
3170,2.730627571,2.6087585993999998,2.8524965426,0.2437379432000002
3171,3.1325072135,3.0446160988999997,3.2203983281,0.1757822292000002
3172,2.718767298,2.6537166172,2.7838179788,0.13010136159999997
3173,2.5196271829999994,2.4791451098,2.5601092562,0.08096414639999994
3174,2.819694871,2.7479252194,2.8914645225999998,0.14353930319999986
3175,2.5402084049999996,2.523464967,2.556951843,0.033486876
3177,2.5931223264999996,2.5705701959,2.6156744571000003,0.04510426120000055
3178,2.6433052745,2.5028871647,2.7837233843,0.2808362195999998
3179,2.076475411,1.9763324466,2.1766183754,0.20028592879999985
3180,3.6480607285,3.3465942199000005,3.9495272371000003,0.6029330171999998
3181,3.1497052969999997,2.9081226158,3.3912879781999994,0.4831653623999994
3182,2.5045555809999995,2.4449725486,2.5641386134,0.11916606479999992
3183,2.5957446665000004,2.5890491999000007,2.6024401331,0.013390933199999289
3185,2.2068531095000004,2.1618506657,2.2518555533,0.09000488760000014
3186,2.7409248364999996,2.6854961018999997,2.7963535710999996,0.11085746919999995
3188,2.6080438975,2.5749294565,2.6411583385,0.06622888199999988
3189,3.4352295364999996,3.2335673511,3.6368917219,0.40332437080000005
3191,3.3949601300000007,3.132571782,3.6573484780000003,0.5247766960000004
3193,3.3098320035,3.0319644049000005,3.5876996021000003,0.5557351971999998
3195,3.3447089240000003,2.9403464936,3.7490713544000003,0.8087248608000004
3196,2.9422873595000003,2.8119343033,3.0726404157,0.26070611239999986
3199,2.8630107505,2.7287786507,2.9972428502999997,0.2684641995999999
3200,3.274090525999999,3.0357747364,3.5124063156000007,0.47663157920000065
3203,2.9741550435,2.9068098608999997,3.0415002261,0.13469036520000044
3206,3.4205118429999994,3.1255865802,3.7154371058000004,0.5898505256000006
3208,2.7822408025,2.6388919235,2.9255896815,0.28669775799999986
3209,2.900822467,2.8520198538,2.9496250802,0.09760522640000024
3211,2.6052881670000003,2.4956402338000006,2.7149361002,0.21929586639999954
3212,2.7436292079999998,2.6608588911999997,2.8263995248,0.16554063360000004
3213,3.027324977000001,2.9431893678,3.1114605862,0.16827121840000014
3215,2.7753861665000006,2.6404190331,2.9103532999000006,0.26993426680000043
3218,2.793741409000001,2.5634519726000002,3.0240308454,0.46057887279999976
3220,2.6581079924999997,2.6287191955000004,2.6874967895000004,0.05877759399999993
3221,2.1241782424999993,2.0503781455,2.1979783395,0.14760019400000024
3222,3.1179184854999997,3.0472582797000003,3.1885786913,0.14132041159999975
3224,3.1219515514999996,2.9025001721,3.3414029309,0.4389027588000003
3225,3.3466996199999994,3.018760268,3.6746389719999994,0.6558787039999996
3226,2.8202745275000014,2.7776891165,2.8628599385,0.08517082200000026
3228,3.4229134429999997,3.0318192202,3.8140076657999997,0.7821884455999997
3230,3.586559156500001,3.3069592191000003,3.8661590939000003,0.5591998748
3232,2.875253431,2.7335352034,3.0169716585999997,0.28343645519999994
3233,2.4725623110000003,2.4365417866000003,2.5085828354,0.07204104879999962
3234,3.5194135165000002,3.191668123100001,3.8471589099000005,0.6554907867999997
3235,3.466112752999999,3.1095562541999993,3.8226692517999994,0.7131129976000001
3236,3.0033552969999997,2.8411982158,3.1655123782,0.3243141623999999
3239,2.4527724345,2.3414926607,2.5640522083,0.22255954759999996
3240,3.188613756,2.7481568584000002,3.6290706536,0.8809137951999997
3241,2.5389056525,2.5179043135,2.5599069915,0.04200267800000024
3242,2.9959478440000002,2.8813737816,3.1105219064,0.22914812480000002
3243,3.4919179230000004,3.1892842922,3.7945515538,0.6052672615999999
3244,3.0062730325,2.9220938454999996,3.0904522195000004,0.16835837400000075
3246,2.1268916360000003,1.9092401816,2.3445430904,0.4353029088000002
3248,2.977028446,2.8200106244,3.1340462676,0.3140356432
3249,2.741481919,2.7296227513999995,2.7533410866,0.02371833520000033
3250,3.1207081535000003,2.9495598149,3.2918564921,0.3422966771999998
3251,2.8712106575000003,2.8228601205,2.9195611944999995,0.09670107399999939
3252,2.9967378520000003,2.9107909928000004,3.0826847112,0.17189371839999978
3253,2.295876602,2.1167199612000003,2.4750332428000004,0.3583132816000001
3255,3.1329891389999998,3.0141739946,3.2518042834,0.2376302887999997
3257,3.1523210710000007,3.0475326994,3.2571094426,0.20957674319999997
3258,3.512180634,3.1770236876,3.8473375804,0.6703138927999999
3260,2.3248251205,2.2231658722999996,2.4264843686999997,0.2033184964000001
3261,2.7044171235000003,2.6033215729,2.8055126740999996,0.2021911011999995
3262,3.3436022089999997,3.1433822926,3.5438221254,0.40043983280000006
3263,3.1060902375000006,2.8074443325,3.4047361424999996,0.5972918099999998
3265,3.4725785829999998,3.1689444162,3.776212749800001,0.6072683336000009
3268,2.2179165300000006,2.121125118,2.314707942,0.19358282399999993
3269,3.2585293959999992,2.9976339544,3.5194248375999995,0.5217908831999996
3273,3.4752402719999993,3.1230903808000003,3.8273901632,0.7042997823999997
3274,2.5951036769999996,2.5606471478,2.6295602062,0.06891305839999973
3276,2.5055162319999997,2.3924589392,2.6185735248,0.22611458559999997
3278,2.4101360174999997,2.3948216105,2.4254504245,0.03062881399999995
3280,3.1374804069999995,2.9848577697999996,3.2901030442000003,0.3052452744000007
3282,2.6042648330000002,2.4313771662,2.7771524998,0.34577533360000023
3284,2.2393135145000005,2.0029937087,2.4756333203,0.4726396116
3285,2.824469405499999,2.7637611677000002,2.8851776432999996,0.12141647559999935
3286,2.6773685545,2.6620771327,2.6926599763000003,0.03058284360000041
3287,2.6077054339999997,2.4213392604,2.7940716076000003,0.37273234720000037
3288,2.6457777475,2.5827712465,2.7087842484999998,0.12601300199999965
3291,2.9647161610000006,2.8232378254,3.1061944965999997,0.28295667119999957
3292,2.5965163505000004,2.4941884907,2.6988442103,0.20465571959999984
3293,2.692641341,2.6885230774,2.6967596046,0.008236527199999788
3294,2.8827734580000004,2.8534224748000003,2.9121244412,0.058701966399999694
3295,3.0085647005000005,2.9613073806999997,3.0558220202999995,0.09451463959999984
3296,2.0763411645,2.0421278987,2.1105544303,0.06842653160000012
3298,2.9463765055,2.9052591077,2.9874939033,0.0822347955999998
3300,2.7381970755,2.5938467057000003,2.8825474453,0.28870073959999987
3301,2.508388277,2.4471101662,2.5696663878,0.12255622160000001
3302,3.353259982,2.9523179748,3.7542019892000003,0.8018840144000001
3303,3.03439277,2.825852678,3.242932862,0.417080184
3304,2.506920148,2.4669522072000003,2.5468880888000003,0.07993588159999998
3305,3.3423132294999998,2.9969841213,3.6876423377,0.6906582163999997
3306,3.0454788485000006,2.8722035879000005,3.2187541091000003,0.34655052119999974
3307,3.7221469294999996,3.4088229013,4.035470957699999,0.6266480563999992
3308,2.5584350675000005,2.4309186945,2.6859514405,0.2550327459999999
3310,3.0632148065000004,2.8881899291,3.2382396839,0.35004975479999967
3311,2.2653155350000005,2.189543321,2.341087749,0.15154442800000023
3312,2.5817725605,2.5296423847000002,2.6339027363,0.1042603515999998
3314,2.3440367005000002,2.3197392203000002,2.3683341807,0.048594960399999554
3315,2.5058811665,2.4732132331,2.5385490999,0.06533586679999992
3316,2.6047979815,2.5682295740999996,2.6413663889,0.07313681480000023
3318,2.363773712,2.3271003967999997,2.4004470272000002,0.07334663040000056
3320,3.723672706499999,3.3921637891,4.055181623899999,0.6630178347999993
3321,3.0396692305,2.8189925227,3.2603459383,0.4413534156000001
3322,3.500728068,3.2648480952,3.7366080408000006,0.47175994560000056
3323,2.1308565865,2.1006559519000003,2.1610572211,0.060401269199999774
3324,2.738157428,2.6858655992,2.7904492568,0.1045836576000001
3325,2.9730071455,2.7195168037000004,3.2264974873,0.5069806835999997
3326,2.8831887535000003,2.8417126549,2.9246648521000003,0.08295219720000047
3327,2.5110850965,2.4742382579,2.5479319351000003,0.07369367720000009
3328,2.9547160275000004,2.8443116385,3.0651204165,0.22080877800000032
3329,3.3703210885000003,3.1798467239000003,3.5607954531000003,0.3809487292
3331,2.4180493235000005,2.3740878529,2.4620107941000002,0.08792294120000044
3332,2.8099767305,2.5319202227,3.0880332383,0.5561130155999998
3333,3.0769480904999997,2.9540669267,3.1998292543000004,0.2457623276000005
3334,2.169104099,2.0406564593999996,2.2975517385999997,0.2568952792000001
3335,2.819798967,2.6691677538,2.9704301801999997,0.30126242639999967
3336,3.3652553495000013,3.1603122893,3.5701984097,0.40988612039999994
3337,2.607886181,2.5932249086000003,2.6225474534,0.02932254479999985
3340,2.7032122434999994,2.6428659409,2.7635585461,0.12069260519999991
3341,3.4651339484999997,3.0909279278999997,3.8393399690999996,0.7484120411999999
3343,2.076833662,1.8731485972,2.2805187267999996,0.40737012959999963
3345,3.268587592,2.9394778288,3.5976973552000002,0.6582195264000004
3346,2.7304546345,2.6367776883,2.8241315807,0.1873538924
3348,3.4128058184999994,2.9764249458999994,3.8491866911000003,0.8727617452000009
3349,3.2692084370000005,2.9580566118,3.5803602622,0.6223036504000001
3350,2.9216868500000004,2.78133759,3.0620361099999998,0.2806985199999996
3352,2.7892643735000004,2.6187445229,2.9597842241,0.3410397011999997
3353,2.9678365025000004,2.8247879035,3.1108851015,0.2860971980000002
3354,2.9068364645,2.7142706503,3.0994022787,0.3851316283999999
3355,2.733337976,2.6237623856,2.8429135664,0.21915118079999996
3357,2.5078521725,2.5043417035,2.5113626415,0.007020937999999699
3358,2.151343483,2.0991684898,2.2035184762,0.10434998640000037
3359,2.6376435455,2.5827433637,2.6925437273,0.10980036359999978
3360,2.8742928805000005,2.7677648326999997,2.9808209283,0.21305609560000027
3363,2.2870539754999997,2.2793143656999995,2.2947935853,0.015479219600000427
3364,2.6380012755,2.5593869857,2.7166155652999997,0.15722857959999992
3365,2.959591005,2.875869407,3.043312603,0.1674431959999998
3366,2.524738891,2.3613485346,2.6881292473999996,0.32678071279999976
3367,2.5340005914999995,2.3907736281000003,2.6772275549,0.2864539267999997
3368,2.328386453,2.3001094718000004,2.3566634342,0.05655396239999977
3370,2.8787896834999986,2.8728478100999997,2.8847315569,0.01188374680000015
3371,2.965802287,2.7889564017999997,3.1426481722,0.3536917704000002
3372,2.6427931399999993,2.458695196,2.826891084,0.36819588800000025
3373,2.3828316629999997,2.3745001977999998,2.3911631281999997,0.016662930399999887
3374,2.2656988104999995,2.1320756863,2.3993219347,0.2672462484000002
3376,2.9683025100000013,2.728969914,3.207635106,0.47866519200000024
3377,2.484089962,2.4240607468000004,2.5441191772000002,0.12005843039999986
3378,3.5376482514999994,3.1583687521000003,3.9169277508999993,0.758558998799999
3380,3.4938644629999995,3.1769662482000003,3.8107626777999997,0.6337964295999994
3381,2.913552667,2.8826497338,2.9444556002,0.061805866399999854
3383,3.0021789255,2.8539668956999997,3.1503909553,0.29642405960000007
3384,3.1014572355,3.0622773296999997,3.1406371413,0.07835981160000038
3387,2.8107657845,2.6663144983000002,2.9552170707,0.2889025723999996
3388,3.012159937,2.7909455118,3.2333743621999997,0.4424288503999998
3389,3.0493325715,2.8740268001,3.2246383429,0.3506115428000003
3390,2.100610298,1.9045301788,2.2966904172,0.3921602383999998
3391,2.5106457004999996,2.4901383806999995,2.5311530203,0.041014639600000624
3392,3.041108972,2.9006501608,3.1815677832,0.28091762240000007
3393,2.7351054555000003,2.7303836733000004,2.7398272377,0.009443564399999715
3394,2.4017650915,2.3720274549000004,2.4315027281000003,0.0594752731999999
3395,2.6614760975,2.5653777365000003,2.7575744585,0.19219672199999982
3396,2.576666449,2.5601650694,2.5931678286,0.033002759199999954
3397,3.4719989234999997,3.2387976929,3.7052001541000004,0.4664024612000004
3399,2.8891289110000002,2.7380512754,3.0402065466,0.30215527119999974
3401,3.0956503180000006,3.0124672452000003,3.1788333908000004,0.16636614560000007
3403,2.454935885,2.346808731,2.5630630389999998,0.2162543079999999
3406,2.7705556085,2.6341374519,2.9069737650999996,0.27283631319999957
3408,2.4753417985,2.4406718791,2.5100117179,0.06933983879999994
3410,2.928248418,2.8004401852000003,3.0560566508,0.25561646559999973
3411,3.4829598249999996,3.091678955,3.8742406949999997,0.7825617399999998
3412,3.559412108000001,3.1599273512000003,3.9588968648000002,0.7989695135999999
3413,3.3104698890000006,3.0682610446000003,3.5526787334,0.4844176887999998
3416,2.4607854270000002,2.4279332562000002,2.4936375978000003,0.06570434160000005
3417,2.7209022564999996,2.6909501539000003,2.7508543591,0.059904205199999616
3420,2.9580560685000004,2.8665932959000004,3.0495188411000003,0.18292554519999982
3421,3.113085613,3.0337878582,3.1923833677999998,0.15859550959999957
3423,3.0679225845,2.9823568182999995,3.1534883507,0.17113153240000045
3424,2.7208273309999997,2.6753630634000003,2.7662915985999996,0.09092853519999933
3426,2.0889898780000005,1.9456011267999997,2.2323786292,0.2867775024000001
3430,2.9681806145000005,2.8101484603,3.1262127687,0.31606430839999966
3431,3.1204223789999994,2.7935205306,3.4473242273999993,0.6538036967999994
3432,2.9145562335000004,2.9031619269,2.9259505401,0.02278861319999992
3433,2.919991102,2.8541135428,2.9858686611999996,0.13175511839999965
3434,3.474078514000001,3.1570231196,3.7911339083999995,0.6341107887999997
3436,2.0898396189999997,1.9496769713999997,2.2300022666,0.2803252952000004
3437,3.0433950255,2.8405766357000006,3.2462134152999997,0.4056367795999991
3440,2.7725831010000013,2.6586695414,2.8864966606,0.2278271192000001
3446,2.5605866234999985,2.5142399740999997,2.6069332728999997,0.09269329879999999
3447,3.330384124999999,2.930672975,3.730095275,0.7994223000000003
3448,2.5286092559999997,2.4259443536000003,2.6312741584,0.20532980479999985
3450,2.5914932700000004,2.531498178,2.6514883620000003,0.11999018400000017
3451,2.609256066,2.5409592396,2.6775528923999996,0.1365936527999998
3453,2.7172836315,2.7125261789,2.7220410841000002,0.00951490520000009
3454,2.9373497635000003,2.8943704689000005,2.9803290580999997,0.08595858919999921
3456,3.6055706935,3.2941965709,3.9169448161000004,0.6227482452000004
3457,2.767857793,2.7525461102000004,2.7831694758000003,0.030623365599999897
3459,3.4734366120000004,3.1538636568000005,3.7930095672,0.6391459103999995
3462,2.2896453535,2.2593380121,2.3199526949000004,0.060614682800000264
3464,2.7102716735,2.6564446041000003,2.7640987429,0.10765413879999963
3465,2.5711918005,2.5631049207000003,2.5792786803000003,0.016173759600000004
3467,2.9189005525000002,2.8452455735,2.9925555315,0.14730995799999969
3468,3.0941877615,2.9683628661,3.2200126569,0.2516497907999997
3470,3.5914780575000003,3.2177220805,3.9652340345000003,0.7475119540000001
3471,3.5040606935,3.1113461709,3.8967752161,0.7854290451999999
3472,2.8735565939999996,2.6513880315999994,3.0957251564,0.44433712480000054
3473,2.7850535155,2.5859177217,2.9841893093,0.39827158760000003
3475,3.075709560499999,2.9819521847,3.1694669362999996,0.18751475159999975
3476,2.5591876069999997,2.3984325642000006,2.7199426498,0.3215100855999995
3480,2.1003227124999997,1.9457512275,2.2548941975,0.30914297000000013
3481,2.9092665175,2.7916751245,3.0268579105,0.23518278599999975
3482,2.3233143805000007,2.2132978283,2.4333309327,0.22003310440000012
3483,3.5280586595000005,3.2319265233,3.8241907957,0.5922642724
3484,3.3107397010000006,2.9794771814,3.6420022206,0.6625250391999997
3485,2.4926975760000003,2.3589778064,2.6264173456,0.2674395392000002
3486,3.328216183500001,3.0211166569,3.6353157101,0.6141990532000001
3487,2.809003206999999,2.8020320898,2.8159743242000004,0.01394223440000042
3489,3.3039740130000004,3.0926548181999998,3.5152932078000005,0.4226383896000008
3492,2.6814416885,2.6387935639,2.7240898131,0.08529624919999979
3493,2.3176226315,2.3032679789,2.3319772841,0.028709305200000035
3494,3.434374982500001,3.1552425755,3.7135073895,0.5582648140000002
3497,2.3031598595,2.1818443157000003,2.4244754032999998,0.24263108759999952
3498,3.3730511210000005,3.0807775694000004,3.6653246726,0.5845471031999998
3503,2.315333618,2.2251449708,2.4055222652,0.18037729439999994
3504,2.6758390870000004,2.6158711218,2.7358070522,0.11993593040000006
3505,2.6252486995,2.5431308197,2.7073665793000004,0.16423575960000036
3507,2.8542529569999995,2.6401353398000005,3.0683705741999994,0.4282352343999989
3508,3.0386012495000005,2.8745353493,3.2026671497,0.3281318004
3509,3.1100615635,2.8509985889,3.3691245381,0.5181259491999999
3510,2.496917506999999,2.4411857042,2.5526493097999996,0.11146360559999957
3513,2.812646971,2.7622261826,2.8630677594000002,0.10084157680000017
3514,2.7086234435,2.6169772209,2.8002696660999997,0.18329244519999977
3515,2.3687565050000003,2.2615859030000003,2.475927107,0.21434120399999967
3516,3.014736107,2.9112177498,3.1182544642,0.20703671440000004
3519,2.5188220155,2.3532936093,2.6843504216999996,0.3310568123999995
3521,2.9188301875,2.8606682625000004,2.9769921125,0.11632384999999967
3523,2.8696460554999996,2.7712364777,2.9680556332999997,0.19681915559999963
3526,2.4972274925,2.4528436955,2.5416112894999996,0.08876759399999967
3528,3.3590054339999997,3.0506376075999997,3.6673732604,0.6167356528000001
3529,2.4887871955,2.4814140737,2.4961603172999998,0.014746243599999875
3531,2.7146343299999995,2.576361262,2.8529073979999997,0.2765461359999999
3532,2.4466526995,2.3947012197,2.4986041793,0.10390295960000007
3534,2.8475301850000005,2.8190217110000004,2.876038659,0.05701694799999979
3535,2.6580065740000003,2.6052092036,2.7108039444000003,0.10559474080000042
3536,2.4576612895,2.4187571737,2.4965654053,0.07780823160000017
3538,2.999965084000001,2.9693279176,3.0306022504,0.06127433280000005
3539,2.255788809,2.1540016854,2.3575759326,0.20357424720000017
3540,2.3965274439999997,2.2243656664,2.5686892216,0.3443235551999999
3542,2.3221469980000005,2.2906885988,2.3536053971999995,0.06291679839999942
3543,3.0767898950000006,3.011899053,3.141680737,0.12978168400000012
3544,2.7483882389999974,2.7022199345999995,2.7945565433999997,0.09233660880000016
3546,2.8514924084999986,2.7780157719,2.9249690451000006,0.14695327320000073
3549,2.6527159680000003,2.6042971552,2.7011347808000004,0.09683762560000053
3551,2.6458896555,2.6384207176999994,2.6533585933,0.014937875600000705
3552,2.7814425815,2.6305880141,2.9322971488999996,0.3017091347999994
3553,3.0476857045000005,2.8598159863,3.2355554227000005,0.3757394364000004
3556,2.8708824390000007,2.6362606146000003,3.1055042634,0.4692436487999996
3557,2.9943598034999996,2.6854389249,3.3032806820999996,0.6178417571999995
3560,3.3046357765,2.9644360870999997,3.6448354659,0.6803993788000002
3562,2.930152610999999,2.9111340554000003,2.9491711666000002,0.03803711119999997
3566,3.573850628,3.3569720791999997,3.7907291767999998,0.43375709760000003
3567,3.3126225155,3.0208103217,3.6044347093,0.5836243876
3568,2.8171053114999998,2.7362219869,2.8979886361,0.16176664920000006
3569,3.0412053775000008,2.8920487285000003,3.1903620264999994,0.29831329799999917
3570,3.4715652109999997,3.2068476954,3.7362827266,0.5294350311999998
3571,3.0214746924999996,2.9187917695,3.1241576155,0.2053658460000003
3572,2.3071372000000006,2.2312119200000002,2.38306248,0.15185055999999975
3573,3.5068726290000005,3.1493620806,3.8643831773999993,0.7150210967999993
3574,3.202368146,3.0128678044000003,3.3918684875999996,0.37900068319999924
3577,2.9115440830000003,2.6841273162000006,3.1389608498,0.45483353359999956
3578,2.6075044805,2.5656734883000003,2.6493354727000002,0.08366198439999994
3579,2.522346302,2.5057509812000003,2.5389416228000004,0.03319064160000007
3581,2.2941937540000006,2.0853590524000003,2.5030284556000004,0.4176694032000001
3582,2.633231812,2.6098181368,2.6566454871999996,0.046827350399999634
3583,2.0551504035,2.0232162421,2.0870845649,0.06386832279999988
3584,1.770924834,1.5683313004000001,1.9735183676000003,0.4051870672000002
3586,2.8545582325,2.5676835255,3.1414329395000005,0.5737494140000003
3588,2.40605912,2.297811872,2.514306368,0.21649449600000015
3589,2.3423292170000005,2.2783347301999997,2.4063237038,0.1279889736000004
3590,3.0918787945000004,3.0600843123000003,3.1236732767,0.06358896439999961
3591,2.6205030445,2.6006434267000005,2.6403626623000003,0.03971923559999979
3593,2.6474100975000003,2.6095516584999996,2.6852685365,0.0757168780000006
3594,2.8761579865000004,2.6789959811,3.0733199919000005,0.39432401080000057
3595,2.909563887499999,2.7608182425,3.0583095325,0.29749128999999996
3596,3.542768548500001,3.2857823679,3.7997547291,0.5139723612
3597,2.448626564499999,2.4445159387,2.4527371903,0.008221251600000201
3599,1.9513556565000012,1.7207309938999997,2.1819803191,0.4612493252000003
3600,2.3537692740000002,2.2361767644,2.4713617836,0.2351850191999998
3601,3.3152091055,2.9432723477000002,3.6871458632999996,0.7438735155999994
3602,2.891105039,2.7559870546000003,3.0262230233999996,0.27023596879999934
3604,2.8035003860000005,2.7795674316,2.8274333404000003,0.04786590880000041
3605,2.4129111489999997,2.2914330894,2.5343892086,0.24295611920000004
3606,3.2285166489999995,2.9777897086,3.4792435894,0.5014538807999998
3608,2.895077770999999,2.7417024794000002,3.0484530626,0.3067505831999999
3609,3.2040873005,2.8459626206999995,3.5622119803,0.7162493596000004
3610,2.8752636215000003,2.7312690700999998,3.0192581729,0.2879891028000001
3612,2.6840020825,2.5690733155,2.7989308495,0.2298575340000002
3613,2.6475104390000004,2.5652838146,2.7297370634,0.16445324880000012
3614,2.3120176795000003,2.2246242077,2.3994111513000003,0.17478694360000047
3619,2.7299444499999996,2.6916186300000002,2.7682702700000004,0.07665164000000013
3620,2.206327577,2.0171321462,2.3955230078,0.37839086160000024
3622,3.2157117205000003,3.0659792087,3.3654442323000002,0.29946502360000027
3624,3.4527292324999994,3.1416925255,3.7637659395000003,0.6220734140000004
3625,2.5674224639999994,2.5447514495999997,2.5900934783999996,0.045342028799999934
3626,3.3783625504999995,3.0876079706999997,3.6691171303,0.5815091596000004
3627,2.1743065894999996,2.0640115537,2.2846016253,0.22059007160000021
3628,3.480626747,3.1433142457999996,3.8179392482,0.6746250024000005
3630,3.0477400820000002,3.0094869148000005,3.0859932492,0.07650633439999943
3631,3.457959211500001,3.1604584961,3.7554599269000004,0.5950014308000005
3632,3.508547585,3.230657419,3.786437751,0.5557803319999999
3633,3.1145969865,3.0055297811000004,3.2236641918999998,0.2181344107999994
3634,3.101286648,2.9522557072,3.2503175887999998,0.2980618815999998
3635,3.4667676164999994,3.2209014631,3.7126337699,0.4917323067999999
3636,2.5772749160000004,2.5004781495999997,2.6540716823999997,0.1535935328
3640,2.949628894,2.8371896515999997,3.0620681364,0.2248784848000005
3641,2.9371399995000003,2.9331831993,2.9410967997,0.007913600399999776
3642,2.926032772,2.7210046807999997,3.1310608632,0.4100561824000004
3643,2.5214062455,2.5009495437,2.5418629473,0.04091340359999984
3644,2.5941066305000025,2.4640731782999996,2.7241400827,0.26006690440000035
3645,2.988641194,2.841194871600001,3.1360875164000004,0.29489264479999955
3646,2.5569105019999996,2.4958611012,2.6179599028,0.12209880159999997
3647,2.2627517555000005,2.0554854533,2.4700180577,0.4145326043999997
3648,2.5408303875,2.4364698325000003,2.6451909424999998,0.2087211099999995
3649,2.236936726,2.2063700356,2.2675034164,0.06113338079999986
3650,2.2405074865,2.1352948919,2.3457200811,0.21042518919999997
3654,2.956500158,2.8624214212000005,3.0505788947999997,0.18815747359999913
3655,2.9438447224999997,2.8847542114999998,3.0029352334999997,0.11818102199999991
3657,2.313534578,2.2453527468,2.3817164091999996,0.13636366239999953
3658,2.856948267500002,2.7685123744999998,2.9453841605,0.17687178600000042
3659,2.9651290455,2.8974374637000007,3.0328206273,0.13538316359999936
3660,2.513237477,2.4728152677999997,2.5536596862,0.08084441840000034
3661,2.544917267,2.4855439602000002,2.6042905738,0.11874661359999994
3664,2.425325341,2.1623336046,2.6883170773999994,0.5259834727999992
3666,2.560232205,2.456362123,2.664102287,0.20774016400000006
3669,3.566182289500001,3.2150596053000005,3.9173049737,0.7022453683999994
3670,2.772268123,2.7648789722000005,2.7796572738000003,0.014778301599999821
3673,3.454094126000001,3.0934857764,3.8147024756000003,0.7212166992000002
3675,3.2963892949999996,2.983905413,3.6088731770000004,0.6249677640000004
3676,3.1459617245,2.9723544143,3.3195690346999998,0.34721462039999995
3677,2.4136456065,2.3869157639,2.4403754491,0.053459685199999996
3680,2.2338981430000002,2.1272104858,2.3405858002,0.2133753143999999
3681,3.390261572499999,3.1726522015,3.6078709434999996,0.43521874199999955
3682,2.53973738,2.413844428,2.665630332,0.2517859040000001
3683,2.9231290204999993,2.7948226287,3.0514354123,0.25661278360000006
3684,3.3684326909999993,3.1551717673999997,3.5816936146000002,0.4265218472000005
3686,2.802314539,2.6556823545999997,2.9489467234,0.2932643688000005
3688,2.5724500589999995,2.5518384354,2.5930616826,0.041223247200000035
3689,2.5461916755,2.4888086053,2.6035747457,0.1147661404
3690,2.9226492124999996,2.8241508975,3.0211475274999997,0.19699662999999967
3691,2.399252476,2.3059518856,2.4925530663999997,0.18660118079999988
3692,2.954286584,2.9450572176000005,2.9635159504,0.018458732799999655
3694,3.4998175100000006,3.1733761140000003,3.8262589060000005,0.6528827920000002
3695,3.2510603565,3.0922712991,3.4098494139,0.31757811479999987
3698,3.0470478144999995,2.9309273403,3.1631682887,0.2322409484000003
3700,2.5805131009999998,2.5416590606,2.6193671413999997,0.07770808079999991
3701,2.4587232540000006,2.4178571524000003,2.4995893556,0.08173220319999963
3705,3.2321167914999993,2.8522799081,3.6119536748999996,0.7596737667999998
3706,2.449443831999999,2.4382122992,2.4606753648,0.02246306560000022
3707,3.462503927500001,3.1154310985000007,3.8095767565,0.6941456579999992
3708,2.6187272260000003,2.6142115356,2.6232429164,0.00903138080000021
3709,3.502994707499999,3.2575553905000003,3.7484340245000003,0.490878634
3711,2.7911356649999997,2.7246591309999997,2.857612199,0.1329530680000004
3712,3.399903824,2.9980357536000004,3.8017718944,0.8037361407999994
3713,3.2456675364999996,2.9728929511,3.5184421219,0.5455491708000002
3716,2.2987866685,2.1842568011,2.4133165359,0.22905973479999986
3718,2.783185278499999,2.7211409899,2.8452295671,0.12408857720000022
3719,2.645387013,2.6397962078,2.6509778182000003,0.01118161040000043
3720,2.5391213105,2.5001214347,2.5781211862999998,0.07799975159999972
3721,2.8375101724999996,2.8249594415000003,2.8500609035,0.025101461999999852
3722,3.2880108865,2.9593940411,3.6166277318999995,0.6572336907999996
3724,2.388590124,2.3695932744000006,2.4075869736,0.0379936991999994
3725,2.768963349,2.6353334885999997,2.9025932094,0.26725972080000027
3726,3.112133632500001,2.8872330854999997,3.3370341795000003,0.44980109400000057
3727,2.9562197915,2.8484253081000004,3.064014274900001,0.2155889668000004
3729,3.1978488494999997,2.9157975893,3.4799001097,0.5641025204000001
3730,2.6482300255,2.5826496153,2.7138104356999997,0.13116082039999988
3731,3.3255457514999995,3.0299768521,3.6211146508999996,0.5911377987999997
3733,2.3929451305,2.3608067826999997,2.4250834783,0.06427669560000027
3735,2.4311044860000006,2.3424790916,2.5197298804000003,0.17725078880000034
3737,3.015563695,2.9264943730000006,3.104633017,0.17813864399999924
3738,3.348863272000001,2.9924605808,3.7052659631999996,0.7128053823999996
3739,3.6442789165,3.3102736830999997,3.9782841499,0.6680104668000002
3740,2.7438624234999995,2.6606662540999997,2.8270585929,0.16639233880000015
3743,2.8989118039999995,2.6914641256,3.1063594824000003,0.4148953568000002
3744,2.6237008365000007,2.5793177019,2.6680839710999997,0.08876626919999975
3745,2.8134250465,2.7338378651,2.8930122279,0.15917436279999997
3746,3.4337637089999995,3.2133667926,3.6541606254000003,0.4407938328000003
3747,2.5225867530000006,2.4844694541999996,2.5607040517999997,0.07623459760000006
3749,2.7758134640000005,2.7048236495999998,2.8468032784000004,0.1419796288000006
3751,2.9946260495000003,2.8767636693,3.1124884297,0.23572476040000012
3752,3.2077687189999997,2.9226114065999997,3.4929260313999997,0.5703146248
3753,2.473226227,2.3171177362,2.6293347178,0.3122169815999998
3755,2.4176588719999996,2.2570197232,2.5782980208,0.32127829760000015
3756,2.7892915694999996,2.7159749973,2.8626081417,0.14663314439999997
3757,2.9945701134999996,2.9607061589,3.0284340681,0.06772790920000027
3758,3.2423943994999993,3.0893693593,3.3954194397000004,0.30605008040000037
3759,2.9431232164999996,2.7918777031000004,3.0943687299,0.3024910267999994
3760,2.786848837,2.7594443718000004,2.8142533021999996,0.054808930399999234
3762,3.2681162420000005,2.8238623388,3.7123701452,0.8885078063999998
3763,2.6075896620000005,2.4880399268000004,2.7271393971999998,0.23909947039999935
3764,3.2182862445000007,2.9888523423,3.4477201466999996,0.45886780439999963
3765,2.6723424220000003,2.5640625908,2.7806222532000002,0.21655966240000035
3766,2.5589882335000005,2.4417855269,2.6761909401,0.2344054132000002
3768,2.3225937725000003,2.1719130635,2.4732744815,0.30136141799999994
3769,2.818182897,2.7463092558,2.8900565382,0.14374728240000012
3770,3.004128412000001,2.9456225768,3.0626342472,0.11701167040000016
3771,2.420060527,2.2394083162,2.6007127377999995,0.3613044215999994
3772,2.6616338045,2.5855825262999996,2.7376850826999997,0.15210255640000003
3774,2.529452888,2.5132556432,2.5456501328,0.03239448960000013
3776,2.1897202069999997,2.1040833242,2.2753570898,0.17127376560000007
3777,2.8248432365000005,2.7765657311000003,2.8731207418999998,0.09655501079999951
3778,2.9913972055,2.8736292877000005,3.1091651233000004,0.2355358355999999
3779,2.9177472630000003,2.7004381682000003,3.1350563578000004,0.4346181896000001
3780,2.9428135430000006,2.8941873602000006,2.9914397258000003,0.09725236559999972
3781,2.6212990705,2.5646250423000003,2.6779730987,0.11334805639999956
3783,3.2925460859999998,3.0556989204000002,3.5293932515999997,0.4736943311999995
3784,2.8732654745,2.8531624643,2.8933684846999994,0.04020602039999943
3787,2.9270173589999997,2.9012203025999996,2.9528144154000002,0.05159411280000059
3788,3.0118216005000003,2.8865834407,3.1370597602999997,0.2504763195999997
3789,2.6154376415000002,2.3837682981,2.8471069849000004,0.46333868680000023
3790,1.9080364269999996,1.7716846561999997,2.0443881977999996,0.2727035415999999
3791,2.6191504399999994,2.5104606159999996,2.7278402639999997,0.2173796480000001
3794,3.162162665,3.0122381309999997,3.312087199,0.29984906800000033
3796,2.647942304500001,2.4050564263000003,2.8908281827,0.4857717563999997
3799,2.3518882745,2.2577273647,2.4460491843,0.18832181960000005
3801,2.923857571,2.7858705994000004,3.0618445426000007,0.27597394320000035
3802,2.386063294,2.2944467763999996,2.4776798116,0.18323303520000023
3805,2.5185132115,2.4792315269,2.5577948961,0.07856336919999984
3807,2.5286681294999998,2.4285796776999997,2.6287565813000002,0.2001769036000005
3808,2.7525714835,2.5011400769,3.0040028900999998,0.5028628131999997
3809,2.365098092499998,2.1792132555,2.5509829295,0.37176967399999983
3810,3.5206398615,3.1933850060999998,3.8478947169000004,0.6545097108000006
3811,3.0071905535,2.7957495749,3.2186315321,0.4228819572
3813,3.5237991034999974,3.2274243448999997,3.8201738621,0.5927495172000001
3816,3.5693341364999998,3.3230105910999996,3.8156576819000003,0.4926470908000007
3817,3.4084634200000004,3.1363571879999994,3.680569652,0.5442124640000006
3818,2.9249315839999994,2.8277686176,3.0220945504,0.1943259328
3819,3.2280846289999996,2.9991684806,3.4570007774,0.4578322967999999
3822,3.4911848240000003,3.2338571536000003,3.7485124944,0.5146553407999996
3823,2.5061697560000002,2.4291082536000004,2.5832312583999997,0.1541230047999993
3824,2.9290454520000004,2.7396748328,3.1184160712,0.37874123839999996
3825,1.8955091810000002,1.7689487086,2.0220696533999996,0.2531209447999996
3827,3.046560455,2.8645514370000003,3.228569473,0.3640180359999996
3828,3.0084997705000003,2.7965960787,3.2204034623,0.42380738360000025
3831,2.5279155359999996,2.4524177216,2.6034133504,0.15099562880000006
3833,2.6784746005,2.5747832407,2.7821659603,0.2073827196
3834,2.49050255,2.31942637,2.66157873,0.34215236000000004
3835,3.0700717965,2.9147149151000002,3.2254286779000005,0.3107137628000003
3836,2.3543192045000003,2.3027399227000003,2.4058984863,0.10315856359999964
3837,3.4071114114999994,3.1237007761,3.6905220469,0.5668212707999998
3838,2.8110106224999996,2.7565040714999998,2.8655171735,0.10901310200000003
3841,2.734492012,2.6918368168,2.7771472072,0.0853103904000001
3843,2.3395759595,2.2459643757000003,2.4331875433,0.18722316759999957
3844,2.643903433,2.6256332062000003,2.6621736598,0.0365404535999998
3845,2.5159111425,2.4632046855,2.5686175994999996,0.10541291399999952
3846,2.3300145245,2.0979079147,2.5621211343,0.46421321959999995
3848,2.530867893,2.4630343357999998,2.5987014502,0.13566711440000034
3849,3.381447063999999,3.0609678896,3.7019262384,0.6409583487999999
3850,2.4654535020000004,2.3441113012,2.5867957028,0.24268440160000004
3851,3.0808898044999995,2.9756865262999996,3.1860930827,0.21040655640000017
3856,2.8368601605,2.8158386247,2.8578816962999998,0.04204307159999976
3858,3.0139114509999994,2.8092832314,3.2185396706000002,0.40925643920000043
3860,2.6827742949999998,2.650507777,2.715040813,0.06453303599999982
3861,3.0289956905,2.8298431667,3.2281482143,0.3983050476000001
3862,3.0030557019999997,2.8892139828,3.1168974212,0.22768343840000016
3864,2.49034232,2.437829392,2.5428552479999995,0.1050258559999997
3865,2.852240799,2.6560819186,3.0483996794,0.39231776080000014
3866,2.9345584995,2.9189630993000004,2.9501538997,0.031190800399999663
3868,3.057133722,3.0233564107999995,3.0909110332,0.06755462240000032
3869,2.2756836209999998,2.1792049726,2.3721622694,0.19295729679999996
3871,2.352369566,2.2554221396,2.4493169923999996,0.19389485279999974
3873,2.2897885465000005,2.2641831279,2.3153939651,0.05121083720000019
3874,3.32352088,2.981626832,3.665414928,0.6837880960000002
3875,3.6158860200000023,3.334684428,3.8970876119999995,0.5624031839999994
3876,2.802269402500001,2.6642907635,2.9402480415000003,0.27595727800000036
3877,2.5592178535,2.4317309948999997,2.6867047120999996,0.25497371719999995
3879,2.5578222725000006,2.4543993635000003,2.6612451815000004,0.20684581800000013
3883,2.5847423084999996,2.5255133851,2.6439712319,0.11845784680000015
3886,2.4249102139999996,2.2806761284000006,2.5691442996,0.28846817119999946
3887,2.8565847215000004,2.8442544328999997,2.8689150100999994,0.0246605771999997
3888,2.6132021030000008,2.5199941442,2.7064100618,0.1864159176000002
3889,3.3526611905000006,2.9682216667,3.7371007143000003,0.7688790476000005
3890,2.8375784255000003,2.8125953957000003,2.8625614553000003,0.0499660596
3891,2.7911499484999998,2.6949099279,2.8873899691000005,0.1924800412000005
3893,2.6920987709999986,2.6125882794,2.7716092626,0.15902098320000002
3894,2.8575591650000005,2.7401064309999996,2.975011899,0.23490546800000045
3895,2.8053242315,2.7689359241,2.8417125389,0.07277661479999997
3896,2.658433971499999,2.4838835600999998,2.8329843829,0.3491008228000001
3897,3.052101849999999,2.8493025899999997,3.25490111,0.4055985200000003
3898,2.4330807564999994,2.3327856539,2.5333758590999995,0.2005902051999997
3899,2.6028329649999993,2.566644551,2.6390213789999994,0.07237682799999945
3900,2.3822287889999996,2.2685904733999998,2.4958671046,0.22727663120000008
3902,2.927432349,2.7308760886,3.1239886094,0.3931125207999999
3903,3.5387612199999987,3.185973308,3.891549132,0.7055758240000003
3904,2.813676416,2.7090150496,2.9183377824,0.20932273280000002
3906,2.322114777,2.1862164662,2.4580130878,0.27179662160000007
3907,2.8321609450000005,2.6779837229999996,2.986338167,0.30835444400000034
3908,2.9544807259999994,2.7995750164,3.1093864356,0.3098114191999999
3909,3.4634862894999996,3.1492048052999997,3.7777677737,0.6285629684000003
3910,2.0908919945,1.9429815967000001,2.2388023923,0.2958207956000001
3912,3.4901282139999994,3.1021750996,3.8780813284,0.7759062287999998
3913,2.037345567,1.8185353401999997,2.2561557937999996,0.4376204535999999
3915,2.641130803,2.5278916818,2.7543699241999997,0.2264782423999998
3918,2.2349294520000003,2.1858764712,2.2839824328000002,0.0981059616000004
3919,3.2016961760000004,3.0522262464,3.3511661056000004,0.2989398592000003
3920,3.0946794774999997,2.9434836685000003,3.2458752864999996,0.30239161799999925
3921,2.533928108,2.5275229512,2.5403332648,0.012810313600000178
3922,2.7759414965,2.7195420979,2.8323408950999998,0.11279879719999997
3923,2.4070105705000002,2.3704059422999997,2.4436151987,0.0732092564000002
3924,2.9467086090000003,2.8250444526000003,3.0683727653999995,0.24332831279999922
3926,2.76402789,2.572081046,2.955974734,0.3838936880000001
3928,2.8021837505,2.4921072507,3.1122602503000003,0.6201529996000001
3929,2.3324990284999996,2.2519890170999997,2.4130090399000004,0.16102002280000072
3930,2.4887434265000006,2.2476195971000004,2.7298672559,0.48224765879999953
3931,2.4156052284999996,2.3132795370999997,2.5179309199,0.20465138280000028
3932,2.617943961,2.5430207766,2.6928671453999997,0.14984636879999957
3934,2.809073001,2.6861414014,2.9320046005999996,0.24586319919999955
3935,2.106844943,1.9124793657999999,2.3012105201999997,0.38873115439999983
3936,2.7382040815000006,2.7322857141,2.7441224489000002,0.011836734800000137
3938,3.41497098,3.137104172,3.692837788,0.5557336159999999
3940,2.9299348415000006,2.4152667781000003,3.4446029049000004,1.0293361268
3942,3.368901724,3.0416700135999997,3.6961334344000005,0.6544634208000009
3944,2.9203950080000003,2.9003554112,2.9404346048,0.04007919360000001
3947,2.585575475,2.583201665,2.5879492849999997,0.004747619999999841
3948,3.130099332000001,2.9282586648,3.3319399992000003,0.4036813344000003
3951,2.784487341000001,2.7274238774,2.8415508046,0.11412692720000006
3953,2.6133713679999993,2.5008039151999997,2.7259388208,0.2251349056000005
3954,2.7305711235000003,2.6703754741,2.7907667729,0.12039129879999999
3955,2.6694404670000003,2.5924090537999995,2.7464718801999997,0.15406282640000013
3956,2.938518279,2.8121591905999996,3.0648773674,0.2527181768000002
3957,2.7744207265000003,2.7159276359,2.8329138171,0.11698618120000015
3958,2.595044201500001,2.5027542821,2.6873341209,0.18457983879999995
3959,2.6186327485000005,2.4952980491,2.7419674479000005,0.24666939880000038
3960,2.550932928,2.4891705568,2.6126952992000003,0.12352474240000033
3964,2.6350575565000014,2.6025729791000005,2.6675421339,0.06496915479999954
3965,2.9570714575,2.8495516405,3.0645912744999997,0.2150396339999996
3966,3.6114434784999996,3.3346220699000004,3.8882648871000005,0.5536428172000001
3967,3.5655212460000003,3.1704553443999997,3.9605871476000005,0.7901318032000009
3968,3.2153011890000003,3.0815032646,3.3490991134,0.2675958488000001
3970,3.5438588534999997,3.2017355949,3.8859821120999998,0.6842465171999996
3971,2.8169090265,2.6985338371,2.9352842159,0.23675037880000005
3973,2.5789037145,2.3272440003,2.8305634287000006,0.5033194284000007
3974,3.5077436345,3.2219842883000003,3.7935029807,0.5715186923999998
3976,3.4079302785,3.1536483899000003,3.6622121671000003,0.5085637772
3977,2.922753661499999,2.8536063261000004,2.9919009969,0.13829467079999969
3978,3.606947241499999,3.3118677380999997,3.9020267449,0.5901590068000004
3979,3.0532662334999996,2.9029099269,3.2036225401,0.3007126132
3982,3.4533562144999994,3.1040975002999995,3.8026149286999997,0.6985174284000002
3983,3.0591069530000006,2.8035057342,3.3147081718000004,0.5112024376000006
3984,3.123175378999999,2.9118275306000005,3.3345232274,0.4226956967999995
3986,2.7101064800000003,2.596367872,2.8238450880000006,0.22747721600000048
3988,2.566630358,2.4315502148,2.7017105012,0.2701602863999999
3990,3.542849627999998,3.2587762792,3.8269229768,0.5681466976
3991,3.258774225,2.889600315,3.6279481349999996,0.7383478199999995
3992,2.2975235725,2.1952065435,2.3998406015000002,0.20463405800000034
3993,2.6094457190000004,2.5113740066,2.7075174314,0.1961434247999998
3994,3.0175178105,2.8846685347,3.1503670863,0.26569855160000033
3995,3.2517144659999997,3.0987690524,3.4046598796,0.30589082720000027
3997,2.8449998350000003,2.697493369,2.992506301,0.2950129320000001
3998,3.2205187619999998,2.8965026668,3.5445348572,0.6480321903999999
3999,2.364473037,2.2584102222,2.4705358518,0.2121256295999996
4001,2.698790046499999,2.6219560650999996,2.7756240278999997,0.15366796280000017
4002,2.8244646074999995,2.7721684504999997,2.8767607644999997,0.10459231400000002
4003,2.1517508590000003,2.0971873154,2.2063144026,0.10912708720000008
4005,2.9724352784999994,2.9094989899,3.0353715671000003,0.12587257720000045
4006,2.2662641100000003,2.0092552660000003,2.5232729540000003,0.514017688
4007,2.9378412275000008,2.7472609185,3.1284215365,0.381160618
4010,3.0621122855000014,2.9132855997,3.2109389713,0.29765337160000005
4012,3.151535114000001,2.8988591595999997,3.4042110684,0.5053519088000002
4015,3.0974496790000003,3.0492819506,3.1456174074,0.09633545679999989
4016,3.2589441459999997,2.9091782044000003,3.6087100876,0.6995318831999997
4018,3.706372477,3.4049170678,4.007827886199999,0.6029108183999994
4021,3.2916593489999992,2.9340474885999996,3.6492712093999997,0.7152237208000001
4022,3.175584742500001,2.9064922395000004,3.4446772454999994,0.5381850059999991
4023,2.9043753424999994,2.8488386794999996,2.9599120054999997,0.11107332600000008
4025,2.8212387205,2.7933842087,2.8490932323,0.05570902359999996
4026,3.1114576245,3.0482286742999998,3.1746865747,0.12645790040000016
4027,2.5501666215000007,2.4801411729,2.6201920701,0.14005089720000008
4028,2.7706004195,2.5245469872999995,3.0166538516999997,0.4921068644000002
4029,1.9382179945,1.7767803967,2.0996555923,0.3228751956
4031,2.823427223,2.7568515338,2.8900029122,0.13315137840000002
4032,2.644699079,2.6307242474,2.6586739105999997,0.027949663199999808
4033,2.8044008340000004,2.7322855676,2.8765161004,0.14423053279999998
4034,2.9625448325,2.8507715654999997,3.0743180995,0.22354653400000046
4035,2.4094223605000002,2.4065001046999996,2.4123446163,0.005844511600000324
4036,3.1503538809999996,3.0274006334,3.2733071286,0.24590649519999985
4039,2.8334537324999993,2.5877480255,3.0791594394999997,0.4914114139999999
4040,2.8015617355,2.6919876297000003,2.9111358413,0.21914821159999986
4041,3.3921491335000007,3.1422607869,3.6420374801000004,0.4997766932000003
4043,2.7421861905,2.6361453143,2.8482270667,0.2120817523999996
4045,2.23901788,2.236849432,2.241186328,0.004336895999999868
4046,3.372990138999998,3.0388257945999997,3.7071544834,0.6683286888000004
4049,2.7438777560000003,2.7362802536,2.7514752583999997,0.0151950047999998
4050,2.8049918579999997,2.6972674012,2.9127163148,0.21544891359999996
4051,2.6225230514999995,2.5616734721,2.6833726309,0.12169915880000026
4055,2.7419690185000003,2.6928246259,2.7911134111,0.09828878519999984
4056,2.1695114104999997,2.0520968463,2.2869259747,0.23482912839999992
4058,3.4137831845,3.1934612583,3.6341051106999998,0.4406438523999996
4059,2.3178976145,2.3150426603,2.3207525687,0.005709908400000074
4060,2.9687887264999997,2.8177062171,3.1198712359000003,0.30216501880000024
4061,3.378789035000001,3.195665449,3.5619126210000003,0.36624717200000045
4062,2.956807714,2.8187355995999996,3.0948798284,0.2761442288000002
4063,2.503648750999999,2.4618810514000002,2.5454164506,0.08353539919999964
4064,2.7446490235,2.7009114329,2.7883866140999998,0.08747518119999986
4065,2.9903136905000003,2.8353295666999996,3.1452978143,0.3099682476000005
4067,2.483828993,2.4573437902,2.5103141958,0.05297040559999999
4068,2.586052424,2.5215982543999997,2.6505065936,0.1289083392000001
4069,3.1654850925,2.9245007295,3.4064694555,0.48196872599999985
4070,3.085093314500001,3.0043630403000003,3.1658235887,0.16146054839999957
4071,2.8167326415000007,2.6214848981,3.0119803848999998,0.3904954867999999
4072,3.1567077830000003,3.0630244962,3.2503910698,0.18736657359999986
4073,2.9982042975,2.8742536165000003,3.1221549785000002,0.2479013619999999
4074,2.5028025475000004,2.4063071285,2.5992979665,0.19299083800000005
4075,2.4843952465,2.3905719479,2.5782185451,0.1876465972000001
4076,2.7740114030000003,2.6764363642,2.8715864418,0.1951500775999997
4077,2.6250593760000003,2.5875647263999997,2.6625540256,0.0749892992000003
4078,2.3345065710000004,2.2981043426000003,2.3709087994000004,0.07280445680000014
4081,2.6940598629999997,2.4443130082,2.9438067178,0.49949370959999984
4085,2.5123076239999995,2.3711697744,2.6534454735999997,0.2822756991999995
4086,3.3362449574999995,2.9894337405,3.6830561745,0.6936224339999999
4087,2.347404469,2.3313866566,2.3634222814,0.03203562480000022
4090,3.2728989709999996,3.0653565593999996,3.4804413826000005,0.41508482320000084
4092,2.371390673,2.3066988038000003,2.4360825422,0.12938373839999961
4093,3.11728898,3.005316972,3.2292609880000005,0.22394401600000036
4094,3.043785124,2.9587159736,3.1288542744,0.17013830080000014
4095,2.842703715499999,2.7470260016999997,2.9383814293,0.19135542760000046
4096,3.557099285500001,3.1867629997,3.9274355713,0.7406725716000002
4097,2.464356205000001,2.315236123,2.613476287,0.2982401640000001
4099,2.999385492,2.8401060888000003,3.1586648952000003,0.3185588064
4100,2.7862251694999998,2.7531604373,2.8192899017000004,0.06612946440000034
4101,2.5286895465,2.4148837278999995,2.6424953651,0.22761163720000033
4102,2.9315761300000003,2.8131457820000003,3.0500064780000002,0.23686069599999993
4104,2.7121085949999997,2.691292033,2.7329251569999995,0.04163312399999963
4106,3.0006190184999997,2.8999226259,3.1013154111,0.20139278519999992
4108,3.4954416084999997,3.1841538519,3.8067293651,0.6225755131999997
4110,3.5583167370000006,3.2110034318,3.9056300421999994,0.6946266103999994
4111,3.3317936220000006,3.1083098708,3.5552773731999996,0.4469675023999997
4112,3.307854514499998,3.0434055203000003,3.5723035087,0.5288979883999998
4113,2.7298005615000003,2.7170531861000002,2.7425479369,0.025494750799999633
4114,2.075848138,1.8621748828,2.2895213932000003,0.42734651040000027
4116,2.5114797179999995,2.4600058308,2.5629536052,0.10294777440000002
4117,3.326895406,3.1088891683999997,3.5449016436,0.4360124752000001
4118,2.581899425,2.566366455,2.597432395,0.03106593999999996
4123,2.0350566230000005,1.8747455738000003,2.1953676722,0.3206220983999999
4125,2.461115010500001,2.3308994063,2.5913306147,0.2604312084
4126,2.9466164810000004,2.7637182734,3.1295146885999996,0.3657964151999997
4128,2.687507801,2.5323121214000004,2.8427034806,0.3103913591999996
4134,2.3888539755,2.2776551657,2.5000527853,0.2223976195999997
4135,2.340475417,2.1990832502,2.4818675837999997,0.28278433359999955
4136,2.8985824665,2.8171446531,2.9800202799000006,0.16287562680000045
4139,3.0603145375,2.8443715524999997,3.2762575225,0.4318859700000002
4140,2.258273461,2.2458680766,2.2706788454000004,0.02481076880000055
4141,3.5128455994999994,3.1354386393,3.8902525597,0.7548139203999997
4142,2.3786343560000005,2.2817556983999996,2.4755130136,0.1937573152000005
4143,2.5776855309999993,2.4785049434,2.6768661185999996,0.19836117519999963
4144,3.0437184489999995,2.9327762286,3.1546606694,0.22188444080000025
4147,2.018134489,1.9788830845999998,2.0573858934,0.07850280880000038
4148,3.0324869430000003,2.9793473201999996,3.0856265658,0.10627924560000057
4149,2.8472609909999997,2.7865673946,2.9079545874000003,0.12138719280000032
4150,2.960153874,2.8323662235999993,3.0879415244,0.2555753008000008
4151,2.388512068,2.3307772408,2.4462468952,0.11546965440000001
4152,3.0285387395,2.8492066353000003,3.2078708437,0.3586642083999996
4156,2.8907111905000002,2.8163088667,2.9651135143,0.1488046476
4157,3.4605483040000005,3.1967568256000005,3.7243397824000004,0.5275829567999999
4158,2.8092955659999994,2.7342513924,2.8843397396,0.15008834720000008
4159,3.5104991845,3.1608780583,3.8601203107,0.6992422524000004
4160,2.2724038920000003,2.2321155352,2.3126922487999995,0.0805767135999993
4161,2.4882277014999996,2.4412386209,2.5352167821,0.09397816119999991
4162,3.6901252755,3.4091305857,3.9711199652999998,0.5619893796
4164,3.0073373890000004,2.8337363446,3.1809384333999997,0.3472020887999996
4165,3.2100831134999996,3.0349031588999997,3.3852630681,0.35035990920000026
4166,3.3798550014999997,3.0534062021,3.7063038009000002,0.6528975988000001
4167,3.480245396500001,3.2866431551,3.6738476379,0.38720448279999964
4168,3.6303918505,3.2352277906999998,4.0255559103,0.7903281195999998
4169,3.4799216355,3.0595378897,3.9003053813000004,0.8407674916000003
4172,3.4367370270000013,3.1385374377999993,3.7349366161999997,0.5963991784000005
4173,3.503657366,3.1727483124000004,3.8345664196000007,0.6618181072000002
4174,2.4480393245000003,2.3506399947,2.5454386543,0.19479865959999998
4175,3.4548804805000004,3.2569306727,3.6528302882999997,0.39589961559999987
4176,3.057130403,2.9630301642,3.1512306418000002,0.18820047760000014
4177,3.243080904,3.0541368656000003,3.4320249424,0.3778880767999997
4178,2.7509206770000003,2.6937489478000005,2.8080924062,0.1143434583999996
4179,2.9792040595000002,2.9033276833,3.0550804357000003,0.1517527524000002
4180,2.874308078,2.8112801092,2.9373360468,0.1260559375999999
4182,3.0441595374999997,2.8488989525,3.2394201225,0.39052117
4184,2.9111144655,2.9097446793,2.9124842517,0.00273957239999989
4185,2.6740506439999994,2.6307881016,2.7173131863999997,0.08652508479999987
4188,2.7772487865000004,2.7732284719,2.7812691011,0.008040629199999927
4193,2.2585207615000003,2.2146592569,2.3023822660999995,0.08772300919999942
4194,1.9634444735000003,1.8360330841,2.0908558629,0.2548227787999997
4195,2.0064769555,1.9682537733,2.0447001377,0.07644636439999997
4197,2.2670151545,2.1721210927000003,2.3619092163000004,0.18978812360000008
4198,2.6968760214999996,2.6649812129,2.7287708300999998,0.06378961719999987
4199,3.4551807670000003,3.0429142737999997,3.8674472601999996,0.8245329864
4200,2.2901522035,2.1259317221,2.4543726849,0.32844096280000024
4202,2.5919597399999974,2.506123044,2.677796436,0.17167339199999976
4203,3.3418148275,3.0853659585,3.5982636965,0.5128977379999999
4204,3.1032354175,3.0295799844999998,3.1768908505,0.1473108660000002
4205,2.8592678555000006,2.8091169977,2.9094187133000005,0.10030171560000056
4206,2.0459682394999996,1.7357149437,2.3562215353,0.6205065916000001
4207,2.3780064440000004,2.3597122664,2.3963006216,0.036588355200000144
4208,2.4631247325000003,2.3419748394999997,2.5842746255000004,0.24229978600000068
4209,2.0798259390000005,1.9659767634000003,2.1936751146,0.2276983511999997
4210,2.2876772830000003,2.1854055698000003,2.3899489962000002,0.2045434263999999
4211,2.6727934290000004,2.6334900005999997,2.7120968574,0.07860685680000046
4212,2.5749220895,2.4788272537,2.6710169253000005,0.19218967160000044
4213,3.1567278715000002,2.8887138201,3.4247419229,0.5360281028
4214,2.3217290425,2.2862194595,2.3572386255,0.07101916600000013
4215,2.5185870235,2.4031622140999995,2.6340118329,0.23084961880000066
4216,2.199411384,2.1382279376,2.2605948303999996,0.12236689279999968
4217,2.439560674,2.4181892044,2.4609321436,0.04274293920000005
4218,2.6993886315000006,2.5423044841,2.8564727789,0.31416829479999997
4219,2.945662116,2.7958177624,3.0955064696,0.29968870720000007
4221,3.5912010105000003,3.3534058147000003,3.8289962062999994,0.47559039159999905
4222,2.919548977,2.7754581678,3.0636397862,0.2881816183999999
4223,3.3541045995,3.0118692392999997,3.6963399596999995,0.6844707203999998
4225,2.9396906270000005,2.8047532777999997,3.0746279762,0.2698746984000002
4226,2.5087537830000004,2.4497658697999998,2.5677416962,0.11797582640000037
4228,3.4499805304999995,3.1569147427,3.7430463183000002,0.5861315756000001
4229,3.26945141,2.899302374,3.639600446,0.7402980720000003
4230,2.463027491,2.3856828946000004,2.5403720874,0.15468919279999982
4231,2.5938275045000005,2.5828165027,2.6048385063,0.022022003600000062
4233,3.442468137,3.1270881918,3.7578480822,0.6307598904000002
4234,3.327215058000001,3.0764578812,3.5779722347999994,0.5015143535999993
4236,2.459817293,2.3388883758,2.5807462102,0.2418578344000002
4237,3.0951927315000005,2.8747742241000003,3.3156112389,0.4408370147999996
4238,2.8138854094999997,2.5660475732999997,3.0617232457,0.49567567240000043
4239,2.6027503085,2.4925020319000004,2.7129985851000002,0.22049655319999983
4241,2.524751802,2.5122118812000003,2.5372917228,0.025079841599999764
4242,3.3078622269999993,3.1504755178,3.4652489362,0.31477341840000017
4243,2.630196384,2.6268297375999996,2.6335630304,0.006733292800000346
4244,2.8249675884999994,2.8128430238999997,2.8370921531,0.02424912920000022
4246,2.8362727349999997,2.678491029,2.9940544410000003,0.3155634120000004
4247,3.079472712,2.9491025968000004,3.2098428272,0.2607402303999997
4249,2.726954313999999,2.5762244396,2.8776841884,0.30145974880000015
4250,2.8132189055,2.7416676677,2.8847701433,0.1431024756000001
4251,2.590938151,2.5499918114,2.6318844905999996,0.08189267919999965
4252,2.4579184570000003,2.4127022397999998,2.5031346742,0.09043243440000026
4253,3.362894119,3.2439433665999995,3.4818448714,0.23790150480000039
4254,2.173718532,1.9076147192,2.4398223448,0.5322076256000001
4255,3.1028324630000004,2.9964758482000002,3.2091890777999996,0.2127132295999994
4256,3.0585529114999996,2.9354528761,3.1816529469,0.24620007080000006
4257,2.9152169369999994,2.8954613117999997,2.9349725622,0.039511250400000364
4258,2.3541398454999998,2.2670415073,2.4412381837,0.1741966763999998
4259,2.851896833,2.8171799662,2.8866136998000003,0.06943373360000038
4261,3.4812740655000005,3.2071644917,3.7553836392999993,0.5482191475999993
4262,3.4593773440000004,3.0748358815999994,3.8439188063999996,0.7690829248000002
4265,2.1618656394999998,2.1096781837,2.2140530953,0.10437491160000034
4267,2.4393623595000005,2.3087914156999996,2.5699333033,0.26114188760000046
4268,3.3349904019999994,2.9624405628000003,3.7075402412000007,0.7450996784000004
4269,3.393352092,3.1151465288000004,3.6715576552,0.5564111263999996
4271,3.5801544279999993,3.2018689992,3.9584398568,0.7565708576000003
4274,3.5268942130000003,3.2715494981999997,3.7822389278000004,0.5106894296000006
4277,2.8278224905000005,2.5796026867,3.0760422943000005,0.4964396076000006
4279,2.5607497324999997,2.5370508255000006,2.5844486395,0.04739781399999954
4282,2.4264126675000006,2.3201132005000003,2.5327121345,0.21259893399999985
4283,2.945402608,2.7940876512,3.0967175648,0.30262991360000013
4284,2.8756026820000002,2.7566061548,2.9945992092,0.23799305439999996
4285,2.4506739920000014,2.3498003952000004,2.5515475888,0.2017471935999997
4286,2.446819331,2.3682815986,2.5253570634,0.15707546480000012
4287,3.1939903645,2.9630209103,3.4249598187000005,0.4619389084000005
4288,2.8716015385,2.6898769539,3.0533261231,0.36344916920000037
4291,1.9448731055,1.7062294633,2.1835167476999997,0.4772872843999998
4292,3.3472425509999977,3.0917459714,3.6027391306000003,0.5109931592000003
4293,2.5419967320000003,2.4981064392000003,2.5858870248000003,0.08778058560000002
4294,2.163694041999999,1.9303108251999999,2.3970772588000004,0.4667664336000006
4295,2.8093966865,2.6635073611,2.9552860119,0.2917786508
4296,3.380654901499999,2.9906708620999995,3.7706389409,0.7799680788000005
4297,3.2911090709999993,2.9211310994,3.6610870426,0.7399559432
4299,2.337531343,2.3343074802,2.3407552058000003,0.006447725600000176
4300,2.4017893235,2.3021286529000005,2.5014499941,0.19932134119999967
4302,2.547090712,2.5104941968,2.5836872272,0.07319303040000014
4303,2.4959581039999996,2.4592896624000002,2.5326265456000003,0.07333688320000009
4304,2.406177661,2.2562653966,2.5560899254000002,0.2998245288000003
4305,2.3369221089999996,2.1713296654,2.5025145526,0.33118488720000006
4307,2.5951766635,2.4861829289,2.7041703981,0.21798746920000012
4308,2.8581791510000003,2.7236600114000002,2.9926982906,0.2690382791999997
4309,2.899226888,2.8554764432,2.9429773328,0.0875008895999998
4312,3.1749657800000004,3.0262464920000003,3.3236850679999996,0.29743857599999934
4315,2.6545038510000003,2.5457067105999998,2.7633009914,0.2175942808000002
4316,2.9720390625,2.9495158875000005,2.9945622375000003,0.04504634999999979
4319,2.9106495114999995,2.7298273160999997,3.0914717069,0.36164439080000044
4320,2.7556037669999998,2.7447866602,2.7664208738,0.021634213600000063
4321,2.7181158840000004,2.6798962375999995,2.7563355304,0.07643929280000039
4322,2.970168332,2.8853448648,3.0549917992,0.16964693440000023
4323,2.5375786295,2.4743992813,2.6007579776999994,0.1263586963999992
4326,3.5611709209999995,3.1817008894,3.9406409526,0.7589400631999998
4327,2.4120411155,2.3096538693000004,2.5144283617000003,0.2047744923999999
4331,3.1568364750000004,3.046572265,3.267100685,0.22052841999999995
4338,3.2329957255,2.9677760157,3.4982154352999997,0.5304394195999995
4344,2.4849497054999996,2.4797471876999997,2.4901522233,0.010405035600000279
4346,3.08038466,2.747068124,3.4137011960000008,0.6666330720000007
4347,2.8369904150000003,2.735165381,2.938815449,0.20365006799999996
4348,3.321143097,3.1248971358000004,3.5173890582,0.39249192239999964
4350,2.3758833435,2.3272972061000003,2.4244694808999996,0.09717227479999924
4351,3.1929695959999997,2.9586330344,3.4273061576,0.4686731231999999
4352,2.5741286705,2.5630369387000003,2.5852204023,0.022183463599999786
4354,3.160178428,3.0171093991999998,3.3032474568,0.2861380576000001
4357,2.67401514,2.620700396,2.727329884,0.10662948799999983
4358,2.2523104364999997,2.1596394619,2.3449814110999996,0.1853419491999997
4360,2.6654636954999997,2.6367230172999996,2.6942043737,0.057481356400000294
4361,2.611822357499999,2.5809770144999997,2.6426677005,0.06169068600000038
4362,2.6378005375,2.5730491525000003,2.7025519225,0.12950276999999977
4363,3.1581141350000004,3.053906589,3.2623216809999995,0.20841509199999964
4366,2.7715313045,2.7466667826999998,2.7963958263,0.04972904360000019
4367,2.6368096010000013,2.4873973605999997,2.7862218414,0.29882448080000046
4370,2.371156504,2.3022087024,2.4401043056000002,0.13789560320000005
4372,3.376970844,3.0350935816,3.7188481064000007,0.6837545248000008
4374,3.3997839379999997,3.1665351132,3.6330327627999996,0.4664976495999995
4375,2.7387446515000002,2.6251659909,2.8523233121000002,0.22715732120000043
4376,3.4893119875000003,3.1427907825,3.8358331925000004,0.6930424100000003
4377,2.921955216,2.8857869024,2.9581235296,0.07233662719999989
4378,2.5538707125,2.5332217974999995,2.5745196275,0.041297830000000424
4380,2.79127184,2.781310704,2.801232976,0.019922272000000074
4381,2.958402943,2.8395465202000003,3.0772593658,0.2377128455999995
4385,3.1649285084999996,2.9893071119,3.3405499050999996,0.3512427931999995
4387,3.554598077999999,3.2495521092,3.8596440467999997,0.6100919375999996
4388,2.1574006655,2.0015787993000003,2.3132225317,0.3116437323999999
4389,2.7520462444999994,2.5886555422999997,2.9154369467,0.32678140440000014
4390,2.5222109725,2.4183425835,2.6260793615,0.20773677800000012
4391,2.7751529825000003,2.6930941754999997,2.8572117895000004,0.1641176140000007
4392,2.6710091474999995,2.6572592064999996,2.6847590885,0.02749988200000031
4393,2.851739694,2.8491078163999997,2.8543715715999998,0.005263755200000109
4394,3.056808576,2.8973704064000003,3.2162467456000003,0.3188763392
4396,3.0196106440000006,2.9229193016,3.1163019864,0.19338268479999998
4399,2.669714047,2.6072960658,2.7321320282,0.12483596240000017
4400,3.0620642499999997,2.7348571500000003,3.3892713499999996,0.6544141999999993
4402,2.5903625685000002,2.5801743959,2.6005507410999997,0.020376345199999868
4403,2.5457716880000008,2.4858695632,2.6056738127999997,0.11980424959999958
4404,3.0754573815000006,2.7211759341000006,3.4297388289,0.7085628947999996
4406,2.7609735600000005,2.656968984,2.8649781360000004,0.20800915200000025
4407,2.7483764640000006,2.6336070496,2.8631458784,0.22953882879999998
4408,3.1812164355,2.9248426096999998,3.4375902613,0.5127476516000002
4409,2.6467244475,2.6100902264999997,2.6833586685,0.07326844200000027
4411,3.5561027705,3.2794394787,3.8327660622999997,0.5533265835999996
4412,2.581903888000001,2.5527299327999997,2.6110778432,0.0583479104000002
4413,3.2838574565000007,2.8551544390999997,3.7125604739,0.8574060348000003
4415,3.582867823500001,3.2911049529,3.8746306941,0.5835257411999999
4418,3.3251386160000003,2.8096288624,3.8406483696,1.0310195072
4419,3.4809723709999987,3.2737777194,3.6881670226000005,0.41438930320000056
4420,2.4008106735,2.2975752041,2.5040461429000005,0.20647093880000034
4421,2.803542339,2.7391784745999996,2.8679062034000005,0.12872772880000083
4422,2.4342283190000003,2.2742321914000003,2.5942244466,0.31999225519999985
4423,3.1886866529999995,3.0330145141999996,3.3443587917999995,0.31134427759999994
4424,2.9840155664999997,2.8963237930999997,3.0717073398999997,0.1753835468
4425,2.8622801945000007,2.7272934723000004,2.9972669167000006,0.26997344440000015
4426,2.299346570500001,2.1961811423,2.4025119987,0.20633085640000015
4427,2.516622828499999,2.5086283599,2.5246172971,0.015988937199999942
4429,3.1209697139999997,2.9204511995999995,3.3214882284000002,0.4010370288000007
4430,2.5850800274999997,2.5138500164999997,2.6563100384999996,0.14246002199999985
4431,3.3837766329999988,3.1496964862,3.6178567798,0.4681602936
4433,2.702412107,2.6355924642,2.7692317498,0.1336392855999997
4434,3.2127881085,3.0155501519,3.4100260651000003,0.3944759132000004
4435,3.222438758999999,3.1092890626000003,3.3355884554,0.22629939279999967
4436,2.0155682694999997,1.8617909616999997,2.1693455773,0.3075546156000004
4437,2.138965329000001,1.9941391973999998,2.2837914606,0.28965226320000004
4439,3.0019813055,2.8563562277,3.1476063833,0.2912501555999998
4440,2.967191766,2.7945220724,3.1398614596,0.3453393872000001
4441,2.954336371,2.8725297194,3.0361430225999997,0.16361330319999956
4442,2.69356824,2.647739344,2.739397136,0.0916577919999999
4443,2.4317427225,2.3914152335,2.4720702114999997,0.08065497799999966
4444,2.255658227,2.2037869362,2.3075295178000004,0.10374258160000016
4446,2.8143236044999997,2.3991894463,3.2294577626999996,0.8302683163999998
4449,3.0197723460000003,2.8016028844,3.2379418076000004,0.43633892320000056
4450,3.0387480445,2.9347232622999995,3.1427728267,0.20804956440000044
4452,2.7740334019999997,2.6574687627999998,2.8905980412,0.2331292784000003
4453,3.536968389500001,3.2801001453000005,3.7938366337000002,0.5137364883999997
4454,3.2762009695,3.0337625572999998,3.5186393817,0.48487682440000013
4455,2.5092582644999997,2.3866953587,2.6318211703,0.2451258115999999
4457,3.483430168,3.1830738351999996,3.7837865008,0.6007126656000001
4458,2.7196151415,2.6981799981,2.7410502849,0.042870286799999935
4459,3.6242630364999977,3.3211790511000006,3.9273470219,0.6061679707999996
4460,3.6089372505000004,3.2581733507,3.9597011503,0.7015277996
4461,3.337962612,3.1071040568,3.5688211672,0.46171711039999996
4462,2.3517652805,2.2713983683,2.4321321927,0.16073382440000028
4464,3.3813919930000003,3.0473067902000004,3.7154771958,0.6681704055999997
4465,2.1446791745000002,1.9582231046999998,2.3311352443,0.37291213960000014
4466,2.2374297180000005,2.1650750307999997,2.3097844052,0.1447093744000001
4467,2.7539132115000005,2.7014303268999997,2.8063960961,0.10496576920000011
4468,2.9630043610000003,2.8559153054,3.0700934166000002,0.2141781112000003
4469,3.1438326414999995,2.9942460981,3.2934191849000003,0.2991730868000002
4470,2.5209450179999995,2.5127106107999997,2.5291794252,0.016468814400000475
4472,2.7825327005,2.7045237807,2.8605416203,0.1560178395999996
4473,2.8941431805000004,2.6746444527,3.1136419083,0.43899745560000003
4475,2.8548040575,2.8239588345,2.8856492805,0.061690446000000065
4477,2.8651213195,2.7089398473,3.0213027917,0.31236294440000023
4479,3.6451622069999976,3.3480326897999997,3.9422917242,0.5942590344000003
4482,2.4183473795,2.3885287313,2.4481660277,0.05963729640000004
4484,2.647633810500001,2.5777426863,2.7175249347,0.13978224839999998
4485,2.1929106374999994,2.0717975825000003,2.3140236924999997,0.24222610999999938
4486,2.8300881025,2.7470033435,2.9131728614999997,0.1661695179999998
4488,3.0252094899999986,2.944055686,3.1063632940000003,0.16230760800000033
4489,3.386587870000001,3.066947418,3.7062283219999994,0.6392809039999996
4490,2.6233526420000004,2.6057479852,2.6409572988,0.035209313600000236
4491,2.6631295820000003,2.6572866148000003,2.6689725492000003,0.011685934399999987
4492,3.1098925555,2.9307071777,3.2890779333,0.3583707556000002
4495,2.2882987814999995,2.2330208689,2.3435766941,0.11055582519999962
4496,3.605255433,3.2990232062000002,3.9114876597999997,0.6124644535999995
4497,2.173052765,2.061397659,2.284707871,0.22331021200000034
4498,3.2635772839999997,2.9151477976,3.6120067703999994,0.6968589727999994
4501,2.1139810905,1.8685638542999998,2.3593983267,0.4908344724000002
4502,3.2837716119999993,3.0327738568,3.5347693671999996,0.5019955103999996
4503,3.1007537435000008,2.7206828409000003,3.4808246461,0.7601418051999995
4505,2.9766539775,2.9105151685,3.0427927864999997,0.13227761799999982
4506,3.0644617914999994,3.0121385081,3.1167850748999997,0.10464656679999962
4507,2.8161854319999997,2.6610052048,2.9713656592,0.31036045440000004
4509,3.0892460079999995,2.9358984112,3.2425936048,0.30669519359999997
4511,3.405137717999999,3.0781732052,3.7321022308,0.6539290255999997
4512,2.7298583065,2.4161100291000004,3.0436065838999995,0.6274965547999991
4513,3.251597804,3.1257097255999997,3.3774858824000002,0.25177615680000054
4514,3.1375067010000004,2.8740041814,3.4010092206,0.5270050392000001
4515,2.9205261600000005,2.803341024,3.037711296,0.23437027200000005
4516,3.2215379905,2.8548227867000002,3.5882531943,0.7334304075999998
4517,2.7998678925,2.6635878495,2.9361479355,0.27256008600000037
4518,2.3390407355,2.2260904413000002,2.4519910297,0.2259005883999996
4519,2.827022641,2.7905544974000005,2.8634907845999997,0.07293628719999923
4520,2.4885492995,2.4462947796999996,2.5308038193,0.08450903960000034
4521,3.540664705500001,3.2850285877,3.7963008232999997,0.5112722355999999
4522,2.694785792499999,2.6503109094999995,2.7392606754999997,0.08894976600000026
4524,2.567951309,2.5149827854,2.6209198326000003,0.1059370472000003
4525,2.8687182835,2.7695795969,2.9678569700999997,0.19827737319999983
4526,3.070457283,2.9701453962000004,3.1707691698000002,0.20062377359999983
4527,2.8538579325,2.7479511055,2.9597647595,0.21181365400000018
4528,3.1163787370000002,2.9904214317999998,3.2423360422,0.25191461040000007
4529,2.8361198489999992,2.7665405886,2.9056991094,0.13915852080000013
4530,2.4178594985,2.4037200990999996,2.4319988979,0.02827879880000017
4532,3.0606593854999997,2.9109927397,3.2103260313000006,0.29933329160000044
4533,2.8470941324999997,2.7014969855000004,2.9926912795,0.2911942939999994
4534,3.409427612499999,3.1562790574999995,3.6625761674999997,0.5062971100000002
4535,2.9115239214999997,2.8256618901,2.9973859528999998,0.17172406279999963
4536,2.3516983309999997,2.3362213986,2.3671752634,0.030953864799999842
4541,2.5751604999999995,2.5073483,2.6429726999999996,0.13562439999999976
4542,3.0483842965000005,2.9810496151,3.1157189779000003,0.13466936280000041
4543,2.333745097,2.2105890581999996,2.4569011358,0.2463120776000003
4544,2.9122667749999995,2.8526058850000005,2.971927665,0.11932177999999949
4546,3.1504540209999994,2.9163920294000003,3.3845160126000002,0.4681239831999999
4548,3.214125284,3.0298985975999995,3.3983519704,0.36845337280000034
4549,2.418781438,2.2561048628000004,2.5814580132000002,0.3253531503999998
4550,3.356530948499998,3.0961069278999998,3.6169549690999996,0.5208480411999998
4551,2.5393230785000003,2.4716226471,2.6070235099000003,0.13540086280000052
4553,3.134728692,3.0289113688,3.2405460152,0.2116346464000003
4554,2.8361713689999983,2.5831951166,3.0891476214,0.5059525048000002
4555,2.4184014329999997,2.4071696061999996,2.4296332597999997,0.022463653600000022
4557,2.9272131795,2.8590556513000003,2.9953707077000002,0.13631505639999997
4559,2.7497817049999997,2.582136387,2.917427023,0.3352906360000003
4560,2.7736466245,2.7123784743,2.8349147747,0.12253630040000019
4561,3.0756768969999997,2.9594264557999996,3.1919273382,0.23250088240000055
4562,3.4278741549999996,3.186549417,3.6691988930000003,0.4826494760000002
4563,3.2851558665,3.0512662131000003,3.5190455199,0.4677793067999998
4565,2.248992252,2.0282845512,2.4696999527999997,0.4414154015999996
4566,2.1204693409999997,1.8434264045999997,2.3975122774,0.5540858728000004
4569,3.2848775450000005,2.978619763,3.591135327,0.6125155639999997
4570,2.0975305100000003,2.027694706,2.167366314,0.139671608
4572,3.4448861420000005,3.0625029988,3.8272692852,0.7647662864
4573,3.5279331535000003,3.2296420148999996,3.8262242921,0.5965822772000005
4574,2.9238504100000005,2.719718974,3.127981846,0.4082628719999999
4575,2.7262789809999997,2.7212857734,2.7312721885999998,0.009986415199999765
4576,2.159837953000002,2.0465247718,2.2731511342,0.22662636239999978
4578,2.993390925,2.789703295,3.197078555,0.40737526000000024
4580,3.6238203930000004,3.3506553502000003,3.8969854358000005,0.5463300856000002
4581,2.2636760505000004,2.1231008303,2.4042512707,0.28115044040000026
4582,2.8909992394999997,2.7811545353000002,3.0008439437000005,0.21968940840000029
4584,2.127854459,1.9576670754,2.2980418426,0.34037476719999993
4585,2.8542137425000003,2.7920432395,2.9163842455,0.12434100600000031
4586,2.491454781,2.3612732685999998,2.6216362934,0.2603630248000002
4587,3.1997791409999987,2.9966391974,3.4029190845999993,0.4062798871999993
4588,2.7474118329999997,2.7060529661999997,2.7887706997999997,0.08271773360000001
4589,2.3279284524999997,2.3258810715,2.3299758335,0.0040947619999998075
4590,2.3896275044999995,2.3039485027,2.4753065063,0.17135800359999998
4591,2.620241482,2.5311844891999997,2.7092984747999997,0.17811398560000002
4592,2.6062511245,2.5082902747,2.7042119743,0.19592169959999994
4593,2.7523301315000004,2.7346281840999995,2.7700320789,0.03540389480000039
4594,3.0156409200000005,2.8174512879999996,3.213830552,0.39637926400000056
4595,2.6219643800000005,2.5759337319999998,2.6679950280000004,0.09206129600000068
4600,3.084310013,3.0587944182,3.1098256078000004,0.05103118960000019
4602,3.33204188,3.1366778319999997,3.527405928,0.39072809600000014
4603,3.3997903174999995,3.1077364445,3.6918441905,0.5841077459999999
4604,2.4200178239999994,2.2385230944,2.6015125536,0.36298945920000003
4605,2.4740704984999997,2.2947842991,2.6533566979,0.35857239880000025
4607,3.612952017,3.3326308238,3.8932732101999994,0.5606423863999992
4609,3.3390343540000007,2.9252376956,3.7528310124,0.8275933168000003
4610,2.2110393895,2.1839703452999997,2.2381084337,0.05413808840000023
4611,3.511541580499999,3.1827562126999998,3.8403269482999995,0.6575707355999998
4612,3.2282622714999993,2.8607371801,3.5957873629,0.7350501827999998
4613,3.02661266,2.9643669239999997,3.0888583960000005,0.12449147200000077
4614,2.8360350165,2.7338278231000004,2.9382422099000003,0.2044143867999999
4615,3.0029449704999998,2.8319233587,3.1739665823000003,0.34204322360000017
4616,2.2329335535,2.1511737320999997,2.3146933749,0.1635196428000003
4617,3.533373433,3.2563500062000004,3.8103968598,0.5540468535999996
4618,2.7019317629999997,2.6929692682,2.7108942578,0.017924989599999996
4621,2.9040069389999994,2.8999969633999996,2.9080169145999997,0.008019951200000097
4622,2.8141995475000003,2.7489421664999996,2.8794569285,0.13051476200000023
4623,2.7214816775,2.5425163485,2.9004470065,0.3579306579999999
4624,3.098027873,2.8755670222000003,3.3204887238000005,0.4449217016000002
4625,3.4938103730000014,3.2275457222,3.7600750238000002,0.5325293016000003
4626,3.6159350555,3.3476494777,3.8842206333,0.5365711555999999
4627,2.228827805,2.028623083,2.429032527,0.4004094440000001
4629,2.5914287645,2.5687406703,2.6141168586999997,0.045376188399999684
4630,3.119392329,2.9772680606,3.2615165974,0.28424853679999984
4631,3.3927272645,3.0521729702999996,3.7332815586999994,0.6811085883999999
4633,3.316309419,2.9507047866,3.6819140514,0.7312092648000004
4634,3.132144183,3.0577998562,3.2064885097999998,0.14868865359999983
4637,2.7199950504999997,2.6466938302999994,2.7932962707,0.1466024404000006
4639,3.3288035095,3.1128925133000003,3.5447145057,0.43182199239999974
4640,3.2527838635000004,2.7698930089,3.7356747181,0.9657817091999998
4641,3.0082461400000007,2.897217796,3.119274484,0.2220566879999999
4644,2.615532107,2.5891317498,2.6419324642000004,0.05280071440000045
4647,2.768830976,2.7259525664,2.8117093855999995,0.08575681919999933
4648,2.6644056650000003,2.615279931,2.713531399,0.09825146799999995
4649,2.9526698300000014,2.8627445620000005,3.042595098,0.17985053599999956
4650,2.538687993,2.4294571902,2.6479187958,0.21846160559999994
4651,3.0742410970000007,2.8316903358000003,3.3167918581999998,0.4851015223999995
4653,2.7645151245,2.7591391742999996,2.7698910747000003,0.010751900400000736
4655,2.972224309,2.9215929854000002,3.0228556326000002,0.1012626472
4656,2.963385162,2.8565140267999998,3.0702562972,0.21374227040000005
4659,3.1116899545,2.9264095363,3.2969703727,0.37056083640000015
4662,2.5405427785000003,2.5174490898999995,2.5636364671000003,0.04618737720000077
4663,2.80326541,2.599060374,3.0074704459999997,0.4084100719999997
4664,2.4421053759999998,2.3378148256,2.5463959264,0.20858110079999959
4665,3.0935231075,3.0361283505,3.1509178644999998,0.11478951399999993
4667,3.4494631289999997,3.2117943805999998,3.6871318774,0.47533749680000037
4669,2.533849259500001,2.4981975557,2.5695009633,0.07130340759999987
4670,3.345631485,2.8606344790000002,3.8306284910000006,0.9699940120000003
4671,1.9844071165000006,1.8212994699,2.1475147631,0.32621529319999976
4672,3.1770588404999995,2.7562707766999996,3.5978469042999994,0.8415761275999998
4673,2.328659819500001,2.0747238917,2.5825957473,0.5078718555999999
4674,2.3577838425000004,2.3022771055,2.4132905795,0.11101347399999995
4675,2.9299961030000006,2.8935789441999997,2.9664132618,0.07283431760000036
4677,2.8544900584999997,2.7917656818999994,2.9172144350999996,0.12544875320000015
4679,3.544494747999999,3.2956734472,3.7933160488,0.49764260159999996
4680,2.872908899499999,2.8243848593000003,2.9214329397,0.09704808039999957
4681,2.6748123235,2.5798884529,2.7697361941,0.18984774119999992
4683,2.5588071435000006,2.4890836009,2.6285306861,0.13944708520000004
4685,2.631003203,2.6217532842000004,2.6402531218000003,0.018499837599999847
4686,2.6395886365,2.5683728911,2.7108043819,0.14243149079999995
4687,3.174618197,2.9109958758,3.4382405181999998,0.5272446423999999
4688,2.616623433,2.5290136598,2.7042332062,0.17521954640000015
4690,2.6494740075,2.6151900045,2.6837580105,0.06856800600000001
4691,2.733149302,2.4832062228000003,2.9830923812000005,0.4998861584000003
4692,2.7304989020000017,2.5911020628,2.8698957411999997,0.2787936783999996
4693,2.957728257,2.9307443598,2.9847121542000004,0.053967794400000546
4694,3.1147040959999996,3.0143237344,3.2150844575999997,0.2007607231999997
4696,2.387126475,2.3766546849999997,2.3975982649999996,0.02094357999999996
4697,2.6192317089999997,2.5716826254,2.6667807926,0.0950981672000002
4698,2.379112135,2.254364081,2.503860189,0.24949610800000022
4699,2.9737870944999996,2.8395571323,3.1080170567000005,0.26845992440000055
4701,2.6438181645000003,2.5330768987,2.7545594303,0.22148253159999998
4703,3.2080723765000005,3.0522457271000003,3.3638990259000003,0.31165329880000003
4705,2.8096734965000003,2.6523000951,2.9670468978999995,0.31474680279999934
4706,2.8992062350000003,2.7457315290000004,3.0526809409999998,0.30694941199999937
4707,2.3870877115000004,2.1813818269,2.5927935961000004,0.41141176920000033
4708,2.803279406,2.6838851684,2.9226736436,0.23878847520000024
4709,2.7972592229999997,2.6086001122,2.9859183338000004,0.3773182216000004
4712,3.3022487205,2.8721918087000002,3.7323056323,0.8601138235999999
4713,3.4702234285000007,3.1334027999,3.8070440570999993,0.6736412571999995
4715,2.6449701410000004,2.5982016846,2.6917385974,0.09353691280000032
4716,3.4371908204999997,3.0637327487000006,3.8106488922999997,0.7469161435999991
4721,2.4402566539999997,2.3704785156,2.5100347924,0.13955627680000005
4723,2.103229993,1.8860919958,2.3203679902,0.43427599439999987
4725,2.8191715924999996,2.7911678295,2.8471753554999997,0.0560075259999997
4726,2.8643986585000003,2.8479687951,2.8808285219000003,0.03285972680000038
4728,2.2238466900000002,2.071388414,2.376304966,0.30491655200000034
4729,3.474922276,3.2182539864,3.7315905656,0.5133365791999998
4730,2.1879616650000004,1.9391433990000002,2.436779931,0.4976365319999996
4733,2.8732127494999995,2.8137280497,2.9326974493,0.11896939960000008
4734,2.047928582499999,1.8985431495,2.1973140155,0.2987708659999999
4735,2.8038634835000003,2.7048292769,2.9028976900999997,0.19806841319999968
4737,3.0410044905,2.9789210866999998,3.1030878942999998,0.12416680759999998
4739,2.8450900869999995,2.7921821218000002,2.8979980522,0.10581593039999992
4740,2.7813327265000005,2.6860382171,2.8766272359000005,0.19058901880000034
4741,3.293453042000001,3.0017094587999997,3.5851966252,0.5834871664000003
4742,3.5467817315,3.1705628241,3.9230006389,0.7524378147999999
4743,3.6779561765000004,3.3839294471,3.9719829059,0.5880534588000002
4744,3.064101465,2.942116851,3.1860860790000003,0.2439692280000001
4745,2.752451759500001,2.6119696633,2.8929338557,0.2809641923999999
4746,3.1095580825,2.9996677154999998,3.2194484495,0.21978073400000042
4747,2.8940816679999997,2.8598571352,2.9283062008000003,0.0684490656000003
4748,2.3159441609999996,2.2372246253999997,2.3946636966,0.15743907120000022
4749,2.7416256445000005,2.6266463023,2.8566049867,0.22995868439999967
4751,2.7021606440000006,2.5921297016,2.8121915864,0.22006188480000022
4753,3.3064478900000007,3.035181446,3.577714334,0.5425328879999998
4754,3.5653140285,3.2303992398999997,3.9002288171,0.6698295772000002
4756,3.5255086194999996,3.2735812673,3.7774359716999997,0.5038547043999997
4757,2.9367928395,2.7916867753,3.0818989037,0.2902121283999999
4758,2.7399121899999996,2.721268914,2.758555466,0.03728655199999986
4759,2.0780457579999996,1.7864886548,2.3696028612,0.5831142064000001
4761,1.9828953685000001,1.7064408211,2.2593499158999997,0.5529090947999997
4763,2.715674754,2.6985048524,2.7328446556,0.03433980319999996
4765,2.3665823405,2.3550662043,2.3780984767,0.023032272400000053
4767,2.904950524,2.7621507336000004,3.0477503144,0.2855995807999996
4768,2.9012352295000006,2.8387825213,2.9636879377,0.12490541639999986
4769,3.2144646775,2.9585525485000006,3.4703768064999996,0.511824257999999
4771,2.890861968,2.7523959551999995,3.0293279807999998,0.2769320256000003
4772,2.6118901770000003,2.5387742478,2.6850061062,0.14623185839999975
4773,2.688151650000001,2.66505539,2.7112479099999995,0.046192519999999515
4774,3.0490016455000006,3.0014299037,3.0965733873,0.0951434835999998
4775,2.6035618035,2.5806090821000005,2.6265145249,0.04590544279999964
4776,2.7509827819999995,2.6840986948,2.8178668692000004,0.13376817440000055
4777,3.286336583,2.9167836162000005,3.6558895498000004,0.7391059335999999
4778,2.0258363995,1.7073218396999998,2.3443509593,0.6370291196
4779,3.1616188709999995,2.9957444194,3.3274933226,0.3317489032000003
4782,2.3648156035,2.3440917621,2.3855394449,0.041447682799999885
4785,2.7955584905,2.7676630942999996,2.8234538867000003,0.05579079240000073
4787,3.2118865815000004,2.8948408141000006,3.5289323489,0.6340915347999996
4788,2.6834317825,2.6157490695,2.7511144954999995,0.13536542599999946
4789,2.2999504875,2.2040950925000002,2.3958058825,0.1917107899999997
4790,3.421993547999999,3.1441537671999997,3.6998333288000005,0.5556795616000008
4791,3.524303608999998,3.2615598525999996,3.7870473654,0.5254875128000003
4792,3.1097958255,3.0292405557,3.1903510953,0.1611105396000001
4793,2.3381216780000003,2.1341722068,2.5420711492,0.4078989423999997
4794,2.90933422,2.8991439080000005,2.9195245320000005,0.02038062399999996
4795,3.2825136145000022,3.0029486603,3.5620785687,0.5591299084000001
4796,1.9125889390000002,1.7182961634,2.1068817146,0.38858555120000005
4798,2.7517318660000005,2.6795426124,2.8239211196,0.1443785071999999
4800,2.7134058365000002,2.5980865711,2.8287251019,0.23063853079999985
4801,2.7427878904999994,2.7010826467,2.7844931342999995,0.08341048759999925
4802,3.033522137,2.8277093918000005,3.2393348821999997,0.4116254903999992
4803,2.7655667569999998,2.6201950597999994,2.9109384541999996,0.2907433944000002
4805,3.3637148025,3.0611899234999997,3.6662396815000005,0.6050497580000007
4806,2.215321681,2.1285843533999995,2.3020590085999997,0.17347465520000016
4807,2.332064478,2.2788418868000004,2.3852870692,0.10644518239999945
4808,3.5895876825,3.2428775555,3.936297809499999,0.6934202539999994
4809,2.7167497065000004,2.6888998239,2.7445995890999995,0.05569976519999953
4810,3.2052756125000004,3.0954294575,3.3151217675,0.2196923100000001
4811,3.1626749225,3.0736552914999997,3.2516945535,0.17803926200000042
4813,2.4019139524999997,2.3922799715000003,2.4115479335000005,0.01926796200000025
4814,2.598301836,2.5858589703999995,2.6107447016,0.02488573120000037
4815,2.9512137675,2.8532140745000003,3.0492134605000003,0.195999386
4816,2.755677885,2.6929734390000006,2.8183823310000005,0.12540889199999983
4817,2.198743259999999,2.059522356,2.337964164,0.2784418080000002
4818,2.2510471150000004,2.164774669,2.337319561,0.17254489200000034
4819,2.651778786,2.6210812715999996,2.6824763004,0.06139502880000025
4821,3.0396910365000003,2.9441610511,3.1352210219,0.19105997080000003
4823,2.085611080499999,1.9220938482999999,2.2491283127,0.32703446440000006
4824,3.4381679485,3.1044875279,3.7718483691,0.6673608412000003
4826,3.290443821,3.0418529494,3.5390346926,0.4971817432000001
4827,3.059787211,2.8594648954000004,3.2601095266,0.4006446311999996
4828,2.4763860829999995,2.3700260498,2.5827461161999996,0.21272006639999974
4830,2.5849138815,2.5168030341,2.6530247288999997,0.13622169479999968
4831,3.1488778850000005,2.8769590390000004,3.4207967310000003,0.5438376919999999
4832,3.6021421389999992,3.3161137945999997,3.8881704833999997,0.5720566888
4834,2.159011322000001,2.0472471932,2.2707754508,0.22352825759999995
4836,2.6302339784999993,2.4782935870999996,2.7821743699,0.3038807828000003
4837,2.7561217790000003,2.6647124906,2.8475310674000003,0.18281857680000035
4838,2.6530127180000003,2.5839142052,2.7221112308,0.1381970255999998
4839,2.165634077,2.0607852462,2.2704829078,0.20969766159999992
4841,2.460907651499998,2.4280439121,2.4937713909,0.06572747879999996
4843,2.106724822,2.0074780932,2.2059715507999997,0.1984934575999997
4844,3.5065121600000007,3.1419874240000003,3.871036896,0.7290494719999998
4845,3.2282642459999993,3.0413987444000004,3.4151297476,0.37373100319999963
4847,2.5966830914999997,2.5283827281,2.6649834549,0.13660072680000024
4848,2.4967564620000005,2.4901694468,2.5033434771999996,0.013174030399999648
4849,3.0803636074999994,2.9878097645,3.1729174505000004,0.18510768600000027
4850,2.5673427910000006,2.4994452745999998,2.6352403074,0.13579503280000038
4851,2.7842561349999997,2.6960093889999994,2.872502881,0.17649349200000053
4852,2.9974533674999995,2.9623491145000003,3.0325576205,0.07020850599999973
4854,2.9752747960000003,2.7501543144,3.2003952776,0.4502409632000002
4855,2.7079958920000005,2.6874134487999997,2.7285783352,0.04116488640000027
4856,2.9784150075,2.9326210105,3.0242090045000003,0.09158799400000017
4857,3.0015004579999998,2.8287178412000005,3.1742830748,0.34556523359999947
4858,2.590400873,2.5307497238,2.6500520222,0.11930229840000006
4859,2.2731533905,2.1370168343000002,2.4092899467,0.27227311239999974
4861,2.759245485,2.729888879,2.788602091,0.05871321199999979
4862,3.338481527,3.0186989378000004,3.6582641162000002,0.6395651783999998
4863,2.7370860885,2.7115696531,2.7626025239,0.05103287079999985
4864,2.3319198219999993,2.3226105508,2.3412290932,0.01861854240000005
4865,2.568943113,2.3982223582,2.7396638678,0.3414415096000001
4867,3.6140655375000006,3.3470033525,3.8811277225000005,0.5341243700000007
4868,3.602609112,3.2368167568,3.9684014671999996,0.7315847103999995
4869,2.888380394499999,2.8309281523000003,2.9458326367,0.11490448439999978
4871,3.1982891175000003,2.8569367645,3.5396414705,0.682704706
4873,3.4954660885000006,3.2190785239000004,3.7718536531,0.5527751291999996
4874,2.551694378,2.5478877292,2.5555010268,0.0076132975999998465
4877,2.9849108845,2.7522216383,3.2176001307,0.4653784924000002
4878,2.128666629,2.0434579774,2.2138752806,0.17041730319999981
4879,3.353899275000001,3.138883385,3.5689151650000004,0.4300317800000002
4880,3.6672479450000006,3.373106723,3.9613891669999997,0.5882824439999998
4883,3.160557264,3.0509477696,3.2701667584000003,0.21921898880000024
4885,2.210642912,2.0793625472,2.3419232768000002,0.2625607296000001
4886,3.346725750500001,2.9431700507,3.7502814503,0.8071113996000001
4889,2.500431207,2.2367168898,2.7641455242,0.5274286344000001
4890,2.9866872575,2.9238213605,3.0495531545,0.125731794
4891,2.673828420500001,2.5204129887,2.8272438523,0.3068308636000001
4892,2.8241530075000005,2.7782078105,2.8700982045,0.09189039399999999
4894,2.4233391734999996,2.3939215041,2.4527568428999995,0.05883533879999936
4895,2.9171317135,2.7381147989,3.0961486281,0.35803382920000004
4896,3.0370136924999995,2.9321643695,3.1418630155,0.20969864599999966
4898,3.2703401194999997,2.8804557673,3.6602244717000003,0.7797687044000003
4901,2.6686209025000003,2.6358144634999996,2.7014273415,0.06561287800000049
4902,2.2331623185,2.1785025911000004,2.2878220459,0.1093194547999996
4905,2.7413035605000005,2.5985125847,2.8840945363,0.2855819516000002
4907,3.626668482999999,3.3221414761999997,3.9311954898,0.6090540136000002
4908,3.6108110754999996,3.3146451057000004,3.9069770452999997,0.5923319395999993
4909,3.579528485000001,3.3593698789999995,3.7996870909999996,0.44031721200000007
4911,2.3238582825000003,2.1299977695,2.5177187955,0.3877210259999999
4913,2.7875741440000006,2.7187990016000003,2.8563492864,0.13755028479999964
4915,2.8225994705,2.6723264587,2.9728724822999997,0.3005460235999995
4916,2.8464499174999998,2.6902190845000002,3.0026807504999997,0.31246166599999947
4917,2.3833575470000006,2.2132233282000002,2.5534917658,0.3402684375999998
4919,3.2138997124999986,2.7411875974999997,3.6866118274999997,0.94542423
4920,2.492963952000001,2.4466583712000003,2.5392695328,0.09261116159999983
4922,2.6150660775000003,2.6093221085000007,2.6208100465,0.011487937999999254
4923,2.153541993,1.9660307957999998,2.3410531902,0.37502239439999996
4924,2.9463250865000004,2.7188363211,3.1738138519,0.4549775307999999
4925,3.2370845979999996,2.9513612372,3.5228079588,0.5714467216000001
4926,2.5935494350000003,2.561819661,2.6252792090000003,0.06345954800000042
4927,3.0688571645000002,2.7379820302999995,3.3997322986999996,0.6617502684000001
4932,3.3446192179999987,3.0092193052,3.6800191307999994,0.6707998255999996
4935,3.4823473485,3.0543082878999996,3.9103864090999996,0.8560781211999999
4936,2.8795608104999997,2.6644759347,3.0946456863,0.4301697515999998
4939,3.483596494,3.2213130916,3.7458798964,0.5245668048000001
4940,3.0232098970000005,2.7365386558,3.3098811382,0.5733424824000002
4941,2.576415219,2.4743447314,2.6784857065999996,0.20414097519999963
4942,3.1176057134999997,2.9081135989,3.3270978281,0.4189842291999999
4943,2.2498450140000004,2.1353502084000002,2.3643398196,0.22898961119999983
4944,3.0390627504999994,2.9390894507,3.1390360503,0.19994659960000005
4946,2.6210669280000003,2.6035437567999997,2.6385900992,0.03504634240000026
4948,3.1935095315,3.0620817441000003,3.3249373189000004,0.2628555748000001
4949,2.49292656,2.4547955360000002,2.531057584,0.0762620479999998
4952,2.3981326300000005,2.3548891779999996,2.4413760819999997,0.08648690400000003
4953,2.4868418140000004,2.4597702884,2.5139133396,0.05414305120000007
4954,2.7837051784999995,2.6866124499,2.8807979071,0.1941854571999997
4955,2.5342515664999996,2.4735553399,2.5949477931000002,0.12139245320000036
4957,2.4973728175000005,2.3958240905,2.5989215445,0.2030974539999999
4958,2.566170618,2.5146667708,2.6176744652000004,0.10300769440000046
4959,2.5772248785000005,2.5708565270999997,2.5835932299,0.012736702800000277
4964,2.6067791725,2.5827012415,2.6308571035,0.04815586199999977
4965,2.783009237,2.7533095422,2.8127089318000005,0.059399389600000685
4966,2.888377254,2.7462205556,3.0305339524,0.2843133968
4968,3.3679633085000003,3.0214202318999996,3.7145063851,0.6930861532000003
4970,2.8417977214999994,2.8379690329,2.8456264101,0.007657377200000148
4973,3.4005588165,3.0812287431,3.7198888898999996,0.6386601467999995
4974,2.6950914055000004,2.6655620433,2.7246207677000003,0.05905872440000026
4976,3.2473369924999997,2.9791433895,3.5155305955,0.5363872060000001
4977,2.9631158145,2.8879029403,3.0383286887,0.1504257484
4978,2.158267414999999,1.9006916489999997,2.4158431809999996,0.515151532
4981,2.2942455894999996,2.2234381537,2.3650530253,0.14161487159999986
4982,3.3263206970000008,3.0952381758,3.5574032182,0.4621650424000001
4983,2.4770452205000004,2.3780547323,2.5760357087,0.19798097640000023
4984,2.9407878029999996,2.8909413242000004,2.9906342818000002,0.09969295759999985
4988,3.1552787514999996,3.0064318521,3.3041256508999997,0.2976937987999997
4989,2.2671893164999997,2.0871615899,2.4472170431,0.3600554532000002
4993,3.3300744585,3.1528814419000004,3.5072674751,0.3543860331999995
4994,2.7991493124999995,2.7411407874999996,2.8571578375,0.1160170500000004
4995,3.1509557755,3.0124864857,3.2894250653,0.2769385795999999
4998,2.552229826,2.4017013564000003,2.7027582956000002,0.3010569392
4999,2.9986907305,2.9146962227,3.0826852383,0.1679890155999999
5000,3.2337850580000005,2.8639506812000004,3.6036194347999997,0.7396687535999993
5001,2.517262881,2.4735404333999997,2.5609853285999997,0.08744489519999998
5003,3.3660997610000005,3.1196160654,3.6125834566,0.4929673912000001
5004,3.4232747595,3.1196902632999994,3.7268592557,0.6071689924000006
5009,2.438433022,2.1907574307999997,2.6861086131999996,0.49535118239999987
5011,2.02974682,1.882486892,2.177006748,0.2945198560000002
5013,2.5753781550000006,2.518073417,2.632682893,0.11460947600000004
5014,2.971403709,2.8468731926,3.0959342254,0.24906103280000025
5015,2.732498078,2.5579393092000005,2.9070568467999998,0.3491175375999993
5016,2.7622446225,2.7021283735,2.8223608715,0.12023249800000002
5018,2.3092157975,2.1049114785,2.5135201165,0.408608638
5019,3.2742408004999994,2.9905339207000003,3.5579476803,0.5674137595999995
5021,2.605905290999999,2.5642798074,2.6475307746,0.08325096719999969
5026,3.1369136124999994,2.8442466575,3.4295805674999995,0.5853339099999997
5029,3.2879100415000004,2.8881708580999996,3.6876492248999995,0.7994783667999998
5030,3.427878715500001,3.1582058017,3.6975516293,0.5393458276
5031,3.0071821875000007,2.9663754625000003,3.0479889125,0.08161344999999987
5032,3.272959386499999,3.1391899410999997,3.4067288318999998,0.26753889080000004
5034,2.8109303075,2.6984360305,2.9234245845,0.22498855400000028
5035,2.5290404115,2.3826686468999996,2.6754121761,0.29274352920000046
5038,2.432852538,2.3794175228,2.4862875532000004,0.10687003040000054
5041,2.8638639235,2.8604951541,2.8672326929,0.0067375387999999425
5042,3.0144555239999997,2.8699581336,3.1589529144,0.28899478079999996
5043,2.463441769,2.2803446614,2.6465388766,0.3661942152000002
5044,3.0034745519999997,2.7247279728000002,3.2822211312,0.5574931583999998
5045,3.1126820145,2.9417484203,3.2836156087,0.34186718839999974
5046,3.284179466,3.0434056523999997,3.5249532796,0.4815476272000003
5047,2.8690648310000006,2.8493203634000004,2.8888092986000005,0.039488935200000075
5048,2.8683939040000004,2.7809362656000003,2.9558515424,0.17491527679999974
5050,2.787737146,2.5888508044000003,2.9866234875999997,0.3977726831999995
5051,2.4430035765,2.3455473459,2.5404598071,0.19491246119999994
5052,2.5595114719999996,2.5331480831999995,2.5858748607999997,0.05272677760000022
5053,2.5808745484999998,2.5028339679,2.6589151291000004,0.15608116120000037
5054,3.0599428404999998,2.8860927767,3.2337929043000004,0.34770012760000046
5055,2.7800750080000003,2.7502550112,2.8098950048,0.05963999359999983
5056,2.8607177354999993,2.7902216297,2.9312138412999995,0.14099221159999953
5057,2.7366999364999995,2.6641027111,2.8092971619,0.14519445080000004
5059,2.9858358989999996,2.8526718586,3.1189999394,0.26632808080000014
5060,3.1054684580000003,3.0555086412000003,3.1554282747999998,0.09991963359999945
5061,3.031484385,2.9255881390000003,3.1373806310000005,0.21179249200000028
5062,2.689007854,2.6751569956,2.7028587124,0.027701716799999776
5065,2.5189540955,2.4315952572999997,2.6063129337000004,0.1747176764000007
5067,2.379531858999999,2.2663243154,2.4927394026,0.22641508719999992
5068,3.251533283,2.9335297961999998,3.5695367697999996,0.6360069735999998
5069,3.3267435514999995,3.0483161721,3.6051709309,0.5568547588000001
5070,2.5114325685000005,2.5037143959,2.5191507411,0.015436345199999923
5072,3.1168112275,2.6922333185,3.5413891365000008,0.8491558180000007
5073,3.3092222309999997,3.0406027233999997,3.5778417386,0.5372390152000004
5074,3.285014081499999,2.9989749140999997,3.5710532488999998,0.5720783348
5075,2.2980525045,2.2242015027,2.3719035063000002,0.14770200360000008
5076,3.1808331795000004,2.9161416513000002,3.4455247077,0.5293830563999999
5078,2.4902989804999995,2.3226213727,2.6579765883,0.3353552155999999
5079,2.9193207355000004,2.8367430297,3.0018984413,0.1651554115999998
5080,2.6306696824999998,2.6081051555,2.6532342095000003,0.045129054000000224
5082,3.5555482379999988,3.1834287331999995,3.9276677427999993,0.7442390095999998
5083,3.0714732055,2.9736264877,3.1693199233,0.19569343559999997
5087,2.7626263965,2.7053562379,2.8198965551,0.11454031720000035
5088,2.3823902785,2.3574969671,2.4072835899,0.049786622800000124
5090,2.52843768,2.421910208,2.634965152,0.21305494400000002
5091,3.0104225905,2.9118964267000003,3.1089487542999996,0.19705232759999936
5092,2.7946225004999996,2.5568155007,3.0324295002999997,0.4756139995999997
5093,2.787493622,2.7378118708,2.8371753732,0.09936350240000014
5094,2.8261825435000003,2.7689123609,2.8834527261,0.11454036519999988
5097,3.195265391,2.9107647474,3.4797660346,0.5690012871999999
5098,3.003426469999999,2.9726710579999995,3.034181882,0.06151082400000041
5099,2.8987210150000027,2.8153030209999996,2.982139009,0.16683598800000032
5102,2.763745611499999,2.7049094560999998,2.8225817669000004,0.11767231080000062
5103,3.3765237220000017,3.1395424108,3.6135050332000005,0.47396262240000064
5104,3.6355968670000003,3.3977072138,3.8734865202,0.4757793064000002
5107,2.6970445665,2.5447779931000003,2.8493111398999997,0.30453314679999943
5109,3.300239109,3.1555151525999996,3.4449630653999996,0.28944791280000004
5112,3.3363040969999997,2.9395069358,3.7331012582,0.7935943224000002
5113,2.224273829,2.1865078974000003,2.2620397606,0.07553186319999972
5114,2.8077239655,2.6975875517,2.9178603793000004,0.22027282760000055
5115,3.0596261080000002,2.7538245512,3.3654276648000003,0.6116031136000002
5116,2.9414701740000004,2.7326742436,3.1502661044,0.4175918608
5117,2.530877731,2.5025770386,2.5591784234,0.05660138479999999
5118,2.1117764785,2.0513030871,2.1722498699000004,0.12094678280000037
5120,3.47086108,3.202131112,3.739591048,0.5374599359999999
5122,2.47997002,2.4089604120000003,2.550979628,0.14201921599999956
5125,3.018622555,2.835167977,3.2020771330000004,0.3669091560000006
5126,3.0613935640000003,2.8801937896000003,3.2425933384000003,0.3623995488
5127,2.7577400384999993,2.7044860539,2.8109940230999997,0.1065079691999995
5128,2.5732385190000002,2.4571343114,2.6893427266000005,0.23220841520000057
5129,2.7810868614999995,2.7049920061,2.8571817169,0.1521897108000001
5130,2.636280326,2.6161544564000003,2.6564061956000002,0.040251739199999914
5131,2.715162775,2.543390685,2.886934865,0.3435441800000003
5132,2.7931850629999997,2.7872970378,2.7990730882,0.01177605039999996
5133,2.899904333,2.8897232662,2.9100853998000002,0.020362133600000387
5134,2.550823508,2.5306377047999997,2.5710093111999996,0.040371606399999926
5135,3.378614146,3.0839030043999998,3.6733252876,0.5894222832000002
5136,3.081823267,2.9300877737999995,3.2335587601999998,0.30347098640000025
5137,2.3465719215,2.3218342901,2.3713095528999997,0.0494752627999997
5138,2.2224791134999995,2.1044754681,2.3404827589000003,0.23600729080000038
5139,2.061823808,1.7796806848,2.3439669312,0.5642862464000002
5140,2.4625233864999996,2.2660856319000002,2.6589611411,0.3928755091999996
5141,3.3163326480000004,2.9352917072,3.6973735887999997,0.7620818815999995
5142,2.3711370035000003,2.3208766021000002,2.4213974049,0.10052080279999975
5143,3.309983962499999,3.1028243475,3.5171435775,0.41431923000000026
5144,2.993822340500001,2.9372056766999997,3.0504390043000003,0.1132333276000006
5145,2.6139620205,2.5046644123,2.7232596286999997,0.2185952163999998
5146,3.139757296,2.9343646144,3.3451499776,0.41078536320000003
5147,2.4712805425,2.2922439255000002,2.6503171594999997,0.35807323399999946
5148,2.822604665000001,2.8147145310000004,2.830494799,0.01578026799999943
5149,2.218439935,2.088793561,2.348086309,0.259292748
5150,2.8241119665000007,2.7896035531,2.8586203798999996,0.06901682679999954
5151,2.744404868999999,2.6733453214,2.8154644166,0.1421190952
5153,2.4287231189999994,2.2708650714,2.5865811666000003,0.31571609520000044
5155,2.972120489,2.8899094846000004,3.0543314934,0.16442200879999946
5156,3.2525480795,3.0633821112999997,3.4417140476999997,0.37833193639999996
5157,3.1792248359999995,3.0259339704,3.3325157015999998,0.30658173119999965
5158,3.3105347395000004,2.9441850353000003,3.6768844437,0.7326994083999998
5159,3.0902746525,3.0155675915,3.1649817135,0.14941412200000004
5162,2.7482145190000002,2.6734767266,2.8229523114,0.14947558479999978
5163,3.034625641,2.9184930974,3.1507581846,0.23226508720000005
5164,2.9397511700000005,2.8164052379999998,3.0630971020000004,0.24669186400000065
5165,2.5937918775,2.4435322285,2.7440515265,0.30051929799999977
5168,3.5147159015000002,3.0735778620999996,3.9558539409000004,0.8822760788000008
5169,2.6466169305000014,2.5374633583,2.7557705027,0.21830714439999976
5170,3.230238433,2.8147598061999997,3.6457170598,0.8309572536000003
5172,3.1423230645000007,2.7788798903000003,3.5057662387000006,0.7268863484000003
5173,3.509120519000001,3.1685475266000003,3.8496935114,0.6811459847999997
5174,2.5978066130000004,2.5434852582,2.6521279678000003,0.10864270960000022
5176,3.5575536199999993,3.159300668,3.955806572,0.796505904
5178,2.5466056614999997,2.4724769969,2.6207343261,0.14825732920000023
5179,3.0751282764999996,2.8512991870999995,3.2989573659,0.4476581788000007
5181,2.9576542655,2.8997131717,3.0155953593,0.11588218759999958
5182,3.4105938725,3.1021478215,3.7190399235,0.616892102
5184,3.448683499999999,3.2095401,3.6878268999999992,0.47828679999999935
5185,2.8536273535000003,2.8067856121,2.9004690949,0.09368348279999994
5186,3.704184623499998,3.4255208729,3.9828483741,0.5573275012000001
5188,2.4406385645,2.3166355387,2.5646415903000004,0.24800605160000044
5189,2.9433856655000006,2.6940863317000003,3.1926849993000004,0.49859866760000005
5191,3.6357451735000006,3.2957044428999995,3.9757859040999994,0.6800814611999999
5192,2.5062320365,2.5030348511,2.5094292219,0.006394370800000271
5194,2.7921596979999994,2.7872894188,2.7970299772,0.009740558399999877
5196,2.980038205,2.8938166869999997,3.066259723,0.17244303600000022
5197,3.412271558,3.1374965811999997,3.6870465348000003,0.5495499536000006
5198,3.0739105685000006,2.8941571958999996,3.2536639410999997,0.35950674520000003
5199,3.0879574764999997,2.9512244671000003,3.2246904859,0.27346601879999977
5200,2.4200787260000003,2.3994136355999998,2.4407438164,0.04133018080000017
5201,2.6024803755000003,2.5661509257,2.6388098252999996,0.0726588995999995
5202,2.2837634660000004,2.0731044796,2.4944224524000003,0.4213179728000003
5203,2.6116883099999986,2.606825234,2.616551386,0.009726151999999821
5204,2.4344163524999995,2.2578226115,2.6110100935000005,0.3531874820000005
5205,2.2216023695000002,2.1620458216999996,2.2811589173,0.11911309560000038
5207,2.7044746005,2.6338211603,2.7751280407000003,0.14130688040000017
5208,2.5035169835,2.5005797768999996,2.5064541901,0.005874413200000372
5209,2.297839513,2.1727637077999997,2.4229153182,0.2501516104000001
5211,2.6400112620000002,2.4088681668,2.8711543572,0.46228619039999996
5214,3.4817274220000005,3.2538563908,3.7095984532,0.4557420623999997
5215,2.349252444,2.2475146664000003,2.4509902216,0.20347555519999982
5216,2.585189045,2.536580663,2.633797427,0.09721676400000012
5217,3.3651889309999996,3.1355105034000004,3.5948673586,0.4593568551999998
5218,3.439070564000002,3.0810783896,3.7970627383999997,0.7159843487999997
5223,2.6884833405000004,2.5468722767000003,2.8300944043000005,0.2832221276000002
5226,3.091947259,2.7878625626,3.3960319553999994,0.6081693927999994
5227,2.768076201,2.7265065206,2.8096458814,0.08313936079999973
5228,3.3787425175,3.0212919245,3.7361931105000004,0.7149011860000005
5230,2.2172911,2.08692426,2.34765794,0.26073367999999997
5231,2.9281325325,2.8056971455,3.0505679194999997,0.2448707739999998
5232,2.8430608265000004,2.6590395571,3.0270820958999995,0.3680425387999997
5233,3.2692622765,2.9737411871,3.5647833659000003,0.5910421788000004
5235,2.234769555000001,2.042045733,2.427493377,0.38544764399999965
5237,2.6198547335000004,2.5820224401000003,2.6576870269,0.07566458679999988
5238,2.852920996,2.6918593943999998,3.0139825975999996,0.3221232031999999
5239,2.4039486855,2.3357360113,2.4721613597000003,0.13642534840000042
5240,2.490527367,2.4765175138,2.5045372202,0.028019706399999844
5241,3.0680561960000006,2.9772986744,3.1588137175999997,0.18151504319999967
5242,2.4339861405,2.3687536842999997,2.4992185967,0.13046491240000035
5244,3.1233123960000007,2.8472573544,3.3993674376,0.5521100832000001
5245,2.9022898710000002,2.8577891226,2.9467906193999998,0.08900149679999991
5246,2.7572201675,2.6808497005000005,2.8335906345,0.15274093399999966
5247,2.6200213160000008,2.4443210424,2.7957215896000003,0.35140054720000036
5249,2.8605139439999996,2.7855095216,2.9355183664,0.15000884480000032
5251,2.6711489755,2.6565413657,2.6857565853,0.029215219600000175
5252,2.7822497485,2.6781900479000003,2.8863094490999996,0.2081194011999994
5254,3.318177274,3.1963041836,3.4400503644000002,0.2437461808000001
5256,3.6043705910000003,3.2517800274,3.9569611546,0.7051811271999999
5257,3.2716184689999994,2.8980114566,3.6452254814000002,0.7472140248000003
5258,2.7334271865,2.7227403119,2.7441140611000003,0.021373749200000347
5259,2.907063927,2.7678634978,3.0462643562000005,0.2784008584000004
5260,3.3844936244999997,3.1387074743000003,3.6302797747000004,0.4915723004000001
5261,2.6829637925,2.6305898754999997,2.7353377095,0.10474783400000032
5262,2.5712032144999997,2.4505007287000002,2.6919057003,0.24140497159999974
5265,3.2387604055000008,2.8843349677000005,3.5931858433,0.7088508755999996
5266,2.9680722165,2.9481205298999997,2.9880239030999998,0.039903373200000036
5268,2.7184063195,2.6815728473,2.7552397917,0.07366694440000021
5269,3.1289239095,2.9647670733,3.2930807456999998,0.32831367239999976
5270,2.769339778,2.6256964891999997,2.9129830668,0.2872865776000002
5272,2.829726022,2.7057292307999994,2.9537228131999997,0.24799358240000036
5273,2.7262950760000004,2.6056019064000004,2.8469882456,0.24138633919999952
5274,2.5252795795,2.5224234113,2.5281357477,0.005712336399999796
5275,2.8876484865000003,2.8197610811000002,2.9555358919000003,0.1357748108000001
5276,2.939928277,2.7888379878,3.0910185662000003,0.30218057840000023
5277,2.2871344334999995,2.0659086601000003,2.5083602068999995,0.4424515467999992
5278,3.1249674830000025,2.8939540762,3.3559808898,0.4620268136000001
5279,2.1805957065,2.0773078239,2.2838835891,0.20657576519999976
5281,2.662968585,2.632495219,2.6934419509999996,0.06094673199999967
5282,3.681002778000001,3.3494654892,4.0125400668,0.6630745775999998
5284,3.5648247055,3.2586789877,3.8709704233,0.6122914356
5285,3.468219974500001,3.1230503642999996,3.8133895847000003,0.6903392204000007
5286,2.0147800444999997,1.7810120267000003,2.2485480623000003,0.4675360356
5287,2.4362050145,2.2422494087,2.6301606203,0.3879112116000001
5289,3.568713844,3.2612053816000004,3.8762223064,0.6150169247999995
5290,3.3261622600000007,2.964498764,3.6878257560000005,0.7233269920000005
5291,2.945410805,2.919017527,2.9718040830000003,0.052786556000000484
5292,2.200117911,2.1608539466,2.2393818754,0.07852792879999981
5293,2.9536426464999996,2.8157377050999997,3.0915475878999996,0.27580988279999996
5294,3.359478819499999,3.1275163473,3.5914412917000003,0.4639249444000004
5297,3.0066396575,2.9331915204999994,3.0800877945000003,0.14689627400000083
5300,2.681614464000001,2.6523950783999997,2.7108338495999997,0.05843877120000007
5301,2.7949785949999995,2.746849157,2.8431080329999996,0.09625887599999938
5302,2.8007660029999997,2.7709976041999997,2.8305344018,0.0595367976000003
5303,2.5225820440000004,2.5131392264000003,2.5320248616000005,0.018885635200000195
5304,2.2862712829999996,2.1118503698,2.4606921962,0.34884182640000017
5305,3.1319706504999996,3.0050481106999998,3.2588931903000002,0.25384507960000047
5306,2.7650709894999994,2.7372533936999996,2.7928885852999996,0.05563519159999997
5307,2.7713523194999996,2.7229761917000004,2.8197284473,0.09675225559999978
5308,2.1085957845,2.0354342707,2.1817572983,0.14632302759999982
5309,2.7932323254999996,2.6320400557,2.9544245953,0.3223845395999998
5310,2.648073707,2.5375023898,2.7586450242000002,0.22114263440000004
5311,3.736846123999999,3.4372457736,4.0364464744,0.5992007008
5313,3.5909142035000006,3.2670202848999996,3.9148081220999997,0.6477878372000001
5316,2.4089893584999995,2.3650996151,2.4528791019,0.0877794867999997
5319,3.4953242425000006,3.1839895394999997,3.8066589455,0.6226694060000004
5320,2.8023397969999997,2.7577358782,2.8469437158,0.08920783760000006
5321,2.754876145,2.7164758030000002,2.7932764870000004,0.07680068400000017
5322,3.509328931,3.0139433034,4.0047145586,0.9907712551999999
5323,2.5675802979999998,2.4861852172,2.6489753788000003,0.16279016160000026
5325,3.5770708189999993,3.2194063466,3.9347352914,0.7153289448
5327,2.969286201,2.8325302814000004,3.1060421206,0.2735118391999998
5328,2.2720664705,2.2357914823000002,2.3083414586999997,0.0725499763999995
5329,2.5732830989999997,2.5422706593999997,2.6042955386,0.06202487920000044
5330,2.6385616424999996,2.5489238995,2.7281993855,0.17927548599999987
5331,3.2354517300000003,3.1238752220000006,3.3470282380000005,0.22315301599999993
5332,3.2103087670000003,2.9567186737999998,3.4638988602,0.5071801864000003
5333,2.2277938249999996,2.133295895,2.322291755,0.18899586000000035
5334,2.7934418315,2.6726369640999996,2.9142466989,0.24160973480000036
5335,2.0393409679999994,1.8191397807999998,2.2595421552,0.4404023744000003
5336,3.6093586635000006,3.3089605289,3.9097567981,0.6007962692
5337,2.174066489,1.9978338934,2.3502990845999996,0.35246519119999964
5338,3.2298823345,2.9401920683000005,3.5195726006999997,0.5793805323999992
5339,2.5484781125,2.5303052674999997,2.5666509575000003,0.03634569000000054
5340,2.4510785074999997,2.4431559105,2.4590011045,0.015845194000000173
5342,3.471042702,3.1281409827999997,3.8139444212,0.6858034384000002
5345,2.163202118,1.9769644707999998,2.3494397651999996,0.3724752943999998
5346,2.992252735,2.946395429,3.038110041,0.09171461200000008
5349,3.4879639019999997,3.1221090628000003,3.8538187412,0.7317096783999997
5352,2.2089389335000003,2.0136433600999997,2.4042345069,0.3905911468000003
5353,2.1306267695,1.8395192616999998,2.4217342773,0.5822150156000003
5354,2.3819289925000007,2.3757653955,2.3880925895,0.012327193999999597
5355,2.9183544780000004,2.6921166692,3.1445922868,0.4524756176000002
5356,2.9869429125,2.8452036775,3.1286821474999997,0.2834784699999999
5357,2.9332941855000003,2.9227257113,2.9438626597,0.021136948400000133
5358,2.636539727,2.5756354362000002,2.6974440177999996,0.12180858159999941
5359,2.3999205045,2.2556099027,2.5442311063,0.2886212036
5361,2.3602679865,2.2640395919,2.4564963811,0.19245678919999998
5362,2.6173926224999997,2.4587336714999997,2.7760515735,0.31731790200000054
5363,3.4099833665000014,3.1898211131,3.6301456199,0.4403245068000001
5365,3.397797547,3.1590233658,3.6365717282,0.47754836239999987
5366,3.289488207500001,3.0350286905000003,3.5439477245,0.5089190339999998
5369,2.6487956955,2.6310407737,2.6665506173,0.03550984359999987
5370,2.512368652,2.3636511912000002,2.6610861128,0.29743492159999985
5371,3.5391515155000004,3.2534361217,3.8248669093000003,0.5714307876000002
5373,3.1394257189999997,3.0160640065999997,3.2627874314,0.2467234248000003
5380,3.4286931235,3.1328483729,3.7245378741,0.5916895012000003
5381,2.705083943,2.6180767202,2.7920911658,0.17401444560000012
5382,2.509602189,2.3140918646,2.7051125134000005,0.39102064880000054
5384,2.874948113,2.7197781582,3.0301180677999997,0.3103399095999997
5385,2.7720282419999998,2.7135623388,2.8304941452000003,0.11693180640000023
5388,2.8629930834999997,2.8095999169,2.9163862501,0.10678633320000008
5389,2.1377277130000003,1.9762646278,2.2991907982,0.32292617040000016
5391,2.7996564895,2.6791026853,2.9202102937000003,0.24110760840000012
5394,3.1312987059999995,2.9433889884,3.3192084236,0.37581943519999994
5395,2.913380628,2.8558516792,2.9709095767999996,0.1150578975999994
5396,2.8440230015,2.8349666021,2.8530794009,0.01811279879999983
5398,3.3441645665,2.9847223931,3.7036067399,0.7188843467999999
5401,3.5748140535,3.1834652749,3.9661628321,0.7826975572000001
5402,3.4419382185000007,3.1047307059,3.7791457311000003,0.6744150252000001
5405,3.7148974709999996,3.3708716593999997,4.0589232826,0.6880516232000007
5406,3.0803940800000005,2.8174937119999997,3.3432944480000004,0.5258007360000008
5407,2.5742746000000003,2.5392059600000003,2.60934324,0.07013727999999952
5409,2.5917255084999997,2.5610181118999997,2.6224329051,0.06141479320000043
5410,2.9801580850000016,2.827531719,3.132784451,0.305252732
5411,3.7316450419999994,3.4379970587999997,4.025293025200001,0.587295966400001
5412,2.8196516265,2.7616662770999993,2.8776369759,0.11597069880000044
5413,2.9027798424999998,2.8511137795000003,2.9544459055,0.10333212599999975
5414,2.2770964104999996,2.1488538463,2.4053389747,0.2564851283999996
5416,2.4614252674999997,2.4243523605,2.4984981745,0.07414581399999998
5417,2.6939106965,2.5595209751,2.8283004179,0.2687794428000001
5418,2.977537133,2.7729635862,3.1821106798,0.4091470936000001
5419,2.9710900880000004,2.8203657232,3.1218144528,0.3014487295999997
5420,2.6001891355000004,2.5589086813,2.6414695897000002,0.08256090840000008
5421,2.9966580965,2.7450501351,3.2482660579000004,0.5032159228000004
5422,3.5134313929999994,3.1577635502,3.8690992358,0.7113356855999999
5423,2.586372213499999,2.5803146988999996,2.5924297280999995,0.01211502919999985
5424,3.3288653735000007,3.0400391229,3.6176916241000003,0.5776525012000002
5425,2.9792507879999994,2.8176987032,3.1408028728,0.3231041696000001
5426,3.2900228894999994,3.1607772453000003,3.4192685337,0.2584912883999997
5427,2.8737800815000005,2.7860665141000003,2.9614936489000003,0.17542713480000005
5428,2.4561829705,2.3980285823,2.5143373587,0.11630877640000037
5429,3.0273417415,2.8356960381,3.2189874449,0.3832914068000002
5430,2.426890156,2.3020636936,2.5517166184,0.2496529247999999
5432,3.5552077959999995,3.2477277144000003,3.8626878776,0.6149601631999997
5433,1.9716147819999996,1.9243432692,2.0188862947999997,0.09454302559999972
5434,3.4344913084999997,3.0624666319,3.8065159851,0.7440493531999999
5436,2.0426819225000004,1.9906599535,2.0947038915,0.104043938
5437,3.091129349,2.8205350886000002,3.3617236094,0.5411885207999996
5438,2.6408162514999995,2.5014785509,2.7801539520999996,0.2786754011999997
5440,2.4027642389999997,2.3098367345999997,2.4956917434,0.1858550088000004
5441,2.5107605934999997,2.3935100309,2.6280111561,0.2345011252
5442,3.0726916144999996,2.9310434602999997,3.2143397687,0.2832963084000002
5443,2.9052906149999993,2.905224769,2.9053564610000002,0.00013169200000007208
5444,2.978362461,2.9349150454,3.0218098766000003,0.08689483120000041
5445,2.8998328294999998,2.8522347613,2.9474308977,0.0951961363999998
5446,2.1250265749999997,2.0361299450000003,2.213923205,0.17779325999999962
5447,3.2928634959999994,3.0415096943999997,3.5442172975999995,0.5027076031999997
5448,2.551947405999999,2.4216112435999997,2.6822835683999995,0.2606723247999998
5449,3.5831528845000005,3.1951396382999997,3.9711661307000004,0.7760264924000007
5450,2.096588629,1.9563835774,2.2367936806,0.2804101031999999
5451,2.3050234985000007,2.2824932979,2.3275536991,0.04506040120000021
5452,2.9058021965,2.8826289179000004,2.9289754750999997,0.04634655719999925
5453,2.7392263445000005,2.6676396823,2.8108130067,0.1431733244000002
5454,2.6526475965,2.6056169578999997,2.6996782350999995,0.0940612771999998
5455,3.0354726855000003,3.0288148113,3.0421305597000003,0.01331574840000016
5456,2.7991754719999995,2.7515684607999997,2.8467824832,0.09521402240000043
5457,3.7370817635,3.3601712689,4.1139922581,0.7538209891999998
5459,2.5536056824999998,2.4740006095,2.6332107555,0.15921014599999994
5460,2.8347238334999996,2.8058965668999996,2.8635511000999996,0.057654533200000024
5462,2.782803778499999,2.6657848899,2.8998226670999996,0.23403777719999974
5463,3.743080828499999,3.4366711598999995,4.049490497099999,0.6128193371999995
5464,3.26318116,2.944514024,3.581848296,0.6373342719999999
5465,2.4252451895,2.2316527137000004,2.6188376653,0.38718495159999966
5466,3.5446297224999994,3.2530172115,3.8362422335,0.5832250220000001
5467,2.460755591,2.3829698273999997,2.5385413546,0.15557152720000023
5469,2.2396752264999997,2.0255107358999997,2.4538397171,0.4283289812000004
5471,3.0665099585000015,3.0027723419,3.1302475751,0.12747523319999976
5472,3.071517663,2.9091539282000003,3.2338813978000003,0.3247274696
5473,2.7355026805,2.5781501527,2.8928552083,0.31470505559999973
5474,2.1678172860000005,1.9957919716,2.3398426004,0.3440506287999998
5475,2.747800742000001,2.6753006388,2.8203008452000002,0.14500020640000022
5477,2.622713713,2.6148458278,2.6305815982,0.01573577040000007
5478,3.1146071854999997,2.9734872597,3.2557271113,0.2822398516
5479,2.9228936654999997,2.6819819316999998,3.1638053993,0.4818234676000004
5480,2.4016421255,2.3162420753,2.4870421757,0.17080010040000015
5481,2.4691703134999994,2.3097625881,2.6285780389,0.3188154508000003
5483,2.9259428085,2.8485291319,3.0033564851,0.15482735319999996
5484,2.8229144795000005,2.6903130713000003,2.9555158877000003,0.2652028164
5485,2.9119948174999997,2.8908851445,2.9331044905,0.04221934599999999
5486,2.6555388524999994,2.5544949114999995,2.7565827935,0.20208788200000027
5487,2.4991630705,2.4662230987,2.5321030423,0.06587994360000016
5488,2.9048826865,2.7948873611,3.0148780119000005,0.2199906508000007
5490,2.8384909374999996,2.6883809125,2.9886009625,0.30022005000000007
5491,2.2707652645,2.0916483587,2.4498821703,0.3582338115999999
5492,2.5956455135,2.3819449189,2.8093461080999997,0.4274011891999998
5493,3.1239176325,3.0232914855,3.2245437795,0.20125229399999967
5494,2.329945965,2.197619579,2.462272351,0.26465277200000026
5495,2.6027499579999995,2.5239019748000002,2.6815979412,0.15769596639999994
5496,3.3065021900000007,3.1551438659999995,3.457860514,0.30271664800000053
5497,3.2690710910000007,2.9722047274,3.5659374546000002,0.5937327272000004
5498,3.493744686999999,3.1948141618,3.7926752121999994,0.5978610503999993
5499,2.6752843935,2.6727749509,2.6777938360999998,0.005018885199999712
5500,2.541736572,2.4560932008000003,2.6273799432,0.17128674239999953
5502,2.3781119075,2.3763522705000004,2.3798715445,0.003519273999999406
5505,2.5596815930000005,2.4610113558,2.6583518302,0.1973404743999998
5510,2.8053920925000004,2.7658236554999998,2.8449605295000002,0.07913687400000047
5511,2.3706818065,2.3144190839,2.4269445291,0.11252544520000018
5512,2.7722918075,2.7039917305,2.8405918845,0.13660015400000036
5514,3.2682224240000006,3.0428989935999997,3.4935458544000006,0.45064686080000094
5515,3.5001582964999987,3.1666012150999996,3.8337153778999995,0.6671141627999999
5516,2.9456460695,2.9066176973,2.9846744416999997,0.07805674439999954
5517,2.9724601989999995,2.7667450786,3.1781753193999998,0.4114302407999997
5518,2.9589502465000006,2.8400295451,3.0778709478999997,0.23784140279999955
5519,2.4047293630000004,2.3057576178000003,2.5037011082000005,0.19794349040000014
5520,2.5127537405,2.4415270443000003,2.5839804367,0.14245339239999977
5521,2.8654751935,2.7834512709,2.9474991161000004,0.16404784520000026
5523,2.7010629884999995,2.6900085931,2.7121173839,0.022108790799999944
5524,2.880883467,2.8074852538,2.9542816802000003,0.14679642640000035
5525,3.2069570810000005,3.0373363134,3.3765778485999998,0.3392415351999998
5526,2.3074146399999997,2.162335584,2.452493696,0.29015811199999986
5528,3.170834718,2.7906410052,3.5510284307999997,0.7603874255999998
5530,3.4107703745,3.1720421243,3.6494986246999996,0.47745650039999976
5531,3.3730103959999997,3.1651593544,3.5808614376,0.4157020831999998
5532,2.3237589060000006,2.2234649436000002,2.4240528684,0.20058792479999976
5533,3.5016917085000006,3.1183639919,3.8850194251,0.7666554332
5534,2.3788199940000005,2.2300623964,2.5275775916000005,0.29751519520000036
5536,2.9985845925000003,2.9949016295,3.0022675555,0.007365925999999856
5537,3.2437805579999996,2.9090939812,3.5784671348,0.6693731536
5538,2.2273025040000003,2.0237739024000003,2.4308311056,0.4070572031999995
5539,3.3262593825,3.0919947355,3.5605240295,0.46852929399999965
5542,3.0523079570000005,2.9165999398,3.1880159742000003,0.27141603440000006
5545,2.4112141995000025,2.4025225196999997,2.4199058793,0.017383359600000148
5546,2.2302535079999997,2.1230109048,2.3374961112,0.21448520640000002
5547,2.8741732544999996,2.8674925562999998,2.8808539527,0.013361396400000114
5548,3.404108691,3.1606645673999996,3.6475528146,0.48688824720000046
5550,3.3167577775000003,2.9850820885,3.6484334664999993,0.6633513779999993
5551,2.3338062044999996,2.1427969227,2.5248154863,0.38201856359999997
5552,2.3914647619999996,2.3878832572,2.3950462668,0.007163009600000159
5553,2.219317749,2.1251282494,2.3135072486,0.18837899920000023
5554,2.5090980404999996,2.4005252567000004,2.6176708243,0.2171455675999998
5556,3.0478323510000003,3.0107200913999996,3.0849446106000005,0.07422451920000084
5557,2.489065301500002,2.3397555809000004,2.6383750221000004,0.29861944120000006
5558,2.741227501,2.5972633013999995,2.8851917006,0.2879283992000006
5559,2.754455676,2.6396859463999998,2.8692254056,0.22953945920000018
5560,2.809811679,2.7427143506,2.8769090074,0.1341946568000001
5561,3.043408008,2.9659604111999998,3.1208556047999996,0.15489519359999981
5562,2.4878487345,2.4484732407,2.5272242283,0.07875098760000032
5563,2.0241839835,1.8555691901,2.1927987769,0.33722958680000015
5564,2.176080784,1.9628956704,2.3892658975999996,0.4263702271999996
5565,3.009924199,2.9116638785999998,3.1081845194,0.1965206408000002
5566,3.2190069105,3.1123508747,3.3256629463,0.21331207159999988
5567,2.2367342585000003,2.1542563619,2.3192121551,0.16495579319999987
5568,2.214261627499999,2.1536930785,2.2748301765,0.12113709800000017
5569,3.184192634,2.8143692876,3.5540159804,0.7396466928000001
5570,2.446917414,2.3915972484,2.5022375796000005,0.11064033120000039
5572,3.1474534140000006,2.7785879796,3.5163188484,0.7377308687999999
5573,2.915129697,2.8110735758,3.0191858182,0.20811224239999992
5574,2.590441359,2.4932820154,2.6876007026,0.1943186872
5575,2.206082951,2.2026713705999996,2.2094945314,0.0068231608000002275
5576,2.5747732715,2.5140457801,2.6355007629,0.1214549828
5581,2.4726304370000007,2.3896890622,2.5555718118,0.16588274960000016
5582,2.942837742,2.7866892387999997,3.0989862452,0.31229700640000013
5583,2.3929149445,2.3331493667000003,2.4526805223,0.11953115559999983
5586,2.7608416625,2.7078263275,2.8138569975000003,0.10603067000000044
5587,2.1315438295,2.0831874977,2.1799001613,0.09671266359999997
5589,2.6907049214999996,2.6603037529,2.7211060900999997,0.06080233719999972
5590,2.2321867245000004,2.0702800346999997,2.3940934143,0.32381337960000023
5591,2.0992893954999996,1.9422744373,2.2563043537,0.3140299164
5593,3.006362272499999,2.8212819815,3.1914425635,0.370160582
5594,2.756198092,2.6344877288,2.8779084552,0.24342072640000012
5595,2.9778747630000004,2.8823938682,3.0733556578,0.1909617896000002
5596,2.951677673,2.7931883421999997,3.1101670037999996,0.3169786615999999
5597,2.3350015354999996,2.1911269213,2.4788761497,0.28774922840000006
5598,2.1450934295,2.0696424013,2.2205444577000004,0.15090205640000054
5599,3.3073328555000003,2.9208015977,3.6938641133,0.7730625155999999
5600,2.7943804334999998,2.7718274069,2.8169334601000005,0.045106053200000495
5601,2.992368889499999,2.8173036452999995,3.1674341337,0.3501304884000005
5603,3.2270290344999997,2.9876858483,3.4663722207000003,0.47868637240000034
5605,3.0167850334999997,2.9115738469,3.1219962200999998,0.21042237319999968
5606,3.6326974559999994,3.2493828383999994,4.0160120736,0.7666292352000004
5610,2.995037024,2.9426306336,3.0474434144000004,0.10481278080000056
5611,2.3722174979999977,2.2235632988000003,2.5208716972,0.2973083983999998
5612,2.268269456,2.2441852736000003,2.2923536384000003,0.048168364799999974
5615,2.641606529,2.5544491406000005,2.7287639174000002,0.17431477679999974
5616,3.2663123399999994,2.986783676,3.545841004,0.5590573280000002
5617,2.112842255,2.075252153,2.150432357,0.07518020400000003
5619,2.6646088865,2.5119228411,2.8172949319,0.3053720907999997
5620,3.337781282,3.0977197947999997,3.5778427691999997,0.48012297439999996
5621,2.9769662235000003,2.8308507129,3.1230817341,0.2922310212000001
5622,2.5755188525,2.3919057115,2.7591319935,0.36722628199999985
5623,2.9163633225,2.8500922515,2.9826343935,0.13254214200000014
5624,2.5916452179999996,2.3767713052,2.8065191308,0.4297478255999998
5626,2.9406645305000003,2.8430319427,3.0382971183,0.1952651755999999
5627,2.9660045805,2.9655103483,2.9664988127000003,0.0009884644000002218
5629,2.119862825,1.8976032950000001,2.342122355,0.44451905999999974
5631,2.5071960925,2.4485748555,2.5658173295,0.11724247400000021
5632,2.614785908,2.5907015448,2.6388702711999996,0.048168726399999695
5633,2.8675735430000002,2.8352541602000003,2.8998929257999997,0.06463876559999937
5635,3.5901914744999996,3.2052900642999997,3.9750928846999996,0.7698028203999998
5636,2.4348716250000004,2.363809775,2.5059334750000004,0.1421237000000004
5637,2.488228495,2.388571897,2.5878850929999997,0.19931319599999986
5639,2.810137487,2.7102772818,2.9099976922,0.19972041040000033
5640,2.9368556260000003,2.9205182764,2.9531929756,0.03267469919999977
5641,2.3009719800000004,2.1992495880000003,2.402694372,0.20344478399999977
5642,2.9662861805,2.8591574527,3.0734149083,0.2142574556000003
5644,3.5329532949999987,3.2941646130000004,3.7717419769999996,0.47757736399999917
5646,3.4762454855,3.1609252797,3.7915656912999998,0.6306404116
5647,3.573020230000001,3.2599823219999995,3.886058138,0.6260758160000006
5649,2.2290326155,1.9413355693,2.5167296617000003,0.5753940924000003
5651,2.2898967465,2.1324540478999996,2.4473394451,0.3148853972000003
5652,2.2357473885,1.9970728331,2.4744219439,0.47734911079999987
5653,2.9689505434999997,2.8823971609,3.0555039261,0.1731067652
5654,2.1720059925,1.8567959954999997,2.4872159894999997,0.6304199939999999
5655,2.5691045215,2.5671019129,2.5711071300999997,0.004005217199999578
5657,2.281535801,2.1720846806,2.3909869213999997,0.21890224079999987
5660,2.316272694,2.1624200164,2.4701253716,0.3077053552
5661,2.924654163,2.8392642282,3.0100440978,0.17077986960000002
5663,2.7748626880000002,2.6118485632,2.9378768128000003,0.3260282496000002
5664,3.1488068425,2.9001595795,3.3974541055000005,0.49729452600000057
5666,3.260283978499999,3.1799895699,3.3405783871,0.16058881719999984
5667,2.836080321,2.6287292494,3.0434313926,0.4147021432
5668,2.5724521735000003,2.5637686429,2.5811357041000003,0.01736706120000031
5669,3.1276032480000002,3.0199005472,3.2353059487999998,0.2154054016
5670,2.7446468520000002,2.7113211928,2.7779725111999998,0.06665131839999994
5671,2.3706320480000005,2.3358416672,2.4054224288,0.06958076160000015
5672,3.5203300375,3.2887784524999994,3.7518816225,0.46310317000000056
5676,2.5748247624999996,2.5747738675,2.5748756575000002,0.00010179000000043459
5677,2.671743827,2.6184377577999998,2.7250498962,0.10661213840000006
5679,2.7042355940000005,2.6543794316,2.7540917564,0.09971232480000003
5681,2.0515549310000005,1.9519541033999999,2.1511557586,0.1992016552
5682,2.663597444,2.6412832216,2.6859116664,0.044628444799999833
5684,3.4757351645,3.2029992303,3.7484710986999996,0.5454718683999995
5685,2.9387822695,2.8273471772999996,3.0502173616999992,0.22287018439999962
5686,2.7347780029999997,2.6654544018,2.8041016042,0.13864720240000006
5687,3.4321838454999996,3.0777977837,3.7865699072999996,0.7087721235999997
5688,2.849958437,2.7365518118,2.9633650622,0.22681325039999978
5689,2.5232069819999996,2.3717461892,2.6746677748,0.30292158560000004
5690,2.974009327,2.8407754578,3.1072431962000002,0.26646773840000026
5691,2.61555157,2.612689798,2.618413342,0.005723544000000302
5692,2.7235641765,2.5566638471,2.8904645059000003,0.3338006588000004
5694,3.1160564804999993,2.9124962727000003,3.3196166883,0.4071204155999997
5695,2.475878052,2.3866644728,2.5650916311999996,0.17842715839999945
5697,3.252192773,3.0349642822,3.4694212637999997,0.4344569815999999
5698,2.8259517615000007,2.7797262568999996,2.8721772661,0.09245100920000038
5699,3.3902007055,3.1765429877000004,3.6038584233000006,0.4273154356000002
5700,3.5163434335,3.2362388068999994,3.7964480601000004,0.5602092532000009
5702,2.4425630345,2.3811102207,2.5040158483,0.12290562759999979
5704,2.3543663785,2.2699578271000003,2.4387749299,0.16881710279999984
5705,2.662231679,2.5969638074,2.7274995505999997,0.13053574319999983
5706,2.9696081715,2.7962734401000002,3.1429429029,0.34666946279999955
5707,2.3928803115,2.3895881868999997,2.3961724361,0.006584249200000336
5708,3.3165139265,3.0787486971,3.5542791558999998,0.4755304587999998
5709,2.8480081255000016,2.7464597757,2.9495564752999996,0.20309669959999965
5710,2.809672576,2.7572575456,2.8620876064,0.1048300607999999
5711,3.1398660594999996,3.0557320833,3.2240000356999996,0.16826795239999948
5713,2.7262001575,2.7198456945,2.7325546205,0.012708926000000176
5714,3.4829903325000005,3.1420288655000004,3.8239517995,0.6819229339999997
5718,3.368657793,3.0697021101999997,3.6676134758,0.5979113656000004
5719,2.1339015145,1.9166237087000002,2.3511793202999995,0.43455561159999934
5720,2.642070207,2.6046033241999997,2.6795370897999997,0.07493376559999998
5724,3.116816083,3.0243821161999995,3.2092500497999996,0.1848679336000001
5726,2.8984588975,2.6903892565,3.1065285384999997,0.4161392819999996
5727,3.708771042,3.3963706588000004,4.0211714252,0.6248007663999999
5728,2.949589509,2.7185521126,3.1806269054,0.4620747928000002
5729,2.8226020044999998,2.5996908063,3.0455132027,0.4458223964000001
5730,3.492327426,3.1398479964,3.8448068556,0.7049588592
5732,2.8147377869999994,2.7662269018,2.8632486721999997,0.0970217703999996
5733,3.362949282499999,2.9215265955,3.8043719695,0.882845374
5734,2.7833088160000004,2.7380943424,2.8285232896,0.09042894719999994
5735,2.29639763,2.171747378,2.421047882,0.2493005039999998
5736,3.161047988,3.0092055832,3.3128903928,0.3036848096
5738,2.3655640045,2.3629624027,2.3681656063,0.005203203599999817
5739,3.2338773375000005,3.0602670725000003,3.4074876025,0.3472205299999995
5741,3.3686813305,3.1082350627,3.6291275982999998,0.5208925355999998
5745,2.913823299,2.7245638186,3.1030827794,0.37851896080000014
5747,3.3365282825,3.0754815955,3.5975749695,0.5220933740000002
5748,3.3251703415000002,3.0021924781,3.6481482049,0.6459557268
5749,3.4141148514999995,3.0992283921,3.7290013109,0.6297729188000001
5751,2.3294638095,2.3055446856999997,2.3533829333,0.047838247600000106
5752,3.005796509,2.9041283126,3.1074647054,0.20333639279999982
5753,2.6276735575,2.5374757344999996,2.7178713804999997,0.18039564600000002
5755,3.4818882435000003,3.0533691409,3.9104073461,0.8570382051999998
5756,3.512607635500002,3.1296746897000003,3.8955405813000006,0.7658658916000003
5757,3.3654048944999997,3.0911944523,3.6396153367,0.5484208844
5758,2.1781306464999997,1.9703519879,2.3859093051,0.4155573172000002
5759,3.553065003499999,3.2320450049,3.8740850021000006,0.6420399972000008
5763,3.039782856,2.9755243984,3.1040413136000002,0.12851691520000008
5768,3.0421719125000006,2.8831726774999997,3.2011711475,0.3179984700000005
5769,2.8026611705,2.7921752387000005,2.8131471023,0.020971863599999363
5770,3.3638552485,3.0092937479,3.7184167490999998,0.7091230011999996
5771,2.608902638,2.5621356931999997,2.6556695828,0.0935338896000002
5774,2.372565206,2.2597687236,2.4853616884,0.22559296479999968
5775,2.3885514500000005,2.32406927,2.45303363,0.12896436000000033
5776,2.9983145550000003,2.9179491770000006,3.078679933,0.16073075599999953
5777,2.0890027284999997,1.8364200371000001,2.3415854199,0.5051653827999998
5780,2.9326869280000003,2.7418004992,3.1235733568,0.3817728576000001
5781,2.9300346189999997,2.8234100666,3.0366591713999997,0.2132491047999996
5783,2.2911283950000003,2.068478237,2.513778553,0.445300316
5784,2.479058494,2.4076578964,2.5504590916,0.14280119520000012
5785,3.3282751210000003,3.0478671694000004,3.6086830726000003,0.5608159032
5786,2.4471537594999995,2.3677418557,2.5265656633,0.15882380760000014
5788,2.963923005,2.928365007,2.9994810029999996,0.07111599599999963
5789,3.319770381,2.9076493334,3.7318914286,0.8242420951999998
5790,3.637617276,3.3086597864,3.9665747655999994,0.6579149791999996
5791,2.470628914,2.3926529484,2.5486048796,0.15595193120000017
5793,3.379044904,2.9919280656000002,3.7661617424,0.7742336767999998
5795,3.6071584039999993,3.3009077656,3.9134090424000005,0.6125012768000007
5797,3.4778235105,3.0919501146999995,3.8636969063,0.7717467916000005
5799,3.564373708499999,3.2756791919,3.8530682250999995,0.5773890331999993
5800,2.8538098274999997,2.8534837584999995,2.8541358964999994,0.0006521379999999688
5801,2.8081628370000002,2.6445479718000002,2.9717777022000003,0.32722973040000003
5802,3.3040775764999997,2.9964362071,3.6117189459,0.6152827388
5803,3.340768078999999,3.1798665105999997,3.5016696473999995,0.32180313679999983
5804,2.8428433945000005,2.8333151523000004,2.8523716366999996,0.019056484399999185
5806,2.878370404,2.7181101655999997,3.0386306424,0.32052047680000006
5807,3.2559838959999996,2.9671866544,3.5447811376000002,0.5775944832000004
5808,3.1119484009999994,3.0891697614000004,3.1347270406,0.045557279199999634
5809,2.8962145589999997,2.8424811353999995,2.9499479826,0.10746684720000044
5810,2.95504744,2.869508416,3.0405864640000004,0.17107804800000048
5811,2.6103619814999997,2.5955719740999994,2.6251519888999995,0.029580014800000054
5813,2.8868483355,2.8743104697,2.8993862013,0.025075731599999873
5814,2.2971143309999995,2.2196089986,2.3746196634,0.1550106647999998
5815,2.81209464,2.6868352960000004,2.937353984,0.25051868799999966
5816,2.652533752,2.6452688527999997,2.6597986512,0.014529798400000349
5817,2.7088924465,2.5854362250999996,2.8323486678999994,0.2469124427999998
5818,3.4001548765000007,3.1345116271000006,3.6657981259000008,0.5312864988000001
5820,2.5420240665000002,2.5336848399000003,2.5503632930999998,0.0166784531999995
5821,2.539152935999999,2.4038553616,2.6744505103999994,0.2705951487999996
5823,3.478124414499999,3.1618001802999998,3.7944486487,0.6326484684000002
5825,2.5992774825000002,2.5921328755000004,2.6064220895,0.014289213999999717
5827,3.3685141199999995,2.990417768,3.746610471999999,0.7561927039999992
5830,2.888845500500001,2.8233813007,2.9543097003,0.13092839960000013
5832,2.7933680155,2.6133892217,2.9733468092999997,0.35995758759999985
5833,2.5506444695000003,2.5150746572999996,2.5862142817000002,0.07113962440000066
5835,2.3379084260000003,2.1179186556,2.5578981964,0.4399795408
5836,2.4559715300000002,2.441808142,2.470134918,0.028326775999999665
5837,2.9277940784999994,2.9130264471,2.9425617098999997,0.02953526279999963
5838,2.8144099475,2.7054955265,2.9233243684999994,0.2178288419999994
5839,3.0555606195,2.9383628673,3.1727583717,0.23439550440000012
5840,2.9800880435,2.8297480609,3.1304280261,0.30067996520000007
5841,3.0997519629999997,3.0230571482,3.1764467778,0.1533896295999999
5842,3.142402978,2.9709741692,3.3138317868,0.3428576176
5843,2.582566154500001,2.5371944927,2.6279378163000002,0.09074332360000037
5844,1.9629598444999996,1.7985803067000001,2.1273393822999997,0.3287590755999996
5845,2.6541825269999997,2.3958727378000004,2.9124923162000003,0.5166195783999998
5846,2.0865458389999993,1.7824767033999998,2.3906149746,0.6081382712000003
5847,2.626533173,2.4371392421999998,2.8159271037999996,0.3787878615999998
5848,2.7260439205,2.6643618887000002,2.7877259522999998,0.12336406359999952
5850,3.425806442,3.0278366188000003,3.8237762652,0.7959396463999995
5851,2.6884222705000003,2.6350837623000003,2.7417607787000002,0.10667701639999994
5852,2.4953162255,2.3091413353,2.6814911157,0.3723497804
5853,2.6626339084999997,2.6209875450999998,2.7042802718999996,0.08329272679999988
5854,2.5255221295,2.4022376777,2.6488065813,0.24656890360000006
5855,2.7349314424999998,2.6436584195,2.8262044655,0.18254604600000013
5856,2.8529689180000006,2.6647104852,3.0412273508,0.37651686559999975
5857,2.611788834,2.5741851676,2.6493925004000003,0.07520733280000025
5859,3.538418431,3.2462118034,3.8306250586,0.5844132551999999
5861,2.630093394,2.5831532364,2.6770335516,0.09388031520000029
5862,3.3210681804999997,3.0056402527,3.6364961083000003,0.6308558556000001
5863,3.590957962999999,3.2880135482,3.8939023778,0.6058888296
5864,3.3402740449999997,3.1088688629999996,3.5716792269999997,0.4628103640000001
5865,3.397389741000001,3.0697036374000004,3.7250758445999996,0.6553722071999992
5866,3.6296707974999998,3.3212795165,3.9380620785,0.6167825619999996
5867,2.8126339869999994,2.7932147817999997,2.8320531921999996,0.03883841039999991
5869,3.5973199190000003,3.2679554866,3.9266843514,0.6587288648
5870,3.2249468205,3.1404599487,3.3094336923000003,0.1689737436000005
5871,3.0003058644999996,2.9418147187,3.0587970102999997,0.11698229159999984
5872,3.5056811009999973,3.2338963414,3.7774658606000004,0.5435695192000005
5873,2.8738828885000003,2.7292052439,3.0185605331,0.2893552892
5874,3.224662956499999,3.0549989391,3.3943269739000006,0.33932803480000073
5875,2.414017435,2.351165261,2.4768696089999995,0.12570434799999974
5876,2.8377455799999995,2.761923412,2.9135677479999997,0.15164433599999994
5877,2.885136555,2.7688095770000003,3.001463533,0.2326539559999996
5878,2.7868480179999997,2.7447676252,2.8289284108000006,0.0841607856000004
5880,2.934724543,2.9323219602,2.9371271258,0.004805165600000105
5881,3.0886603175000005,2.8296940445,3.3476265905000004,0.5179325460000004
5882,2.4883570424999997,2.3296366255000005,2.6470774595,0.31744083399999967
5883,2.650644812,2.5494264872000003,2.7518631368,0.20243664959999963
5885,3.1608073940000003,3.0909755515999997,3.2306392364,0.13966368480000035
5886,3.374034873999999,3.1650364235999997,3.5830333243999997,0.41799690079999996
5887,2.6327396695,2.5434726017,2.7220067372999996,0.17853413559999964
5888,2.9104932715,2.7506493801,3.0703371628999996,0.31968778279999954
5890,2.897611982,2.5324395748,3.2627843891999997,0.7303448143999995
5893,2.9548314455,2.8706632237,3.0389996673,0.16833644360000033
5894,2.7951465975000005,2.5286604364999996,3.0616327585,0.5329723220000004
5895,3.2584948915000003,2.9818116481,3.5351781348999998,0.5533664867999999
5896,2.8122473575,2.7351971004999998,2.8892976145,0.15410051400000047
5897,2.7325932845,2.7256149983,2.7395715707,0.0139565723999997
5899,3.1167190765000004,2.8311687071,3.4022694459,0.5711007388000002
5900,2.263917964,2.0784147784,2.4494211496000005,0.37100637120000046
5901,2.4931577555000004,2.4760204577000002,2.5102950533,0.0342745955999999
5902,2.4379293425000004,2.3617480055,2.5141106795000003,0.15236267400000036
5905,3.4664942310000004,3.0968895234000002,3.8360989386,0.7392094151999999
5907,3.5444150535000003,3.2755390749,3.8132910321000004,0.5377519572000002
5908,2.5632152739999996,2.5462323644,2.5801981836,0.03396581920000008
5910,2.3386212930000005,2.2810975758,2.3961450102,0.11504743440000009
5914,3.4232449405,3.1212617167000003,3.7252281643,0.6039664475999995
5915,2.508677177,2.4390323061999997,2.5783220478,0.1392897416000003
5916,3.4170080969999987,3.1076453357999996,3.7263708581999997,0.6187255224000001
5917,2.7912519140000005,2.7648026796,2.8177011484000003,0.05289846880000049
5918,2.8947524715000004,2.8341242601,2.9553806829,0.12125642280000015
5920,2.3067746745,2.1806844047,2.4328649443,0.25218053959999986
5923,2.4594813325,2.2801706655,2.6387919995,0.35862133399999996
5925,3.3884253589999993,3.0471487026,3.7297020154,0.6825533128000001
5926,3.2020820789999997,3.0188065105999997,3.3853576474,0.36655113680000007
5927,3.206772979,3.0935813706,3.3199645874000003,0.2263832168000004
5928,2.4663614010000003,2.4272695614,2.5054532405999996,0.07818367919999947
5929,2.8699485445,2.6357663623,3.1041307267000002,0.4683643644000002
5930,2.4673263380000003,2.3357450028000004,2.5989076732000003,0.26316267039999985
5931,2.4543929444999995,2.3965373666999996,2.5122485222999997,0.11571115560000012
5932,2.7810033969999997,2.6761179557999997,2.8858888381999996,0.20977088239999997
5934,2.9271425604999997,2.7847767847,3.0695083362999998,0.28473155159999974
5936,2.6133269639999996,2.3287105496,2.8979433784000004,0.5692328288000006
5937,2.620817586,2.5315301516,2.7101050204,0.17857486879999973
5939,2.9874587225000004,2.9290222115,3.0458952334999996,0.1168730219999996
5940,2.1183850135,1.9642262081000001,2.2725438189,0.30831761079999986
5941,3.2700067745,3.1371850843,3.4028284646999998,0.2656433803999998
5942,3.2680598670000003,2.9049018137999996,3.6312179201999997,0.7263161064000001
5943,3.47205863,3.1614812819999996,3.782635978,0.6211546960000005
5944,3.4654010539999995,3.1109402755999995,3.8198618323999995,0.7089215568
5945,2.0958354895,1.9848060937000003,2.2068648853000004,0.22205879160000008
5946,3.436004684999999,3.042114159,3.8298952109999997,0.7877810519999997
5947,3.1887981305000004,2.9249909827,3.4526052783,0.5276142956000003
5948,2.123004988,1.9942433928,2.2517665832,0.2575231903999997
5950,3.440198885499999,3.1372052397,3.7431925313,0.6059872916
5951,3.5170569825,3.2024349755,3.8316789895,0.6292440139999997
5952,2.4978586515,2.4823053121,2.5134119909,0.031106678800000065
5953,2.2546317765,2.1719818659,2.3372816871,0.16529982120000009
5955,2.611824519999999,2.5858675119999996,2.6377815280000005,0.051914016000000895
5956,2.3461821285,2.1749424771,2.5174217799000003,0.34247930280000016
5958,3.123326027,3.0032232378,3.2434288162,0.2402055783999999
5960,3.276851958500001,3.0662691419,3.4874347751,0.4211656332000002
5962,3.1455753884999997,3.0303343439,3.2608164331,0.23048208920000013
5963,2.2516293980000004,2.1357056387999998,2.3675531572,0.2318475184000004
5965,2.126486002,2.1143520028,2.1386200012,0.024267998400000046
5966,2.9427831229999994,2.8674575722,3.0181086738,0.15065110159999984
5967,2.512917561,2.5034409854,2.5223941365999996,0.018953151199999407
5968,2.776694978,2.7747537691999997,2.7786361868,0.0038824176000002986
5970,2.71066971,2.6661802260000003,2.7551591939999995,0.08897896799999927
5971,2.8760700285000005,2.7163244399,3.0358156171000004,0.3194911772000002
5973,2.450886695,2.4035252170000003,2.498248173,0.09472295599999958
5974,2.31360325,2.31062815,2.31657835,0.005950200000000017
5980,3.3713580125,3.1469028175,3.5958132075000004,0.44891039000000044
5986,3.060360016999999,3.0324876238000003,3.0882324101999994,0.055744786399999136
5988,2.92775069,2.736194966,3.119306414,0.3831114480000002
5990,3.0597370735,2.9740699029,3.1454042441000003,0.17133434120000013
5991,2.3939264955,2.2892946937,2.4985582973,0.20926360359999974
5993,2.7879720919999995,2.7525517288000003,2.8233924552,0.07084072639999972
5994,3.3588535124999996,3.0636277174999997,3.6540793075,0.5904515900000002
5996,3.009552036,2.9876788504,3.0314252216,0.043746371200000134
5997,2.696040092,2.6486697288,2.7434104552000003,0.09474072640000042
5998,2.7000894015,2.5821391621,2.8180396409000004,0.23590047880000053
5999,2.9065828405,2.7506603767,3.0625053043,0.31184492760000015
6000,2.4712120725000006,2.4041696435,2.5382545015,0.13408485800000003
6001,2.749415838,2.7098271028,2.7890045731999997,0.0791774703999999
6003,2.6337009494999997,2.5741505697000004,2.6932513292999998,0.11910075959999933
6004,2.7278482979999996,2.7232489787999996,2.7324476172,0.009198638400000458
6005,3.0900355674999993,2.9759621944999997,3.2041089405000003,0.22814674600000062
6006,2.49273653,2.429653542,2.555819518,0.1261659759999998
6007,2.3728882710000008,2.2201341626,2.5256423794,0.30550821679999984
6009,2.6635102704999998,2.5838519787000003,2.7431685622999997,0.15931658359999945
6010,2.7979069775000007,2.6942145685,2.9015993865,0.20738481799999997
6011,3.0726563949999997,2.855736553,3.289576237,0.43383968400000006
6012,1.9769346544999997,1.7951955927,2.1586737163,0.3634781236
6016,3.293887975,2.994581965,3.5931939850000005,0.5986120200000005
6017,2.5263417584999996,2.4262014550999997,2.6264820619,0.20028060680000026
6018,3.4220070650000003,3.090706291,3.7533078389999996,0.6626015479999996
6019,2.8552318165,2.8445710899000005,2.8658925431,0.021321453199999674
6020,2.4694407705000003,2.3165000623000003,2.6223814787000004,0.3058814164000001
6024,2.9332633385,2.6474410738999996,3.2190856031,0.5716445292000003
6025,2.708421224,2.6726605136,2.7441819344,0.0715214207999999
6026,2.8377935615,2.7733329861,2.9022541369,0.1289211508000001
6027,2.3618436875,2.2083930125,2.5152943625,0.30690134999999996
6028,3.1722908700000008,2.982431618,3.362150122,0.37971850399999996
6029,2.3066580744999996,2.1566512447,2.4566649043,0.30001365960000026
6030,2.8961089309999997,2.8698309586000006,2.9223869034,0.05255594479999948
6031,1.937660397499999,1.7780850385,2.0972357565,0.31915071799999994
6032,3.5188254574999993,3.1597088405,3.8779420745,0.7182332339999999
6033,2.6988024850000008,2.6480198789999996,2.749585091,0.10156521200000057
6036,3.59796237,3.2007537179999996,3.9951710219999996,0.794417304
6038,2.8311455139999997,2.7908889195999995,2.8714021084,0.08051318880000036
6039,2.8850250425,2.8553918595,2.9146582254999998,0.05926636599999968
6041,3.4760642364999996,3.0888943311,3.8632341419,0.7743398107999999
6045,3.4477628489999996,3.0770743886000003,3.8184513094,0.7413769207999996
6046,3.0507926295,2.9496192813000004,3.1519659777,0.2023466963999998
6047,3.1048353825,2.7949667354999996,3.4147040294999997,0.6197372940000001
6048,2.136057637500001,1.8845569825000001,2.3875582925,0.5030013099999999
6050,2.1263964915000004,1.9714670949000002,2.2813258881,0.30985879319999987
6053,3.2569429674999997,3.1349901545,3.3788957804999997,0.24390562599999965
6056,2.9678220935,2.7311937308999994,3.2044504560999996,0.4732567252000002
6058,2.211230321000001,2.1280589926,2.2944016494,0.16634265679999993
6060,3.2622057090000007,3.1485655926,3.3758458254000003,0.22728023280000054
6062,2.8627981215,2.6390905700999996,3.0865056729000004,0.44741510280000085
6067,3.2576087585000004,2.9730614619000004,3.5421560551000004,0.5690945932
6068,3.3535993089999985,3.0768834326000003,3.6303151853999998,0.5534317527999995
6069,2.4776843415,2.4735348780999997,2.4818338049,0.008298926800000217
6070,3.2860817410000003,2.9643432373999996,3.6078202446,0.6434770072000005
6071,3.411687175000001,3.0493228450000003,3.7740515050000005,0.7247286600000002
6072,2.9313346890000003,2.8187173645999994,3.0439520133999998,0.22523464880000033
6076,2.733343922,2.6423643532000005,2.8243234908,0.18195913759999938
6077,2.262901207,2.1000911242,2.4257112897999997,0.32562016559999973
6079,2.822345395,2.7783895529999993,2.866301237,0.08791168400000071
6080,3.5103993625000003,3.2069851075000004,3.8138136175,0.6068285099999997
6082,2.2738742315,2.1422741389,2.4054743241,0.2632001852000001
6084,2.5508324555000006,2.4223270733,2.6793378377000003,0.25701076440000037
6085,2.287474037,2.2131400222,2.3618080517999998,0.14866802959999958
6087,2.5246865269999996,2.5025283378,2.5468447162000003,0.04431637840000047
6089,2.862512636,2.8334212904000005,2.8916039816,0.058182691199999415
6091,3.0519419335,2.8568303069,3.2470535601,0.39022325319999984
6092,2.602224176499999,2.4903366471,2.7141117059000006,0.2237750588000007
6093,3.251218484000002,3.0697706775999993,3.4326662904,0.3628956128000005
6094,3.0693703779999995,3.0133005291999995,3.1254402268000003,0.11213969760000086
6095,2.4826093214999996,2.3524327928999997,2.6127858501000003,0.26035305720000057
6096,2.628108547,2.5384175657999997,2.7177995282,0.17938196240000037
6098,3.004970211,2.8863022954,3.1236381266,0.2373358311999998
6099,3.008040867999999,2.8139384152000004,3.2021433208000003,0.38820490559999987
6101,3.159453635999999,3.0067146904,3.3121925815999997,0.3054778911999998
6103,2.5247442790000005,2.4908409674,2.5586475905999997,0.06780662319999964
6105,3.042865186,2.9837040604000005,3.1020263116,0.1183222511999995
6106,3.0268334705,2.8700376587,3.1836292823,0.31359162360000026
6110,3.0820278785,2.9873518299,3.1767039270999997,0.18935209719999957
6111,2.2676595755,2.0460773453,2.4892418057,0.4431644603999998
6112,3.3422350569999995,2.9386386798,3.7458314341999994,0.8071927543999995
6115,3.3618004985,3.0600470979,3.6635538991,0.6035068012
6116,3.7249222495000005,3.3524511493,4.0973933497,0.7449422003999997
6117,3.0607969025,2.8158976635,3.3056961415,0.489798478
6118,3.3293686339999997,3.0407436876000005,3.6179935804000003,0.5772498927999998
6119,3.423472801,3.0962151213999998,3.7507304806,0.6545153592000004
6120,3.391608085,3.164470119,3.6187460509999996,0.4542759319999994
6121,2.7615747145,2.7319812286999996,2.7911682003000005,0.05918697160000086
6123,3.6350952265000003,3.3081889171,3.9620015358999994,0.6538126187999995
6126,3.5602585385000003,3.2132051539,3.9073119231000004,0.6941067692000003
6128,2.7996841084999993,2.6470121519,2.9523560651,0.3053439132000002
6132,3.109900128000001,2.8564717792,3.3633284768000005,0.5068566976000004
6133,2.9623148355,2.8955699697,3.0290597013,0.1334897316000001
6134,2.4502531880000005,2.4220203128000004,2.4784860632,0.05646575039999968
6135,3.308131933,3.1005083062,3.5157555598,0.41524725360000003
6136,2.8520397135,2.7140543989,2.9900250281000003,0.27597062920000015
6138,2.4631572815,2.2405925941000002,2.6857219689,0.4451293747999996
6140,2.5113667425000004,2.3039594395,2.7187740455,0.4148146060000002
6141,2.459529576,2.2626229456,2.6564362064,0.3938132608
6142,3.5903879115,3.2931730761,3.8876027468999994,0.5944296707999994
6143,3.378332929999999,3.0592841020000003,3.697381758,0.6380976559999998
6146,3.4637990480000007,3.1681730672,3.7594250288,0.5912519615999998
6147,2.478206163500001,2.3828620981,2.5735502289,0.1906881307999999
6148,2.4509429215000003,2.3361065529,2.5657792901000005,0.22967273720000048
6149,3.5451590139999993,3.2487786196000004,3.8415394084,0.5927607887999997
6151,2.631151089,2.4867067246000003,2.7755954534,0.2888887287999995
6152,2.2621509865,2.1095237919,2.4147781811,0.3052543891999999
6153,3.0806207945000006,2.7717871122999997,3.3894544767,0.6176673644000004
6154,3.109198263,3.0393871682,3.1790093578000005,0.13962218960000028
6157,2.3379084505,2.1547282702999997,2.5210886307,0.3663603604000003
6158,2.9649699130000005,2.9171390782,3.0128007478,0.09566166960000011
6160,2.3842278860000006,2.3034259315999996,2.4650298403999997,0.16160390880000008
6163,2.6698911740000004,2.6451619044,2.6946204436,0.04945853919999976
6164,2.824331622,2.7784578708000005,2.8702053732,0.09174750239999963
6165,2.8379397015,2.6313643821,3.0445150209,0.4131506387999999
6166,2.932611726,2.8243016164,3.0409218356000003,0.21662021920000019
6167,2.8908476829999996,2.7800143561999993,3.0016810097999995,0.22166665360000026
6168,2.7073960094999996,2.6642872057,2.7505048133,0.08621760760000008
6169,2.6452142784999975,2.6064255899,2.6840029670999996,0.07757737719999946
6170,2.7281440929999996,2.7054128558,2.7508753302000004,0.045462474400000286
6171,2.9990797160000002,2.9762638296,3.0218956024,0.04563177279999975
6172,2.4438519905,2.3956511943,2.4920527867,0.0964015923999999
6173,2.4484080000000006,2.2714212,2.6253947999999996,0.3539735999999998
6174,2.900670436,2.8489846104000005,2.9523562616000003,0.1033716511999998
6175,2.7900620314999998,2.6389144440999996,2.9412096189,0.30229517480000023
6176,3.09167783,2.989188562,3.194167098,0.20497853600000004
6177,2.8990264655,2.8557522517000002,2.9423006793,0.08654842759999992
6179,3.3262853409999997,3.0197158774000004,3.6328548046000004,0.6131389272000001
6181,2.5344692429999998,2.4002847458,2.6686537402,0.26836899439999984
6182,3.087741094,2.9289655316000007,3.2465166564000003,0.3175511247999996
6184,2.6822817315,2.5897308241,2.7748326389,0.18510181479999988
6185,2.622116328,2.5646837968,2.6795488591999996,0.11486506239999983
6186,2.804943235500002,2.7567729297,2.8531135413,0.09634061160000007
6187,3.6813539010000005,3.3704838614000003,3.9922239406000006,0.6217400792000003
6188,2.4546079015,2.4435643409,2.4656514621,0.022087121199999782
6189,2.8785245385000002,2.6950211538999995,3.0620279231,0.3670067692000005
6190,3.4752943935,3.1072901508999995,3.8432986360999997,0.7360084852000002
6191,3.3992581244999993,3.0513873743,3.7471288747,0.6957415004
6194,2.2448969720000007,2.1555101832,2.3342837608,0.1787735775999999
6195,2.201775509,2.0260101054,2.3775409126,0.35153080719999963
6196,2.8329683825,2.6523305355000004,3.0136062295,0.3612756939999997
6198,2.8005839784999997,2.6369995699000004,2.9641683871,0.3271688171999996
6199,2.6053858979999984,2.4881846572,2.7225871388,0.23440248159999966
6200,2.6252161745,2.4077446443,2.8426877047,0.43494306039999975
6202,2.9473884719999996,2.8831254607999997,3.0116514832,0.12852602240000044
6203,2.561112336,2.4467486016,2.6754760704000002,0.22872746880000028
6204,2.6820605835,2.5703304169,2.7937907501,0.2234603331999998
6206,3.046732126,2.9189917764,3.1744724756,0.25548069920000005
6207,3.1102736944999996,2.9346243722999996,3.2859230167,0.35129864440000036
6208,2.531162504,2.4863219024,2.5760031056000003,0.0896812032000005
6209,3.0707739795,2.9705887713000005,3.1709591877000003,0.20037041639999975
6210,3.2546026795000005,3.0842209513,3.4249844077000002,0.3407634564000004
6211,2.6252991700000017,2.550702838,2.699895502,0.14919266400000009
6214,2.5026855639999996,2.4832013384,2.5221697896,0.03896845120000014
6216,3.1042787214999996,2.8416934101000004,3.3668640328999997,0.5251706227999993
6217,2.852426854,2.7887777124,2.9160759956,0.12729828320000003
6218,2.819579387,2.6998727417999997,2.9392860322,0.23941329040000037
6219,3.595889831500002,3.2132677641,3.9785118988999995,0.7652441347999996
6220,3.087330411,2.9834813754,3.1911794465999996,0.20769807119999983
6221,3.250704412000001,2.9862177768,3.5151910471999996,0.5289732703999999
6225,2.29138153,2.259444918,2.3233181419999998,0.06387322399999995
6226,3.2033578869999997,2.8030386418,3.6036771322000005,0.8006384904000003
6227,3.4374710399999997,3.099311856,3.7756302239999995,0.6763183679999996
6228,2.89577098,2.6543613719999994,3.137180588,0.48281921600000066
6229,2.4863294070000013,2.4751711698,2.4974876442,0.022316474400000175
6230,2.5920100715,2.4048989001,2.7791212429,0.3742223428
6232,3.51562752,3.1378741279999995,3.893380912,0.7555067840000005
6233,3.0186947964999997,2.7816155151,3.2557740779,0.4741585628
6234,3.447018153499999,3.1015622149,3.7924740921,0.6909118772
6236,3.4224143819999995,3.0838061347999997,3.7610226291999997,0.6772164944000001
6239,2.6139023325,2.5240581995,2.7037464655,0.17968826599999987
6240,2.2959660504999997,2.1640920303,2.4278400707,0.2637480403999999
6241,3.338480142999999,3.1352134002,3.5417468858000003,0.40653348560000024
6243,3.399869022,3.1570838307999995,3.6426542132,0.4855703824000006
6244,2.7767833509999997,2.6943874913999997,2.8591792106,0.16479171920000013
6245,2.9438780675000005,2.8419268945,3.0458292405,0.203902346
6249,2.5657757020000003,2.5056262212,2.6259251827999996,0.12029896159999964
6251,2.0996261794999995,1.9806553077000002,2.2185970513,0.23794174359999998
6252,3.1923294304999996,3.0658736027,3.3187852583,0.2529116556000002
6253,2.3443318335,2.2239323001,2.4647313669,0.24079906680000018
6254,2.3035701105,2.1178248663,2.4893153547,0.3714904884000001
6255,2.8645084929999998,2.8255650902,2.9034518958,0.07788680559999994
6256,2.4395549665000003,2.3102381799,2.5688717531000003,0.25863357320000047
6257,2.5362487095,2.4078112257,2.6646861933,0.25687496759999995
6259,3.6770004354999997,3.3332614097,4.0207394613,0.6874780515999999
6261,3.2056288969999995,2.9687112558,3.4425465382,0.4738352823999996
6262,2.4838642025,2.4072697215,2.5604586835,0.15318896199999976
6263,3.4157953745,3.0765135242999997,3.7550772247000004,0.6785637004000007
6264,3.100229408999999,2.7099063726000003,3.4905524454000005,0.7806460728000002
6267,3.2187304295,2.8441686013000003,3.5932922577,0.7491236563999997
6268,2.6505681395000003,2.5803857953,2.7207504837,0.14036468840000005
6269,2.5566902945000005,2.5281841767000004,2.5851964122999997,0.05701223559999935
6270,3.5723306034999993,3.1648692448999998,3.9797919621,0.8149227172000004
6273,2.6108487900000004,2.502177674,2.719519906,0.21734223200000002
6274,2.924866891999999,2.8532220487999997,2.9965117352,0.14328968640000017
6279,3.559434671000001,3.1708561394,3.9480132026000003,0.7771570632000002
6280,2.4882491530000004,2.4538476142000003,2.5226506918,0.0688030775999997
6283,3.1871190510000003,2.9685970714,3.4056410306,0.43704395919999994
6284,2.360450341,2.2791902046000003,2.4417104774,0.1625202727999997
6285,2.0202035784999994,1.9151285471,2.1252786099,0.21015006280000015
6287,2.8214547345,2.8085960407000004,2.8343134283,0.025717387599999864
6288,2.1247315945,1.8601245567,2.3893386323,0.5292140755999999
6290,3.4503379725,3.1287119615000005,3.7719639834999996,0.6432520219999991
6292,3.663362871,3.3337764194,3.9929493226,0.6591729032
6293,3.5550479229999996,3.2365786921999997,3.8735171538,0.6369384616000002
6296,3.5400663064999995,3.2977140291,3.7824185838999993,0.4847045547999991
6297,2.1539483055,1.9131433833,2.3947532277,0.4816098443999999
6300,3.5911455765000007,3.2853578071000005,3.8969333459,0.6115755387999995
6304,2.2230778819999992,2.1070583292000005,2.3390974348,0.23203910559999974
6306,2.6690212055000004,2.5442983233,2.7937440877,0.24944576439999988
6308,2.3383793825000003,2.1833652295,2.4933935355,0.310028306
6309,2.983231363500001,2.8004451089000004,3.1660176180999997,0.3655725091999993
6310,2.4224926104999995,2.3071295663,2.5378556547,0.23072608839999997
6311,2.3372089860000003,2.1779105916,2.4965073803999998,0.31859678879999986
6312,2.7777058350000003,2.628922969,2.9264887009999994,0.29756573199999936
6313,2.753714512,2.5170439168,2.9903851072,0.4733411903999998
6315,2.619887049,2.5049254294,2.7348486686,0.22992323920000013
6316,3.13601527,3.081081378,3.190949162,0.10986778399999997
6317,2.6773389290000003,2.5460049006,2.8086729574,0.26266805679999994
6318,2.4636713890000004,2.3163984334000003,2.6109443446,0.29454591119999973
6320,3.1308106220000003,2.9214700708000003,3.3401511732,0.4186811023999999
6321,2.72093732,2.437083048,3.004791592,0.5677085440000003
6324,2.7176790485,2.5826294679,2.8527286290999996,0.27009916119999966
6325,3.6684271925000003,3.3587952695000003,3.9780591155,0.6192638459999995
6327,2.4543651515000002,2.4540728121,2.4546574909000003,0.0005846788000001268
6328,2.5406291695000003,2.5214320373000003,2.5598263017,0.03839426439999949
6329,2.167134828,2.0756420968,2.2586275592,0.18298546240000002
6330,2.7990883135,2.7324916388999996,2.8656849881,0.13319334920000037
6332,3.2067544235,3.0854105929,3.3280982541000004,0.24268766120000018
6333,3.6684664974999994,3.3675606964999996,3.9693722984999997,0.6018116020000002
6335,3.328928934,3.0847465076000002,3.5731113604,0.48836485279999975
6336,3.148344409000001,2.7873097726000005,3.5093790454000002,0.7220692727999998
6337,2.3624497425,2.2941766455,2.4307228395,0.13654619400000012
6339,3.544042603,3.1825276442,3.9055575618000002,0.7230299176000003
6340,2.3049454575000006,2.1260080745,2.4838828404999997,0.3578747659999997
6341,3.4296649315000014,3.1194661040999994,3.7398637589,0.6203976548000005
6342,2.1284494065,1.9305572439,2.3263415691000002,0.3957843252000002
6345,2.0985012414999997,1.9788419449,2.2181605381,0.2393185931999997
6346,3.0332618035,2.8554629249,3.2110606821,0.3555977572
6348,2.2120195485,2.1401221291000003,2.2839169678999998,0.14379483879999944
6350,2.5604802405,2.5372989443,2.5836615367,0.0463625924000004
6354,3.4060834619999993,3.1232616467999996,3.6889052772000004,0.5656436304000008
6355,2.7657357035,2.7465638221,2.7849075848999996,0.038343762799999404
6356,2.843948998,2.8352277972,2.8526701988000003,0.017442401600000323
6358,2.921791378,2.7980643292000003,3.0455184267999997,0.24745409759999948
6359,2.6143485939999995,2.5507780316,2.6779191564,0.12714112479999962
6361,2.695817939,2.6294031145999996,2.7622327633999997,0.13282964880000003
6362,2.66931536,2.6357635040000003,2.7028672159999996,0.06710371199999932
6365,2.8134685455,2.7529971637,2.8739399273,0.1209427636
6366,3.129187064,3.0615882896,3.1967858384,0.1351975487999999
6367,3.481371321999999,3.0795810508,3.883161593199999,0.8035805423999993
6370,3.5575263950000005,3.3360373530000005,3.779015437,0.4429780839999995
6373,2.6506264095,2.5820262457000003,2.7192265733,0.13720032759999956
6374,2.7320683420000003,2.7179220787999996,2.7462146052000005,0.028292526400000906
6375,2.7221442990000004,2.6920629794,2.7522256186000003,0.06016263920000009
6376,3.375609113,3.0672331581999996,3.6839850678000006,0.6167519096000009
6377,2.4954030139999994,2.4870186195999997,2.5037874083999996,0.01676878879999988
6378,2.8275593139999997,2.8256574396,2.8294611884000007,0.0038037488000006725
6379,2.601620583499999,2.5200119501000002,2.6832292169,0.16321726679999982
6382,3.2225535995000003,2.9822554393000003,3.4628517596999995,0.4805963203999992
6387,2.6178524045000002,2.5328186427,2.7028861663,0.17006752359999977
6388,2.8332533709999996,2.7784107194,2.8880960226,0.10968530320000003
6390,2.9468891010000005,2.6813223414000005,3.2124558606000004,0.5311335192
6392,2.5235921624999986,2.4745896975,2.5725946275,0.0980049300000001
6394,3.0776428719999998,2.9958824207999997,3.1594033232,0.16352090240000017
6395,2.450638441,2.4277998646,2.4734770174,0.045677152800000176
6396,2.4276180060000003,2.3478548035999998,2.5073812084,0.15952640480000024
6397,2.625304339,2.5060168745999998,2.7445918034,0.2385749288000003
6398,2.620550404,2.5985229656,2.6425778424,0.0440548768000002
6400,2.6588890905000007,2.5793519267,2.7384262543,0.1590743276000004
6402,2.585180725,2.537326615,2.6330348349999997,0.09570821999999968
6403,3.1264397235,2.8573268129,3.3955526341,0.5382258212000002
6404,2.3387039979999993,2.2459291988000003,2.4314787972,0.18554959839999974
6405,3.544553045,3.2090702629999996,3.880035827,0.6709655640000003
6406,2.746222538,2.6382171532000003,2.8542279228000003,0.21601076959999999
6408,2.8034045305,2.7718367427000006,2.8349723183,0.0631355755999996
6409,3.4067888044999997,3.0979835263,3.7155940827,0.6176105563999998
6410,2.9033391565000004,2.8241332191,2.9825450939,0.15841187480000007
6413,3.557910837500001,3.2535191725000003,3.8623025025,0.6087833299999996
6414,2.536268594,2.4645632316,2.6079739564,0.14341072479999983
6415,3.5043619749999984,3.1111751649999997,3.8975487849999997,0.78637362
6417,2.9732581665000004,2.9279850331,3.0185312999000002,0.09054626680000011
6418,2.020483815,1.9392206889999999,2.101746941,0.16252625200000015
6419,3.5572532525000002,3.3458257535,3.7686807515,0.4228549979999996
6420,2.6209284394999997,2.5274498153,2.7144070637,0.18695724840000016
6422,2.199051461,2.1135468766,2.2845560454000005,0.1710091688000004
6423,2.439808341,2.2863992773999997,2.5932174046,0.3068181272000001
6424,2.7693229329999993,2.6897341062,2.8489117597999996,0.15917765359999958
6425,2.421912673499999,2.3186324040999997,2.5251929429,0.20656053880000025
6427,2.3666202655000004,2.2999833593,2.4332571717,0.13327381240000014
6428,2.3745042775,2.3113379885,2.4376705665000005,0.12633257800000042
6429,2.768032126,2.6527209764000004,2.8833432756,0.23062229919999977
6430,2.7562007095,2.6914885933000003,2.8209128257000002,0.1294242323999999
6431,2.9827757255,2.9199316157,3.0456198353,0.1256882196000002
6432,3.1567826375000005,2.9898628925,3.3237023825,0.3338394899999999
6434,2.4775870045,2.4447694027,2.5104046063,0.06563520359999986
6435,2.4514219065,2.3611651439,2.5416786691,0.18051352519999986
6436,3.3812465829999994,3.0644392162,3.6980539498,0.6336147336
6438,2.42661703,2.2279518179999998,2.625282242,0.3973304240000002
6439,3.2017226224999993,2.7668588714999998,3.6365863735,0.8697275020000004
6440,2.4553830335000004,2.4343942469,2.4763718201000002,0.04197757320000006
6441,2.7809208155,2.6327807416999995,2.9290608893,0.29628014760000054
6442,2.74221968,2.604809152,2.879630208,0.27482105599999995
6444,3.330450774,3.1054314836,3.5554700644,0.45003858080000025
6445,2.7863663425000005,2.6882396795,2.8844930055000004,0.19625332600000034
6447,3.1518002065,2.7921478891000002,3.5114525239,0.7193046347999998
6448,2.856138008999999,2.6303884126,3.0818876054,0.45149919280000006
6449,2.627443214,2.5219540996000003,2.7329323283999996,0.21097822879999928
6450,2.721964149499998,2.7144188897000006,2.7295094093,0.015090519599999297
6451,2.4198597279999996,2.1948582368,2.6448612192,0.45000298240000003
6454,3.0757169995,3.0497585992999996,3.1016753997,0.05191680040000035
6455,2.7062828845,2.6478616383,2.7647041307,0.1168424924
6456,2.6647796944999995,2.5525855723,2.7769738167000004,0.2243882444000005
6457,2.4286509850000004,2.3659149790000003,2.491386991,0.1254720119999999
6459,2.5828088204999986,2.4595823486999997,2.7060352922999997,0.24645294360000003
6460,2.2130311369999993,2.1407290822,2.2853331918,0.14460410959999992
6461,2.264080993,2.1585793958,2.3695825902000003,0.21100319440000037
6462,2.9045452890000005,2.8251482046,2.9839423734,0.15879416880000008
6463,3.124972992499999,3.0361437895,3.2138021955,0.17765840599999994
6465,2.3099918135,2.2048714881,2.4151121389,0.21024065079999987
6466,2.773130567,2.7423555937999997,2.8039055401999997,0.0615499464
6468,2.426393275,2.378036765,2.474749785,0.09671302000000015
6470,2.1780096009999994,1.9113673605999997,2.4446518414,0.5332844808000001
6472,2.131294538,1.9445243228000002,2.3180647532,0.3735404303999996
6475,2.543964314,2.4696725884,2.6182560396000003,0.14858345120000038
6477,2.6752673585,2.6579220151000005,2.6926127019,0.034690686799999426
6479,3.4849811684999996,3.1923316359,3.7776307011,0.5852990652000001
6480,2.905946332,2.7318264648,3.0800661992,0.3482397343999999
6481,2.9877196695,2.8566427373,3.1187966016999997,0.26215386439999966
6483,2.5705475805,2.4517501483,2.6893450127,0.2375948644000001
6484,2.6466904280000003,2.5244669992,2.7689138568,0.24444685759999984
6485,2.5342787534999998,2.3778426549,2.6907148520999997,0.3128721971999999
6487,2.4663608159999986,2.4089404896000004,2.5237811424000003,0.11484065279999989
6489,2.2684890970000002,2.0809699358000002,2.4560082582,0.37503832239999957
6490,2.9279805034999997,2.8082555049,3.0477055021,0.23944999719999993
6491,2.9600998184999994,2.9392290910999996,2.9809705458999995,0.04174145479999991
6492,2.3924218135000004,2.3794237389000004,2.4054198881000004,0.02599614920000004
6493,3.1598008694999997,2.9179976173,3.4016041216999997,0.4836065043999995
6494,3.2469755395,3.1290813553,3.3648697237,0.23578836840000017
6495,2.885718351999999,2.8543978112,2.9170388928,0.06264108159999981
6496,2.3601597555000002,2.1135770533,2.6067424577,0.4931654044
6498,2.802780616,2.7965320624,2.8090291695999996,0.012497107199999746
6501,2.6777174345,2.6073448607,2.7480900083,0.14074514760000012
6503,2.8862503345,2.6667216682999997,3.1057790007,0.43905733240000044
6505,2.9599443375,2.9133864725,3.0065022025,0.09311573000000006
6507,3.4182206734999996,2.9975329429,3.8389084041,0.8413754612000002
6508,2.063881752500001,1.9197034515000002,2.2080600535,0.2883566019999999
6511,3.501465838,3.1071205732,3.8958111027999998,0.7886905295999997
6513,3.5044305074999995,3.2113115105,3.7975495044999996,0.5862379939999998
6515,3.5993346194999996,3.2599364673,3.9387327717,0.6787963043999996
6516,2.4812313929999994,2.2927164358,2.6697463502,0.3770299144
6520,3.0662700575000006,2.9080184805,3.2245216344999994,0.3165031539999994
6521,2.2539807119999997,2.1306980272,2.3772633968,0.2465653696000003
6524,2.582905082,2.5457602492,2.6200499147999996,0.07428966559999939
6530,3.1829337659999997,3.0548600724,3.3110074596000003,0.2561473872000004
6532,2.0979228814999997,1.9879429289000001,2.2079028341,0.21995990519999986
6533,2.5636920044999996,2.4537036063,2.6736804027,0.21997679640000012
6534,2.901166585,2.801501219,3.0008319510000003,0.1993307320000004
6535,3.0457534589999997,2.9815776426,3.1099292754,0.12835163279999984
6536,3.057846024,2.9112104336000004,3.2044816143999997,0.29327118079999925
6537,3.5581646389999997,3.2486532946,3.8676759833999994,0.6190226887999994
6540,3.455584892,3.0955728488,3.8155969352,0.7200240864
6541,3.7202216084999997,3.3979630519,4.0424801651,0.6445171131999996
6542,3.3741258399999996,3.0699745759999995,3.678277104,0.6083025280000007
6543,2.467660225,2.3231033350000003,2.6122171149999995,0.2891137799999992
6544,3.3673627185000004,2.9352538058999995,3.7994716311000003,0.8642178252000008
6545,2.0026477789999997,1.8084046674,2.1968908906,0.38848622320000015
6546,2.3512787390000005,2.1061000433999997,2.5964574346,0.4903573912000003
6547,3.2690455834999996,3.0177866168999996,3.5203045501,0.5025179332000005
6548,2.7167497405,2.5206236367,2.9128758443000002,0.39225220760000035
6549,2.826670927,2.7345508977999997,2.9187909562,0.18424005840000035
6551,3.5778111289999996,3.2428599806,3.9127622773999997,0.6699022967999997
6552,2.7134160885000007,2.7037145239,2.7231176531,0.01940312920000009
6554,2.3271686185,2.2444387710999996,2.4098984659,0.16545969480000045
6556,2.343005617,2.2635629702,2.4224482638000002,0.15888529360000003
6558,2.623445924999998,2.555548295,2.6913435549999996,0.13579525999999964
6559,3.6136195195000016,3.2120429273,4.0151961117,0.8031531843999997
6561,2.4135803444999997,2.3643430067000004,2.4628176823000003,0.0984746755999999
6563,2.3686912030000005,2.3313739218,2.4060084841999996,0.07463456239999955
6564,2.80162599,2.678762386,2.924489594,0.24572720800000036
6565,3.194210718,2.9392826052,3.4491388308,0.5098562256000001
6566,2.4363457654999996,2.2344638593,2.6382276717,0.40376381240000025
6567,2.3549699299999998,2.2522351579999995,2.457704702,0.2054695440000005
6569,3.0975893665000007,2.8675487131,3.3276300199000004,0.46008130680000026
6570,2.9349043870000004,2.7155405418,3.1542682321999997,0.4387276903999999
6571,2.8046568954999995,2.7802945373,2.8290192537000003,0.0487247164000002
6572,3.0396402680000003,2.8424439752,3.2368365608,0.3943925855999999
6573,3.4267235119999992,3.1787413168,3.6747057072000002,0.4959643904000002
6574,3.486924507,3.1336563098,3.8401927042,0.7065363944
6580,2.163353821500001,2.0115846929,2.3151229501,0.30353825720000005
6581,3.529659189000001,3.2140448646,3.8452735134,0.6312286488000001
6582,3.4253223655000005,3.0865037117000003,3.7641410193000002,0.6776373076
6583,3.2318225235,3.0244243329,3.4392207141,0.4147963812000004
6584,3.1131770125,2.6911258175,3.5352282075000003,0.8441023900000002
6585,2.5339184229999994,2.5238242538,2.5440125922,0.020188338400000116
6587,2.7983685585,2.7854675351000004,2.8112695819000004,0.025802046799999978
6588,3.1744959070000007,2.8585938698,3.4903979442,0.6318040744000002
6590,2.9087101490000005,2.8464426086,2.9709776894,0.12453508080000031
6593,2.7557984135,2.5989369789,2.9126598480999997,0.3137228691999998
6596,2.2085772164999997,2.1128579299,2.3042965031,0.19143857319999968
6597,2.3298790554999997,2.1826554333,2.4771026777,0.29444724440000014
6600,2.9575129839999996,2.9443933904,2.9706325776,0.026239187199999847
6603,2.5839664234999997,2.5519773929,2.6159554541,0.06397806119999982
6604,2.471541498,2.4614236972,2.4816592988000004,0.020235601600000486
6605,3.3990841815,3.0839254541,3.7142429089000006,0.6303174548000006
6606,2.2880478584999997,2.1228522019000002,2.4532435151,0.3303913131999998
6607,2.743781507,2.5838189097999997,2.9037441042,0.3199251944000001
6608,2.4181426439999996,2.3485555864,2.4877297016,0.13917411520000034
6609,2.976131532,2.8936933448000004,3.0585697192000003,0.16487637439999991
6610,2.533583733,2.4166650398,2.6505024262,0.2338373864000003
6612,3.2079812190000006,2.9815897066000003,3.4343727314,0.45278302479999954
6613,3.222530406999999,2.9504785698,3.4945822441999996,0.5441036743999996
6614,3.5146935590000004,3.1603969826,3.8689901353999994,0.7085931527999993
6615,3.6425612585000002,3.3399189619000005,3.9452035551,0.6052845931999995
6617,2.629738682,2.5426304092,2.7168469547999994,0.17421654559999933
6618,2.690904462,2.6908218772,2.6909870468,0.00016516960000023673
6619,2.6595831850000002,2.658976859,2.660189511,0.0012126519999999807
6622,3.6166658215,3.3240045500999997,3.9093270929000004,0.5853225428000006
6623,3.6424721344999993,3.3186713883,3.9662728806999996,0.6476014923999998
6624,3.140122047500001,3.0199496665000005,3.2602944285,0.24034476199999943
6625,2.938263980000002,2.5759987719999997,3.300529188,0.7245304160000003
6626,3.5277790605,3.2572282847,3.7983298363000007,0.5411015516000006
6627,3.668568472,3.3499082608,3.9872286831999997,0.6373204223999998
6630,3.2858326230000006,3.1530104722,3.4186547738,0.2656443016000001
6631,2.4020455275000003,2.2225093165,2.5815817385,0.3590724220000001
6633,2.7833211745,2.7194328443,2.8472095047000003,0.12777666040000035
6634,2.5338039719999994,2.4523639832,2.6152439607999995,0.1628799775999994
6635,2.960166717500001,2.8172466044999998,3.1030868305,0.28584022600000036
6637,2.649409929,2.6001683574000003,2.6986515006,0.09848314319999973
6640,2.7225191915000004,2.6001880681,2.8448503149,0.24466224679999993
6641,2.2507666209999995,2.1231163726,2.3784168694,0.2553004967999999
6643,2.676111717,2.6327776038,2.7194458301999997,0.0866682263999996
6645,2.7702149745,2.7345009642999996,2.8059289847000004,0.07142802040000085
6646,2.8167372585000003,2.6511413618999997,2.9823331551,0.33119179320000036
6647,2.956289064,2.6984642896000004,3.2141138384,0.5156495487999995
6648,2.8798337645,2.7476400703,3.0120274587,0.26438738839999987
6650,3.3754028419999997,3.0178551787999996,3.7329505052000003,0.7150953264000006
6651,3.146202046,2.9335532644,3.3588508276,0.4252975632
6652,2.114813995,2.044085997,2.1855419929999997,0.14145599599999992
6655,3.5166284555000007,3.2419706377,3.7912862733,0.5493156355999997
6656,2.9227252265000003,2.7775913171,3.0678591358999996,0.2902678187999994
6657,2.1897493265,2.0401135959000003,2.3393850571,0.2992714611999996
6659,3.5681032240000006,3.1758257135999997,3.9603807344,0.7845550208000005
6661,2.3853468995,2.3520229397,2.4186708593,0.06664791960000027
6662,3.525466235,3.141313929,3.909618541,0.7683046120000001
6663,2.845428857,2.7850463997999997,2.9058113142,0.12076491440000048
6666,3.0642232849999997,2.908693399,3.219753171,0.3110597719999997
6667,3.303039557,3.1265797798,3.4794993342,0.35291955439999967
6668,2.9872503329999995,2.7890616662000003,3.1854389998,0.3963773335999998
6669,2.7703459340000003,2.7292987076,2.8113931604,0.08209445280000027
6670,2.8713488259999997,2.8505175564000003,2.8921800956000006,0.04166253920000029
6671,2.561032074999999,2.4903792449999997,2.631684905,0.14130566000000044
6672,3.0493388749999997,3.008836025,3.089841725,0.08100569999999996
6674,2.9378151444999996,2.9036234867000004,2.9720068022999997,0.06838331559999933
6675,2.8506434655,2.7570268517,2.9442600792999998,0.18723322759999972
6677,3.1232996945,3.0141247723,3.2324746167000002,0.21834984440000005
6678,3.4161753644999995,3.2256947103000004,3.6066560187,0.3809613083999994
6679,2.4793231764999994,2.3492183059,2.6094280470999998,0.26020974119999973
6681,2.2468825050000003,2.217179103,2.276585907,0.05940680399999998
6682,3.2992889295000003,3.0316757013,3.5669021577,0.5352264563999998
6684,2.4852567495,2.4412658493,2.5292476497000003,0.08798180040000014
6685,3.1717738274999996,2.7792657585000002,3.5642818965000003,0.785016138
6687,3.618213842,3.3347973788000003,3.9016303052,0.5668329263999996
6688,3.6128504080000003,3.3229965712,3.9027042447999998,0.5797076735999998
6689,2.9301102525000005,2.9059019535,2.9543185515,0.0484165980000002
6692,3.0279590819999993,2.8376319147999998,3.2182862491999997,0.38065433439999996
6694,3.2501589930000003,2.9657801902,3.5345377958,0.5687576056000001
6695,3.583742588,3.2229008231999994,3.9445843527999993,0.7216835295999999
6696,2.4498631465000003,2.4289574879,2.4707688051,0.04181131720000009
6697,2.941461248,2.8445953472000003,3.0383271487999997,0.19373180159999936
6698,3.0269565665,2.8282391931,3.2256739399,0.3974347468000001
6699,2.6816847955000003,2.5499588773,2.8134107137,0.26345183640000025
6700,2.645958894499998,2.6099112523000003,2.6820065367,0.07209528439999957
6701,2.879091182,2.8464956548,2.9116867092,0.06519105440000006
6702,3.3188095655000005,3.0872257917000003,3.5503933393,0.46316754759999945
6703,2.8499519135,2.7930322789,2.9068715481000003,0.11383926920000009
6704,2.196943524,2.1480881144,2.2457989335999997,0.09771081919999958
6706,2.671158428,2.5740129992,2.7683038568000002,0.19429085760000042
6707,2.0857715359999998,1.8415245216,2.3300185504,0.48849402880000015
6708,3.235527968,2.9475499552000004,3.5235059808,0.5759560255999996
6709,3.142708778,2.8408370892000003,3.4445804667999997,0.6037433775999994
6710,3.1444694995000004,2.8830880993,3.4058508997000003,0.5227628004000002
6712,2.5999258074999996,2.5587865304999995,2.6410650844999997,0.08227855400000017
6713,2.2310056445000006,2.2001717867000004,2.2618395023,0.06166771559999962
6719,2.7531176365,2.7184997819,2.7877354911000003,0.06923570920000044
6720,3.5069401985,3.1147846778999995,3.8990957190999995,0.7843110412000001
6722,3.465708864000001,3.1936136095999994,3.7378041183999993,0.5441905087999999
6723,2.3438714689999998,2.1904716814,2.4972712566,0.3067995751999999
6724,2.3490925535,2.1360467321,2.5621383749,0.4260916427999999
6726,2.2580658380000003,2.0713827028,2.4447489732,0.37336627040000003
6727,3.33727717,2.968671238,3.7058831019999996,0.7372118639999994
6728,3.513150358500001,3.2125921019000003,3.8137086151,0.6011165131999996
6729,2.223359582,2.0762421492,2.3704770148,0.2942348656
6730,2.742035139,2.7366922834,2.7473779946000003,0.01068571120000028
6731,3.0319851935,2.8988928708999997,3.1650775161,0.2661846452000005
6733,2.9220852820000003,2.8636605948,2.9805099692,0.1168493744000001
6734,2.3144989485000003,2.2016809691,2.4273169279,0.2256359588000003
6735,2.806758902,2.7384404628000003,2.8750773412,0.1366368783999996
6736,3.0333978605000005,2.9857358047000004,3.0810599163,0.09532411159999965
6737,2.4670395115000003,2.4534053069,2.4806737161,0.027268409199999954
6738,2.5530390659999997,2.3783286396,2.7277494924,0.34942085280000024
6739,2.7585580385,2.7391224231,2.7779936539000003,0.03887123080000032
6741,2.4539419879999973,2.2682415832,2.6396423928000003,0.3714008096000003
6742,3.039173808,2.9464565312000004,3.1318910848000003,0.18543455359999994
6743,2.629415778499999,2.5248320899,2.7339994671,0.2091673772
6744,2.987567317,2.8346130438,3.1405215902000005,0.3059085464000004
6745,2.2722693135000003,2.0047331881,2.5398054388999998,0.5350722507999999
6747,2.5702032134999997,2.3850876989,2.7553187281,0.37023102919999973
6748,2.9043850979999997,2.8098939372,2.9988762588,0.18898232160000017
6750,2.811588085,2.794242451,2.8289337189999997,0.03469126799999955
6751,2.0822320855000003,1.9633804513000002,2.2010837197,0.2377032684
6753,2.860501959,2.8099787426000002,2.9110251754000003,0.10104643280000003
6754,3.0536542169999996,2.9949443037999997,3.1123641302,0.11741982640000037
6755,2.706159145000001,2.676282403,2.736035887,0.0597534839999998
6757,2.777138808,2.6752547312000003,2.8790228848,0.20376815359999956
6758,2.3036833990000005,2.2246196394,2.3827471586,0.1581275191999998
6762,3.1570249455,2.8301929237000003,3.483856967300001,0.6536640436000005
6763,2.414565803,2.4099669242000004,2.4191646818,0.009197757599999523
6764,3.0071295520000003,2.9315441728,3.0827149312,0.15117075840000016
6767,2.3903292685000004,2.3872019610999997,2.3934565758999997,0.006254614800000002
6768,3.0626115525,2.9891413735000003,3.1360817315000005,0.14694035800000016
6769,3.049500003,2.9216748042000003,3.1773252018000004,0.2556503976000002
6770,2.7622026175,2.7232352645000004,2.8011699705,0.07793470599999974
6771,2.478925019,2.3927726114,2.5650774266,0.17230481519999996
6772,2.8570546155000005,2.7734296617000003,2.9406795693000003,0.16724990760000003
6774,2.9304518245,2.8355073543000002,3.0253962947,0.18988894039999993
6775,2.7363115355000005,2.5622825496999995,2.9103405213,0.34805797160000074
6777,3.4745385349999998,3.212383949,3.7366931209999996,0.5243091719999997
6778,2.7915879185,2.7322086859,2.8509671511,0.1187584652
6779,2.942301157,2.9265136197999997,2.9580886942,0.03157507440000051
6780,2.7692593975,2.7612399565000003,2.7772788385,0.0160388819999997
6781,2.5135137689999993,2.4671478614,2.5598796765999996,0.09273181519999962
6784,2.9300428165000003,2.9001107430999995,2.9599748899,0.059864146800000295
6785,2.72315916,2.7019212240000003,2.744397096,0.042475871999999804
6786,2.5903967984999996,2.5147640791,2.6660295179,0.15126543880000032
6787,2.243556389,2.0906434334,2.3964693446000003,0.30582591120000036
6788,2.589001732,2.4126484248000004,2.7653550392,0.35270661439999973
6789,2.2343422625,2.0254381575,2.4432463675,0.41780821
6790,3.1648557664999992,3.0257188730999998,3.3039926599,0.27827378680000026
6792,2.4474600720000006,2.4352560432000003,2.4596641008,0.024408057599999644
6794,2.9587548535,2.8366771949,3.0808325121,0.24415531720000017
6795,3.3975354679999987,3.1986512551999997,3.5964196808000004,0.3977684256000007
6796,2.1119196525,2.0953641915,2.1284751135,0.0331109220000001
6798,2.7770771159999996,2.7503894696,2.8037647623999997,0.05337529279999975
6799,2.713929995,2.6429363969999997,2.7849235930000003,0.14198719600000054
6800,2.7347898365,2.7072769711,2.7623027019,0.05502573079999973
6801,3.54084805,3.2517508700000004,3.8299452300000003,0.5781943599999999
6802,2.4802236129999997,2.3959129677999997,2.5645342582,0.1686212904000004
6803,3.0025106275000004,2.8144760785,3.1905451764999997,0.3760690979999999
6804,3.0428419680000003,3.0317823808,3.0539015552,0.022119174399999775
6805,3.445811773,3.0992264821999997,3.7923970637999997,0.6931705816
6806,2.441484123,2.4288420738,2.4541261722,0.025284098400000232
6808,2.7944403220000007,2.6710904508,2.9177901932,0.24669974240000014
6811,2.9126038455,2.8940021837,2.9312055073,0.037203323600000004
6814,3.3802968484999987,3.0538495879,3.7067441091,0.6528945212000004
6815,2.2703779789999996,2.2142319874,2.3265239706,0.1122919832
6816,2.531221687,2.4513858122,2.6110575617999996,0.15967174959999975
6818,3.4719090080000004,3.1033074112,3.8405106048,0.7372031936000001
6819,2.3042632135,2.2770339281,2.3314924989,0.05445857080000005
6820,2.789491058,2.6439458811999996,2.9350362348,0.29109035360000046
6823,3.3239991779999998,2.9722896492,3.6757087068,0.7034190576000001
6826,2.5778944755000004,2.5185354852999997,2.6372534657,0.11871798040000048
6827,3.4265483689999994,3.1433073165999996,3.7097894213999996,0.5664821047999999
6829,2.7545829109999995,2.6391292754,2.8700365465999997,0.23090727119999954
6830,2.8662627375,2.5752554325,3.1572700425,0.5820146099999999
6832,3.480857824500001,3.1637365543,3.7979790947000005,0.6342425404000007
6833,2.6943159655000004,2.6206063793,2.7680255517,0.14741917240000024
6834,2.9624756375,2.8837078925,3.0412433825,0.1575354899999999
6835,2.2115093375000003,1.9937372025000002,2.4292814725,0.43554426999999984
6836,2.10183545,1.94063527,2.26303563,0.32240036000000005
6837,2.9916663334999996,2.9872610000999997,2.9960716669,0.008810666800000089
6838,3.0454016449999997,3.0394715029999997,3.0513317869999996,0.011860283999999943
6839,2.8970543320000006,2.8794633992,2.9146452648000003,0.03518186560000025
6840,2.7913874945000003,2.7169204923,2.8658544967,0.14893400440000004
6841,2.6229610075000003,2.5048682105,2.7410538045,0.23618559399999972
6842,2.3738944015,2.2646754409,2.4831133620999997,0.2184379211999996
6843,3.0108133160000006,2.8037214424,3.2179051895999997,0.4141837471999996
6844,3.3473514894999994,3.1143612853000002,3.5803416937000003,0.4659804084000001
6845,3.0408429275,2.9923092985,3.0893765565,0.09706725800000005
6847,3.0679582425,2.8368099395,3.2991065455,0.4622966059999998
6849,3.492345104,3.1579643455999995,3.8267258624,0.6687615168000005
6850,2.1236664865000003,2.1018194919,2.1455134811,0.043693989199999894
6852,3.601359231999999,3.2657665248,3.9369519392,0.6711854144
6854,2.3671072069999997,2.3090391242,2.4251752898000003,0.1161361656000004
6855,3.2656220295,3.0821676413,3.4490764177,0.3669087764000003
6857,3.453598879,3.0945480306000004,3.8126497273999997,0.7181016967999994
6858,2.646056566,2.5377199396,2.7543931924000002,0.21667325280000016
6859,3.3627338425,3.0592997795,3.6661679055,0.6068681260000002
6860,3.018437778,2.8203904892000002,3.2164850668,0.39609457759999955
6862,3.4739273444999994,3.1140878823,3.8337668067,0.7196789243999997
6864,2.277509892,2.0601339352,2.4948858488,0.4347519136
6865,2.7925081044999995,2.6823785463000003,2.9026376627,0.22025911639999984
6867,3.359418783,3.1454514962,3.5733860698,0.4279345736
6868,2.3306444419999996,2.2231462652,2.4381426187999997,0.2149963535999997
6869,3.4479964300000003,3.234788202,3.6612046580000004,0.42641645600000055
6870,2.9388961325000005,2.8646137855,3.0131784795,0.14856469400000005
6871,3.3221829864999997,3.0661205811000003,3.5782453919000003,0.5121248108
6872,2.6165846624999998,2.3404473275,2.8927219975000003,0.5522746700000001
6873,2.8741014270000003,2.8488492562,2.8993535978,0.05050434159999995
6874,3.2656802660000004,3.0632911724,3.4680693596000003,0.40477818720000025
6875,3.01282121,2.8915136940000004,3.134128726,0.2426150319999998
6876,2.483112957000001,2.4033553742000002,2.5628705398,0.1595151655999998
6878,2.0488644185,1.8176346511000003,2.2800941859,0.46245953479999957
6879,2.3590211615,2.3259020261,2.3921402969,0.0662382708
6882,2.6260483025,2.5882188235,2.6638777815,0.075658958
6883,2.1069336575,1.9379637945000001,2.2759035205,0.3379397259999999
6884,3.1679782824999996,3.0404051955,3.2955513695,0.25514617400000006
6887,2.2080941930000013,2.1525345157999998,2.2636538701999998,0.11111935439999998
6888,3.1792068905,3.0844700467,3.2739437343000004,0.1894736876000005
6889,3.161490113,2.9284281582,3.3945520678,0.46612390959999983
6891,3.491859312500001,3.1572842374999994,3.8264343874999995,0.6691501500000001
6892,3.3674495489999994,2.9919545686,3.7429445294000003,0.7509899608000001
6893,3.400264011999999,3.0459256168,3.7546024072,0.7086767904000002
6898,2.9589746105000003,2.8202788547,3.0976703663,0.27739151159999986
6902,2.897200567,2.7592047938000004,3.0351963402,0.2759915463999998
6903,2.8210088690000004,2.7213296166,2.9206881213999996,0.19935850479999973
6904,3.2389929724999993,2.9935081615000003,3.4844777835,0.4909696219999997
6906,2.9665712724999995,2.8327973814999994,3.1003451635,0.26754778200000073
6907,2.3225050499999997,2.13465143,2.51035867,0.3757072400000001
6910,2.340414690499999,2.3150861667,2.3657432143,0.050657047600000116
6911,2.9570360975,2.9404993365000003,2.9735728585000003,0.03307352200000002
6914,2.3043028974999995,2.2229789385,2.3856268565,0.16264791800000022
6915,2.9074845394999995,2.8683107553,2.9466583237,0.0783475683999999
6916,2.506370073,2.4565864438000005,2.5561537022,0.09956725839999958
6917,2.8222764790000006,2.7797270706,2.8648258874,0.08509881679999998
6918,2.8007526395,2.6534956953,2.9480095836999998,0.2945138883999996
6919,2.8017202699999997,2.736650778,2.866789762,0.1301389839999998
6920,3.1534112739999998,2.8736937836,3.4331287643999997,0.5594349807999999
6922,3.0256055485,2.8771645679,3.1740465291,0.2968819612
6923,3.102724372000001,3.0294873208,3.1759614232,0.14647410240000003
6924,2.994010524999997,2.8926487350000003,3.095372315,0.2027235799999998
6925,3.1253008285,2.9441963599000003,3.3064052971,0.3622089371999997
6926,2.3856835905,2.3238309543000004,2.4475362267000005,0.12370527240000007
6927,3.6422012205,3.3388221087,3.9455803322999996,0.6067582235999995
6928,2.4243230319999998,2.4221322192000003,2.4265138448,0.004381625599999772
6929,3.4377406109999997,3.0802444554,3.7952367666,0.7149923112000001
6930,3.1192174135,2.7411991789,3.4972356481,0.7560364692000001
6932,3.4376629205000016,3.0301828886999997,3.8451429523,0.8149600636000001
6934,2.1287027504999996,1.9688644503000001,2.2885410507,0.3196766004
6936,2.4808372549999995,2.324253953,2.637420557,0.31316660400000007
6937,3.4066308989999996,3.1729820586,3.6402797394,0.4672976807999998
6939,2.7906057035,2.7762378221,2.8049735849,0.028735762799999787
6940,2.6846483555,2.5479924977,2.8213042133,0.2733117155999998
6941,2.1501203475,1.9629250085,2.3373156864999998,0.3743906779999997
6942,3.1975034009999996,3.0471335614,3.3478732405999994,0.30073967919999944
6943,2.7660599965000006,2.5539283951000002,2.9781915979,0.42426320279999974
6944,3.329574621,3.1053624694,3.5537867726,0.44842430319999993
6945,2.1541537729999995,1.9168078637999997,2.3914996821999996,0.47469181839999997
6946,3.2071679465000016,2.9294595251,3.4848763679,0.5554168428000001
6947,2.5982520580000004,2.4407180812,2.7557860348,0.31506795359999984
6948,3.0522459785,2.9539819698999996,3.1505099870999995,0.1965280171999999
6949,2.1335546469999995,2.0170063882,2.2501029058,0.23309651759999994
6950,3.0634938254999997,3.0492902953000005,3.0776973557000002,0.02840706039999974
6951,2.9192014504999997,2.8747748306999994,2.9636280703,0.08885323960000058
6955,2.4592326344999997,2.3942455807,2.5242196883,0.12997410760000028
6956,2.6681773035,2.5421671821,2.7941874249,0.2520202428
6957,2.6021777615,2.3788396661,2.8255158568999996,0.44667619079999943
6958,2.7519163884999998,2.6569045439,2.8469282331,0.1900236891999998
6960,2.9026263989999994,2.6479505586,3.1573022394,0.5093516808
6961,2.177780894,2.1312825364,2.2242792516000005,0.09299671520000041
6962,3.499949174,3.3073584436,3.6925399044,0.3851814607999997
6963,2.7207093485,2.5623382879000003,2.8790804091,0.3167421211999999
6964,2.4424441144999998,2.3977701603,2.4871180686999996,0.08934790839999973
6966,2.7819679889999995,2.7346579934,2.8292779845999996,0.09461999119999964
6970,2.9612223109999998,2.6723440354,3.2501005866000003,0.5777565512000002
6971,3.0123352475000003,2.9497593465,3.0749111485000005,0.12515180200000042
6972,3.0144881260000003,2.8849089764,3.1440672756000003,0.2591582992000001
6973,3.2941275604999998,2.9919645847,3.5962905362999997,0.6043259515999999
6981,2.8194976589999987,2.7877297953999998,2.8512655226000003,0.06353572720000056
6983,1.9919026265000002,1.8083983759,2.1754068771000004,0.3670085012000004
6984,2.4251938395000003,2.4220241753,2.4283635037,0.006339328400000177
6985,2.4667776385,2.3017254939000003,2.6318297831,0.3301042891999999
6987,2.5415391634999995,2.3228002980999998,2.7602780288999997,0.43747773079999996
6988,2.591988559,2.5192995826,2.6646775354,0.1453779528000001
6989,2.9107363724999997,2.7469217214999997,3.0745510235,0.3276293020000005
6990,2.9379335909999997,2.8243890274,3.0514781546,0.22708912719999974
6991,3.3935463025000003,3.1798548235000004,3.6072377815000003,0.4273829579999999
6992,3.089946414,3.0581193796000004,3.1217734484,0.06365406879999957
6993,2.9043660359999994,2.8216000504,2.9871320216,0.16553197120000007
6994,3.499108695,3.197913373,3.800304017,0.6023906440000002
6995,2.4300837525000003,2.2657790515,2.5943884535,0.3286094020000001
6996,3.0044676750000003,2.826374745,3.182560605,0.3561858600000001
6999,3.3296219729999996,3.0811319621999997,3.5781119837999995,0.49698002159999977
7000,2.6891990159999994,2.6512678224,2.7271302096,0.07586238719999994
7002,3.4805486279999998,3.2262944791999995,3.7348027767999996,0.5085082976000002
7004,2.594531588,2.5745285528,2.6145346231999995,0.040006070399999594
7006,2.8990571300000005,2.8799578780000004,2.9181563820000003,0.03819850399999991
7007,3.4205121080000005,3.0635661512000003,3.7774580648,0.7138919135999995
7008,2.5941694190000004,2.4237816514,2.7645571866,0.3407755351999997
7009,2.616838788,2.5580679032,2.6756096728,0.11754176959999985
7011,3.3963074504999997,3.0235116307,3.7691032703,0.7455916396000002
7012,2.565366263,2.5598141578,2.5709183682,0.011104210400000092
7013,3.201133315,2.7566766410000003,3.645589989,0.8889133479999995
7014,2.6205451309999996,2.6136347833999998,2.6274554786000004,0.013820695200000621
7015,2.9811833555000002,2.7212158977,3.2411508132999995,0.5199349155999995
7016,2.2458984465000005,2.1293166679,2.3624802251,0.23316355720000015
7017,3.0849222860000003,2.9623740004,3.2074705716,0.24509657119999995
7018,3.6322955110000006,3.3174921154000003,3.9470989066000004,0.6296067912000001
7021,2.8035086325000003,2.7938947795,2.8131224855,0.019227706000000122
7022,2.773785985,2.694550379,2.8530215909999996,0.1584712119999998
7023,2.2828589435000004,2.1053981661,2.4603197209,0.35492155479999976
7024,2.4783812154999993,2.4760221017,2.4807403292999997,0.004718227599999736
7025,3.1234174545000006,2.9670928363,3.2797420726999995,0.31264923639999953
7027,2.9457079520000025,2.7891075328,3.1023083712000004,0.31320083840000024
7029,2.5492752705,2.4113925787,2.6871579622999997,0.2757653835999996
7030,3.769285634,3.4820682876,4.0565029804,0.5744346928000001
7034,2.612941407,2.6117496441999997,2.6141331698,0.0023835256000004357
7038,2.5576256905,2.5300042143000003,2.5852471667000003,0.05524295239999999
7039,2.3511148445000005,2.2419893067000003,2.4602403823,0.21825107559999957
7040,2.6609716055,2.6283193632999997,2.6936238477,0.06530448440000036
7042,2.7347147630000004,2.7322266681999996,2.7372028578,0.004976189600000236
7043,3.4727546910000004,3.1583397673999998,3.7871696146,0.6288298472
7045,3.3307568355000003,3.0287315696999997,3.6327821013000006,0.6040505316000009
7046,2.211160181,1.9582977086,2.4640226534,0.5057249447999999
7047,2.4241123435,2.4182962061,2.4299284809,0.011632274800000175
7049,3.0168772479999997,2.8340201472,3.1997343488000003,0.36571420160000034
7050,2.966214588,2.8169528232,3.1154763528,0.29852352960000017
7051,2.8678573825,2.5856335355,3.1500812295000005,0.5644476940000005
7052,3.4788463549999995,3.1471168969999996,3.810575813,0.6634589160000002
7053,2.2561395765,2.0062617459,2.5060174071,0.49975566120000003
7054,2.751417864,2.7458362095999997,2.7569995184,0.011163308800000049
7055,3.0831460025000004,2.9456880035,3.2206040015000004,0.27491599800000044
7057,2.4040505765000004,2.1989760071,2.6091251459,0.41014913880000003
7059,2.7575537409999997,2.6921618446,2.8229456374,0.13078379279999996
7061,2.9732104909999992,2.7909986874,3.1554222945999997,0.36442360719999956
7062,2.399432659,2.1998843954,2.5989809226,0.3990965272000002
7063,2.8575659880000006,2.7690199831999998,2.9461119928,0.17709200960000038
7064,2.2123660684999997,2.1292916411,2.2954404959,0.16614885479999986
7065,2.1131944734999997,1.8834054840999999,2.3429834629,0.45957797880000006
7067,2.5867454130000005,2.5776836478000003,2.5958071782000003,0.018123530400000032
7069,3.5794048214999994,3.1747731501,3.9840364928999996,0.8092633427999996
7070,1.8158574470000004,1.6257708682,2.0059440258,0.3801731575999998
7071,2.4630001295000015,2.3962672777,2.5297329813,0.1334657036000002
7072,3.4761623675,3.1544001145000005,3.7979246205,0.6435245059999994
7073,3.4101052550000004,3.076126957,3.7440835530000003,0.6679565960000002
7074,3.1020676935,2.8309959708999997,3.3731394161000003,0.5421434452000007
7075,2.4582389525,2.3620561715000004,2.5544217335000003,0.192365562
7076,3.4848608844999998,3.1921632383,3.7775585307,0.5853952923999999
7077,3.1829285685,3.0294463958999995,3.3364107411,0.3069643452000004
7079,2.9013556064999997,2.7658454491,3.0368657639000003,0.27102031480000033
7080,3.2128981830000005,3.0363854562,3.3894109098,0.3530254535999999
7081,2.41228154,2.3539249559999997,2.470638124,0.11671316800000042
7082,3.101618946,2.9752061243999997,3.2280317676000005,0.2528256432000009
7083,2.5782326995000004,2.4661497793000002,2.6903156196999998,0.22416584039999954
7084,2.1424532309999997,1.9819655386,2.3029409234,0.3209753848000001
7085,3.4861897419999988,3.2426828387999995,3.7296966452,0.4870138064000007
7086,2.073415031,1.8733306185999998,2.2734994434000004,0.4001688248000006
7087,3.2793692795,2.9460245913,3.6127139676999995,0.6666893763999995
7088,3.041815625,2.9395022749999997,3.1441289749999997,0.20462669999999994
7091,2.722089926,2.7060858964,2.7380939555999997,0.03200805919999983
7093,3.185022477999999,3.1016610692,3.2683838867999997,0.16672281759999974
7095,2.9278765835,2.8959319501,2.9598212169,0.06388926679999996
7096,2.6995976095,2.6565158532999997,2.7426793657000004,0.08616351240000064
7097,2.1766721815000003,2.0233761089,2.3299682540999997,0.3065921451999998
7098,3.0185464135000006,2.9202337789,3.1168590481000003,0.19662526920000012
7099,3.0164141879999997,2.9125098632,3.1203185127999995,0.20780864959999956
7100,2.3927511595,2.3713190956999997,2.4141832233,0.042864127600000135
7101,3.501391034,3.2065950476,3.7961870204000006,0.5895919728000005
7102,2.3348892090000004,2.1585767254,2.5112016926,0.3526249671999997
7105,2.1993292565000004,2.0505819538999996,2.3480765591,0.29749460520000026
7106,2.740504981500001,2.6198681740999996,2.8611417889,0.2412736148000003
7107,3.5309519245,3.2179634942999997,3.8439403547,0.6259768604000002
7111,2.213145672499999,2.1047762035,2.3215151415,0.21673893799999977
7114,3.103945863500001,2.9630962089,3.2447955180999997,0.2816993091999995
7115,2.9537866519999993,2.8886393127999996,3.0189339912000004,0.13029467840000075
7116,3.0273771990000014,2.9946484786000003,3.0601059193999998,0.06545744079999949
7118,3.0432617540000004,2.9587588556,3.1277646524,0.1690057967999996
7119,3.294772293499999,3.0818244109,3.5077201761000003,0.4258957652000004
7120,2.465240394,2.3030530364,2.6274277516,0.32437471519999983
7121,2.2389831685,2.0109131011,2.4670532359,0.45614013480000004
7122,2.463256250500001,2.3172069503,2.6093055507000003,0.29209860040000013
7123,3.0905539969999998,2.8816799958000003,3.2994279982,0.41774800239999976
7124,3.0715519905,2.9195363867,3.2235675943,0.3040312076
7125,2.9447295514999996,2.7431577721,3.1463013309,0.4031435588000001
7127,2.9857858945,2.8573238523,3.1142479367,0.25692408440000003
7128,2.6946983830000013,2.6316433362000002,2.7577534298,0.12611009359999992
7129,2.8994438105,2.8029761346999997,2.9959114863000003,0.19293535160000053
7130,3.3913913945000007,2.9725719522999996,3.8102108366999996,0.8376388844
7133,2.6228102559999997,2.5069587583999997,2.7386617536,0.23170299520000048
7137,3.2531503094999996,3.0173856333000004,3.4889149856999997,0.47152935239999927
7139,2.640218878,2.5868876292000005,2.6935501268,0.10666249759999946
7140,2.6298903664999997,2.5374322199,2.7223485131,0.18491629320000014
7141,2.874119295,2.741617413,3.006621177,0.2650037639999998
7142,2.4273830595,2.3538302357000003,2.5009358833,0.14710564759999967
7143,3.6020841115,3.2544249561,3.949743266899999,0.6953183107999994
7144,2.885927874,2.7288934236,3.0429623244000004,0.31406890080000016
7145,2.8027216565,2.6094835191000003,2.9959597939000004,0.38647627480000013
7148,2.4191956770000003,2.3439382062000003,2.4944531478,0.15051494159999956
7149,2.3890007005000005,2.1512352203000003,2.6267661807000002,0.4755309604
7153,2.7841586990000002,2.6496653786,2.9186520194,0.2689866408000001
7155,3.5539791825,3.1560520555,3.9519063095,0.795854254
7156,2.913271162,2.8666256268,2.9599166972,0.09329107040000029
7158,2.8449251959999993,2.7200092744,2.9698411175999997,0.24983184319999951
7159,2.6629184324999997,2.6177746594999998,2.7080622054999997,0.09028754599999989
7160,2.7956540655,2.6857016917,2.9056064393,0.21990474760000023
7161,3.1148025075,2.9779527105,3.2516523045,0.273699594
7162,3.1179637744999984,2.9567876843,3.2791398647,0.3223521803999998
7163,3.1232153570000007,2.9079022998,3.3385284142000002,0.4306261144000003
7164,2.7532527124999997,2.6941684275,2.8123369975,0.11816856999999992
7165,3.2581794634999994,3.0893268489000003,3.4270320781000003,0.3377052292
7166,2.7060985459999998,2.6321879644,2.7800091276,0.14782116320000016
7168,2.789120233,2.6485231262,2.9297173398000003,0.2811942136000001
7169,3.1470687964999997,3.0956567151,3.1984808779000002,0.10282416280000017
7170,2.8252533465000003,2.6642190850999996,2.9862876079,0.3220685228000004
7172,3.245583863,3.1526318082,3.3385359178,0.1859041095999996
7174,2.0993998289999998,2.0116230974000002,2.1871765606,0.17555346319999998
7175,2.3210009045000004,2.2812776663,2.3607241427,0.07944647640000024
7176,2.1258551920000004,1.9913015152,2.2604088688000004,0.2691073536000004
7177,3.2565454065,2.9516375690999994,3.5614532439,0.6098156748000005
7178,2.2307665594999997,2.1161283357,2.3454047833,0.22927644759999977
7179,2.439952237,2.3471949422,2.5327095318,0.18551458960000033
7180,2.6172183440000003,2.4325092816,2.8019274064,0.36941812480000014
7181,2.8019885689999997,2.6968427966000004,2.9071343414,0.21029154479999956
7182,2.8592149649999996,2.774788579,2.943641351,0.16885277200000015
7183,2.811891823,2.7702053522,2.8535782938,0.08337294159999997
7189,2.5461331439999997,2.4061030864,2.6861632016,0.28006011519999996
7190,2.462910282,2.3486353692,2.5771851948,0.22854982560000003
7191,3.2506388445,3.0765619823,3.4247157067000003,0.34815372440000036
7193,3.2469196109999996,2.8665950554,3.6272441666,0.7606491112000002
7194,3.0973566834999997,2.7968705569,3.3978428100999998,0.6009722531999997
7195,2.871410318,2.8306172452,2.9122033908000002,0.08158614560000021
7196,2.744449886,2.6107354404,2.8781643316000003,0.26742889120000024
7197,2.7839135980000003,2.7674718372,2.8003553588,0.032883521600000076
7198,2.724257969,2.6158035566,2.8327123814,0.21690882479999996
7199,3.519009136,3.2265091904000003,3.8115090815999997,0.5849998911999994
7200,3.1011082305,3.0413103227,3.1609061383,0.11959581560000032
7201,2.3742204235,2.3311826541,2.4172581929,0.08607553879999985
7202,3.270176687,3.1450153618,3.3953380122,0.2503226503999998
7203,3.0770679894999997,2.8839587853,3.2701771937,0.3862184084
7204,2.329211165,2.0242744310000003,2.6341478990000002,0.609873468
7205,3.1321073779999997,2.8765507292,3.3876640268000004,0.5111132976000006
7206,3.073977036,2.8905154503999997,3.2574386216,0.3669231712000003
7207,3.1127019264999976,3.0136898971000003,3.2117139558999996,0.1980240587999993
7208,2.9645640095,2.8134876133,3.1156404057,0.3021527923999998
7209,2.6733376564999998,2.4035123191,2.9431629938999997,0.5396506747999998
7210,2.9899311465000005,2.8715768050999997,3.1082854879,0.23670868280000024
7211,2.6094196380000003,2.5491126932,2.6697265828,0.12061388959999997
7212,2.887947313,2.8538550382,2.9220395878,0.0681845496000002
7213,3.2317981685,3.0501850359000002,3.4134113011,0.3632262651999998
7214,2.5655339475,2.5054839264999997,2.6255839685,0.12010004200000024
7216,2.54032786,2.370501516,2.710154204,0.33965268800000015
7219,2.6855799609999993,2.5938207453999995,2.7773391766,0.18351843120000044
7221,2.9404335504999994,2.8827917706999995,2.9980753303,0.11528355960000036
7224,2.9814490200000003,2.861075428,3.101822612,0.24074718399999995
7225,2.8448001505,2.6980670107000004,2.9915332903,0.2934662795999996
7226,3.5988702005000004,3.2844882806999998,3.9132521202999997,0.6287638395999999
7229,2.698350208,2.5604034911999998,2.8362969247999996,0.27589343359999985
7230,2.809048586,2.7655019515999997,2.8525952203999996,0.0870932687999999
7232,2.838800762,2.7279282668,2.9496732571999997,0.22174499039999995
7233,2.6459175955000007,2.6191489573,2.6726862337,0.05353727639999972
7234,2.5886824115000002,2.4272549761,2.7501098469,0.3228548708000001
7235,2.6434946139999997,2.6060731684,2.6809160596000003,0.07484289120000032
7236,2.8779102865,2.8679769719,2.8878436010999997,0.019866629199999597
7238,3.2929977375,3.0814808325,3.5045146425,0.4230338100000002
7239,3.1430391755,2.9650056457,3.3210727052999998,0.35606705959999996
7242,2.985943699,2.7264407786000002,3.2454466194000005,0.5190058408000002
7243,2.431858125,2.351182475,2.512533775,0.1613513000000002
7244,3.4395486865000007,3.1064205611,3.7726768119000003,0.6662562508000001
7245,2.7172490405,2.6212642567,2.8132338243000006,0.1919695676000006
7246,2.8836166400000005,2.6769408959999996,3.090292384,0.41335148800000043
7248,2.9134351620000003,2.8785284268,2.9483418971999997,0.06981347039999974
7249,2.4487620524999993,2.2846072315,2.6129168735,0.32830964200000023
7251,3.1077968145000003,2.9962895403000003,3.2193040887,0.22301454839999968
7252,3.144622392,2.7979765488000004,3.4912682352,0.6932916863999998
7253,3.1480426680000004,3.0359389352,3.2601464008,0.22420746560000016
7254,2.2488596545,2.0986105927,2.3991087163,0.30049812360000017
7255,2.1941024234999995,2.0512326540999997,2.3369721929000002,0.2857395388000006
7258,2.592790295,2.578287613,2.6072929769999997,0.029005363999999645
7259,3.0187636405,2.8161870967,3.2213401843,0.4051530876
7260,2.7453723164999997,2.6186488431,2.8720957898999995,0.2534469467999996
7261,2.2958297735,2.2613972829,2.3302622641000004,0.0688649812000004
7262,2.9463743549999997,2.9393128969999998,2.953435813,0.014122916000000263
7265,3.112408043,3.0266712602,3.1981448258,0.17147356559999993
7266,2.9595572690000003,2.8401621766,3.0789523614000003,0.23879018480000047
7267,2.942923234,2.9091281276000003,2.9767183404,0.06759021279999988
7269,2.7566874925,2.5775484895,2.9358264955000006,0.3582780060000008
7270,2.9013401685000013,2.7587950359,3.0438853011000004,0.28509026520000047
7271,2.8991203280000004,2.8956924592,2.9025481968,0.0068557376000000225
7273,2.5743816729999995,2.4422078038,2.7065555422,0.2643477383999997
7274,3.248439840000001,2.9539701760000003,3.542909504,0.5889393279999995
7275,2.1868781845000003,2.0799001106999997,2.2938562583,0.21395614760000026
7276,2.7362075069999996,2.6595341042,2.8128809098,0.15334680560000002
7278,2.5437150355000004,2.4226186213,2.6648114497,0.24219282840000034
7279,2.4386092699999997,2.373246762,2.503971778,0.13072501599999997
7280,3.398399142,3.1042515988000003,3.6925466852,0.5882950863999996
7282,2.473574547,2.4116783282,2.5354707658,0.12379243760000014
7283,3.0129467545,2.9553706563000004,3.0705228527000004,0.11515219639999996
7284,2.419915117,2.4049534702,2.4348767637999997,0.029923293599999568
7285,2.7377585535,2.7291627321,2.7463543749,0.017191642800000295
7286,3.1781326975,2.9085685765,3.4476968185,0.5391282419999999
7287,2.5966222074999994,2.5738186904999996,2.6194257245,0.045607034000000546
7288,2.423650924,2.2564701544,2.5908316936,0.3343615392000001
7290,3.2099088864999996,2.9376712411,3.4821465318999993,0.5444752907999995
7291,2.2225513455,2.1419908073,2.3031118837,0.16112107640000017
7292,2.8928768760000003,2.8416696263999994,2.9440841256,0.10241449920000045
7293,3.217409642,3.0566490988,3.3781701852,0.3215210864000002
7294,2.2953614405000002,2.0834584643,2.5072644167,0.42380595239999996
7295,2.746512811,2.5059575354,2.9870680866,0.4811105512
7296,3.097566775,2.871725085,3.323408465,0.45168337999999997
7297,3.5234349519999997,3.2651669328,3.7817029711999997,0.5165360383999995
7298,2.7741564435000003,2.5277038209,3.0206090660999996,0.4929052451999998
7299,2.8977353104999994,2.7410934346999998,3.0543771863,0.3132837516000002
7300,3.177459062499999,3.0800210875,3.2748970374999997,0.1948759499999997
7301,2.5973491080000004,2.5695906647999998,2.6251075512,0.05551688640000041
7302,2.3785410415000006,2.3194402580999998,2.4376418249,0.11820156680000027
7303,2.8745913654999997,2.7335107117,3.0156720193,0.2821613076
7304,2.7549132725000005,2.6146753815,2.8951511634999996,0.28047578199999945
7305,2.7533388310000007,2.6707915634,2.8358860986,0.16509453520000017
7306,3.138074131000001,3.0159809834000004,3.2601672786,0.24418629519999957
7308,2.236762244,2.1978713464,2.2756531416,0.07778179519999995
7309,1.924075647,1.8507553881999999,1.9973959058,0.14664051760000008
7310,3.288995375,3.077378725,3.5006120249999997,0.4232332999999997
7311,2.9272870875,2.8535383225,3.0010358525,0.14749752999999988
7313,3.127537692,2.8374707688000003,3.4176046151999997,0.5801338463999994
7315,2.2258947539999996,2.1667196524,2.2850698556,0.11835020320000034
7316,2.9973884545000007,2.8320294363,3.1627474727000005,0.3307180364000004
7318,2.692970562,2.6780487868,2.7078923371999997,0.029843550399999863
7319,3.380241817,3.0805869438,3.6798966902,0.5993097463999999
7320,3.6461265444999995,3.2594731623,4.0327799267,0.7733067644
7321,3.585260307000001,3.1829708298,3.9875497842,0.8045789544000002
7323,2.9404222544999996,2.8317819563,3.0490625526999997,0.21728059639999975
7324,3.0621344725000004,2.8956862615,3.2285826835,0.33289642200000014
7326,2.5499827425,2.5151438395000003,2.5848216455,0.06967780599999962
7328,3.4627165195000003,3.1149143272999997,3.8105187117000003,0.6956043844000006
7329,3.4842866860000012,3.1966921603999996,3.7718812116,0.5751890512000002
7330,2.9298456635,2.8112271289,3.0484641981,0.23723706919999987
7331,2.729045187,2.6576848618000004,2.8004055122,0.14272065039999937
7334,2.840389035,2.754890649,2.925887421,0.17099677200000007
7336,3.1399127260000004,3.0233262164,3.2564992356000007,0.23317301920000055
7337,3.0106701255,2.9022313757,3.1191088753,0.2168774995999998
7339,2.396137948000001,2.2496735272,2.5426023688,0.29292884159999977
7340,3.460625529499999,3.0308533413,3.8903977176999995,0.8595443763999997
7342,2.64566652,2.594919528,2.696413512,0.10149398399999976
7343,2.2784686079999994,2.0918859648,2.4650512512000002,0.37316528640000035
7344,2.348892976,2.2500397664,2.4477461856000002,0.1977064192000002
7345,3.682854610500001,3.3347220547000007,4.0309871663,0.6962651115999994
7347,3.5523913979999984,3.2311019572,3.8736808388000004,0.6425788816000004
7349,2.3788596235000004,2.2950733741000002,2.4626458729,0.1675724987999998
7350,3.5152851470000006,3.1548624058000003,3.875707888200001,0.7208454824000006
7351,2.7697797145,2.6384444003,2.9011150286999996,0.26267062839999955
7352,2.6724319205000002,2.5700118887,2.7748519522999997,0.20484006359999984
7353,3.4287191405,3.1104375966999998,3.7470006842999997,0.6365630875999999
7354,2.9762181779999994,2.8326266492,3.1198097068,0.28718305760000007
7355,3.191190869,2.9449492166,3.4374325214000003,0.49248330480000035
7357,3.1582507349999998,2.992114629,3.324386841,0.3322722119999999
7358,2.9610359450000003,2.9235115229999997,2.998560367,0.07504884400000034
7359,2.3960454959999997,2.3058924976,2.4861984944,0.18030599680000003
7360,2.4260101080000003,2.3421261512,2.5098940648,0.1677679136000001
7361,2.7588890224999996,2.6813114315,2.8364666135,0.15515518199999967
7362,2.744026597000002,2.6743600358,2.8136931582,0.13933312240000006
7363,2.9521271065,2.7321235490999998,3.1721306639,0.4400071148000002
7364,2.9371223509999997,2.8076216914,3.0666230106,0.2590013191999998
7366,2.5560767340000004,2.4273370275999997,2.6848164404,0.2574794128000004
7367,2.5567924215000004,2.4055082529000003,2.7080765901,0.30256833719999987
7368,2.979916768,2.7403134752000007,3.2195200608,0.4792065855999992
7369,3.0080277189999998,2.7862252066,3.2298302314,0.44360502479999964
7370,3.496343803,3.2260257242,3.7666618817999993,0.5406361575999994
7371,2.2884340915,2.1417424549,2.4351257281,0.2933832731999999
7372,3.1099172235,2.7763325129,3.4435019341,0.6671694212000001
7373,2.2996401415,2.2921601981000004,2.3071200849,0.014959886799999822
7375,3.2134794149999997,3.1137843810000003,3.313174449,0.1993900679999996
7377,2.0578463034999994,1.8398461821,2.2758464249,0.43600024280000005
7378,3.282993847,3.1300761857999997,3.4359115082,0.3058353224000001
7380,2.3527794365,2.3160128619,2.3895460111,0.0735331492000002
7381,3.489698087,3.0960773217999997,3.8833188521999995,0.7872415303999998
7382,3.1613305095000004,2.8715703133,3.4510907056999995,0.5795203923999996
7383,3.4976671755000006,3.1872696457000003,3.8080647053,0.6207950595999998
7385,2.7386881994999994,2.7027314793,2.7746449197000005,0.07191344040000036
7386,3.423001004,3.1206026056,3.7253994023999994,0.6047967967999996
7387,3.476196992,3.1953945887999997,3.7569993952,0.5616048064000001
7388,3.1378837715,3.0028364800999996,3.2729310629,0.27009458280000054
7391,2.365799157,2.3460526942,2.3855456198,0.03949292559999984
7394,2.5282416435,2.4095311009,2.6469521861,0.23742108520000027
7395,2.192511769,1.9985218614000002,2.3865016766,0.3879798151999998
7396,2.8143084615,2.8071062460999996,2.8215106769,0.014404430800000423
7397,2.252230184,2.0129605104,2.4914998576,0.4785393471999999
7398,2.7974924755,2.5633274657000005,3.0316574853,0.4683300195999993
7399,2.9326126089999995,2.7819128525999997,3.0833123654000003,0.30139951280000066
7401,2.782879507,2.5763469098000003,2.9894121042,0.41306519439999967
7404,3.114069686,2.8875731603999997,3.3405662116,0.45299305120000044
7405,2.5969652479999996,2.5054477472000003,2.6884827488000003,0.18303500159999997
7407,2.8491949519999995,2.7109737328000008,2.9874161712,0.27644243839999927
7408,3.168308799,2.9747179186,3.3618996793999996,0.38718176079999944
7409,2.6789973855,2.5334703397,2.8245244313,0.29105409159999995
7416,2.4399840685,2.4282164959,2.4517516410999995,0.02353514519999944
7417,2.823148449,2.7938958694,2.8524010285999997,0.05850515919999966
7418,3.1126173129999994,3.0463906382,3.1788439877999997,0.13245334959999955
7419,2.94221696,2.855216944,3.0292169760000003,0.17400003200000036
7421,3.1708526235,2.9338116729,3.4078935740999996,0.4740819011999995
7422,2.673083267,2.5480103602,2.7981561738,0.25014581359999966
7424,3.3568656900000002,3.0570319659999994,3.6566994139999998,0.5996674480000004
7425,2.377871364,2.3362300184,2.4195127096,0.08328269119999998
7427,3.2081595359999997,3.1482929504,3.2680261216,0.11973317120000004
7428,3.2206971015000003,3.1246643421,3.3167298608999998,0.19206551879999978
7429,3.1344146939999997,3.1294177716,3.1394116164000003,0.009993844800000318
7430,2.459687939,2.3981443633999997,2.5212315146,0.12308715120000047
7431,2.5776107645000006,2.4911060587000002,2.6641154703,0.17300941159999983
7432,2.3314720565000004,2.2341704339,2.4287736791,0.19460324519999972
7434,2.7277586145,2.5780324602999998,2.8774847687,0.29945230840000026
7435,2.9610261,2.81128174,3.11077046,0.2994887199999998
7436,2.488015996,2.3949735944,2.5810583976000006,0.18608480320000043
7438,2.8552018215,2.7634085501,2.9469950929,0.18358654280000009
7439,2.4847937645000004,2.4150004703000003,2.5545870586999997,0.13958658839999938
7442,2.944650246,2.8228619444000005,3.0664385476000002,0.24357660319999974
7443,2.3408491744999997,2.1221951047,2.5595032443,0.43730813960000026
7446,3.4373602389999993,3.0707051346000003,3.8040153434,0.7333102087999999
7447,2.7505219139999997,2.6621519484,2.8388918796,0.17673993119999976
7448,3.5639489209999997,3.2471516894000003,3.8807461525999996,0.6335944631999992
7449,2.2187893055,2.1419715833,2.2956070277000005,0.15363544440000032
7450,3.202362743,2.8924346402000003,3.5122908458,0.6198562055999997
7451,3.2834709399999995,3.0320909159999996,3.534850964,0.5027600480000003
7452,3.5421588619999995,3.3126036067999998,3.7717141171999997,0.45911051039999995
7453,2.9022104669999993,2.8509634802,2.9534574538,0.10249397360000012
7455,2.3007809330000004,2.2375921598,2.3639697062000007,0.12637754640000054
7456,2.901076462,2.7836626468,3.0184902771999997,0.23482763039999988
7460,2.9589995305,2.7592605427,3.1587385183,0.3994779756
7461,2.35105188,2.213372728,2.488731032,0.27535830400000005
7462,2.662778498,2.6469570987999997,2.6785998972,0.03164279840000006
7463,2.2946129319999997,2.1297017592,2.4595241048000003,0.32982234560000023
7464,2.2776998240000004,1.9711814944,2.5842181536,0.6130366592000003
7466,2.884833748,2.8311648472,2.9385026488,0.10733780159999995
7467,3.0395203800000004,2.9185937319999997,3.1604470279999997,0.24185329599999994
7469,2.8725157114999997,2.7892230269,2.9558083961,0.16658536920000033
7470,2.3912263049999996,2.3002205829999998,2.4822320270000002,0.18201144400000047
7471,3.174529524,2.9267669336,3.4222921144,0.49552518079999963
7473,2.6634644874999998,2.6059322925000004,2.7209966825000005,0.11506439000000013
7475,2.4553404014999995,2.4128933620999997,2.4977874409,0.0848940788000001
7476,3.6403340785,3.3021289099,3.9785392470999996,0.6764103371999997
7477,2.459044437499998,2.3909186625000003,2.5271702124999997,0.13625154999999944
7480,2.5424687830000003,2.4224204698,2.6625170961999998,0.24009662639999974
7481,2.4627860120000005,2.4550984072,2.4704736167999997,0.015375209599999717
7483,3.3427726790000003,3.0094997506000003,3.6760456074000003,0.6665458568
7484,2.2852183999999998,2.13309824,2.43733856,0.30424032000000034
7485,2.3866514955,2.2303400972999996,2.5429628937,0.31262279640000035
7486,3.526843504999999,3.198253307,3.855433703,0.6571803960000002
7487,2.1086906379999997,1.8899547827999998,2.3274264932,0.4374717104000001
7488,3.5348634935,3.2690368909,3.8006900961000003,0.5316532052000005
7489,3.4780168245000005,3.1602759543000003,3.7957576947000002,0.6354817403999999
7491,3.148357431,2.8597484034000002,3.4369664586000006,0.5772180552000004
7494,2.7701610079999996,2.7418910048,2.7984310112000004,0.056540006400000564
7496,1.8815395335000007,1.6664557200999999,2.0966233469,0.4301676268000001
7498,2.6445233644999995,2.5917515103000004,2.6972952187,0.10554370839999949
7499,3.1611067419999994,3.0532774387999995,3.2689360452,0.21565860640000034
7500,2.7452726910000003,2.6176877674,2.8728576146,0.2551698471999999
7501,3.26040784,2.9974457759999997,3.523369904,0.5259241280000002
7504,3.1156795645000006,2.9562597903,3.2750993387,0.3188395484000002
7505,3.246992836,3.0056855704,3.4883001016,0.4826145312000003
7506,3.328888528999999,3.1365231405999996,3.5212539173999993,0.3847307767999997
7508,2.3381022180000004,2.2195793308,2.4566251051999997,0.23704577439999985
7511,3.159330229,3.0393427206,3.2793177374000004,0.23997501680000033
7515,3.311225557,2.9360397797999997,3.6864113342,0.7503715544
7518,3.4211661239999995,3.0647225735999997,3.7776096743999994,0.7128871007999997
7519,2.9261153495,2.7561914893,3.0960392097,0.3398477203999999
7520,2.7433145269999986,2.6928867378000003,2.7937423162000004,0.10085557840000003
7521,2.480417078,2.4303274468000002,2.5305067092,0.10017926239999975
7522,3.4790792655000007,3.1352001717000006,3.8229583593000007,0.6877581876000001
7525,2.662493908,2.6256970712,2.6992907448,0.07359367360000002
7526,3.443224541,3.1670071573999996,3.7194419246,0.5524347672000003
7527,3.4130075384999987,2.9838717539,3.8421433230999997,0.8582715691999998
7528,2.6269582835,2.6251325701000003,2.6287839969,0.0036514267999998573
7531,3.0737687315000004,2.8844198241000005,3.2631176389000003,0.37869781479999975
7532,3.056596169,2.9708378366,3.1423545014000003,0.17151666480000038
7533,2.4755686235,2.4405111741,2.5106260729,0.07011489879999999
7534,2.505563658999999,2.4703469954,2.5407803226,0.07043332719999995
7535,1.9759513335000003,1.7476880001000001,2.2042146669,0.45652666679999987
7536,3.5347283795000006,3.2567673313,3.8126894277,0.5559220964000002
7537,2.6935096174999997,2.6145634644999998,2.7724557704999997,0.15789230599999993
7538,2.6830664494999996,2.5999430293,2.7661898697,0.16624684039999993
7539,2.793822811,2.7550019353999993,2.8326436865999995,0.07764175120000028
7540,2.508673928,2.3557934992,2.6615543568,0.30576085760000016
7542,2.8519691145000006,2.8364067603,2.8675314686999998,0.0311247083999997
7546,2.905286816,2.8995220896,2.9110515424,0.011529452800000062
7547,2.9496411525,2.9006688135000003,2.9986134915000004,0.09794467800000017
7548,1.9844717370000002,1.7961826421999998,2.1727608318,0.3765781896
7551,2.4582380510000004,2.3899616714,2.5265144306,0.13655275919999976
7552,3.186450628,2.9320944792,3.4408067768,0.5087122976000003
7553,1.96271309,1.8090310539999999,2.116395126,0.30736407200000015
7554,2.836987026,2.8338694155999997,2.8401046364,0.006235220800000274
7555,3.1048548804999996,3.0159704327,3.1937393283,0.17776889559999987
7557,2.3152971845,2.1509075106999997,2.4796868582999996,0.3287793475999998
7558,2.9177016245,2.8076886743,3.0277145747000005,0.22002590040000047
7560,2.2098668645,2.2005092103000004,2.2192245187,0.018715308399999575
7561,2.8395982725000004,2.7705699815000004,2.9086265635,0.13805658199999948
7562,2.9440817279999996,2.8471168192,3.0410466368000004,0.1939298176000004
7565,2.324253109,2.2753718654,2.3731343525999997,0.0977624871999998
7567,2.551390034,2.4155960476000002,2.6871840204,0.2715879727999999
7568,2.7935598885,2.7546338438999998,2.8324859331,0.07785208920000031
7569,3.3883088199999993,3.190567948,3.5860496920000005,0.39548174400000047
7570,2.2575670395,2.0478006237,2.4673334553,0.41953283159999977
7571,2.9474871439999992,2.8236992015999998,3.0712750863999996,0.2475758847999998
7572,2.1085219675,1.8815399805,2.3355039545,0.4539639740000001
7573,2.8405810199999997,2.820463428,2.8606986119999998,0.0402351839999997
7574,3.150626311,3.1191128354,3.1821397866,0.0630269511999999
7575,2.9738841364999997,2.9550797910999993,2.9926884818999997,0.0376086908000004
7576,2.8736607665000005,2.8667750731,2.8805464598999997,0.013771386799999785
7577,2.7785441584999995,2.6816038218999996,2.8754844951000003,0.19388067320000069
7578,2.5488482495000007,2.4120375493,2.6856589497,0.27362140040000016
7579,2.699876342,2.6234768787999996,2.7762758051999996,0.15279892640000003
7580,2.8326711874999995,2.8093896625,2.8559527125,0.04656305000000005
7581,2.374756997,2.2410533982,2.5084605958,0.26740719759999987
7583,2.3030383215,2.1849861929000003,2.4210904501,0.2361042571999996
7585,3.4066564075,3.1068057705000003,3.7065070445000003,0.5997012740000001
7588,2.8004021445000005,2.6536478023,2.9471564867,0.2935086843999999
7589,2.2805359144999997,2.1717811487,2.3892906803,0.21750953159999975
7591,2.3646493645,2.0794560187,2.6498427103,0.5703866916
7593,2.7692633240000006,2.7526559943999995,2.7858706536,0.03321465920000044
7597,2.0824706060000002,1.8973071635999998,2.2676340483999997,0.37032688479999987
7598,2.8618624925000002,2.8502574894999997,2.8734674955,0.023210006000000227
7600,3.1446626089999987,3.0408980526,3.2484271654,0.20752911280000008
7601,2.7295776405,2.6650586966999996,2.7940965842999996,0.1290378876
7604,2.6226331945,2.5944179167,2.6508484723000003,0.05643055560000043
7605,2.4443064105,2.3409314463,2.5476813747,0.20674992839999984
7606,2.2975020090000005,2.2585268054,2.3364772125999997,0.0779504071999999
7607,2.7868556755000005,2.7452479457000005,2.8284634053000004,0.08321545959999987
7608,2.8385756664999997,2.8176559330999997,2.8594953998999997,0.04183946679999995
7609,2.861346629999999,2.714121282,3.008571978,0.2944506960000002
7610,2.7880459424999997,2.7770847655,2.7990071194999997,0.021922353999999533
7612,2.0313897730000003,1.7305670638000001,2.3322124821999997,0.6016454183999995
7613,2.6482532684999995,2.5512045759,2.7453019611,0.19409738520000008
7614,2.735217955,2.706931137,2.7635047729999997,0.05657363599999954
7616,2.8203182654999996,2.7920955717,2.8485409592999997,0.05644538759999973
7617,2.5845297655,2.4619916717,2.7070678592999995,0.2450761875999996
7618,2.910692537,2.8352135518,2.9861715222,0.15095797039999992
7621,2.3192443129999996,2.1432776382,2.4952109878,0.35193334960000033
7622,2.8386975590000003,2.7658185825999997,2.9115765354,0.14575795280000037
7623,2.3464763114999996,2.2779333869,2.4150192361,0.1370858492
7624,2.4026270645000003,2.3234722387000004,2.4817818903,0.15830965159999977
7625,2.711840786999999,2.6283867018000002,2.7952948721999995,0.16690817039999928
7626,2.4419301265,2.3202144759000003,2.5636457771,0.24343130119999978
7627,3.0099437819999997,2.8897712948000005,3.1301162692,0.2403449743999997
7629,2.9678491795,2.8071720513,3.1285263077,0.32135425640000026
7631,2.9139274095,2.8775491733000003,2.9503056457,0.0727564723999996
7632,2.2802795565,2.2062993339,2.3542597791,0.14796044519999985
7634,2.1734805329999998,1.9937391198,2.3532219462,0.35948282640000007
7635,2.4381143744999996,2.2592002247,2.6170285243,0.3578282996000004
7636,2.3137556475,2.1469617885,2.4805495065,0.333587718
7638,2.3287200215,2.1784360128999998,2.4790040301,0.30056801720000026
7642,2.1448815469999993,2.0092877282,2.2804753658,0.2711876376000002
7654,2.816491112,2.6906975568,2.9422846672000005,0.2515871104000005
7655,2.0615235784999997,2.0178997471,2.1051474099000003,0.08724766280000029
7656,2.7430351684999996,2.5972972358999997,2.8887731011,0.29147586520000024
7657,2.690465422500001,2.6103015915000003,2.7706292535,0.16032766199999982
7658,2.7412523185000017,2.6814032459,2.8011013910999996,0.11969814519999966
7659,2.793235508500002,2.7541797119,2.8322913051,0.07811159320000005
7660,2.668825198,2.5800052772,2.7576451187999997,0.17763984159999957
7661,2.6723327365,2.5849158310999996,2.7597496418999996,0.17483381080000004
7662,2.7845600485,2.7420340679,2.8270860290999997,0.08505196119999958
7663,2.7034825834999996,2.6285256169,2.7784395501,0.14991393319999968
7665,2.723064855,2.6559407969999995,2.7901889129999997,0.1342481160000002
7666,2.7830998275,2.7770865585,2.7891130965000004,0.012026538000000198
7667,2.5247795575000005,2.4511301345,2.5984289804999996,0.14729884599999954
7671,2.3714195124999997,2.2453281075000002,2.4975109175,0.25218280999999987
7673,3.021639067,2.9450674938,3.0982106402,0.15314314640000015
7677,2.8294156439999996,2.7015399016000003,2.9572913863999997,0.2557514847999993
7678,2.3043125875,2.1848015524999997,2.4238236225000005,0.23902207000000075
7679,3.0528890355000007,3.0265658497000003,3.0792122213000006,0.0526463716000003
7680,2.4269130754999995,2.3135058453,2.5403203057,0.22681446039999997
7681,2.8213414875000002,2.7899756924999997,2.8527072825,0.06273159000000028
7682,3.3773317965,3.0978497150999997,3.6568138779000003,0.5589641628000006
7683,2.9064584134999993,2.8938881788999997,2.9190286481,0.025140469200000126
7684,2.0249329914999996,1.8187793949000002,2.2310865881,0.4123071932
7685,2.4475385669999996,2.3040451401999995,2.5910319937999997,0.2869868536000002
7686,2.676577534,2.5159325476000003,2.8372225204000006,0.32128997280000027
7687,1.9902777925000001,1.8129814755,2.1675741095000003,0.3545926340000003
7688,2.6153809475000003,2.5578689265,2.6728929685000002,0.11502404200000038
7689,2.5522726799999997,2.4696021519999998,2.6349432079999997,0.16534105599999993
7692,2.2835030225,2.1957642135000004,2.3712418315000003,0.17547761799999995
7694,2.904248173,2.8988989038,2.9095974421999995,0.010698538399999347
7695,2.9839933579999993,2.9467460148,3.0212407012,0.07449468640000001
7696,2.8611996294999997,2.8493294813,2.8730697777,0.023740296400000194
7697,2.8696374470000006,2.8611424257999998,2.8781324682,0.016990042400000238
7699,2.6087392934999993,2.5048834109,2.7125951761,0.20771176519999957
7700,2.467131823,2.3023038938,2.6319597522,0.3296558583999998
7701,2.2163042125000003,2.0998493275000003,2.3327590975000003,0.23290977000000002
7703,2.4044194475,2.3305832685,2.4782556264999998,0.1476723579999999
7704,2.763815295,2.606428613,2.921201977,0.3147733640000001
7706,2.1956988655,2.1137425193,2.2776552117,0.16391269239999984
7707,2.9530331690000002,2.9170444366,2.9890219014,0.07197746480000022
7708,2.2644771754999997,2.2535435053,2.2754108457,0.021867340400000046
7709,3.2534225139999995,3.0519015196,3.4549435084,0.4030419888000001
7710,2.219725145,2.194985887,2.2444644030000003,0.049478516000000194
7711,3.4306386750000004,3.184539345,3.676738005,0.4921986599999997
7714,2.142883077,1.9720222461999999,2.3137439078,0.3417216616000003
7716,2.6194322265,2.5108551170999998,2.7280093359,0.2171542188000002
7717,2.7508604720000003,2.6949394608,2.8067814832,0.11184202239999985
7719,1.9029978929999996,1.7797443358,2.0262514502,0.24650711440000017
7720,2.7284019775,2.6634127684999997,2.7933911865,0.12997841800000032
7721,2.751737748,2.6960828472000005,2.8073926488,0.11130980159999959
7722,2.473220135499999,2.3061581897,2.6402820813,0.3341238916
7723,2.745284867,2.7391416137999998,2.7514281202,0.012286506400000174
7724,2.8127309739999995,2.7814733636,2.8439885844,0.06251522079999994
7726,2.5917278879999994,2.4200610432,2.7633947328,0.3433336896000001
7727,2.6170415525000004,2.5075081735,2.7265749315,0.21906675799999986
7730,2.7008974724999995,2.6249064614999997,2.7768884835,0.15198202200000033
7731,2.17977361,2.0775625659999997,2.281984654,0.20442208800000028
7732,2.7689093825000004,2.6367171355,2.9011016295000003,0.2643844940000002
7733,2.9090272119999994,2.7808740968,3.0371803271999998,0.2563062303999999
7734,2.7549281925000004,2.7005494695,2.8093069155,0.10875744600000026
7736,2.4482264674999996,2.4257994545,2.4706534805,0.044854026000000324
7737,2.984907561500001,2.9467889860999996,3.0230261369,0.07623715080000038
7739,2.7092354585,2.6466176751,2.7718532418999997,0.1252355667999998
7742,2.327348765500001,2.1247156593,2.5299818717000004,0.4052662124000004
7744,2.8527411415000006,2.6827275981,3.0227546848999998,0.3400270867999997
7746,2.2821918855,2.1514303313,2.4129534397,0.26152310840000004
7748,2.6271484135,2.6134173789,2.6408794481,0.027462069200000272
7750,2.9926291120000004,2.8854955568000005,3.0997626672000003,0.2142671103999998
7751,3.4406905710000006,3.1488891994,3.7324919426000003,0.5836027432000002
7753,2.8247228469999994,2.7982619858,2.8511837081999998,0.052921722399999815
7755,2.7932351410000007,2.7541791974,2.8322910846,0.07811188719999995
7756,2.1366968655000003,2.0435329193,2.2298608117,0.18632789240000003
7757,2.9473986660000002,2.8599609324,3.0348363996,0.17487546720000013
7758,2.6033615074999994,2.4785593104999997,2.7281637044999996,0.2496043939999999
7759,2.4151153674999994,2.3203184204999996,2.5099123144999997,0.18959389400000015
7760,2.7705441854999995,2.7224118597,2.8186765113,0.09626465159999986
7761,2.702667547,2.6273845658,2.7779505282,0.15056596239999998
7762,2.6911721914999998,2.6112910681,2.7710533148999996,0.15976224679999973
7763,2.8619605524999994,2.8503947734999997,2.8735263315,0.02313155800000022
7764,2.8769963374999996,2.8714448725,2.8825478024999995,0.0111029299999994
7766,2.604830389,2.4904125446,2.7192482334,0.22883568880000027
7768,2.798448811,2.7621559354,2.8347416866,0.0725857512000001
7769,2.7792920674999997,2.7346588944999994,2.8239252404999995,0.08926634600000005
7770,2.4609357585000002,2.3834278551,2.5384436619,0.15501580680000027
7771,2.229299123,2.0639674738,2.3946307722,0.3306632984000002
7772,2.5582575445,2.5402837623,2.5762313267000003,0.03594756440000024
7773,2.261574663,2.1677719978,2.3553773282,0.18760533039999983
7775,3.4460721895000015,3.2631854653,3.6289589137,0.36577344840000015
7776,3.214579596500001,2.9559074351000003,3.4732517579,0.5173443227999996
7777,2.5277595229999994,2.4020449137999997,2.6534741322000004,0.25142921840000065
7778,2.4632351095,2.3855378657,2.5409323533,0.1553944876000002
7779,2.448141667,2.1995655338,2.6967178002,0.4971522664000001
7781,2.5923752039999997,2.4499496856,2.7348007224,0.2848510368000001
7782,2.8190644275,2.6616265984999994,2.9765022565,0.3148756580000005
7783,2.144426305,2.128442183,2.160410427,0.03196824399999976
7784,2.6064500885,2.4475708531,2.7653293239000005,0.3177584708000003
7785,2.2458297425,2.2213450455,2.2703144395,0.04896939399999978
7787,2.702201123,2.6267315722,2.7776706737999994,0.15093910159999924
7788,2.704984357,2.5895472998000004,2.8204214142,0.23087411439999972
7789,2.832604864,2.7572888096,2.9079209184000003,0.15063210880000044
7790,3.0148717069999997,2.8463363898,3.1834070241999997,0.33707063439999985
7791,2.8520997009999993,2.7837115814000004,2.9204878206,0.1367762391999996
7792,2.263643547,2.0934877282000004,2.4337993658,0.3403116375999997
7794,2.5347337449999996,2.392277243,2.677190247,0.28491300399999986
7796,2.669126796,2.5804275144,2.7578260776000003,0.17739856320000014
7797,2.9022938905,2.8977263342999997,2.9068614467,0.00913511240000009
7798,2.669551774,2.5810224836,2.7580810644,0.1770585807999998
7799,2.692989643,2.6138355002000004,2.7721437858,0.15830828559999954
7800,2.7969377615,2.7593628661,2.8345126569000003,0.07514979080000028
7801,2.771937591,2.7243626273999997,2.8195125545999997,0.09514992720000004
7802,2.3228276694999996,2.1636854017,2.4819699372999997,0.3182845355999997
7805,3.2985512934999996,3.1082898108999997,3.4888127760999996,0.38052296519999995
7806,1.9230842134999995,1.7405749280999998,2.1055934989000002,0.36501857080000044
7807,2.8929106875,2.7566821625,3.0291392125,0.27245704999999987
7808,2.6437725805,2.5033775483,2.7841676127,0.2807900644000001
7810,2.2850894305,2.2522228583,2.3179560027,0.06573314439999978
7811,2.184876436,2.0933974616,2.2763554104000003,0.18295794880000038
7812,2.328265728,2.1726170368,2.4839144192,0.3112973823999998
7813,2.8537316784999995,2.7172975499,2.9901658071,0.27286825719999985
7814,2.4810184824999997,2.3694310895,2.5926058755,0.22317478599999996
7816,2.1423028895000003,1.9538921337,2.3307136453,0.3768215116
7819,2.7900587965000003,2.7497323151,2.8303852779,0.0806529627999999
7820,2.7113481514999993,2.5561314120999996,2.8665648909,0.3104334788000003
7821,2.939603261,2.9201119566,2.9590945654,0.03898260880000004
7822,2.6314735309999997,2.5283905434,2.7345565186,0.2061659751999998
7823,2.7445924315,2.6860794040999996,2.8031054588999997,0.11702605480000017
7824,3.513393267,3.2803933738,3.7463931602000002,0.4659997864000003
7825,2.9592940065,2.9570612039000004,2.9615268090999995,0.0044656051999991675
7826,2.8525490820000003,2.7742835148000005,2.9308146492000002,0.15653113439999977
7828,2.277300615,2.1804707690000003,2.374130461,0.19365969199999977
7830,2.5537694910000006,2.4189272874,2.6886116946,0.2696844072000002
7831,2.66990517,2.581517238,2.758293102,0.17677586400000012
7832,2.7686823255,2.7198052557,2.8175593953,0.09775413960000012
7833,2.670166813000002,2.5298755382,2.8104580878000003,0.28058254960000006
7834,2.187509503,1.9627061018,2.4123129042,0.44960680240000017
7837,2.5003349580000003,2.4371061748,2.5635637412,0.12645756640000005
7842,2.405318113,2.3187848678000003,2.4918513582000004,0.1730664904000001
7843,2.32221904,2.211682224,2.432755856,0.22107363199999996
7844,2.638732202,2.5083174828,2.7691469212,0.26082943840000006
7846,3.3761459005,3.1518502607,3.6004415403000003,0.44859127960000045
7848,3.4572522505,3.0964487507,3.8180557503,0.7216069996000001
7849,3.12466101,3.048623814,3.200698206,0.15207439200000028
7850,2.8865923055000002,2.8848792277,2.8883053832999996,0.003426155599999703
7851,2.9984751789999997,2.9170284505999997,3.0799219073999997,0.1628934568
7852,2.5836380225,2.4692420135,2.6980340315,0.22879201800000004
7853,2.9565691944999997,2.8408056722999997,3.0723327167,0.23152704440000038
7854,2.2303931845,2.1958903107,2.2648960583,0.06900574760000033
7855,2.8250420089999997,2.7987088125999997,2.8513752053999997,0.05266639279999996
7856,2.8934595180000002,2.8110873252,2.9758317108,0.16474438560000015
7857,2.9092776449999995,2.901916587,2.916638703,0.01472211599999973
7858,2.8318758280000003,2.8082761591999996,2.8554754967999996,0.047199337599999946
7860,2.6741085830000015,2.5990068162,2.7492103498000002,0.15020353360000005
7861,2.8289499365,2.8041799111,2.8537199619,0.049540050800000124
7862,2.7593794455,2.7067812236999997,2.8119776673000003,0.10519644360000058
7863,2.5068449884999997,2.3532329839,2.6604569931,0.30722400920000004
7864,2.700651688,2.6245623632000004,2.7767410128,0.15217864959999972
7865,2.7124631644999995,2.6410984302999996,2.7838278987000002,0.14272946840000067
7866,2.5209552289999997,2.3729873206,2.6689231373999998,0.2959358167999997
7869,3.1882267244999993,2.9847534142999996,3.3917000347,0.4069466204000003
7870,2.9557954609999997,2.9439548454,2.9676360766,0.023681231199999875
7872,2.252933854,2.0453099124,2.4605577956,0.41524788320000017
7873,2.0037596205000003,1.8324181723000001,2.1751010687,0.34268289639999994
7876,3.0081245595,2.9597419833,3.0565071357,0.09676515240000017
7877,3.357415725,3.0176144150000006,3.697217035,0.6796026199999994
7878,2.9015364155,2.7742257817000002,3.0288470493,0.2546212675999997
7883,3.2929223939999996,3.1581201516,3.4277246364000002,0.2696044848000003
7885,2.43074682,2.315920892,2.5455727479999997,0.22965185599999982
7886,2.6548797765,2.5182900871,2.7914694659,0.2731793788000001
7887,3.1023823380000004,2.9778860731999997,3.2268786028,0.24899252960000018
7890,2.6013756505,2.4855759106999997,2.7171753903,0.23159947960000027
7891,2.8587491995,2.8458988793,2.8715995196999997,0.025700640399999752
7892,2.7145619109999997,2.6440366754,2.7850871466,0.1410504711999998
7894,2.7945993865000003,2.7560891411,2.8331096318999998,0.07702049079999984
7896,2.7064038900000003,2.6853010459999997,2.727506734,0.04220568800000013
7897,2.7288141200000005,2.663989768,2.793638472,0.12964870400000006
7898,2.8158115914999993,2.7857862280999997,2.8458369548999998,0.06005072680000012
7900,2.655723792,2.5616633087999996,2.7497842751999997,0.1881209664000001
7901,2.8710739789999997,2.8103611706,2.9317867874,0.1214256168000003
7903,1.9937101004999997,1.8598304603,2.1275897407,0.26775928039999997
7906,2.314815511,2.1116401066,2.5179909154,0.4063508088000001
7909,2.3887066035,2.2505571621000002,2.5268560449,0.2762988827999999
7910,2.921069243,2.7783869402,3.0637515458,0.2853646056000003
7911,2.4125118995,2.3657819397,2.4592418593,0.09345991959999989
7912,2.1685812905000006,2.0197643743,2.3173982067,0.29763383239999985
7914,3.4142645305,3.2039235427,3.6246055182999997,0.42068197559999954
7916,2.1002504929999994,1.9697866958,2.2307142902,0.2609275943999998
7918,2.8920162179999997,2.8355547052,2.9484777308,0.11292302560000023
7919,3.039831176,2.9855988464000003,3.0940635056000003,0.10846465920000004
7923,2.1589084135000003,1.8597638481,2.4580529789,0.5982891308
7925,2.8744682990000006,2.7147188185999998,3.0342177794000005,0.31949896080000073
7926,2.4515892945,2.3315063766999997,2.5716722122999998,0.24016583560000004
7927,2.011291789,1.9443266734,2.0782569046,0.13393023119999992
7928,2.971440799,2.8888531186,3.0540284794000003,0.16517536080000017
7931,2.8805658210000002,2.8764421494,2.8846894925999997,0.008247343199999868
7933,2.7105438544999996,2.6384113963000004,2.7826763126999996,0.14426491639999917
7934,2.7192768929999995,2.6506376502,2.7879161357999998,0.13727848559999956
7935,2.7389984509999996,2.6782478314,2.7997490705999994,0.12150123919999967
7936,2.8615588955000004,2.8498324536999995,2.8732853373,0.02345288360000053
7938,2.814125947,2.7834263258,2.8448255682,0.061399242400000276
7939,2.531313393000002,2.3666668358000003,2.6959599502,0.32929311439999953
7940,3.3333950629999998,2.9996638881999997,3.6671262377999994,0.6674623495999996
7941,3.2115021745,2.9530582443,3.4699461047,0.5168878603999998
7942,3.0765350205,3.0208446287,3.1322254123,0.11138078360000003
7943,2.813653793499999,2.7467977108999997,2.8805098761,0.1337121652000004
7945,2.2819164334999997,2.0853682600999996,2.4784646069000003,0.3930963468000006
7946,2.4510925105,2.2642543063000002,2.6379307147000004,0.37367640840000016
7948,2.1178594365000003,1.9186080619,2.3171108110999996,0.3985027491999995
7949,2.326198971,2.1251753825999997,2.5272225594,0.40204717680000046
7950,2.3860965584999994,2.3566947351,2.4154983819,0.05880364679999994
7953,2.8035624195000004,2.7254177873000005,2.8817070517000003,0.1562892643999998
7954,2.773622821,2.6548579494,2.8923876926000003,0.2375297432000001
7955,2.679877170500001,2.4889152386999998,2.8708391023,0.3819238636000004
7956,2.672248299,2.5448228186,2.7996737794,0.2548509607999998
7957,2.1500412445,1.8949283467,2.4051541423000002,0.5102257956000003
7958,2.6215251385,2.5123175938999998,2.7307326831,0.21841508920000008
7959,2.3123072209999997,2.2556495325999997,2.3689649094000003,0.11331537680000059
7960,2.9721405589999996,2.9396343353999996,3.0046467825999996,0.06501244719999999
7961,2.5289684645,2.3848834503000003,2.6730534787,0.2881700283999997
7962,2.675191709,2.5964575925999998,2.7539258254000005,0.15746823280000077
7963,3.1564715494999995,3.0449005693,3.2680425296999998,0.22314196039999956
7964,2.9163894375000003,2.8402052125,2.9925736625000003,0.15236845000000043
7965,2.3951433730000002,2.1780708238,2.6122159222,0.4341450983999997
7967,2.0552928425,1.9976069054999999,2.1129787794999997,0.11537187399999982
7968,2.9584939855000005,2.7523451797000003,3.1646427913000004,0.4122976116000001
7969,2.9087471755,2.9015983053,2.9158960457000003,0.014297740400000425
7970,2.8568998559999996,2.8543217984,2.8594779136,0.005156115200000144
7972,2.5514471075000005,2.4156759505,2.6872182645,0.27154231399999995
7973,2.6778070990000002,2.5925799386,2.7630342594,0.17045432079999978
7975,2.860612813,2.8485079381999996,2.8727176878,0.02420974960000022
7976,2.7713552065,2.7235472891,2.8191631238999997,0.0956158347999998
7977,2.6945265394999995,2.6159871553,2.7730659237,0.1570787683999999
7979,2.8458456839999977,2.8278339576,2.8638574103999996,0.036023452799999856
7980,2.848524794999999,2.831584713,2.865464877,0.03388016400000016
7981,2.7204099119999996,2.6522238768,2.7885959472,0.1363720704000002
7983,3.0904418865,3.0415050411000006,3.1393787319,0.0978736907999993
7987,2.535188612,2.4315475672000004,2.6388296568,0.2072820895999996
7988,2.7142083365,2.6326040710999994,2.7958126019,0.16320853080000042
7990,2.504009533,2.3247041462,2.6833149198,0.3586107735999997
7991,3.0678292935,2.7895790109000003,3.3460795760999997,0.5565005651999995
7992,2.6891234170000007,2.6071735838,2.7710732502,0.1638996664000003
7993,2.55712959,2.504348554,2.609910626,0.10556207200000012
7994,2.7377589194999996,2.6285828873,2.8469349516999993,0.21835206439999943
7995,2.851340411,2.7943505754,2.9083302466,0.11397967119999963
7996,2.5083785685,2.3942243411000006,2.6225327959,0.22830845479999962
7997,2.3101582384999997,2.2860297431,2.3342867338999995,0.04825699079999968
7999,2.149052325999999,1.9381705956000002,2.3599340564,0.42176346080000005
8000,2.369572496000002,2.1492038976,2.5899410944,0.4407371967999998
8001,2.5464028639999996,2.5430721184,2.5497336095999996,0.006661491199999592
8002,2.2659436355000007,2.2524461813000003,2.2794410897,0.02699490839999985
8003,2.4044268195000003,2.1837100916999996,2.6251435473,0.44143345560000036
8004,2.0672302505000006,1.8466153502999998,2.2878451507,0.44122980040000015
8005,3.6004302404999997,3.3086915366999996,3.8921689443,0.5834774076000002
8006,2.234838360500001,2.1162614163,2.3534153047,0.23715388839999996
8007,2.4405115529999994,2.1996933318000003,2.6813297742,0.4816364423999997
8008,2.98190877,2.8849046780000003,3.078912862,0.19400818399999986
8009,2.5346834000000005,2.5240044399999997,2.54536236,0.021357920000000252
8010,3.0773658794999994,2.9499514312999997,3.2047803277000004,0.2548288964000007
8011,2.506867261999999,2.4384067572,2.5753277667999996,0.13692100959999953
8013,2.872401949999999,2.8650127299999997,2.87979117,0.01477844000000017
8014,2.6876252904999998,2.6063254067000003,2.7689251743,0.16259976759999972
8015,2.746167103,2.6882839442,2.8040502618,0.11576631759999989
8017,2.8930845044999995,2.8922007027000003,2.8939683063,0.001767603599999834
8018,2.839445213,2.7668652982,2.9120251278000002,0.1451598296000003
8019,2.6784540005,2.5934856007,2.7634224002999996,0.16993679959999985
8023,2.698146720499999,2.5903350087000003,2.8059584323,0.21562342359999986
8024,2.7930360430000003,2.7545780602,2.8314940258,0.07691596560000002
8025,2.7601489909999994,2.7078585873999996,2.8124393945999997,0.10458080720000007
8026,2.8369205785000005,2.8153388099,2.8585023471,0.04316353719999988
8028,2.559925507,2.4275457098,2.6923053041999996,0.26475959439999963
8029,2.8882292425000005,2.8037649395,2.9726935455,0.1689286059999997
8030,2.4142942165,2.3934433299,2.4351451031,0.04170177319999979
8036,1.810276154500001,1.6940224927,1.9265298163,0.23250732359999993
8038,2.3968730510000005,2.3304502306,2.4632958714,0.13284564080000028
8039,2.5741102449999995,2.4104887429999997,2.737731747,0.3272430040000005
8040,3.1830099390000006,2.9597327146,3.4062871634,0.44655444880000017
8041,3.3299238375,3.1289277725,3.5309199025,0.40199213
8042,2.7840302755,2.7523445653,2.8157159857,0.06337142039999977
8043,2.306126744,2.0912688464,2.5209846416,0.4297157951999999
8044,2.9815429145,2.9149292803000004,3.0481565487,0.13322726839999977
8046,2.8864022765,2.7052651871,3.0675393658999996,0.36227417879999946
8047,2.2678998920000004,2.2638955352,2.2719042488,0.008008713599999773
8048,2.1567345660000004,2.0625703396,2.2508987924,0.1883284528
8050,2.5646151655000002,2.4802294993,2.6490008317,0.16877133239999997
8051,2.3229169735,2.2279581841,2.4178757629,0.18991757880000026
8052,2.850954180000001,2.835627052,2.866281308,0.030654256000000046
8053,1.9841269715,1.9482217601000003,2.0200321829,0.07181042279999983
8056,2.9875940545000006,2.8633272763,3.1118608327000006,0.2485335564000004
8057,2.8081955260000018,2.7751237363999994,2.8412673156,0.06614357920000069
8059,2.4418755985000007,2.3771557591,2.5065954378999997,0.12943967879999985
8060,2.8801654814999997,2.8225792740999998,2.9377516889,0.1151724148000004
8061,2.052553275,1.949137565,2.155968985,0.20683141999999988
8062,2.8851280295000006,2.7474152413,3.0228408177,0.2754255764
8064,2.8463552195,2.7451413073000004,2.9475691317000003,0.20242782439999996
8065,2.623828738,2.5170102331999997,2.7306472427999995,0.21363700959999976
8066,2.201758336500001,2.0073474019,2.3961692711,0.38882186920000006
8068,2.6408726275,2.5408716785,2.7408735764999994,0.20000189799999957
8069,2.7049872415,2.6306321380999997,2.7793423449,0.14871020680000013
8070,2.6895941614999996,2.6090818260999997,2.7701064969,0.16102467080000027
8071,2.590931563,2.4709541882,2.7109089377999998,0.23995474959999985
8074,2.605192215000001,2.526881329,2.683503101,0.15662177199999983
8075,2.9954731000000003,2.8393327399999997,3.1516134599999996,0.31228071999999996
8078,2.5513223474999993,2.3327766085,2.7698680865,0.4370914779999997
8079,3.1715754940000007,3.0923888915999997,3.2507620964,0.15837320480000017
8080,2.7924930089999997,2.6758378126,2.9091482053999997,0.23331039279999954
8082,2.2618808655000007,2.1509885193000002,2.3727732117,0.22178469239999998
8083,2.5052949035,2.3589888649,2.6516009421,0.2926120771999998
8087,2.9125366455,2.8364813037,2.9885919873,0.15211068360000013
8088,3.292028049,2.8730896686,3.7109664294000004,0.8378767608000004
8089,3.0789932375000006,2.9379189324999997,3.2200675425,0.28214861000000013
8090,2.4623083555,2.3481442133000003,2.5764724977,0.22832828439999986
8091,2.8586957875,2.8459089025,2.8714826725,0.02557376999999983
8094,2.817037954,2.7875031355999997,2.8465727724,0.059069636800000325
8095,2.8440546224999985,2.8253264715,2.8627827734999998,0.03745630199999983
8096,2.688382636,2.6137244904,2.7630407816,0.1493162911999999
8097,3.2623886720000006,3.0427077407999996,3.4820696032000003,0.43936186240000064
8099,2.7677141735,2.7042422429,2.8311861041000004,0.12694386120000045
8101,2.9944016295,2.9139386813,3.0748645777,0.1609258964000002
8102,2.6546096465000004,2.5601035051,2.7491157879,0.18901228280000026
8103,2.5752727254999996,2.4490318156999997,2.7015136352999995,0.2524818195999998
8104,2.616274466,2.5064342524,2.7261146795999998,0.2196804271999997
8105,2.738076341,2.6769568774000003,2.7991958046,0.12223892719999974
8106,2.23616794,2.193924364,2.278411516,0.0844871519999999
8112,3.0448463699999997,2.970851318,3.118841422,0.14799010400000023
8113,2.371428999,2.2285857994,2.5142721986,0.2856863992000003
8115,2.358046091500001,2.2199680549,2.4961241280999995,0.2761560731999997
8116,2.2739401454999992,2.2021992873,2.3456810036999998,0.14348171639999974
8117,2.8465946545,2.6610865163,3.0321027927,0.3710162763999998
8118,2.492955451,2.3381824705999996,2.6477284313999996,0.30954596079999996
8119,3.074659061,2.9970378854,3.1522802366,0.15524235119999963
8120,3.2482592560000003,2.9536605584,3.5428579536,0.5891973951999998
8122,3.1037763204999997,3.0123708487,3.1951817922999997,0.18281094359999983
8124,1.88128885,1.73672811,2.02584959,0.28912147999999993
8125,2.0134673370000002,1.8995780022000002,2.1273566718000003,0.22777866960000015
8126,2.8874894395,2.8674256152999997,2.9075532636999997,0.04012764839999994
8127,2.9687315029999994,2.9375889018,2.9998741041999994,0.06228520239999957
8129,2.5489296999999995,2.41215158,2.68570782,0.27355624
8130,2.7280687399999994,2.6629462360000002,2.7931912439999995,0.13024500799999927
8133,2.6661311504999996,2.5762336106999997,2.7560286902999995,0.17979507959999985
8136,2.9931273029999996,2.8620470242,3.1242075818,0.2621605576000001
8137,2.8009842144999997,2.7650279003000002,2.8369405286999996,0.07191262839999935
8138,2.7693129745000005,2.7206881643,2.8179377847000002,0.0972496204000004
8141,2.351965289,2.1229027734,2.5810278046,0.45812503120000025
8142,2.1906228615,2.0521501169,2.3290956060999997,0.2769454891999996
8143,2.9719956809999997,2.8368155534000006,3.1071758086,0.2703602551999995
8145,2.5719507755,2.4669616652999995,2.6769398857,0.20997822040000047
8150,3.009988348000003,2.8845008871999998,3.1354758088,0.2509749216000001
8151,3.386970910500001,3.0651340747,3.7088077463,0.6436736716000002
8152,2.4773137949999997,2.299595077,2.655032513,0.3554374359999999
8155,2.3419221825,2.3256149095,2.3582294555000005,0.032614546000000466
8156,2.3804011135000005,2.2700270681,2.4907751589000005,0.22074809080000035
8157,3.123323932499999,3.0085767054999994,3.2380711595000005,0.229494454000001
8159,3.367855561000001,3.0719585854,3.6637525366,0.5917939512000001
8166,2.9285555535000003,2.7729401749,3.0841709321,0.31123075720000015
8167,2.810765448,2.7376408272000003,2.8838900688,0.14624924159999964
8168,2.7413100669999997,2.6814840938,2.8011360402,0.11965194639999988
8170,2.6708238545,2.6048377963,2.7368099127,0.13197211640000006
8171,3.3442586455,2.9243013037,3.7642159873,0.8399146836
8172,2.5109669465,2.4083033679,2.6136305251,0.20532715720000017
8173,3.3056626405000005,3.0242424967,3.5870827842999997,0.5628402875999998
8174,2.7169250400000005,2.6473450560000003,2.7865050239999998,0.13915996799999952
8175,2.9123135869999994,2.9037381522,2.9208890218,0.017150869600000007
8176,2.8898303375,2.8894124724999997,2.8902482024999996,0.0008357299999999235
8177,2.8085661175,2.7757273645,2.8414048705,0.06567750600000011
8178,2.825914984,2.7999309776000003,2.8518989904,0.05196801279999974
8179,2.7776982805,2.7324275926999997,2.8229689682999997,0.09054137559999997
8180,2.618043347,2.5089106858,2.7271760082,0.21826532239999974
8181,2.6876606855,2.6063749597,2.7689464112999995,0.16257145159999942
8182,2.7856546449999997,2.7435665029999994,2.8277427869999996,0.08417628400000021
8184,2.9074642644999997,2.9008285587000002,2.9140999703,0.013271411599999894
8185,2.8708279639999996,2.8628091496000003,2.8788467784,0.01603762879999948
8187,2.7646138799999997,2.7141094320000003,2.8151183279999996,0.10100889599999929
8188,2.527719811,2.3824577354,2.6729818866,0.2905241512000001
8191,2.5409728370000004,2.4756669022,2.6062787718,0.13061186960000004
8192,2.4291724535000006,2.3902534721,2.4680914349000003,0.07783796280000033
8193,2.1188382135,1.9313305280999997,2.3063458989,0.37501537080000036
8194,2.2302236994999993,2.1747894196999997,2.2856579793,0.11086855960000008
8195,2.978993684,2.9635779576,2.9944094104,0.03083145279999977
8198,2.873437903,2.8285750642,2.9183007418,0.08972567760000016
8201,2.4490767359999994,2.3566748416000003,2.5414786304,0.1848037887999996
8202,2.902572005,2.739808007,3.065336003,0.32552799599999993
8203,2.6048040980000002,2.4716980588,2.7379101372,0.26621207840000016
8205,1.9219279969999998,1.7832643982000003,2.0605915958,0.2773271975999998
8206,3.0303423319999996,3.0301593992,3.0305252647999996,0.0003658655999996263
8208,2.6465659625,2.6016127475000004,2.6915191775,0.08990642999999965
8209,2.7184596395000002,2.5974854953,2.8394337837,0.24194828840000016
8210,2.993394416,2.9509961824000004,3.0357926496,0.08479646719999945
8213,3.005700851,2.8101547913999996,3.2012469105999997,0.3910921192000001
8214,2.9752627644999996,2.7111798703,3.2393456587000005,0.5281657884000004
8215,2.914452358,2.9049366148,2.9239681011999994,0.01903148639999941
8216,2.8760040440000005,2.8700556615999995,2.8819524263999994,0.011896764799999904
8218,2.621941119,2.5143675666,2.7295146713999996,0.21514710479999977
8219,2.7285139280000004,2.6448598991999996,2.8121679567999998,0.16730805760000012
8221,2.855595935,2.841484309,2.8697075610000002,0.028223252000000087
8222,2.8728584324999997,2.6936706055000004,3.0520462595000004,0.35837565400000004
8223,2.78093248,2.7369554719999996,2.8249094879999994,0.08795401599999986
8224,2.6929144575000006,2.6137302405000002,2.7720986745,0.15836843399999978
8227,2.7154862395,2.6453307353000004,2.7856417437,0.14031100839999944
8228,2.8645189139999996,2.8539764795999996,2.8750613483999996,0.021084868800000045
8229,2.7954594420000003,2.7815328652,2.8093860188,0.02785315360000018
8232,2.526786478,2.4904982868000003,2.5630746692,0.07257638239999986
8233,2.3296057475,2.2292474485000002,2.4299640465000003,0.20071659800000008
8234,2.6010423759999997,2.5058946256000003,2.6961901264,0.19029550079999957
8235,2.8762322025000002,2.8043538834999997,2.9481105215000003,0.1437566380000006
8236,2.7072034449999998,2.555297623,2.859109267,0.30381164400000005
8237,2.611718773000001,2.4908880638,2.7325494821999996,0.24166141839999966
8239,2.9357952784999997,2.7833353899000004,3.0882551671,0.3049197771999994
8242,2.9231067774999997,2.8456578885,3.0005556665,0.15489777800000004
8243,2.535867426,2.4989464556,2.5727883964,0.07384194079999995
8244,2.547872416,2.4144110496,2.6813337823999994,0.26692273279999945
8245,2.157208788,1.9336044728000001,2.3808131032,0.4472086303999998
8246,2.8782474955000006,2.8731964936999996,2.8832984972999998,0.010102003600000131
8247,2.4398249735,2.2594049629,2.6202449840999997,0.3608400211999996
8249,2.6849081185,2.6025213658999995,2.7672948711,0.16477350520000034
8252,2.7355625784999997,2.6734376098999997,2.7976875471,0.1242499372000001
8254,2.629207934,2.5245411075999997,2.7338747603999995,0.20933365279999983
8255,2.7646957005,2.7142239807,2.8151674203,0.10094343959999996
8256,2.760136662,2.7078413267999997,2.8124319972,0.10459067040000036
8257,3.2252032119999994,2.9229760968,3.5274303272,0.6044542304
8260,3.0188580764999995,2.9322681071,3.1054480459000002,0.17317993880000015
8261,3.161755028,3.0629926392,3.2605174167999995,0.19752477759999953
8262,3.0293732955,3.0060118136999994,3.0527347772999995,0.04672296360000017
8263,2.2860819039999996,2.1463991424,2.4257646655999996,0.27936552319999963
8267,2.359888019,2.2099544114,2.5098216266000004,0.29986721520000037
8268,2.6186086660000005,2.5212991996,2.7159181323999997,0.19461893279999964
8269,2.4405864235,2.2442014541,2.6369713929,0.3927699387999999
8270,2.8187481805,2.8138401082999995,2.8236562527,0.00981614440000067
8272,2.4022161020000006,2.3202252612,2.4842069427999998,0.1639816815999997
8275,2.2594528125000006,2.2149095375,2.3039960875,0.08908654999999976
8276,3.043586915,2.895868881,3.1913049490000005,0.29543606800000033
8277,2.677234354,2.6646570123999997,2.6898116956,0.02515468320000025
8280,2.5542905760000005,2.4390103456000003,2.6695708064000003,0.23056046080000003
8281,2.8542347495,2.8142062493,2.8942632497,0.08005700039999963
8282,2.5098031325,2.4037414795000003,2.6158647855,0.21212330599999962
8283,2.4067085809999997,2.2630651486,2.5503520134,0.2872868648
8291,2.8600680665,2.8477452931,2.8723908399,0.024645546799999973
8293,2.7235784654999997,2.6566598517,2.7904970792999997,0.1338372275999995
8294,2.9161494975,2.9060396985,2.9262592965,0.020219598000000172
8296,2.6058117640000003,2.4917864696,2.7198370583999996,0.2280505887999995
8297,2.818429829,2.7894517606,2.8474078973999997,0.05795613679999967
8298,2.9815014055,2.9452508432999998,3.0177519676999998,0.0725011244
8299,2.850436985999999,2.8342617804,2.8666121916,0.03235041119999993
8301,2.061263894,1.9683531363999998,2.1541746516,0.18582151520000023
8302,2.8052710845,2.7454339183000003,2.8651082507,0.1196743323999998
8303,2.606748929,2.5893765006000002,2.6241213574000004,0.03474485680000017
8304,2.2527711185,2.1710894710999997,2.3344527659,0.16336329480000034
8308,2.460001727,2.3999070362,2.5200964178000005,0.12018938160000037
8309,2.327921206,2.2214439236000003,2.4343984884000003,0.21295456479999997
8310,3.153545735999999,2.8496780304000002,3.4574134416,0.6077354111999997
8311,2.2801815075,2.1717333045,2.3886297105,0.21689640600000004
8312,2.8957547819999996,2.7369990948,3.0545104692000002,0.31751137440000043
8318,2.203370196,1.9557069176,2.4510334744,0.49532655680000004
8319,2.740194707,2.6922465898000003,2.7881428242000004,0.09589623440000006
8320,2.567117224,2.5301123344,2.6041221136000003,0.07400977920000029
8321,2.4843925154999997,2.3111339093,2.6576511217000003,0.3465172124000002
8322,1.9061568549999992,1.6554273130000001,2.1568863969999996,0.5014590839999995
8323,2.49138206,2.3315848839999997,2.651179236,0.3195943520000002
8324,2.7996142454999995,2.6413211437,2.9579073473,0.3165862036
8325,2.7660217195,2.7160804072999998,2.8159630317,0.09988262440000018
8328,2.7332462305,2.7266211227,2.7398713383,0.013250215599999837
8330,3.4806702594999988,3.1688295632999997,3.7925109556999996,0.6236813924
8331,2.6685000434999995,2.4836248609,2.8533752261000003,0.36975036520000026
8332,2.1714527099999996,1.898603626,2.444301794,0.5456981679999997
8334,2.8407598065000004,2.8207137291,2.8608058839,0.040092154799999946
8335,2.7768999450000003,2.731309923,2.822489967,0.09118004400000013
8336,2.8687662285,2.8599227199,2.8776097371,0.017687017199999655
8337,2.7725312855,2.7251937997,2.8198687713,0.09467497159999994
8339,2.0503504635,1.7939514780999999,2.3067494489,0.5127979708000003
8340,2.685007019,2.6026598265999996,2.7673542114,0.1646943848000002
8341,2.784694475,2.7422222650000005,2.827166685,0.08494441999999935
8342,2.7574583305,2.7040916627000002,2.8108249982999998,0.10673333559999953
8343,2.0142111595000003,1.7729454957000002,2.2554768233,0.48253132759999984
8345,2.552969294,2.4178070116,2.6881315764,0.2703245648000001
8347,2.3560028955,2.3320409373,2.3799648537,0.047923916400000266
8348,2.554403174,2.4341975044,2.6746088436,0.24041133920000002
8350,2.861476546,2.7486419644,2.9743111276,0.22566916320000008
8351,2.6123138139999997,2.5781126884,2.6465149396,0.06840225119999976
8352,2.815257695,2.757753573,2.8727618169999998,0.11500824399999976
8353,2.4545022495,2.3839165497,2.5250879493,0.14117139960000014
8354,3.1957921605,3.0084022247,3.3831820963,0.3747798715999999
8357,3.3028681204999994,2.9793841687,3.6263520723,0.6469679036000002
8360,2.3834382545000006,2.1723277527,2.5945487563,0.42222100360000026
8362,3.4483505580000005,3.1613131812,3.7353879348,0.5740747535999997
8363,3.0386790804999997,3.0036311127,3.0737270483,0.07009593559999994
8365,2.795776121499997,2.7577365700999996,2.8338156728999997,0.07607910280000008
8367,2.7544376645,2.7519555303,2.7569197987000003,0.0049642684000001935
8372,2.8662077475000003,2.8069108465,2.9255046485000005,0.11859380200000036
8373,2.7652049789999995,2.7627025874,2.7677073705999997,0.00500478319999953
8374,2.8852075895,2.8829406253000003,2.8874745537,0.004533928399999887
8376,2.9035619535,2.8984871721000003,2.9086367349,0.010149562799999678
8377,2.779499945,2.7349499230000003,2.8240499669999997,0.08910004399999938
8378,2.726737209,2.6610820925999996,2.7923923254,0.1313102328000002
8379,2.8788645965,2.7906544351000004,2.9670747579,0.17642032279999942
8380,2.5674760329999997,2.4381164462,2.6968356198,0.25871917359999985
8381,2.7515500504999997,2.6958200707,2.8072800303,0.11145995959999988
8382,2.714979069,2.6967134966,2.7332446414000002,0.03653114480000008
8384,2.818025192,2.7888852687999997,2.8471651151999997,0.05827984640000006
8387,2.526707193,2.4253767158,2.6280376702,0.20266095439999976
8389,2.764538315999999,2.6544760424000002,2.8746005895999995,0.2201245471999993
8390,2.0267591924999993,1.9698587155,2.0836596695,0.11380095399999979
8391,2.901138055,2.846473277,2.9558028330000004,0.1093295560000005
8392,3.729867583000001,3.3990818162000007,4.060653349800001,0.6615715336000001
8393,2.4854368645,2.2782337187,2.6926400103,0.41440629159999975
8394,3.0676899915,2.9813823880999997,3.1539975949,0.1726152068000002
8395,2.9230983284999996,2.8329920599,3.0132045971,0.18021253720000008
8396,2.9562675595,2.8992669832999995,3.0132681357,0.11400115240000064
8397,2.8807266044999995,2.8048032462999997,2.9566499627000002,0.15184671640000058
8399,1.9631302595,1.8712241556999998,2.0550363633,0.1838122076000004
8402,2.6299791145,2.6027659603,2.6571922687,0.05442630839999962
8404,2.19199955,1.93454493,2.44945417,0.5149092400000002
8405,2.4169855050000004,2.2578097070000003,2.576161303,0.31835159599999985
8407,2.1059915265000004,2.0161029159,2.1958801371,0.17977722120000017
8409,2.7550120319999998,2.7006668447999997,2.8093572192,0.10869037440000007
8412,2.032644307,1.7820201842,2.2832684297999997,0.5012482455999996
8416,2.913351144,2.8302732016000003,2.9964290864000005,0.1661558848000002
8418,2.729665283,2.6651813962,2.7941491698,0.1289677735999999
8420,2.6943928845000005,2.6158000383,2.7729857307,0.1571856923999997
8423,2.8489700585,2.7911272818999997,2.9068128351,0.11568555320000051
8425,2.993300858,2.9617924012000003,3.0248093147999997,0.06301691359999939
8426,2.7225892994999996,2.6552750193,2.7899035797,0.13462856039999993
8428,2.9042365999999995,2.89889196,2.90958124,0.010689280000000245
8429,2.9079943894999998,2.9011466337000003,2.9148421453,0.013695511599999932
8430,2.5598604185,2.4018326511,2.7178881859,0.31605553480000026
8432,2.4051961115,2.2958141561,2.5145780669,0.2187639107999999
8433,2.192655039500001,2.0348926237000002,2.3504174553,0.3155248315999999
8434,2.6072531325000003,2.4745479855,2.7399582795,0.26541029400000005
8435,3.004143746,2.9735560444,3.0347314475999996,0.06117540319999959
8436,2.9046953254999996,2.7146994557,3.0946911953,0.3799917395999999
8438,2.2148083280000006,2.1444645968000002,2.2851520592,0.14068746239999985
8439,2.4681831610000002,2.2955170966000003,2.6408492253999998,0.3453321287999995
8441,2.3380386974999996,2.1026560185,2.5734213765,0.47076535799999997
8443,2.757601595,2.706870233,2.808332957,0.10146272400000012
8444,2.9882608085,2.9438091319,3.0327124851,0.08890335319999965
8447,2.0422968285000005,1.7377040971,2.3468895599,0.6091854628000002
8448,2.4880478749999995,2.419298725,2.556797025,0.13749829999999985
8449,2.0291055595,1.8537461357,2.2044649833,0.35071884759999983
8450,2.8563971299999995,2.7522643819999995,2.960529878,0.20826549600000055
8451,2.4710748665,2.2809665198999998,2.6611832131,0.3802166932000004
8452,3.1104926634999996,2.9693845289,3.2516007980999997,0.28221626919999965
8453,2.8804867929999993,2.7907575101999997,2.9702160758000002,0.1794585656000005
8456,2.7331253849999992,2.6700255389999996,2.7962252309999998,0.12619969200000014
8457,2.855478185,2.757913459,2.953042911,0.19512945199999976
8458,2.9526897005,2.9279638203,2.9774155807,0.04945176039999977
8459,2.7614446045000003,2.7096724463,2.8132167627,0.10354431640000028
8460,3.0338932825000002,2.9692269955,3.0985595694999994,0.1293325739999993
8461,2.863362366,2.8524421124000003,2.8742826195999998,0.021840507199999415
8462,2.437521570500001,2.2561801986999996,2.6188629423,0.3626827436000002
8464,2.7943772919999996,2.7037702088,2.8849843751999997,0.18121416639999977
8465,2.899446388,2.8960178327999997,2.9028749431999996,0.006857110399999922
8466,2.6593650875,2.5667611224999995,2.7519690525,0.18520793000000024
8468,2.8144698535,2.7197561949,2.9091835121000003,0.18942731720000028
8470,3.051333799,2.9847689186000004,3.1178986794,0.13312976079999972
8471,2.9792639329999995,2.8784891061999995,3.0800387598,0.20154965360000032
8472,2.5833716804999995,2.5493971527,2.6173462083000003,0.0679490556000002
8475,3.2404203015,3.0404036221,3.4404369809000004,0.40003335880000046
8476,2.9783832895,2.8456646052999996,3.1111019737,0.2654373684000002
8479,3.1392302045,3.0526998863,3.2257605227,0.1730606363999998
8482,2.6959613735,2.6396471228999996,2.7522756240999997,0.11262850120000012
8483,2.407098885,2.3127149310000004,2.5014828390000003,0.18876790799999998
8486,2.2784143854999996,2.2100470313,2.3467817397,0.13673470840000013
8487,2.9378074835000003,2.9328356769,2.9427792901,0.009943613199999923
8488,3.3122341140000007,3.1154425596,3.5090256684,0.39358310880000014
8489,2.6670982160000007,2.6296803024,2.7045161296000004,0.07483582720000026
8493,2.3372940030000002,2.2544028042,2.4201852018,0.1657823975999997
8495,2.6942307010000004,2.6155729814,2.7728884205999997,0.15731543919999957
8496,2.838448326499999,2.7673700571,2.9095265959,0.14215653880000012
8497,2.7641994505,2.7135292307,2.8148696703,0.10134043959999994
8501,2.6563184389999996,2.5624958145999996,2.7501410634,0.18764524880000044
8504,2.4963657004999997,2.3715510203,2.6211803807000003,0.24962936040000017
8505,2.2195850669999997,2.0686050402,2.3705650938,0.3019600535999998
8506,3.4571360474999997,3.1866488664999997,3.7276232284999997,0.540974362
8507,2.8016417094999997,2.6802887933,2.9229946257,0.2427058324
8511,3.198081714499999,2.8648408002999997,3.5313226287,0.6664818284000003
8512,3.093035237,3.0327693318,3.1533011421999997,0.12053181039999972
8513,2.3638049509999997,2.2547097706,2.4729001314000003,0.21819036080000043
8514,2.9109909060000003,2.8028776684000003,3.0191041436,0.2162264751999996
8515,2.0365636190000007,1.9297881713999998,2.1433390666000003,0.21355089520000048
8517,2.424580909,2.4231677454,2.4259940726,0.0028263272000002004
8518,3.11719766,2.922600324,3.3117949959999997,0.3891946719999999
8519,3.353871184,3.0619456576,3.6457967104,0.5838510528
8520,2.0781357194999996,1.9296686317,2.2266028073,0.2969341755999999
8521,2.705490576,2.6395592064,2.7714219456,0.13186273920000025
8522,2.0835580665,1.8465496399,2.3205664931000003,0.4740168532000002
8525,2.060077613,1.8004653678,2.3196898582,0.5192244903999998
8526,2.8694121829999997,2.8608270561999998,2.8779973098,0.01717025360000024
8527,2.6657636709999992,2.5757191394,2.7558082026,0.18008906320000007
8528,3.009243783,2.8846100962000003,3.1338774698000003,0.24926737359999995
8530,2.5896644574999996,2.4691802405,2.7101486745,0.240968434
8531,2.8468138764999997,2.8291894271,2.8644383259,0.03524889879999993
8533,2.375707271,2.0839497793999997,2.6674647626,0.5835149832000002
8534,2.1192493375000003,1.9830548025,2.2554438725,0.2723890699999998
8535,2.825441747499999,2.7028752465,2.9480082485,0.24513300199999977
8537,2.912608125,2.712959775,3.1122564749999997,0.39929669999999984
8539,2.9440276950000004,2.8818827729999996,3.006172617,0.1242898440000002
8541,2.708753283,2.6359045962,2.7816019697999996,0.14569737359999957
8544,2.9326809555,2.9159585733,2.9494033376999997,0.03344476439999955
8545,2.904072832,2.8987936992,2.9093519648,0.010558265599999839
8546,2.7495495915,2.6930194281,2.8060797549,0.11306032679999989
8548,2.764055484,2.7133276776,2.8147832904,0.1014556127999997
8549,2.7404612604999996,2.6802957646999994,2.8006267562999994,0.12033099159999994
8550,2.9408549735000005,2.7888657629,3.0928441841,0.30397842120000007
8551,2.8686457979999997,2.8597541172,2.8775374788,0.017783361599999825
8552,2.7641489310000003,2.7621537586,2.7661441034000003,0.003990344800000489
8553,2.3041687145,2.2367232287000003,2.3716142003000003,0.13489097159999996
8556,3.007676645,2.9068585030000005,3.108494787,0.20163628399999967
8557,2.1935887194999997,2.0801944317,2.3069830073,0.2267885756000001
8558,2.165528393,1.9196302358,2.4114265502,0.49179631439999993
8559,2.17998113,2.101144278,2.258817982,0.15767370400000003
8560,2.8197960495,2.7371128693,2.9024792297,0.16536636039999975
8561,2.1501682265,2.1379017359000003,2.1624347171,0.024532981199999693
8562,2.896632377,2.8487889278,2.9444758261999997,0.09568689839999989
8564,3.4082693930000008,3.1164019502,3.7001368358000004,0.5837348856000002
8565,2.9446260400000006,2.805870056,3.083382024,0.2775119680000002
8566,2.5992650294999997,2.5234030176999998,2.6751270412999997,0.15172402359999992
8569,2.77010421,2.7396805259999994,2.800527894,0.06084736800000057
8571,2.5138739145,2.4461047487000003,2.5816430803,0.13553833159999984
8572,2.108239136,1.9533206816000002,2.2631575904,0.3098369087999999
8573,2.3755282170000007,2.2702885302,2.4807679038,0.2104793735999997
8574,2.8406532115,2.7877176960999996,2.8935887269,0.10587103080000038
8578,2.464464532,2.3421675192,2.5867615448000003,0.2445940256000001
8580,2.5820036965,2.4584551751,2.7055522179000002,0.2470970428000001
8581,2.820925795,2.7929461129999997,2.8489054769999997,0.05595936400000001
8583,2.752041864000001,2.6965086096,2.8075751184,0.11106650880000002
8584,2.8142280664999997,2.7835692931,2.8448868398999996,0.06131754679999979
8585,2.738716555,2.6778531769999994,2.799579933,0.1217267560000006
8586,2.7527380569999997,2.6974832798,2.8079928342,0.11050955439999965
8587,2.6778330235000003,2.5926162328999998,2.7630498141,0.17043358120000018
8588,2.6578756035,2.5646758449000004,2.7510753621,0.18639951719999948
8590,2.7233487310000006,2.6563382234,2.7903592386,0.13402101519999965
8591,2.6946570329999995,2.6161698462,2.7731442198,0.15697437359999977
8592,2.795802947999999,2.7577741272000003,2.8338317687999997,0.07605764159999939
8594,3.0248581464999997,2.7492474050999998,3.3004688879,0.5512214828000004
8599,2.5016799245000008,2.3709007547,2.6324590942999997,0.26155833959999963
8600,2.8465247469999984,2.6856498458,3.0073996481999994,0.3217498023999994
8601,2.6667564049999997,2.6121537669999997,2.721359043,0.1092052760000004
8602,2.1583648545,2.0073037127,2.3094259963,0.3021222835999997
8604,2.879469282,2.7414525948,3.0174859692,0.27603337439999986
8605,2.789376814,2.7529407396,2.8258128884000002,0.07287214880000015
8608,2.1404608605,1.8800085163,2.4009132047,0.5209046884000001
8609,2.684914178,2.6032074492000006,2.7666209068,0.16341345759999948
8611,2.914437027,2.7986586378000005,3.0302154162,0.23155677839999944
8612,2.6989554375000004,2.6468604125,2.7510504625,0.1041900499999997
8613,2.8237395165000003,2.6380385231,3.0094405099,0.37140198680000003
8616,2.4167333875000003,2.3537412325000004,2.4797255425,0.12598430999999977
8617,2.6402800309999996,2.5407196434,2.7398404186,0.19912077519999993
8618,2.6729711574999997,2.5858096204999996,2.7601326944999998,0.17432307400000013
8619,2.7948291429999994,2.7564108002,2.8332474858,0.07683668560000001
8620,2.9187191155,2.9075814692999997,2.9298567617,0.022275292400000257
8621,2.7568325105,2.7032155147,2.8104495063000003,0.10723399160000024
8623,2.8138996045000013,2.7420286463,2.8857705627000003,0.14374191640000022
8626,2.7357508495000005,2.6737011893,2.7978005097,0.12409932040000005
8627,2.658811407999999,2.5659859711999995,2.7516368447999997,0.1856508736000002
8629,2.64517919,2.546900866,2.7434575139999997,0.1965566479999996
8630,2.3286777560000003,2.1192710536000003,2.5380844584,0.41881340479999984
8631,2.6463339815000007,2.5312099889,2.7614579741,0.23024798519999967
8633,2.8055881310000004,2.7703021834,2.8408740785999997,0.07057189519999962
8635,2.6138734055,2.4985439677000003,2.7292028433,0.23065887559999965
8637,3.433456050999999,3.1707548713999993,3.6961572305999995,0.5254023592000001
8642,2.4823718719999994,2.4191119232,2.5456318207999997,0.1265198975999997
8643,2.758558071,2.7078944994,2.8092216426,0.1013271431999998
8644,2.1736665905,2.0305879543,2.3167452266999997,0.28615727239999966
8646,2.823645734,2.7242752275999997,2.9230162404,0.19874101280000023
8647,2.2886934119999993,2.2179288472,2.3594579768,0.14152912959999986
8649,2.908294041,2.7933880574,3.0232000245999995,0.2298119671999994
8650,2.6794331360000005,2.5948563904000004,2.7640098816,0.16915349119999945
8651,2.7487796055000007,2.7440342477,2.7535249633000003,0.009490715600000144
8652,2.6992545380000004,2.5392003532,2.8593087228000003,0.3201083696000002
8653,2.7894518845,2.7488826383000005,2.8300211307,0.0811384923999996
8654,2.961431763000002,2.9332090577999996,2.9896544682,0.056445410400000284
8655,2.9134441359999994,2.9044164816,2.9224717904,0.018055308799999725
8656,2.1575558060000004,1.8589522836,2.4561593284,0.5972070448
8657,2.616677637,2.5069986918000002,2.7263565821999998,0.21935789039999953
8658,2.917423371,2.9068040226,2.9280427194000005,0.021238696800000678
8659,2.857433363,2.8440567081999997,2.8708100177999993,0.026753309599999664
8660,2.876171614,2.8702902596,2.8820529683999996,0.011762708799999633
8662,2.9247825015,2.9105419009,2.9390231021,0.028481201199999973
8663,2.661606134,2.5698985875999996,2.7533136804,0.18341509280000023
8664,2.1803288609999996,1.9039293166,2.4567284054000003,0.5527990888000003
8666,2.7184969245,2.5994360942999997,2.8375577547,0.2381216604000005
8668,1.9931981715000002,1.8641329029000002,2.1222634401,0.25813053719999957
8669,2.4155893375,2.3378732025000004,2.4933054725000003,0.15543226999999993
8670,3.008688266,2.9810811724,3.0362953596,0.05521418719999982
8672,2.0051965085000005,1.8758203051000002,2.1345727119,0.2587524068
8673,2.8347568770000002,2.7044424277999997,2.9650713262,0.26062889840000025
8674,2.248048775999999,2.1414300656,2.3546674864,0.21323742080000008
8675,2.2643621165,2.0496616699,2.4790625631,0.42940089319999997
8676,2.2646286829999998,2.2066192098,2.3226381562,0.1160189464000001
8680,2.3473111829999995,2.3408035097999997,2.3538188561999998,0.013015346400000016
8682,2.9014728265000005,2.8524875571,2.9504580958999997,0.09797053879999984
8686,2.8739174825,2.7429392755,3.0048956895000005,0.2619564140000006
8691,1.9029654255000001,1.7375112553000003,2.0684195957,0.3309083403999997
8692,2.857738054,2.8444832756,2.8709928324,0.02650955679999978
8693,2.9560088755,2.8601888256999994,3.0518289253,0.19164009960000072
8694,2.901674095000002,2.8225877329999998,2.980760457,0.15817272400000038
8696,2.8288019644999998,2.6633895503000002,2.9942143786999997,0.3308248283999995
8699,2.6582003045,2.5651304262999997,2.7512701827,0.18613975640000024
8700,2.929827974,2.9142467844,2.9454091636,0.03116237919999998
8701,2.7255262174999997,2.6593867045,2.7916657305,0.13227902599999997
8702,2.6238799479999995,2.5170819272,2.7306779688000002,0.21359604160000023
8704,2.450822906,2.2748020684,2.6268437436,0.35204167519999974
8705,2.833324641,2.8103044973999998,2.8563447845999996,0.04604028719999986
8706,2.40822572,2.2151660079999997,2.6012854319999996,0.3861194239999999
8707,2.5893313685,2.4167059158999997,2.7619568211,0.34525090520000035
8708,2.9061839364999993,2.9000603618999996,2.9123075111000003,0.012247149200000695
8709,2.6856548065000005,2.5891647291,2.7821448839000005,0.1929801548000003
8712,2.5229319935,2.4585411961,2.5873227909,0.12878159479999995
8715,2.0095741920000005,1.8749961152,2.1441522688,0.2691561536
8717,2.656173024,2.6234058144,2.6889402336,0.06553441920000003
8718,2.061391063,1.8464778378,2.2763042882000004,0.42982645040000045
8720,2.7193017414999994,2.6160700380999997,2.8225334448999995,0.20646340679999975
8721,2.278836536999999,2.0196171221999997,2.5380559517999997,0.5184388296
8723,2.2302123355,1.9838810013,2.4765436697000003,0.4926626684000004
8725,2.7466268304999994,2.7410203627,2.7522332983,0.01121293560000014
8731,1.9387664429999998,1.8438382658,2.0336946202000004,0.18985635440000026
8732,2.7032915395,2.5276789553000003,2.8789041237000004,0.35122516840000007
8733,2.6143926470000003,2.4831695881999996,2.7456157057999997,0.26244611760000014
8734,2.9132914640000003,2.9043248783999998,2.9222580496,0.017933171200000153
8735,2.807630682,2.7743329547999998,2.8409284091999996,0.06659545439999981
8737,2.7294269145,2.6648476802999994,2.7940061487,0.12915846840000045
8738,2.7895753835000003,2.7490555369,2.8300952300999995,0.08103969319999971
8739,2.659389386,2.5667951403999996,2.7519836316,0.18518849120000036
8742,2.6868290505,2.6052106706999996,2.7684474302999997,0.16323675960000017
8743,2.831338163,2.7241174282000005,2.9385588977999997,0.2144414695999992
8745,2.708371162,2.6353696267999998,2.7813726971999997,0.14600307039999993
8746,2.8549265845000007,2.8405472183000002,2.8693059507,0.028758732399999598
8747,2.8188904004999995,2.7900965607,2.8476842403,0.05758767960000011
8748,2.7561136425000003,2.7022090994999997,2.8100181855,0.1078090860000005
8749,2.902806934500001,2.8980341606999995,2.9075797082999997,0.009545547600000148
8750,2.4684052599999995,2.343465556,2.5933449640000004,0.2498794080000004
8755,2.940744042,2.8945416588,2.9869464252,0.09240476640000006
8756,3.2377229924999997,2.9761497895000004,3.4992961955,0.5231464059999995
8757,2.7184404235,2.6817485928999996,2.7551322541000003,0.07338366120000073
8758,2.9609433875000004,2.9537644325,2.9681223425,0.014357910000000196
8759,2.6993228,2.50026232,2.8983832800000005,0.3981209600000004
8761,2.3196622034999996,2.2210453220999997,2.4182790849,0.19723376280000027
8762,2.466807011999999,2.4209978072,2.5126162168,0.09161840960000012
8765,2.2573083975000015,2.2195998385,2.2950169565,0.07541711799999984
8768,2.4159943354999998,2.3838830013,2.4481056697,0.0642226683999998
8771,2.6418447335,2.5698422269,2.7138472401000002,0.14400501320000014
8772,2.068377429,1.8566264574,2.2801284006,0.42350194320000023
8774,1.9428936645,1.9410973987,1.9446899302999998,0.0035925315999998375
8776,2.133244276,2.0943901656,2.1720983864,0.07770822079999995
8777,3.0657744945000003,2.8896614923000006,3.2418874967,0.3522260043999994
8778,2.3609179675,2.1669715805000003,2.5548643545,0.38789277399999955
8780,2.9388122084999995,2.8514242919,3.0262001251,0.1747758332
8781,2.8448541704999997,2.7744378386999995,2.9152705023,0.14083266360000035
8782,2.8560874835,2.8421724769,2.8700024900999996,0.02783001319999956
8783,2.8230172295,2.7958741213,2.8501603376999998,0.054286216399999976
8785,2.6942277445,2.6155688423000005,2.7728866467,0.15731780439999943
8786,2.99446331,2.9717375859999997,3.017189034,0.045451448000000116
8788,2.8627479120000006,2.8104162768000003,2.9150795472000004,0.10466327040000012
8789,2.692041271,2.6125077793999996,2.7715747625999994,0.1590669831999998
8791,2.8933708845000004,2.8923725306999994,2.8943692382999995,0.001996707600000036
8792,2.6976083209999997,2.5682936494,2.8269229926,0.2586293432
8793,2.710032166,2.5856870324,2.8343772996000003,0.2486902672000002
8795,2.8095188935,2.7445860508999997,2.8744517360999997,0.12986568519999997
8797,2.5080110269999993,2.3887366162,2.6272854378,0.2385488215999998
8798,2.622407962,2.5344855467999996,2.7103303772,0.17584483040000043
8800,2.2049408625000004,2.1253517175,2.2845300075,0.15917828999999983
8801,2.527588886,2.4019425316,2.6532352404,0.2512927087999999
8802,2.569310216,2.4727929295999997,2.6658275024,0.19303457280000025
8803,2.3602052495000003,2.1577383497,2.5626721493000004,0.40493379960000064
8805,3.1581944170000003,2.9027833838000006,3.4136054502000004,0.5108220663999998
8806,2.8383076929999995,2.8089515702,2.8676638158000003,0.05871224560000021
8809,2.6992177775000004,2.6424504884999998,2.7559850665,0.11353457800000033
8810,2.434128587,2.2815799522,2.5866772218,0.30509726960000005
8811,2.949477395,2.926036437,2.972918353,0.0468819159999998
8812,2.894464133,2.8771901862000004,2.9117380798,0.03454789359999966
8814,1.9869332255000003,1.8076883353,2.1661781157,0.35848978040000024
8815,2.7720071175,2.7244599644999994,2.8195542705,0.09509430600000046
8816,2.8565285045,2.8427899063,2.8702671026999997,0.02747719639999957
8817,2.8953001279999997,2.8935300768000003,2.8970701792,0.0035401023999996895
8818,2.8392471835,2.8185960568999997,2.8598983100999997,0.04130225320000003
8819,2.4980091505,2.3408628107,2.6551554903,0.31429267959999985
8820,2.837561211,2.7437568954,2.9313655266,0.18760863120000026
8821,2.7591230155,2.7064222216999996,2.8118238093,0.10540158760000029
8822,2.7277184369999996,2.6624558117999997,2.7929810621999995,0.13052525039999985
8823,2.9073482604999996,2.8305315647000002,2.9841649563,0.15363339159999967
8825,2.1172107694999998,2.0828410772999995,2.1515804616999996,0.06873938440000016
8826,2.3117073115,2.1108423869,2.5125722361,0.4017298492000001
8827,2.3335930905000004,2.2370418543,2.4301443267,0.19310247239999967
8828,2.8568647449999998,2.7698326429999995,2.9438968469999995,0.174064204
8833,2.7058552705,2.5616333787,2.8500771623,0.2884437836
8834,1.9733997469999995,1.8952486482,2.0515508458,0.15630219760000008
8835,2.4638036404999997,2.3763233843,2.5512838966999998,0.17496051239999977
8836,2.9541750784999996,2.8640883099,3.0442618470999996,0.1801735371999995
8839,2.1871943970000003,1.8962102382000001,2.4781785558,0.5819683175999999
8840,2.2684065945,2.0162475566999998,2.5205656323,0.5043180756000001
8841,2.4512443649999995,2.297193419,2.6052953110000003,0.30810189200000027
8843,2.1213713145,1.9070223887,2.3357202403,0.4286978516000002
8844,2.133681659,1.9806433954,2.2867199226,0.3060765272000001
8845,2.7834665075,2.6899335105,2.8769995044999996,0.18706599399999968
8846,3.2952032935,2.9813374109,3.6090691761000007,0.6277317652000005
8848,2.5084783219999998,2.3555196508,2.6614369932,0.30591734240000035
8849,2.800237466,2.7639824524,2.8364924795999995,0.07251002719999944
8850,2.8419048155000004,2.8223167417000004,2.8614928893,0.039176147599999656
8851,2.762621571,2.7113201994,2.8139229425999996,0.10260274319999985
8852,2.7075355675000004,2.6341997945,2.7808713404999996,0.14667154599999943
8854,2.663170298,2.5720884172000003,2.7542521788,0.18216376159999959
8855,2.7983601055000005,2.7202733476999996,2.8764468633,0.15617351560000037
8856,2.812290725,2.7808570150000005,2.843724435,0.06286741999999945
8857,2.754775375499999,2.7003355257,2.8092152253,0.1088796996000001
8860,2.2007209205,2.1940005523000004,2.2074412887,0.013440736399999764
8861,3.103193283,2.7092993962000005,3.4970871697999995,0.787787773599999
8862,2.283543585,2.159955751,2.407131419,0.24717566800000013
8864,2.0442834324999994,1.8653024594999998,2.2232644054999997,0.35796194599999986
8866,2.923612535,2.751814349,3.095410721,0.3435963719999999
8867,2.596181076,2.5271646456,2.6651975063999997,0.13803286079999966
8869,2.6153318244999997,2.5299138947,2.7007497543,0.17083585959999992
8870,2.424375147,2.2452342882,2.6035160057999995,0.3582817175999997
8871,2.9731283195000002,2.8535204472999998,3.0927361917000002,0.23921574440000049
8873,2.87281603,2.864797218,2.880834842,0.016037623999999973
8874,2.3271354520000003,2.1923944711999996,2.4618764327999996,0.26948196159999993
8875,2.3124349465,2.1924097679,2.4324601251,0.2400503571999999
8876,2.7841225789999995,2.6121980106000002,2.9560471473999996,0.3438491367999994
8877,2.299095696,2.1503002176,2.4478911744,0.29759095680000014
8878,2.2149847259999995,2.0730028356,2.3569666164,0.28396378079999973
8880,2.1982623625000004,2.0510134175,2.3455113075,0.2944978899999997
8881,2.0888850554999996,1.9131310333,2.2646390777,0.35150804440000005
8885,3.0340951665,2.9559692331,3.1122210999,0.15625186680000036
8889,2.4953959304999995,2.3726179583,2.6181739026999997,0.2455559443999995
8890,2.6778699074999994,2.5926678704999997,2.7630719445,0.17040407400000035
8891,2.8755986095000003,2.8694880533000005,2.8817091657,0.012221112399999345
8894,2.0638056535000002,1.8027021921,2.3249091149,0.5222069228000001
8896,2.850704488,2.8346362832,2.8667726927999997,0.03213640959999964
8897,2.9666944440000003,2.9663018216,2.9670870664,0.0007852447999998624
8898,2.8491218754999994,2.8324206256999997,2.8658231252999995,0.033402499599999746
8899,2.6627529910000005,2.6241897874,2.7013161946000004,0.07712640720000019
8900,2.6991670360000004,2.6224838504,2.7758502216,0.15336637119999974
8901,2.8437425589999994,2.8248895826,2.8625955353999997,0.037705952799999665
8902,2.8355987535,2.8134882548999998,2.8577092521,0.044220997200000056
8903,2.752683758,2.6974072612,2.8079602547999998,0.11055299359999982
8904,2.761299680999998,2.7094695534,2.8131298086,0.10366025519999988
8905,2.7914384945,2.7516638923,2.8312130966999995,0.07954920439999968
8909,2.9587972665,2.8517561731,3.0658383599000003,0.21408218680000024
8910,2.4499519485000003,2.2706027691000004,2.6293011279000003,0.3586983587999999
8911,2.2488431005,2.0185046603,2.4791815407,0.4606768803999999
8912,2.416342428,2.3194018568000003,2.5132829992,0.19388114239999954
8913,2.039172444,1.9086658663999998,2.1696790216,0.2610131552000001
8914,3.137994687,2.8948989618,3.3810904122,0.4861914503999998
8915,2.875443839,2.8195861746000004,2.9313015034,0.11171532879999946
8917,3.0516458315,2.7306849641000004,3.3726066989000003,0.6419217347999999
8918,2.3533404544999996,2.2541758727000003,2.4525050363,0.19832916359999953
8919,2.6182582415000004,2.5763839381,2.6601325449,0.08374860679999996
8920,2.7601047285,2.7160190199,2.8041904371,0.08817141719999988
8921,2.8940892249999997,2.792579715,2.9955987349999997,0.20301901999999972
8924,2.4251905945,2.3364463567,2.5139348323,0.17748847560000014
8925,2.7048764260000002,2.6605421964000002,2.7492106555999998,0.08866845919999955
8926,2.3118249045000008,2.1683769427,2.4552728663,0.28689592359999994
8927,2.696331062,2.6322590867999995,2.7604030372,0.1281439504000006
8928,2.786743396500001,2.7450907551,2.8283960378999997,0.0833052827999996
8929,2.7330194365000002,2.6698772110999998,2.7961616619,0.12628445080000006
8931,2.492935547,2.3337597658,2.6521113281999997,0.31835156239999973
8934,2.883876264499999,2.8810767703,2.8866757587,0.00559898840000006
8935,2.8898615985,2.8894562379,2.8902669591,0.0008107211999996977
8937,2.618983765,2.5102272709999998,2.7277402589999995,0.21751298799999974
8938,3.0092169854999997,2.9618801912999997,3.0565537797,0.09467358840000051
8940,2.9911296944999997,2.8190163723,3.1632430167,0.34422664439999995
8942,3.1107370115,2.8848934161,3.3365806068999997,0.4516871907999995
8947,2.113419497999999,1.9335028987999998,2.2933360972,0.3598331984000003
8950,2.884697832,2.7928537648,2.9765418991999995,0.18368813439999965
8951,3.17141944,2.9454244160000003,3.397414464,0.45199004799999987
8952,2.6734564315,2.6128318041,2.7340810589,0.12124925480000037
8953,2.8399775435000003,2.7793645609,2.9005905261,0.12122596519999984
8954,2.854518221000001,2.8399755094,2.8690609325999996,0.029085423199999738
8956,2.964964758,2.9023506612,3.0275788548,0.12522819360000037
8957,2.8285912489999996,2.8107373485999996,2.8464451493999996,0.03570780080000002
8958,2.6024554325,2.5415204055,2.6633904595,0.12187005399999995
8959,2.7292950495,2.5921842692999997,2.8664058296999997,0.2742215604
8962,2.7379361744999997,2.6767606443,2.7991117047,0.12235106040000021
8965,2.6179751775,2.4780948485,2.7578555065,0.27976065799999983
8966,2.8591745085,2.6726127119,3.0457363050999997,0.3731235931999999
8967,2.7323628029999996,2.6689579242000003,2.7957676817999997,0.12680975759999935
8969,2.8320636015000002,2.6582974421,3.0058297608999998,0.3475323187999999
8970,2.595761470500001,2.5543316823,2.6371912587,0.08285957640000019
8974,2.6934541000000003,2.6163957399999997,2.77051246,0.1541167200000002
8976,2.5686397034999997,2.5333274220999997,2.6039519848999997,0.07062456279999996
8977,2.2284477785,2.0885242671,2.3683712899,0.27984702279999984
8978,2.2884386965,2.0542564179,2.5226209750999997,0.4683645571999997
8979,2.7111201155,2.6169125616999995,2.8053276693,0.18841510760000046
8981,2.5074669714999995,2.3571569829,2.6577769601,0.3006199772000002
8982,2.7181196040000004,2.4790094456000005,2.9572297624,0.47822031679999943
8983,2.1558709725000003,1.9845669835000002,2.3271749615,0.34260797799999976
8984,2.8701438975,2.8189282564999996,2.9213595385000004,0.10243128200000085
8988,2.64109734,2.541186276,2.741008404,0.1998221280000001
8989,3.038787421,2.9240707894,3.1535040526,0.22943326320000024
8990,2.585207512,2.4629405168,2.7074745071999997,0.2445339903999999
8996,2.6459797849999998,2.548021699,2.743937871,0.195916172
8998,2.8452064555,2.6915250377,2.9988878733,0.3073628356000002
8999,2.7001454045000006,2.6238535662999998,2.7764372427,0.15258367640000037
9000,2.4743469995000003,2.3077357993,2.6409581997,0.33322240039999995
9001,2.8891280700000004,2.8884292979999997,2.8898268419999997,0.0013975440000000283
9002,2.8318997534999992,2.8083096549,2.8554898520999994,0.04718019719999944
9003,2.1455259835,1.8517343901,2.4393175769,0.5875831868000001
9004,2.7317775854999997,2.6681386197,2.7954165512999998,0.12727793159999967
9005,2.9305920254999998,2.9147052152999997,2.9464788357,0.03177362040000009
9006,2.5993185034999997,2.5874743049,2.6111627020999997,0.02368839719999949
9007,2.727213794500001,2.6617493122999996,2.7926782767,0.13092896440000024
9008,2.8798597535,2.7816304549,2.9780890521000005,0.19645859720000036
9010,3.1470071245,2.8984111743,3.3956030747,0.49719190039999983
9011,2.217608013,2.0815400077999997,2.3536760182,0.27213601040000013
9012,2.474147361,2.4271528166,2.5211419054,0.0939890887999999
9013,2.4478462165000003,2.2485573299,2.6471351031,0.3985777732
9014,1.7852433179999998,1.5863903908,1.9840962451999997,0.3977058543999996
9015,2.7460065055000005,2.7361399076999997,2.7558731033000003,0.01973319560000064
9016,2.466940243,2.3170377458,2.6168427401999996,0.29980499439999964
9018,2.2005018064999997,1.9895526839000002,2.4114509291000004,0.4218982452000002
9019,2.143870728,2.0252992368000005,2.2624422192,0.23714298239999954
9020,2.543955346,2.5425442844000004,2.5453664076,0.0028221231999996377
9021,2.3502110384999977,2.2047026231,2.4957194539,0.29101683079999985
9024,3.1238053669999997,2.9935675138,3.2540432202,0.26047570639999984
9027,2.9318377105,2.7801351947,3.0835402263000002,0.3034050316000001
9028,2.6605535335,2.5588025201,2.7623045469,0.20350202679999985
9030,2.7152280414999987,2.4716180581000002,2.9588380249,0.4872199667999997
9031,2.4917315390000003,2.3524749234,2.6309881546000002,0.27851323120000027
9032,3.3771813019999994,3.0048234228,3.7495391812,0.7447157583999999
9033,2.9133589329999996,2.8857601062,2.9409577598,0.05519765360000006
9034,2.7367939319999994,2.6751615047999997,2.7984263591999996,0.1232648543999999
9036,3.030221884500001,2.8806810382999997,3.1797627307,0.29908169240000015
9037,2.5192193724999985,2.4753355215,2.5631032234999997,0.08776770199999984
9038,1.9932239084999999,1.7603531450999998,2.2260946719,0.4657415268
9039,2.8913034134999998,2.8842883789,2.8983184481,0.01403006919999994
9040,2.7594136935,2.6803795708999996,2.8384478161000004,0.15806824520000085
9041,2.8798622935,2.8198532109000003,2.9398713760999997,0.12001816519999942
9042,2.801398537,2.7656079518000003,2.8371891222,0.07158117039999956
9043,2.9343954300000004,2.8820228020000003,2.986768058,0.10474525599999973
9044,2.7688280745,2.7225873043,2.8150688447,0.09248154039999967
9045,2.8465865564999997,2.8288711791,2.8643019339,0.03543075480000013
9048,2.7851400309999996,2.7428460433999997,2.8274340185999995,0.08458797519999983
9049,2.7882820780000004,2.7472449092,2.8293192467999995,0.08207433759999949
9050,2.8521729864999994,2.8366921810999997,2.8676537918999996,0.030961610799999928
9051,2.7465096825,2.6887635554999996,2.8042558095,0.1154922540000003
9053,2.961158852499999,2.9330453115,2.9892723935,0.05622708199999993
9054,2.8030598865,2.7679338410999996,2.8381859319,0.07025209080000039
9055,2.587953786500001,2.5194709011000005,2.6564366719000003,0.13696577079999983
9057,3.6291817340000003,3.3969780276,3.8613854404000008,0.46440741280000086
9058,2.8826794134999996,2.8128043789,2.9525544481,0.13975006919999977
9059,2.3488143455000006,2.2612938073,2.4363348837000003,0.17504107640000033
9060,2.1971783275,2.1120321965,2.2823244585,0.17029226200000025
9061,2.153377292,2.0078915752,2.2988630087999997,0.2909714335999998
9062,2.84028205,2.6593372700000004,3.02122683,0.3618895599999994
9063,2.3956593585,2.2392940151,2.5520247018999997,0.3127306867999997
9064,3.3156619654999995,3.0176827516999998,3.6136411792999996,0.5959584275999998
9065,1.9845111265000002,1.8430218758999999,2.1260003771,0.2829785012000001
9067,2.3509783734999994,2.1315714241,2.5703853229,0.4388138987999999
9068,3.2543878249999993,2.9679601549999997,3.540815495,0.5728553400000003
9070,2.7113376445,2.5884003023,2.8342749866999997,0.2458746843999995
9072,2.4934896205,2.3749113722999997,2.6120678686999996,0.23715649639999992
9073,3.1635466009999997,2.9652656414000003,3.3618275605999997,0.3965619191999994
9074,2.7301859465000002,2.6659103251,2.7944615678999996,0.12855124279999952
9075,2.464775124,2.3470207736,2.5825294744000002,0.23550870080000008
9076,2.427642879,2.3458485274,2.5094372305999997,0.16358870319999985
9077,2.516490637,2.4877815822,2.5451996917999997,0.057418109599999934
9078,2.7606247084999995,2.7085245919,2.8127248250999997,0.10420023319999983
9079,2.572398927,2.4450084978,2.6997893561999997,0.25478085839999975
9082,2.8862484254999994,2.8843977957,2.8880990552999997,0.0037012595999996734
9083,2.754804162,2.7003758268,2.8092324972,0.1088566703999998
9084,1.9862657904999999,1.7868986743,2.1856329067,0.39873423240000005
9085,2.7045517645,2.6300224702999997,2.7790810586999997,0.14905858839999997
9086,2.867322859,2.8272664025999994,2.9073793153999996,0.08011291280000021
9087,2.8982660224999997,2.8953096135,2.9012224315,0.005912818000000097
9089,2.534740629,2.3922868806,2.6771943773999998,0.2849074967999998
9090,2.6890684965000005,2.6083458951,2.7697910978999998,0.16144520279999997
9091,2.191543715,1.939080229,2.444007201,0.5049269719999998
9093,2.719702162999999,2.6814272977999996,2.7579770282000005,0.0765497304000009
9095,2.2528779814999993,2.2159047889,2.2898511741,0.07394638519999974
9098,2.940119625000001,2.8745902750000005,3.005648975,0.13105869999999964
9100,3.3453274305,3.0055296027,3.6851252583000003,0.6795956556000005
9102,3.527422964999998,3.214128951,3.840716979,0.626588028
9104,2.544758441,2.3486094646,2.7409074174,0.3922979527999999
9105,2.1926978974999995,2.1580867384999998,2.2273090565,0.06922231800000045
9106,2.5535698105000004,2.4555866863,2.6515529347,0.1959662484
9107,3.0467958385,2.5702493739,3.5233423031,0.9530929292000003
9108,2.397608199500001,2.3273809197,2.4678354793,0.1404545596000002
9110,2.470118983,2.3018165762,2.6384213897999995,0.3366048135999997
9111,2.642561248,2.5234425471999997,2.7616799488,0.23823740160000018
9113,3.0260067360000003,2.8988278304000006,3.1531856416,0.25435781119999934
9115,2.4188864409999993,2.3646070646,2.4731658174,0.10855875280000005
9116,2.6437296875,2.4837423625,2.8037170125,0.3199746499999998
9117,2.7226748515000003,2.6553947920999996,2.7899549108999997,0.13456011880000007
9118,2.770310433,2.7220846061999997,2.8185362597999997,0.09645165359999996
9119,2.7838920395,2.7410988552999997,2.8266852237,0.08558636840000045
9120,1.995076494,1.8339434964000003,2.1562094916000003,0.3222659952
9122,2.794783982,2.7563475747999995,2.8332203891999996,0.07687281440000016
9123,2.9581769430000002,2.9330897202,2.9832641658,0.05017444560000017
9125,2.723767369000001,2.6569243166,2.7906104214,0.13368610479999976
9126,2.8832937199999997,2.880261208,2.886326232,0.0060650240000001965
9128,2.4606797820000006,2.4139090692000003,2.5074504947999996,0.09354142559999934
9131,2.408612623999999,2.3021811743999994,2.5150440736000004,0.212862899200001
9134,2.4107250529999997,2.2207238318,2.6007262742,0.3800024423999999
9135,2.4927269665000003,2.3780501799000002,2.6074037531,0.2293535731999996
9136,2.5692976269999996,2.4342949762,2.7043002778,0.2700053015999999
9137,2.8290916235,2.7685350729000002,2.8896481741000004,0.12111310120000018
9138,2.620969364,2.4997592184,2.7421795096,0.2424202912000002
9139,2.377962363,2.1854858178,2.5704389082,0.3849530903999998
9140,2.479757784,2.4302274704,2.5292880976,0.09906062719999964
9143,2.7284283915,2.6068281480999995,2.8500286348999997,0.24320048680000017
9144,2.0706158095,1.8067882857000002,2.3344433333,0.5276550475999997
9146,2.809704408,2.7074553712,2.9119534448,0.20449807359999994
9148,2.125228133,1.9903312798000001,2.2601249862,0.2697937064
9149,2.8295445540000004,2.8050123756,2.8540767324000003,0.04906435680000021
9150,2.18901482,1.9612336920000002,2.4167959480000003,0.4555622560000001
9151,2.7029849545,2.6278289363,2.7781409726999997,0.1503120363999999
9153,2.7441828459999997,2.6855059843999998,2.8028597076,0.11735372320000037
9154,2.7913397625000016,2.7515256675,2.8311538575,0.07962818999999977
9155,2.7676609435,2.7183753209,2.8169465661,0.09857124520000005
9156,2.600400352,2.4842104928,2.7165902111999998,0.23237971839999982
9157,2.7817902375,2.7381563325,2.8254241424999997,0.08726780999999972
9159,3.1137352965000002,3.0245911779,3.2028794151,0.17828823719999987
9160,2.1680247434999997,2.0430796461,2.2929698409,0.2498901948000003
9161,3.250771824000001,2.9327257536,3.5688178944,0.6360921407999998
9165,2.7866766005,2.6576108407,2.9157423603,0.2581315196
9166,2.5649017949999995,2.477091877,2.652711713,0.17561983600000008
9167,2.8590228404999998,2.8247155767000005,2.8933301043,0.06861452759999942
9168,2.5299910845,2.4181258507,2.6418563183,0.22373046759999982
9169,2.4933982190000004,2.4003361314,2.5864603066000003,0.18612417520000024
9170,3.2084540935000003,3.0093409308999997,3.4075672561,0.39822632520000045
9173,2.6218531374999996,2.5679003925,2.6758058825,0.10790549000000027
9174,2.0509621965000004,1.9417861179,2.1601382751,0.2183521572
9175,3.3794019655000005,3.1468647517,3.6119391793,0.4650744276000003
9176,2.5463954619999996,2.4086036468,2.6841872772,0.2755836303999999
9177,2.707621812,2.6343205368,2.7809230872,0.14660255040000036
9178,2.7755400949999984,2.729406133,2.821674057,0.09226792400000017
9180,2.272813685,2.1492574110000002,2.3963699590000003,0.24711254800000004
9182,1.9839478270000006,1.8239754962,2.1439201578000002,0.3199446616000001
9183,2.761011593,2.7090662302,2.8129569558,0.1038907255999999
9184,2.8303646574999997,2.8061605205,2.8545687944999996,0.04840827399999936
9185,2.6957842745000002,2.6177479843,2.7738205647000003,0.15607258040000005
9186,2.8382291009999987,2.8000755413999996,2.8763826605999996,0.0763071192
9187,2.4460681165000002,2.2681453631,2.6239908699,0.35584550680000016
9188,2.9307409675,2.8633661545,2.9981157804999996,0.13474962599999962
9190,2.6552814199999997,2.561043988,2.749518852,0.1884748639999998
9191,2.1901109934999994,1.9743125960999999,2.4059093909000002,0.43159679480000035
9194,2.5704610729999997,2.4339663021999995,2.7069558438000003,0.2729895416000008
9197,2.8766606155,2.8139116617,2.9394095692999995,0.12549790759999935
9198,2.3111091709999996,2.1990579026,2.4231604393999997,0.2241025367999998
9199,2.094387436,2.0695016103999997,2.1192732616,0.04977165120000038
9200,3.4407998264999993,3.1794901570999996,3.7021094959,0.5226193388000002
9201,2.070147003,1.9076322017999998,2.2326618041999997,0.3250296023999999
9202,2.6876253185000003,2.6602907911,2.7149598458999997,0.05466905479999973
9203,2.9589402770000004,2.9207371878,2.9971433662,0.07640617840000008
9205,2.7988002299999994,2.763939338,2.8336611219999996,0.06972178399999951
9208,2.7012737220000007,2.6330664107999997,2.7694810332,0.13641462240000024
9216,2.7346716194999994,2.7248758672999998,2.7444673717,0.019591504400000126
9218,2.3436406610000002,2.1774325254,2.5098487966,0.33241627120000006
9220,2.8015566845,2.5687989583,3.0343144107,0.46551545240000003
9221,2.1758059590000003,2.0582223754,2.2933895426,0.23516716719999975
9222,3.5484341394999985,3.2742977953000003,3.8225704837,0.5482726883999995
9223,2.813793922999999,2.7829614921999997,2.8446263538,0.061664861600000176
9224,2.7077710495000002,2.6866222693,2.7289198297,0.04229756040000021
9225,2.9022313925,2.8976888355,2.9067739495000002,0.009085114000000338
9226,2.7605760005,2.7084564007,2.8126956002999997,0.10423919959999983
9227,2.895670752,2.7444022528,3.0469392512,0.3025369983999999
9228,2.8157367589999995,2.7856814626,2.8457920553999996,0.06011059279999964
9229,2.4332280465,2.2501692651,2.6162868279,0.36611756279999996
9230,2.3539261314999997,2.1391465841,2.5687056789,0.42955909479999965
9233,3.393627729,2.9871740206,3.8000814374,0.8129074167999999
9239,3.3994816759999997,3.0408607464,3.7581026055999995,0.7172418591999996
9240,3.1014094904999996,3.0560912867,3.1467276943,0.09063640759999991
9243,2.7352088500000002,2.71423119,2.75618651,0.04195532000000002
9245,2.6891718215000004,2.6345081501,2.7438354929,0.10932734280000034
9246,2.2301790225,2.1858494135,2.2745086315,0.08865921799999965
9247,2.6943467295,2.5059846213,2.8827088377,0.3767242164
9248,2.2973993725,2.1293784235,2.4654203215,0.33604189799999995
9249,2.8590084495,2.7417502292999996,2.9762666696999998,0.2345164404000002
9250,2.3106727964999996,2.1084440778999998,2.5129015151,0.40445743720000005
9252,2.2729882685,2.0243661610999997,2.5216103759,0.49724421480000025
9254,2.8118073495,2.7913416097000003,2.8322730893,0.040931479599999765
9255,2.4229816125,2.2709605675,2.5750026575000002,0.30404209000000026
9257,2.867229872,2.7063406208000003,3.0281191231999998,0.3217785023999995
9258,2.8060635824999998,2.6653538155,2.9467733495,0.28141953399999986
9259,2.6827498605,2.5994998047,2.7659999162999998,0.16650011159999956
9261,2.73269391,2.6694214739999995,2.7959663459999997,0.1265448720000002
9262,2.7207063985,2.6526389579,2.7887738391,0.13613488120000028
9263,2.8501335399999994,2.813744524,2.886522556,0.07277803199999999
9264,2.7352941110000004,2.6730617554000005,2.7975264666,0.12446471119999947
9265,2.6812196765,2.5973575471000006,2.7650818059,0.16772425879999942
9266,2.7109860799999996,2.6390305119999997,2.7829416479999995,0.14391113599999983
9267,2.7326498245,2.6693597543,2.7959398947,0.1265801404000002
9268,2.9143880565000004,2.9049828338999997,2.9237932791000003,0.018810445200000636
9269,3.0908970520000008,2.9663038728,3.2154902312,0.2491863583999998
9272,2.3601385404999995,2.2985559243,2.4217211567,0.12316523239999988
9273,2.2911279005000003,2.1792807403,2.4029750606999998,0.22369432039999992
9274,3.273453126,2.9662351763999997,3.5806710755999998,0.6144358992000001
9275,3.151548332499999,2.9243400655,3.3787565995,0.4544165339999999
9278,2.4928976845,2.3536023583000003,2.6321930107000004,0.27859065240000014
9279,2.335976368,2.1768506208,2.4951021152,0.3182514944000001
9280,2.1864707125,2.0431836275,2.3297577974999997,0.28657416999999974
9281,2.8954091754999998,2.8384528457,2.9523655053,0.11391265959999997
9283,3.3237401369999997,3.0014865918,3.6459936822000003,0.6445070904000003
9285,2.394954345,2.266211807,2.523696883,0.25748507600000003
9287,1.905102131,1.8089672786,2.0012369834,0.19226970480000016
9288,2.731612264000002,2.6859123696,2.7773121584,0.09139978879999999
9289,2.5358866620000007,2.4103827972,2.6613905268,0.25100772959999995
9291,2.6963925664999997,2.6185995931000003,2.7741855398999995,0.15558594679999915
9292,2.8038739304999996,2.7690735027,2.8386743582999996,0.06960085559999962
9293,2.9221158835000005,2.8512062369,2.9930255301,0.1418192932000002
9294,2.8140532765,2.7313165871000002,2.8967899659,0.1654733787999998
9298,2.920189249,2.8799069485999995,2.9604715494,0.08056460080000027
9299,2.6912296710000008,2.6113715393999994,2.7710878026,0.15971626320000043
9300,2.5841389104999997,2.5268612747,2.6414165463,0.11455527160000001
9301,2.6511000829999993,2.6050265162,2.6971736498000003,0.09214713360000015
9302,2.4913536784999994,2.4191127499,2.5635946071,0.14448185720000017
9303,2.6935749149999992,2.6146548810000003,2.772494949,0.1578400679999996
9305,2.7348935229999998,2.6725009322,2.7972861138,0.12478518159999963
9308,2.9436628395,2.8949971753,2.9923285037,0.09733132840000014
9309,2.715705103,2.6456371442,2.7857730618,0.14013591759999988
9310,3.0057291280000005,2.9682647792,3.0431934768000004,0.07492869760000032
9315,3.1231001415,2.8306641980999996,3.4155360849,0.5848718868000002
9316,2.092193448,1.8489960688,2.3353908272,0.4863947583999999
9317,2.4577623264999997,2.3916085958999997,2.5239160571,0.13230746120000036
9318,3.4507659615000006,3.1071055461,3.7944263769,0.6873208308000001
9319,3.1681439594999996,2.9517659433,3.3845219757000002,0.4327560324000004
9320,2.940881633,2.8775270862,3.0042361798000004,0.12670909360000016
9321,2.4957306295,2.4401075777,2.5513536812999997,0.11124610359999965
9322,2.502720475,2.398812285,2.606628665,0.20781638000000013
9324,2.4077893099999996,2.3495375860000003,2.4660410340000003,0.11650344800000001
9325,2.9238156635,2.7902627288999997,3.0573685981,0.26710586920000035
9326,2.3219395215,2.2629929128999997,2.3808861301,0.11789321720000023
9327,2.5273313185,2.4524407911,2.6022218459,0.14978105480000004
9330,1.6470414844999999,1.6112788907000002,1.6828040783,0.07152518759999982
9331,2.7747100990000004,2.7488193386,2.8006008594000003,0.05178152080000009
9332,3.424020246,3.1816919444000002,3.6663485476000006,0.48465660320000037
9333,2.4592148899999993,2.360918134,2.557511646,0.1965935120000002
9334,2.6347521645000005,2.5130466303,2.7564576987,0.24341106839999993
9335,3.1796901300000004,2.922168582,3.4372116779999997,0.5150430959999999
9336,2.7987893040000005,2.7619550256000003,2.8356235824,0.07366855679999951
9339,2.8357429155000005,2.8136900817000003,2.8577957492999997,0.04410566759999934
9342,2.255111388,2.0813732328,2.4288495432,0.34747631040000027
9343,2.839651997,2.7439403958,2.9353635982000004,0.19142320240000021
9344,2.7360653079999997,2.6741414312000003,2.7979891848,0.12384775359999978
9346,2.7330000539999997,2.6698500756,2.7961500323999995,0.1262999567999996
9347,2.767916772,2.7187334808,2.8171000632,0.09836658239999974
9349,2.1894768494999997,1.9615109096999999,2.4174427893,0.45593187960000003
9352,2.6514438499999997,2.55567139,2.74721631,0.19154492000000012
9356,2.2454948764999996,2.0968517259,2.3941380271000003,0.2972863012000002
9357,3.3604707945000003,3.1232779123,3.5976636767000003,0.47438576440000046
9358,2.268055478,2.2347584868,2.3013524692,0.0665939823999997
9360,2.3558323715,2.3412690228999997,2.3703957201000003,0.029126697200000606
9361,2.3747471815,2.1859363089,2.5635580541,0.3776217451999999
9363,2.8065902,2.7142882799999994,2.8988921200000006,0.18460384000000118
9365,2.7666011275,2.6145207784999998,2.9186814764999998,0.304160698
9366,2.4735645799999992,2.281929548,2.6651996120000003,0.3832700640000004
9367,2.206504325499999,2.0069861952999997,2.4060224556999996,0.39903626039999995
9368,2.8232127345000015,2.7961478282999996,2.8502776407,0.054129812400000255
9370,2.9923571640000004,2.9631692296,3.0215450984,0.058375868799999786
9371,2.8580197294999996,2.8448776212999998,2.8711618376999994,0.02628421639999967
9372,2.4762445785000002,2.3806039471,2.5718852098999996,0.19128126279999957
9373,2.416349899,2.3040975394,2.5286022585999994,0.2245047191999996
9374,2.7615806914999994,2.7098629681,2.8132984148999998,0.10343544679999983
9375,2.8384843579999997,2.8073478148,2.8696209012,0.062273086399999844
9376,2.8299154445,2.8055316223,2.8542992667,0.04876764439999981
9377,2.9853283735000002,2.9475470241,3.0231097229,0.07556269880000022
9378,2.716839724,2.6472256136,2.7864538344,0.1392282208000002
9379,2.8476887305,2.8304142227,2.8649632383,0.03454901560000012
9380,2.659023371,2.6189683194000004,2.6990784226000004,0.0801101032
9381,2.874458608,2.7460184512,3.0028987648,0.25688031359999997
9382,2.886175663,2.8639099282,2.9084413978,0.04453146959999987
9383,2.781526576,2.7377872063999997,2.8252659456,0.08747873920000027
9384,2.8590441534999997,2.8463118149,2.8717764920999995,0.025464677199999564
9385,2.8895645199999995,2.8890403279999997,2.890088712,0.0010483840000001798
9388,2.8469122340000004,2.7074535276000002,2.9863709403999996,0.2789174127999994
9389,2.299375251,2.0609531506,2.5377973514,0.4768442008
9394,2.5322950115000005,2.4691646069,2.5954254161,0.1262608091999997
9396,2.16371778,2.052033868,2.2754016920000004,0.22336782400000033
9397,2.1802046715000007,1.9893728029,2.3710365401,0.3816637372
9398,3.0450146580000004,2.8010765212,3.2889527948,0.48787627359999997
9399,2.7737606154999987,2.7103644617,2.8371567693,0.12679230760000015
9401,2.9087446690000003,2.8119345366,3.0055548013999998,0.19362026479999983
9402,2.901889898500001,2.8543574579,2.9494223391,0.0950648811999999
9403,2.2832675535000004,2.2251201321,2.3414149749,0.11629484280000035
9404,1.9521534790000006,1.6836180874,2.2206888705999996,0.5370707831999997
9405,2.6911460999999997,2.61125454,2.7710376599999993,0.15978311999999928
9407,2.722080794,2.6545631116000004,2.7895984764,0.13503536479999978
9411,2.7589035880000004,2.7061150232,2.8116921528,0.10557712959999987
9412,2.9000059494999997,2.8963535696999996,2.9036583293000002,0.007304759600000654
9414,2.1500589835,1.9653157901,2.3348021769,0.3694863867999998
9416,2.495010396,2.3700477544,2.6199730376000003,0.24992528320000051
9417,2.7635202295,2.7125783213,2.8144621376999996,0.10188381639999955
9418,2.8938129155,2.8926377492999995,2.8949880816999998,0.0023503324000002657
9419,2.7410888755000005,2.6811744256999996,2.8010033253,0.11982889960000032
9422,3.31075659,3.121185226,3.500327954,0.3791427279999997
9423,2.125488344500001,2.0141906067,2.2367860823,0.22259547559999993
9424,2.9564112014999995,2.8045224821,3.1082999208999995,0.30377743879999963
9425,2.4682963504999997,2.3287198103,2.6078728907,0.2791530804
9426,2.7036209060000003,2.5754168684,2.8318249436,0.2564080752
9427,2.7067013054999998,2.6678934276999997,2.7455091833,0.07761575560000011
9429,2.2856162634999997,2.1615353581,2.4096971689,0.2481618108000001
9431,2.9754296735,2.9312667428999997,3.0195926041,0.08832586120000041
9433,2.836772048,2.7966236671999996,2.8769204287999997,0.0802967616000001
9434,2.8578251194999997,2.7098159673,3.0058342717,0.2960183044
9435,3.244701581,3.0068538134,3.4825493486000005,0.47569553520000074
9436,2.4101634059999997,2.2675560436,2.5527707684000003,0.2852147248000003
9437,2.7567982000000004,2.6504530799999997,2.86314332,0.21269024000000014
9439,2.0410603060000003,1.9577209836,2.1243996284,0.16667864479999994
9440,2.5081737985000014,2.3336546791,2.6826929179000003,0.3490382388000004
9441,2.5454868654999996,2.5425225193,2.5484512116999998,0.005928692399999935
9444,2.7677737295000004,2.7185332213000004,2.8170142377,0.09848101639999962
9448,2.808327433,2.7753084061999997,2.8413464597999996,0.06603805359999981
9449,2.050785503,1.7942125018000001,2.3073585042,0.5131460024000001
9450,2.8623125220000003,2.7092207308000003,3.0154043132,0.30618358239999965
9452,2.6686745185,2.5797943259,2.7575547110999996,0.1777603851999996
9453,2.471846169,2.3042346366,2.6394577013999996,0.33522306479999964
9454,2.7810451255,2.7371131757000002,2.8249770752999996,0.0878638995999994
9455,2.793593243,2.6848997401999997,2.9022867458,0.21738700560000046
9456,2.7041500435000003,2.6294600608999996,2.7788400260999997,0.14937996520000008
9457,2.736014967499999,2.6740709545,2.7979589805000002,0.12388802600000037
9458,2.780556563,2.7364291882,2.8246839377999997,0.0882547495999999
9459,2.8599297420000003,2.8527872388000004,2.8670722452,0.014285006399999745
9461,2.8588617970000003,2.7819049158,2.9358186782,0.15391376239999977
9464,2.8844600655000003,2.8669292393,2.9019908916999997,0.03506165239999959
9465,2.8637363455000004,2.7955700837,2.9319026073000005,0.1363325236000006
9466,2.611214927,2.5338525562000003,2.6885772978,0.15472474159999994
9469,2.9749280794999997,2.8237137113,3.1261424477000004,0.30242873640000045
9470,2.6958269544999998,2.5354577362999997,2.8561961727,0.3207384364000001
9474,2.024719341,1.9292552046,2.1201834774000003,0.19092827280000035
9475,2.3643770794999996,2.2848390477,2.4439151113,0.15907606360000015
9476,2.3707682875000002,2.1778513724999997,2.5636852025000003,0.3858338300000006
9477,2.8220603979999996,2.6933313572,2.9507894387999998,0.25745808159999983
9478,3.1503243709999995,2.8267597194,3.4738890226,0.6471293031999998
9479,2.7519217780000003,2.7180948891999996,2.7857486668,0.06765377760000035
9480,2.6823748540000003,2.3940763956,2.9706733123999998,0.5765969167999998
9483,3.2117967165,2.8873906031,3.5362028298999997,0.6488122267999996
9484,2.1870125385000003,2.0001927231,2.3738323538999997,0.3736396307999996
9488,2.7021823725000003,2.6267053215,2.7776594235,0.15095410200000003
9489,2.7425940599999996,2.6151584839999997,2.8700296360000004,0.25487115200000066
9490,2.1665106389999997,2.1373940946,2.1956271834,0.05823308880000022
9493,2.2827186665000005,2.0508811999,2.5145561331,0.4636749332000001
9494,3.1376716394999993,3.0311106953,3.2442325836999997,0.21312188839999946
9495,2.0154979409999996,1.8571235646,2.1738723174,0.3167487527999999
9497,2.903408394499999,2.8983950367,2.9084217523,0.010026715600000013
9500,2.8346501545000002,2.8121602163,2.8571400927000004,0.04497987640000023
9501,2.5995654234999996,2.4830415929,2.7160892541,0.2330476612000001
9502,2.8953645220000004,2.8301391308,2.9605899132,0.13045078240000008
9503,2.8641618970000002,2.7855718558,2.9427519382000003,0.15718008240000003
9504,2.9304408639999995,2.7391160096,3.1217657184000003,0.38264970880000027
9505,3.410949446499999,3.2708932251,3.5510056679,0.28011244280000014
9508,2.3699717855,2.2388054713,2.5011380997,0.2623326283999998
9511,2.7360274135000004,2.5539203789,2.9181344481,0.3642140692
9512,2.322104434499999,2.2262050607,2.4180038083,0.19179874760000004
9513,2.2195763959999995,2.0650318376000003,2.3741209544000004,0.30908911680000006
9515,2.7036581880000004,2.6808642631999997,2.7264521128,0.045587849600000396
9517,2.8748199785,2.8683979698999997,2.8812419870999997,0.012844017199999946
9518,2.8466426544999996,2.8289497163,2.8643355927,0.035385876399999905
9519,2.879199181,2.8745288533999998,2.8838695085999997,0.009340655199999937
9520,2.0339684494999997,1.8161130696999999,2.2518238292999997,0.43571075959999983
9521,3.0408560655,2.8955688917,3.1861432393,0.2905743476000002
9523,2.747742744,2.6904898416000003,2.8049956464,0.11450580479999983
9524,2.7815830309999994,2.7488782433999996,2.8142878185999995,0.0654095751999999
9525,2.672338652499999,2.5849241135,2.7597531915,0.17482907800000014
9526,2.8508248965,2.8348048551,2.8668449379,0.032040082800000036
9530,2.712993235,2.641840529,2.784145941,0.1423054119999998
9531,1.959278249,1.6873001494,2.2312563485999997,0.5439561991999997
9532,2.7091461079999997,2.6364545511999995,2.7818376648,0.14538311360000034
9533,2.6536059804999996,2.5586983727,2.7485135883,0.18981521559999992
9534,2.519072753,2.3703518542,2.6677936518000003,0.29744179760000033
9535,2.9015197315,2.8972618389,2.9057776240999997,0.008515785199999737
9536,2.8599718949999997,2.7257370529999996,2.9942067369999994,0.2684696839999998
9537,2.464748663,2.2942981282,2.6351991978,0.3409010696000001
9540,1.9987791055000004,1.8021890632999997,2.1953691476999997,0.39318008439999996
9542,2.336138803499999,2.2644876821,2.4077899249,0.14330224279999992
9543,2.1534959124999995,1.9257823474999998,2.3812094774999997,0.4554271299999999
9544,2.9251362675000006,2.8031715745000003,3.0471009605,0.24392938599999958
9546,2.8422260600000007,2.793505284,2.890946836,0.09744155199999982
9548,1.9358363970000003,1.7291354382,2.1425373558,0.4134019176000001
9550,2.765474209,2.6327122926,2.8982361254,0.2655238328
9551,3.0148292834999997,2.9044589969,3.1251995701,0.22074057320000007
9552,2.9233573315,2.8263154641,3.0203991989,0.19408373479999996
9553,2.277051418,2.1046156508,2.4494871852,0.3448715344000002
9554,2.842446928500001,2.8362660998999996,2.8486277571,0.012361657200000487
9556,2.850952974,2.8349841635999997,2.8669217843999997,0.031937620799999955
9558,2.0660389345,1.8291769607000001,2.3029009083000003,0.47372394760000014
9559,2.836651229,2.7315557206,2.9417467374,0.21019101680000007
9560,2.0733433849999994,1.8918308309999998,2.254855939,0.3630251080000002
9561,2.8704990955000014,2.8623487336999993,2.8786494573,0.016300723600000566
9563,2.9292960425,2.9139276255,2.9446644594999998,0.030736833999999824
9564,2.6420614044999997,2.5425359663,2.7415868427,0.19905087639999985
9567,2.891293554000001,2.7722133756,3.0103737323999997,0.23816035679999992
9568,2.3389640415,2.2508828249000006,2.4270452581,0.17616243319999958
9569,2.9959564985,2.9679386979,3.0239742991000003,0.05603560120000006
9571,3.2125997855,2.9855780997,3.4396214712999993,0.4540433715999992
9573,2.7933188825,2.6152188355,2.9714189295,0.3562000940000001
9574,2.1178456035,1.9031165621,2.3325746448999998,0.42945808279999986
9575,2.335852257999999,2.3254407612,2.3462637548,0.02082299359999995
9577,2.3922225769999996,2.3364071462,2.4480380077999997,0.11163086159999969
9578,2.5443991649999997,2.464961231,2.6238370989999997,0.15887586799999953
9580,2.5302201695,2.3616821016999996,2.6987582373,0.33707613560000027
9581,2.389910572,2.3412939431999997,2.4385272008,0.09723325760000012
9583,2.982741207,2.9058364898000004,3.0596459242,0.1538094343999994
9585,2.278724643,2.0150595858,2.5423897002,0.5273301144000002
9586,2.7999556864999997,2.7432019611,2.8567094119000003,0.11350745080000024
9587,2.529775854,2.3853361956,2.6742155124,0.2888793168000001
9588,2.5813648920000003,2.4055528487999998,2.7571769352,0.3516240864000002
9589,2.7260952009999997,2.6601832814,2.7920071206,0.13182383919999996
9590,2.823930079999999,2.797152112,2.850708048,0.05355593599999997
9591,2.670148779,2.6339510905999997,2.7063464674,0.0723953768000003
9594,2.6055041825,2.4913558554999997,2.7196525095,0.2282966540000002
9596,2.9188654135,2.7946475789,3.0430832481000003,0.2484356692000005
9597,2.9186875190000006,2.8984993266000005,2.9388757114,0.04037638479999961
9599,2.553268723,2.4333312338,2.6732062122,0.23987497840000005
9600,2.9437807264999996,2.8508318171,3.0367296359,0.1858978188
9603,2.5115633484999997,2.4099020091,2.6132246879000003,0.2033226788000002
9604,2.9992706074999997,2.9835624505,3.0149787645,0.03141631399999989
9605,2.3811167465,2.3033440479,2.4588894451,0.15554539720000005
9606,3.4011143429999993,3.1054856802,3.6967430058,0.5912573256
9607,2.758752316,2.6863236424,2.8311809896,0.14485734719999988
9608,2.879012849999999,2.85563131,2.90239439,0.046763079999999846
9609,3.3337195530000003,3.1011069742,3.5663321318,0.46522515759999994
9610,3.0151894080000003,2.9367647712,3.0936140448,0.15684927359999978
9611,2.8291162130000003,2.7543050982,2.9039273278,0.14962222959999982
9612,2.698039735,2.620905629,2.7751738409999995,0.1542682119999994
9614,2.7914857685,2.7517300759,2.8312414611,0.0795113852
9615,2.3480493184999998,2.1672283911,2.5288702459000003,0.3616418548000002
9616,2.0805739575000004,1.8765555745,2.2845923404999997,0.4080367659999997
9617,2.540864921500002,2.4073276901000003,2.6744021528999995,0.26707446279999925
9618,2.4807992615,2.3493943569,2.6122041660999997,0.26280980919999974
9620,2.8370631975,2.8155384764999996,2.8585879185,0.04304944200000049
9621,2.6338005094999994,2.5309707133,2.7366303057,0.20565959239999998
9622,2.6548467684999992,2.5604354759,2.7492580611,0.18882258520000006
9623,2.8369469099999987,2.815375674,2.858518146,0.04314247199999999
9624,1.8455362704999996,1.6190549623000001,2.0720175787,0.4529626164
9625,2.7745898720000017,2.7280758207999996,2.8211039231999995,0.09302810239999992
9626,2.8821789835,2.8787005769,2.8856573901,0.006956813199999967
9627,2.918577023,2.9074962138,2.9296578321999998,0.02216161839999975
9629,2.7833305485,2.7403127679,2.8263483291,0.08603556120000011
9630,2.686989712,2.6054355968,2.7685438272,0.16310823039999978
9632,2.882974248,2.7697011471999997,2.9962473488,0.22654620160000016
9634,2.3200375935,2.1905109561000002,2.4495642309,0.25905327479999984
9635,2.938760867,2.8377840138,3.0397377202,0.20195370640000032
9636,2.7076396089999997,2.6126806526,2.8025985654,0.18991791279999992
9637,2.414652625,2.313352775,2.515952475,0.20259970000000038
9638,2.6007920120000003,2.4249996071999997,2.7765844168,0.35158480960000027
9639,2.297471934,2.2120763604,2.3828675076,0.17079114719999966
9640,2.3560522565,2.1713417539,2.5407627590999997,0.36942100519999954
9641,2.858497746,2.7668428444,2.9501526476000004,0.18330980320000023
9642,3.2627677650000004,2.9431796709999998,3.5823558589999998,0.639176188
9643,2.7369643124999996,2.5943736375000004,2.8795549875,0.2851813499999998
9644,2.4215390595000006,2.4030382357000004,2.4400398833000003,0.03700164759999991
9646,2.6350291505,2.5326908106999997,2.7373674903,0.20467667960000036
9647,2.4882904559999997,2.4320350384,2.5445458735999997,0.11251083519999971
9649,2.8902915014999997,2.7681845021,3.0123985009,0.24421399879999983
9650,2.7715279950000005,2.6832387929999997,2.859817197,0.17657840400000024
9651,2.9221399055,2.9096339433,2.9346458677,0.02501192440000022
9652,2.564313352,2.5384670927999995,2.5901596112,0.05169251840000033
9653,2.7682841979999995,2.7192478772,2.8173205188,0.09807264159999995
9654,2.7553797545000003,2.7011816563,2.8095778527,0.10839619639999976
9658,2.0768046499999993,1.81050159,2.34310771,0.5326061199999998
9659,2.800676517,2.7125891237999995,2.8887639102,0.17617478640000028
9660,2.9296139605000002,2.8617035447,2.9975243763000003,0.13582083160000025
9661,2.8013993019999996,2.7656090228,2.8371895811999996,0.07158055839999955
9663,2.8596420014999997,2.7773680021000002,2.9419160009,0.16454799879999982
9664,2.7690055735,2.6889446029,2.8490665441000003,0.16012194120000034
9665,2.7810350599999976,2.737099084,2.824971036,0.08787195199999998
9666,2.816628841999999,2.7869303788,2.8463273052,0.05939692639999983
9667,2.5096178175,2.3349802905000003,2.6842553445000004,0.34927505400000003
9670,2.792107792000001,2.6513602751999996,2.9328553088000002,0.2814950336000006
9672,2.163137885,2.056366331,2.269909439,0.2135431080000001
9673,2.2030428145,2.1502592887,2.2558263403,0.10556705160000002
9674,2.2817192160000004,2.2283743296,2.3350641023999996,0.1066897727999998
9675,2.791479397999999,2.7426075571999995,2.8403512388000003,0.0977436816000008
9676,2.3492746835,2.1359528101,2.5625965569,0.42664374679999995
9677,2.8919266689999996,2.8051717366,2.9786816014,0.17350986479999975
9678,2.7604211754999985,2.6091976456999997,2.9116447053,0.3024470596000004
9679,3.1554417889999997,3.0222881046,3.2885954734,0.26630736880000017
9681,2.0896822020000005,1.8877433211999999,2.2916210828000003,0.40387776160000044
9682,2.664221119,2.5516763666,2.7767658714,0.22508950479999967
9683,2.6683215485,2.5068213679,2.8298217291000003,0.3230003612000001
9685,2.7737104015,2.7268445621,2.8205762409,0.09373167879999977
9688,2.7427453780000004,2.5096119292,2.9758788268000003,0.4662668976000002
9692,2.7938837675000006,2.6488200745,2.9389474604999997,0.29012738599999954
9693,2.8054582455,2.7712915437,2.8396249473,0.06833340360000006
9694,2.7072233655,2.6864483117000004,2.7279984193,0.04155010759999955
9695,2.9027873175,2.8980223904999995,2.9075522445,0.009529854000000615
9696,2.7383576619999994,2.6253427267999996,2.8513725971999997,0.2260298704000001
9697,2.8372304499999994,2.81577263,2.85868827,0.04291563999999992
9699,2.974654187499997,2.9411425125,3.0081658625,0.06702334999999993
9701,2.6705671185,2.5824439659,2.7586902711,0.17624630519999984
9703,2.715280009,2.6229952126000002,2.8075648053999998,0.18456959279999952
9704,2.4201756135,2.3758798589,2.4644713680999994,0.08859150919999959
9706,3.466021121500001,3.1981099701,3.7339322728999997,0.5358223027999998
9708,2.7895087185,2.7188482059,2.8601692311,0.1413210251999999
9709,2.4920295094999996,2.3262213057000003,2.6578377132999997,0.33161640759999944
9710,2.510299578,2.3484253468,2.6721738092000002,0.3237484624000002
9712,2.3256143735,2.1758074241000003,2.4754213229,0.29961389879999967
9713,2.830482439,2.8280430146,2.8329218634,0.004878848800000224
9716,3.2687199355000005,3.0553023097,3.4821375612999996,0.4268352515999996
9718,3.1541502945,3.0646100123,3.2436905766999997,0.17908056439999953
9719,2.9587069759999993,2.8010609663999997,3.1163529856000003,0.3152920192000006
9720,2.8755442824999995,2.7016119955,3.0494765695,0.3478645739999999
9721,2.6959027260000004,2.6179138163999998,2.7738916356,0.1559778192000003
9722,2.6821289055000004,2.4504680676999997,2.9137897433,0.4633216756000005
9723,2.9705628450000012,2.9386877069999997,3.0024379829999996,0.06375027599999994
9724,2.7750861055,2.7287705477,2.8214016633,0.09263111560000015
9727,2.8631284155,2.8520297816999998,2.8742270493,0.02219726760000018
9728,2.6378061839999996,2.5365786576,2.7390337103999998,0.20245505279999998
9729,2.8744035869999998,2.8678150218,2.8809921522,0.013177130400000348
9730,2.8044442044999998,2.7178638863000004,2.8910245227,0.17316063639999957
9732,2.8341609460000003,2.8114753243999995,2.8568465676,0.04537124320000041
9733,2.9087492679999998,2.9015995608,2.9158989752,0.014299414400000376
9734,2.1118346805000003,1.9924496083000003,2.2312197527,0.23877014439999966
9737,2.6851669345,2.6425485083,2.7277853607000004,0.08523685240000045
9741,2.7147534595,2.6133368433000004,2.8161700757,0.20283323239999973
9743,3.513406548999999,3.2767379686,3.7500751294,0.4733371607999999
9746,2.72487097,2.534274158,2.915467782,0.3811936239999998
9749,2.6221095085,2.5146033118999997,2.7296157051,0.21501239320000032
9751,2.2590217055,2.1395618232999998,2.3784815877,0.2389197644000003
9753,2.954028251,2.8771739514,3.0308825506,0.1537085991999998
9756,3.105036359,2.9854213026000003,3.2246514154,0.23923011279999962
9757,2.779483328,2.7349266592000006,2.8240399968,0.08911333759999929
9759,2.8211758660000004,2.7932962124,2.8490555196,0.055759307199999775
9760,2.780245131,2.7359931833999998,2.8244970786,0.08850389520000013
9761,2.6984572159999995,2.6214901024,2.7754243296,0.15393422719999972
9762,2.946993313,2.9245459877999997,2.9694406382,0.04489465040000029
9763,2.7556326430000007,2.7015357001999996,2.8097295857999995,0.10819388559999998
9765,2.7520531559999997,2.6589340183999997,2.8451722935999997,0.18623827520000003
9766,3.263892874,2.8460000236,3.6817857243999996,0.8357857007999998
9767,2.451219308,2.3887579848000002,2.5136806312,0.12492264639999995
9771,2.3115099545,2.1290927727,2.4939271363,0.3648343636
9772,3.4233760299999996,3.140844042,3.7059080179999997,0.5650639759999998
9774,2.2813129014999993,2.1704917409,2.3921340621000002,0.22164232120000005
9776,2.4045772654999995,2.4039665717,2.4051879593,0.0012213876000002344
9777,2.279464264,2.0749749584,2.4839535696,0.40897861120000023
9782,2.4745861039999997,2.3081553456,2.6410168624,0.3328615168
9783,2.8294448305,2.8048727627,2.8540168983000003,0.049144135600000194
9784,2.7675500254999994,2.7182200357,2.8168800152999993,0.09865997959999939
9785,2.509602193,2.4097786702,2.6094257158000005,0.19964704560000035
9787,2.49420252,2.387014312,2.601390728,0.21437641600000035
9788,3.057371748,3.0144504471999998,3.1002930488,0.08584260160000001
9789,2.8834695939999992,2.8805074316000003,2.8864317564,0.005924324799999603
9790,2.6360908265000003,2.5341771571000002,2.7380044959,0.2038273387999996
9791,2.6552429430000006,2.5609901202000005,2.7494957658,0.18850564559999938
9792,2.6683766255,2.5793772756999997,2.7573759753,0.17799869960000025
9793,2.7599817325,2.7076244255,2.8123390395000003,0.10471461400000015
9796,2.770975936,2.7236939103999998,2.8182579615999996,0.09456405119999989
9797,3.0114301585,2.8634650219,3.1593952951,0.29593027319999976
9798,2.2178019245000002,2.1938319547000003,2.2417718943,0.04793993959999954
9800,1.9110526734999993,1.8866432040999999,1.9354621428999998,0.04881893879999999
9801,2.737583056,2.5433598784,2.9318062336,0.38844635520000015
9802,2.8279679109999996,2.7711538753999996,2.8847819466,0.1136280712000004
9804,2.735755526,2.6582701364,2.8132409156000007,0.15497077920000057
9805,3.1588423679999997,3.0711009151999997,3.2465838207999997,0.17548290560000002
9806,2.4875192424999995,2.3572363455,2.6178021395,0.26056579400000013
9808,2.4161058330000005,2.3532702998,2.4789413662,0.1256710663999998
9809,3.3516389135,3.1536476789,3.5496301481,0.3959824691999998
9810,3.175992612,3.0708488568,3.2811363672,0.2102875103999997
9811,2.5625571875,2.4454275125000002,2.6796868624999997,0.23425934999999942
9812,2.0514807425000003,1.8637528455,2.2392086395,0.37545579400000006
9813,2.8020192005000006,2.6457332807,2.9583051203000004,0.31257183960000035
9814,2.165878886,1.9412357315999997,2.3905220404,0.4492863088000003
9816,2.9881531725,2.9090644414999995,3.0672419034999994,0.15817746199999982
9817,2.4542323675,2.2915794204999997,2.6168853144999997,0.325305894
9820,2.8029810234999997,2.6844174329,2.9215446141,0.23712718119999998
9821,2.737610545,2.676304763,2.798916327,0.12261156400000006
9822,2.2432737184999993,2.1221974311,2.3643500059,0.24215257479999996
9824,2.6054544594999998,2.4912862433000003,2.7196226757,0.2283364323999999
9825,2.4453358709999997,2.2787250194,2.6119467226,0.3332217032
9826,2.70672886,2.633070404,2.780387316,0.14731691199999997
9827,2.7840813100000004,2.741363834,2.826798786,0.08543495199999995
9828,2.8926678845,2.8413770382999997,2.9439587307,0.10258169240000026
9829,3.0060781714999996,2.9302858401,3.0818705029,0.15158466280000038
9830,2.480820066,2.3167980924,2.6448420396,0.32804394719999985
9833,2.6915240525,2.6117836735,2.7712644315,0.15948075799999994
9835,3.2442595245,3.0213541343,3.4671649147,0.4458107804
9836,2.3788563954999997,2.2227446373,2.5349681537,0.3122235164
9841,3.059090273,3.0255667822,3.0926137638,0.06704698160000033
9846,2.769377841,2.6717465774000004,2.8670091046000006,0.19526252720000015
9850,2.7957118360000006,2.6291513704,2.9622723015999997,0.33312093119999986
9852,2.9210962820000006,2.7195759948,3.1226165692,0.40304057439999985
9853,3.2856918239999997,3.0446689535999996,3.5267146944000003,0.48204574080000073
9854,2.4084962260000005,2.3132849356,2.5037075164,0.19042258079999996
9855,2.889780842999999,2.7974383802,2.9821233058,0.18468492560000005
9856,1.9869116870000003,1.8263466122,2.1474767618000006,0.3211301496000005
9857,2.595488319,2.4253256465999997,2.7656509914000003,0.34032534480000054
9858,2.0514401194999996,1.8644708717,2.2384093672999996,0.3739384955999996
9859,2.5633422654999998,2.4323291717,2.6943553593000003,0.26202618760000007
9861,2.635500694,2.4300589716000003,2.8409424164,0.4108834447999996
9862,2.514325944,2.4643895664,2.5642623216000002,0.09987275520000027
9863,2.200765053,2.0539742318,2.3475558742000002,0.2935816424000004
9864,2.8254341304999997,2.7992577827000003,2.8516104782999996,0.05235269559999933
9866,2.6455641319999996,2.5474397848,2.7436884792000003,0.19624869440000037
9868,2.672349163,2.5849388282000003,2.7597594978,0.17482066959999987
9869,2.8524100859999995,2.8370241204,2.8677960515999996,0.030771931199999436
9870,2.899590054,2.8961040324,2.9030760755999996,0.006972043199999778
9873,2.9326718785,2.9159531271,2.9493906299000003,0.03343750280000046
9874,2.632979114999999,2.529820761,2.7361374689999995,0.20631670799999968
9875,2.0190717905000004,1.8213830743,2.2167605067,0.3953774324000001
9876,2.8302812790000003,2.7871835674,2.8733789906000005,0.0861954232000004
9877,2.8918284075000007,2.7374497705,3.0462070445,0.30875727399999997
9878,2.2051160560000005,1.9989868336,2.4112452784,0.41225844479999996
9879,3.1989029319999998,2.9600717048000003,3.4377341591999997,0.47766245439999944
9880,3.5130690094999983,3.2101286132999998,3.8160094056999996,0.6058807923999998
9881,2.5759959090000004,2.4967587453999998,2.6552330726,0.15847432720000043
9882,2.7487435220000003,2.6346949308000003,2.8627921132,0.22809718239999954
9883,2.2183206760000003,2.1055776056,2.3310637464,0.22548614079999973
9884,2.2268314019999997,2.0563660412,2.3972967628,0.34093072159999993
9887,3.0149227395,2.9143002353,3.1155452436999997,0.20124500839999993
9888,3.680086905499999,3.3174836677000004,4.0426901433,0.7252064755999994
9889,2.9263480835,2.8578089169,2.9948872501,0.1370783332000003
9891,3.0634677339999996,2.9650620276,3.1618734403999995,0.19681141279999936
9892,3.451685654,3.2008727155999996,3.7024985923999996,0.5016258767999999
9893,2.1060925874999996,1.9835683525,2.2286168225,0.24504846999999974
9895,2.701345174,2.6981144435999997,2.7045759044,0.006461460800000207
9897,2.89122674,2.8606470360000005,2.921806444,0.06115940799999953
9900,2.192906389,1.8801626334000003,2.5056501446,0.6254875111999998
9901,2.88800709,2.8868599259999996,2.889154254,0.0022943280000005117
9902,2.627716001,2.5224524014,2.7329796006,0.21052719919999996
9903,2.9102321199999994,2.867867368,2.9525968720000004,0.08472950400000023
9904,2.1410925690000004,1.9010823414,2.3811027966,0.48002045520000003
9906,2.926780748,2.9062526472,2.9473088488,0.04105620160000001
9908,3.2531732915000005,2.8447394080999997,3.6616071749000003,0.8168677668000006
9909,2.7750642725000003,2.7287399815,2.8213885635,0.09264858199999981
9911,1.8484401825000003,1.6734829094999997,2.0233974555,0.3499145460000004
9912,2.7427611499999998,2.68351561,2.8020066900000002,0.11849108000000008
9913,3.0163238210000003,2.9661442925999997,3.0665033494,0.10035905680000035
9914,2.6708755545,2.5828757763,2.7588753327,0.1759995564000003
9915,2.6796203194999997,2.6472112473,2.7120293917000002,0.06481814440000022
9916,2.0699613615000003,1.8063956169,2.3335271061,0.5271314892000001
9918,2.840708365,2.820641711,2.860775019,0.040133308000000145
9919,2.5950695835000004,2.4821565501000005,2.7079826169,0.2258260667999994
9920,2.3537351740000005,2.1177899044,2.5896804436000003,0.47189053920000035
9921,2.383201198,2.3534983188000003,2.4129040772000003,0.059405758400000064
9923,3.0868218235000002,2.8509809529,3.3226626940999995,0.4716817411999994
9925,2.4602413215,2.4056739929,2.5148086501,0.10913465719999982
9926,2.714710191,2.6359846674,2.7934357146,0.15745104720000036
9927,2.9194788375,2.9162969025,2.9226607724999996,0.006363869999999494
9928,2.497729617999999,2.3896581708,2.6058010652,0.2161428943999999
9929,3.2003408895,2.9778836453000004,3.4227981336999993,0.4449144883999989
9933,2.8582308385,2.8451731739,2.8712885030999997,0.026115329199999593
9937,2.7311852715000002,2.6673093801000003,2.7950611629,0.12775178279999988
9938,2.9754925125,2.9416455075,3.0093395175,0.06769400999999986
9939,2.3235255304999995,2.1143825183000002,2.5326685427,0.41828602439999996
9940,2.6263463195,2.5151293917,2.7375632473000002,0.22243385560000029
9941,2.2715365865,2.1355783519,2.4074948211000002,0.27191646920000023
9942,2.3437828455000007,2.2711761072999996,2.4163895837,0.14521347640000037
9943,2.7323930284999998,2.6577038171000003,2.8070822399,0.1493784227999999
9944,2.984974663,2.9501357282000003,3.0198135978,0.06967786959999955
9945,2.9278726985,2.9130736191,2.9426717779000002,0.029598158800000274
9946,2.8601827815,2.8479058940999993,2.8724596689,0.02455377480000065
9947,2.5762294785,2.4503712698999998,2.7020876870999997,0.25171641719999993
9948,2.8273054035,2.8018775649,2.8527332421,0.05085567719999995
9949,2.8129609010000003,2.7817952614,2.8441265405999996,0.06233127919999948
9950,2.9159817285000003,2.9059390371,2.9260244199,0.02008538280000005
9951,2.6841996454999997,2.6015295036999997,2.7668697872999997,0.16534028359999997
9952,2.9602369799999995,2.932492188,2.987981772,0.055489584000000036
9955,2.9039497775,2.8850432885,2.9228562665,0.037812978000000275
9956,2.4975710584999997,2.3948590351,2.6002830819000002,0.20542404680000015
9958,2.7676646115000003,2.7507763669000003,2.7845528561000004,0.03377648920000009
9959,3.0774051995000002,2.9494048793000003,3.2054055197,0.2560006403999999
9960,2.425521984,2.2648483904,2.5861955776000003,0.3213471872000002
9961,2.6260493355,2.5641790696999998,2.6879196013,0.1237405316000002
9962,3.2098034324999998,2.8245064055,3.5951004595000002,0.770594054
9964,3.206077670499999,2.9309559387000004,3.4811994023,0.5502434635999998
9965,2.9682774385,2.8789068139,3.0576480631000003,0.17874124920000023
9968,3.057113155999999,2.9843124184,3.1299138935999995,0.14560147519999944
9969,2.2406626029999996,2.1461015618,2.3352236442,0.18912208239999995
9970,2.5144877285,2.3903036199,2.6386718371,0.2483682171999999
9972,3.4810536630000004,3.2566459282000007,3.7054613977999997,0.4488154695999991
9973,3.1024980535,2.8343428749000004,3.3706532321000005,0.5363103572000001
9975,2.7438696365000004,2.6016614911,2.8860777818999996,0.28441629079999986
9979,2.721318727,2.6534962178,2.7891412362,0.13564501839999998
9980,2.8326084780000005,2.8093018692,2.8559150868,0.046613217600000034
9982,2.7981253694999992,2.7610255173,2.8352252217,0.07419970440000023
9983,2.6774209079999998,2.5940244712000005,2.7608173448000004,0.16679287359999995
9984,2.592731189,2.5249011134,2.6605612645999996,0.13566015119999975
9986,2.4495532160000004,2.2048383296,2.6942681024,0.48942977280000033
9987,2.070013533,1.8709469198,2.2690801462,0.39813322639999993
9989,2.9522651694999995,2.7395368372999997,3.1649935017,0.4254566644000004
9991,1.9760152349999995,1.808979541,2.143050929,0.33407138800000014
9992,2.7574180520000002,2.6651328727999997,2.8497032312,0.18457035840000025
9993,2.2177370595,2.1792398357000002,2.2562342833,0.07699444759999974
9994,2.4957609800000005,2.417621788,2.573900172,0.15627838400000016
9995,2.117264640000001,2.026131184,2.2083980960000003,0.18226691200000023
9996,2.831679866,2.6112022124,3.0521575196,0.4409553072000003
9997,2.861018154,2.7656694156,2.9563668924,0.19069747680000004
9998,2.6785491445000003,2.5936188023,2.7634794867,0.16986068440000013
9999,2.881138208,2.8772434911999993,2.8850329247999995,0.007789433600000173
10000,2.6261870615,2.5203118861,2.7320622369,0.21175035080000004
