CUSTOMER_ID,AVG_RISK,MIN_RISK,MAX_RISK,VAR
1,2.4691391710000000,2.2811007026000000,2.6571776394000000,0.37607693680000010000
3,2.6342775239999990,2.5448289336000000,2.7237261144000002,0.17889718080000040000
4,2.8372193770000000,2.8157571278000000,2.8586816261999997,0.04292449839999968000
6,2.7688018669999996,2.7199726138000000,2.8176311201999997,0.09765850639999973000
7,2.8329695815000004,2.8098074141000002,2.8561317488999998,0.04632433479999953400
8,2.8288487020000010,2.8040381828000000,2.8536592212000000,0.04962103840000020600
9,2.8515036344999998,2.8357550883000000,2.8672521807000000,0.03149709239999998000
11,2.7798182889999996,2.7353956045999994,2.8242409734000002,0.08884536880000082000
12,2.8187867344999997,2.7899514282999998,2.8476220407000000,0.05767061240000037600
13,2.4304404370000000,2.3443002118000000,2.5165806621999995,0.17228045039999973000
14,2.4629770785000000,2.3574298471000000,2.5685243099000004,0.21109446280000022000
15,2.8991706865000010,2.8564385611000000,2.9419028118999995,0.08546425079999942000
18,2.2469349655000004,2.1540569793000000,2.3398129517000000,0.18575597239999997000
20,2.9508453860000000,2.8688907403999995,3.0328000316000000,0.16390929120000042000
21,2.9720531740000000,2.8601140436000003,3.0839923044000000,0.22387826079999984000
22,2.4218259785000003,2.2426287871000000,2.6010231699000004,0.35839438280000024000
23,3.1835574505000000,2.9495816307000000,3.4175332703000000,0.46795163959999986000
24,2.4752684644999996,2.2706926787000000,2.6798442503000000,0.40915157159999980000
27,2.3599391000000000,2.2318394599999998,2.4880387400000000,0.25619928000000014000
28,2.6802540674999995,2.6795140944999996,2.6809940405000000,0.00147994600000034280
29,3.0219030690000000,2.9152286966000000,3.1285774414000000,0.21334874480000020000
30,2.4998205404999996,2.4204683243000000,2.5791727567000000,0.15870443239999998000
31,1.8841259210000005,1.6428015526000002,2.1254502894000002,0.48264873680000010000
32,3.0652025900000006,3.0473288259999998,3.0830763539999997,0.03574752799999992000
33,2.3402732789999994,2.2584515674000000,2.4220949905999998,0.16364342319999992000
34,3.5935684969999997,3.3600218958000000,3.8271150982000000,0.46709320240000010000
36,2.7850113205000000,2.7752639923000000,2.7947586487000002,0.01949465640000003200
37,2.5463469410000010,2.4085357174000000,2.6841581646000000,0.27562244719999995000
39,2.6755725590000000,2.5894515825999997,2.7616935353999996,0.17224195279999988000
43,2.4472419864999995,2.2697887811000000,2.6246951919000000,0.35490641079999996000
46,2.9839424095000004,2.9723110457000000,2.9955737733000003,0.02326272760000014400
49,2.4439633459999994,2.3087016075999998,2.5792250844000000,0.27052347680000020000
50,2.8635065015000000,2.7653835020999997,2.9616295009000000,0.19624599880000027000
51,2.4945781940000000,2.3391561164000000,2.6500002716000000,0.31084415520000030000
52,2.3375881590000000,2.2949160954000000,2.3802602226000000,0.08534412719999995000
53,2.8741949700000000,2.6153985580000000,3.1329913820000000,0.51759282400000030000
55,3.3649003630000010,3.1651253082000000,3.5646754178000000,0.39955010960000026000
57,2.6023893030000003,2.4560691818000000,2.7487094242000000,0.29264024240000010000
58,2.6794022065000000,2.5287918891000000,2.8300125239000000,0.30122063479999994000
59,2.5230885050000000,2.4519299030000004,2.5942471069999997,0.14231720399999936000
60,3.2844470350000003,2.9170042489999997,3.6518898209999997,0.73488557200000000000
61,2.7390653355000003,2.6982370696999998,2.7798936013000004,0.08165653160000064000
62,2.1576112315000000,2.1506291389000000,2.1645933241000000,0.01396418520000031200
65,2.4044815530000005,2.3402809317999997,2.4686821742000000,0.12840124240000028000
66,2.8111659830000004,2.7793519898000000,2.8429799762000000,0.06362798640000022000
67,3.0485368675000000,3.0094860145000000,3.0875877205000000,0.07810170599999999000
68,2.3659154300000000,2.3380732580000000,2.3937576020000000,0.05568434399999988600
69,2.8606979625000000,2.7626711475000003,2.9587247775000005,0.19605363000000020000
70,2.6355232050000006,2.4663479230000000,2.8046984870000000,0.33835056400000020000
71,2.6857589760000002,2.6037125664000000,2.7678053855999996,0.16409281919999952000
72,2.6794929959999996,2.5949401944000000,2.7640457975999997,0.16910560319999980000
73,2.7530097159999998,2.6978636024000000,2.8081558295999995,0.11029222719999954000
74,2.5478000720000000,2.4105701008000000,2.6850300432000000,0.27445994240000005000
75,2.8997200330000000,2.8961820198000000,2.9032580462000000,0.00707602640000004600
77,2.8847297305000006,2.7988656227000000,2.9705938383000000,0.17172821559999996000
78,2.6968474044999997,2.6192363663000005,2.7744584426999994,0.15522207639999897000
79,2.5778586059999977,2.4526520484000000,2.7030651636000000,0.25041311519999976000
80,2.7599982925000000,2.7076476095000000,2.8123489754999995,0.10470136599999957000
81,2.7250218315000000,2.6586805641000000,2.7913630989000002,0.13268253480000025000
82,2.8805194514999997,2.8763772321000000,2.8846616709000000,0.00828443880000007100
83,2.7860534714999994,2.7441248600999995,2.8279820828999997,0.08385722280000030000
84,1.6412197654999998,1.4964650593000000,1.7859744717000000,0.28950941239999994000
86,2.7594887015000000,2.7069341821000000,2.8120432209000000,0.10510903880000022000
89,2.5257776475000000,2.4760185884999997,2.5755367065000003,0.09951811800000065000
90,2.5959547219999997,2.4356532332000000,2.7562562107999997,0.32060297759999970000
91,3.0551831839999997,2.8641492576000003,3.2462171104000000,0.38206785279999966000
92,2.8601516295000002,2.7540390812999997,2.9662641777000000,0.21222509640000010000
95,2.3766297775000003,2.2276810665000000,2.5255784885000003,0.29789742200000013000
96,3.0678614850000000,2.9655820790000003,3.1701408910000000,0.20455881199999970000
97,2.8838859895000000,2.8543443853000000,2.9134275937000003,0.05908320840000014000
98,2.2292122235000000,2.0139793341000000,2.4444451129000000,0.43046577879999990000
99,3.2511981775000000,2.9103938484999996,3.5920025065000000,0.68160865800000050000
100,2.7904595565000000,2.6561717791000000,2.9247473338999996,0.26857555479999950000
101,2.2243940170000000,2.1106808102000003,2.3381072238000002,0.22742641359999993000
102,2.3831539569999993,2.1956891742000000,2.5706187397999996,0.37492956559999957000
103,2.7203507840000003,2.5985410976000000,2.8421604704000005,0.24361937280000046000
104,2.5066867215000004,2.4227748329000000,2.5905986101000003,0.16782377720000020000
106,2.7518838704999990,2.6962874187000000,2.8074803223000000,0.11119290360000011000
107,2.8097863669999996,2.7773509138000000,2.8422218202000000,0.06487090639999993000
108,2.6272086085000000,2.4716344519000000,2.7827827651000003,0.31114831320000036000
109,2.9620301380000003,2.9335680828000000,2.9904921932000000,0.05692411040000023000
110,2.8420692504999994,2.7534437506999994,2.9306947503000000,0.17725099960000046000
113,2.4565944679999990,2.4475294551999998,2.4656594808000000,0.01813002560000010000
114,2.5350341999999997,2.3730257200000000,2.6970426800000000,0.32401696000000024000
115,1.9714969594999996,1.8042945757000002,2.1386993433000000,0.33440476759999970000
117,2.6681015410000000,2.5789921574000000,2.7572109246000000,0.17821876719999974000
118,2.7747306480000002,2.7282729072000000,2.8211883888000000,0.09291548159999996000
119,2.9033980570000000,2.8983888342000000,2.9084072798000000,0.01001844560000009200
120,2.9467438184999972,2.9243114910999997,2.9691761458999997,0.04486465480000001400
121,2.7088510675000000,2.5859338945000000,2.8317682405000006,0.24583434600000054000
122,2.8848437850000000,2.7990252989999997,2.9706622710000000,0.17163697200000040000
124,2.7692497609999998,2.7002136654000000,2.8382858565999998,0.13807219119999958000
125,2.8191660214999996,2.7904824300999995,2.8478496128999997,0.05736718280000019400
126,2.3896547560000000,2.3075244536000000,2.4717850584000000,0.16426060479999993000
128,2.4084589505000000,2.3352217703000000,2.4816961306999996,0.14647436039999961000
129,3.3581946015000000,3.0741772420999998,3.6422119608999997,0.56803471879999990000
133,2.5062491710000003,2.4850439025999997,2.5274544394000000,0.04241053680000029000
134,2.9378986265000000,2.9316320770999997,2.9441651759000003,0.01253309880000053000
135,2.0825314784999995,1.9427720871000000,2.2222908698999997,0.27951878279999964000
136,1.9973252690000003,1.8139951614000000,2.1806553766000000,0.36666021519999980000
141,2.0392109280000006,1.8597245568000000,2.2186972992000000,0.35897274240000000000
142,2.2250184644999997,2.0806534787000000,2.3693834503000000,0.28872997160000000000
143,2.4935889560000000,2.3803221736000000,2.6068557383999997,0.22653356479999953000
144,2.8261800485000004,2.7360068679000000,2.9163532291000003,0.18034636120000025000
145,2.2194098815000000,2.1925319289000000,2.2462878341000003,0.05375590520000051000
147,2.9396433374999997,2.7677618725000004,3.1115248025000000,0.34376292999999960000
148,3.3775183210000000,3.2026484494000003,3.5523881926000000,0.34973974319999980000
150,2.8638172254999996,2.8529941156999996,2.8746403353000000,0.02164621960000046000
151,2.7929329555000000,2.7537561377000000,2.8321097733000000,0.07835363560000008000
154,3.0033609110000000,2.9463376754000000,3.0603841466000006,0.11404647120000044000
157,2.7073155790000000,2.6338918105999993,2.7807393473999995,0.14684753680000018000
158,2.8680541314999997,2.8589257841000000,2.8771824789000000,0.01825669479999980600
159,2.8637559505000000,2.8529083306999996,2.8746035702999997,0.02169523960000008200
160,2.7224124720000000,2.6550274608000000,2.7897974832000000,0.13477002240000013000
161,2.8075999660000000,2.7742899524000000,2.8409099795999997,0.06662002719999949000
163,2.9464170875000010,2.9166259224999997,2.9762082524999998,0.05958233000000002000
165,2.9322968780000003,2.8592916291999995,3.0053021267999998,0.14601049760000030000
169,2.0595603820000000,1.9765026291999999,2.1426181348000000,0.16611550560000032000
170,2.7323719815000000,2.7078799741000000,2.7568639889000000,0.04898401480000025000
172,2.7124723805000000,2.6890273327000000,2.7359174283000000,0.04689009560000024000
173,3.1412680905000006,3.0790013267000003,3.2035348543000000,0.12453352759999970000
174,2.7806595499999998,2.6547525700000000,2.9065665300000000,0.25181396000000020000
175,3.3994507379999996,3.0683210331999997,3.7305804428000000,0.66225940960000030000
176,3.0977169200000000,3.0458664880000000,3.1495673519999996,0.10370086399999945000
177,2.3941380690000003,2.3360612414000004,2.4522148966000000,0.11615365519999976000
178,3.0249758335000000,2.9565297669000000,3.0934219001000000,0.13689213319999993000
179,2.3791324654999997,2.3262514792999998,2.4320134516999996,0.10576197239999985000
181,2.8751425850000000,2.7402688190000000,3.0100163510000004,0.26974753200000023000
182,2.5180991954999996,2.3941119173000000,2.6420864737000000,0.24797455640000000000
183,2.9110277500000000,2.8380536500000000,2.9840018500000000,0.14594819999999986000
184,2.8951544865000000,2.8599506811000004,2.9303582919000000,0.07040761079999980000
185,2.3019054039999998,2.0761592424000000,2.5276515656000003,0.45149232320000010000
187,2.8790677700000007,2.7131252780000000,3.0450102620000000,0.33188498399999977000
189,2.8194231050000007,2.6606695470000000,2.9781766630000006,0.31750711600000070000
190,2.7273021520000000,2.7009716912000000,2.7536326128000000,0.05266092160000024000
191,2.0928494540000004,1.9041212724000003,2.2815776355999997,0.37745636319999940000
192,2.7198886255000000,2.6825352757000003,2.7572419752999995,0.07470669959999920000
193,3.4938197259999990,3.2358652164000000,3.7517742356000000,0.51590901920000000000
196,2.6519578944999997,2.5563910523000000,2.7475247366999995,0.19113368439999956000
198,2.8314539865000000,2.7224583811000000,2.9404495918999998,0.21799121079999972000
201,2.1488675959999997,1.9057473576000001,2.3919878344000000,0.48624047679999993000
202,2.6891217040000006,2.6084203856000000,2.7698230224000000,0.16140263679999967000
203,2.6357823130000000,2.5337452382000000,2.7378193878000000,0.20407414960000025000
204,2.7214815785000000,2.6537242099000000,2.7892389471000003,0.13551473720000030000
205,2.5790606640000004,2.4543349296000000,2.7037863984000000,0.24945146880000024000
206,2.8073187045000000,2.7738961862999996,2.8407412226999997,0.06684503640000017000
207,2.9421210824999980,2.9216226495000000,2.9626195155000000,0.04099686599999996500
208,2.7836519120000000,2.7407626768000000,2.8265411472000000,0.08577847039999975000
209,2.9753826264999996,2.8565916771000004,3.0941735758999998,0.23758189879999936000
210,2.4054479159999995,2.2112770824000000,2.5996187496000000,0.38834166719999974000
212,2.8626429110000000,2.8513500754000000,2.8739357466000000,0.02258567119999988000
213,2.7065913505000000,2.6328778906999997,2.7803048102999997,0.14742691959999998000
214,2.7083587860000000,2.6353523003999997,2.7813652716000004,0.14601297120000067000
215,2.8646882805000007,2.7815143927000000,2.9478621683000000,0.16634777559999980000
220,2.1864907270000000,2.1621728362000000,2.2108086177999997,0.04863578159999982000
223,3.5145489254999998,3.1973016957000002,3.8317961553000000,0.63449445960000000000
224,2.1922688030000006,1.9314824818000000,2.4530551242000000,0.52157264240000000000
226,3.1568201675000003,2.8565454345000000,3.4570949005000000,0.60054946599999990000
227,2.7068789229999997,2.6703772921999995,2.7433805538000000,0.07300326160000026000
228,2.5501815315000000,2.3459625441000000,2.7544005188999994,0.40843797479999955000
229,2.8738192735000000,2.7803381829000000,2.9673003640999998,0.18696218119999974000
230,2.9267624545000000,2.8891094363000000,2.9644154727000000,0.07530603639999978000
231,2.7114478610000012,2.6917698054000000,2.7311259166000004,0.03935611120000049000
232,2.3736439720000004,2.2245867832000004,2.5227011608000000,0.29811437759999970000
233,2.7344855770000000,2.6719298078000000,2.7970413462000000,0.12511153840000010000
234,2.7095369954999990,2.6370017937000000,2.7820721973000000,0.14507040360000012000
235,2.7382599334999997,2.6772139069000000,2.7993059601000000,0.12209205319999983000
236,2.7278740014999990,2.6626736021000000,2.7930744009000000,0.13040079880000022000
237,2.7399951574999997,2.6796432204999996,2.8003470944999997,0.12070387400000016000
238,2.7173333289999997,2.6479166606000000,2.7867499974000000,0.13883333679999987000
239,2.6288651690000000,2.5240612365999997,2.7336691013999994,0.20960786479999970000
241,2.7151765935000003,2.5614912308999997,2.8688619561000000,0.30737072520000020000
242,2.9107377950000000,2.9027926770000000,2.9186829130000000,0.01589023600000017000
243,2.8279359930000005,2.6495735902000000,3.0062983958000000,0.35672480559999986000
244,2.8350838760000000,2.8127674263999993,2.8574003255999996,0.04463289920000024000
245,2.7229683959999990,2.7084913544000004,2.7374454376000004,0.02895408319999992500
247,2.4710021920000000,2.3404273152000004,2.6015770687999997,0.26114975359999937000
248,2.2025299595000000,2.0231931757000000,2.3818667433000003,0.35867356760000035000
249,2.8419963780000000,2.6895393292000000,2.9944534268000003,0.30491409760000020000
250,2.2326665845000004,2.0835423507000000,2.3817908183000000,0.29824846759999970000
252,3.2536718785000005,2.9742742299000002,3.5330695270999994,0.55879529719999920000
253,2.3086739659999997,2.1674855796000000,2.4498623524000003,0.28237677280000020000
255,2.3955610985000000,2.3157214591000000,2.4754007379000000,0.15967927879999966000
256,2.3614276770000000,2.3437270062000000,2.3791283478000000,0.03540134160000008000
258,3.2888387750000003,2.9963890850000000,3.5812884650000000,0.58489938000000000000
259,2.3542021099999997,2.3127112660000000,2.3956929540000000,0.08298168799999983000
260,2.1090177645000000,1.9354430587000002,2.2825924703000000,0.34714941159999980000
263,2.1446329129999997,2.0758601478000000,2.2134056782000000,0.13754553040000017000
265,3.2485763660000000,2.9637089124000000,3.5334438196000004,0.56973490720000040000
267,3.0378239595000000,2.9802523433000000,3.0953955757000000,0.11514323239999990000
268,2.2813512665000000,2.0342619599000000,2.5284405730999997,0.49417861319999990000
271,2.8925449940000000,2.8579009963999997,2.9271889915999996,0.06928799519999984000
274,2.9799311499999996,2.7144480100000000,3.2454142900000000,0.53096627999999990000
275,2.8519362874999996,2.7763164025000004,2.9275561725000000,0.15123976999999966000
276,3.0155142159999997,2.8802339024000000,3.1507945295999997,0.27056062719999960000
277,2.6526037860000000,2.5572953004000003,2.7479122716000000,0.19061697119999987000
278,3.0180033254999996,2.9671519952999996,3.0688546556999996,0.10170266039999998000
279,2.6733815910000010,2.5863842274000000,2.7603789545999997,0.17399472719999975000
280,2.8011709955000000,2.7652893937000000,2.8370525972999996,0.07176320359999977000
282,2.9222693600000000,2.9097116159999996,2.9348271039999996,0.02511548799999996400
283,2.7108646714999995,2.6388605401000000,2.7828688029000000,0.14400826279999990000
285,2.7493941760000000,2.6070094463999998,2.8917789056000003,0.28476945920000050000
286,2.4809187070000003,2.3744756242000005,2.5873617897999996,0.21288616559999918000
287,3.2490179274999997,3.0939322985000000,3.4041035565000000,0.31017125800000000000
288,2.5044340705000003,2.4191148423000000,2.5897532987000000,0.17063845639999986000
289,2.8717042795000010,2.7082759913000003,3.0351325677000000,0.32685657639999954000
291,2.3274900255000000,2.1650236153000004,2.4899564357000004,0.32493282039999993000
293,2.6949255439999997,2.5099829616000000,2.8798681264000000,0.36988516479999990000
294,2.1651492995000003,2.0537323797000000,2.2765662193000000,0.22283383959999980000
295,2.6477901125000000,2.5044201575000002,2.7911600675000000,0.28673990999999965000
297,2.8153201765000000,2.7058274471000000,2.9248129059000000,0.21898545880000020000
298,2.5635813985000000,2.4675064390999997,2.6596563578999994,0.19214991879999976000
299,2.7683178870000003,2.5829830418000000,2.9536527322000000,0.37066969040000020000
304,3.1450203654999993,3.0727969117000000,3.2172438193000000,0.14444690760000034000
305,1.8577417649999997,1.6790638590000000,2.0364196710000000,0.35735581200000000000
306,1.9806361394999998,1.8029080836999998,2.1583641953000000,0.35545611160000010000
309,2.6195480860000000,2.5110173204000000,2.7280788515999994,0.21706153119999927000
310,2.1373334465000000,1.8468188679000002,2.4278480251000003,0.58102915720000010000
311,2.8168028440000000,2.7871739816000000,2.8464317063999998,0.05925772479999969000
312,2.5921422294999980,2.4726491213000000,2.7116353376999998,0.23898621639999984000
313,2.9385270775000000,2.9194662465000000,2.9575879085000000,0.03812166200000000000
315,2.6646270724999988,2.5741279015000000,2.7551262435000000,0.18099834200000010000
316,2.7061153025000000,2.6322114235000003,2.7800191815000000,0.14780775799999990000
317,2.7178481840000006,2.5966294575999997,2.8390669104000000,0.24243745280000040000
318,2.8922052485000000,2.8916731490999994,2.8927373479000000,0.00106419880000041540
320,2.2766563580000003,2.1388234148000000,2.4144893012000000,0.27566588640000010000
322,3.1462078064999990,3.0934173291000002,3.1989982839000004,0.10558095480000018000
323,2.3049100169999996,2.1168424102000000,2.4929776238000000,0.37613521360000000000
324,2.2377301460000000,2.1061516876000000,2.3693086044000000,0.26315691679999986000
325,2.3297630215000000,2.2188182129000000,2.4407078301000000,0.22188961720000000000
326,3.3600125345000005,2.9896611483000000,3.7303639207000003,0.74070277240000020000
327,2.7964499800000000,2.6832391720000000,2.9096607880000000,0.22642161600000010000
328,2.3792959375000000,2.2564723625000000,2.5021195125000000,0.24564715000000037000
329,2.4147507174999996,2.3805464305000000,2.4489550044999997,0.06840857399999978000
330,2.8708624135000000,2.8648254481000004,2.8768993789000000,0.01207393079999974400
331,3.4133869765000004,3.1933869671000004,3.6333869859000005,0.44000001880000017000
332,3.1405391505000000,3.0590036107000005,3.2220746902999995,0.16307107959999900000
334,2.9030723744999998,2.7750457243000000,3.0310990247000000,0.25605330040000010000
335,2.6416395680000000,2.5999177408000005,2.6833613952000004,0.08344365439999990000
337,3.0053717904999995,2.9205365067000004,3.0902070743000003,0.16967056759999988000
341,2.7688944190000004,2.7311141866000000,2.8066746514000000,0.07556046479999967000
342,2.8243731665000000,2.7977724331000000,2.8509738999000000,0.05320146680000004000
343,2.2058071544999995,1.9585654927000002,2.4530488163000000,0.49448332359999970000
344,2.7124167109999995,2.5402545954000000,2.8845788266000000,0.34432423119999990000
345,2.6152818874999997,2.4724803325000000,2.7580834425000003,0.28560311000000027000
348,2.6497252454999995,2.5532653436999997,2.7461851473000003,0.19291980360000060000
349,2.8397459950000004,2.8192943930000003,2.8601975970000000,0.04090320399999969000
350,2.7255083420000000,2.5348748788000000,2.9161418052000000,0.38126692639999993000
352,2.7638296684999997,2.7130115359000000,2.8146478011000000,0.10163626519999980000
355,2.7598176915000000,2.7073947681000000,2.8122406149000000,0.10484584679999998000
356,2.5267797780000000,2.3624320892000000,2.6911274668000000,0.32869537759999990000
357,2.7042239795000005,2.6295635713000003,2.7788843877000000,0.14932081639999950000
359,2.9330147005000000,2.9161588202999997,2.9498705807000000,0.03371176040000012400
360,2.0053012159999990,1.7675995296000000,2.2430029023999998,0.47540337279999980000
361,2.9512200545000002,2.9270820327000000,2.9753580763000000,0.04827604360000004000
363,2.9309937035000004,2.9149462220999998,2.9470411849000000,0.03209496280000046000
366,2.2268611660000004,2.0865758996000000,2.3671464324000002,0.28057053280000010000
368,2.6392153990000002,2.5779219585999997,2.7005088394000000,0.12258688080000013000
369,2.5833708595000000,2.4083085157000000,2.7584332032999996,0.35012468759999970000
370,3.2156646335000008,2.7538924869000000,3.6774367801000000,0.92354429320000000000
371,2.2495945230000003,2.1149971138000000,2.3841919322000003,0.26919481840000037000
373,2.1959753035000010,1.9991315821000000,2.3928190249000000,0.39368744280000010000
374,3.0626867885000000,2.9979959038999997,3.1273776731000000,0.12938176920000010000
375,2.7807044919999990,2.6160862887999996,2.9453226952000000,0.32923640640000020000
377,2.4425835465000003,2.2533545278999996,2.6318125651000000,0.37845803720000060000
378,2.1573433335000000,2.0362396001000000,2.2784470669000000,0.24220746680000005000
379,2.9608171480000000,2.8372836072000003,3.0843506888000003,0.24706708160000002000
380,2.4691765100000000,2.4677211060000004,2.4706319140000000,0.00291080799999976500
381,2.9814604559999998,2.8928246384000000,3.0700962736000004,0.17727163520000033000
382,2.8580656700000000,2.7230683380000000,2.9930630020000000,0.26999466399999994000
383,2.6264046890000000,2.5539997646000000,2.6988096134000000,0.14480984880000003000
385,3.0447334735000005,2.9631420629000003,3.1263248840999993,0.16318282119999905000
387,2.1716497814999993,1.9104298688999999,2.4328696941000000,0.52243982520000000000
389,2.6697862865000000,2.5813508010999997,2.7582217718999997,0.17687097080000003000
390,2.5910011545000007,2.4710516163000000,2.7109506926999996,0.23989907639999952000
391,2.9602101160000003,2.8667481624000000,3.0536720696000000,0.18692390720000018000
393,2.7170512955000000,2.6475218137000000,2.7865807773000000,0.13905896360000014000
394,3.2006216215000000,3.0482982701000000,3.3529449729000005,0.30464670280000040000
395,2.8412396755000002,2.7232367457000000,2.9592426053000000,0.23600585960000010000
396,2.3399860860000000,2.3065833204000000,2.3733888516000000,0.06680553119999999000
397,2.3910593689999993,2.2532136214000000,2.5289051166000000,0.27569149519999980000
399,3.1283319170000006,2.8854850838000000,3.3711787502000000,0.48569366640000000000
400,1.8602192334999998,1.6737603401000000,2.0466781269000000,0.37291778679999976000
401,3.2797793614999997,3.0366527061000000,3.5229060168999995,0.48625331079999956000
402,2.8935643680000003,2.7170477151999997,3.0700810208000000,0.35303330560000035000
404,2.3533251440000000,2.3172292016000000,2.3894210864000000,0.07219188480000005000
405,2.3390382600000000,2.2346845559999995,2.4433919639999995,0.20870740799999998000
406,3.0547784989999998,2.8898474986000000,3.2197094993999995,0.32986200079999950000
407,2.2091240940000000,2.1416736564000000,2.2765745315999997,0.13490087519999960000
410,2.8777388280000005,2.7954256967999997,2.9600519592000000,0.16462626240000010000
411,2.8150681005000000,2.7955357406999997,2.8346004603000000,0.03906471960000024000
412,2.8924515555000000,2.7661241777000005,3.0187789333000000,0.25265475559999960000
413,3.5627568670000005,3.3300296138000000,3.7954841202000000,0.46545450639999997000
415,2.0722013369999996,1.9084836021999998,2.2359190718000000,0.32743546960000036000
418,3.0365362560000000,2.9227047584000000,3.1503677536000000,0.22766299519999977000
420,3.0217216774999995,2.8579383485000000,3.1855050065000000,0.32756665800000030000
421,2.6654850255000015,2.5753290357000003,2.7556410153000000,0.18031197959999990000
422,2.7652480784999995,2.7149973098999998,2.8154988471000000,0.10050153720000043000
424,2.3094516364999995,2.2671069819000000,2.3517962911000000,0.08468930919999984000
426,2.8509707330000000,2.7776494262000004,2.9242920398000000,0.14664261359999964000
427,2.8576895915000000,2.8444154281000000,2.8709637549000000,0.02654832679999996600
428,2.6642527405000000,2.5736038367000000,2.7549016443000000,0.18129780760000003000
429,2.9039821085000000,2.8987392650999997,2.9092249519000000,0.01048568680000050400
431,2.9443510454999995,2.9229606273000000,2.9657414637000000,0.04278083639999996600
433,2.7232864169999990,2.6562509838000000,2.7903218502000000,0.13407086639999966000
435,2.5710326555000000,2.4430957177000003,2.6989695932999997,0.25587387559999940000
437,2.7370425154999993,2.6755095217000000,2.7985755093000000,0.12306598759999998000
441,2.4266600120000000,2.4174608168000000,2.4358592072000000,0.01839839040000024200
442,2.4472630200000000,2.2369770120000000,2.6575490280000000,0.42057201599999994000
443,2.8080587169999998,2.7357130038000004,2.8804044302000000,0.14469142639999966000
444,2.8427090539999997,2.7109206756000000,2.9744974323999998,0.26357675679999960000
445,3.2638117190000010,2.8927112066000000,3.6349122314000004,0.74220102480000040000
446,2.3346402690000008,2.1622253614000000,2.5070551765999998,0.34482981519999980000
447,3.4333110575000005,3.1026594805000003,3.7639626345000000,0.66130315399999960000
448,2.2041964500000000,2.0417790700000000,2.3666138300000000,0.32483475999999990000
449,2.6299200500000004,2.4815340700000004,2.7783060300000000,0.29677195999999960000
454,2.6098830850000000,2.4977743190000000,2.7219918510000003,0.22421753200000039000
457,2.8932547190000000,2.8163930066000002,2.9701164313999997,0.15372342479999945000
458,2.7056811735000000,2.6316036428999996,2.7797587041000000,0.14815506120000022000
459,2.6431265190000000,2.5440271266000000,2.7422259114000000,0.19819878479999975000
460,2.6937357370000004,2.5314740318000000,2.8559974422000000,0.32452341039999990000
461,2.8419108515000000,2.8223251920999997,2.8614965109000003,0.03917131880000069000
465,2.6899072490000000,2.6095201485999997,2.7702943494000000,0.16077420080000016000
467,2.8220132415000000,2.7944685381000000,2.8495579449000004,0.05508940680000052000
468,2.8568265334999990,2.8432071468999998,2.8704459201000000,0.02723877320000012000
470,2.6435810900000000,2.5446635260000000,2.7424986540000000,0.19783512799999992000
472,2.7699660180000000,2.7216024252000000,2.8183296107999998,0.09672718559999982000
474,3.3198636565000000,3.0798267191000000,3.5599005939000000,0.48007387479999997000
476,2.5735370045000003,2.5388842027000000,2.6081898063000000,0.06930560360000015000
480,2.5878016880000000,2.4209462127999997,2.7546571631999996,0.33371095040000000000
481,3.5265323900000007,3.2954105460000000,3.7576542340000000,0.46224368800000004000
482,2.4838099490000000,2.4642303694000000,2.5033895286000000,0.03915915920000001500
483,2.7681071915000000,2.6862764681000000,2.8499379149000004,0.16366144680000040000
484,2.5285171585000000,2.4328438951000004,2.6241904219000003,0.19134652679999986000
487,2.9060284830000000,2.9021686762000000,2.9098882898000000,0.00771961359999995300
491,2.5905663985000000,2.4704429579000000,2.7106898391000000,0.24024688120000004000
492,2.8246724440000000,2.6737046215999998,2.9756402663999997,0.30193564479999990000
493,2.5291475739999996,2.5225386035999997,2.5357565444000000,0.01321794080000016000
494,2.9647115825000000,2.7762182155000000,3.1532049495000000,0.37698673399999993000
495,2.7983169390000000,2.7612937146000003,2.8353401633999997,0.07404644879999944000
496,2.9496964435000006,2.9261678660999997,2.9732250209000000,0.04705715480000050000
497,2.7394224850000004,2.6788414790000004,2.8000034910000000,0.12116201199999965000
499,2.7319108615000000,2.6683252060999996,2.7954965168999997,0.12717131080000010000
500,2.6602461219999998,2.5679945708000003,2.7524976731999997,0.18450310239999945000
501,2.8177847230000004,2.7885486121999996,2.8470208338000000,0.05847222160000021000
502,2.7621005880000000,2.7105908232000000,2.8136103528000000,0.10301952960000005000
504,2.5941363170000002,2.4754408438000000,2.7128317901999996,0.23739094639999970000
505,2.6175831824999998,2.5082664555000000,2.7268999094999997,0.21863345399999990000
506,1.9286885899999993,1.6689463540000002,2.1884308260000000,0.51948447199999960000
507,2.7125611400000000,2.6412355960000000,2.7838866839999996,0.14265108799999960000
509,2.7858858255000003,2.7438901556999995,2.8278814952999998,0.08399133960000027000
511,2.5726940830000000,2.4454217162000003,2.6999664498000000,0.25454473359999950000
512,2.9477370919999997,2.9249922552000000,2.9704819288000000,0.04548967360000011000
515,2.9609020520000000,2.9258048312000000,2.9959992728000002,0.07019444160000043000
516,2.4760955545000005,2.4423149327000000,2.5098761762999997,0.06756124359999971000
518,3.4381357685000010,3.0566416759000004,3.8196298610999997,0.76298818519999930000
520,2.9390767835000000,2.8462394969000000,3.0319140700999996,0.18567457319999958000
521,2.4783970575000000,2.4667954345000003,2.4899986805000000,0.02320324599999956700
522,2.0032065920000000,1.8056887552000000,2.2007244287999996,0.39503567359999960000
524,2.1689647700000000,2.1087340620000000,2.2291954780000000,0.12046141599999993000
527,2.7986425210000005,2.7421699294000000,2.8551151126000000,0.11294518319999991000
528,2.9030754205000000,2.7815895886999997,3.0245612523000000,0.24297166360000010000
529,2.5854801065000000,2.5154149490999997,2.6555452638999997,0.14013031479999993000
530,2.5247112839999980,2.4303385976000000,2.6190839704000000,0.18874537280000014000
533,2.8463004709999997,2.8284706593999998,2.8641302825999997,0.03565962319999993500
537,3.0227932460000004,2.9538765444000000,3.0917099476000000,0.13783340320000015000
538,3.0427112085000000,3.0421056919000000,3.0433167251000000,0.00121103320000015560
540,2.7051501025000000,2.6308601435000000,2.7794400615000000,0.14857991799999980000
541,2.0996966895000000,1.8242368137000000,2.3751565653000000,0.55091975160000020000
543,2.7342633060000003,2.4143310284000000,3.0541955836000000,0.63986455520000000000
545,2.9076740909999996,2.9009544545999995,2.9143937273999994,0.01343927279999990200
546,2.8006286324999996,2.7645300855000000,2.8367271795000000,0.07219709399999985000
547,2.7012920505000000,2.5734508707000000,2.8291332303000000,0.25568235960000020000
550,2.7923454425000003,2.7266948194999996,2.8579960655000000,0.13130124600000048000
551,3.0324604995000000,3.0192642997000000,3.0456566993000003,0.02639239960000017000
552,2.7925404665000007,2.7446590531000000,2.8404218799000000,0.09576282680000014000
553,2.4226568884999997,2.2885965330999998,2.5567172439000000,0.26812071080000033000
554,3.0489809555000007,3.0082285377000000,3.0897333733000000,0.08150483560000010000
555,2.8808820710000000,2.8206464994000000,2.9411176425999996,0.12047114319999963000
558,2.9979536519999987,2.8559763128000000,3.1399309912000000,0.28395467839999977000
559,2.2166057790000000,2.0191114674000000,2.4141000906000000,0.39498862319999970000
560,2.9013732985000000,2.7498346179000000,3.0529119791000000,0.30307736120000020000
561,2.1698412835000003,1.9892103701000001,2.3504721969000000,0.36126182680000010000
562,2.1094363564999994,2.0504946139000000,2.1683780991000000,0.11788348519999970000
563,2.4307152375000000,2.3472799425000000,2.5141505325000004,0.16687059000000026000
564,2.4805140685000002,2.3353152411000000,2.6257128959000000,0.29039765480000000000
566,2.2994128244999996,2.2106148947000004,2.3882107543000000,0.17759585959999980000
567,2.8024867354999996,2.6545130297000004,2.9504604412999997,0.29594741159999940000
568,3.0818184920000000,2.7670550888000000,3.3965818951999993,0.62952680639999950000
570,2.3965574634999998,2.3508764781000000,2.4422384489000000,0.09136197079999997000
571,3.4308585780000010,3.1646264092000003,3.6970907468000003,0.53246433760000000000
572,2.4588102299999997,2.4144929380000000,2.5031275220000000,0.08863458400000024000
573,2.7503732710000000,2.7049265794000004,2.7958199626000000,0.09089338319999962000
574,2.7190077730000000,2.6502608822000000,2.7877546638000000,0.13749378159999992000
575,2.8354329344999982,2.8132561083000000,2.8576097606999995,0.04435365239999944400
576,2.0470302405000000,1.8981877443000000,2.1958727367000000,0.29768499240000024000
578,3.4401459189999990,3.2173222866000004,3.6629695514000002,0.44564726479999983000
579,2.6175751075000000,2.5082551505000000,2.7268950644999994,0.21863991399999927000
581,2.7305585580000002,2.6664319811999997,2.7946851347999995,0.12825315359999978000
584,2.7886755400000000,2.7477957560000000,2.8295553239999998,0.08175956799999984000
585,2.6252610835000000,2.5190155168999997,2.7315066501000000,0.21249113320000035000
586,2.7168351399999997,2.6472191960000000,2.7864510840000000,0.13923188799999986000
587,2.8746042609999995,2.7205571654000007,3.0286513566000000,0.30809419119999950000
589,2.1309336014999990,2.1151373609000000,2.1467298421000000,0.03159248120000013000
592,2.2439744770000000,2.1816102861999997,2.3063386678000000,0.12472838160000022000
593,2.7546621704999990,2.6542546387000000,2.8550697023000000,0.20081506359999990000
595,3.1999997480000000,2.9425156472000005,3.4574838488000000,0.51496820159999950000
597,2.3641347620000004,2.2387980572000000,2.4894714668000000,0.25067340960000006000
598,2.3250972529999996,2.2250255518000000,2.4251689541999997,0.20014340239999973000
600,3.0817951145000000,3.0617191602999996,3.1018710687000000,0.04015190840000038000
602,2.2457436129999997,2.1095785678000003,2.3819086582000000,0.27233009039999967000
603,2.9882874629999994,2.7488136482000000,3.2277612777999996,0.47894762959999950000
608,2.8109345860000000,2.6249908203999994,2.9968783515999995,0.37188753120000007000
609,2.6192613480000000,2.5201776087999996,2.7183450872000003,0.19816747840000070000
610,2.8449085355000006,2.6940715497000003,2.9957455213000004,0.30167397160000010000
612,2.7407623990000000,2.6807173586000000,2.8008074393999998,0.12009008079999983000
613,2.9869396545000000,2.9485137927000000,3.0253655162999995,0.07685172359999948000
614,2.8872851905000000,2.7639756667000000,3.0105947143000000,0.24661904759999986000
615,2.8019530514999995,2.7663842721000003,2.8375218309000000,0.07113755879999983000
616,2.7142330780000004,2.6435763092000000,2.7848898468000000,0.14131353759999987000
617,2.3502934910000000,2.1340608874000000,2.5665260946000000,0.43246520719999990000
618,2.7315146305000004,2.6677704827000004,2.7952587783000000,0.12748829559999963000
619,2.6828391565000000,2.5996248190999993,2.7660534938999994,0.16642867480000012000
620,2.8470642109999997,2.7597590953999998,2.9343693266000000,0.17461023120000040000
621,2.9059483610000000,2.7067829054000003,3.1051138166000000,0.39833091119999950000
622,2.6058384834999995,2.5377658769000000,2.6739110901000000,0.13614521319999984000
623,2.2700495585000002,2.1957277350999997,2.3443713819000003,0.14864364680000053000
624,2.5501260285000007,2.4380192171000000,2.6622328399000000,0.22421362280000023000
625,3.0027273424999990,2.9814470795000000,3.0240076054999996,0.04256052599999949000
626,2.0454888464999996,2.0323727851000000,2.0586049079000000,0.02623212279999975700
627,2.8673399550000016,2.8272911369999996,2.9073887729999996,0.08009763600000008000
630,2.5488887875000006,2.3576592725000000,2.7401183025000000,0.38245903000000014000
631,2.5072297645000000,2.3513446587000000,2.6631148703000000,0.31177021159999985000
632,2.4488588535000000,2.3915893121000000,2.5061283949000000,0.11453908280000036000
633,2.2976575535000000,2.1644601321000000,2.4308549749000000,0.26639484280000003000
634,2.4273031555000006,2.3482838933000000,2.5063224177000000,0.15803852439999977000
635,2.6386956144999996,2.4858158603000002,2.7915753687000002,0.30575950840000000000
640,2.6520494145000000,2.5565191803000000,2.7475796486999995,0.19106046839999946000
641,2.9072585350000000,2.9007051209999997,2.9138119490000000,0.01310682800000018100
642,2.6140504585000004,2.5033206419000000,2.7247802751000000,0.22145963320000028000
643,2.8175709395000000,2.7882493152999994,2.8468925636999995,0.05864324840000012500
646,2.8385989095000000,2.8176884732999996,2.8595093456999994,0.04182087239999976400
647,2.7446210790000003,2.6861195106000000,2.8031226474000000,0.11700313679999974000
648,2.5344107995000000,2.3918251193000000,2.6769964797000000,0.28517136040000013000
650,2.6768162465000000,2.5911927451000000,2.7624397479000000,0.17124700279999994000
651,2.2067929259999994,2.1751089556000000,2.2384768964000000,0.06336794080000008000
653,2.8762469005000000,2.8417408607000003,2.9107529403000000,0.06901207959999978000
654,2.3802551724999996,2.2123903035000000,2.5481200415000003,0.33572973800000040000
655,2.3432563030000000,2.2028429818000000,2.4836696242000000,0.28082664240000010000
658,3.0314199614999997,2.9409635461000000,3.1218763768999995,0.18091283079999965000
659,2.6098514329999998,2.5427736598000000,2.6769292062000000,0.13415554640000016000
660,1.9332273085000000,1.8837543851000000,1.9827002319000002,0.09894584680000018000
663,2.1428354879999990,2.0050008928000000,2.2806700832000000,0.27566919039999993000
664,2.3980570140000004,2.2663070083999997,2.5298070196000000,0.26350001120000055000
667,2.8695176730000003,2.7348959421999997,3.0041394038000000,0.26924346160000034000
668,2.8521206795000000,2.7480608077000000,2.9561805513000000,0.20811974360000018000
669,2.0926399454999998,1.9554167673000000,2.2298631237000000,0.27444635639999990000
670,3.0082334540000000,2.8831956356000000,3.1332712724000000,0.25007563680000010000
672,1.9766586700000002,1.9305141380000002,2.0228032020000000,0.09228906399999981000
673,2.9902947324999998,2.9135218255000000,3.0670676395000003,0.15354581400000010000
675,2.8016049990000000,2.7658969986000000,2.8373129994000000,0.07141600079999977000
676,2.6447438490000000,2.5462913886000000,2.7431963093999996,0.19690492079999977000
677,2.8362873625000002,2.7624443075000000,2.9101304175000000,0.14768610999999998000
678,2.8531866855000000,2.8381113597000000,2.8682620112999997,0.03015065159999963400
679,2.8604870224999996,2.8483318314999995,2.8726422134999994,0.02431038199999990800
680,1.9345106434999981,1.7564383861000000,2.1125829009000000,0.35614451480000020000
681,2.8829595344999990,2.8797933482999998,2.8861257207000000,0.00633237240000017500
682,2.7744580185000000,2.7278912258999997,2.8210248111000000,0.09313358520000037000
683,2.8278195209999994,2.8025973293999997,2.8530417125999996,0.05044438319999989000
685,2.8360064695000000,2.8140590572999997,2.8579538817000003,0.04389482440000059000
686,2.7047051260000000,2.6302371763999997,2.7791730755999997,0.14893589920000005000
688,2.2853277695000003,2.2140302617000000,2.3566252773000000,0.14259501559999999000
689,2.4153354985000000,2.3889740991000004,2.4416968979000000,0.05272279879999964000
690,2.5087790145000000,2.3236182086999997,2.6939398203000002,0.37032161160000054000
691,3.1433252995000003,2.9647578193000004,3.3218927797000000,0.35713496039999980000
692,2.9058940490000005,2.8867668686000000,2.9250212294000000,0.03825436079999989000
693,2.5832507700000007,2.4455932620000000,2.7209082780000000,0.27531501599999997000
694,2.2515572275000000,2.2101627365000000,2.2929517185000000,0.08278898199999984000
695,2.2306707450000003,2.0652700470000000,2.3960714430000000,0.33080139600000000000
696,3.0128891395000000,2.9774943953000004,3.0482838837000004,0.07078948839999999000
698,1.9785352644999998,1.8212003587000000,2.1358701703000005,0.31466981160000040000
700,2.2060145614999995,2.0734751369000000,2.3385539861000000,0.26507884920000000000
701,2.9447624204999996,2.7670045887000003,3.1225202523000000,0.35551566359999986000
702,2.3375477855000013,2.2317678713000000,2.4433276996999997,0.21155982839999954000
703,2.8854201735000000,2.6952146429000000,3.0756257040999997,0.38041106119999980000
704,2.7574157135000004,2.6773639989000000,2.8374674281000000,0.16010342919999987000
706,2.6815857360000000,2.5978700304000000,2.7653014415999997,0.16743141119999950000
707,2.6906239189999996,2.5604158866000000,2.8208319514000006,0.26041606480000070000
708,2.8424360420000006,2.8032672588000000,2.8816048251999997,0.07833756639999967000
709,2.8968666580000004,2.8423771948000000,2.9513561212000003,0.10897892640000029000
710,2.1304482284999997,1.8740009371000002,2.3868955199000000,0.51289458279999980000
711,2.1366200245000004,2.0437012147000000,2.2295388343000000,0.18583761960000000000
712,3.2451821485000014,3.0824198079000000,3.4079444891000000,0.32552468120000010000
713,2.8910791695000000,2.7947676373000000,2.9873907017000000,0.19262306439999977000
714,2.9462703660000003,2.9241122195999996,2.9684285124000000,0.04431629280000049000
715,2.7206743500000000,2.6525940900000000,2.7887546100000000,0.13616051999999979000
716,2.8914677115000000,2.8912306268999997,2.8917047961000004,0.00047416920000076246
717,2.7916328779999997,2.6685300292000000,2.9147357268000000,0.24620569760000022000
718,2.8188145275000000,2.7899903385000000,2.8476387165000000,0.05764837800000011000
720,2.7880178074999997,2.7468749305000000,2.8291606845000000,0.08228575399999993000
721,2.6377250725000000,2.5364651014999997,2.7389850435000000,0.20251994200000034000
722,2.6639190160000000,2.3992550223999998,2.9285830096000000,0.52932798720000030000
723,2.9276900749999997,2.9129640450000000,2.9424161050000000,0.02945206000000011300
725,2.6478763594999997,2.5506769033000000,2.7450758156999995,0.19439891239999962000
727,2.8878608635000000,2.8866552089000006,2.8890665181000000,0.00241130919999932300
728,2.9103168184999997,2.9025400910999997,2.9180935459000000,0.01555345480000047700
729,2.7720250455000017,2.7251626637000004,2.8188874273000000,0.09372476359999960000
730,2.7457074529999996,2.7403260341999998,2.7510888718000000,0.01076283760000018600
731,2.9230150429999995,2.7678614602000000,3.0781686258000000,0.31030716560000027000
732,3.3914869315000000,3.1936361041000000,3.5893377588999997,0.39570165479999986000
733,2.1259028235000006,1.9662268940999998,2.2855787529000000,0.31935185879999994000
734,2.5686750389999995,2.4734746546000000,2.6638754234000000,0.19040076880000000000
735,2.7024201459999997,2.6487558043999995,2.7560844876000000,0.10732868320000044000
736,2.1142257835000000,1.9483562701000000,2.2800952969000000,0.33173902680000000000
738,2.9765482724999996,2.9360851815000000,3.0170113635000000,0.08092618199999979000
739,2.4582191980000000,2.4164468772000003,2.4999915188000000,0.08354464159999964000
740,2.8787053775000007,2.8738375285000000,2.8835732265000003,0.00973569800000007000
741,2.7399141670000007,2.6795298337999998,2.8002985002000000,0.12076866640000006000
744,2.8606096890000003,2.7660003646000000,2.9552190134000000,0.18921864879999983000
745,2.9561978439999996,2.7991893816000000,3.1132063064000000,0.31401692479999976000
746,2.7947698740000000,2.7563278235999995,2.8332119244000000,0.07688410080000052000
748,2.7115386375000000,2.6398040925000000,2.7832731824999994,0.14346908999999952000
749,2.0883217819999995,1.7647262692000000,2.4119172948000000,0.64719102559999970000
750,3.0473175345000000,2.9360129483000000,3.1586221207000000,0.22260917239999990000
752,2.7023038359999996,2.6268753704000000,2.7777323015999995,0.15085693119999943000
753,2.7819200965000010,2.5663569351000000,2.9974832579000004,0.43112632280000040000
754,2.5978077470000005,2.4805808458000000,2.7150346481999996,0.23445380239999958000
755,2.7825378979999997,2.7392030571999997,2.8258727388000000,0.08666968160000010000
757,2.7426047605000000,2.6832966647000003,2.8019128563000000,0.11861619159999970000
758,2.2903026559999997,2.1138763936000000,2.4667289184000000,0.35285252479999984000
759,2.3113236505000000,2.0887577903000000,2.5338895107000000,0.44513172040000004000
761,3.0786391189999995,3.0386911665999996,3.1185870714000000,0.07989590480000030000
762,2.5384827805000003,2.4177244683000000,2.6592410927000003,0.24151662440000043000
764,2.4319632964999993,2.2891939779000000,2.5747326151000000,0.28553863719999970000
766,3.0686151365000000,2.9665783911000000,3.1706518819000000,0.20407349079999992000
768,3.1035022785000000,2.9987739898999997,3.2082305671000000,0.20945657720000055000
770,2.4494692465000000,2.3366779479000000,2.5622605451000005,0.22558259720000030000
773,2.1041322175000006,1.8268133305000003,2.3814511045000000,0.55463777399999970000
774,2.8426140565000000,2.7919964791000003,2.8932316338999997,0.10123515479999945000
775,2.6581448964999996,2.5650528551000003,2.7512369378999995,0.18618408279999920000
776,2.3142321485000000,2.1905224891000000,2.4379418079000000,0.24741931880000000000
777,3.6022628585000000,3.3843300018999996,3.8201957151000000,0.43586571320000056000
778,2.2892579640000000,2.1572083784000000,2.4213075496000003,0.26409917120000026000
779,2.9220117949999995,2.9075718769999996,2.9364517130000003,0.02887983600000065800
780,2.5592522890000000,2.4786960045999997,2.6398085734000000,0.16111256880000013000
782,2.7127861755000000,2.6792433053000000,2.7463290457000000,0.06708574040000004000
783,2.6220272154999993,2.5144881017000000,2.7295663292999994,0.21507822759999940000
784,2.9240843699999997,2.9108006220000000,2.9373681180000000,0.02656749600000019000
785,2.5969510234999986,2.4486610329000000,2.7452410141000003,0.29657998120000030000
786,2.7779345055000000,2.7327583076999997,2.8231107033000002,0.09035239560000052000
787,2.8501406675000000,2.8338469345000000,2.8664344004999998,0.03258746599999984000
788,2.8687330450000000,2.7764702629999998,2.9609958270000005,0.18452556400000075000
789,2.7708044200000006,2.7227761880000000,2.8188326519999998,0.09605646399999967000
790,2.8655033915000000,2.7256411481000000,3.0053656349000000,0.27972448680000017000
793,2.2870786800000000,2.1400240080000000,2.4341333520000000,0.29410934399999980000
794,2.6088017975000013,2.5639982785000000,2.6536053164999998,0.08960703799999958000
797,2.5447132270000004,2.5082871362000000,2.5811393178000000,0.07285218160000007000
802,3.2460657034999993,2.9531595849000003,3.5389718220999997,0.58581223719999940000
803,2.1237131950000000,1.9427383169999999,2.3046880730000000,0.36194975600000000000
804,2.8666261235000000,2.7299685729000003,3.0032836741000000,0.27331510119999970000
808,2.1770099275000003,2.0180987565000000,2.3359210985000000,0.31782234199999990000
810,2.3689438875000004,2.1474011324999998,2.5904866425000000,0.44308551000000040000
812,2.7061382890000000,2.6328848046000000,2.7793917734000000,0.14650696879999980000
813,2.6905171900000000,2.6103740660000000,2.7706603139999997,0.16028624799999980000
814,1.8555440874999998,1.7700072525000001,1.9410809225000000,0.17107366999999996000
816,2.1275360140000000,1.8976224084000000,2.3574496195999997,0.45982721119999970000
817,2.7681310724999997,2.7197111015000000,2.8165510435000000,0.09683994199999990000
818,2.9001241899999997,2.8964245139999996,2.9038238660000000,0.00739935200000063600
819,2.8091527035000000,2.7764637849000000,2.8418416220999996,0.06537783719999979000
821,1.9993692360000002,1.8859139416000000,2.1128245304000000,0.22691058880000026000
822,2.7473636580000000,2.6899591211999994,2.8047681947999994,0.11480907360000003000
824,2.5183095465000003,2.4276973279000003,2.6089217651000003,0.18122443720000003000
826,2.2139415314999993,1.9264725189000000,2.5014105440999996,0.57493802519999960000
828,2.9556452344999986,2.8636389282999994,3.0476515407000000,0.18401261240000055000
829,2.3895817705000010,2.2759678623000004,2.5031956787000000,0.22722781639999967000
830,2.0403783175000005,1.9006921905000000,2.1800644445000000,0.27937225400000010000
831,2.1943978785000000,2.1425975271000000,2.2461982299000000,0.10360070280000011000
832,2.3856102105000000,2.1779761263000000,2.5932442947000000,0.41526816839999990000
833,3.0122216620000000,2.9164175267999997,3.1080257972000000,0.19160827040000017000
837,3.2452602345000000,3.0298435283000003,3.4606769407000000,0.43083341239999970000
838,2.3974631600000000,2.2581230960000003,2.5368032240000002,0.27868012799999997000
839,3.5169960030000005,3.1220728042000000,3.9119192018000000,0.78984639759999990000
840,2.2783189685000000,2.0781285810999996,2.4785093559000000,0.40038077480000034000
842,3.6178128539999985,3.3226919956000000,3.9129337124000000,0.59024171680000000000
843,2.4699611084999997,2.3182746651000000,2.6216475518999998,0.30337288679999963000
844,3.2432025619999996,3.0225503868000000,3.4638547372000000,0.44130435040000027000
845,3.4637459475000000,3.1449719265000000,3.7825199684999995,0.63754804199999970000
846,2.6610212380000000,2.4667089332000000,2.8553335428000004,0.38862460960000034000
848,2.8605641835000006,2.8372233101000000,2.8839050568999998,0.04668174679999959000
850,2.8799454480000000,2.7471544272000000,3.0127364688000000,0.26558204160000010000
851,2.9858608759999994,2.9159960264000000,3.0557257256000000,0.13972969919999967000
853,2.6135820155000005,2.6106788093000000,2.6164852216999996,0.00580641239999968300
854,2.7456949915000006,2.6816173949000000,2.8097725881000004,0.12815519320000046000
856,2.8207465590000003,2.6932983826000000,2.9481947354000000,0.25489635279999990000
857,2.2008454499999996,2.0819416700000000,2.3197492299999998,0.23780755999999980000
858,2.6955171310000003,2.5566083834000000,2.8344258786000000,0.27781749519999990000
859,3.5235197850000004,3.1906816990000006,3.8563578710000000,0.66567617199999950000
861,2.4688694614999998,2.3714680769000000,2.5662708461000000,0.19480276920000028000
862,2.7072716255000002,2.6646530757000000,2.7498901752999996,0.08523709959999959000
863,3.0095756315000000,2.9546850841000000,3.0644661788999996,0.10978109479999976000
868,3.6204055475000000,3.3263217665000000,3.9144893285000000,0.58816756200000020000
869,3.0887654525000010,3.0700692334999995,3.1074616715000003,0.03739243800000080500
870,3.3754867890000000,2.9834355046000000,3.7675380734000004,0.78410256880000030000
872,3.5026670825000000,3.1614879155000000,3.8438462495000000,0.68235833399999990000
873,2.8823290954999994,2.7592039337000000,3.0054542573000000,0.24625032360000000000
874,3.5551726794999996,3.2349957512999996,3.8753496077000000,0.64035385640000040000
875,2.8988921415000000,2.8320485981000000,2.9657356849000003,0.13368708680000020000
876,2.3816580669999996,2.2826288401999997,2.4806872938000000,0.19805845360000030000
877,3.5905994624999997,3.2845932475000000,3.8966056775000000,0.61201243000000000000
878,3.5137497625000003,3.1770036675000000,3.8504958575000000,0.67349218999999970000
880,3.4578706005000006,3.0987728406999997,3.8169683602999998,0.71819551960000000000
882,3.6380825705000004,3.3510695987000000,3.9250955423000007,0.57402594360000060000
883,3.5470037849999990,3.2235592989999997,3.8704482710000003,0.64688897200000060000
885,2.9649632300000004,2.8967461219999997,3.0331803380000000,0.13643421600000050000
886,2.4964176200000000,2.4183121720000000,2.5745230679999995,0.15621089599999970000
887,2.5185968819999990,2.5155045292000000,2.5216892347999997,0.00618470559999995100
888,2.3127857805000000,2.2126590683000003,2.4129124927000000,0.20025342439999960000
889,3.3461126899999990,2.9423117660000004,3.7499136140000000,0.80760184799999960000
891,2.7285366805000004,2.6048313526999998,2.8522420082999997,0.24741065559999997000
892,3.0284479875000000,2.9811063825000000,3.0757895925000000,0.09468320999999990000
893,2.4077327634999990,2.2911852581000000,2.5242802688999997,0.23309501079999960000
894,2.3319275160000000,2.2306405096000000,2.4332145223999997,0.20257401279999954000
896,3.0642508040000000,3.0623591255999996,3.0661424824000000,0.00378335680000052580
897,2.3158344830000000,2.1996386762000000,2.4320302898000000,0.23239161359999994000
898,2.9580092915000000,2.8123522081000000,3.1036663749000000,0.29131416679999990000
899,2.7244572665000000,2.6209929731000000,2.8279215598999996,0.20692858679999970000
901,3.4280970980000000,3.0390763371999996,3.8171178587999997,0.77804152160000010000
902,2.3287425309999996,2.2232331186000000,2.4342519434000000,0.21101882480000000000
903,2.6365698849999997,2.5919987310000003,2.6811410390000000,0.08914230799999956000
904,3.0893578529999997,2.8954681942000002,3.2832475118000004,0.38777931760000020000
905,3.4498699995000006,3.1131591993000000,3.7865807997000003,0.67342160040000020000
906,3.2590839260000000,3.0112110964000003,3.5069567556000005,0.49574565920000024000
908,3.0423333584999996,2.9744995019000000,3.1101672151000000,0.13566771320000015000
910,3.5770520375000006,3.2656268525000000,3.8884772225000000,0.62285037000000010000
912,2.8268047579999998,2.7092718612000000,2.9443376548000004,0.23506579360000046000
913,3.4110307149999994,3.0331970009999996,3.7888644290000000,0.75566742800000060000
914,2.9184056630000006,2.7833683282000004,3.0534429978000004,0.27007466960000004000
915,2.9641082375000000,2.8476483325000004,3.0805681425000000,0.23291980999999984000
916,3.4846318344999990,3.1362385683000000,3.8330251007000005,0.69678653240000040000
917,2.6443576010000000,2.4943933606000000,2.7943218414000000,0.29992848079999980000
918,3.0271403245000000,2.9619396543000000,3.0923409947000000,0.13040134039999973000
920,3.3156966490000010,2.8997293086000000,3.7316639894000003,0.83193468080000030000
921,3.4190249995000000,3.0443889993000006,3.7936609997000006,0.74927200040000000000
922,3.5342185329999998,3.2056599462000004,3.8627771198000005,0.65711717360000010000
923,3.5766142540000008,3.2650139555999997,3.8882145524000005,0.62320059680000070000
924,3.5389517974999998,3.2122865165000003,3.8656170785000000,0.65333056199999980000
925,3.6450097960000010,3.3607677144000000,3.9292518776000005,0.56848416320000040000
927,3.3871186365000000,3.0864076910999994,3.6878295819000000,0.60142189080000060000
928,2.5970179809999996,2.5086539886000003,2.6853819734000000,0.17672798479999985000
929,3.3924025979999994,3.2018728372000000,3.5829323588000000,0.38105952160000010000
930,2.8632024990000002,2.7677762986000000,2.9586286994000000,0.19085240080000032000
931,3.5113646440000004,3.2141493016000005,3.8085799864000000,0.59443068479999940000
932,2.8050016170000000,2.6682814638000000,2.9417217702000000,0.27344030639999994000
936,2.5155473809999997,2.3789031334000000,2.6521916286000000,0.27328849519999965000
937,2.7659751585000000,2.7408148219000004,2.7911354951000000,0.05032067319999944400
938,2.4829877075000004,2.4509067905000000,2.5150686245000005,0.06416183400000053000
939,2.5745001055000003,2.5665269477000003,2.5824732633000003,0.01594631559999992700
940,2.3155414859999994,2.2691652803999998,2.3619176916000000,0.09275241120000022000
941,3.1547473800000000,3.0506503319999996,3.2588444279999997,0.20819409600000016000
942,2.8531961209999990,2.7997425693999998,2.9066496725999995,0.10690710319999974000
944,2.2368945544999996,2.0552479327000000,2.4185411763000000,0.36329324360000026000
946,2.8724606835000000,2.8023697569000000,2.9425516100999998,0.14018185319999965000
947,2.4259507795000000,2.3647064677000000,2.4871950913000003,0.12248862360000023000
949,2.8797455600000004,2.7714645840000003,2.9880265360000000,0.21656195199999972000
951,3.4628505660000006,3.1057447924000003,3.8199563396000000,0.71421154719999970000
953,3.0128056184999994,2.9418710659000000,3.0837401710999996,0.14186910519999962000
955,3.2561440714999990,2.8163557001000004,3.6959324429000002,0.87957674279999990000
956,2.4262981970000000,2.3462217182000000,2.5063746758000000,0.16015295760000026000
957,3.6167094239999997,3.3211471936000000,3.9122716544000000,0.59112446080000010000
958,3.5249540240000000,3.1926896336000006,3.8572184144000006,0.66452878080000000000
961,2.1416990780000003,2.0332618468000000,2.2501363092000000,0.21687446240000030000
962,2.9964997464999996,2.9190428451000000,3.0739566478999993,0.15491380279999944000
963,3.4435525420000010,3.0787275588000000,3.8083775252000005,0.72964996640000070000
964,2.9065192159999995,2.7930701024000000,3.0199683296000000,0.22689822719999997000
966,2.7458662889999994,2.6290928046000000,2.8626397733999998,0.23354696879999980000
967,3.0709353440000005,2.7553298816000000,3.3865408063999998,0.63121092480000000000
968,2.7858947985000007,2.7531975179000000,2.8185920791000000,0.06539456120000020000
969,2.9634849039999995,2.9337588656000000,2.9932109423999997,0.05945207679999953000
970,2.6577345175000000,2.5998195245000000,2.7156495105000000,0.11582998600000005000
971,2.8396098980000004,2.6993970572000000,2.9798227388000000,0.28042568159999970000
972,3.3689094355000000,3.0171792096999996,3.7206396613000003,0.70346045160000070000
973,3.1210572170000006,2.9991881038000003,3.2429263302000004,0.24373822640000010000
974,2.4553928524999997,2.3735623935000003,2.5372233115000000,0.16366091799999970000
977,2.8661321360000000,2.7636533904000000,2.9686108816000000,0.20495749120000006000
979,2.9543651005000000,2.8222079407000003,3.0865222603000000,0.26431431959999996000
980,3.6454757155000010,3.3614200017000000,3.9295314293000003,0.56811142760000030000
981,3.4539665110000004,3.0933071154000005,3.8146259066000003,0.72131879119999990000
982,3.4165969439999997,3.0409897216000004,3.7922041664000004,0.75121444480000000000
986,3.4872737859999994,3.1399373004000000,3.8346102716000003,0.69467297120000020000
987,2.7620653334999994,2.6257250669000003,2.8984056001000000,0.27268053319999950000
989,2.8072031975000002,2.7149644765000000,2.8994419185000000,0.18447744199999994000
991,2.5557315720000000,2.4412177431999997,2.6702454008000003,0.22902765760000054000
993,3.4892108300000007,3.1426491620000000,3.8357724980000000,0.69312333599999980000
994,3.4801218090000003,3.1299245326000005,3.8303190854000000,0.70039455279999970000
995,3.3221107010000006,2.9087089814000002,3.7355124206000005,0.82680343920000030000
997,3.5530837825000003,3.2320712955000000,3.8740962695000003,0.64202497400000040000
998,2.7916428174999997,2.6626451445000000,2.9206404905000000,0.25799534599999996000
999,3.5926702919999998,3.2874924088000000,3.8978481752000005,0.61035576640000060000
1000,3.4465724060000000,3.0829553683999995,3.8101894435999997,0.72723407520000020000
1001,3.5470787980000003,3.2236643172000004,3.8704932788000000,0.64682896159999980000
1002,3.5833735455000015,3.2744769637000000,3.8922701273000000,0.61779316360000000000
1004,2.8631180275000006,2.8383832385000000,2.8878528165000000,0.04946957800000007000
1006,2.4630375040000003,2.4161369024000000,2.5099381056000000,0.09380120319999996000
1008,3.1505809360000003,3.0661065104000000,3.2350553616000000,0.16894885120000014000
1010,3.3348262275000000,3.0436763185000000,3.6259761365000000,0.58229981799999960000
1011,3.5270526020000000,3.2316808428000003,3.8224243612000004,0.59074351840000010000
1013,2.4352095735000000,2.3425617441000000,2.5278574029000005,0.18529565880000032000
1014,3.4869221080000010,3.1394449512000000,3.8343992648000000,0.69495431360000030000
1016,2.4001083684999998,2.3738902211000000,2.4263265159000000,0.05243629480000011600
1017,2.8779540200000000,2.8313516279999997,2.9245564120000000,0.09320478400000010000
1018,2.9042578454999997,2.7899041837000000,3.0186115072999997,0.22870732359999968000
1019,2.8557738000000000,2.7961073200000000,2.9154402800000003,0.11933296000000038000
1020,2.8664766810000000,2.7667337534000000,2.9662196086000000,0.19948585519999984000
1021,2.6132939625000000,2.5374319475000000,2.6891559774999996,0.15172402999999957000
1022,2.6901401540000003,2.6598154156000002,2.7204648924000003,0.06064947680000010000
1023,2.5772900954999990,2.4234593337000003,2.7311208573000000,0.30766152359999976000
1024,3.3869074319999990,3.0870544048000000,3.6867604592000000,0.59970605439999990000
1025,2.3747825110000003,2.2861335066000000,2.4634315154000000,0.17729800879999980000
1026,2.4649933390000000,2.4194538746000003,2.5105328034000000,0.09107892879999957000
1028,2.3573993240000000,2.2704539944000000,2.4443446536000000,0.17389065920000002000
1029,3.0500148745000000,2.9605788243000000,3.1394509246999998,0.17887210039999957000
1030,2.9061420780000000,2.7534781092000005,3.0588060468000005,0.30532793760000000000
1031,2.5979813579999997,2.4965384148000003,2.6994243012000005,0.20288588640000027000
1032,2.3737061240000000,2.3096148744000000,2.4377973736000000,0.12818249920000024000
1035,3.3760175025000000,2.9841785035000000,3.7678565015000003,0.78367799800000040000
1036,2.8677347095000000,2.7779621933000000,2.9575072257000000,0.17954503240000008000
1038,3.4292534675000000,3.0587088545000000,3.7997980805000005,0.74108922600000060000
1041,3.4867704505000003,3.1392326307000000,3.8343082703000007,0.69507563960000060000
1042,3.5108852025000004,3.1729932835000000,3.8487771215000004,0.67578383800000050000
1046,2.5829644144999997,2.5264149803000000,2.6395138486999996,0.11309886839999983000
1047,2.4099906790000003,2.3946160074000000,2.4253653506000000,0.03074934320000011200
1048,3.3645921039999998,3.1152905456000000,3.6138936623999998,0.49860311679999960000
1049,3.6253564095000010,3.3332529733000000,3.9174598457000003,0.58420687240000020000
1052,2.6307165660000000,2.5884867396000004,2.6729463923999996,0.08445965279999923000
1053,2.4871301210000000,2.4672424726000000,2.5070177694000004,0.03977529680000025000
1054,3.1478068020000000,2.8360359228000000,3.4595776812000003,0.62354175840000050000
1055,2.8568469039999997,2.6511480655999997,3.0625457424000000,0.41139767680000050000
1056,2.6529518265000003,2.6273157571000003,2.6785878959000002,0.05127213879999992000
1057,2.6373515805000000,2.6145241483000000,2.6601790127000005,0.04565486440000033000
1058,2.9587978070000000,2.9255050842000000,2.9920905298000005,0.06658544560000035000
1059,2.5780989634999982,2.4789297781000000,2.6772681489000000,0.19833837080000016000
1060,2.4934484775000000,2.4704934865000000,2.5164034685000000,0.04590998199999996000
1061,2.4173379015000000,2.1855370621000000,2.6491387409000002,0.46360167880000036000
1062,2.9863973815000000,2.8887435341000000,3.0840512289000004,0.19530769480000032000
1063,2.8573054195000003,2.7220347873000000,2.9925760517000004,0.27054126440000026000
1065,3.5899730130000000,3.2837162182000000,3.8962298078000000,0.61251358960000020000
1066,3.5634581255000004,3.2465953757000000,3.8803208753000002,0.63372549960000010000
1067,3.5887238339999996,3.2819673676000000,3.8954803004000000,0.61351293280000000000
1068,3.5164832499999994,3.1808305500000000,3.8521359500000000,0.67130540000000000000
1069,2.2643219980000002,2.0616975988000004,2.4669463972000000,0.40524879839999970000
1070,2.9376338209999995,2.8366305494000000,3.0386370925999997,0.20200654319999956000
1071,2.8337029005000000,2.7084632607000003,2.9589425403000003,0.25047927959999994000
1072,2.7974841730000000,2.6622754422000003,2.9326929038000005,0.27041746160000013000
1073,3.3188078014999998,2.9040849221000000,3.7335306809000004,0.82944575880000040000
1075,3.3280559219999994,2.9170322908000004,3.7390795532000003,0.82204726239999990000
1077,2.6165141465000000,2.5699130050999996,2.6631152879000000,0.09320228280000054000
1078,2.8834331864999990,2.7607496610999998,3.0061167119000000,0.24536705080000010000
1079,3.7295145549999997,3.4790743770000000,3.9799547330000000,0.50088035600000010000
1080,3.4016940985000006,3.0201257379000004,3.7832624591000000,0.76313672119999950000
1082,3.5484452615000004,3.2255773661000000,3.8713131569000000,0.64573579079999990000
1083,3.4940732654999995,3.1494565717000000,3.8386899593000003,0.68923338760000030000
1085,2.2413945740000000,2.2002052036000000,2.2825839444000000,0.08237874079999985000
1087,3.0457857065000007,2.9492563891000000,3.1423150239000000,0.19305863480000030000
1089,2.3934285994999995,2.1842995597000000,2.6025576393000000,0.41825807960000017000
1092,2.5966658775000004,2.4772819265000000,2.7160498285000000,0.23876790200000020000
1093,2.7494295545000010,2.7086777762999996,2.7901813327000000,0.08150355640000040000
1096,2.8992437145000003,2.7978400003000004,3.0006474287000002,0.20280742839999988000
1097,3.1626798295000000,3.0555421613000000,3.2698174977000000,0.21427533640000007000
1098,3.3123112640000008,2.8344369696000000,3.7901855584000000,0.95574858880000010000
1099,3.5624391335000010,3.2498527868999996,3.8750254801000000,0.62517269320000060000
1100,2.7347230840000005,2.7295671176000000,2.7398790504000000,0.01031193280000009000
1101,2.6768894124999996,2.6334643775000000,2.7203144475000000,0.08685006999999967000
1102,3.4096791874999997,3.0503204625000000,3.7690379125000000,0.71871744999999980000
1104,2.8291406650000000,2.7675313310000003,2.8907499990000000,0.12321866799999981000
1105,3.6476593085000000,3.3644770319000004,3.9308415851000000,0.56636455319999970000
1106,3.4077473419999995,3.0286002788000004,3.7868944052000000,0.75829412639999960000
1107,3.4735868059999997,3.1207755284000003,3.8263980836000000,0.70562255519999970000
1109,2.3524061040000004,2.2928796624000000,2.4119325456000000,0.11905288320000018000
1110,3.4135476875000017,3.0367207625000003,3.7903746125000004,0.75365385000000010000
1111,2.1729019565000005,2.0791023739000000,2.2667015391000000,0.18759916519999997000
1112,2.9649104509999997,2.8762770314000000,3.0535438706000004,0.17726683920000053000
1115,3.4763197875000010,3.1246017025000000,3.8280378725000004,0.70343617000000020000
1120,2.5185987955000004,2.3831751137000000,2.6540224773000000,0.27084736359999970000
1121,3.0594919845000006,2.9702583783000000,3.1487255907000002,0.17846721240000019000
1123,2.8426593744999997,2.7385567243000004,2.9467620247000004,0.20820530039999996000
1124,2.9983417044999996,2.7146355862999996,3.2820478227000000,0.56741223640000050000
1125,2.4352321315000003,2.3703772789000000,2.5000869841000000,0.12970970520000025000
1126,2.5384749435000000,2.4291081661000000,2.6478417209000000,0.21873355480000000000
1128,2.2855004830000000,2.1585682898000000,2.4124326762000000,0.25386438640000010000
1129,2.6697268474999998,2.4523131865000000,2.8871405085000000,0.43482732199999985000
1131,2.5920389045000000,2.4968113426999996,2.6872664663000000,0.19045512360000050000
1133,2.0461888905000000,1.9725097343000000,2.1198680467000000,0.14735831240000020000
1135,3.0366483835000000,2.9940469369000000,3.0792498301000000,0.08520289320000040000
1136,3.1179565705000000,2.9720803986999997,3.2638327423000000,0.29175234360000024000
1137,2.7695054990000005,2.7086220986000002,2.8303888994000000,0.12176680079999969000
1138,2.8539057805000003,2.7166784927000003,2.9911330683000000,0.27445457559999964000
1139,2.9428801930000015,2.8176326702000000,3.0681277158000000,0.25049504560000013000
1141,3.4850156720000003,3.1367759408000000,3.8332554032000004,0.69647946240000010000
1143,3.4101727920000010,3.0319959087999995,3.7883496752000000,0.75635376640000060000
1144,2.6609883715000002,2.6043749201000000,2.7176018229000000,0.11322690279999970000
1147,3.5940402094999997,3.2894102933000000,3.8986701257000003,0.60925983240000030000
1148,2.8432768300000000,2.7045307620000000,2.9820228980000003,0.27749213600000020000
1150,3.3342499030000000,2.9257038642000000,3.7427959418000000,0.81709207759999990000
1152,3.3524619494999994,2.9512007293000000,3.7537231697000006,0.80252244040000060000
1153,2.9214559775000004,2.8206087685000000,3.0223031865000003,0.20169441800000020000
1154,3.0675169110000002,2.8066540754000000,3.3283797466000000,0.52172567120000000000
1155,3.0036262515000000,2.8245371521000004,3.1827153508999997,0.35817819879999924000
1157,3.5700224855000010,3.3118506796999996,3.8281942913000000,0.51634361160000040000
1158,2.7064981925000000,2.5739774695000000,2.8390189154999996,0.26504144599999970000
1160,3.4571288495000000,3.0977343893000000,3.8165233097000000,0.71878892040000020000
1161,3.5940350135000000,3.2894030189000000,3.8986670081000000,0.60926398920000000000
1163,2.1171213750000004,1.9924688250000000,2.2417739250000004,0.24930510000000040000
1164,3.5151050300000000,3.1856938420000000,3.8445162180000000,0.65882237599999980000
1165,3.4751922404999998,3.0795099367000000,3.8708745443000000,0.79136460759999980000
1166,3.0573585655000000,2.9077959917000000,3.2069211393000000,0.29912514759999986000
1167,2.5011395589999994,2.3821685354000000,2.6201105825999997,0.23794204719999978000
1169,2.6295301470000010,2.4839534058000003,2.7751068882000003,0.29115348239999994000
1171,3.5691561950000000,3.2545726730000000,3.8837397170000000,0.62916704399999990000
1172,2.2620098875000005,2.1280487325000000,2.3959710425000000,0.26792230999999990000
1173,3.0470116899999997,2.9897595660000000,3.1042638140000000,0.11450424799999981000
1174,2.9987081000000000,2.9221345400000000,3.0752816600000000,0.15314711999999986000
1177,3.5827810015000010,3.2736474021000004,3.8919146009000003,0.61826719879999990000
1180,3.3482419710000000,2.9452927594000005,3.7511911826000004,0.80589842319999990000
1182,2.9483351864999996,2.8516124610999998,3.0450579119000000,0.19344545080000008000
1185,2.7681976235000000,2.7326134729000002,2.8037817741000000,0.07116830119999973000
1186,3.5513976045000010,3.2297106463000000,3.8730845627000003,0.64337391640000030000
1187,2.6951749785000000,2.6043353699000000,2.7860145871000000,0.18167921720000013000
1188,2.8669115120000006,2.7827573168000000,2.9510657072000000,0.16830839040000000000
1189,2.7988452110000000,2.6641808954000000,2.9335095266000000,0.26932863120000006000
1190,3.0004030680000007,2.9245074952000000,3.0762986408000000,0.15179114560000030000
1191,3.6191409394999994,3.3245513153000004,3.9137305637000000,0.58917924839999980000
1193,3.0515756885000000,2.9961491638999997,3.1070022130999995,0.11085304919999972000
1195,2.6330417715000000,2.5331866629000000,2.7328968801000000,0.19971021720000026000
1196,2.5857398255000000,2.4884853557000004,2.6829942953000000,0.19450893959999950000
1197,3.3610552220000010,3.0166205107999997,3.7054899332000004,0.68886942240000070000
1201,3.4364778224999992,3.0688229515000000,3.8041326935000000,0.73530974200000010000
1202,2.6666843444999997,2.6646010067000000,2.6687676823000000,0.00416667560000005800
1203,2.8910592340000005,2.7992281276000000,2.9828903404000000,0.18366221279999984000
1205,3.0333853370000000,2.9446362718000000,3.1221344022000000,0.17749813040000006000
1206,2.8323715444999990,2.7502001623000000,2.9145429267000000,0.16434276439999973000
1207,2.8978828014999993,2.8620420809000002,2.9337235220999998,0.07168144119999953000
1208,2.5457520995000000,2.5157577392999997,2.5757464597000000,0.05998872040000025000
1209,2.4958749920000000,2.3799977952000000,2.6117521887999997,0.23175439359999972000
1210,2.7305834919999996,2.6147304888000003,2.8464364952000000,0.23170600639999960000
1212,2.7300144425000010,2.7003710654999997,2.7596578194999997,0.05928675399999994000
1213,2.9215610530000000,2.7834302742000000,3.0596918317999995,0.27626155759999940000
1214,2.5450778925000000,2.4751283355000004,2.6150274495000003,0.13989911399999988000
1215,3.1687850020000000,3.0469162028000000,3.2906538012000000,0.24373759840000010000
1216,3.4739848280000000,3.1213327591999995,3.8266368968000000,0.70530413760000070000
1217,2.9902784055000020,2.9103329677000000,3.0702238433000004,0.15989087560000037000
1220,2.9705494654999995,2.9323688516999997,3.0087300793000000,0.07636122760000008000
1221,3.4982502114999994,3.1553042961000000,3.8411961269000000,0.68589183079999970000
1223,2.6162817115000000,2.4512050269000003,2.7813583961000000,0.33015336919999960000
1224,3.5765864185000000,3.2649749858999995,3.8881978511000000,0.62322286520000070000
1226,3.0526564424999982,3.0195166195000000,3.0857962655000000,0.06627964599999991000
1228,2.6362923280000000,2.4425544592000000,2.8300301968000000,0.38747573760000000000
1230,3.4335197930000010,3.0646817102000000,3.8023578758000003,0.73767616560000040000
1233,2.7680037675000010,2.5742612744999995,2.9617462605000004,0.38748498600000090000
1234,3.2772646885000000,2.8934977638999997,3.6610316131000000,0.76753384920000030000
1235,2.5619166010000000,2.5605736414000000,2.5632595606000000,0.00268591920000016400
1236,2.6256278620000004,2.6143951172000000,2.6368606067999996,0.02246548959999961000
1237,3.4815930304999987,3.1349026427000000,3.8282834183000000,0.69338077559999970000
1238,3.4335715370000006,3.0647541518000003,3.8023889222000005,0.73763477040000010000
1239,2.8299656470000008,2.7423435057999996,2.9175877882000005,0.17524428240000090000
1241,3.4061262745000005,3.1147163843000000,3.6975361647000000,0.58281978039999990000
1243,2.9245470550000000,2.7489574770000003,3.1001366330000000,0.35117915599999970000
1248,3.4075737560000010,3.1330604584000000,3.6820870535999997,0.54902659519999950000
1250,3.2905673595000002,3.0266883033000000,3.5544464156999998,0.52775811239999990000
1251,2.2329810830000008,2.0661015162000003,2.3998606498000004,0.33375913360000010000
1252,2.7991429685000000,2.6164005559000000,2.9818853810999997,0.36548482519999980000
1253,3.4510270509999990,3.0891918713999997,3.8128622306000000,0.72367035920000020000
1254,3.5036745690000000,3.1628983965999997,3.8444507414000000,0.68155234480000050000
1255,3.4611609390000004,3.1033793146000006,3.8189425634000003,0.71556324879999970000
1258,3.2301291675000000,2.7799348344999997,3.6803235005000000,0.90038866600000040000
1260,3.5864379115000000,3.2787670761000000,3.8941087469000000,0.61534167080000040000
1262,2.8609118795000000,2.7292198313000000,2.9926039276999994,0.26338409639999940000
1263,2.8297642775000003,2.6856131884999996,2.9739153665000000,0.28830217800000035000
1265,3.3896342140000004,3.0032418996000003,3.7760265284000000,0.77278462879999980000
1268,2.4577995380000000,2.2920417227999996,2.6235573532000003,0.33151563040000065000
1269,2.6312021695000000,2.5981213017000000,2.6642830373000006,0.06616173560000060000
1272,2.7776599130000000,2.7453994782000000,2.8099203478000000,0.06452086959999992000
1273,2.8933411730000000,2.8510659038000000,2.9356164422000000,0.08455053840000026000
1276,3.2509775264999990,3.0383069370999998,3.4636481159000000,0.42534117880000010000
1277,3.0307426509999993,2.9699013114000000,3.0915839905999998,0.12168267919999964000
1278,2.7116470360000000,2.6837238216000000,2.7395702504000004,0.05584642880000023600
1279,2.6434838074999996,2.5886930845000000,2.6982745305000004,0.10958144600000042000
1280,2.2203064214999997,2.1905294529000000,2.2500833901000000,0.05955393720000002000
1283,2.6071605215000000,2.4957851129000000,2.7185359301000000,0.22275081719999967000
1284,2.7934061410000000,2.7475340846000007,2.8392781974000000,0.09174411279999939000
1285,2.5880569615000000,2.5647053461000000,2.6114085768999997,0.04670323079999994000
1286,2.6257761505000000,2.5981250107000000,2.6534272903000000,0.05530227959999978000
1287,2.5429591810000000,2.4622603086000000,2.6236580534000002,0.16139774480000035000
1288,3.4048102155000000,3.1133147017000000,3.6963057293000000,0.58299102760000030000
1289,2.5752864104999995,2.5255397747000000,2.6250330463000000,0.09949327160000010000
1291,3.1240223280000000,2.8534812592000005,3.3945633967999997,0.54108213759999920000
1292,2.6766447975000000,2.6280504785000000,2.7252391165000000,0.09718863800000000000
1293,2.4141886385000000,2.3693468939000000,2.4590303831000000,0.08968348920000002000
1295,3.0880193140000003,2.5809810396000000,3.5950575884000000,1.01407654879999990000
1296,2.6653484785000000,2.4727670699000000,2.8579298871000005,0.38516281720000034000
1297,3.5852791990000010,3.2771448786000000,3.8934135194000006,0.61626864080000040000
1302,3.4593371994999993,3.1008260793000000,3.8178483197000004,0.71702224040000040000
1304,3.3356443929999995,2.9276561502000003,3.7436326358000000,0.81597648559999980000
1305,3.5095858905000004,3.1711742466999997,3.8479975343000000,0.67682328760000040000
1307,3.5782936090000010,3.2673650526000000,3.8892221654000000,0.62185711279999990000
1309,2.6480970640000000,2.5922746896000000,2.7039194384000003,0.11164474880000030000
1310,3.6018348815000003,3.3003228340999997,3.9033469289000005,0.60302409480000070000
1311,2.9709130540000000,2.9110234756000000,3.0308026324000004,0.11977915680000040000
1312,3.4064262890000006,3.0267508046000002,3.7861017734000000,0.75935096879999970000
1313,2.4836082454999997,2.2577395437000000,2.7094769473000000,0.45173740360000014000
1314,3.5017292085000000,3.1601748919000000,3.8432835251000000,0.68310863319999980000
1316,3.6278196035000008,3.3367014448999996,3.9189377621000000,0.58223631720000050000
1319,3.0570354314999997,2.9777464041000004,3.1363244589000000,0.15857805479999953000
1320,3.2060599824999994,2.9578679754999997,3.4542519895000000,0.49638401400000020000
1321,3.2025976480000002,2.9356847072000000,3.4695105888000000,0.53382588159999990000
1322,3.4858206775000005,3.1379029485000003,3.8337384065000000,0.69583545799999990000
1323,2.8695480945000000,2.7794937322999997,2.9596024567000000,0.18010872440000014000
1324,2.7070201084999996,2.5537741519000000,2.8602660651000000,0.30649191319999990000
1327,2.6244454580000003,2.5654932412000000,2.6833976747999997,0.11790443359999969000
1328,2.5333388810000000,2.4004053285999998,2.6662724333999996,0.26586710479999986000
1329,2.4006997605000000,2.2527546563000000,2.5486448647000004,0.29589020840000035000
1330,2.8675017684999995,2.6747712759000000,3.0602322611000000,0.38546098519999994000
1331,2.7244321874999993,2.6635330625000000,2.7853313125000000,0.12179824999999989000
1332,2.6164095955000000,2.5608026337000003,2.6720165573000000,0.11121392359999982000
1333,2.4158449780000000,2.2370349868000000,2.5946549692000000,0.35761998240000015000
1335,2.6147307275000000,2.5569502185000000,2.6725112365000000,0.11556101800000018000
1338,2.7524278845000000,2.7454262383000003,2.7594295307000000,0.01400329239999953400
1340,3.5766216914999998,3.2650243681000000,3.8882190149000000,0.62319464680000000000
1341,3.5579480299999986,3.2388812419999997,3.8770148180000000,0.63813357600000040000
1343,3.7204730489999993,3.4664162686000000,3.9745298294000000,0.50811356080000000000
1344,3.5195832130000000,3.1851704982000000,3.8539959278000000,0.66882542960000000000
1346,2.8862498215000003,2.7559825501000000,3.0165170929000000,0.26053454279999990000
1348,3.5604147205000000,3.2423346087000000,3.8784948323000004,0.63616022360000060000
1349,3.6296509264999990,3.3392652971000003,3.9200365559000000,0.58077125879999960000
1351,3.6318559394999990,3.3423523152999994,3.9213595637000003,0.57900724840000080000
1352,2.3394095274999995,2.2283369165000000,2.4504821385000000,0.22214522199999998000
1354,2.9153422820000006,2.8423091948000003,2.9883753692000000,0.14606617439999958000
1355,2.9870256555000000,2.8721843177000000,3.1018669933000003,0.22968267560000033000
1356,2.8411229470000010,2.7079449258000000,2.9743009682000000,0.26635604240000000000
1357,2.8746769185000000,2.7836768859000000,2.9656769511000003,0.18200006520000045000
1360,2.6989495834999997,2.6575206169000000,2.7403785501000004,0.08285793320000057000
1362,3.2558511880000000,2.9742468632000000,3.5374555128000000,0.56320864959999990000
1363,2.5520579879999996,2.5274559927999998,2.5766599832000000,0.04920399040000012000
1365,2.2940936240000000,2.2265997744000000,2.3615874736000000,0.13498769920000030000
1366,2.9756511819999980,2.8652668547999998,3.0860355092000000,0.22076865440000004000
1367,2.4079218740000000,2.3170751244000000,2.4987686235999997,0.18169349919999966000
1369,2.4028221260000002,2.3080709764000000,2.4975732755999998,0.18950229919999995000
1370,3.0393692805000008,2.8809861926999996,3.1977523683000000,0.31676617560000064000
1371,2.9489424670000000,2.8556766538000000,3.0422082802000000,0.18653162640000032000
1372,2.7438591075000000,2.7056279505000000,2.7820902645000003,0.07646231400000048000
1373,2.7698515135000010,2.5605697189000000,2.9791333080999998,0.41856358919999970000
1376,3.4708629045000015,3.1169620663000000,3.8247637427000000,0.70780167639999990000
1377,2.9856024469999993,2.8992982258000000,3.0719066682000000,0.17260844240000006000
1381,2.6859626734999997,2.5061453429000000,2.8657800041000003,0.35963466120000030000
1383,3.4833626664999997,3.1344617331000000,3.8322635999000000,0.69780186679999990000
1384,2.8342590760000000,2.6658595064000004,3.0026586455999995,0.33679913919999915000
1385,3.3525313205000002,2.9512978487000000,3.7537647923000000,0.80246694360000030000
1387,2.8976208045000003,2.7545659262999997,3.0406756827000000,0.28610975640000014000
1388,2.2158286670000003,2.1935972002000000,2.2380601338000000,0.04446293359999975400
1391,3.5539557030000006,3.2332919842000000,3.8746194218000003,0.64132743760000020000
1393,2.4697125045000003,2.2850291027000003,2.6543959063000000,0.36936680359999974000
1394,2.7578711645000005,2.7246316303000000,2.7911106987000000,0.06647906839999962000
1395,3.0403160210000000,2.9453324293999996,3.1352996126000000,0.18996718320000028000
1397,2.2590281640000000,2.1829966296000003,2.3350596984000003,0.15206306879999998000
1398,3.0387171479999995,2.9796064072000004,3.0978278888000000,0.11822148159999957000
1399,3.4648316469999990,3.1085183057999997,3.8211449882000000,0.71262668240000030000
1401,2.8369855725000000,2.7235250014999997,2.9504461435000002,0.22692114200000058000
1402,2.3474207110000003,2.0957580266000004,2.5990833953999997,0.50332536879999920000
1403,2.8894821960000026,2.6529362744000000,3.1260281176000000,0.47309184320000020000
1404,3.0992989420000003,3.0108689188000000,3.1877289652000003,0.17686004640000030000
1405,2.9071128670000004,2.8823456138000000,2.9318801202000000,0.04953450640000012000
1406,3.4664549470000003,3.2067817258000004,3.7261281682000000,0.51934644239999940000
1407,3.1984236170000004,2.9968790638000000,3.3999681701999998,0.40308910639999995000
1408,2.3957927050000007,2.2573588229999997,2.5342265870000000,0.27686776400000035000
1411,3.1703913715000005,3.0062823201000004,3.3345004229000000,0.32821810279999974000
1413,2.9550175380000000,2.9324493532000004,2.9775857228000002,0.04513636959999978000
1414,2.8520013455000006,2.8060786837000000,2.8979240073000000,0.09184532359999986000
1415,2.8139052495000000,2.6634105493000000,2.9643999496999998,0.30098940039999980000
1416,3.5432090060000010,3.2182466084000000,3.8681714036000000,0.64992479520000000000
1417,2.8385761355000000,2.8311433897000002,2.8460088813000000,0.01486549159999972500
1418,2.9430433670000000,2.8720059138000000,3.0140808202000000,0.14207490639999998000
1419,2.9194717775000000,2.8390056884999995,2.9999378665000000,0.16093217800000037000
1421,3.5559556800000007,3.2360919519999998,3.8758194080000000,0.63972745600000010000
1422,3.4311585800000000,3.0613760120000000,3.8009411480000000,0.73956513600000000000
1425,2.9191527035000000,2.7996661848999995,3.0386392221000000,0.23897303720000052000
1426,3.6526395480000002,3.2790573672000000,4.0262217287999995,0.74716436159999940000
1428,3.0041908800000000,2.8774212319999997,3.1309605280000000,0.25353929600000047000
1429,3.1262032115000005,2.9040756961000000,3.3483307269000000,0.44425503079999995000
1430,3.3255164355000004,3.1033210097000000,3.5477118613000000,0.44439085159999970000
1431,2.8981982895000000,2.8649944053000000,2.9314021737000000,0.06640776839999996000
1432,2.4494467800000020,2.2749618920000000,2.6239316680000000,0.34896977600000010000
1433,2.1225479994999996,1.9499543997000002,2.2951415993000000,0.34518719959999977000
1434,3.0097731325000000,2.8794399855000000,3.1401062794999994,0.26066629399999950000
1435,2.7609729280000000,2.7418237568000000,2.7801220992000000,0.03829834240000007400
1436,3.5882879214999996,3.3613854900999995,3.8151903528999997,0.45380486280000020000
1438,2.3231469694999998,2.2343509817000000,2.4119429572999995,0.17759197559999950000
1439,3.3350448180000010,3.0412159452000003,3.6288736908000003,0.58765774560000010000
1440,2.8962378194999990,2.7453777473000000,3.0470978917000000,0.30172014439999995000
1441,2.8976588605000000,2.7391160047000000,3.0562017163000004,0.31708571160000030000
1442,2.6777957774999996,2.5950314665000000,2.7605600885000000,0.16552862200000007000
1444,2.6867063000000000,2.5661364200000000,2.8072761800000000,0.24113976000000026000
1446,2.6449690070000003,2.5992838097999997,2.6906542042000000,0.09137039440000017000
1447,3.5167235574999998,3.1811669805000005,3.8522801345000004,0.67111315399999990000
1449,3.5723473610000000,3.2590403054000000,3.8856544166000004,0.62661411120000030000
1450,3.4084069600000000,3.0295237440000005,3.7872901760000004,0.75776643199999990000
1451,3.4399679675000000,3.0737091545000000,3.8062267805000000,0.73251762599999990000
1452,2.6782473835000000,2.6066831369000000,2.7498116301000000,0.14312849319999987000
1454,3.4720735730000000,3.1186570022000000,3.8254901438000000,0.70683314160000020000
1456,2.9122329825000000,2.8010693755000000,3.0233965895000000,0.22232721399999988000
1457,3.4175331269999996,3.0423003778000000,3.7927658762000003,0.75046549840000010000
1458,3.5458976839999994,3.2220107575999997,3.8697846104000000,0.64777385280000030000
1460,2.7966000560000000,2.6565192784000000,2.9366808335999997,0.28016155519999986000
1461,3.5565700135000000,3.2369520189000003,3.8761880081000000,0.63923598919999990000
1462,2.4473956310000000,2.3498733786000003,2.5449178834000000,0.19504450479999980000
1463,2.6758690539999996,2.5314894756000000,2.8202486324000002,0.28875915680000030000
1464,3.5121911980000005,3.2296700771999998,3.7947123188000003,0.56504224160000050000
1465,3.0219158905000000,2.9619178467000000,3.0819139343000000,0.11999608760000013000
1466,3.0347039204999990,2.9464822886999995,3.1229255522999995,0.17644326359999996000
1467,2.7509810289999996,2.5753166405999997,2.9266454174000000,0.35132877680000040000
1470,2.5154248795000000,2.4430809276999996,2.5877688313000000,0.14468790360000040000
1471,2.3223857770000000,2.2924998662000000,2.3522716878000000,0.05977182160000005000
1472,1.9813824140000018,1.9366126484000000,2.0261521796000000,0.08953953120000002000
1473,3.4239284810000012,3.1690326734000003,3.6788242886000000,0.50979161519999970000
1474,2.5774776165000000,2.5286854631000000,2.6262697699000000,0.09758430679999996000
1475,3.4157144644999997,3.2565402503000000,3.5748886787000000,0.31834842839999977000
1477,3.0518408185000000,2.9030699459000000,3.2006116910999998,0.29754174519999976000
1478,2.7053387645000004,2.6397206703000000,2.7709568587000000,0.13123618839999995000
1480,3.3997253059999990,3.0173694284000000,3.7820811836000003,0.76471175520000050000
1482,3.0397199050000006,2.9795510670000000,3.0998887429999997,0.12033767599999967000
1484,2.9127476100000000,2.8017898540000000,3.0237053659999997,0.22191551199999981000
1486,2.7143120570000008,2.6745096798000000,2.7541144341999995,0.07960475439999959000
1487,3.5809015189999998,3.2710161266000000,3.8907869114000007,0.61977078480000050000
1488,3.4632256760000004,3.1062699464000003,3.8201814056000000,0.71391145919999980000
1490,2.7921380564999994,2.7834660791000000,2.8008100339000000,0.01734395479999984000
1493,2.8581413645000000,2.7253411103000000,2.9909416187000000,0.26560050839999993000
1494,2.8903477875000000,2.7922845025000000,2.9884110725000000,0.19612657000000010000
1495,2.5468988990000003,2.3877209394000000,2.7060768585999995,0.31835591919999960000
1496,3.3830444524999996,2.9940162335000000,3.7720726715000000,0.77805643800000010000
1497,3.4305706815000000,3.0605529541000000,3.8005884089000000,0.74003545480000010000
1499,2.9203120435000000,2.8123800609000000,3.0282440261000000,0.21586396520000006000
1500,3.4949857289999997,3.1507340206000003,3.8392374374000000,0.68850341679999970000
1501,2.8213607264999996,2.7215862170999996,2.9211352359000000,0.19954901880000042000
1502,3.5241021429999995,3.1914970002000000,3.8567072858000000,0.66521028560000020000
1503,2.9025385100000000,2.8152991140000000,2.9897779060000000,0.17447879199999994000
1505,2.3431210460000000,2.2915006276000000,2.3947414644000000,0.10324083679999996000
1506,3.0128069585000010,2.7558101419000000,3.2698037750999998,0.51399363319999970000
1507,3.0602787995000003,3.0358851192999996,3.0846724797000000,0.04878736040000042400
1508,3.2652995254999997,3.0488777357000005,3.4817213153000000,0.43284357959999964000
1509,2.6515725695000003,2.6455919973000000,2.6575531417000002,0.01196114440000029000
1511,2.6344152755000000,2.3766901857000002,2.8921403653000004,0.51545017960000020000
1513,2.4163660149999995,2.3756476210000000,2.4570844089999997,0.08143678799999954000
1514,2.5578693530000000,2.5433722942000000,2.5723664118000000,0.02899411759999992500
1515,3.3996314740000000,3.2224592636000000,3.5768036843999997,0.35434442079999995000
1516,3.2356374054999995,3.0454671677000000,3.4258076432999998,0.38034047559999973000
1524,3.4367514704999995,3.0692060587000003,3.8042968823000000,0.73509082359999980000
1526,3.3935271960000004,3.0086920744000003,3.7783623176000005,0.76967024320000020000
1529,3.4698061835000010,3.1154826569000000,3.8241297101000000,0.70864705320000000000
1532,3.3901319245000003,3.0039386943000000,3.7763251547000003,0.77238646040000040000
1534,3.4099265200000000,3.0316511279999996,3.7882019120000000,0.75655078400000030000
1536,2.6580340089999996,2.6002388126000000,2.7158292054000004,0.11559039280000061000
1537,3.5094445805000010,3.1709764127000000,3.8479127483000000,0.67693633560000020000
1538,3.4657725680000000,3.1098355952000003,3.8217095408000000,0.71187394559999980000
1541,3.4145158375000000,3.0380761725000003,3.7909555025000000,0.75287932999999980000
1543,2.4343805830000000,2.4317992162000000,2.4369619498000000,0.00516273360000019100
1544,3.4871697834999993,3.1330872968999994,3.8412522701000000,0.70816497320000060000
1545,3.1675497859999990,2.9237249004000000,3.4113746715999995,0.48764977119999964000
1549,3.0447691375000003,3.0039559925000003,3.0855822825000003,0.08162628999999999000
1551,2.7686578005000000,2.7182049207000000,2.8191106803000000,0.10090575960000026000
1552,3.3826160059999992,3.1263808084000000,3.6388512036000000,0.51247039519999980000
1554,2.7520455915000017,2.6620033549000004,2.8420878281000000,0.18008447319999954000
1555,2.7620612285000000,2.7300001199000000,2.7941223371000000,0.06412221720000000000
1556,2.6270541919999997,2.5055197152000000,2.7485886688000000,0.24306895359999992000
1557,3.3239511145000016,2.9737595603000000,3.6741426687000000,0.70038310840000010000
1558,2.7917978775000000,2.7480586285000000,2.8355371265000000,0.08747849799999985000
1560,2.5135827250000000,2.4958352350000000,2.5313302149999997,0.03549497999999973000
1562,2.8469775149999994,2.7976245209999995,2.8963305090000000,0.09870598800000074000
1563,3.5606627695000000,3.2426818773000003,3.8786436617000004,0.63596178440000010000
1564,2.8362072494999997,2.7555701493000000,2.9168443497000000,0.16127420039999985000
1566,2.3726043249999997,2.2440617950000000,2.5011468550000000,0.25708506000000010000
1569,3.0531050165000000,2.9892834231000000,3.1169266099000000,0.12764318680000030000
1570,3.6080948575000020,3.3090868005000000,3.9071029145000000,0.59801611400000000000
1571,2.9889059930000000,2.9362135902000000,3.0415983958000004,0.10538480560000041000
1572,3.5868658410000007,3.2793661773999996,3.8943655046000005,0.61499932720000100000
1573,3.5262379760000010,3.1944871664000005,3.8579887856000004,0.66350161919999980000
1574,3.3034669705000000,2.8826077587000000,3.7243261823000000,0.84171842360000020000
1575,3.5281060905000000,3.1971025267000006,3.8591096543000005,0.66200712759999990000
1576,2.9145144850000000,2.8042634790000000,3.0247654910000000,0.22050201200000030000
1577,2.3430610410000010,2.2959830246000000,2.3901390574000000,0.09415603279999996000
1578,2.9258427960000004,2.8593135144000000,2.9923720776000007,0.13305856320000053000
1580,2.6147070125000003,2.5177266175000000,2.7116874075000000,0.19396078999999977000
1582,2.6521589895000000,2.5640441936999996,2.7402737853000003,0.17622959160000073000
1583,2.9613297955000000,2.9480777136999996,2.9745818772999995,0.02650416359999985300
1585,2.5517749405000000,2.4125009643000000,2.6910489167000002,0.27854795240000030000
1586,2.8575724734999990,2.8081182629000000,2.9070266841000000,0.09890842119999999000
1588,3.2134949984999994,2.9836033979000000,3.4433865991000000,0.45978320120000005000
1589,2.2348360390000000,2.1979448234000000,2.2717272546000000,0.07378243120000016000
1590,2.5188580354999990,2.4559044212999996,2.5818116497000000,0.12590722840000046000
1591,2.8961412565000000,2.8376561591000002,2.9546263539000000,0.11697019479999993000
1592,2.6870891074999994,2.5564942645000004,2.8176839504999998,0.26118968599999937000
1593,2.5472597615000000,2.4828692661000000,2.6116502569000000,0.12878099080000016000
1594,2.4555264660000007,2.4396986523999997,2.4713542796000003,0.03165562720000059000
1595,3.0403751400000005,2.8413739960000000,3.2393762840000000,0.39800228799999980000
1597,2.5973854990000005,2.5222992986000000,2.6724716994000004,0.15017240080000027000
1598,3.0784916110000000,2.9547154554000000,3.2022677666000003,0.24755231120000020000
1599,2.5102131740000013,2.4332775044000003,2.5871488436000005,0.15387133920000018000
1601,2.7533092530000000,2.7190199517999996,2.7875985542000000,0.06857860240000058000
1604,2.1356673410000004,2.1303526774000000,2.1409820045999997,0.01062932719999976000
1605,2.7454661495000000,2.7007894093000004,2.7901428897000000,0.08935348039999935000
1606,2.8676689660000005,2.8631629524000006,2.8721749796000000,0.00901202719999938400
1613,2.7847917100000004,2.6399875940000004,2.9295958260000000,0.28960823199999950000
1614,3.4729933699999993,3.1199447180000006,3.8260420220000000,0.70609730399999960000
1615,3.0552449205000007,3.0012860887000000,3.1092037523000000,0.10791766359999988000
1617,3.4545514020000000,3.0941259628000000,3.8149768412000005,0.72085087840000030000
1619,3.4309331630000006,3.0610604282000002,3.8008058978000000,0.73974546959999990000
1620,3.4920137020000010,3.1465731828000000,3.8374542212000000,0.69088103839999970000
1621,2.2702712895000010,2.1826619737000000,2.3578806053000000,0.17521863159999995000
1622,3.3512848869999990,2.9495528418000005,3.7530169322000000,0.80346409039999940000
1623,2.4675086605000000,2.3743843963000000,2.5606329246999997,0.18624852839999972000
1624,2.7129160924999995,2.6753968555000000,2.7504353294999997,0.07503847399999986000
1625,2.7609172790000000,2.5872213906000003,2.9346131674000002,0.34739177679999990000
1626,2.6077099905000005,2.4725607867000003,2.7428591943000002,0.27029840759999990000
1627,3.6585502154999996,3.2992375017000000,4.0178629293000006,0.71862542760000060000
1628,2.8406518145000000,2.7737109403000000,2.9075926887000003,0.13388174840000033000
1630,2.6557409890000003,2.6493069934000006,2.6621749846000000,0.01286799119999937300
1631,3.4531839169999996,3.0922114838000000,3.8141563502000000,0.72194486640000030000
1632,2.1940189949999995,2.1189457970000003,2.2690921930000000,0.15014639599999980000
1633,2.7191389884999992,2.5037153839000000,2.9345625931000000,0.43084720919999997000
1635,2.8045936765000000,2.7689690059000003,2.8402183471000000,0.07124934119999970000
1636,2.4653432595000004,2.3978079557000003,2.5328785633000000,0.13507060759999990000
1638,2.4949364265000000,2.4057406559000003,2.5841321971000000,0.17839154119999990000
1639,2.8011953695000000,2.7945223173000000,2.8078684217000000,0.01334610440000005800
1640,2.7666158370000000,2.6680941717999995,2.8651375021999996,0.19704333040000010000
1642,2.1857997800000000,2.1636382680000000,2.2079612920000002,0.04432302400000010000
1643,2.9394727320000000,2.7914690248000000,3.0874764391999996,0.29600741439999956000
1644,3.5087029529999990,3.1699381341999997,3.8474677718000000,0.67752963760000020000
1645,3.5473740215000005,3.2240776301000000,3.8706704129000000,0.64659278280000000000
1646,2.8153192314999993,2.6931921241000000,2.9374463389000000,0.24425421480000020000
1651,2.0988769265000010,1.9448761559000003,2.2528776971000000,0.30800154119999990000
1652,3.4046520050000000,3.0242668070000000,3.7850372030000003,0.76077039600000030000
1653,3.4923481219999997,3.1470413708000002,3.8376548732000004,0.69061350240000020000
1655,2.5355814444999996,2.4087064223000000,2.6624564666999997,0.25375004439999980000
1658,3.5250300390000007,3.1927960546000005,3.8572640234000004,0.66446796879999990000
1659,3.4057617805000000,3.0258204927000003,3.7857030683000006,0.75988257560000030000
1660,3.5403024830000000,3.2141774762000000,3.8664274898000004,0.65225001360000020000
1662,3.6004720060000000,3.2984148084000005,3.9025292036000003,0.60411439519999990000
1663,3.0277509755000000,2.9846489657000000,3.0708529853000006,0.08620401960000068000
1664,3.3989043665000005,3.2036461131000000,3.5941626199000000,0.39051650680000005000
1666,3.5794358395000000,3.2689641753000003,3.8899075037000000,0.62094332839999970000
1669,3.1400995954999993,3.0130482337000000,3.2671509572999997,0.25410272359999950000
1671,2.8193429209999996,2.7534320894000000,2.8852537525999997,0.13182166319999977000
1672,2.7135853589999996,2.6845643026000000,2.7426064154000000,0.05804211279999993400
1673,2.7738421279999996,2.6800213792000000,2.8676628768000000,0.18764149760000004000
1674,2.7827360724999997,2.5283021015000000,3.0371700434999997,0.50886794199999970000
1675,3.0050683515000000,2.8714796921000000,3.1386570109000003,0.26717731880000040000
1676,3.0081148399999997,2.8531923760000000,3.1630373039999995,0.30984492799999950000
1678,3.5714583575000014,3.2577957004999996,3.8851210145000006,0.62732531400000100000
1679,3.5520559450000000,3.2306323230000000,3.8734795670000004,0.64284724400000040000
1681,3.4431519190000010,3.0781666866000000,3.8081371514000000,0.72997046480000000000
1682,3.3149705160000007,2.8987127224000000,3.7312283096000000,0.83251558720000010000
1684,3.4047364384999996,3.0243850139000000,3.7850878631000002,0.76070284920000030000
1686,3.5493226410000007,3.2268056974000000,3.8718395846000000,0.64503388719999990000
1687,2.9891588740000000,2.9261016236000000,3.0522161244000000,0.12611450079999997000
1689,2.7839642009999994,2.6563834814000002,2.9115449206000000,0.25516143919999970000
1690,2.3772175740000000,2.2468297444000003,2.5076054036000000,0.26077565919999970000
1694,3.3967677520000000,3.1970568528000003,3.5964786512000000,0.39942179839999970000
1695,2.8085268864999997,2.7076480411000000,2.9094057319000000,0.20175769080000006000
1698,2.9625320565000000,2.8364348790999996,3.0886292339000000,0.25219435480000030000
1699,2.7854399260000000,2.7525606964000002,2.8183191556000000,0.06575845919999956000
1700,3.3940307550000006,3.0093970569999997,3.7786644530000000,0.76926739600000050000
1702,3.3603011415000004,2.9621755981000000,3.7584266849000003,0.79625108680000030000
1703,3.5604964230000005,3.2424489922000000,3.8785438538000000,0.63609486160000020000
1704,2.6156957045000000,2.6001066227000003,2.6312847863000000,0.03117816359999992000
1707,2.5647952995000000,2.5254326193000000,2.6041579796999996,0.07872536039999956000
1708,2.8400994800000000,2.7269048720000000,2.9532940880000003,0.22638921600000028000
1709,2.8786541675000000,2.7236870345000000,3.0336213005000000,0.30993426599999996000
1711,2.7742969010000000,2.7262408614000004,2.8223529406000000,0.09611207919999964000
1712,2.2253241430000000,2.1187884858000000,2.3318598002000000,0.21307131440000004000
1713,3.5719905374999996,3.2847207524999997,3.8592603225000004,0.57453957000000070000
1714,2.7679595025000000,2.7506709035000000,2.7852481015000000,0.03457719800000003000
1715,2.3747067895000000,2.2755432737000003,2.4738703053000000,0.19832703159999987000
1717,3.5583927875000000,3.2395039025000000,3.8772816725000000,0.63777777000000000000
1719,3.5896505054999994,3.2832647077000003,3.8960363033000000,0.61277159559999950000
1721,3.5175971510000010,3.1823900114000003,3.8528042906000000,0.67041427919999960000
1722,3.5886321835000006,3.2818390569000000,3.8954253101000003,0.61358625320000030000
1725,3.3820829120000004,2.9926700768000000,3.7714957472000004,0.77882567040000030000
1727,2.9327711930000007,2.8907596702000000,2.9747827158000000,0.08402304559999996000
1728,3.2287894724999995,2.7780592615000000,3.6795196835000000,0.90146042200000000000
1729,3.4515408555000002,3.0899111977000002,3.8131705133000002,0.72325931560000000000
1730,3.5435076109999994,3.2186646554000005,3.8683505666000000,0.64968591119999970000
1731,3.4589280430000000,3.1002532601999997,3.8176028258000003,0.71734956560000060000
1733,3.0767891310000000,3.0051051833999995,3.1484730786000000,0.14336789520000037000
1734,2.8901287315000000,2.7919778241000000,2.9882796389000000,0.19630181479999997000
1736,3.4922698660000000,3.1469318124000005,3.8376079196000000,0.69067610719999940000
1737,2.9933597150000000,2.8886004009999997,3.0981190289999994,0.20951862799999965000
1738,3.6374341845000000,3.3584130583000000,3.9164553107000000,0.55804225239999990000
1739,3.0480222770000000,2.9599631878000000,3.1360813662000000,0.17611817839999988000
1740,2.9251949685000000,2.8344113559000004,3.0159785811000000,0.18156722519999980000
1741,3.4032087465000000,3.1305378451000000,3.6758796479000000,0.54534180279999990000
1742,2.9292972165000000,2.8746157030999995,2.9839787299000000,0.10936302680000054000
1743,2.1774385290000002,2.0373695174000000,2.3175075406000003,0.28013802320000014000
1745,3.0041903640000003,2.9037633096000004,3.1046174184000000,0.20085410879999976000
1746,2.6699782279999997,2.6219695192000000,2.7179869368000005,0.09601741760000060000
1747,3.5936069395000000,3.3254817153000000,3.8617321636999997,0.53625044839999970000
1749,2.3557967535000000,2.3029426549000000,2.4086508521000000,0.10570819720000024000
1752,2.7993140185000005,2.7152396259000000,2.8833884111000000,0.16814878520000010000
1753,2.6158552895000000,2.6071342053000000,2.6245763737000005,0.01744216840000057000
1754,3.3879998135000005,2.9901921389000010,3.7858074881000006,0.79561534919999980000
1755,3.1260439424999990,2.9862355194999997,3.2658523655000000,0.27961684600000014000
1756,2.9686854109999996,2.8298427754000000,3.1075280466000006,0.27768527120000064000
1757,3.5882613330000000,3.2813198662000000,3.8952027998000007,0.61388293360000070000
1758,3.4825052645000003,3.1332613703000005,3.8317491587000000,0.69848778839999960000
1759,3.5272308994999997,3.1958772593000004,3.8585845397000003,0.66270728039999980000
1761,3.2923352450000003,2.8670233429999996,3.7176471470000000,0.85062380400000050000
1762,2.4253310450000000,2.3088326269999997,2.5418294630000000,0.23299683600000032000
1763,3.0505441210000006,2.9686585694000000,3.1324296726000000,0.16377110319999977000
1764,3.1016484105000000,3.0402045747000000,3.1630922463000000,0.12288767160000003000
1765,3.3969570890000003,3.0134939246000000,3.7804202534000000,0.76692632879999990000
1767,3.3918631155000000,3.0063623616999995,3.7773638693000000,0.77100150760000030000
1769,2.5442219364999996,2.3906331619000003,2.6978107111000000,0.30717754919999950000
1771,3.4864148990000006,3.1387348586000003,3.8340949394000000,0.69536008079999960000
1772,2.8702222520000000,2.7700563527999997,2.9703881512000000,0.20033179840000015000
1774,2.7576263580000000,2.5582773012000000,2.9569754148000000,0.39869811360000007000
1778,2.3475913640000000,2.3057348184000000,2.3894479096000000,0.08371309119999992000
1779,2.6080614840000000,2.5639284904000000,2.6521944775999997,0.08826598719999978000
1781,2.5390267265000004,2.4576520359000000,2.6204014171000000,0.16274938120000026000
1784,2.8611156534999997,2.7379651149000000,2.9842661921000000,0.24630107720000005000
1785,3.2839971479999996,2.8448068072000000,3.7231874888000000,0.87838068159999990000
1786,3.5151144655000004,3.1704542517000000,3.8597746793000000,0.68932042760000020000
1787,2.5636427545000000,2.3691808526999996,2.7581046563000000,0.38892380360000045000
1789,3.6015111119999994,3.2998695568000000,3.9031526672000000,0.60328311040000000000
1790,3.3802228984999996,2.9900660579000000,3.7703797391000000,0.78031368120000000000
1791,3.4132227714999996,3.0362658800999998,3.7901796629000000,0.75391378280000020000
1793,3.6922928734999996,3.4269640229000000,3.9576217241000000,0.53065770120000000000
1796,3.5406565910000003,3.2146732274000000,3.8666399546000000,0.65196672720000000000
1797,2.8778847445000000,2.7269354423000000,3.0288340467000000,0.30189860440000027000
1802,3.4288381545000006,3.0581274163000000,3.7995488927000003,0.74142147640000020000
1803,2.6583273914999994,2.5065383481000000,2.8101164349000000,0.30357808680000000000
1807,2.8985804535000000,2.7777638349000000,3.0193970721000000,0.24163323719999985000
1809,3.4291635980000000,3.0585830372000000,3.7997441588000003,0.74116112160000020000
1810,2.6097738235000003,2.4314749529000000,2.7880726941000002,0.35659774120000030000
1811,2.1949015655000000,2.1321941917000000,2.2576089393000000,0.12541474759999982000
1812,3.3239304205000004,2.9112565887000006,3.7366042523000000,0.82534766359999920000
1813,2.7552046260000000,2.7422252764000000,2.7681839756000000,0.02595869919999982400
1814,2.8818392490000000,2.8029729485999995,2.9607055493999996,0.15773260080000018000
1815,2.9205930835000000,2.8769243169000003,2.9642618500999998,0.08733753319999948000
1816,3.6654452870000003,3.4041454018000000,3.9267451722000000,0.52259977039999980000
1818,2.5617498800000003,2.4159538320000000,2.7075459279999996,0.29159209599999960000
1819,2.8351661055000004,2.8007821477000006,2.8695500633000000,0.06876791559999962000
1820,3.5496886949999986,3.2273181730000000,3.8720592170000003,0.64474104400000030000
1821,2.9452364060000000,2.9255469684000004,2.9649258436000000,0.03937887519999972000
1822,2.7200916995000006,2.6930671793000000,2.7471162197000000,0.05404904040000025000
1823,3.6745445440000000,3.4021163616000000,3.9469727264000003,0.54485636480000020000
1825,3.4222840370000000,3.0489516518000000,3.7956164222000000,0.74666477040000020000
1826,3.4659857845000004,3.1101340983000000,3.8218374707000002,0.71170337240000010000
1827,3.6699547610000000,3.3956906654000000,3.9442188566000005,0.54852819120000040000
1831,3.4477779310000000,3.0846431034000000,3.8109127586000000,0.72626965519999990000
1834,3.6130425815000002,3.3160136140999996,3.9100715489000004,0.59405793480000080000
1835,3.5970185195000000,3.2935799272999997,3.9004571117000000,0.60687718440000050000
1837,3.3877473910000000,3.1273127474000000,3.6481820345999996,0.52086928719999960000
1838,2.8579831759999994,2.6894108464000000,3.0265555055999998,0.33714465919999980000
1839,3.0059544630000000,2.9383350482000004,3.0735738777999995,0.13523882959999910000
1840,3.3991861544999997,3.0000602162999996,3.7983120927000003,0.79825187640000060000
1841,2.5539060090000000,2.5501900126000000,2.5576220054000003,0.00743199280000039800
1842,2.7107455810000003,2.6265766134000000,2.7949145485999995,0.16833793519999940000
1843,2.4899736464999997,2.3841305879000000,2.5958167051000003,0.21168611720000020000
1844,2.9827415550000000,2.9780541770000000,2.9874289330000000,0.00937475599999970700
1846,2.5875477350000002,2.3743120290000004,2.8007834409999997,0.42647141199999930000
1847,2.9831528249999995,2.8481307549999997,3.1181748950000000,0.27004414000000043000
1850,2.4037917310000000,2.3680694386000000,2.4395140234000000,0.07144458480000004000
1851,2.9148496095000000,2.7714342533000003,3.0582649657000003,0.28683071240000000000
1852,2.8646302140000000,2.7795634996000000,2.9496969284000000,0.17013342879999982000
1854,2.4305484230000000,2.3906986538000000,2.4703981922000000,0.07969953839999988000
1856,2.6951906980000000,2.6625624188000000,2.7278189771999997,0.06525655839999978000
1857,3.4860860625000000,3.1725728875000000,3.7995992375000000,0.62702635000000000000
1858,2.8903140400000000,2.7076396560000000,3.0729884240000000,0.36534876800000005000
1859,2.4690857125000000,2.2801507974999997,2.6580206275000000,0.37786983000000030000
1860,2.5691197550000000,2.4880196569999997,2.6502198530000000,0.16220019600000013000
1861,2.9469339175000000,2.8702006845000000,3.0236671505000006,0.15346646600000070000
1862,3.4364250965000007,3.0687491351000000,3.8041010579000000,0.73535192280000010000
1865,2.3648341380000000,2.2220636828000000,2.5076045932000000,0.28554091039999996000
1866,3.4744625144999994,3.1220015203000004,3.8269235087000000,0.70492198839999980000
1867,3.4035392580000003,3.0227089611999998,3.7843695548000005,0.76166059360000070000
1869,3.6109811600000015,3.3131276240000000,3.9088346960000000,0.59570707200000020000
1872,2.9680895660000000,2.9402053924000002,2.9959737395999997,0.05576834719999946000
1873,3.4366481775000010,3.0690614485000003,3.8042349065000000,0.73517345799999980000
1874,2.4817644415000006,2.3704946649000003,2.5930342180999997,0.22253955319999940000
1876,2.8171486690000000,2.8011449366000000,2.8331524014000000,0.03200746479999994000
1877,3.4049200485000020,3.0246420679000003,3.7851980291000000,0.76055596119999970000
1879,2.5113187319999980,2.3515118247999998,2.6711256392000000,0.31961381440000025000
1880,2.8608511345000003,2.7278603883000000,2.9938418807000000,0.26598149239999990000
1882,3.6811028210000000,3.4112979494000000,3.9509076926000000,0.53960974319999980000
1883,2.8423206910000000,2.6768493674000000,3.0077920145999997,0.33094264719999966000
1884,3.1100130650000000,2.8918986910000000,3.3281274389999997,0.43622874799999956000
1886,3.0280363510000010,2.9724972914000000,3.0835754106000000,0.11107811920000010000
1887,3.0148553465000010,2.9164478851000000,3.1132628079000000,0.19681492279999980000
1888,2.5176754690000003,2.4310668814000000,2.6042840566000000,0.17321717520000002000
1889,2.5910161455000007,2.4472894036999997,2.7347428873000000,0.28745348360000020000
1890,3.1180992169999997,3.0717825038000000,3.1644159301999997,0.09263342639999950000
1891,2.4880055655000000,2.3781945393000000,2.5978165917000000,0.21962205240000010000
1892,3.0305396220000000,2.9120926708000003,3.1489865731999998,0.23689390239999940000
1894,2.4644730520000000,2.4601822312000000,2.4687638728000000,0.00858164159999974500
1895,2.8004875825000000,2.6803702155000000,2.9206049495000004,0.24023473400000040000
1896,2.7264550034999977,2.6532398049000000,2.7996702020999997,0.14643039719999962000
1898,2.9879157110000003,2.8844899954000000,3.0913414266000000,0.20685143120000005000
1899,2.9077475240000004,2.8965185144000003,2.9189765336000004,0.02245801920000012300
1900,3.4604649260000007,3.1024048964000004,3.8185249556000000,0.71612005919999970000
1901,2.9388742795000002,2.8602215912999998,3.0175269677000000,0.15730537640000009000
1902,2.9576137694999995,2.8991964773000003,3.0160310616999997,0.11683458439999939000
1903,2.7093317709999996,2.6457128794000000,2.7729506626000000,0.12723778320000000000
1904,3.4736060674999996,3.1208024945000000,3.8264096405000005,0.70560714600000060000
1906,3.5290701064999994,3.1984521491000000,3.8596880639000000,0.66123591480000020000
1907,3.4808492695000006,3.1309429773000000,3.8307555617000000,0.69981258440000000000
1913,2.6870884205000003,2.6468625887000004,2.7273142523000002,0.08045166359999989000
1914,3.5432046295000000,3.2182404813000005,3.8681687777000002,0.64992829639999970000
1918,3.6492297725000000,3.3666756815000000,3.9317838634999998,0.56510818199999990000
1921,2.0690338810000000,1.9989863286000003,2.1390814334000000,0.14009510479999965000
1923,3.5904251404999990,3.2843491967000000,3.8965010843000005,0.61215188760000050000
1924,2.6924079700000000,2.6279671580000000,2.7568487820000000,0.12888162399999992000
1925,2.9141550130000002,2.8037602182000000,3.0245498077999997,0.22078958959999984000
1926,2.7914823719999995,2.7656545208000000,2.8173102232000000,0.05165570239999972600
1928,2.8037411700000003,2.6803384380000000,2.9271439020000000,0.24680546399999992000
1929,2.5696974844999994,2.4097888907000000,2.7296060783000000,0.31981718760000000000
1930,2.8614981570000000,2.7223446198000000,3.0006516942000000,0.27830707440000024000
1931,2.6346224945000000,2.5619878967000000,2.7072570923000000,0.14526919560000007000
1932,3.2015749920000003,3.0579481887999997,3.3452017952000000,0.28725360640000020000
1933,2.5977098695000000,2.5062399217000000,2.6891798173000000,0.18293989559999968000
1934,3.0686003284999990,2.8891588598999998,3.2480417971000004,0.35888293720000064000
1936,3.4085394785000003,3.1076288698999996,3.7094500870999996,0.60182121719999990000
1937,2.8395059215000000,2.7660659528999996,2.9129458900999996,0.14687993720000003000
1938,2.8378020559999997,2.6141788783999997,3.0614252336000005,0.44724635520000080000
1939,3.1882097540000000,2.7209520556000000,3.6554674523999995,0.93451539679999930000
1940,2.6465689505000000,2.5317821307000000,2.7613557703000002,0.22957363960000032000
1941,2.7178375380000000,2.6359305228000000,2.7997445532000000,0.16381403040000020000
1942,2.6182889274999996,2.5911540985000000,2.6454237565000000,0.05426965799999994000
1943,2.6773143745000000,2.6276825242999995,2.7269462247000003,0.09926370040000077000
1947,3.3801040190000000,2.9898996266000000,3.7703084114000003,0.78040878480000010000
1949,2.8876108305000000,2.7839343627000000,2.9912872983000000,0.20735293559999990000
1950,3.0025190785000007,2.9229815099000000,3.0820566471000000,0.15907513719999988000
1952,3.4237862899999993,3.0510548060000000,3.7965177740000002,0.74546296800000040000
1953,2.8908244850000000,2.7898926790000003,2.9917562910000000,0.20186361199999991000
1954,3.5868736395000000,3.2793770953000000,3.8943701837000004,0.61499308840000030000
1956,3.4915351895000004,3.1459032653000003,3.8371671137000005,0.69126384840000020000
1958,3.3371140580000010,2.9297136811999995,3.7445144348000000,0.81480075360000060000
1961,3.4187945269999997,3.0440663378000000,3.7935227162000000,0.74945637840000010000
1962,3.6240995695000002,3.3314933973000000,3.9167057417000000,0.58521234439999990000
1964,3.3668813095000005,2.9713878333000000,3.7623747857000000,0.79098695239999990000
1966,3.5707894225000000,3.2568591915000003,3.8847196535000000,0.62786046199999970000
1968,3.4504879659999994,3.1337955524000000,3.7671803796000000,0.63338482720000000000
1969,2.8855338010000000,2.7045093214000000,3.0665582806000000,0.36204895919999960000
1970,3.0067693334999994,2.9510518669000000,3.0624868001000000,0.11143493319999997000
1971,2.5346412655000004,2.4676153717000000,2.6016671593000003,0.13405178760000025000
1972,2.9597182509999995,2.8919711514000000,3.0274653506000000,0.13549419920000005000
1973,3.3455101595000000,2.9414682233000000,3.7495520957000004,0.80808387240000060000
1974,3.5079165275000004,3.1688371385000007,3.8469959165000000,0.67815877799999940000
1975,2.2874370290000000,2.2320438173999997,2.3428302405999997,0.11078642319999998000
1977,2.7502959050000000,2.6021594670000003,2.8984323430000000,0.29627287599999974000
1978,2.4114932350000000,2.2673951410000000,2.5555913290000000,0.28819618799999970000
1979,2.5590720405000000,2.3832852243000000,2.7348588567000003,0.35157363240000050000
1980,2.3365332839999997,2.3169507704000000,2.3561157976000002,0.03916502720000014600
1981,2.6172507540000000,2.5429432523999997,2.6915582556000004,0.14861500320000065000
1984,2.6781238820000000,2.6333734348000000,2.7228743292000000,0.08950089439999998000
1985,2.3225009204999996,2.3034961523000000,2.3415056887000000,0.03800953639999971000
1987,2.3437661140000006,2.1805484684000000,2.5069837596000000,0.32643529120000014000
1989,2.9506353629999995,2.8242979082000000,3.0769728177999998,0.25267490959999960000
1992,3.4699577075000003,3.1156947905000005,3.8242206245000000,0.70852583399999960000
1993,2.6964800930000000,2.5118629302000000,2.8810972558000003,0.36923432560000036000
1994,3.4477631270000004,3.0846223778000000,3.8109038762000000,0.72628149839999970000
1995,3.4452802945000010,3.0811464122999994,3.8094141767000003,0.72826776440000080000
1997,3.4068603765000005,3.0273585271000000,3.7863622259000000,0.75900369880000000000
1998,2.1915073899999995,2.0721536340000000,2.3108611460000000,0.23870751199999996000
1999,2.9128813465000000,2.8907158850999997,2.9350468078999996,0.04433092279999995000
2001,3.6144832120000000,3.3180304968000000,3.9109359272000000,0.59290543040000010000
2002,3.4987121045000000,3.1559509463000000,3.8414732627000000,0.68552231640000020000
2003,2.7606898964999993,2.5365198551000003,2.9848599379000000,0.44834008279999970000
2004,2.9250867904999995,2.8190647067000000,3.0311088743000000,0.21204416760000022000
2005,3.4685031810000018,3.1136584534000002,3.8233479086000000,0.70968945519999990000
2006,2.5115350275000010,2.4851394384999996,2.5379306165000000,0.05279117800000055000
2007,2.7349088449999996,2.6599627829999997,2.8098549070000000,0.14989212400000040000
2009,2.3608224565000000,2.3018846739000000,2.4197602391000000,0.11787556519999987000
2010,3.5123400405000010,3.2600380567000000,3.7646420243000000,0.50460396760000000000
2012,2.3433733580000000,2.2554467012000000,2.4313000148000000,0.17585331360000023000
2013,2.4128648824999996,2.3993797294999997,2.4263500355000000,0.02697030600000038800
2014,3.2135482245000000,3.0969019143000000,3.3301945347000004,0.23329262040000032000
2015,2.9928120770000000,2.9143393077999997,3.0712848461999998,0.15694553840000003000
2016,2.8024515410000000,2.6583025574000000,2.9466005245999995,0.28829796719999967000
2017,2.4766663950000000,2.1874373530000004,2.7658954369999997,0.57845808399999930000
2019,2.4660306340000004,2.4646816876000000,2.4673795804000000,0.00269789279999965700
2021,2.5056394390000000,2.4443788634000000,2.5669000146000003,0.12252115120000040000
2024,3.4487573544999996,3.0860142962999997,3.8115004127000005,0.72548611640000080000
2026,3.4035786550000010,3.0227641170000000,3.7843931930000000,0.76162907600000020000
2028,3.0625487189999987,2.9854650066000000,3.1396324314000000,0.15416742479999979000
2029,2.8596362465000000,2.7725719450999997,2.9467005479000000,0.17412860280000020000
2030,3.5860003025000005,3.2781544235000000,3.8938461815000000,0.61569175799999960000
2032,3.5162387434999993,3.1804882409000004,3.8519892461000000,0.67150100519999970000
2034,3.4335631240000004,3.0647423736000000,3.8023838744000000,0.73764150079999970000
2035,3.3401089280000003,2.9339064992000000,3.7463113568000000,0.81240485760000030000
2037,2.1393108155000000,2.1372204892999997,2.1414011417000000,0.00418065240000009550
2039,2.8529069685000000,2.6919665558999997,3.0138473811000000,0.32188082520000050000
2040,3.0544277010000000,3.0001419813999997,3.1087134205999996,0.10857143919999990000
2042,2.2688139740000000,2.1930679844000003,2.3445599636000000,0.15149197919999980000
2043,3.4699930370000000,3.1157442518000000,3.8242418222000003,0.70849757040000050000
2044,3.5364336909999996,3.2087611674000000,3.8641062146000000,0.65534504720000000000
2045,3.4477625659999998,3.0846215924000000,3.8109035396000000,0.72628194719999990000
2048,2.9857321815000000,2.9038046541000000,3.0676597089000000,0.16385505479999996000
2049,2.8686898280000000,2.6598301592000000,3.0775494967999997,0.41771933759999946000
2050,2.7884239570000000,2.6782075398000003,2.8986403741999998,0.22043283439999950000
2051,2.5319360470000000,2.4847600657999998,2.5791120281999995,0.09435196239999977000
2052,3.3066139835000000,2.9280463769000000,3.6851815900999996,0.75713521319999980000
2053,3.2244805795000007,2.7720268113000004,3.6769343477000000,0.90490753639999970000
2055,3.4410202254999995,3.0751823157000002,3.8068581353000000,0.73167581959999990000
2056,3.4283905185000005,3.0575007259000000,3.7992803111000000,0.74177958519999980000
2057,2.9560665784999990,2.8537260099000004,3.0584071471000000,0.20468113719999970000
2058,2.7487210455000004,2.7226822637000000,2.7747598273000000,0.05207756360000015400
2059,2.6868562584999998,2.5787363619000003,2.7949761550999996,0.21623979319999930000
2060,2.5622378450000003,2.4895921830000005,2.6348835070000000,0.14529132399999956000
2061,3.1467524829999993,3.0209886761999996,3.2725162898000004,0.25152761360000087000
2063,2.9636481885000000,2.9531754639000000,2.9741209131000000,0.02094544920000007700
2064,2.5532083355000000,2.4963446013000006,2.6100720697000000,0.11372746839999959000
2065,2.9140682769999997,2.8270231878000000,3.0011133662000000,0.17409017839999974000
2066,3.1524633750000000,3.0570719250000002,3.2478548250000000,0.19078289999999987000
2070,2.2229143195000005,2.1740677917000000,2.2717608473000000,0.09769305559999975000
2071,2.8915785205000000,2.7679611287000000,3.0151959123000000,0.24723478359999973000
2075,2.4791469054999995,2.3949705432999995,2.5633232677000000,0.16835272440000050000
2076,3.5619504065000007,3.2444845691000000,3.8794162439000000,0.63493167480000020000
2078,2.5019072540000002,2.3825803524000000,2.6212341556000003,0.23865380320000007000
2079,2.1646395085000000,2.0470261051000000,2.2822529119000000,0.23522680680000008000
2080,3.5412485709999992,3.2155019994000000,3.8669951426000000,0.65149314320000020000
2082,3.3816978410000000,2.9921309773999996,3.7712647046000000,0.77913372720000050000
2085,3.6139357825000005,3.3172640954999997,3.9106074695000000,0.59334337400000030000
2089,3.5656295905000004,3.2496354267000003,3.8816237543000000,0.63198832759999980000
2091,2.8478549829999995,2.7718769761999997,2.9238329898000000,0.15195601360000044000
2092,2.9759248059999990,2.8860459284000000,3.0658036836000004,0.17975775520000026000
2093,2.4604370720000004,2.2794638432000000,2.6414103008000000,0.36194645760000020000
2095,2.6634332310000004,2.5987521233999997,2.7281143386000000,0.12936221520000046000
2100,2.9286570149999998,2.8955446210000004,2.9617694090000000,0.06622478799999953000
2101,2.4427556484999995,2.3161541890999997,2.5693571078999997,0.25320291880000000000
2102,2.3105757325000000,2.1321150395000000,2.4890364255000000,0.35692138600000023000
2105,3.4964521299999998,3.2857513820000004,3.7071528780000000,0.42140149599999965000
2108,3.1707659009999998,2.8384346614000004,3.5030971406000004,0.66466247920000000000
2109,3.2925315460000010,2.8672981644000000,3.7177649275999998,0.85046676319999960000
2110,3.3766079315000000,2.9850051041000000,3.7682107589000005,0.78320565480000060000
2111,2.8836558840000004,2.7610614376000000,3.0062503304000000,0.24518889279999990000
2112,2.9695467000000004,2.9335349800000000,3.0055584200000000,0.07202343999999972000
2113,3.5618771604999995,3.2443820247000000,3.8793722963000006,0.63499027160000040000
2114,2.7962251155000000,2.6837963617000002,2.9086538693000000,0.22485750759999990000
2116,2.3415201010000000,2.2366916606000000,2.4463485414000000,0.20965688079999990000
2119,2.9970450585000000,2.9807430819000000,3.0133470351000000,0.03260395319999976000
2120,2.3821721700000000,2.3107393020000000,2.4536050380000000,0.14286573600000008000
2121,3.3414113129999990,2.9357298382000000,3.7470927877999998,0.81136294959999990000
2122,2.8903376169999997,2.7704158638000003,3.0102593702000000,0.23984350639999974000
2124,2.4492201850000020,2.3474410590000000,2.5509993110000000,0.20355825200000010000
2125,3.5061705984999990,3.1663928378999997,3.8459483591000003,0.67955552120000060000
2126,3.6310719330000003,3.3412547062000000,3.9208891598000000,0.57963445360000020000
2128,3.4467759400000000,3.0832403160000000,3.8103115640000000,0.72707124800000010000
2130,2.7309432590000005,2.6511237626000000,2.8107627554000000,0.15963899279999970000
2131,2.7835412550000000,2.7418335530000000,2.8252489570000000,0.08341540399999970000
2132,2.8152194005000000,2.7330551607000000,2.8973836403000000,0.16432847959999997000
2133,2.6107508985000000,2.5284536579000000,2.6930481391000000,0.16459448119999998000
2134,3.2324515700000003,3.0951717980000000,3.3697313420000000,0.27455954400000016000
2135,2.4876976550000003,2.4565777930000000,2.5188175170000000,0.06223972399999988500
2136,2.3840212510000000,2.1895159506000000,2.5785265514000004,0.38901060080000030000
2138,3.1696927410000004,2.9224442374000000,3.4169412446000003,0.49449700720000010000
2139,3.5378598434999993,3.2107577809000000,3.8649619061000000,0.65420412520000020000
2142,3.2708173940000010,2.8368983516000004,3.7047364363999997,0.86783808479999940000
2143,3.5743801654999990,3.2618862317000000,3.8868740993000000,0.62498786759999980000
2144,3.4557791805000000,3.0958448527000000,3.8157135083000004,0.71986865560000050000
2146,3.5531814619999986,3.2322080468000003,3.8741548772000000,0.64194683039999980000
2149,3.6419763360000004,3.3565208704000000,3.9274318016000000,0.57091093120000020000
2150,3.4211929264999994,3.0474240971000000,3.7949617559000000,0.74753765880000020000
2151,3.4021604125000002,3.0207785775000002,3.7835422475000002,0.76276367000000000000
2152,3.4696738880000010,3.1152974432000002,3.8240503328000000,0.70875288959999990000
2154,3.5475348179999990,3.2243027452000000,3.8707668908000006,0.64646414560000040000
2155,3.5751130185000006,3.2629122259000000,3.8873138111000003,0.62440158520000020000
2158,2.4652374374999995,2.3094964625000000,2.6209784125000000,0.31148195000000010000
2159,2.9129184525000000,2.8474626335000006,2.9783742715000000,0.13091163799999928000
2160,2.5217837240000000,2.4126854344000000,2.6308820136000004,0.21819657920000024000
2162,3.4924162019999994,3.2184546827999996,3.7663777212000000,0.54792303840000050000
2164,2.9595749534999998,2.9124861348999995,3.0066637721000000,0.09417763720000050000
2165,3.6137007045000007,3.2574593863000003,3.9699420227000000,0.71248263639999990000
2166,3.2436705860000000,2.8965076204000000,3.5908335516000000,0.69432593119999990000
2167,2.7720587860000000,2.7216619004000000,2.8224556716000000,0.10079377120000022000
2168,2.7837670944999970,2.7460882567000000,2.8214459323000000,0.07535767560000028000
2171,2.9143388645000000,2.8393672103000000,2.9893105187000004,0.14994330840000059000
2172,2.7859456190000000,2.6206918666000000,2.9511993714000000,0.33050750479999990000
2174,2.5888621955000004,2.4860613173000004,2.6916630737000005,0.20560175640000010000
2175,2.4533249059999997,2.3816292684000000,2.5250205435999997,0.14339127519999950000
2176,2.9234198995000000,2.8702014593000000,2.9766383397000000,0.10643688039999999000
2177,3.3742558195000010,2.9817121472999997,3.7667994917000000,0.78508734440000040000
2179,3.4706596590000000,3.1166775226000000,3.8246417954000003,0.70796427280000040000
2181,3.4211426985000010,3.0473537779000000,3.7949316191000000,0.74757784120000000000
2183,2.9657374074999994,2.8759755704999996,3.0554992445000000,0.17952367400000036000
2186,3.5665899699999994,3.2509799580000003,3.8821999820000004,0.63122002400000010000
2189,2.5906980944999995,2.5651948567000000,2.6162013322999997,0.05100647559999993400
2191,3.5832904855000005,3.2791994797000000,3.8873814913000000,0.60818201160000030000
2192,2.5569161080000000,2.4429284648000000,2.6709037511999996,0.22797528639999953000
2193,3.0830131140000000,3.0398651595999997,3.1261610684000000,0.08629590880000038000
2194,3.3960311935000007,3.0121976709000000,3.7798647161000000,0.76766704520000010000
2195,2.4928237015000000,2.3552758208999998,2.6303715820999996,0.27509576119999980000
2196,2.6088245295000000,2.4973763177000000,2.7202727413000000,0.22289642359999995000
2197,2.6643574045000000,2.6264667663000000,2.7022480427000000,0.07578127639999988000
2198,3.1872202760000000,3.1511611864000004,3.2232793656000003,0.07211817919999985000
2199,2.5366681730000007,2.3331969037999998,2.7401394422000003,0.40694253840000050000
2200,3.1784167085000004,2.7670157919000000,3.5898176251000002,0.82280183320000020000
2201,2.9408119785000000,2.7414139699000000,3.1402099870999995,0.39879601719999960000
2202,2.5240021349999995,2.4218836809999997,2.6261205889999997,0.20423690799999994000
2203,2.9092545554999996,2.8734167776999997,2.9450923333000000,0.07167555560000016000
2207,2.7069291269999995,2.6638771778000000,2.7499810761999997,0.08610389839999977000
2209,2.9437607500000000,2.8219246500000000,3.0655968500000000,0.24367219999999978000
2210,3.2743199599999993,2.8418019440000000,3.7068379760000005,0.86503603200000030000
2211,2.9642774755000000,2.8652212656999994,3.0633336853000004,0.19811241960000103000
2212,3.4801143805000003,3.1299141327000000,3.8303146283000000,0.70040049559999980000
2215,2.9887911465000000,2.8822044051000000,3.0953778879000000,0.21317348279999980000
2217,3.5775623930000010,3.2663413502000003,3.8887834357999997,0.62244208559999950000
2218,3.4253319820000000,3.0532187748000000,3.7974451892000003,0.74422641440000040000
2219,3.6250614340000000,3.3328400076000000,3.9172828604000000,0.58444285279999960000
2224,3.6202360554999995,3.3260844777000000,3.9143876333000005,0.58830315560000070000
2228,3.1329980149999996,3.0316172210000003,3.2343788090000000,0.20276158799999955000
2229,2.3750724080000003,2.2452470448000000,2.5048977712000000,0.25965072639999986000
2230,2.4824222380000003,2.3182701428000003,2.6465743332000000,0.32830419039999950000
2231,2.9563299554999998,2.8846595377000000,3.0280003733000003,0.14334083560000010000
2232,3.0094447699999995,2.9111194780000000,3.1077700619999997,0.19665058399999990000
2233,3.4695668844999994,3.1151476383000000,3.8239861307000003,0.70883849240000040000
2236,2.4722426215000000,2.4532860701000003,2.4911991729000000,0.03791310279999971000
2238,2.6839303425000000,2.6270558055000000,2.7408048795000000,0.11374907400000023000
2239,2.6347289590000003,2.4060681426000000,2.8633897754000000,0.45732163279999980000
2240,3.5758428585000000,3.2353196019000006,3.9163661151000000,0.68104651319999960000
2241,2.3454153129999997,2.1535627878000000,2.5372678382000000,0.38370505040000014000
2242,3.2129820070000010,3.0335988097999995,3.3923652042000000,0.35876639440000035000
2249,2.8333042839999996,2.6815623976000000,2.9850461704000004,0.30348377280000040000
2250,3.6379272925000000,3.3508522095000000,3.9250023755000000,0.57415016599999990000
2252,3.2561110750000006,2.8163095050000004,3.6959126450000004,0.87960314000000000000
2253,3.3625327054999990,2.9652997876999994,3.7597656233000000,0.79446583560000050000
2254,2.8765710540000002,2.7729970756000000,2.9801450324000003,0.20714795680000010000
2258,2.8009079230000010,2.6955194922000000,2.9062963538000000,0.21077686160000030000
2259,2.4624750695000017,2.3651650417000000,2.5597850973000000,0.19462005559999973000
2260,3.3405103975000000,2.8885181565000000,3.7925026385000002,0.90398448200000030000
2261,2.9381599375000000,2.7638715124999997,3.1124483625000000,0.34857685000000016000
2262,2.4137957599999997,2.3206034560000000,2.5069880639999997,0.18638460799999956000
2263,2.1111026860000000,1.9357296116000000,2.2864757604000000,0.35074614880000010000
2264,2.6791581190000002,2.5747988714000000,2.7835173666000004,0.20871849520000030000
2265,2.8977041670000010,2.7613418337999995,3.0340665002000000,0.27272466640000026000
2266,3.0845887760000000,2.9819078864000000,3.1872696656000000,0.20536177919999998000
2267,2.2147380799999996,2.1127468480000000,2.3167293120000000,0.20398246400000009000
2268,3.0491565180000000,2.8999923252000004,3.1983207108000000,0.29832838559999963000
2269,3.2718942875000000,3.0722524025000000,3.4715361725000005,0.39928377000000026000
2270,2.6197246985000002,2.5974712191000005,2.6419781779000004,0.04450695879999999600
2271,2.9531016384999997,2.7813594939000000,3.1248437831000000,0.34348428920000007000
2272,3.1190555755000000,2.9353522056999997,3.3027589453000004,0.36740673960000070000
2273,3.1789411980000000,3.0791776771999997,3.2787047188000000,0.19952704160000012000
2275,2.5199135905000003,2.5114073543000000,2.5284198267000000,0.01701247239999981200
2277,2.8516883040000000,2.7998941823999997,2.9034824256000000,0.10358824320000037000
2279,2.7121742569999996,2.6377591598000003,2.7865893542000000,0.14883019439999990000
2280,2.7700967005000003,2.6368061807000003,2.9033872203000000,0.26658103959999970000
2281,3.4271540735000000,3.2054453029000003,3.6488628441000000,0.44341754119999965000
2282,2.2516459735000000,2.0513371841000003,2.4519547629000000,0.40061757879999950000
2283,2.9014624844999997,2.8033246782999997,2.9996002907000000,0.19627561240000047000
2285,2.9288770415000000,2.8424886580999997,3.0152654249000000,0.17277676680000020000
2288,3.3790303474999990,2.9357108865000000,3.8223498084999994,0.88663892199999950000
2289,2.8844425580000010,2.7963911811999997,2.9724939347999997,0.17610275359999994000
2291,3.6445773345000000,3.3198630683000000,3.9692916006999996,0.64942853239999950000
2292,3.7024682280000003,3.4213055192000000,3.9836309368000000,0.56232541759999990000
2293,3.2854347345000000,2.9792362283000000,3.5916332407000002,0.61239701240000020000
2295,3.0019339310000000,2.9452527034000000,3.0586151586000000,0.11336245519999988000
2296,3.0002673775000000,2.7599451284999996,3.2405896265000003,0.48064449800000064000
2297,2.5490823945000000,2.3919317523000000,2.7062330367000005,0.31430128440000040000
2298,2.3589665084999996,2.2464531051000000,2.4714799119000000,0.22502680679999987000
2299,2.8681182849999995,2.8530365710000000,2.8831999990000003,0.03016342800000027000
2300,3.1239549345000004,2.9651465083000000,3.2827633607000000,0.31761685240000004000
2301,2.6456737015000000,2.6429683821000003,2.6483790209000000,0.00541063879999992300
2302,2.5917012500000003,2.5544995500000000,2.6289029500000005,0.07440340000000045000
2304,3.0098152545000000,2.9226057563000000,3.0970247527000000,0.17441899640000003000
2305,2.2998457175000000,2.2109806305000000,2.3887108045000000,0.17773017400000013000
2307,3.2391247455000003,2.9755026437000005,3.5027468473000000,0.52724420359999960000
2308,2.4543819210000000,2.2320579526000000,2.6767058893999995,0.44464793679999960000
2310,3.4520999095000010,3.1615826733000000,3.7426171456999997,0.58103447239999980000
2314,3.4205568714999997,3.1192328201000006,3.7218809229000005,0.60264810279999990000
2315,2.6217987044999997,2.6121677863000000,2.6314296227000000,0.01926183639999967700
2316,2.8895338005000000,2.7937129207000000,2.9853546803000000,0.19164175959999996000
2317,2.7582502195000000,2.7353027073000000,2.7811977317000000,0.04589502440000004000
2318,3.4299529210000000,3.0788664893999997,3.7810393526000000,0.70217286320000040000
2320,3.3120303484999996,2.9444732878999997,3.6795874091000000,0.73511412120000010000
2321,3.4583800389999997,3.1034584545999997,3.8133016234000000,0.70984316880000040000
2322,2.3410322120000000,2.2639333271999997,2.4181310968000003,0.15419776960000053000
2323,3.4094038345000004,3.0530941683000004,3.7657135007000000,0.71261933239999960000
2324,3.5774404340000006,3.1523854075999997,4.0024954604000000,0.85011005279999980000
2325,2.9838104629999997,2.8131550482000000,3.1544658777999994,0.34131082959999937000
2326,2.8944866150000000,2.7407564609999997,3.0482167690000000,0.30746030800000046000
2329,1.9781862684999996,1.7353041611000000,2.2210683759000000,0.48576421479999987000
2330,3.5221209254999994,3.1484260957000005,3.8958157553000000,0.74738965959999960000
2331,2.6791831260000003,2.5966022756000000,2.7617639764000000,0.16516170080000014000
2333,2.0508570545000000,1.7821826326999999,2.3195314763000000,0.53734884360000000000
2334,3.0537171885000000,2.9386320638999996,3.1688023131000000,0.23017024920000040000
2335,2.6806189970000003,2.6605105958000000,2.7007273982000000,0.04021680240000025000
2336,2.3723074850000000,2.3368400909999996,2.4077748789999998,0.07093478800000019000
2339,2.8413367934999996,2.8266875109000000,2.8559860760999998,0.02929856519999996000
2340,2.7501889315000017,2.7173389041000000,2.7830389589000000,0.06570005480000018000
2341,2.8190625075000000,2.6098635105000000,3.0282615045000000,0.41839799400000020000
2342,3.2928063520000004,3.0391488928000000,3.5464638112000000,0.50731491840000010000
2343,2.7448066370000004,2.7098036918000004,2.7798095822000004,0.07000589040000005000
2344,2.4117607995000000,2.4000608797000003,2.4234607193000000,0.02339983959999969400
2346,2.5384658614999998,2.5108407168999998,2.5660910061000006,0.05525028920000086000
2347,2.6185353420000004,2.6031540052000004,2.6339166788000000,0.03076267359999951300
2348,3.5126136080000006,3.1415226512000003,3.8837045648000004,0.74218191360000010000
2349,2.5331084680000004,2.4957978808000000,2.5704190552000000,0.07462117439999982000
2350,2.8885029360000005,2.8389557104000000,2.9380501615999997,0.09909445119999960000
2352,3.5080443120000000,3.1217620368000003,3.8943265871999997,0.77256455039999940000
2353,2.5855843504999990,2.5627878103000000,2.6083808907000003,0.04559308040000021000
2355,2.6118832199999997,2.5902723320000000,2.6334941080000000,0.04322177599999977000
2356,2.5450718055000000,2.4709162833000000,2.6192273277000000,0.14831104440000020000
2357,3.1870593660000006,2.8522387124000000,3.5218800196000006,0.66964130720000050000
2358,2.3802891949999990,2.3271639169999996,2.4334144729999996,0.10625055600000000000
2359,3.4185321845000000,2.9979690583000003,3.8390953107000003,0.84112625240000000000
2360,2.9178626519999997,2.7562653128000000,3.0794599912000002,0.32319467840000016000
2362,2.8277235904999993,2.7602590267000000,2.8951881543000000,0.13492912759999998000
2363,3.3235028710000005,2.9522076193999998,3.6947981226000000,0.74259050320000020000
2364,2.7875603135000000,2.7327709881000000,2.8423496389000000,0.10957865080000007000
2365,2.9544408515000002,2.7655151921000005,3.1433665109000004,0.37785131879999990000
2367,2.5544232960000000,2.5368818144000000,2.5719647776000000,0.03508296319999982000
2368,2.2526110880000000,2.1271518528000000,2.3780703232000000,0.25091847039999980000
2369,2.6133738144999990,2.5467297403000000,2.6800178886999997,0.13328814839999970000
2370,2.5439861474999980,2.4786452885000000,2.6093270065000000,0.13068171799999995000
2371,2.3789684825000000,2.3069594895000000,2.4509774755000002,0.14401798600000015000
2372,3.0318854125000008,2.8053223774999996,3.2584484474999997,0.45312607000000016000
2375,2.2722035230000000,2.1096357138000004,2.4347713322000000,0.32513561839999960000
2376,2.1883337900000000,2.0320854740000000,2.3445821060000000,0.31249663199999980000
2377,3.1499911815000000,2.9651156541000000,3.3348667089000000,0.36975105480000003000
2378,2.6619014240000020,2.6572744544000000,2.6665283936000000,0.00925393920000017200
2379,3.0442393235000003,2.8540774529000000,3.2344011940999997,0.38032374119999980000
2380,2.7077142525000006,2.5127183535000000,2.9027101515000000,0.38999179800000006000
2382,2.9180612200000000,2.8177277080000000,3.0183947320000004,0.20066702400000036000
2383,2.5919900030000003,2.5024804017999998,2.6814996042000003,0.17901920240000058000
2385,3.1879436390000000,3.0390954945999997,3.3367917834000003,0.29769628880000054000
2386,3.1660948010000003,2.9571143214000000,3.3750752806000004,0.41796095920000020000
2387,2.7861208089999980,2.6930975326000000,2.8791440854000000,0.18604655280000015000
2388,2.3083849150000013,2.0323337490000000,2.5844360810000000,0.55210233200000000000
2390,2.5242660570000000,2.4589384342000000,2.5895936798000000,0.13065524560000030000
2392,2.3064947440000000,2.2940560464000000,2.3189334416000005,0.02487739520000032000
2397,2.0654094340000000,1.8650160604000001,2.2658028076000000,0.40078674719999996000
2399,2.9479427415000000,2.9014258381000000,2.9944596449000005,0.09303380680000028000
2400,2.6884009614999997,2.5562041461000002,2.8205977769000000,0.26439363079999990000
2401,3.0169171885000003,2.7798524639000006,3.2539819131000000,0.47412944919999944000
2402,2.9362955939999997,2.9117898315999997,2.9608013563999998,0.04901152480000004000
2403,3.2633267120000000,2.9480953968000000,3.5785580271999997,0.63046263039999980000
2404,2.9695407180000000,2.8097318051999998,3.1293496307999997,0.31961782559999996000
2408,1.9932768065000000,1.7493728839000000,2.2371807291000000,0.48780784519999987000
2409,2.7073818864999994,2.7017507319000000,2.7130130411000000,0.01126230920000015300
2411,2.1659771814999997,1.8482083089000003,2.4837460541000000,0.63553774519999970000
2414,2.1642665165000000,1.9907371099000000,2.3377959231000000,0.34705881319999987000
2417,2.2839281840000000,2.2107693104000000,2.3570870576000000,0.14631774719999990000
2419,2.8956140954999980,2.8706848573000000,2.9205433337000000,0.04985847639999985000
2421,3.4057273825000003,3.1145111354999995,3.6969436295000000,0.58243249400000070000
2423,2.6041070220000000,2.5830658308000000,2.6251482132000000,0.04208238240000028400
2424,1.9550210894999998,1.8118862537000000,2.0981559253000000,0.28626967159999994000
2427,2.9446082030000005,2.8944406842000000,2.9947757218000004,0.10033503760000029000
2428,3.4622464525000000,3.1629594335000000,3.7615334715000000,0.59857403799999980000
2430,2.8908812100000000,2.7636292940000000,3.0181331259999995,0.25450383199999970000
2432,2.8434965604999998,2.6318799847000003,3.0551131363000000,0.42323315159999986000
2433,2.5480021225000000,2.5435456735000000,2.5524585715000000,0.00891289799999972500
2434,2.9616104805000000,2.8070942727000000,3.1161266882999996,0.30903241559999950000
2435,2.7056310295000000,2.4969662412999996,2.9142958177000000,0.41732957640000024000
2438,3.0184973945000000,2.8437347523000000,3.1932600367000000,0.34952528439999986000
2439,2.9738635015000000,2.8821109021000000,3.0656161009000000,0.18350519879999982000
2440,2.7946011570000000,2.6548884198000000,2.9343138942000000,0.27942547440000043000
2441,3.1506404760000013,2.9655170664000003,3.3357638856000000,0.37024681919999970000
2442,3.2403437569999998,2.9382836598000000,3.5424038542000000,0.60412019439999960000
2443,3.2097228040000000,2.8416419256000000,3.5778036824000000,0.73616175680000010000
2444,2.8391247125000000,2.7437797975000002,2.9344696275000000,0.19068982999999973000
2445,3.5801869555000008,3.1758681376999998,3.9845057733000000,0.80863763560000020000
2446,3.4337471180000003,3.1368639652000003,3.7306302708000000,0.59376630559999950000
2447,3.3340949305000005,2.8763125027000003,3.7918773583000007,0.91556485560000040000
2448,2.4966911185000000,2.4212618711000000,2.5721203659000000,0.15085849480000002000
2449,2.1998206334999995,2.1233171801000000,2.2763240869000000,0.15300690679999995000
2451,2.9677055560000007,2.8833841784000005,3.0520269336000000,0.16864275519999960000
2452,2.9030295625000004,2.8040797874999996,3.0019793375000000,0.19789955000000026000
2453,2.6346733105000000,2.6140914347000000,2.6552551863000002,0.04116375160000007600
2454,3.0672356700000000,3.0280799380000003,3.1063914020000000,0.07831146399999955000
2456,2.7085844714999996,2.5753078600999997,2.8418610829000000,0.26655322280000027000
2457,2.9781909920000005,2.8688233888000000,3.0875585952000000,0.21873520639999988000
2458,3.2950670040000000,3.0631578056000000,3.5269762023999998,0.46381839679999980000
2459,2.6583273069999986,2.5392578298000000,2.7773967842000000,0.23813895440000010000
2460,2.8278809445000000,2.7680113223000000,2.8877505667000003,0.11973924440000028000
2461,2.6811329035000004,2.6139944649000000,2.7482713421000000,0.13427687719999960000
2463,2.9029227305000003,2.8383978227000000,2.9674476383000000,0.12904981559999973000
2465,3.4416074445000010,3.1874464222999994,3.6957684667000000,0.50832204440000070000
2466,2.6195148805000000,2.5737497282999997,2.6652800327000000,0.09153030440000043000
2467,2.9502300975000000,2.7999569365000000,3.1005032585000000,0.30054632199999975000
2468,2.1586321215000000,2.0142644729000000,2.3029997701000000,0.28873529720000013000
2470,2.6634362434999996,2.6434073460999996,2.6834651408999997,0.04005779480000004600
2471,2.4594971229999976,2.4386571722000000,2.4803370738000000,0.04167990159999979000
2472,2.6800123990000000,2.6584885585999998,2.7015362393999998,0.04304768079999999000
2475,2.7682350560000000,2.5951426784000002,2.9413274336000000,0.34618475519999990000
2477,2.3590741085000000,2.2619128651000000,2.4562353518999998,0.19432248679999997000
2478,2.8852861660000000,2.7140146324000000,3.0565576996000000,0.34254306719999983000
2479,3.3860467880000007,2.9634627032000003,3.8086308728000002,0.84516816960000000000
2480,3.4064421670000007,2.9547762337999997,3.8581081001999995,0.90333186639999980000
2482,2.2626731964999993,2.1794659179000000,2.3458804751000000,0.16641455719999998000
2483,3.4232855160000000,3.0319089224000004,3.8146621096000000,0.78275318719999950000
2484,2.2824681979999997,2.2068945188000000,2.3580418772000002,0.15114735840000026000
2485,2.7025998090000000,2.6461410854000000,2.7590585326000000,0.11291744720000008000
2490,2.6793465090000000,2.6728743126000000,2.6858187053999996,0.01294439279999970400
2491,3.3600446154999997,3.0671356616999996,3.6529535693000000,0.58581790760000050000
2492,2.3973343310000000,2.3615949986000000,2.4330736634000005,0.07147866480000031000
2493,2.7495537885000000,2.6742110731000004,2.8248965039000002,0.15068543079999985000
2495,3.0389548060000000,2.8349419284000006,3.2429676836000000,0.40802575519999930000
2496,3.0346268850000007,2.9331172390000000,3.1361365309999996,0.20301929199999957000
2497,2.4042749985000000,2.3776841979000000,2.4308657991000002,0.05318160120000037000
2499,2.7139993575000000,2.6569212145000000,2.7710775005000000,0.11415628600000005000
2500,2.7584837920000000,2.7012969088000000,2.8156706752000000,0.11437376639999997000
2502,3.4538223335000007,3.1102004669000003,3.7974442001000000,0.68724373319999990000
2503,3.5387042245000000,3.1329115143000000,3.9444969347000000,0.81158542040000010000
2505,2.7580193510000000,2.6568702913999998,2.8591684106000000,0.20229811920000040000
2506,3.1227166755000004,3.0230693457000000,3.2223640053000000,0.19929465959999960000
2508,3.0972247260000003,3.0127398164000000,3.1817096356000003,0.16896981920000043000
2509,3.0595577120000000,2.8761151968000003,3.2430002272000000,0.36688503039999976000
2510,3.1811962814999997,3.0826251941000000,3.2797673689000000,0.19714217480000018000
2511,2.8552382365000000,2.7231971311000000,2.9872793419000003,0.26408221080000027000
2512,2.0357160549999995,2.0245948330000000,2.0468372770000003,0.02224244400000019400
2513,3.5724604310000000,3.2411850033999996,3.9037358585999993,0.66255085519999970000
2514,3.5004623839999995,3.2513641376000000,3.7495606304000000,0.49819649280000000000
2516,3.5645447519999993,3.3090534528000000,3.8200360512000000,0.51098259839999960000
2517,3.4124589424999994,3.0440405194999993,3.7808773655000000,0.73683684600000050000
2518,3.1951377570000004,2.8806224598000000,3.5096530541999997,0.62903059439999960000
2521,2.4835701030000000,2.3441068618000000,2.6230333442000000,0.27892648240000020000
2525,2.8901109769999990,2.7120005678000000,3.0682213862000003,0.35622081840000020000
2526,3.0505176525000000,2.8839955135000004,3.2170397915000000,0.33304427799999960000
2527,2.9238265885000003,2.9107000239000000,2.9369531531000000,0.02625312920000011400
2529,2.9129609629999997,2.9009285482000000,2.9249933778000003,0.02406482960000033700
2530,2.6569297945000003,2.4458997123000000,2.8679598767000005,0.42206016440000040000
2531,2.9060174505000000,2.6973992307000000,3.1146356703000000,0.41723643960000034000
2532,3.0259516490000000,2.9023515086000000,3.1495517894000000,0.24720028080000000000
2535,2.6090696619999996,2.6073653972000000,2.6107739268000000,0.00340852959999971000
2536,3.5446215505000000,3.2965217707000000,3.7927213302999996,0.49619955959999950000
2537,2.7214397679999998,2.5908678608000004,2.8520116752000000,0.26114381439999956000
2538,3.2918002615000000,3.1629571661000000,3.4206433569000000,0.25768619079999990000
2540,3.1752253990000000,2.9311815586000000,3.4192692394000000,0.48808768080000010000
2542,2.2841560544999995,2.1285188326999998,2.4397932763000000,0.31127444360000034000
2548,2.3008002310000006,2.1669925386000000,2.4346079233999998,0.26761538479999960000
2550,2.9153704829999993,2.8390778762000000,2.9916630898000000,0.15258521359999966000
2552,2.7124946439999990,2.6582449016000000,2.7667443864000000,0.10849948480000027000
2553,3.1690694769999990,3.0228632677999996,3.3152756862000000,0.29241241840000054000
2554,3.0507713935000000,2.8004043508999996,3.3011384361000000,0.50073408520000040000
2555,2.8304994564999990,2.7957168391000000,2.8652820739000004,0.06956523480000065000
2557,2.4157733749999997,2.3113768250000000,2.5201699250000000,0.20879309999999984000
2558,2.3920298275000000,2.3161182965000000,2.4679413585000000,0.15182306200000006000
2561,2.3767680335000003,2.2224620201000000,2.5310740469000000,0.30861202680000010000
2562,3.0830437509999995,2.8454716514000000,3.3206158506000000,0.47514419919999984000
2563,2.4261624314999994,2.4091910040999998,2.4431338588999996,0.03394285479999981000
2564,2.3541022195000005,2.2759501317000000,2.4322543073000005,0.15630417560000032000
2566,2.5332808855000000,2.4873373313000000,2.5792244397000004,0.09188710840000036000
2567,3.4764900570000004,3.1400468798000000,3.8129332342000004,0.67288635440000060000
2569,2.6817612555000000,2.6273685577000006,2.7361539533000000,0.10878539559999956000
2571,3.3723789794999997,3.0814285713000005,3.6633293877000000,0.58190081639999970000
2572,3.2757482355000010,2.9228511297000000,3.6286453413000004,0.70579421160000020000
2577,2.6428646715000000,2.6248000029000003,2.6609293401000000,0.03612933719999978000
2578,2.2576422889999990,2.0879357734000000,2.4273488046000000,0.33941303119999990000
2579,3.2229916789999993,3.0300259506000000,3.4159574074000000,0.38593145680000030000
2580,2.9520855225000000,2.8281397315000000,3.0760313135000000,0.24789158200000028000
2581,3.5477138389999996,3.1897505746000000,3.9056771034000004,0.71592652880000030000
2585,2.7942490390000000,2.7073042546000000,2.8811938234000003,0.17388956880000040000
2587,3.6501408205000000,3.3001463487000002,4.0001352923000000,0.69998894360000020000
2588,2.7848091075000000,2.7756782644999998,2.7939399505000000,0.01826168600000022000
2589,2.2356706560000004,2.0959671936000000,2.3753741184000000,0.27940692479999996000
2591,2.2517314410000000,2.2084344646000003,2.2950284174000000,0.08659395279999993000
2592,2.4250070205000000,2.2798406287000000,2.5701734123000000,0.29033278359999980000
2593,2.8557086459999996,2.7655389043999996,2.9458783875999996,0.18033948320000004000
2594,2.6495876390000000,2.5576594946000000,2.7415157834000000,0.18385628879999993000
2595,2.7537186920000010,2.7056040152000005,2.8018333688000000,0.09622935359999962000
2598,3.3351476255000003,3.1428498757000000,3.5274453753000000,0.38459549960000006000
2599,2.4671822320000008,2.4542787248000000,2.4800857392000000,0.02580701440000021700
2600,2.5768705709999997,2.5673415425999995,2.5863995994000004,0.01905805680000094400
2603,3.1059614519999990,2.7780912328000000,3.4338316712000005,0.65574043840000050000
2604,2.5113290565000000,2.2735242339000000,2.7491338791000000,0.47560964520000004000
2612,2.9263459315000000,2.9217671041000000,2.9309247589000000,0.00915765479999963700
2613,2.9861467005000000,2.7864561807000000,3.1858372203000000,0.39938103959999970000
2614,2.3986234880000000,2.3322180928000000,2.4650288832000000,0.13281079040000020000
2615,3.1083897154999995,2.7660452017000000,3.4507342293000000,0.68468902760000020000
2616,3.7653015340000000,3.4504441476000000,4.0801589203999990,0.62971477279999900000
2617,2.6159085265000020,2.5857319159000003,2.6460851371000000,0.06035322119999975000
2619,2.6562552484999995,2.6096273479000000,2.7028831491000000,0.09325580119999977000
2620,2.8287972920000004,2.7994374087999994,2.8581571752000000,0.05871976640000076000
2622,2.1861315000000000,2.0152609000000000,2.3570021000000000,0.34174119999999997000
2625,3.1165835300000007,2.6479605420000003,3.5852065180000000,0.93724597599999980000
2626,2.4568773519999993,2.4044454928000000,2.5093092111999997,0.10486371839999986000
2627,2.8352220970000000,2.6427325357999996,3.0277116581999994,0.38497912239999990000
2628,2.6198344514999996,2.5737322709000000,2.6659366321000006,0.09220436120000075000
2629,2.7285509750000000,2.7102585649999997,2.7468433849999996,0.03658481999999985000
2630,2.7585664050000003,2.5501437670000002,2.9669890430000000,0.41684527599999965000
2632,3.0391200494999997,2.9472052693000000,3.1310348296999995,0.18382956039999954000
2633,2.3790999285000005,2.2585331571000000,2.4996666999000000,0.24113354280000010000
2635,2.7891346804999997,2.6469513527000000,2.9313180083000000,0.28436665559999996000
2636,2.5828211235000005,2.5196594741000000,2.6459827729000000,0.12632329880000004000
2637,2.7615263630000000,2.6586057082000000,2.8644470178000000,0.20584130959999980000
2640,2.3148565839999997,2.1400343504000000,2.4896788176000000,0.34964446720000010000
2641,3.4834382869999994,3.1431932018000000,3.8236833721999997,0.68049017039999970000
2642,2.1627721865000007,2.1287941119000000,2.1967502611000000,0.06795614920000004000
2643,3.0172264945000005,2.8294178923000004,3.2050350966999996,0.37561720439999924000
2645,2.8853186190000004,2.8616871714000003,2.9089500665999997,0.04726289519999938000
2647,2.5288036640000000,2.4602797984000000,2.5973275296000000,0.13704773119999958000
2648,3.1552683775000006,2.9457661285000000,3.3647706265000000,0.41900449800000006000
2649,2.9307538715000000,2.7582322201000000,3.1032755229000000,0.34504330280000020000
2650,2.2425434584999990,2.0483724751000000,2.4367144419000000,0.38834196680000010000
2652,3.0383800859999990,2.8438709203999997,3.2328892515999996,0.38901833119999996000
2655,2.3511642745000008,2.2995867843000000,2.4027417647000000,0.10315498039999982000
2657,2.7880445045000000,2.6372935063000000,2.9387955026999997,0.30150199639999986000
2658,3.6983994889999990,3.4355132846000003,3.9612856934000003,0.52577240880000000000
2659,2.7495051380000000,2.7452323932000002,2.7537778828000000,0.00854548959999990000
2660,3.1678635819999980,3.0119682148000004,3.3237589492000000,0.31179073439999970000
2661,2.5132866204999997,2.4473656687000000,2.5792075723000000,0.13184190360000025000
2662,2.9951039035000000,2.8537234649000000,3.1364843421000000,0.28276087720000030000
2663,2.8164162770000000,2.7351551877999998,2.8976773662000000,0.16252217840000016000
2665,2.7189229040000000,2.5727820656000002,2.8650637424000003,0.29228167680000006000
2666,2.8330100700000000,2.7714624979999996,2.8945576420000005,0.12309514400000099000
2667,3.0122467395000000,2.8019150353000000,3.2225784437000002,0.42066340840000027000
2668,2.5088002105000000,2.4610741262999998,2.5565262947000000,0.09545216840000004000
2669,2.3940027985000003,2.3547340791000000,2.4332715179000000,0.07853743880000019000
2670,2.5998974160000000,2.4782708496000003,2.7215239824000004,0.24325313280000005000
2672,3.3516320939999997,2.9932017315999997,3.7100624563999998,0.71686072480000010000
2673,2.7725479220000000,2.7049978908000000,2.8400979531999995,0.13510006239999940000
2674,2.6796869395000000,2.6728153153000000,2.6865585637000000,0.01374324839999996300
2675,2.3989669720000000,2.3574941831999996,2.4404397608000000,0.08294557760000032000
2676,2.4464396795000005,2.4257643513000000,2.4671150077000000,0.04135065640000013000
2678,2.6859642235000000,2.4758975129000005,2.8960309340999997,0.42013342119999920000
2682,2.8736065329999994,2.6849407462000000,3.0622723198000000,0.37733157359999980000
2683,2.6145197345000013,2.4844570406999997,2.7445824283000000,0.26012538760000050000
2685,2.8697917550000000,2.8518822530000000,2.8877012570000000,0.03581900399999993000
2686,2.6469984895000000,2.6149406853000000,2.6790562937000000,0.06411560839999986000
2690,2.7763974974999996,2.6587424965000004,2.8940524985000002,0.23531000199999985000
2691,2.6342819760000005,2.6005455856000004,2.6680183664000000,0.06747278079999974000
2692,2.9665665615000000,2.9622491861000000,2.9708839369000000,0.00863475079999975700
2693,2.1340543440000004,1.9769674064000000,2.2911412816000000,0.31417387519999984000
2694,2.4739944255000000,2.3955178553000000,2.5524709957000000,0.15695314039999975000
2697,3.0279539665000000,2.8804223531000000,3.1754855799000000,0.29506322679999997000
2699,2.8685032109999997,2.8677675266000000,2.8692388954000000,0.00147136880000031670
2700,2.6498101565000000,2.6119496938999998,2.6876706191000000,0.07572092520000018000
2701,2.2545846260000000,2.1897023756000000,2.3194668764000000,0.12976450079999990000
2702,2.7729818875000003,2.7293974425000000,2.8165663325000003,0.08716889000000050000
2703,3.0416188909999990,2.8585484473999996,3.2246893346000003,0.36614088720000070000
2705,2.7731977644999994,2.7634750586999997,2.7829204703000000,0.01944541160000046200
2706,3.6152642144999994,3.2952943002999997,3.9352341286999994,0.63993982839999970000
2709,3.4518816095000010,3.1072650533000000,3.7964981657000005,0.68923311240000060000
2710,3.0187509965000000,2.7061013950999997,3.3314005979000000,0.62529920280000040000
2711,2.3922067630000000,2.3660646682000000,2.4183488578000000,0.05228418959999992000
2712,3.0476775590000003,2.8997361826000003,3.1956189354000000,0.29588275279999987000
2713,2.9767900740000000,2.9058225036000000,3.0477576444000000,0.14193514079999980000
2715,3.4365020770000010,3.0634481077999998,3.8095560462000004,0.74610793840000070000
2716,2.4854044505000004,2.4556638307000003,2.5151450703000005,0.05948123960000018000
2718,3.0681291340000000,2.9624455876000000,3.1738126804000000,0.21136709280000020000
2719,2.9778309280000010,2.8874180992000005,3.0682437568000000,0.18082565759999936000
2723,2.3553243330000000,2.2940949998000000,2.4165536662000000,0.12245866640000003000
2724,3.7031594819999984,3.4270580747999997,3.9792608892000000,0.55220281440000020000
2726,3.5587225625000000,3.2399655874999995,3.8774795375000000,0.63751395000000070000
2727,2.7586667490000000,2.7158906486000003,2.8014428494000000,0.08555220079999959000
2728,2.8682323445000000,2.8106966067000000,2.9257680823000000,0.11507147559999975000
2729,2.9381532690000010,2.8363209766000000,3.0399855614000000,0.20366458479999983000
2730,3.3361358505000007,3.1146513907000000,3.5576203103000000,0.44296891959999973000
2731,2.7378975805000000,2.7326045483000003,2.7431906127000003,0.01058606439999998400
2732,2.0866917074999995,1.8749562244999998,2.2984271905000004,0.42347096600000067000
2733,2.9149899745000000,2.8201523642999997,3.0098275847000000,0.18967522040000030000
2734,2.8279838840000000,2.7158302376000000,2.9401375304000000,0.22430729279999984000
2736,2.6200652334999996,2.5324939401000000,2.7076365268999996,0.17514258679999940000
2738,2.7322087895000000,2.6516163053000000,2.8128012737000000,0.16118496839999974000
2740,2.5085284484999995,2.3901510691000000,2.6269058279000000,0.23675475880000008000
2741,2.0632831145000000,1.8580610687000000,2.2685051603000000,0.41044409160000006000
2744,3.4050476485000000,3.1125807079000003,3.6975145891000000,0.58493388119999960000
2745,2.5863659230000002,2.5709678922000000,2.6017639538000004,0.03079606160000025700
2747,2.6662188195000000,2.5764428916999997,2.7559947473000000,0.17955185560000020000
2749,3.6396388810000010,3.3024832334000003,3.9767945286000000,0.67431129519999990000
2751,2.6506497004999994,2.5825638203000000,2.7187355807000000,0.13617176040000034000
2753,2.6815382114999995,2.6167210961000000,2.7463553269000000,0.12963423079999980000
2754,3.0505866459999997,2.9145741043999998,3.1865991875999997,0.27202508319999996000
2756,2.4627337555000000,2.3677886533000000,2.5576788576999996,0.18989020439999970000
2758,2.0971620115000005,1.9745552069000000,2.2197688160999998,0.24521360919999968000
2759,2.2338702749999997,2.1290273650000002,2.3387131850000005,0.20968582000000024000
2762,2.6588611400000000,2.5999554839999997,2.7177667960000000,0.11781131200000017000
2764,3.2361595349999996,2.9017909490000000,3.5705281209999997,0.66873717199999970000
2766,2.8268891765000004,2.6737612471000000,2.9800171059000000,0.30625585880000017000
2767,2.7963972124999996,2.6644180975000000,2.9283763275000000,0.26395823000000007000
2768,2.4070316144999997,2.3440993687000002,2.4699638603000000,0.12586449159999980000
2770,3.0132650690000000,2.8171170966000000,3.2094130414000000,0.39229594479999985000
2771,3.0077042040000017,2.8389934855999996,3.1764149224000000,0.33742143680000014000
2773,2.6798997230000000,2.5552556122000000,2.8045438337999995,0.24928822159999964000
2774,2.7662156130000000,2.5089326582000000,3.0234985678000000,0.51456590959999990000
2775,2.3676107175000003,2.3391028305000000,2.3961186045000002,0.05701577400000035000
2777,2.1769998660000000,1.9280583196000000,2.4259414124000000,0.49788309279999976000
2779,2.4768874475000002,2.4015464685000000,2.5522284264999997,0.15068195799999984000
2780,2.5110341919999994,2.3757577152000000,2.6463106688000000,0.27055295360000020000
2781,2.4431002395000000,2.3508941436999997,2.5353063353000000,0.18441219160000033000
2782,2.3932036944999986,2.3455702166999997,2.4408371722999997,0.09526695560000009000
2783,2.2352082934999995,2.1730453760999997,2.2973712108999997,0.12432583480000003000
2784,2.5776118955000000,2.5721778537000000,2.5830459372999997,0.01086808359999969000
2787,3.5641354970000000,3.2475436958000000,3.8807272982000000,0.63318360239999990000
2788,3.4955340800000000,3.2151357120000000,3.7759324480000000,0.56079673599999990000
2789,3.4586807469999994,3.1063466458000000,3.8110148482000000,0.70466820240000020000
2790,2.7188568440000003,2.6045351815999997,2.8331785063999995,0.22864332479999971000
2792,2.1450739870000000,2.0353591921999996,2.2547887818000000,0.21942958960000025000
2794,3.3612118159999995,3.1708485424000000,3.5515750896000005,0.38072654720000054000
2795,2.9848089484999996,2.8364977279000003,3.1331201691000000,0.29662244119999980000
2796,2.5575966160000010,2.5217004623999997,2.5934927696000000,0.07179230720000040000
2797,2.6858457089999990,2.6656111926000000,2.7060802253999996,0.04046903279999947000
2800,2.7174725780000000,2.6635272092000000,2.7714179467999998,0.10789073759999956000
2801,2.8864583015000000,2.8408988220999998,2.9320177809000000,0.09111895880000010000
2802,3.3185625399999990,3.0076015560000000,3.6295235240000000,0.62192196800000010000
2804,3.3822680679999992,3.0038564952000000,3.7606796408000003,0.75682314560000030000
2806,2.1178004400000000,1.8179946639999998,2.4176062160000000,0.59961155200000000000
2808,2.5632604920000004,2.4980090952000000,2.6285118888000000,0.13050279359999983000
2809,2.5036348405000000,2.3934717043000000,2.6137979767000004,0.22032627240000036000
2810,3.1037701825000004,2.9716950555000006,3.2358453094999997,0.26415025399999914000
2811,2.6367216050000000,2.5484009630000000,2.7250422470000000,0.17664128400000000000
2813,3.3212075929999996,2.9680282302000000,3.6743869558000006,0.70635872560000080000
2814,3.4519361970000000,3.0989554757999995,3.8049169181999996,0.70596144240000000000
2815,3.6882195715000003,3.3422330001000002,4.0342061429000005,0.69197314280000020000
2816,2.8089274985000000,2.6404772979000000,2.9773776991000000,0.33690040119999987000
2817,2.4902231600000000,2.3582358960000000,2.6222104240000000,0.26397452799999990000
2819,2.1852354945000005,2.1388192967000000,2.2316516923000000,0.09283239559999990000
2820,3.3466706700000000,3.0387017380000000,3.6546396020000005,0.61593786400000060000
2823,2.5393575259999994,2.4053197156000000,2.6733953364000000,0.26807562079999990000
2824,3.0590315429999997,2.9126309601999996,3.2054321258000000,0.29280116560000025000
2825,3.0580081960000003,2.8391542744000002,3.2768621176000000,0.43770784319999967000
2826,2.5626184650000000,2.4569586790000000,2.6682782510000000,0.21131957199999984000
2827,3.1562867270000000,2.9188938178000000,3.3936796362000000,0.47478581840000000000
2828,2.6269039500000000,2.5609947300000000,2.6928131700000000,0.13181843999999998000
2830,2.5888541330000003,2.3769457862000003,2.8007624798000000,0.42381669359999960000
2831,3.0826088769999997,2.9013860277999997,3.2638317262000000,0.36244569840000020000
2834,2.9907868710000000,2.9588876194000000,3.0226861226000000,0.06379850320000013000
2836,2.8599194770000000,2.7328280678000000,2.9870108862000000,0.25418281840000034000
2837,2.1579284165000000,1.9556410498999997,2.3602157831000000,0.40457473320000050000
2839,2.6668032225000005,2.6103739335000000,2.7232325115000005,0.11285857800000043000
2843,3.2822364729999998,3.0005094622000000,3.5639634838000003,0.56345402160000010000
2845,2.8295793230000000,2.7109422522000000,2.9482163938000000,0.23727414159999993000
2846,3.2853079884999996,3.0928651839000000,3.4777507931000000,0.38488560919999990000
2849,2.8716533235000000,2.7511258529000004,2.9921807941000003,0.24105494119999982000
2850,2.4452641140000004,2.2093848684000000,2.6811433596000000,0.47175849120000013000
2853,2.3608620929999997,2.3109940558000000,2.4107301301999997,0.09973607439999954000
2854,2.8691001495000000,2.7067054093000000,3.0314948897000000,0.32478948039999980000
2858,2.3578107315000003,2.2166696388999996,2.4989518240999997,0.28228218520000015000
2859,2.8764413479999997,2.7506022872000000,3.0022804088000000,0.25167812159999990000
2860,3.1090882950000003,2.7943056130000000,3.4238709769999995,0.62956536399999940000
2862,2.7485977709999982,2.5496128794000000,2.9475826626000003,0.39796978320000020000
2863,2.9318309750000000,2.7654029650000003,3.0982589849999997,0.33285601999999950000
2864,3.1267672240000000,2.7205585136000003,3.5329759343999996,0.81241742079999920000
2865,3.1607304320000000,3.0856006048000000,3.2358602592000000,0.15025965439999966000
2866,2.9965978605000000,2.9069718047000004,3.0862239163000003,0.17925211159999987000
2867,3.1820026089999995,2.9851788526000003,3.3788263654000000,0.39364751279999990000
2868,2.6988459340000000,2.6634923076000003,2.7341995604000000,0.07070725279999968000
2869,2.9167181830000000,2.8604586562000005,2.9729777098000000,0.11251905359999936000
2870,2.8504438540000000,2.7666085956000000,2.9342791124000000,0.16767051679999990000
2872,2.9972555225000000,2.8890173315000000,3.1054937135000000,0.21647638200000020000
2873,3.0520963230000007,2.8918912521999998,3.2123013938000000,0.32041014160000003000
2874,3.1788142260000005,3.0898335164000000,3.2677949356000000,0.17796141919999986000
2877,2.4981219475000000,2.2731619684999997,2.7230819264999995,0.44991995799999973000
2880,2.1335380899999996,1.9432036540000002,2.3238725260000000,0.38066887200000000000
2882,2.4288928500000000,2.2298689100000000,2.6279167900000000,0.39804788000000000000
2884,2.2262743200000004,1.9680889919999998,2.4844596480000000,0.51637065600000030000
2885,3.5561912780000010,3.2555133892000003,3.8568691667999997,0.60135577759999940000
2888,2.9663088000000000,2.8052071200000000,3.1274104800000000,0.32220336000000005000
2890,3.3996227390000000,3.0846794346000000,3.7145660434000000,0.62988660880000010000
2892,2.5455457114999995,2.4998314269000000,2.5912599961000002,0.09142856920000009000
2893,2.8012008584999997,2.4550984019000000,3.1473033151000003,0.69220491320000030000
2895,2.7706762569999985,2.7020419598000003,2.8393105542000000,0.13726859439999960000
2897,2.7886140180000000,2.6231860252000003,2.9540420108000003,0.33085598559999996000
2898,2.9290445815000000,2.8149212141000000,3.0431679489000000,0.22824673479999990000
2901,2.7260787004999990,2.6980845807000002,2.7540728203000002,0.05598823959999999000
2903,3.4062683700000000,3.0865097180000000,3.7260270219999994,0.63951730399999950000
2904,2.9442623384999997,2.9338346031000000,2.9546900739000000,0.02085547079999994200
2905,2.6353301830000007,2.6117001098000000,2.6589602562000000,0.04726014639999976000
2906,2.2419232815000000,2.0808367689000002,2.4030097941000000,0.32217302519999970000
2907,2.4744982904999997,2.3777576067000000,2.5712389743000000,0.19348136760000000000
2908,3.0072519245000000,2.9535218943000000,3.0609819546999995,0.10746006039999934000
2909,2.6364676910000000,2.5237775674000000,2.7491578146000000,0.22538024720000038000
2910,2.5068472655000003,2.4223051593000000,2.5913893716999996,0.16908421239999960000
2911,2.5113552580000000,2.3441693612000000,2.6785411548000000,0.33437179359999990000
2912,1.9364457484999993,1.7928858491000000,2.0800056479000000,0.28711979880000027000
2913,3.4232782079999993,3.0852338911999997,3.7613225248000000,0.67608863360000050000
2914,3.1546533505000003,2.8942694906999997,3.4150372103000000,0.52076771960000020000
2915,2.4897389585000003,2.3949949751000000,2.5844829419000000,0.18948796680000024000
2918,3.5951109884999997,3.2388165839000000,3.9514053930999995,0.71258880919999970000
2919,3.0581246285000000,2.9366676798999998,3.1795815771000004,0.24291389720000067000
2920,3.2066246305000012,2.7579556827000000,3.6552935783000002,0.89733789560000020000
2922,2.4116213715000003,2.3366600229000000,2.4865827201000004,0.14992269720000050000
2924,2.5894802215000000,2.4683753329000000,2.7105851101000003,0.24220977720000025000
2925,2.6812416735000000,2.4604487429000000,2.9020346041000000,0.44158586119999965000
2926,2.8256521609999994,2.6826190253999997,2.9686852966000000,0.28606627120000017000
2927,2.6102000684999997,2.4984060411000000,2.7219940959000000,0.22358805480000000000
2928,2.9106560670000000,2.7362724937999996,3.0850396402000000,0.34876714640000060000
2929,2.3530009085000003,2.3211253451000000,2.3848764719000000,0.06375112680000017000
2930,3.3621774605000003,3.0099404447000000,3.7144144762999995,0.70447403159999930000
2931,2.7555808739999996,2.6861744236000000,2.8249873244000003,0.13881290080000053000
2934,3.0240926980000000,2.8878601772000003,3.1603252187999997,0.27246504159999940000
2937,3.1552599495000000,2.9989199293000000,3.3115999697000000,0.31268004040000010000
2938,3.3947871035000006,3.0573495449000000,3.7322246621000006,0.67487511720000050000
2940,3.4005400385000000,2.9765360539000000,3.8245440230999996,0.84800796919999980000
2947,2.6188097974999995,2.5332789164999996,2.7043406785000004,0.17106176200000078000
2948,2.7276973930000000,2.6624263501999996,2.7929684357999998,0.13054208560000014000
2950,2.4105671870000000,2.3762559122000000,2.4448784618000000,0.06862254960000014000
2951,2.9863930634999990,2.8804794889000000,3.0923066381000000,0.21182714920000034000
2952,2.8139836310000006,2.7054914834000000,2.9224757786000000,0.21698429520000007000
2953,3.3225253379999997,3.1322086732000000,3.5128420028000000,0.38063332959999974000
2954,2.1645004915000000,2.0507450949000000,2.2782558881000000,0.22751079320000000000
2955,2.7481824379999997,2.7321550132000000,2.7642098627999996,0.03205484959999971000
2956,2.6395742029999996,2.6071550842000000,2.6719933218000000,0.06483823760000007000
2957,2.4780036380000000,2.3532825828000000,2.6027246932000003,0.24944211040000042000
2958,3.6573520554999996,3.3975996777000000,3.9171044332999996,0.51950475559999940000
2959,3.2223734745000010,3.0021000643000004,3.4426468847000002,0.44054682039999980000
2960,2.8228135180000000,2.7679669108000000,2.8776601252000003,0.10969321440000046000
2961,3.1301804960000000,2.9883806944000004,3.2719802976000000,0.28359960319999944000
2963,3.3561470924999997,3.0312839295000003,3.6810102555000004,0.64972632600000010000
2964,2.5802800230000000,2.5752252138000000,2.5853348322000000,0.01010961840000002000
2966,2.4184278710000000,2.2373091225999997,2.5995466194000000,0.36223749680000017000
2967,2.7331304110000003,2.6778261754000003,2.7884346466000000,0.11060847119999950000
2969,3.3231667725000000,2.9783762815000000,3.6679572635000000,0.68958098199999980000
2970,2.3047615780000004,2.0468105467999997,2.5627126091999997,0.51590206239999990000
2971,3.2746756100000000,2.8511758540000000,3.6981753659999996,0.84699951199999960000
2972,2.3257631109999997,2.3097330665999998,2.3417931553999995,0.03206008879999977500
2973,2.2559173200000000,2.0443531920000000,2.4674814479999996,0.42312825599999960000
2975,3.1427795354999994,3.0043029496999996,3.2812561212999998,0.27695317160000020000
2976,1.8474250919999995,1.5931678552000000,2.1016823288000000,0.50851447360000000000
2977,3.2174949924999994,3.1022681895000000,3.3327217955000000,0.23045360599999976000
2979,2.3280606935000000,2.3240388161000003,2.3320825709000004,0.00804375480000008000
2982,2.8497228760000004,2.7261804264000000,2.9732653256000000,0.24708489919999987000
2983,2.9404682700000000,2.7482339780000000,3.1327025619999995,0.38446858399999950000
2984,2.6027172300000000,2.5576475380000000,2.6477869220000003,0.09013938400000043000
2985,3.2987535749999990,3.0233674050000000,3.5741397450000000,0.55077234000000000000
2986,3.1919605520000007,2.9467287728000002,3.4371923312000003,0.49046355840000010000
2988,2.6763101720000013,2.4462702408000000,2.9063501032000000,0.46007986239999976000
2990,2.9609325994999995,2.8931632393000000,3.0287019597000000,0.13553872039999960000
2991,2.0489265760000000,1.8991419456000000,2.1987112064000000,0.29956926080000000000
2992,2.2970328125000004,2.1815484875000006,2.4125171375000000,0.23096864999999944000
2993,2.5376583230000000,2.5253872522000000,2.5499293938000000,0.02454214160000001000
2994,2.7254826345000000,2.7147915807000000,2.7361736882999996,0.02138210759999959000
2996,3.4632359809999995,3.0471907734000000,3.8792811886000000,0.83209041519999970000
2998,3.0996556625000005,2.9935659275000000,3.2057453975000000,0.21217946999999970000
2999,3.4687624110000000,3.1249485754000000,3.8125762466000004,0.68762767120000050000
3000,3.6217288474999990,3.3281743864999997,3.9152833085000000,0.58710892200000010000
3001,2.6424035925000000,2.6104433555000000,2.6743638295000000,0.06392047399999967000
3002,2.5572328390000000,2.4336647746000000,2.6808009034000000,0.24713612880000024000
3003,3.1193082870000004,2.9389560018000000,3.2996605721999996,0.36070457039999980000
3004,2.3591314245000006,2.2728528547000000,2.4454099943000003,0.17255713960000030000
3005,3.4128289445000010,3.1266701223000000,3.6989877667000000,0.57231764440000000000
3006,3.3778821085000000,3.0613557519000000,3.6944084651000004,0.63305271320000060000
3009,2.8446585080000000,2.7028923111999994,2.9864247047999997,0.28353239360000027000
3010,3.0362360030000000,2.9639592042000005,3.1085128018000000,0.14455359759999942000
3011,2.4039807619999990,2.2150448572000000,2.5929166668000000,0.37787180959999980000
3012,3.0667287589999996,2.9928630626000000,3.1405944554000000,0.14773139279999992000
3013,3.2109128715000006,2.7934712201000003,3.6283545229000005,0.83488330280000020000
3014,2.9760277180000000,2.9295992052000000,3.0224562308000005,0.09285702560000031000
3015,3.0592346270000004,2.9021864778000004,3.2162827762000000,0.31409629839999953000
3016,3.5459384574999993,3.1960214405000000,3.8958554745000000,0.69983403399999980000
3018,3.1101898189999990,3.0130985465999998,3.2072810913999996,0.19418254479999986000
3020,3.3721008795000000,3.0675976313000000,3.6766041277000000,0.60900649640000020000
3023,3.5769659799999993,3.2737575720000000,3.8801743880000004,0.60641681600000030000
3028,2.4317248854999990,2.2106569313000000,2.6527928397000000,0.44213590840000005000
3029,2.8942289174999996,2.8248368845000000,2.9636209504999997,0.13878406599999993000
3031,3.6362812215000000,3.2964549101000000,3.9761075328999995,0.67965262279999950000
3035,2.4007828510000000,2.3395933106000000,2.4619723914000000,0.12237908079999960000
3037,2.2487701490000003,2.0725132894000002,2.4250270086000000,0.35251371919999963000
3038,2.3158754565000006,2.2022716739000000,2.4294792391000000,0.22720756520000007000
3039,2.8856553734999997,2.7727451228999995,2.9985656241000000,0.22582050120000030000
3040,2.8079332450000000,2.6444757430000005,2.9713907470000005,0.32691500399999995000
3043,2.4992054060000000,2.4832543684000000,2.5151564436000000,0.03190207520000010000
3044,2.9982851350000000,2.9183679890000000,3.0782022810000003,0.15983429200000020000
3045,3.0308063510000000,2.9965028914000005,3.0651098106000000,0.06860691919999962000
3047,2.9337016010000000,2.8657358414000000,3.0016673606000000,0.13593151920000013000
3048,2.7497690635000005,2.6267298889000000,2.8728082381000000,0.24607834920000027000
3049,2.3559634764999995,2.3153452859000000,2.3965816671000000,0.08123638120000010000
3050,2.9952149905000000,2.9174637866999995,3.0729661942999997,0.15550240760000023000
3051,2.5951889820000007,2.5713109892000000,2.6190669748000004,0.04775598560000027000
3055,2.4716051025000000,2.4594922615000003,2.4837179435000003,0.02422568199999997000
3056,3.1079866600000000,2.8822477240000000,3.3337255960000000,0.45147787199999990000
3057,3.4584889155000010,3.0996384817000000,3.8173393493000005,0.71770086760000050000
3058,2.4777190229999997,2.3684782137999996,2.5869598322000003,0.21848161840000070000
3059,3.4971719004999997,3.3050074606999997,3.6893363403000000,0.38432887960000040000
3061,3.0438525895000020,2.9569100253000000,3.1307951537000000,0.17388512839999980000
3062,2.8267546190000000,2.7369384666000003,2.9165707714000000,0.17963230479999970000
3063,2.8748091920000000,2.7848072688000003,2.9648111152000003,0.18000384640000000000
3064,2.6320231550000000,2.6280136170000000,2.6360326929999998,0.00801907599999962500
3065,3.5727765004999994,3.2924227007000000,3.8531303003000000,0.56070759960000020000
3066,2.2678213740000000,2.2069976244000005,2.3286451236000003,0.12164749919999984000
3067,3.0889517245000000,2.8978788143000000,3.2800246347000000,0.38214582040000034000
3068,3.5665366990000007,3.3036121786000000,3.8294612194000000,0.52584904080000030000
3069,3.1018870649999997,2.9615102909999997,3.2422638389999996,0.28075354799999985000
3070,2.8930497570000004,2.8046140598000000,2.9814854542000000,0.17687139440000000000
3071,2.5711630335000004,2.4688974201000000,2.6734286469000000,0.20453122680000035000
3073,3.2503943085000007,2.8416044319000004,3.6591841851000004,0.81757975320000000000
3074,2.8854703190000000,2.7718528466000000,2.9990877913999996,0.22723494479999973000
3078,2.4152945225000000,2.2969515135000000,2.5336375315000000,0.23668601800000033000
3079,3.2074433294999998,3.0123354612999997,3.4025511977000000,0.39021573640000007000
3080,2.5821219095000000,2.5133367457000000,2.6509070733000000,0.13757032759999976000
3081,2.2357749020000006,2.1182297412000000,2.3533200628000000,0.23509032159999999000
3082,2.7002602694999993,2.6594287772999996,2.7410917616999995,0.08166298439999986000
3085,2.7545710940000000,2.6326943316000000,2.8764478564000000,0.24375352479999980000
3086,2.7229366279999990,2.7026303768000000,2.7432428791999994,0.04061250239999925000
3087,3.4120813945000013,3.1463715523000000,3.6777912367000000,0.53141968439999990000
3090,3.0028486624999990,2.8535733275000000,3.1521239975000004,0.29855067000000046000
3091,2.8384876450000003,2.7219239030000000,2.9550513869999997,0.23312748399999972000
3092,2.3516228789999998,2.3389565274000000,2.3642892306000000,0.02533270319999969500
3093,2.8938558154999994,2.7998661417000000,2.9878454892999997,0.18797934759999980000
3094,2.7486844529999996,2.6240674342000000,2.8733014717999996,0.24923403759999951000
3096,2.1881396755000004,1.9564318053000000,2.4198475456999997,0.46341574039999966000
3097,2.9425966740000010,2.7349385436000000,3.1502548044000003,0.41531626080000006000
3098,3.1942889814999997,3.0392769741000000,3.3493009889000000,0.31002401480000020000
3099,2.5513260035000000,2.5300892021000000,2.5725628049000000,0.04247360279999990000
3100,2.6211432750000000,2.5953671650000003,2.6469193850000000,0.05155221999999959000
3101,3.2623234264999996,2.9468803971000000,3.5777664559000004,0.63088605880000030000
3102,2.7801936950000000,2.7017731730000003,2.8586142170000000,0.15684104399999965000
3105,3.5109133060000004,3.1203470284000003,3.9014795835999996,0.78113255519999920000
3106,2.7351556014999994,2.6769165608999996,2.7933946420999995,0.11647808119999992000
3108,2.5195882320000003,2.4212413392000003,2.6179351248000002,0.19669378559999995000
3109,2.2119399520000003,2.0531007712000000,2.3707791328000000,0.31767836160000007000
3110,3.0272560755000010,2.8012189057000000,3.2532932453000000,0.45207433960000020000
3111,3.1079731715000003,3.0644740401000004,3.1514723029000002,0.08699826279999989000
3114,3.6167753650000000,3.3371171110000000,3.8964336190000006,0.55931650800000070000
3115,3.5113559574999990,3.2314731405000003,3.7912387745000000,0.55976563399999970000
3117,3.2017934290000000,2.7844904006000000,3.6190964573999995,0.83460605679999930000
3118,2.5160446280000004,2.4251211768000003,2.6069680791999996,0.18184690239999934000
3120,1.9732423760000000,1.8104770256000000,2.1360077264000000,0.32553070079999990000
3121,3.1072206970000003,2.8440709758000000,3.3703704182000003,0.52629944240000050000
3123,3.4784366124999995,3.0852608575000000,3.8716123674999996,0.78635150999999980000
3124,2.8779617375000006,2.8040676325000000,2.9518558424999997,0.14778820999999986000
3125,2.1545344805000000,1.9718486883000000,2.3372202727000000,0.36537158440000030000
3126,2.1767029024999998,2.1762133415000000,2.1771924635000000,0.00097912199999994340
3129,3.2814456149999995,2.9736514610000000,3.5892397690000000,0.61558830800000000000
3130,2.8878217245000000,2.7027648143000000,3.0728786347000003,0.37011382040000030000
3131,2.8245690874999996,2.7339439225000000,2.9151942524999996,0.18125032999999968000
3132,2.9440913409999990,2.9396114774000000,2.9485712046000000,0.00895972719999971200
3134,2.7514459539999994,2.6835375356000000,2.8193543724000000,0.13581683679999967000
3135,2.5313147844999997,2.4567274983000000,2.6059020707000000,0.14917457240000020000
3136,3.2945899780000008,3.0880967692000003,3.5010831868000003,0.41298641760000000000
3137,2.7667750185000000,2.7496750259000000,2.7838750111000000,0.03419998520000034000
3138,2.4221174175000000,2.4087372504999998,2.4354975845000000,0.02676033400000044000
3139,2.9571616895000004,2.9038431652999996,3.0104802137000000,0.10663704840000054000
3140,2.1329038539999985,2.1327999124000000,2.1330077955999998,0.00020788319999986982
3141,2.8419206884999992,2.8209361638999995,2.8629052131000000,0.04196904920000044000
3142,3.1054314455000003,2.9737544237000004,3.2371084673000000,0.26335404359999970000
3143,2.9002340859999998,2.7347385204000000,3.0657296516000000,0.33099113119999980000
3144,2.4574410970000000,2.4335042582000000,2.4813779358000000,0.04787367759999972000
3145,2.4726769459999995,2.4165993676000000,2.5287545244000000,0.11215515680000010000
3146,2.8199352360000000,2.7160821304000002,2.9237883416000000,0.20770621119999966000
3148,3.3918585125000007,3.0359135175000000,3.7478035075000005,0.71188999000000040000
3149,3.0974208080000000,3.0670367312000000,3.1278048848000000,0.06076815360000021000
3150,2.9634728819999996,2.8568408348000003,3.0701049291999998,0.21326409439999950000
3151,2.6426077219999993,2.5221234332000000,2.7630920108000003,0.24096857760000034000
3152,3.4326247350000000,3.1881622290000000,3.6770872409999997,0.48892501199999970000
3153,2.6027004740000000,2.5434214635999997,2.6619794844000000,0.11855802080000055000
3154,3.5675351910000015,3.2685304674000000,3.8665399145999997,0.59800944719999950000
3155,2.9064866719999993,2.8641769407999997,2.9487964032000002,0.08461946240000051000
3156,3.4210839775000000,3.0279603685000000,3.8142075865000002,0.78624721800000020000
3157,3.2390982825000005,3.0145895955000004,3.4636069695000000,0.44901737399999940000
3162,3.4447289060000000,3.0610632683999994,3.8283945436000000,0.76733127520000060000
3163,2.4355542620000000,2.3833137572000000,2.4877947668000000,0.10448100960000017000
3164,2.5410128365000000,2.5213467710999997,2.5606789018999994,0.03933213079999964000
3165,2.9887512515000000,2.7736749520999995,3.2038275509000000,0.43015259880000034000
3166,2.3049037985000000,2.2256566791000000,2.3841509179000000,0.15849423879999990000
3167,2.4829725550000004,2.4169455330000003,2.5489995770000000,0.13205404399999976000
3169,2.1071409979999993,1.9714437987999998,2.2428381971999998,0.27139439840000000000
3170,2.7306275710000000,2.6087585993999998,2.8524965426000000,0.24373794320000020000
3171,3.1325072135000000,3.0446160988999997,3.2203983281000000,0.17578222920000020000
3172,2.7187672980000000,2.6537166172000000,2.7838179788000000,0.13010136159999997000
3173,2.5196271829999994,2.4791451098000000,2.5601092562000000,0.08096414639999994000
3174,2.8196948710000000,2.7479252194000000,2.8914645225999998,0.14353930319999986000
3175,2.5402084049999996,2.5234649670000000,2.5569518430000000,0.03348687600000000000
3177,2.5931223264999996,2.5705701959000000,2.6156744571000003,0.04510426120000055000
3178,2.6433052745000000,2.5028871647000000,2.7837233843000000,0.28083621959999980000
3179,2.0764754110000000,1.9763324466000000,2.1766183754000000,0.20028592879999985000
3180,3.6480607285000000,3.3465942199000005,3.9495272371000003,0.60293301719999980000
3181,3.1497052969999997,2.9081226158000000,3.3912879781999994,0.48316536239999940000
3182,2.5045555809999995,2.4449725486000000,2.5641386134000000,0.11916606479999992000
3183,2.5957446665000004,2.5890491999000007,2.6024401331000000,0.01339093319999928900
3185,2.2068531095000004,2.1618506657000000,2.2518555533000000,0.09000488760000014000
3186,2.7409248364999996,2.6854961018999997,2.7963535710999996,0.11085746919999995000
3188,2.6080438975000000,2.5749294565000000,2.6411583385000000,0.06622888199999988000
3189,3.4352295364999996,3.2335673511000000,3.6368917219000000,0.40332437080000005000
3191,3.3949601300000007,3.1325717820000000,3.6573484780000003,0.52477669600000040000
3193,3.3098320035000000,3.0319644049000005,3.5876996021000003,0.55573519719999980000
3195,3.3447089240000003,2.9403464936000000,3.7490713544000003,0.80872486080000040000
3196,2.9422873595000003,2.8119343033000000,3.0726404157000000,0.26070611239999986000
3199,2.8630107505000000,2.7287786507000000,2.9972428502999997,0.26846419959999990000
3200,3.2740905259999990,3.0357747364000000,3.5124063156000007,0.47663157920000065000
3203,2.9741550435000000,2.9068098608999997,3.0415002261000000,0.13469036520000044000
3206,3.4205118429999994,3.1255865802000000,3.7154371058000004,0.58985052560000060000
3208,2.7822408025000000,2.6388919235000000,2.9255896815000000,0.28669775799999986000
3209,2.9008224670000000,2.8520198538000000,2.9496250802000000,0.09760522640000024000
3211,2.6052881670000003,2.4956402338000006,2.7149361002000000,0.21929586639999954000
3212,2.7436292079999998,2.6608588911999997,2.8263995248000000,0.16554063360000004000
3213,3.0273249770000010,2.9431893678000000,3.1114605862000000,0.16827121840000014000
3215,2.7753861665000006,2.6404190331000000,2.9103532999000006,0.26993426680000043000
3218,2.7937414090000010,2.5634519726000002,3.0240308454000000,0.46057887279999976000
3220,2.6581079924999997,2.6287191955000004,2.6874967895000004,0.05877759399999993000
3221,2.1241782424999993,2.0503781455000000,2.1979783395000000,0.14760019400000024000
3222,3.1179184854999997,3.0472582797000003,3.1885786913000000,0.14132041159999975000
3224,3.1219515514999996,2.9025001721000000,3.3414029309000000,0.43890275880000030000
3225,3.3466996199999994,3.0187602680000000,3.6746389719999994,0.65587870399999960000
3226,2.8202745275000014,2.7776891165000000,2.8628599385000000,0.08517082200000026000
3228,3.4229134429999997,3.0318192202000000,3.8140076657999997,0.78218844559999970000
3230,3.5865591565000010,3.3069592191000003,3.8661590939000003,0.55919987480000000000
3232,2.8752534310000000,2.7335352034000000,3.0169716585999997,0.28343645519999994000
3233,2.4725623110000003,2.4365417866000003,2.5085828354000000,0.07204104879999962000
3234,3.5194135165000002,3.1916681231000010,3.8471589099000005,0.65549078679999970000
3235,3.4661127529999990,3.1095562541999993,3.8226692517999994,0.71311299760000010000
3236,3.0033552969999997,2.8411982158000000,3.1655123782000000,0.32431416239999990000
3239,2.4527724345000000,2.3414926607000000,2.5640522083000000,0.22255954759999996000
3240,3.1886137560000000,2.7481568584000002,3.6290706536000000,0.88091379519999970000
3241,2.5389056525000000,2.5179043135000000,2.5599069915000000,0.04200267800000024000
3242,2.9959478440000002,2.8813737816000000,3.1105219064000000,0.22914812480000002000
3243,3.4919179230000004,3.1892842922000000,3.7945515538000000,0.60526726159999990000
3244,3.0062730325000000,2.9220938454999996,3.0904522195000004,0.16835837400000075000
3246,2.1268916360000003,1.9092401816000000,2.3445430904000000,0.43530290880000020000
3248,2.9770284460000000,2.8200106244000000,3.1340462676000000,0.31403564320000000000
3249,2.7414819190000000,2.7296227513999995,2.7533410866000000,0.02371833520000033000
3250,3.1207081535000003,2.9495598149000000,3.2918564921000000,0.34229667719999980000
3251,2.8712106575000003,2.8228601205000000,2.9195611944999995,0.09670107399999939000
3252,2.9967378520000003,2.9107909928000004,3.0826847112000000,0.17189371839999978000
3253,2.2958766020000000,2.1167199612000003,2.4750332428000004,0.35831328160000010000
3255,3.1329891389999998,3.0141739946000000,3.2518042834000000,0.23763028879999970000
3257,3.1523210710000007,3.0475326994000000,3.2571094426000000,0.20957674319999997000
3258,3.5121806340000000,3.1770236876000000,3.8473375804000000,0.67031389279999990000
3260,2.3248251205000000,2.2231658722999996,2.4264843686999997,0.20331849640000010000
3261,2.7044171235000003,2.6033215729000000,2.8055126740999996,0.20219110119999950000
3262,3.3436022089999997,3.1433822926000000,3.5438221254000000,0.40043983280000006000
3263,3.1060902375000006,2.8074443325000000,3.4047361424999996,0.59729180999999980000
3265,3.4725785829999998,3.1689444162000000,3.7762127498000010,0.60726833360000090000
3268,2.2179165300000006,2.1211251180000000,2.3147079420000000,0.19358282399999993000
3269,3.2585293959999992,2.9976339544000000,3.5194248375999995,0.52179088319999960000
3273,3.4752402719999993,3.1230903808000003,3.8273901632000000,0.70429978239999970000
3274,2.5951036769999996,2.5606471478000000,2.6295602062000000,0.06891305839999973000
3276,2.5055162319999997,2.3924589392000000,2.6185735248000000,0.22611458559999997000
3278,2.4101360174999997,2.3948216105000000,2.4254504245000000,0.03062881399999995000
3280,3.1374804069999995,2.9848577697999996,3.2901030442000003,0.30524527440000070000
3282,2.6042648330000002,2.4313771662000000,2.7771524998000000,0.34577533360000023000
3284,2.2393135145000005,2.0029937087000000,2.4756333203000000,0.47263961160000000000
3285,2.8244694054999990,2.7637611677000002,2.8851776432999996,0.12141647559999935000
3286,2.6773685545000000,2.6620771327000000,2.6926599763000003,0.03058284360000041000
3287,2.6077054339999997,2.4213392604000000,2.7940716076000003,0.37273234720000037000
3288,2.6457777475000000,2.5827712465000000,2.7087842484999998,0.12601300199999965000
3291,2.9647161610000006,2.8232378254000000,3.1061944965999997,0.28295667119999957000
3292,2.5965163505000004,2.4941884907000000,2.6988442103000000,0.20465571959999984000
3293,2.6926413410000000,2.6885230774000000,2.6967596046000000,0.00823652719999978800
3294,2.8827734580000004,2.8534224748000003,2.9121244412000000,0.05870196639999969400
3295,3.0085647005000005,2.9613073806999997,3.0558220202999995,0.09451463959999984000
3296,2.0763411645000000,2.0421278987000000,2.1105544303000000,0.06842653160000012000
3298,2.9463765055000000,2.9052591077000000,2.9874939033000000,0.08223479559999980000
3300,2.7381970755000000,2.5938467057000003,2.8825474453000000,0.28870073959999987000
3301,2.5083882770000000,2.4471101662000000,2.5696663878000000,0.12255622160000001000
3302,3.3532599820000000,2.9523179748000000,3.7542019892000003,0.80188401440000010000
3303,3.0343927700000000,2.8258526780000000,3.2429328620000000,0.41708018400000000000
3304,2.5069201480000000,2.4669522072000003,2.5468880888000003,0.07993588159999998000
3305,3.3423132294999998,2.9969841213000000,3.6876423377000000,0.69065821639999970000
3306,3.0454788485000006,2.8722035879000005,3.2187541091000003,0.34655052119999974000
3307,3.7221469294999996,3.4088229013000000,4.0354709576999990,0.62664805639999920000
3308,2.5584350675000005,2.4309186945000000,2.6859514405000000,0.25503274599999990000
3310,3.0632148065000004,2.8881899291000000,3.2382396839000000,0.35004975479999967000
3311,2.2653155350000005,2.1895433210000000,2.3410877490000000,0.15154442800000023000
3312,2.5817725605000000,2.5296423847000002,2.6339027363000000,0.10426035159999980000
3314,2.3440367005000002,2.3197392203000002,2.3683341807000000,0.04859496039999955400
3315,2.5058811665000000,2.4732132331000000,2.5385490999000000,0.06533586679999992000
3316,2.6047979815000000,2.5682295740999996,2.6413663889000000,0.07313681480000023000
3318,2.3637737120000000,2.3271003967999997,2.4004470272000002,0.07334663040000056000
3320,3.7236727064999990,3.3921637891000000,4.0551816238999990,0.66301783479999930000
3321,3.0396692305000000,2.8189925227000000,3.2603459383000000,0.44135341560000010000
3322,3.5007280680000000,3.2648480952000000,3.7366080408000006,0.47175994560000056000
3323,2.1308565865000000,2.1006559519000003,2.1610572211000000,0.06040126919999977400
3324,2.7381574280000000,2.6858655992000000,2.7904492568000000,0.10458365760000010000
3325,2.9730071455000000,2.7195168037000004,3.2264974873000000,0.50698068359999970000
3326,2.8831887535000003,2.8417126549000000,2.9246648521000003,0.08295219720000047000
3327,2.5110850965000000,2.4742382579000000,2.5479319351000003,0.07369367720000009000
3328,2.9547160275000004,2.8443116385000000,3.0651204165000000,0.22080877800000032000
3329,3.3703210885000003,3.1798467239000003,3.5607954531000003,0.38094872920000000000
3331,2.4180493235000005,2.3740878529000000,2.4620107941000002,0.08792294120000044000
3332,2.8099767305000000,2.5319202227000000,3.0880332383000000,0.55611301559999980000
3333,3.0769480904999997,2.9540669267000000,3.1998292543000004,0.24576232760000050000
3334,2.1691040990000000,2.0406564593999996,2.2975517385999997,0.25689527920000010000
3335,2.8197989670000000,2.6691677538000000,2.9704301801999997,0.30126242639999967000
3336,3.3652553495000013,3.1603122893000000,3.5701984097000000,0.40988612039999994000
3337,2.6078861810000000,2.5932249086000003,2.6225474534000000,0.02932254479999985000
3340,2.7032122434999994,2.6428659409000000,2.7635585461000000,0.12069260519999991000
3341,3.4651339484999997,3.0909279278999997,3.8393399690999996,0.74841204119999990000
3343,2.0768336620000000,1.8731485972000000,2.2805187267999996,0.40737012959999963000
3345,3.2685875920000000,2.9394778288000000,3.5976973552000002,0.65821952640000040000
3346,2.7304546345000000,2.6367776883000000,2.8241315807000000,0.18735389240000000000
3348,3.4128058184999994,2.9764249458999994,3.8491866911000003,0.87276174520000090000
3349,3.2692084370000005,2.9580566118000000,3.5803602622000000,0.62230365040000010000
3350,2.9216868500000004,2.7813375900000000,3.0620361099999998,0.28069851999999960000
3352,2.7892643735000004,2.6187445229000000,2.9597842241000000,0.34103970119999970000
3353,2.9678365025000004,2.8247879035000000,3.1108851015000000,0.28609719800000020000
3354,2.9068364645000000,2.7142706503000000,3.0994022787000000,0.38513162839999990000
3355,2.7333379760000000,2.6237623856000000,2.8429135664000000,0.21915118079999996000
3357,2.5078521725000000,2.5043417035000000,2.5113626415000000,0.00702093799999969900
3358,2.1513434830000000,2.0991684898000000,2.2035184762000000,0.10434998640000037000
3359,2.6376435455000000,2.5827433637000000,2.6925437273000000,0.10980036359999978000
3360,2.8742928805000005,2.7677648326999997,2.9808209283000000,0.21305609560000027000
3363,2.2870539754999997,2.2793143656999995,2.2947935853000000,0.01547921960000042700
3364,2.6380012755000000,2.5593869857000000,2.7166155652999997,0.15722857959999992000
3365,2.9595910050000000,2.8758694070000000,3.0433126030000000,0.16744319599999980000
3366,2.5247388910000000,2.3613485346000000,2.6881292473999996,0.32678071279999976000
3367,2.5340005914999995,2.3907736281000003,2.6772275549000000,0.28645392679999970000
3368,2.3283864530000000,2.3001094718000004,2.3566634342000000,0.05655396239999977000
3370,2.8787896834999986,2.8728478100999997,2.8847315569000000,0.01188374680000015000
3371,2.9658022870000000,2.7889564017999997,3.1426481722000000,0.35369177040000020000
3372,2.6427931399999993,2.4586951960000000,2.8268910840000000,0.36819588800000025000
3373,2.3828316629999997,2.3745001977999998,2.3911631281999997,0.01666293039999988700
3374,2.2656988104999995,2.1320756863000000,2.3993219347000000,0.26724624840000020000
3376,2.9683025100000013,2.7289699140000000,3.2076351060000000,0.47866519200000024000
3377,2.4840899620000000,2.4240607468000004,2.5441191772000002,0.12005843039999986000
3378,3.5376482514999994,3.1583687521000003,3.9169277508999993,0.75855899879999900000
3380,3.4938644629999995,3.1769662482000003,3.8107626777999997,0.63379642959999940000
3381,2.9135526670000000,2.8826497338000000,2.9444556002000000,0.06180586639999985400
3383,3.0021789255000000,2.8539668956999997,3.1503909553000000,0.29642405960000007000
3384,3.1014572355000000,3.0622773296999997,3.1406371413000000,0.07835981160000038000
3387,2.8107657845000000,2.6663144983000002,2.9552170707000000,0.28890257239999960000
3388,3.0121599370000000,2.7909455118000000,3.2333743621999997,0.44242885039999980000
3389,3.0493325715000000,2.8740268001000000,3.2246383429000000,0.35061154280000030000
3390,2.1006102980000000,1.9045301788000000,2.2966904172000000,0.39216023839999980000
3391,2.5106457004999996,2.4901383806999995,2.5311530203000000,0.04101463960000062400
3392,3.0411089720000000,2.9006501608000000,3.1815677832000000,0.28091762240000007000
3393,2.7351054555000003,2.7303836733000004,2.7398272377000000,0.00944356439999971500
3394,2.4017650915000000,2.3720274549000004,2.4315027281000003,0.05947527319999990000
3395,2.6614760975000000,2.5653777365000003,2.7575744585000000,0.19219672199999982000
3396,2.5766664490000000,2.5601650694000000,2.5931678286000000,0.03300275919999995400
3397,3.4719989234999997,3.2387976929000000,3.7052001541000004,0.46640246120000040000
3399,2.8891289110000002,2.7380512754000000,3.0402065466000000,0.30215527119999974000
3401,3.0956503180000006,3.0124672452000003,3.1788333908000004,0.16636614560000007000
3403,2.4549358850000000,2.3468087310000000,2.5630630389999998,0.21625430799999990000
3406,2.7705556085000000,2.6341374519000000,2.9069737650999996,0.27283631319999957000
3408,2.4753417985000000,2.4406718791000000,2.5100117179000000,0.06933983879999994000
3410,2.9282484180000000,2.8004401852000003,3.0560566508000000,0.25561646559999973000
3411,3.4829598249999996,3.0916789550000000,3.8742406949999997,0.78256173999999980000
3412,3.5594121080000010,3.1599273512000003,3.9588968648000002,0.79896951359999990000
3413,3.3104698890000006,3.0682610446000003,3.5526787334000000,0.48441768879999980000
3416,2.4607854270000002,2.4279332562000002,2.4936375978000003,0.06570434160000005000
3417,2.7209022564999996,2.6909501539000003,2.7508543591000000,0.05990420519999961600
3420,2.9580560685000004,2.8665932959000004,3.0495188411000003,0.18292554519999982000
3421,3.1130856130000000,3.0337878582000000,3.1923833677999998,0.15859550959999957000
3423,3.0679225845000000,2.9823568182999995,3.1534883507000000,0.17113153240000045000
3424,2.7208273309999997,2.6753630634000003,2.7662915985999996,0.09092853519999933000
3426,2.0889898780000005,1.9456011267999997,2.2323786292000000,0.28677750240000010000
3430,2.9681806145000005,2.8101484603000000,3.1262127687000000,0.31606430839999966000
3431,3.1204223789999994,2.7935205306000000,3.4473242273999993,0.65380369679999940000
3432,2.9145562335000004,2.9031619269000000,2.9259505401000000,0.02278861319999992000
3433,2.9199911020000000,2.8541135428000000,2.9858686611999996,0.13175511839999965000
3434,3.4740785140000010,3.1570231196000000,3.7911339083999995,0.63411078879999970000
3436,2.0898396189999997,1.9496769713999997,2.2300022666000000,0.28032529520000040000
3437,3.0433950255000000,2.8405766357000006,3.2462134152999997,0.40563677959999910000
3440,2.7725831010000013,2.6586695414000000,2.8864966606000000,0.22782711920000010000
3446,2.5605866234999985,2.5142399740999997,2.6069332728999997,0.09269329879999999000
3447,3.3303841249999990,2.9306729750000000,3.7300952750000000,0.79942230000000030000
3448,2.5286092559999997,2.4259443536000003,2.6312741584000000,0.20532980479999985000
3450,2.5914932700000004,2.5314981780000000,2.6514883620000003,0.11999018400000017000
3451,2.6092560660000000,2.5409592396000000,2.6775528923999996,0.13659365279999980000
3453,2.7172836315000000,2.7125261789000000,2.7220410841000002,0.00951490520000009000
3454,2.9373497635000003,2.8943704689000005,2.9803290580999997,0.08595858919999921000
3456,3.6055706935000000,3.2941965709000000,3.9169448161000004,0.62274824520000040000
3457,2.7678577930000000,2.7525461102000004,2.7831694758000003,0.03062336559999989700
3459,3.4734366120000004,3.1538636568000005,3.7930095672000000,0.63914591039999950000
3462,2.2896453535000000,2.2593380121000000,2.3199526949000004,0.06061468280000026400
3464,2.7102716735000000,2.6564446041000003,2.7640987429000000,0.10765413879999963000
3465,2.5711918005000000,2.5631049207000003,2.5792786803000003,0.01617375960000000400
3467,2.9189005525000002,2.8452455735000000,2.9925555315000000,0.14730995799999969000
3468,3.0941877615000000,2.9683628661000000,3.2200126569000000,0.25164979079999970000
3470,3.5914780575000003,3.2177220805000000,3.9652340345000003,0.74751195400000010000
3471,3.5040606935000000,3.1113461709000000,3.8967752161000000,0.78542904519999990000
3472,2.8735565939999996,2.6513880315999994,3.0957251564000000,0.44433712480000054000
3473,2.7850535155000000,2.5859177217000000,2.9841893093000000,0.39827158760000003000
3475,3.0757095604999990,2.9819521847000000,3.1694669362999996,0.18751475159999975000
3476,2.5591876069999997,2.3984325642000006,2.7199426498000000,0.32151008559999950000
3480,2.1003227124999997,1.9457512275000000,2.2548941975000000,0.30914297000000013000
3481,2.9092665175000000,2.7916751245000000,3.0268579105000000,0.23518278599999975000
3482,2.3233143805000007,2.2132978283000000,2.4333309327000000,0.22003310440000012000
3483,3.5280586595000005,3.2319265233000000,3.8241907957000000,0.59226427240000000000
3484,3.3107397010000006,2.9794771814000000,3.6420022206000000,0.66252503919999970000
3485,2.4926975760000003,2.3589778064000000,2.6264173456000000,0.26743953920000020000
3486,3.3282161835000010,3.0211166569000000,3.6353157101000000,0.61419905320000010000
3487,2.8090032069999990,2.8020320898000000,2.8159743242000004,0.01394223440000042000
3489,3.3039740130000004,3.0926548181999998,3.5152932078000005,0.42263838960000080000
3492,2.6814416885000000,2.6387935639000000,2.7240898131000000,0.08529624919999979000
3493,2.3176226315000000,2.3032679789000000,2.3319772841000000,0.02870930520000003500
3494,3.4343749825000010,3.1552425755000000,3.7135073895000000,0.55826481400000020000
3497,2.3031598595000000,2.1818443157000003,2.4244754032999998,0.24263108759999952000
3498,3.3730511210000005,3.0807775694000004,3.6653246726000000,0.58454710319999980000
3503,2.3153336180000000,2.2251449708000000,2.4055222652000000,0.18037729439999994000
3504,2.6758390870000004,2.6158711218000000,2.7358070522000000,0.11993593040000006000
3505,2.6252486995000000,2.5431308197000000,2.7073665793000004,0.16423575960000036000
3507,2.8542529569999995,2.6401353398000005,3.0683705741999994,0.42823523439999890000
3508,3.0386012495000005,2.8745353493000000,3.2026671497000000,0.32813180040000000000
3509,3.1100615635000000,2.8509985889000000,3.3691245381000000,0.51812594919999990000
3510,2.4969175069999990,2.4411857042000000,2.5526493097999996,0.11146360559999957000
3513,2.8126469710000000,2.7622261826000000,2.8630677594000002,0.10084157680000017000
3514,2.7086234435000000,2.6169772209000000,2.8002696660999997,0.18329244519999977000
3515,2.3687565050000003,2.2615859030000003,2.4759271070000000,0.21434120399999967000
3516,3.0147361070000000,2.9112177498000000,3.1182544642000000,0.20703671440000004000
3519,2.5188220155000000,2.3532936093000000,2.6843504216999996,0.33105681239999950000
3521,2.9188301875000000,2.8606682625000004,2.9769921125000000,0.11632384999999967000
3523,2.8696460554999996,2.7712364777000000,2.9680556332999997,0.19681915559999963000
3526,2.4972274925000000,2.4528436955000000,2.5416112894999996,0.08876759399999967000
3528,3.3590054339999997,3.0506376075999997,3.6673732604000000,0.61673565280000010000
3529,2.4887871955000000,2.4814140737000000,2.4961603172999998,0.01474624359999987500
3531,2.7146343299999995,2.5763612620000000,2.8529073979999997,0.27654613599999990000
3532,2.4466526995000000,2.3947012197000000,2.4986041793000000,0.10390295960000007000
3534,2.8475301850000005,2.8190217110000004,2.8760386590000000,0.05701694799999979000
3535,2.6580065740000003,2.6052092036000000,2.7108039444000003,0.10559474080000042000
3536,2.4576612895000000,2.4187571737000000,2.4965654053000000,0.07780823160000017000
3538,2.9999650840000010,2.9693279176000000,3.0306022504000000,0.06127433280000005000
3539,2.2557888090000000,2.1540016854000000,2.3575759326000000,0.20357424720000017000
3540,2.3965274439999997,2.2243656664000000,2.5686892216000000,0.34432355519999990000
3542,2.3221469980000005,2.2906885988000000,2.3536053971999995,0.06291679839999942000
3543,3.0767898950000006,3.0118990530000000,3.1416807370000000,0.12978168400000012000
3544,2.7483882389999974,2.7022199345999995,2.7945565433999997,0.09233660880000016000
3546,2.8514924084999986,2.7780157719000000,2.9249690451000006,0.14695327320000073000
3549,2.6527159680000003,2.6042971552000000,2.7011347808000004,0.09683762560000053000
3551,2.6458896555000000,2.6384207176999994,2.6533585933000000,0.01493787560000070500
3552,2.7814425815000000,2.6305880141000000,2.9322971488999996,0.30170913479999940000
3553,3.0476857045000005,2.8598159863000000,3.2355554227000005,0.37573943640000040000
3556,2.8708824390000007,2.6362606146000003,3.1055042634000000,0.46924364879999960000
3557,2.9943598034999996,2.6854389249000000,3.3032806820999996,0.61784175719999950000
3560,3.3046357765000000,2.9644360870999997,3.6448354659000000,0.68039937880000020000
3562,2.9301526109999990,2.9111340554000003,2.9491711666000002,0.03803711119999997000
3566,3.5738506280000000,3.3569720791999997,3.7907291767999998,0.43375709760000003000
3567,3.3126225155000000,3.0208103217000000,3.6044347093000000,0.58362438760000000000
3568,2.8171053114999998,2.7362219869000000,2.8979886361000000,0.16176664920000006000
3569,3.0412053775000008,2.8920487285000003,3.1903620264999994,0.29831329799999917000
3570,3.4715652109999997,3.2068476954000000,3.7362827266000000,0.52943503119999980000
3571,3.0214746924999996,2.9187917695000000,3.1241576155000000,0.20536584600000030000
3572,2.3071372000000006,2.2312119200000002,2.3830624800000000,0.15185055999999975000
3573,3.5068726290000005,3.1493620806000000,3.8643831773999993,0.71502109679999930000
3574,3.2023681460000000,3.0128678044000003,3.3918684875999996,0.37900068319999924000
3577,2.9115440830000003,2.6841273162000006,3.1389608498000000,0.45483353359999956000
3578,2.6075044805000000,2.5656734883000003,2.6493354727000002,0.08366198439999994000
3579,2.5223463020000000,2.5057509812000003,2.5389416228000004,0.03319064160000007000
3581,2.2941937540000006,2.0853590524000003,2.5030284556000004,0.41766940320000010000
3582,2.6332318120000000,2.6098181368000000,2.6566454871999996,0.04682735039999963400
3583,2.0551504035000000,2.0232162421000000,2.0870845649000000,0.06386832279999988000
3584,1.7709248340000000,1.5683313004000001,1.9735183676000003,0.40518706720000020000
3586,2.8545582325000000,2.5676835255000000,3.1414329395000005,0.57374941400000030000
3588,2.4060591200000000,2.2978118720000000,2.5143063680000000,0.21649449600000015000
3589,2.3423292170000005,2.2783347301999997,2.4063237038000000,0.12798897360000040000
3590,3.0918787945000004,3.0600843123000003,3.1236732767000000,0.06358896439999961000
3591,2.6205030445000000,2.6006434267000005,2.6403626623000003,0.03971923559999979000
3593,2.6474100975000003,2.6095516584999996,2.6852685365000000,0.07571687800000060000
3594,2.8761579865000004,2.6789959811000000,3.0733199919000005,0.39432401080000057000
3595,2.9095638874999990,2.7608182425000000,3.0583095325000000,0.29749128999999996000
3596,3.5427685485000010,3.2857823679000000,3.7997547291000000,0.51397236120000000000
3597,2.4486265644999990,2.4445159387000000,2.4527371903000000,0.00822125160000020100
3599,1.9513556565000012,1.7207309938999997,2.1819803191000000,0.46124932520000030000
3600,2.3537692740000002,2.2361767644000000,2.4713617836000000,0.23518501919999980000
3601,3.3152091055000000,2.9432723477000002,3.6871458632999996,0.74387351559999940000
3602,2.8911050390000000,2.7559870546000003,3.0262230233999996,0.27023596879999934000
3604,2.8035003860000005,2.7795674316000000,2.8274333404000003,0.04786590880000041000
3605,2.4129111489999997,2.2914330894000000,2.5343892086000000,0.24295611920000004000
3606,3.2285166489999995,2.9777897086000000,3.4792435894000000,0.50145388079999980000
3608,2.8950777709999990,2.7417024794000002,3.0484530626000000,0.30675058319999990000
3609,3.2040873005000000,2.8459626206999995,3.5622119803000000,0.71624935960000040000
3610,2.8752636215000003,2.7312690700999998,3.0192581729000000,0.28798910280000010000
3612,2.6840020825000000,2.5690733155000000,2.7989308495000000,0.22985753400000020000
3613,2.6475104390000004,2.5652838146000000,2.7297370634000000,0.16445324880000012000
3614,2.3120176795000003,2.2246242077000000,2.3994111513000003,0.17478694360000047000
3619,2.7299444499999996,2.6916186300000002,2.7682702700000004,0.07665164000000013000
3620,2.2063275770000000,2.0171321462000000,2.3955230078000000,0.37839086160000024000
3622,3.2157117205000003,3.0659792087000000,3.3654442323000002,0.29946502360000027000
3624,3.4527292324999994,3.1416925255000000,3.7637659395000003,0.62207341400000040000
3625,2.5674224639999994,2.5447514495999997,2.5900934783999996,0.04534202879999993400
3626,3.3783625504999995,3.0876079706999997,3.6691171303000000,0.58150915960000040000
3627,2.1743065894999996,2.0640115537000000,2.2846016253000000,0.22059007160000021000
3628,3.4806267470000000,3.1433142457999996,3.8179392482000000,0.67462500240000050000
3630,3.0477400820000002,3.0094869148000005,3.0859932492000000,0.07650633439999943000
3631,3.4579592115000010,3.1604584961000000,3.7554599269000004,0.59500143080000050000
3632,3.5085475850000000,3.2306574190000000,3.7864377510000000,0.55578033199999990000
3633,3.1145969865000000,3.0055297811000004,3.2236641918999998,0.21813441079999940000
3634,3.1012866480000000,2.9522557072000000,3.2503175887999998,0.29806188159999980000
3635,3.4667676164999994,3.2209014631000000,3.7126337699000000,0.49173230679999990000
3636,2.5772749160000004,2.5004781495999997,2.6540716823999997,0.15359353280000000000
3640,2.9496288940000000,2.8371896515999997,3.0620681364000000,0.22487848480000050000
3641,2.9371399995000003,2.9331831993000000,2.9410967997000000,0.00791360039999977600
3642,2.9260327720000000,2.7210046807999997,3.1310608632000000,0.41005618240000040000
3643,2.5214062455000000,2.5009495437000000,2.5418629473000000,0.04091340359999984000
3644,2.5941066305000025,2.4640731782999996,2.7241400827000000,0.26006690440000035000
3645,2.9886411940000000,2.8411948716000010,3.1360875164000004,0.29489264479999955000
3646,2.5569105019999996,2.4958611012000000,2.6179599028000000,0.12209880159999997000
3647,2.2627517555000005,2.0554854533000000,2.4700180577000000,0.41453260439999970000
3648,2.5408303875000000,2.4364698325000003,2.6451909424999998,0.20872110999999950000
3649,2.2369367260000000,2.2063700356000000,2.2675034164000000,0.06113338079999986000
3650,2.2405074865000000,2.1352948919000000,2.3457200811000000,0.21042518919999997000
3654,2.9565001580000000,2.8624214212000005,3.0505788947999997,0.18815747359999913000
3655,2.9438447224999997,2.8847542114999998,3.0029352334999997,0.11818102199999991000
3657,2.3135345780000000,2.2453527468000000,2.3817164091999996,0.13636366239999953000
3658,2.8569482675000020,2.7685123744999998,2.9453841605000000,0.17687178600000042000
3659,2.9651290455000000,2.8974374637000007,3.0328206273000000,0.13538316359999936000
3660,2.5132374770000000,2.4728152677999997,2.5536596862000000,0.08084441840000034000
3661,2.5449172670000000,2.4855439602000002,2.6042905738000000,0.11874661359999994000
3664,2.4253253410000000,2.1623336046000000,2.6883170773999994,0.52598347279999920000
3666,2.5602322050000000,2.4563621230000000,2.6641022870000000,0.20774016400000006000
3669,3.5661822895000010,3.2150596053000005,3.9173049737000000,0.70224536839999940000
3670,2.7722681230000000,2.7648789722000005,2.7796572738000003,0.01477830159999982100
3673,3.4540941260000010,3.0934857764000000,3.8147024756000003,0.72121669920000020000
3675,3.2963892949999996,2.9839054130000000,3.6088731770000004,0.62496776400000040000
3676,3.1459617245000000,2.9723544143000000,3.3195690346999998,0.34721462039999995000
3677,2.4136456065000000,2.3869157639000000,2.4403754491000000,0.05345968519999999600
3680,2.2338981430000002,2.1272104858000000,2.3405858002000000,0.21337531439999990000
3681,3.3902615724999990,3.1726522015000000,3.6078709434999996,0.43521874199999955000
3682,2.5397373800000000,2.4138444280000000,2.6656303320000000,0.25178590400000010000
3683,2.9231290204999993,2.7948226287000000,3.0514354123000000,0.25661278360000006000
3684,3.3684326909999993,3.1551717673999997,3.5816936146000002,0.42652184720000050000
3686,2.8023145390000000,2.6556823545999997,2.9489467234000000,0.29326436880000050000
3688,2.5724500589999995,2.5518384354000000,2.5930616826000000,0.04122324720000003500
3689,2.5461916755000000,2.4888086053000000,2.6035747457000000,0.11476614040000000000
3690,2.9226492124999996,2.8241508975000000,3.0211475274999997,0.19699662999999967000
3691,2.3992524760000000,2.3059518856000000,2.4925530663999997,0.18660118079999988000
3692,2.9542865840000000,2.9450572176000005,2.9635159504000000,0.01845873279999965500
3694,3.4998175100000006,3.1733761140000003,3.8262589060000005,0.65288279200000020000
3695,3.2510603565000000,3.0922712991000000,3.4098494139000000,0.31757811479999987000
3698,3.0470478144999995,2.9309273403000000,3.1631682887000000,0.23224094840000030000
3700,2.5805131009999998,2.5416590606000000,2.6193671413999997,0.07770808079999991000
3701,2.4587232540000006,2.4178571524000003,2.4995893556000000,0.08173220319999963000
3705,3.2321167914999993,2.8522799081000000,3.6119536748999996,0.75967376679999980000
3706,2.4494438319999990,2.4382122992000000,2.4606753648000000,0.02246306560000022000
3707,3.4625039275000010,3.1154310985000007,3.8095767565000000,0.69414565799999920000
3708,2.6187272260000003,2.6142115356000000,2.6232429164000000,0.00903138080000021000
3709,3.5029947074999990,3.2575553905000003,3.7484340245000003,0.49087863400000000000
3711,2.7911356649999997,2.7246591309999997,2.8576121990000000,0.13295306800000040000
3712,3.3999038240000000,2.9980357536000004,3.8017718944000000,0.80373614079999940000
3713,3.2456675364999996,2.9728929511000000,3.5184421219000000,0.54554917080000020000
3716,2.2987866685000000,2.1842568011000000,2.4133165359000000,0.22905973479999986000
3718,2.7831852784999990,2.7211409899000000,2.8452295671000000,0.12408857720000022000
3719,2.6453870130000000,2.6397962078000000,2.6509778182000003,0.01118161040000043000
3720,2.5391213105000000,2.5001214347000000,2.5781211862999998,0.07799975159999972000
3721,2.8375101724999996,2.8249594415000003,2.8500609035000000,0.02510146199999985200
3722,3.2880108865000000,2.9593940411000000,3.6166277318999995,0.65723369079999960000
3724,2.3885901240000000,2.3695932744000006,2.4075869736000000,0.03799369919999940000
3725,2.7689633490000000,2.6353334885999997,2.9025932094000000,0.26725972080000027000
3726,3.1121336325000010,2.8872330854999997,3.3370341795000003,0.44980109400000057000
3727,2.9562197915000000,2.8484253081000004,3.0640142749000010,0.21558896680000040000
3729,3.1978488494999997,2.9157975893000000,3.4799001097000000,0.56410252040000010000
3730,2.6482300255000000,2.5826496153000000,2.7138104356999997,0.13116082039999988000
3731,3.3255457514999995,3.0299768521000000,3.6211146508999996,0.59113779879999970000
3733,2.3929451305000000,2.3608067826999997,2.4250834783000000,0.06427669560000027000
3735,2.4311044860000006,2.3424790916000000,2.5197298804000003,0.17725078880000034000
3737,3.0155636950000000,2.9264943730000006,3.1046330170000000,0.17813864399999924000
3738,3.3488632720000010,2.9924605808000000,3.7052659631999996,0.71280538239999960000
3739,3.6442789165000000,3.3102736830999997,3.9782841499000000,0.66801046680000020000
3740,2.7438624234999995,2.6606662540999997,2.8270585929000000,0.16639233880000015000
3743,2.8989118039999995,2.6914641256000000,3.1063594824000003,0.41489535680000020000
3744,2.6237008365000007,2.5793177019000000,2.6680839710999997,0.08876626919999975000
3745,2.8134250465000000,2.7338378651000000,2.8930122279000000,0.15917436279999997000
3746,3.4337637089999995,3.2133667926000000,3.6541606254000003,0.44079383280000030000
3747,2.5225867530000006,2.4844694541999996,2.5607040517999997,0.07623459760000006000
3749,2.7758134640000005,2.7048236495999998,2.8468032784000004,0.14197962880000060000
3751,2.9946260495000003,2.8767636693000000,3.1124884297000000,0.23572476040000012000
3752,3.2077687189999997,2.9226114065999997,3.4929260313999997,0.57031462480000000000
3753,2.4732262270000000,2.3171177362000000,2.6293347178000000,0.31221698159999980000
3755,2.4176588719999996,2.2570197232000000,2.5782980208000000,0.32127829760000015000
3756,2.7892915694999996,2.7159749973000000,2.8626081417000000,0.14663314439999997000
3757,2.9945701134999996,2.9607061589000000,3.0284340681000000,0.06772790920000027000
3758,3.2423943994999993,3.0893693593000000,3.3954194397000004,0.30605008040000037000
3759,2.9431232164999996,2.7918777031000004,3.0943687299000000,0.30249102679999940000
3760,2.7868488370000000,2.7594443718000004,2.8142533021999996,0.05480893039999923400
3762,3.2681162420000005,2.8238623388000000,3.7123701452000000,0.88850780639999980000
3763,2.6075896620000005,2.4880399268000004,2.7271393971999998,0.23909947039999935000
3764,3.2182862445000007,2.9888523423000000,3.4477201466999996,0.45886780439999963000
3765,2.6723424220000003,2.5640625908000000,2.7806222532000002,0.21655966240000035000
3766,2.5589882335000005,2.4417855269000000,2.6761909401000000,0.23440541320000020000
3768,2.3225937725000003,2.1719130635000000,2.4732744815000000,0.30136141799999994000
3769,2.8181828970000000,2.7463092558000000,2.8900565382000000,0.14374728240000012000
3770,3.0041284120000010,2.9456225768000000,3.0626342472000000,0.11701167040000016000
3771,2.4200605270000000,2.2394083162000000,2.6007127377999995,0.36130442159999940000
3772,2.6616338045000000,2.5855825262999996,2.7376850826999997,0.15210255640000003000
3774,2.5294528880000000,2.5132556432000000,2.5456501328000000,0.03239448960000013000
3776,2.1897202069999997,2.1040833242000000,2.2753570898000000,0.17127376560000007000
3777,2.8248432365000005,2.7765657311000003,2.8731207418999998,0.09655501079999951000
3778,2.9913972055000000,2.8736292877000005,3.1091651233000004,0.23553583559999990000
3779,2.9177472630000003,2.7004381682000003,3.1350563578000004,0.43461818960000010000
3780,2.9428135430000006,2.8941873602000006,2.9914397258000003,0.09725236559999972000
3781,2.6212990705000000,2.5646250423000003,2.6779730987000000,0.11334805639999956000
3783,3.2925460859999998,3.0556989204000002,3.5293932515999997,0.47369433119999950000
3784,2.8732654745000000,2.8531624643000000,2.8933684846999994,0.04020602039999943000
3787,2.9270173589999997,2.9012203025999996,2.9528144154000002,0.05159411280000059000
3788,3.0118216005000003,2.8865834407000000,3.1370597602999997,0.25047631959999970000
3789,2.6154376415000002,2.3837682981000000,2.8471069849000004,0.46333868680000023000
3790,1.9080364269999996,1.7716846561999997,2.0443881977999996,0.27270354159999990000
3791,2.6191504399999994,2.5104606159999996,2.7278402639999997,0.21737964800000010000
3794,3.1621626650000000,3.0122381309999997,3.3120871990000000,0.29984906800000033000
3796,2.6479423045000010,2.4050564263000003,2.8908281827000000,0.48577175639999970000
3799,2.3518882745000000,2.2577273647000000,2.4460491843000000,0.18832181960000005000
3801,2.9238575710000000,2.7858705994000004,3.0618445426000007,0.27597394320000035000
3802,2.3860632940000000,2.2944467763999996,2.4776798116000000,0.18323303520000023000
3805,2.5185132115000000,2.4792315269000000,2.5577948961000000,0.07856336919999984000
3807,2.5286681294999998,2.4285796776999997,2.6287565813000002,0.20017690360000050000
3808,2.7525714835000000,2.5011400769000000,3.0040028900999998,0.50286281319999970000
3809,2.3650980924999980,2.1792132555000000,2.5509829295000000,0.37176967399999983000
3810,3.5206398615000000,3.1933850060999998,3.8478947169000004,0.65450971080000060000
3811,3.0071905535000000,2.7957495749000000,3.2186315321000000,0.42288195720000000000
3813,3.5237991034999974,3.2274243448999997,3.8201738621000000,0.59274951720000010000
3816,3.5693341364999998,3.3230105910999996,3.8156576819000003,0.49264709080000070000
3817,3.4084634200000004,3.1363571879999994,3.6805696520000000,0.54421246400000060000
3818,2.9249315839999994,2.8277686176000000,3.0220945504000000,0.19432593280000000000
3819,3.2280846289999996,2.9991684806000000,3.4570007774000000,0.45783229679999990000
3822,3.4911848240000003,3.2338571536000003,3.7485124944000000,0.51465534079999960000
3823,2.5061697560000002,2.4291082536000004,2.5832312583999997,0.15412300479999930000
3824,2.9290454520000004,2.7396748328000000,3.1184160712000000,0.37874123839999996000
3825,1.8955091810000002,1.7689487086000000,2.0220696533999996,0.25312094479999960000
3827,3.0465604550000000,2.8645514370000003,3.2285694730000000,0.36401803599999960000
3828,3.0084997705000003,2.7965960787000000,3.2204034623000000,0.42380738360000025000
3831,2.5279155359999996,2.4524177216000000,2.6034133504000000,0.15099562880000006000
3833,2.6784746005000000,2.5747832407000000,2.7821659603000000,0.20738271960000000000
3834,2.4905025500000000,2.3194263700000000,2.6615787300000000,0.34215236000000004000
3835,3.0700717965000000,2.9147149151000002,3.2254286779000005,0.31071376280000030000
3836,2.3543192045000003,2.3027399227000003,2.4058984863000000,0.10315856359999964000
3837,3.4071114114999994,3.1237007761000000,3.6905220469000000,0.56682127079999980000
3838,2.8110106224999996,2.7565040714999998,2.8655171735000000,0.10901310200000003000
3841,2.7344920120000000,2.6918368168000000,2.7771472072000000,0.08531039040000010000
3843,2.3395759595000000,2.2459643757000003,2.4331875433000000,0.18722316759999957000
3844,2.6439034330000000,2.6256332062000003,2.6621736598000000,0.03654045359999980000
3845,2.5159111425000000,2.4632046855000000,2.5686175994999996,0.10541291399999952000
3846,2.3300145245000000,2.0979079147000000,2.5621211343000000,0.46421321959999995000
3848,2.5308678930000000,2.4630343357999998,2.5987014502000000,0.13566711440000034000
3849,3.3814470639999990,3.0609678896000000,3.7019262384000000,0.64095834879999990000
3850,2.4654535020000004,2.3441113012000000,2.5867957028000000,0.24268440160000004000
3851,3.0808898044999995,2.9756865262999996,3.1860930827000000,0.21040655640000017000
3856,2.8368601605000000,2.8158386247000000,2.8578816962999998,0.04204307159999976000
3858,3.0139114509999994,2.8092832314000000,3.2185396706000002,0.40925643920000043000
3860,2.6827742949999998,2.6505077770000000,2.7150408130000000,0.06453303599999982000
3861,3.0289956905000000,2.8298431667000000,3.2281482143000000,0.39830504760000010000
3862,3.0030557019999997,2.8892139828000000,3.1168974212000000,0.22768343840000016000
3864,2.4903423200000000,2.4378293920000000,2.5428552479999995,0.10502585599999970000
3865,2.8522407990000000,2.6560819186000000,3.0483996794000000,0.39231776080000014000
3866,2.9345584995000000,2.9189630993000004,2.9501538997000000,0.03119080039999966300
3868,3.0571337220000000,3.0233564107999995,3.0909110332000000,0.06755462240000032000
3869,2.2756836209999998,2.1792049726000000,2.3721622694000000,0.19295729679999996000
3871,2.3523695660000000,2.2554221396000000,2.4493169923999996,0.19389485279999974000
3873,2.2897885465000005,2.2641831279000000,2.3153939651000000,0.05121083720000019000
3874,3.3235208800000000,2.9816268320000000,3.6654149280000000,0.68378809600000020000
3875,3.6158860200000023,3.3346844280000000,3.8970876119999995,0.56240318399999940000
3876,2.8022694025000010,2.6642907635000000,2.9402480415000003,0.27595727800000036000
3877,2.5592178535000000,2.4317309948999997,2.6867047120999996,0.25497371719999995000
3879,2.5578222725000006,2.4543993635000003,2.6612451815000004,0.20684581800000013000
3883,2.5847423084999996,2.5255133851000000,2.6439712319000000,0.11845784680000015000
3886,2.4249102139999996,2.2806761284000006,2.5691442996000000,0.28846817119999946000
3887,2.8565847215000004,2.8442544328999997,2.8689150100999994,0.02466057719999970000
3888,2.6132021030000008,2.5199941442000000,2.7064100618000000,0.18641591760000020000
3889,3.3526611905000006,2.9682216667000000,3.7371007143000003,0.76887904760000050000
3890,2.8375784255000003,2.8125953957000003,2.8625614553000003,0.04996605960000000000
3891,2.7911499484999998,2.6949099279000000,2.8873899691000005,0.19248004120000050000
3893,2.6920987709999986,2.6125882794000000,2.7716092626000000,0.15902098320000002000
3894,2.8575591650000005,2.7401064309999996,2.9750118990000000,0.23490546800000045000
3895,2.8053242315000000,2.7689359241000000,2.8417125389000000,0.07277661479999997000
3896,2.6584339714999990,2.4838835600999998,2.8329843829000000,0.34910082280000010000
3897,3.0521018499999990,2.8493025899999997,3.2549011100000000,0.40559852000000030000
3898,2.4330807564999994,2.3327856539000000,2.5333758590999995,0.20059020519999970000
3899,2.6028329649999993,2.5666445510000000,2.6390213789999994,0.07237682799999945000
3900,2.3822287889999996,2.2685904733999998,2.4958671046000000,0.22727663120000008000
3902,2.9274323490000000,2.7308760886000000,3.1239886094000000,0.39311252079999990000
3903,3.5387612199999987,3.1859733080000000,3.8915491320000000,0.70557582400000030000
3904,2.8136764160000000,2.7090150496000000,2.9183377824000000,0.20932273280000002000
3906,2.3221147770000000,2.1862164662000000,2.4580130878000000,0.27179662160000007000
3907,2.8321609450000005,2.6779837229999996,2.9863381670000000,0.30835444400000034000
3908,2.9544807259999994,2.7995750164000000,3.1093864356000000,0.30981141919999990000
3909,3.4634862894999996,3.1492048052999997,3.7777677737000000,0.62856296840000030000
3910,2.0908919945000000,1.9429815967000001,2.2388023923000000,0.29582079560000010000
3912,3.4901282139999994,3.1021750996000000,3.8780813284000000,0.77590622879999980000
3913,2.0373455670000000,1.8185353401999997,2.2561557937999996,0.43762045359999990000
3915,2.6411308030000000,2.5278916818000000,2.7543699241999997,0.22647824239999980000
3918,2.2349294520000003,2.1858764712000000,2.2839824328000002,0.09810596160000040000
3919,3.2016961760000004,3.0522262464000000,3.3511661056000004,0.29893985920000030000
3920,3.0946794774999997,2.9434836685000003,3.2458752864999996,0.30239161799999925000
3921,2.5339281080000000,2.5275229512000000,2.5403332648000000,0.01281031360000017800
3922,2.7759414965000000,2.7195420979000000,2.8323408950999998,0.11279879719999997000
3923,2.4070105705000002,2.3704059422999997,2.4436151987000000,0.07320925640000020000
3924,2.9467086090000003,2.8250444526000003,3.0683727653999995,0.24332831279999922000
3926,2.7640278900000000,2.5720810460000000,2.9559747340000000,0.38389368800000010000
3928,2.8021837505000000,2.4921072507000000,3.1122602503000003,0.62015299960000010000
3929,2.3324990284999996,2.2519890170999997,2.4130090399000004,0.16102002280000072000
3930,2.4887434265000006,2.2476195971000004,2.7298672559000000,0.48224765879999953000
3931,2.4156052284999996,2.3132795370999997,2.5179309199000000,0.20465138280000028000
3932,2.6179439610000000,2.5430207766000000,2.6928671453999997,0.14984636879999957000
3934,2.8090730010000000,2.6861414014000000,2.9320046005999996,0.24586319919999955000
3935,2.1068449430000000,1.9124793657999999,2.3012105201999997,0.38873115439999983000
3936,2.7382040815000006,2.7322857141000000,2.7441224489000002,0.01183673480000013700
3938,3.4149709800000000,3.1371041720000000,3.6928377880000000,0.55573361599999990000
3940,2.9299348415000006,2.4152667781000003,3.4446029049000004,1.02933612680000000000
3942,3.3689017240000000,3.0416700135999997,3.6961334344000005,0.65446342080000090000
3944,2.9203950080000003,2.9003554112000000,2.9404346048000000,0.04007919360000001000
3947,2.5855754750000000,2.5832016650000000,2.5879492849999997,0.00474761999999984100
3948,3.1300993320000010,2.9282586648000000,3.3319399992000003,0.40368133440000030000
3951,2.7844873410000010,2.7274238774000000,2.8415508046000000,0.11412692720000006000
3953,2.6133713679999993,2.5008039151999997,2.7259388208000000,0.22513490560000050000
3954,2.7305711235000003,2.6703754741000000,2.7907667729000000,0.12039129879999999000
3955,2.6694404670000003,2.5924090537999995,2.7464718801999997,0.15406282640000013000
3956,2.9385182790000000,2.8121591905999996,3.0648773674000000,0.25271817680000020000
3957,2.7744207265000003,2.7159276359000000,2.8329138171000000,0.11698618120000015000
3958,2.5950442015000010,2.5027542821000000,2.6873341209000000,0.18457983879999995000
3959,2.6186327485000005,2.4952980491000000,2.7419674479000005,0.24666939880000038000
3960,2.5509329280000000,2.4891705568000000,2.6126952992000003,0.12352474240000033000
3964,2.6350575565000014,2.6025729791000005,2.6675421339000000,0.06496915479999954000
3965,2.9570714575000000,2.8495516405000000,3.0645912744999997,0.21503963399999960000
3966,3.6114434784999996,3.3346220699000004,3.8882648871000005,0.55364281720000010000
3967,3.5655212460000003,3.1704553443999997,3.9605871476000005,0.79013180320000090000
3968,3.2153011890000003,3.0815032646000000,3.3490991134000000,0.26759584880000010000
3970,3.5438588534999997,3.2017355949000000,3.8859821120999998,0.68424651719999960000
3971,2.8169090265000000,2.6985338371000000,2.9352842159000000,0.23675037880000005000
3973,2.5789037145000000,2.3272440003000000,2.8305634287000006,0.50331942840000070000
3974,3.5077436345000000,3.2219842883000003,3.7935029807000000,0.57151869239999980000
3976,3.4079302785000000,3.1536483899000003,3.6622121671000003,0.50856377720000000000
3977,2.9227536614999990,2.8536063261000004,2.9919009969000000,0.13829467079999969000
3978,3.6069472414999990,3.3118677380999997,3.9020267449000000,0.59015900680000040000
3979,3.0532662334999996,2.9029099269000000,3.2036225401000000,0.30071261320000000000
3982,3.4533562144999994,3.1040975002999995,3.8026149286999997,0.69851742840000020000
3983,3.0591069530000006,2.8035057342000000,3.3147081718000004,0.51120243760000060000
3984,3.1231753789999990,2.9118275306000005,3.3345232274000000,0.42269569679999950000
3986,2.7101064800000003,2.5963678720000000,2.8238450880000006,0.22747721600000048000
3988,2.5666303580000000,2.4315502148000000,2.7017105012000000,0.27016028639999990000
3990,3.5428496279999980,3.2587762792000000,3.8269229768000000,0.56814669760000000000
3991,3.2587742250000000,2.8896003150000000,3.6279481349999996,0.73834781999999950000
3992,2.2975235725000000,2.1952065435000000,2.3998406015000002,0.20463405800000034000
3993,2.6094457190000004,2.5113740066000000,2.7075174314000000,0.19614342479999980000
3994,3.0175178105000000,2.8846685347000000,3.1503670863000000,0.26569855160000033000
3995,3.2517144659999997,3.0987690524000000,3.4046598796000000,0.30589082720000027000
3997,2.8449998350000003,2.6974933690000000,2.9925063010000000,0.29501293200000010000
3998,3.2205187619999998,2.8965026668000000,3.5445348572000000,0.64803219039999990000
3999,2.3644730370000000,2.2584102222000000,2.4705358518000000,0.21212562959999960000
4001,2.6987900464999990,2.6219560650999996,2.7756240278999997,0.15366796280000017000
4002,2.8244646074999995,2.7721684504999997,2.8767607644999997,0.10459231400000002000
4003,2.1517508590000003,2.0971873154000000,2.2063144026000000,0.10912708720000008000
4005,2.9724352784999994,2.9094989899000000,3.0353715671000003,0.12587257720000045000
4006,2.2662641100000003,2.0092552660000003,2.5232729540000003,0.51401768800000000000
4007,2.9378412275000008,2.7472609185000000,3.1284215365000000,0.38116061800000000000
4010,3.0621122855000014,2.9132855997000000,3.2109389713000000,0.29765337160000005000
4012,3.1515351140000010,2.8988591595999997,3.4042110684000000,0.50535190880000020000
4015,3.0974496790000003,3.0492819506000000,3.1456174074000000,0.09633545679999989000
4016,3.2589441459999997,2.9091782044000003,3.6087100876000000,0.69953188319999970000
4018,3.7063724770000000,3.4049170678000000,4.0078278861999990,0.60291081839999940000
4021,3.2916593489999992,2.9340474885999996,3.6492712093999997,0.71522372080000010000
4022,3.1755847425000010,2.9064922395000004,3.4446772454999994,0.53818500599999910000
4023,2.9043753424999994,2.8488386794999996,2.9599120054999997,0.11107332600000008000
4025,2.8212387205000000,2.7933842087000000,2.8490932323000000,0.05570902359999996000
4026,3.1114576245000000,3.0482286742999998,3.1746865747000000,0.12645790040000016000
4027,2.5501666215000007,2.4801411729000000,2.6201920701000000,0.14005089720000008000
4028,2.7706004195000000,2.5245469872999995,3.0166538516999997,0.49210686440000020000
4029,1.9382179945000000,1.7767803967000000,2.0996555923000000,0.32287519560000000000
4031,2.8234272230000000,2.7568515338000000,2.8900029122000000,0.13315137840000002000
4032,2.6446990790000000,2.6307242474000000,2.6586739105999997,0.02794966319999980800
4033,2.8044008340000004,2.7322855676000000,2.8765161004000000,0.14423053279999998000
4034,2.9625448325000000,2.8507715654999997,3.0743180995000000,0.22354653400000046000
4035,2.4094223605000002,2.4065001046999996,2.4123446163000000,0.00584451160000032400
4036,3.1503538809999996,3.0274006334000000,3.2733071286000000,0.24590649519999985000
4039,2.8334537324999993,2.5877480255000000,3.0791594394999997,0.49141141399999990000
4040,2.8015617355000000,2.6919876297000003,2.9111358413000000,0.21914821159999986000
4041,3.3921491335000007,3.1422607869000000,3.6420374801000004,0.49977669320000030000
4043,2.7421861905000000,2.6361453143000000,2.8482270667000000,0.21208175239999960000
4045,2.2390178800000000,2.2368494320000000,2.2411863280000000,0.00433689599999986800
4046,3.3729901389999980,3.0388257945999997,3.7071544834000000,0.66832868880000040000
4049,2.7438777560000003,2.7362802536000000,2.7514752583999997,0.01519500479999980000
4050,2.8049918579999997,2.6972674012000000,2.9127163148000000,0.21544891359999996000
4051,2.6225230514999995,2.5616734721000000,2.6833726309000000,0.12169915880000026000
4055,2.7419690185000003,2.6928246259000000,2.7911134111000000,0.09828878519999984000
4056,2.1695114104999997,2.0520968463000000,2.2869259747000000,0.23482912839999992000
4058,3.4137831845000000,3.1934612583000000,3.6341051106999998,0.44064385239999960000
4059,2.3178976145000000,2.3150426603000000,2.3207525687000000,0.00570990840000007400
4060,2.9687887264999997,2.8177062171000000,3.1198712359000003,0.30216501880000024000
4061,3.3787890350000010,3.1956654490000000,3.5619126210000003,0.36624717200000045000
4062,2.9568077140000000,2.8187355995999996,3.0948798284000000,0.27614422880000020000
4063,2.5036487509999990,2.4618810514000002,2.5454164506000000,0.08353539919999964000
4064,2.7446490235000000,2.7009114329000000,2.7883866140999998,0.08747518119999986000
4065,2.9903136905000003,2.8353295666999996,3.1452978143000000,0.30996824760000050000
4067,2.4838289930000000,2.4573437902000000,2.5103141958000000,0.05297040559999999000
4068,2.5860524240000000,2.5215982543999997,2.6505065936000000,0.12890833920000010000
4069,3.1654850925000000,2.9245007295000000,3.4064694555000000,0.48196872599999985000
4070,3.0850933145000010,3.0043630403000003,3.1658235887000000,0.16146054839999957000
4071,2.8167326415000007,2.6214848981000000,3.0119803848999998,0.39049548679999990000
4072,3.1567077830000003,3.0630244962000000,3.2503910698000000,0.18736657359999986000
4073,2.9982042975000000,2.8742536165000003,3.1221549785000002,0.24790136199999990000
4074,2.5028025475000004,2.4063071285000000,2.5992979665000000,0.19299083800000005000
4075,2.4843952465000000,2.3905719479000000,2.5782185451000000,0.18764659720000010000
4076,2.7740114030000003,2.6764363642000000,2.8715864418000000,0.19515007759999970000
4077,2.6250593760000003,2.5875647263999997,2.6625540256000000,0.07498929920000030000
4078,2.3345065710000004,2.2981043426000003,2.3709087994000004,0.07280445680000014000
4081,2.6940598629999997,2.4443130082000000,2.9438067178000000,0.49949370959999984000
4085,2.5123076239999995,2.3711697744000000,2.6534454735999997,0.28227569919999950000
4086,3.3362449574999995,2.9894337405000000,3.6830561745000000,0.69362243399999990000
4087,2.3474044690000000,2.3313866566000000,2.3634222814000000,0.03203562480000022000
4090,3.2728989709999996,3.0653565593999996,3.4804413826000005,0.41508482320000084000
4092,2.3713906730000000,2.3066988038000003,2.4360825422000000,0.12938373839999961000
4093,3.1172889800000000,3.0053169720000000,3.2292609880000005,0.22394401600000036000
4094,3.0437851240000000,2.9587159736000000,3.1288542744000000,0.17013830080000014000
4095,2.8427037154999990,2.7470260016999997,2.9383814293000000,0.19135542760000046000
4096,3.5570992855000010,3.1867629997000000,3.9274355713000000,0.74067257160000020000
4097,2.4643562050000010,2.3152361230000000,2.6134762870000000,0.29824016400000010000
4099,2.9993854920000000,2.8401060888000003,3.1586648952000003,0.31855880640000000000
4100,2.7862251694999998,2.7531604373000000,2.8192899017000004,0.06612946440000034000
4101,2.5286895465000000,2.4148837278999995,2.6424953651000000,0.22761163720000033000
4102,2.9315761300000003,2.8131457820000003,3.0500064780000002,0.23686069599999993000
4104,2.7121085949999997,2.6912920330000000,2.7329251569999995,0.04163312399999963000
4106,3.0006190184999997,2.8999226259000000,3.1013154111000000,0.20139278519999992000
4108,3.4954416084999997,3.1841538519000000,3.8067293651000000,0.62257551319999970000
4110,3.5583167370000006,3.2110034318000000,3.9056300421999994,0.69462661039999940000
4111,3.3317936220000006,3.1083098708000000,3.5552773731999996,0.44696750239999970000
4112,3.3078545144999980,3.0434055203000003,3.5723035087000000,0.52889798839999980000
4113,2.7298005615000003,2.7170531861000002,2.7425479369000000,0.02549475079999963300
4114,2.0758481380000000,1.8621748828000000,2.2895213932000003,0.42734651040000027000
4116,2.5114797179999995,2.4600058308000000,2.5629536052000000,0.10294777440000002000
4117,3.3268954060000000,3.1088891683999997,3.5449016436000000,0.43601247520000010000
4118,2.5818994250000000,2.5663664550000000,2.5974323950000000,0.03106593999999996000
4123,2.0350566230000005,1.8747455738000003,2.1953676722000000,0.32062209839999990000
4125,2.4611150105000010,2.3308994063000000,2.5913306147000000,0.26043120840000000000
4126,2.9466164810000004,2.7637182734000000,3.1295146885999996,0.36579641519999970000
4128,2.6875078010000000,2.5323121214000004,2.8427034806000000,0.31039135919999960000
4134,2.3888539755000000,2.2776551657000000,2.5000527853000000,0.22239761959999970000
4135,2.3404754170000000,2.1990832502000000,2.4818675837999997,0.28278433359999955000
4136,2.8985824665000000,2.8171446531000000,2.9800202799000006,0.16287562680000045000
4139,3.0603145375000000,2.8443715524999997,3.2762575225000000,0.43188597000000020000
4140,2.2582734610000000,2.2458680766000000,2.2706788454000004,0.02481076880000055000
4141,3.5128455994999994,3.1354386393000000,3.8902525597000000,0.75481392039999970000
4142,2.3786343560000005,2.2817556983999996,2.4755130136000000,0.19375731520000050000
4143,2.5776855309999993,2.4785049434000000,2.6768661185999996,0.19836117519999963000
4144,3.0437184489999995,2.9327762286000000,3.1546606694000000,0.22188444080000025000
4147,2.0181344890000000,1.9788830845999998,2.0573858934000000,0.07850280880000038000
4148,3.0324869430000003,2.9793473201999996,3.0856265658000000,0.10627924560000057000
4149,2.8472609909999997,2.7865673946000000,2.9079545874000003,0.12138719280000032000
4150,2.9601538740000000,2.8323662235999993,3.0879415244000000,0.25557530080000080000
4151,2.3885120680000000,2.3307772408000000,2.4462468952000000,0.11546965440000001000
4152,3.0285387395000000,2.8492066353000003,3.2078708437000000,0.35866420839999960000
4156,2.8907111905000002,2.8163088667000000,2.9651135143000000,0.14880464760000000000
4157,3.4605483040000005,3.1967568256000005,3.7243397824000004,0.52758295679999990000
4158,2.8092955659999994,2.7342513924000000,2.8843397396000000,0.15008834720000008000
4159,3.5104991845000000,3.1608780583000000,3.8601203107000000,0.69924225240000040000
4160,2.2724038920000003,2.2321155352000000,2.3126922487999995,0.08057671359999930000
4161,2.4882277014999996,2.4412386209000000,2.5352167821000000,0.09397816119999991000
4162,3.6901252755000000,3.4091305857000000,3.9711199652999998,0.56198937960000000000
4164,3.0073373890000004,2.8337363446000000,3.1809384333999997,0.34720208879999960000
4165,3.2100831134999996,3.0349031588999997,3.3852630681000000,0.35035990920000026000
4166,3.3798550014999997,3.0534062021000000,3.7063038009000002,0.65289759880000010000
4167,3.4802453965000010,3.2866431551000000,3.6738476379000000,0.38720448279999964000
4168,3.6303918505000000,3.2352277906999998,4.0255559103000000,0.79032811959999980000
4169,3.4799216355000000,3.0595378897000000,3.9003053813000004,0.84076749160000030000
4172,3.4367370270000013,3.1385374377999993,3.7349366161999997,0.59639917840000050000
4173,3.5036573660000000,3.1727483124000004,3.8345664196000007,0.66181810720000020000
4174,2.4480393245000003,2.3506399947000000,2.5454386543000000,0.19479865959999998000
4175,3.4548804805000004,3.2569306727000000,3.6528302882999997,0.39589961559999987000
4176,3.0571304030000000,2.9630301642000000,3.1512306418000002,0.18820047760000014000
4177,3.2430809040000000,3.0541368656000003,3.4320249424000000,0.37788807679999970000
4178,2.7509206770000003,2.6937489478000005,2.8080924062000000,0.11434345839999960000
4179,2.9792040595000002,2.9033276833000000,3.0550804357000003,0.15175275240000020000
4180,2.8743080780000000,2.8112801092000000,2.9373360468000000,0.12605593759999990000
4182,3.0441595374999997,2.8488989525000000,3.2394201225000000,0.39052117000000000000
4184,2.9111144655000000,2.9097446793000000,2.9124842517000000,0.00273957239999989000
4185,2.6740506439999994,2.6307881016000000,2.7173131863999997,0.08652508479999987000
4188,2.7772487865000004,2.7732284719000000,2.7812691011000000,0.00804062919999992700
4193,2.2585207615000003,2.2146592569000000,2.3023822660999995,0.08772300919999942000
4194,1.9634444735000003,1.8360330841000000,2.0908558629000000,0.25482277879999970000
4195,2.0064769555000000,1.9682537733000000,2.0447001377000000,0.07644636439999997000
4197,2.2670151545000000,2.1721210927000003,2.3619092163000004,0.18978812360000008000
4198,2.6968760214999996,2.6649812129000000,2.7287708300999998,0.06378961719999987000
4199,3.4551807670000003,3.0429142737999997,3.8674472601999996,0.82453298640000000000
4200,2.2901522035000000,2.1259317221000000,2.4543726849000000,0.32844096280000024000
4202,2.5919597399999974,2.5061230440000000,2.6777964360000000,0.17167339199999976000
4203,3.3418148275000000,3.0853659585000000,3.5982636965000000,0.51289773799999990000
4204,3.1032354175000000,3.0295799844999998,3.1768908505000000,0.14731086600000020000
4205,2.8592678555000006,2.8091169977000000,2.9094187133000005,0.10030171560000056000
4206,2.0459682394999996,1.7357149437000000,2.3562215353000000,0.62050659160000010000
4207,2.3780064440000004,2.3597122664000000,2.3963006216000000,0.03658835520000014400
4208,2.4631247325000003,2.3419748394999997,2.5842746255000004,0.24229978600000068000
4209,2.0798259390000005,1.9659767634000003,2.1936751146000000,0.22769835119999970000
4210,2.2876772830000003,2.1854055698000003,2.3899489962000002,0.20454342639999990000
4211,2.6727934290000004,2.6334900005999997,2.7120968574000000,0.07860685680000046000
4212,2.5749220895000000,2.4788272537000000,2.6710169253000005,0.19218967160000044000
4213,3.1567278715000002,2.8887138201000000,3.4247419229000000,0.53602810280000000000
4214,2.3217290425000000,2.2862194595000000,2.3572386255000000,0.07101916600000013000
4215,2.5185870235000000,2.4031622140999995,2.6340118329000000,0.23084961880000066000
4216,2.1994113840000000,2.1382279376000000,2.2605948303999996,0.12236689279999968000
4217,2.4395606740000000,2.4181892044000000,2.4609321436000000,0.04274293920000005000
4218,2.6993886315000006,2.5423044841000000,2.8564727789000000,0.31416829479999997000
4219,2.9456621160000000,2.7958177624000000,3.0955064696000000,0.29968870720000007000
4221,3.5912010105000003,3.3534058147000003,3.8289962062999994,0.47559039159999905000
4222,2.9195489770000000,2.7754581678000000,3.0636397862000000,0.28818161839999990000
4223,3.3541045995000000,3.0118692392999997,3.6963399596999995,0.68447072039999980000
4225,2.9396906270000005,2.8047532777999997,3.0746279762000000,0.26987469840000020000
4226,2.5087537830000004,2.4497658697999998,2.5677416962000000,0.11797582640000037000
4228,3.4499805304999995,3.1569147427000000,3.7430463183000002,0.58613157560000010000
4229,3.2694514100000000,2.8993023740000000,3.6396004460000000,0.74029807200000030000
4230,2.4630274910000000,2.3856828946000004,2.5403720874000000,0.15468919279999982000
4231,2.5938275045000005,2.5828165027000000,2.6048385063000000,0.02202200360000006200
4233,3.4424681370000000,3.1270881918000000,3.7578480822000000,0.63075989040000020000
4234,3.3272150580000010,3.0764578812000000,3.5779722347999994,0.50151435359999930000
4236,2.4598172930000000,2.3388883758000000,2.5807462102000000,0.24185783440000020000
4237,3.0951927315000005,2.8747742241000003,3.3156112389000000,0.44083701479999960000
4238,2.8138854094999997,2.5660475732999997,3.0617232457000000,0.49567567240000043000
4239,2.6027503085000000,2.4925020319000004,2.7129985851000002,0.22049655319999983000
4241,2.5247518020000000,2.5122118812000003,2.5372917228000000,0.02507984159999976400
4242,3.3078622269999993,3.1504755178000000,3.4652489362000000,0.31477341840000017000
4243,2.6301963840000000,2.6268297375999996,2.6335630304000000,0.00673329280000034600
4244,2.8249675884999994,2.8128430238999997,2.8370921531000000,0.02424912920000022000
4246,2.8362727349999997,2.6784910290000000,2.9940544410000003,0.31556341200000040000
4247,3.0794727120000000,2.9491025968000004,3.2098428272000000,0.26074023039999970000
4249,2.7269543139999990,2.5762244396000000,2.8776841884000000,0.30145974880000015000
4250,2.8132189055000000,2.7416676677000000,2.8847701433000000,0.14310247560000010000
4251,2.5909381510000000,2.5499918114000000,2.6318844905999996,0.08189267919999965000
4252,2.4579184570000003,2.4127022397999998,2.5031346742000000,0.09043243440000026000
4253,3.3628941190000000,3.2439433665999995,3.4818448714000000,0.23790150480000039000
4254,2.1737185320000000,1.9076147192000000,2.4398223448000000,0.53220762560000010000
4255,3.1028324630000004,2.9964758482000002,3.2091890777999996,0.21271322959999940000
4256,3.0585529114999996,2.9354528761000000,3.1816529469000000,0.24620007080000006000
4257,2.9152169369999994,2.8954613117999997,2.9349725622000000,0.03951125040000036400
4258,2.3541398454999998,2.2670415073000000,2.4412381837000000,0.17419667639999980000
4259,2.8518968330000000,2.8171799662000000,2.8866136998000003,0.06943373360000038000
4261,3.4812740655000005,3.2071644917000000,3.7553836392999993,0.54821914759999930000
4262,3.4593773440000004,3.0748358815999994,3.8439188063999996,0.76908292480000020000
4265,2.1618656394999998,2.1096781837000000,2.2140530953000000,0.10437491160000034000
4267,2.4393623595000005,2.3087914156999996,2.5699333033000000,0.26114188760000046000
4268,3.3349904019999994,2.9624405628000003,3.7075402412000007,0.74509967840000040000
4269,3.3933520920000000,3.1151465288000004,3.6715576552000000,0.55641112639999960000
4271,3.5801544279999993,3.2018689992000000,3.9584398568000000,0.75657085760000030000
4274,3.5268942130000003,3.2715494981999997,3.7822389278000004,0.51068942960000060000
4277,2.8278224905000005,2.5796026867000000,3.0760422943000005,0.49643960760000060000
4279,2.5607497324999997,2.5370508255000006,2.5844486395000000,0.04739781399999954000
4282,2.4264126675000006,2.3201132005000003,2.5327121345000000,0.21259893399999985000
4283,2.9454026080000000,2.7940876512000000,3.0967175648000000,0.30262991360000013000
4284,2.8756026820000002,2.7566061548000000,2.9945992092000000,0.23799305439999996000
4285,2.4506739920000014,2.3498003952000004,2.5515475888000000,0.20174719359999970000
4286,2.4468193310000000,2.3682815986000000,2.5253570634000000,0.15707546480000012000
4287,3.1939903645000000,2.9630209103000000,3.4249598187000005,0.46193890840000050000
4288,2.8716015385000000,2.6898769539000000,3.0533261231000000,0.36344916920000037000
4291,1.9448731055000000,1.7062294633000000,2.1835167476999997,0.47728728439999980000
4292,3.3472425509999977,3.0917459714000000,3.6027391306000003,0.51099315920000030000
4293,2.5419967320000003,2.4981064392000003,2.5858870248000003,0.08778058560000002000
4294,2.1636940419999990,1.9303108251999999,2.3970772588000004,0.46676643360000060000
4295,2.8093966865000000,2.6635073611000000,2.9552860119000000,0.29177865080000000000
4296,3.3806549014999990,2.9906708620999995,3.7706389409000000,0.77996807880000050000
4297,3.2911090709999993,2.9211310994000000,3.6610870426000000,0.73995594320000000000
4299,2.3375313430000000,2.3343074802000000,2.3407552058000003,0.00644772560000017600
4300,2.4017893235000000,2.3021286529000005,2.5014499941000000,0.19932134119999967000
4302,2.5470907120000000,2.5104941968000000,2.5836872272000000,0.07319303040000014000
4303,2.4959581039999996,2.4592896624000002,2.5326265456000003,0.07333688320000009000
4304,2.4061776610000000,2.2562653966000000,2.5560899254000002,0.29982452880000030000
4305,2.3369221089999996,2.1713296654000000,2.5025145526000000,0.33118488720000006000
4307,2.5951766635000000,2.4861829289000000,2.7041703981000000,0.21798746920000012000
4308,2.8581791510000003,2.7236600114000002,2.9926982906000000,0.26903827919999970000
4309,2.8992268880000000,2.8554764432000000,2.9429773328000000,0.08750088959999980000
4312,3.1749657800000004,3.0262464920000003,3.3236850679999996,0.29743857599999934000
4315,2.6545038510000003,2.5457067105999998,2.7633009914000000,0.21759428080000020000
4316,2.9720390625000000,2.9495158875000005,2.9945622375000003,0.04504634999999979000
4319,2.9106495114999995,2.7298273160999997,3.0914717069000000,0.36164439080000044000
4320,2.7556037669999998,2.7447866602000000,2.7664208738000000,0.02163421360000006300
4321,2.7181158840000004,2.6798962375999995,2.7563355304000000,0.07643929280000039000
4322,2.9701683320000000,2.8853448648000000,3.0549917992000000,0.16964693440000023000
4323,2.5375786295000000,2.4743992813000000,2.6007579776999994,0.12635869639999920000
4326,3.5611709209999995,3.1817008894000000,3.9406409526000000,0.75894006319999980000
4327,2.4120411155000000,2.3096538693000004,2.5144283617000003,0.20477449239999990000
4331,3.1568364750000004,3.0465722650000000,3.2671006850000000,0.22052841999999995000
4338,3.2329957255000000,2.9677760157000000,3.4982154352999997,0.53043941959999950000
4344,2.4849497054999996,2.4797471876999997,2.4901522233000000,0.01040503560000027900
4346,3.0803846600000000,2.7470681240000000,3.4137011960000008,0.66663307200000070000
4347,2.8369904150000003,2.7351653810000000,2.9388154490000000,0.20365006799999996000
4348,3.3211430970000000,3.1248971358000004,3.5173890582000000,0.39249192239999964000
4350,2.3758833435000000,2.3272972061000003,2.4244694808999996,0.09717227479999924000
4351,3.1929695959999997,2.9586330344000000,3.4273061576000000,0.46867312319999990000
4352,2.5741286705000000,2.5630369387000003,2.5852204023000000,0.02218346359999978600
4354,3.1601784280000000,3.0171093991999998,3.3032474568000000,0.28613805760000010000
4357,2.6740151400000000,2.6207003960000000,2.7273298840000000,0.10662948799999983000
4358,2.2523104364999997,2.1596394619000000,2.3449814110999996,0.18534194919999970000
4360,2.6654636954999997,2.6367230172999996,2.6942043737000000,0.05748135640000029400
4361,2.6118223574999990,2.5809770144999997,2.6426677005000000,0.06169068600000038000
4362,2.6378005375000000,2.5730491525000003,2.7025519225000000,0.12950276999999977000
4363,3.1581141350000004,3.0539065890000000,3.2623216809999995,0.20841509199999964000
4366,2.7715313045000000,2.7466667826999998,2.7963958263000000,0.04972904360000019000
4367,2.6368096010000013,2.4873973605999997,2.7862218414000000,0.29882448080000046000
4370,2.3711565040000000,2.3022087024000000,2.4401043056000002,0.13789560320000005000
4372,3.3769708440000000,3.0350935816000000,3.7188481064000007,0.68375452480000080000
4374,3.3997839379999997,3.1665351132000000,3.6330327627999996,0.46649764959999950000
4375,2.7387446515000002,2.6251659909000000,2.8523233121000002,0.22715732120000043000
4376,3.4893119875000003,3.1427907825000000,3.8358331925000004,0.69304241000000030000
4377,2.9219552160000000,2.8857869024000000,2.9581235296000000,0.07233662719999989000
4378,2.5538707125000000,2.5332217974999995,2.5745196275000000,0.04129783000000042400
4380,2.7912718400000000,2.7813107040000000,2.8012329760000000,0.01992227200000007400
4381,2.9584029430000000,2.8395465202000003,3.0772593658000000,0.23771284559999950000
4385,3.1649285084999996,2.9893071119000000,3.3405499050999996,0.35124279319999950000
4387,3.5545980779999990,3.2495521092000000,3.8596440467999997,0.61009193759999960000
4388,2.1574006655000000,2.0015787993000003,2.3132225317000000,0.31164373239999990000
4389,2.7520462444999994,2.5886555422999997,2.9154369467000000,0.32678140440000014000
4390,2.5222109725000000,2.4183425835000000,2.6260793615000000,0.20773677800000012000
4391,2.7751529825000003,2.6930941754999997,2.8572117895000004,0.16411761400000070000
4392,2.6710091474999995,2.6572592064999996,2.6847590885000000,0.02749988200000031000
4393,2.8517396940000000,2.8491078163999997,2.8543715715999998,0.00526375520000010900
4394,3.0568085760000000,2.8973704064000003,3.2162467456000003,0.31887633920000000000
4396,3.0196106440000006,2.9229193016000000,3.1163019864000000,0.19338268479999998000
4399,2.6697140470000000,2.6072960658000000,2.7321320282000000,0.12483596240000017000
4400,3.0620642499999997,2.7348571500000003,3.3892713499999996,0.65441419999999930000
4402,2.5903625685000002,2.5801743959000000,2.6005507410999997,0.02037634519999986800
4403,2.5457716880000008,2.4858695632000000,2.6056738127999997,0.11980424959999958000
4404,3.0754573815000006,2.7211759341000006,3.4297388289000000,0.70856289479999960000
4406,2.7609735600000005,2.6569689840000000,2.8649781360000004,0.20800915200000025000
4407,2.7483764640000006,2.6336070496000000,2.8631458784000000,0.22953882879999998000
4408,3.1812164355000000,2.9248426096999998,3.4375902613000000,0.51274765160000020000
4409,2.6467244475000000,2.6100902264999997,2.6833586685000000,0.07326844200000027000
4411,3.5561027705000000,3.2794394787000000,3.8327660622999997,0.55332658359999960000
4412,2.5819038880000010,2.5527299327999997,2.6110778432000000,0.05834791040000020000
4413,3.2838574565000007,2.8551544390999997,3.7125604739000000,0.85740603480000030000
4415,3.5828678235000010,3.2911049529000000,3.8746306941000000,0.58352574119999990000
4418,3.3251386160000003,2.8096288624000000,3.8406483696000000,1.03101950720000000000
4419,3.4809723709999987,3.2737777194000000,3.6881670226000005,0.41438930320000056000
4420,2.4008106735000000,2.2975752041000000,2.5040461429000005,0.20647093880000034000
4421,2.8035423390000000,2.7391784745999996,2.8679062034000005,0.12872772880000083000
4422,2.4342283190000003,2.2742321914000003,2.5942244466000000,0.31999225519999985000
4423,3.1886866529999995,3.0330145141999996,3.3443587917999995,0.31134427759999994000
4424,2.9840155664999997,2.8963237930999997,3.0717073398999997,0.17538354680000000000
4425,2.8622801945000007,2.7272934723000004,2.9972669167000006,0.26997344440000015000
4426,2.2993465705000010,2.1961811423000000,2.4025119987000000,0.20633085640000015000
4427,2.5166228284999990,2.5086283599000000,2.5246172971000000,0.01598893719999994200
4429,3.1209697139999997,2.9204511995999995,3.3214882284000002,0.40103702880000070000
4430,2.5850800274999997,2.5138500164999997,2.6563100384999996,0.14246002199999985000
4431,3.3837766329999988,3.1496964862000000,3.6178567798000000,0.46816029360000000000
4433,2.7024121070000000,2.6355924642000000,2.7692317498000000,0.13363928559999970000
4434,3.2127881085000000,3.0155501519000000,3.4100260651000003,0.39447591320000040000
4435,3.2224387589999990,3.1092890626000003,3.3355884554000000,0.22629939279999967000
4436,2.0155682694999997,1.8617909616999997,2.1693455773000000,0.30755461560000040000
4437,2.1389653290000010,1.9941391973999998,2.2837914606000000,0.28965226320000004000
4439,3.0019813055000000,2.8563562277000000,3.1476063833000000,0.29125015559999980000
4440,2.9671917660000000,2.7945220724000000,3.1398614596000000,0.34533938720000010000
4441,2.9543363710000000,2.8725297194000000,3.0361430225999997,0.16361330319999956000
4442,2.6935682400000000,2.6477393440000000,2.7393971360000000,0.09165779199999990000
4443,2.4317427225000000,2.3914152335000000,2.4720702114999997,0.08065497799999966000
4444,2.2556582270000000,2.2037869362000000,2.3075295178000004,0.10374258160000016000
4446,2.8143236044999997,2.3991894463000000,3.2294577626999996,0.83026831639999980000
4449,3.0197723460000003,2.8016028844000000,3.2379418076000004,0.43633892320000056000
4450,3.0387480445000000,2.9347232622999995,3.1427728267000000,0.20804956440000044000
4452,2.7740334019999997,2.6574687627999998,2.8905980412000000,0.23312927840000030000
4453,3.5369683895000010,3.2801001453000005,3.7938366337000002,0.51373648839999970000
4454,3.2762009695000000,3.0337625572999998,3.5186393817000000,0.48487682440000013000
4455,2.5092582644999997,2.3866953587000000,2.6318211703000000,0.24512581159999990000
4457,3.4834301680000000,3.1830738351999996,3.7837865008000000,0.60071266560000010000
4458,2.7196151415000000,2.6981799981000000,2.7410502849000000,0.04287028679999993500
4459,3.6242630364999977,3.3211790511000006,3.9273470219000000,0.60616797079999960000
4460,3.6089372505000004,3.2581733507000000,3.9597011503000000,0.70152779960000000000
4461,3.3379626120000000,3.1071040568000000,3.5688211672000000,0.46171711039999996000
4462,2.3517652805000000,2.2713983683000000,2.4321321927000000,0.16073382440000028000
4464,3.3813919930000003,3.0473067902000004,3.7154771958000000,0.66817040559999970000
4465,2.1446791745000002,1.9582231046999998,2.3311352443000000,0.37291213960000014000
4466,2.2374297180000005,2.1650750307999997,2.3097844052000000,0.14470937440000010000
4467,2.7539132115000005,2.7014303268999997,2.8063960961000000,0.10496576920000011000
4468,2.9630043610000003,2.8559153054000000,3.0700934166000002,0.21417811120000030000
4469,3.1438326414999995,2.9942460981000000,3.2934191849000003,0.29917308680000020000
4470,2.5209450179999995,2.5127106107999997,2.5291794252000000,0.01646881440000047500
4472,2.7825327005000000,2.7045237807000000,2.8605416203000000,0.15601783959999960000
4473,2.8941431805000004,2.6746444527000000,3.1136419083000000,0.43899745560000003000
4475,2.8548040575000000,2.8239588345000000,2.8856492805000000,0.06169044600000006500
4477,2.8651213195000000,2.7089398473000000,3.0213027917000000,0.31236294440000023000
4479,3.6451622069999976,3.3480326897999997,3.9422917242000000,0.59425903440000030000
4482,2.4183473795000000,2.3885287313000000,2.4481660277000000,0.05963729640000004000
4484,2.6476338105000010,2.5777426863000000,2.7175249347000000,0.13978224839999998000
4485,2.1929106374999994,2.0717975825000003,2.3140236924999997,0.24222610999999938000
4486,2.8300881025000000,2.7470033435000000,2.9131728614999997,0.16616951799999980000
4488,3.0252094899999986,2.9440556860000000,3.1063632940000003,0.16230760800000033000
4489,3.3865878700000010,3.0669474180000000,3.7062283219999994,0.63928090399999960000
4490,2.6233526420000004,2.6057479852000000,2.6409572988000000,0.03520931360000023600
4491,2.6631295820000003,2.6572866148000003,2.6689725492000003,0.01168593439999998700
4492,3.1098925555000000,2.9307071777000000,3.2890779333000000,0.35837075560000020000
4495,2.2882987814999995,2.2330208689000000,2.3435766941000000,0.11055582519999962000
4496,3.6052554330000000,3.2990232062000002,3.9114876597999997,0.61246445359999950000
4497,2.1730527650000000,2.0613976590000000,2.2847078710000000,0.22331021200000034000
4498,3.2635772839999997,2.9151477976000000,3.6120067703999994,0.69685897279999940000
4501,2.1139810905000000,1.8685638542999998,2.3593983267000000,0.49083447240000020000
4502,3.2837716119999993,3.0327738568000000,3.5347693671999996,0.50199551039999960000
4503,3.1007537435000008,2.7206828409000003,3.4808246461000000,0.76014180519999950000
4505,2.9766539775000000,2.9105151685000000,3.0427927864999997,0.13227761799999982000
4506,3.0644617914999994,3.0121385081000000,3.1167850748999997,0.10464656679999962000
4507,2.8161854319999997,2.6610052048000000,2.9713656592000000,0.31036045440000004000
4509,3.0892460079999995,2.9358984112000000,3.2425936048000000,0.30669519359999997000
4511,3.4051377179999990,3.0781732052000000,3.7321022308000000,0.65392902559999970000
4512,2.7298583065000000,2.4161100291000004,3.0436065838999995,0.62749655479999910000
4513,3.2515978040000000,3.1257097255999997,3.3774858824000002,0.25177615680000054000
4514,3.1375067010000004,2.8740041814000000,3.4010092206000000,0.52700503920000010000
4515,2.9205261600000005,2.8033410240000000,3.0377112960000000,0.23437027200000005000
4516,3.2215379905000000,2.8548227867000002,3.5882531943000000,0.73343040759999980000
4517,2.7998678925000000,2.6635878495000000,2.9361479355000000,0.27256008600000037000
4518,2.3390407355000000,2.2260904413000002,2.4519910297000000,0.22590058839999960000
4519,2.8270226410000000,2.7905544974000005,2.8634907845999997,0.07293628719999923000
4520,2.4885492995000000,2.4462947796999996,2.5308038193000000,0.08450903960000034000
4521,3.5406647055000010,3.2850285877000000,3.7963008232999997,0.51127223559999990000
4522,2.6947857924999990,2.6503109094999995,2.7392606754999997,0.08894976600000026000
4524,2.5679513090000000,2.5149827854000000,2.6209198326000003,0.10593704720000030000
4525,2.8687182835000000,2.7695795969000000,2.9678569700999997,0.19827737319999983000
4526,3.0704572830000000,2.9701453962000004,3.1707691698000002,0.20062377359999983000
4527,2.8538579325000000,2.7479511055000000,2.9597647595000000,0.21181365400000018000
4528,3.1163787370000002,2.9904214317999998,3.2423360422000000,0.25191461040000007000
4529,2.8361198489999992,2.7665405886000000,2.9056991094000000,0.13915852080000013000
4530,2.4178594985000000,2.4037200990999996,2.4319988979000000,0.02827879880000017000
4532,3.0606593854999997,2.9109927397000000,3.2103260313000006,0.29933329160000044000
4533,2.8470941324999997,2.7014969855000004,2.9926912795000000,0.29119429399999940000
4534,3.4094276124999990,3.1562790574999995,3.6625761674999997,0.50629711000000020000
4535,2.9115239214999997,2.8256618901000000,2.9973859528999998,0.17172406279999963000
4536,2.3516983309999997,2.3362213986000000,2.3671752634000000,0.03095386479999984200
4541,2.5751604999999995,2.5073483000000000,2.6429726999999996,0.13562439999999976000
4542,3.0483842965000005,2.9810496151000000,3.1157189779000003,0.13466936280000041000
4543,2.3337450970000000,2.2105890581999996,2.4569011358000000,0.24631207760000030000
4544,2.9122667749999995,2.8526058850000005,2.9719276650000000,0.11932177999999949000
4546,3.1504540209999994,2.9163920294000003,3.3845160126000002,0.46812398319999990000
4548,3.2141252840000000,3.0298985975999995,3.3983519704000000,0.36845337280000034000
4549,2.4187814380000000,2.2561048628000004,2.5814580132000002,0.32535315039999980000
4550,3.3565309484999980,3.0961069278999998,3.6169549690999996,0.52084804119999980000
4551,2.5393230785000003,2.4716226471000000,2.6070235099000003,0.13540086280000052000
4553,3.1347286920000000,3.0289113688000000,3.2405460152000000,0.21163464640000030000
4554,2.8361713689999983,2.5831951166000000,3.0891476214000000,0.50595250480000020000
4555,2.4184014329999997,2.4071696061999996,2.4296332597999997,0.02246365360000002200
4557,2.9272131795000000,2.8590556513000003,2.9953707077000002,0.13631505639999997000
4559,2.7497817049999997,2.5821363870000000,2.9174270230000000,0.33529063600000030000
4560,2.7736466245000000,2.7123784743000000,2.8349147747000000,0.12253630040000019000
4561,3.0756768969999997,2.9594264557999996,3.1919273382000000,0.23250088240000055000
4562,3.4278741549999996,3.1865494170000000,3.6691988930000003,0.48264947600000020000
4563,3.2851558665000000,3.0512662131000003,3.5190455199000000,0.46777930679999980000
4565,2.2489922520000000,2.0282845512000000,2.4696999527999997,0.44141540159999960000
4566,2.1204693409999997,1.8434264045999997,2.3975122774000000,0.55408587280000040000
4569,3.2848775450000005,2.9786197630000000,3.5911353270000000,0.61251556399999970000
4570,2.0975305100000003,2.0276947060000000,2.1673663140000000,0.13967160800000000000
4572,3.4448861420000005,3.0625029988000000,3.8272692852000000,0.76476628640000000000
4573,3.5279331535000003,3.2296420148999996,3.8262242921000000,0.59658227720000050000
4574,2.9238504100000005,2.7197189740000000,3.1279818460000000,0.40826287199999990000
4575,2.7262789809999997,2.7212857734000000,2.7312721885999998,0.00998641519999976500
4576,2.1598379530000020,2.0465247718000000,2.2731511342000000,0.22662636239999978000
4578,2.9933909250000000,2.7897032950000000,3.1970785550000000,0.40737526000000024000
4580,3.6238203930000004,3.3506553502000003,3.8969854358000005,0.54633008560000020000
4581,2.2636760505000004,2.1231008303000000,2.4042512707000000,0.28115044040000026000
4582,2.8909992394999997,2.7811545353000002,3.0008439437000005,0.21968940840000029000
4584,2.1278544590000000,1.9576670754000000,2.2980418426000000,0.34037476719999993000
4585,2.8542137425000003,2.7920432395000000,2.9163842455000000,0.12434100600000031000
4586,2.4914547810000000,2.3612732685999998,2.6216362934000000,0.26036302480000020000
4587,3.1997791409999987,2.9966391974000000,3.4029190845999993,0.40627988719999930000
4588,2.7474118329999997,2.7060529661999997,2.7887706997999997,0.08271773360000001000
4589,2.3279284524999997,2.3258810715000000,2.3299758335000000,0.00409476199999980750
4590,2.3896275044999995,2.3039485027000000,2.4753065063000000,0.17135800359999998000
4591,2.6202414820000000,2.5311844891999997,2.7092984747999997,0.17811398560000002000
4592,2.6062511245000000,2.5082902747000000,2.7042119743000000,0.19592169959999994000
4593,2.7523301315000004,2.7346281840999995,2.7700320789000000,0.03540389480000039000
4594,3.0156409200000005,2.8174512879999996,3.2138305520000000,0.39637926400000056000
4595,2.6219643800000005,2.5759337319999998,2.6679950280000004,0.09206129600000068000
4600,3.0843100130000000,3.0587944182000000,3.1098256078000004,0.05103118960000019000
4602,3.3320418800000000,3.1366778319999997,3.5274059280000000,0.39072809600000014000
4603,3.3997903174999995,3.1077364445000000,3.6918441905000000,0.58410774599999990000
4604,2.4200178239999994,2.2385230944000000,2.6015125536000000,0.36298945920000003000
4605,2.4740704984999997,2.2947842991000000,2.6533566979000000,0.35857239880000025000
4607,3.6129520170000000,3.3326308238000000,3.8932732101999994,0.56064238639999920000
4609,3.3390343540000007,2.9252376956000000,3.7528310124000000,0.82759331680000030000
4610,2.2110393895000000,2.1839703452999997,2.2381084337000000,0.05413808840000023000
4611,3.5115415804999990,3.1827562126999998,3.8403269482999995,0.65757073559999980000
4612,3.2282622714999993,2.8607371801000000,3.5957873629000000,0.73505018279999980000
4613,3.0266126600000000,2.9643669239999997,3.0888583960000005,0.12449147200000077000
4614,2.8360350165000000,2.7338278231000004,2.9382422099000003,0.20441438679999990000
4615,3.0029449704999998,2.8319233587000000,3.1739665823000003,0.34204322360000017000
4616,2.2329335535000000,2.1511737320999997,2.3146933749000000,0.16351964280000030000
4617,3.5333734330000000,3.2563500062000004,3.8103968598000000,0.55404685359999960000
4618,2.7019317629999997,2.6929692682000000,2.7108942578000000,0.01792498959999999600
4621,2.9040069389999994,2.8999969633999996,2.9080169145999997,0.00801995120000009700
4622,2.8141995475000003,2.7489421664999996,2.8794569285000000,0.13051476200000023000
4623,2.7214816775000000,2.5425163485000000,2.9004470065000000,0.35793065799999990000
4624,3.0980278730000000,2.8755670222000003,3.3204887238000005,0.44492170160000020000
4625,3.4938103730000014,3.2275457222000000,3.7600750238000002,0.53252930160000030000
4626,3.6159350555000000,3.3476494777000000,3.8842206333000000,0.53657115559999990000
4627,2.2288278050000000,2.0286230830000000,2.4290325270000000,0.40040944400000010000
4629,2.5914287645000000,2.5687406703000000,2.6141168586999997,0.04537618839999968400
4630,3.1193923290000000,2.9772680606000000,3.2615165974000000,0.28424853679999984000
4631,3.3927272645000000,3.0521729702999996,3.7332815586999994,0.68110858839999990000
4633,3.3163094190000000,2.9507047866000000,3.6819140514000000,0.73120926480000040000
4634,3.1321441830000000,3.0577998562000000,3.2064885097999998,0.14868865359999983000
4637,2.7199950504999997,2.6466938302999994,2.7932962707000000,0.14660244040000060000
4639,3.3288035095000000,3.1128925133000003,3.5447145057000000,0.43182199239999974000
4640,3.2527838635000004,2.7698930089000000,3.7356747181000000,0.96578170919999980000
4641,3.0082461400000007,2.8972177960000000,3.1192744840000000,0.22205668799999990000
4644,2.6155321070000000,2.5891317498000000,2.6419324642000004,0.05280071440000045000
4647,2.7688309760000000,2.7259525664000000,2.8117093855999995,0.08575681919999933000
4648,2.6644056650000003,2.6152799310000000,2.7135313990000000,0.09825146799999995000
4649,2.9526698300000014,2.8627445620000005,3.0425950980000000,0.17985053599999956000
4650,2.5386879930000000,2.4294571902000000,2.6479187958000000,0.21846160559999994000
4651,3.0742410970000007,2.8316903358000003,3.3167918581999998,0.48510152239999950000
4653,2.7645151245000000,2.7591391742999996,2.7698910747000003,0.01075190040000073600
4655,2.9722243090000000,2.9215929854000002,3.0228556326000002,0.10126264720000000000
4656,2.9633851620000000,2.8565140267999998,3.0702562972000000,0.21374227040000005000
4659,3.1116899545000000,2.9264095363000000,3.2969703727000000,0.37056083640000015000
4662,2.5405427785000003,2.5174490898999995,2.5636364671000003,0.04618737720000077000
4663,2.8032654100000000,2.5990603740000000,3.0074704459999997,0.40841007199999970000
4664,2.4421053759999998,2.3378148256000000,2.5463959264000000,0.20858110079999959000
4665,3.0935231075000000,3.0361283505000000,3.1509178644999998,0.11478951399999993000
4667,3.4494631289999997,3.2117943805999998,3.6871318774000000,0.47533749680000037000
4669,2.5338492595000010,2.4981975557000000,2.5695009633000000,0.07130340759999987000
4670,3.3456314850000000,2.8606344790000002,3.8306284910000006,0.96999401200000030000
4671,1.9844071165000006,1.8212994699000000,2.1475147631000000,0.32621529319999976000
4672,3.1770588404999995,2.7562707766999996,3.5978469042999994,0.84157612759999980000
4673,2.3286598195000010,2.0747238917000000,2.5825957473000000,0.50787185559999990000
4674,2.3577838425000004,2.3022771055000000,2.4132905795000000,0.11101347399999995000
4675,2.9299961030000006,2.8935789441999997,2.9664132618000000,0.07283431760000036000
4677,2.8544900584999997,2.7917656818999994,2.9172144350999996,0.12544875320000015000
4679,3.5444947479999990,3.2956734472000000,3.7933160488000000,0.49764260159999996000
4680,2.8729088994999990,2.8243848593000003,2.9214329397000000,0.09704808039999957000
4681,2.6748123235000000,2.5798884529000000,2.7697361941000000,0.18984774119999992000
4683,2.5588071435000006,2.4890836009000000,2.6285306861000000,0.13944708520000004000
4685,2.6310032030000000,2.6217532842000004,2.6402531218000003,0.01849983759999984700
4686,2.6395886365000000,2.5683728911000000,2.7108043819000000,0.14243149079999995000
4687,3.1746181970000000,2.9109958758000000,3.4382405181999998,0.52724464239999990000
4688,2.6166234330000000,2.5290136598000000,2.7042332062000000,0.17521954640000015000
4690,2.6494740075000000,2.6151900045000000,2.6837580105000000,0.06856800600000001000
4691,2.7331493020000000,2.4832062228000003,2.9830923812000005,0.49988615840000030000
4692,2.7304989020000017,2.5911020628000000,2.8698957411999997,0.27879367839999960000
4693,2.9577282570000000,2.9307443598000000,2.9847121542000004,0.05396779440000054600
4694,3.1147040959999996,3.0143237344000000,3.2150844575999997,0.20076072319999970000
4696,2.3871264750000000,2.3766546849999997,2.3975982649999996,0.02094357999999996000
4697,2.6192317089999997,2.5716826254000000,2.6667807926000000,0.09509816720000020000
4698,2.3791121350000000,2.2543640810000000,2.5038601890000000,0.24949610800000022000
4699,2.9737870944999996,2.8395571323000000,3.1080170567000005,0.26845992440000055000
4701,2.6438181645000003,2.5330768987000000,2.7545594303000000,0.22148253159999998000
4703,3.2080723765000005,3.0522457271000003,3.3638990259000003,0.31165329880000003000
4705,2.8096734965000003,2.6523000951000000,2.9670468978999995,0.31474680279999934000
4706,2.8992062350000003,2.7457315290000004,3.0526809409999998,0.30694941199999937000
4707,2.3870877115000004,2.1813818269000000,2.5927935961000004,0.41141176920000033000
4708,2.8032794060000000,2.6838851684000000,2.9226736436000000,0.23878847520000024000
4709,2.7972592229999997,2.6086001122000000,2.9859183338000004,0.37731822160000040000
4712,3.3022487205000000,2.8721918087000002,3.7323056323000000,0.86011382359999990000
4713,3.4702234285000007,3.1334027999000000,3.8070440570999993,0.67364125719999950000
4715,2.6449701410000004,2.5982016846000000,2.6917385974000000,0.09353691280000032000
4716,3.4371908204999997,3.0637327487000006,3.8106488922999997,0.74691614359999910000
4721,2.4402566539999997,2.3704785156000000,2.5100347924000000,0.13955627680000005000
4723,2.1032299930000000,1.8860919958000000,2.3203679902000000,0.43427599439999987000
4725,2.8191715924999996,2.7911678295000000,2.8471753554999997,0.05600752599999970000
4726,2.8643986585000003,2.8479687951000000,2.8808285219000003,0.03285972680000038000
4728,2.2238466900000002,2.0713884140000000,2.3763049660000000,0.30491655200000034000
4729,3.4749222760000000,3.2182539864000000,3.7315905656000000,0.51333657919999980000
4730,2.1879616650000004,1.9391433990000002,2.4367799310000000,0.49763653199999960000
4733,2.8732127494999995,2.8137280497000000,2.9326974493000000,0.11896939960000008000
4734,2.0479285824999990,1.8985431495000000,2.1973140155000000,0.29877086599999990000
4735,2.8038634835000003,2.7048292769000000,2.9028976900999997,0.19806841319999968000
4737,3.0410044905000000,2.9789210866999998,3.1030878942999998,0.12416680759999998000
4739,2.8450900869999995,2.7921821218000002,2.8979980522000000,0.10581593039999992000
4740,2.7813327265000005,2.6860382171000000,2.8766272359000005,0.19058901880000034000
4741,3.2934530420000010,3.0017094587999997,3.5851966252000000,0.58348716640000030000
4742,3.5467817315000000,3.1705628241000000,3.9230006389000000,0.75243781479999990000
4743,3.6779561765000004,3.3839294471000000,3.9719829059000000,0.58805345880000020000
4744,3.0641014650000000,2.9421168510000000,3.1860860790000003,0.24396922800000010000
4745,2.7524517595000010,2.6119696633000000,2.8929338557000000,0.28096419239999990000
4746,3.1095580825000000,2.9996677154999998,3.2194484495000000,0.21978073400000042000
4747,2.8940816679999997,2.8598571352000000,2.9283062008000003,0.06844906560000030000
4748,2.3159441609999996,2.2372246253999997,2.3946636966000000,0.15743907120000022000
4749,2.7416256445000005,2.6266463023000000,2.8566049867000000,0.22995868439999967000
4751,2.7021606440000006,2.5921297016000000,2.8121915864000000,0.22006188480000022000
4753,3.3064478900000007,3.0351814460000000,3.5777143340000000,0.54253288799999980000
4754,3.5653140285000000,3.2303992398999997,3.9002288171000000,0.66982957720000020000
4756,3.5255086194999996,3.2735812673000000,3.7774359716999997,0.50385470439999970000
4757,2.9367928395000000,2.7916867753000000,3.0818989037000000,0.29021212839999990000
4758,2.7399121899999996,2.7212689140000000,2.7585554660000000,0.03728655199999986000
4759,2.0780457579999996,1.7864886548000000,2.3696028612000000,0.58311420640000010000
4761,1.9828953685000001,1.7064408211000000,2.2593499158999997,0.55290909479999970000
4763,2.7156747540000000,2.6985048524000000,2.7328446556000000,0.03433980319999996000
4765,2.3665823405000000,2.3550662043000000,2.3780984767000000,0.02303227240000005300
4767,2.9049505240000000,2.7621507336000004,3.0477503144000000,0.28559958079999960000
4768,2.9012352295000006,2.8387825213000000,2.9636879377000000,0.12490541639999986000
4769,3.2144646775000000,2.9585525485000006,3.4703768064999996,0.51182425799999900000
4771,2.8908619680000000,2.7523959551999995,3.0293279807999998,0.27693202560000030000
4772,2.6118901770000003,2.5387742478000000,2.6850061062000000,0.14623185839999975000
4773,2.6881516500000010,2.6650553900000000,2.7112479099999995,0.04619251999999951500
4774,3.0490016455000006,3.0014299037000000,3.0965733873000000,0.09514348359999980000
4775,2.6035618035000000,2.5806090821000005,2.6265145249000000,0.04590544279999964000
4776,2.7509827819999995,2.6840986948000000,2.8178668692000004,0.13376817440000055000
4777,3.2863365830000000,2.9167836162000005,3.6558895498000004,0.73910593359999990000
4778,2.0258363995000000,1.7073218396999998,2.3443509593000000,0.63702911960000000000
4779,3.1616188709999995,2.9957444194000000,3.3274933226000000,0.33174890320000030000
4782,2.3648156035000000,2.3440917621000000,2.3855394449000000,0.04144768279999988500
4785,2.7955584905000000,2.7676630942999996,2.8234538867000003,0.05579079240000073000
4787,3.2118865815000004,2.8948408141000006,3.5289323489000000,0.63409153479999960000
4788,2.6834317825000000,2.6157490695000000,2.7511144954999995,0.13536542599999946000
4789,2.2999504875000000,2.2040950925000002,2.3958058825000000,0.19171078999999970000
4790,3.4219935479999990,3.1441537671999997,3.6998333288000005,0.55567956160000080000
4791,3.5243036089999980,3.2615598525999996,3.7870473654000000,0.52548751280000030000
4792,3.1097958255000000,3.0292405557000000,3.1903510953000000,0.16111053960000010000
4793,2.3381216780000003,2.1341722068000000,2.5420711492000000,0.40789894239999970000
4794,2.9093342200000000,2.8991439080000005,2.9195245320000005,0.02038062399999996000
4795,3.2825136145000022,3.0029486603000000,3.5620785687000000,0.55912990840000010000
4796,1.9125889390000002,1.7182961634000000,2.1068817146000000,0.38858555120000005000
4798,2.7517318660000005,2.6795426124000000,2.8239211196000000,0.14437850719999990000
4800,2.7134058365000002,2.5980865711000000,2.8287251019000000,0.23063853079999985000
4801,2.7427878904999994,2.7010826467000000,2.7844931342999995,0.08341048759999925000
4802,3.0335221370000000,2.8277093918000005,3.2393348821999997,0.41162549039999920000
4803,2.7655667569999998,2.6201950597999994,2.9109384541999996,0.29074339440000020000
4805,3.3637148025000000,3.0611899234999997,3.6662396815000005,0.60504975800000070000
4806,2.2153216810000000,2.1285843533999995,2.3020590085999997,0.17347465520000016000
4807,2.3320644780000000,2.2788418868000004,2.3852870692000000,0.10644518239999945000
4808,3.5895876825000000,3.2428775555000000,3.9362978094999990,0.69342025399999940000
4809,2.7167497065000004,2.6888998239000000,2.7445995890999995,0.05569976519999953000
4810,3.2052756125000004,3.0954294575000000,3.3151217675000000,0.21969231000000010000
4811,3.1626749225000000,3.0736552914999997,3.2516945535000000,0.17803926200000042000
4813,2.4019139524999997,2.3922799715000003,2.4115479335000005,0.01926796200000025000
4814,2.5983018360000000,2.5858589703999995,2.6107447016000000,0.02488573120000037000
4815,2.9512137675000000,2.8532140745000003,3.0492134605000003,0.19599938600000000000
4816,2.7556778850000000,2.6929734390000006,2.8183823310000005,0.12540889199999983000
4817,2.1987432599999990,2.0595223560000000,2.3379641640000000,0.27844180800000020000
4818,2.2510471150000004,2.1647746690000000,2.3373195610000000,0.17254489200000034000
4819,2.6517787860000000,2.6210812715999996,2.6824763004000000,0.06139502880000025000
4821,3.0396910365000003,2.9441610511000000,3.1352210219000000,0.19105997080000003000
4823,2.0856110804999990,1.9220938482999999,2.2491283127000000,0.32703446440000006000
4824,3.4381679485000000,3.1044875279000000,3.7718483691000000,0.66736084120000030000
4826,3.2904438210000000,3.0418529494000000,3.5390346926000000,0.49718174320000010000
4827,3.0597872110000000,2.8594648954000004,3.2601095266000000,0.40064463119999960000
4828,2.4763860829999995,2.3700260498000000,2.5827461161999996,0.21272006639999974000
4830,2.5849138815000000,2.5168030341000000,2.6530247288999997,0.13622169479999968000
4831,3.1488778850000005,2.8769590390000004,3.4207967310000003,0.54383769199999990000
4832,3.6021421389999992,3.3161137945999997,3.8881704833999997,0.57205668880000000000
4834,2.1590113220000010,2.0472471932000000,2.2707754508000000,0.22352825759999995000
4836,2.6302339784999993,2.4782935870999996,2.7821743699000000,0.30388078280000030000
4837,2.7561217790000003,2.6647124906000000,2.8475310674000003,0.18281857680000035000
4838,2.6530127180000003,2.5839142052000000,2.7221112308000000,0.13819702559999980000
4839,2.1656340770000000,2.0607852462000000,2.2704829078000000,0.20969766159999992000
4841,2.4609076514999980,2.4280439121000000,2.4937713909000000,0.06572747879999996000
4843,2.1067248220000000,2.0074780932000000,2.2059715507999997,0.19849345759999970000
4844,3.5065121600000007,3.1419874240000003,3.8710368960000000,0.72904947199999980000
4845,3.2282642459999993,3.0413987444000004,3.4151297476000000,0.37373100319999963000
4847,2.5966830914999997,2.5283827281000000,2.6649834549000000,0.13660072680000024000
4848,2.4967564620000005,2.4901694468000000,2.5033434771999996,0.01317403039999964800
4849,3.0803636074999994,2.9878097645000000,3.1729174505000004,0.18510768600000027000
4850,2.5673427910000006,2.4994452745999998,2.6352403074000000,0.13579503280000038000
4851,2.7842561349999997,2.6960093889999994,2.8725028810000000,0.17649349200000053000
4852,2.9974533674999995,2.9623491145000003,3.0325576205000000,0.07020850599999973000
4854,2.9752747960000003,2.7501543144000000,3.2003952776000000,0.45024096320000020000
4855,2.7079958920000005,2.6874134487999997,2.7285783352000000,0.04116488640000027000
4856,2.9784150075000000,2.9326210105000000,3.0242090045000003,0.09158799400000017000
4857,3.0015004579999998,2.8287178412000005,3.1742830748000000,0.34556523359999947000
4858,2.5904008730000000,2.5307497238000000,2.6500520222000000,0.11930229840000006000
4859,2.2731533905000000,2.1370168343000002,2.4092899467000000,0.27227311239999974000
4861,2.7592454850000000,2.7298888790000000,2.7886020910000000,0.05871321199999979000
4862,3.3384815270000000,3.0186989378000004,3.6582641162000002,0.63956517839999980000
4863,2.7370860885000000,2.7115696531000000,2.7626025239000000,0.05103287079999985000
4864,2.3319198219999993,2.3226105508000000,2.3412290932000000,0.01861854240000005000
4865,2.5689431130000000,2.3982223582000000,2.7396638678000000,0.34144150960000010000
4867,3.6140655375000006,3.3470033525000000,3.8811277225000005,0.53412437000000070000
4868,3.6026091120000000,3.2368167568000000,3.9684014671999996,0.73158471039999950000
4869,2.8883803944999990,2.8309281523000003,2.9458326367000000,0.11490448439999978000
4871,3.1982891175000003,2.8569367645000000,3.5396414705000000,0.68270470600000000000
4873,3.4954660885000006,3.2190785239000004,3.7718536531000000,0.55277512919999960000
4874,2.5516943780000000,2.5478877292000000,2.5555010268000000,0.00761329759999984650
4877,2.9849108845000000,2.7522216383000000,3.2176001307000000,0.46537849240000020000
4878,2.1286666290000000,2.0434579774000000,2.2138752806000000,0.17041730319999981000
4879,3.3538992750000010,3.1388833850000000,3.5689151650000004,0.43003178000000020000
4880,3.6672479450000006,3.3731067230000000,3.9613891669999997,0.58828244399999980000
4883,3.1605572640000000,3.0509477696000000,3.2701667584000003,0.21921898880000024000
4885,2.2106429120000000,2.0793625472000000,2.3419232768000002,0.26256072960000010000
4886,3.3467257505000010,2.9431700507000000,3.7502814503000000,0.80711139960000010000
4889,2.5004312070000000,2.2367168898000000,2.7641455242000000,0.52742863440000010000
4890,2.9866872575000000,2.9238213605000000,3.0495531545000000,0.12573179400000000000
4891,2.6738284205000010,2.5204129887000000,2.8272438523000000,0.30683086360000010000
4892,2.8241530075000005,2.7782078105000000,2.8700982045000000,0.09189039399999999000
4894,2.4233391734999996,2.3939215041000000,2.4527568428999995,0.05883533879999936000
4895,2.9171317135000000,2.7381147989000000,3.0961486281000000,0.35803382920000004000
4896,3.0370136924999995,2.9321643695000000,3.1418630155000000,0.20969864599999966000
4898,3.2703401194999997,2.8804557673000000,3.6602244717000003,0.77976870440000030000
4901,2.6686209025000003,2.6358144634999996,2.7014273415000000,0.06561287800000049000
4902,2.2331623185000000,2.1785025911000004,2.2878220459000000,0.10931945479999960000
4905,2.7413035605000005,2.5985125847000000,2.8840945363000000,0.28558195160000020000
4907,3.6266684829999990,3.3221414761999997,3.9311954898000000,0.60905401360000020000
4908,3.6108110754999996,3.3146451057000004,3.9069770452999997,0.59233193959999930000
4909,3.5795284850000010,3.3593698789999995,3.7996870909999996,0.44031721200000007000
4911,2.3238582825000003,2.1299977695000000,2.5177187955000000,0.38772102599999990000
4913,2.7875741440000006,2.7187990016000003,2.8563492864000000,0.13755028479999964000
4915,2.8225994705000000,2.6723264587000000,2.9728724822999997,0.30054602359999950000
4916,2.8464499174999998,2.6902190845000002,3.0026807504999997,0.31246166599999947000
4917,2.3833575470000006,2.2132233282000002,2.5534917658000000,0.34026843759999980000
4919,3.2138997124999986,2.7411875974999997,3.6866118274999997,0.94542423000000000000
4920,2.4929639520000010,2.4466583712000003,2.5392695328000000,0.09261116159999983000
4922,2.6150660775000003,2.6093221085000007,2.6208100465000000,0.01148793799999925400
4923,2.1535419930000000,1.9660307957999998,2.3410531902000000,0.37502239439999996000
4924,2.9463250865000004,2.7188363211000000,3.1738138519000000,0.45497753079999990000
4925,3.2370845979999996,2.9513612372000000,3.5228079588000000,0.57144672160000010000
4926,2.5935494350000003,2.5618196610000000,2.6252792090000003,0.06345954800000042000
4927,3.0688571645000002,2.7379820302999995,3.3997322986999996,0.66175026840000010000
4932,3.3446192179999987,3.0092193052000000,3.6800191307999994,0.67079982559999960000
4935,3.4823473485000000,3.0543082878999996,3.9103864090999996,0.85607812119999990000
4936,2.8795608104999997,2.6644759347000000,3.0946456863000000,0.43016975159999980000
4939,3.4835964940000000,3.2213130916000000,3.7458798964000000,0.52456680480000010000
4940,3.0232098970000005,2.7365386558000000,3.3098811382000000,0.57334248240000020000
4941,2.5764152190000000,2.4743447314000000,2.6784857065999996,0.20414097519999963000
4942,3.1176057134999997,2.9081135989000000,3.3270978281000000,0.41898422919999990000
4943,2.2498450140000004,2.1353502084000002,2.3643398196000000,0.22898961119999983000
4944,3.0390627504999994,2.9390894507000000,3.1390360503000000,0.19994659960000005000
4946,2.6210669280000003,2.6035437567999997,2.6385900992000000,0.03504634240000026000
4948,3.1935095315000000,3.0620817441000003,3.3249373189000004,0.26285557480000010000
4949,2.4929265600000000,2.4547955360000002,2.5310575840000000,0.07626204799999980000
4952,2.3981326300000005,2.3548891779999996,2.4413760819999997,0.08648690400000003000
4953,2.4868418140000004,2.4597702884000000,2.5139133396000000,0.05414305120000007000
4954,2.7837051784999995,2.6866124499000000,2.8807979071000000,0.19418545719999970000
4955,2.5342515664999996,2.4735553399000000,2.5949477931000002,0.12139245320000036000
4957,2.4973728175000005,2.3958240905000000,2.5989215445000000,0.20309745399999990000
4958,2.5661706180000000,2.5146667708000000,2.6176744652000004,0.10300769440000046000
4959,2.5772248785000005,2.5708565270999997,2.5835932299000000,0.01273670280000027700
4964,2.6067791725000000,2.5827012415000000,2.6308571035000000,0.04815586199999977000
4965,2.7830092370000000,2.7533095422000000,2.8127089318000005,0.05939938960000068500
4966,2.8883772540000000,2.7462205556000000,3.0305339524000000,0.28431339680000000000
4968,3.3679633085000003,3.0214202318999996,3.7145063851000000,0.69308615320000030000
4970,2.8417977214999994,2.8379690329000000,2.8456264101000000,0.00765737720000014800
4973,3.4005588165000000,3.0812287431000000,3.7198888898999996,0.63866014679999950000
4974,2.6950914055000004,2.6655620433000000,2.7246207677000003,0.05905872440000026000
4976,3.2473369924999997,2.9791433895000000,3.5155305955000000,0.53638720600000010000
4977,2.9631158145000000,2.8879029403000000,3.0383286887000000,0.15042574840000000000
4978,2.1582674149999990,1.9006916489999997,2.4158431809999996,0.51515153200000000000
4981,2.2942455894999996,2.2234381537000000,2.3650530253000000,0.14161487159999986000
4982,3.3263206970000008,3.0952381758000000,3.5574032182000000,0.46216504240000010000
4983,2.4770452205000004,2.3780547323000000,2.5760357087000000,0.19798097640000023000
4984,2.9407878029999996,2.8909413242000004,2.9906342818000002,0.09969295759999985000
4988,3.1552787514999996,3.0064318521000000,3.3041256508999997,0.29769379879999970000
4989,2.2671893164999997,2.0871615899000000,2.4472170431000000,0.36005545320000020000
4993,3.3300744585000000,3.1528814419000004,3.5072674751000000,0.35438603319999950000
4994,2.7991493124999995,2.7411407874999996,2.8571578375000000,0.11601705000000040000
4995,3.1509557755000000,3.0124864857000000,3.2894250653000000,0.27693857959999990000
4998,2.5522298260000000,2.4017013564000003,2.7027582956000002,0.30105693920000000000
4999,2.9986907305000000,2.9146962227000000,3.0826852383000000,0.16798901559999990000
5000,3.2337850580000005,2.8639506812000004,3.6036194347999997,0.73966875359999930000
5001,2.5172628810000000,2.4735404333999997,2.5609853285999997,0.08744489519999998000
5003,3.3660997610000005,3.1196160654000000,3.6125834566000000,0.49296739120000010000
5004,3.4232747595000000,3.1196902632999994,3.7268592557000000,0.60716899240000060000
5009,2.4384330220000000,2.1907574307999997,2.6861086131999996,0.49535118239999987000
5011,2.0297468200000000,1.8824868920000000,2.1770067480000000,0.29451985600000020000
5013,2.5753781550000006,2.5180734170000000,2.6326828930000000,0.11460947600000004000
5014,2.9714037090000000,2.8468731926000000,3.0959342254000000,0.24906103280000025000
5015,2.7324980780000000,2.5579393092000005,2.9070568467999998,0.34911753759999930000
5016,2.7622446225000000,2.7021283735000000,2.8223608715000000,0.12023249800000002000
5018,2.3092157975000000,2.1049114785000000,2.5135201165000000,0.40860863800000000000
5019,3.2742408004999994,2.9905339207000003,3.5579476803000000,0.56741375959999950000
5021,2.6059052909999990,2.5642798074000000,2.6475307746000000,0.08325096719999969000
5026,3.1369136124999994,2.8442466575000000,3.4295805674999995,0.58533390999999970000
5029,3.2879100415000004,2.8881708580999996,3.6876492248999995,0.79947836679999980000
5030,3.4278787155000010,3.1582058017000000,3.6975516293000000,0.53934582760000000000
5031,3.0071821875000007,2.9663754625000003,3.0479889125000000,0.08161344999999987000
5032,3.2729593864999990,3.1391899410999997,3.4067288318999998,0.26753889080000004000
5034,2.8109303075000000,2.6984360305000000,2.9234245845000000,0.22498855400000028000
5035,2.5290404115000000,2.3826686468999996,2.6754121761000000,0.29274352920000046000
5038,2.4328525380000000,2.3794175228000000,2.4862875532000004,0.10687003040000054000
5041,2.8638639235000000,2.8604951541000000,2.8672326929000000,0.00673753879999994250
5042,3.0144555239999997,2.8699581336000000,3.1589529144000000,0.28899478079999996000
5043,2.4634417690000000,2.2803446614000000,2.6465388766000000,0.36619421520000020000
5044,3.0034745519999997,2.7247279728000002,3.2822211312000000,0.55749315839999980000
5045,3.1126820145000000,2.9417484203000000,3.2836156087000000,0.34186718839999974000
5046,3.2841794660000000,3.0434056523999997,3.5249532796000000,0.48154762720000030000
5047,2.8690648310000006,2.8493203634000004,2.8888092986000005,0.03948893520000007500
5048,2.8683939040000004,2.7809362656000003,2.9558515424000000,0.17491527679999974000
5050,2.7877371460000000,2.5888508044000003,2.9866234875999997,0.39777268319999950000
5051,2.4430035765000000,2.3455473459000000,2.5404598071000000,0.19491246119999994000
5052,2.5595114719999996,2.5331480831999995,2.5858748607999997,0.05272677760000022000
5053,2.5808745484999998,2.5028339679000000,2.6589151291000004,0.15608116120000037000
5054,3.0599428404999998,2.8860927767000000,3.2337929043000004,0.34770012760000046000
5055,2.7800750080000003,2.7502550112000000,2.8098950048000000,0.05963999359999983000
5056,2.8607177354999993,2.7902216297000000,2.9312138412999995,0.14099221159999953000
5057,2.7366999364999995,2.6641027111000000,2.8092971619000000,0.14519445080000004000
5059,2.9858358989999996,2.8526718586000000,3.1189999394000000,0.26632808080000014000
5060,3.1054684580000003,3.0555086412000003,3.1554282747999998,0.09991963359999945000
5061,3.0314843850000000,2.9255881390000003,3.1373806310000005,0.21179249200000028000
5062,2.6890078540000000,2.6751569956000000,2.7028587124000000,0.02770171679999977600
5065,2.5189540955000000,2.4315952572999997,2.6063129337000004,0.17471767640000070000
5067,2.3795318589999990,2.2663243154000000,2.4927394026000000,0.22641508719999992000
5068,3.2515332830000000,2.9335297961999998,3.5695367697999996,0.63600697359999980000
5069,3.3267435514999995,3.0483161721000000,3.6051709309000000,0.55685475880000010000
5070,2.5114325685000005,2.5037143959000000,2.5191507411000000,0.01543634519999992300
5072,3.1168112275000000,2.6922333185000000,3.5413891365000008,0.84915581800000070000
5073,3.3092222309999997,3.0406027233999997,3.5778417386000000,0.53723901520000040000
5074,3.2850140814999990,2.9989749140999997,3.5710532488999998,0.57207833480000000000
5075,2.2980525045000000,2.2242015027000000,2.3719035063000002,0.14770200360000008000
5076,3.1808331795000004,2.9161416513000002,3.4455247077000000,0.52938305639999990000
5078,2.4902989804999995,2.3226213727000000,2.6579765883000000,0.33535521559999990000
5079,2.9193207355000004,2.8367430297000000,3.0018984413000000,0.16515541159999980000
5080,2.6306696824999998,2.6081051555000000,2.6532342095000003,0.04512905400000022400
5082,3.5555482379999988,3.1834287331999995,3.9276677427999993,0.74423900959999980000
5083,3.0714732055000000,2.9736264877000000,3.1693199233000000,0.19569343559999997000
5087,2.7626263965000000,2.7053562379000000,2.8198965551000000,0.11454031720000035000
5088,2.3823902785000000,2.3574969671000000,2.4072835899000000,0.04978662280000012400
5090,2.5284376800000000,2.4219102080000000,2.6349651520000000,0.21305494400000002000
5091,3.0104225905000000,2.9118964267000003,3.1089487542999996,0.19705232759999936000
5092,2.7946225004999996,2.5568155007000000,3.0324295002999997,0.47561399959999970000
5093,2.7874936220000000,2.7378118708000000,2.8371753732000000,0.09936350240000014000
5094,2.8261825435000003,2.7689123609000000,2.8834527261000000,0.11454036519999988000
5097,3.1952653910000000,2.9107647474000000,3.4797660346000000,0.56900128719999990000
5098,3.0034264699999990,2.9726710579999995,3.0341818820000000,0.06151082400000041000
5099,2.8987210150000027,2.8153030209999996,2.9821390090000000,0.16683598800000032000
5102,2.7637456114999990,2.7049094560999998,2.8225817669000004,0.11767231080000062000
5103,3.3765237220000017,3.1395424108000000,3.6135050332000005,0.47396262240000064000
5104,3.6355968670000003,3.3977072138000000,3.8734865202000000,0.47577930640000020000
5107,2.6970445665000000,2.5447779931000003,2.8493111398999997,0.30453314679999943000
5109,3.3002391090000000,3.1555151525999996,3.4449630653999996,0.28944791280000004000
5112,3.3363040969999997,2.9395069358000000,3.7331012582000000,0.79359432240000020000
5113,2.2242738290000000,2.1865078974000003,2.2620397606000000,0.07553186319999972000
5114,2.8077239655000000,2.6975875517000000,2.9178603793000004,0.22027282760000055000
5115,3.0596261080000002,2.7538245512000000,3.3654276648000003,0.61160311360000020000
5116,2.9414701740000004,2.7326742436000000,3.1502661044000000,0.41759186080000000000
5117,2.5308777310000000,2.5025770386000000,2.5591784234000000,0.05660138479999999000
5118,2.1117764785000000,2.0513030871000000,2.1722498699000004,0.12094678280000037000
5120,3.4708610800000000,3.2021311120000000,3.7395910480000000,0.53745993599999990000
5122,2.4799700200000000,2.4089604120000003,2.5509796280000000,0.14201921599999956000
5125,3.0186225550000000,2.8351679770000000,3.2020771330000004,0.36690915600000060000
5126,3.0613935640000003,2.8801937896000003,3.2425933384000003,0.36239954880000000000
5127,2.7577400384999993,2.7044860539000000,2.8109940230999997,0.10650796919999950000
5128,2.5732385190000002,2.4571343114000000,2.6893427266000005,0.23220841520000057000
5129,2.7810868614999995,2.7049920061000000,2.8571817169000000,0.15218971080000010000
5130,2.6362803260000000,2.6161544564000003,2.6564061956000002,0.04025173919999991400
5131,2.7151627750000000,2.5433906850000000,2.8869348650000000,0.34354418000000030000
5132,2.7931850629999997,2.7872970378000000,2.7990730882000000,0.01177605039999996000
5133,2.8999043330000000,2.8897232662000000,2.9100853998000002,0.02036213360000038700
5134,2.5508235080000000,2.5306377047999997,2.5710093111999996,0.04037160639999992600
5135,3.3786141460000000,3.0839030043999998,3.6733252876000000,0.58942228320000020000
5136,3.0818232670000000,2.9300877737999995,3.2335587601999998,0.30347098640000025000
5137,2.3465719215000000,2.3218342901000000,2.3713095528999997,0.04947526279999970000
5138,2.2224791134999995,2.1044754681000000,2.3404827589000003,0.23600729080000038000
5139,2.0618238080000000,1.7796806848000000,2.3439669312000000,0.56428624640000020000
5140,2.4625233864999996,2.2660856319000002,2.6589611411000000,0.39287550919999960000
5141,3.3163326480000004,2.9352917072000000,3.6973735887999997,0.76208188159999950000
5142,2.3711370035000003,2.3208766021000002,2.4213974049000000,0.10052080279999975000
5143,3.3099839624999990,3.1028243475000000,3.5171435775000000,0.41431923000000026000
5144,2.9938223405000010,2.9372056766999997,3.0504390043000003,0.11323332760000060000
5145,2.6139620205000000,2.5046644123000000,2.7232596286999997,0.21859521639999980000
5146,3.1397572960000000,2.9343646144000000,3.3451499776000000,0.41078536320000003000
5147,2.4712805425000000,2.2922439255000002,2.6503171594999997,0.35807323399999946000
5148,2.8226046650000010,2.8147145310000004,2.8304947990000000,0.01578026799999943000
5149,2.2184399350000000,2.0887935610000000,2.3480863090000000,0.25929274800000000000
5150,2.8241119665000007,2.7896035531000000,2.8586203798999996,0.06901682679999954000
5151,2.7444048689999990,2.6733453214000000,2.8154644166000000,0.14211909520000000000
5153,2.4287231189999994,2.2708650714000000,2.5865811666000003,0.31571609520000044000
5155,2.9721204890000000,2.8899094846000004,3.0543314934000000,0.16442200879999946000
5156,3.2525480795000000,3.0633821112999997,3.4417140476999997,0.37833193639999996000
5157,3.1792248359999995,3.0259339704000000,3.3325157015999998,0.30658173119999965000
5158,3.3105347395000004,2.9441850353000003,3.6768844437000000,0.73269940839999980000
5159,3.0902746525000000,3.0155675915000000,3.1649817135000000,0.14941412200000004000
5162,2.7482145190000002,2.6734767266000000,2.8229523114000000,0.14947558479999978000
5163,3.0346256410000000,2.9184930974000000,3.1507581846000000,0.23226508720000005000
5164,2.9397511700000005,2.8164052379999998,3.0630971020000004,0.24669186400000065000
5165,2.5937918775000000,2.4435322285000000,2.7440515265000000,0.30051929799999977000
5168,3.5147159015000002,3.0735778620999996,3.9558539409000004,0.88227607880000080000
5169,2.6466169305000014,2.5374633583000000,2.7557705027000000,0.21830714439999976000
5170,3.2302384330000000,2.8147598061999997,3.6457170598000000,0.83095725360000030000
5172,3.1423230645000007,2.7788798903000003,3.5057662387000006,0.72688634840000030000
5173,3.5091205190000010,3.1685475266000003,3.8496935114000000,0.68114598479999970000
5174,2.5978066130000004,2.5434852582000000,2.6521279678000003,0.10864270960000022000
5176,3.5575536199999993,3.1593006680000000,3.9558065720000000,0.79650590400000000000
5178,2.5466056614999997,2.4724769969000000,2.6207343261000000,0.14825732920000023000
5179,3.0751282764999996,2.8512991870999995,3.2989573659000000,0.44765817880000070000
5181,2.9576542655000000,2.8997131717000000,3.0155953593000000,0.11588218759999958000
5182,3.4105938725000000,3.1021478215000000,3.7190399235000000,0.61689210200000000000
5184,3.4486834999999990,3.2095401000000000,3.6878268999999992,0.47828679999999935000
5185,2.8536273535000003,2.8067856121000000,2.9004690949000000,0.09368348279999994000
5186,3.7041846234999980,3.4255208729000000,3.9828483741000000,0.55732750120000010000
5188,2.4406385645000000,2.3166355387000000,2.5646415903000004,0.24800605160000044000
5189,2.9433856655000006,2.6940863317000003,3.1926849993000004,0.49859866760000005000
5191,3.6357451735000006,3.2957044428999995,3.9757859040999994,0.68008146119999990000
5192,2.5062320365000000,2.5030348511000000,2.5094292219000000,0.00639437080000027100
5194,2.7921596979999994,2.7872894188000000,2.7970299772000000,0.00974055839999987700
5196,2.9800382050000000,2.8938166869999997,3.0662597230000000,0.17244303600000022000
5197,3.4122715580000000,3.1374965811999997,3.6870465348000003,0.54954995360000060000
5198,3.0739105685000006,2.8941571958999996,3.2536639410999997,0.35950674520000003000
5199,3.0879574764999997,2.9512244671000003,3.2246904859000000,0.27346601879999977000
5200,2.4200787260000003,2.3994136355999998,2.4407438164000000,0.04133018080000017000
5201,2.6024803755000003,2.5661509257000000,2.6388098252999996,0.07265889959999950000
5202,2.2837634660000004,2.0731044796000000,2.4944224524000003,0.42131797280000030000
5203,2.6116883099999986,2.6068252340000000,2.6165513860000000,0.00972615199999982100
5204,2.4344163524999995,2.2578226115000000,2.6110100935000005,0.35318748200000050000
5205,2.2216023695000002,2.1620458216999996,2.2811589173000000,0.11911309560000038000
5207,2.7044746005000000,2.6338211603000000,2.7751280407000003,0.14130688040000017000
5208,2.5035169835000000,2.5005797768999996,2.5064541901000000,0.00587441320000037200
5209,2.2978395130000000,2.1727637077999997,2.4229153182000000,0.25015161040000010000
5211,2.6400112620000002,2.4088681668000000,2.8711543572000000,0.46228619039999996000
5214,3.4817274220000005,3.2538563908000000,3.7095984532000000,0.45574206239999970000
5215,2.3492524440000000,2.2475146664000003,2.4509902216000000,0.20347555519999982000
5216,2.5851890450000000,2.5365806630000000,2.6337974270000000,0.09721676400000012000
5217,3.3651889309999996,3.1355105034000004,3.5948673586000000,0.45935685519999980000
5218,3.4390705640000020,3.0810783896000000,3.7970627383999997,0.71598434879999970000
5223,2.6884833405000004,2.5468722767000003,2.8300944043000005,0.28322212760000020000
5226,3.0919472590000000,2.7878625626000000,3.3960319553999994,0.60816939279999940000
5227,2.7680762010000000,2.7265065206000000,2.8096458814000000,0.08313936079999973000
5228,3.3787425175000000,3.0212919245000000,3.7361931105000004,0.71490118600000050000
5230,2.2172911000000000,2.0869242600000000,2.3476579400000000,0.26073367999999997000
5231,2.9281325325000000,2.8056971455000000,3.0505679194999997,0.24487077399999980000
5232,2.8430608265000004,2.6590395571000000,3.0270820958999995,0.36804253879999970000
5233,3.2692622765000000,2.9737411871000000,3.5647833659000003,0.59104217880000040000
5235,2.2347695550000010,2.0420457330000000,2.4274933770000000,0.38544764399999965000
5237,2.6198547335000004,2.5820224401000003,2.6576870269000000,0.07566458679999988000
5238,2.8529209960000000,2.6918593943999998,3.0139825975999996,0.32212320319999990000
5239,2.4039486855000000,2.3357360113000000,2.4721613597000003,0.13642534840000042000
5240,2.4905273670000000,2.4765175138000000,2.5045372202000000,0.02801970639999984400
5241,3.0680561960000006,2.9772986744000000,3.1588137175999997,0.18151504319999967000
5242,2.4339861405000000,2.3687536842999997,2.4992185967000000,0.13046491240000035000
5244,3.1233123960000007,2.8472573544000000,3.3993674376000000,0.55211008320000010000
5245,2.9022898710000002,2.8577891226000000,2.9467906193999998,0.08900149679999991000
5246,2.7572201675000000,2.6808497005000005,2.8335906345000000,0.15274093399999966000
5247,2.6200213160000008,2.4443210424000000,2.7957215896000003,0.35140054720000036000
5249,2.8605139439999996,2.7855095216000000,2.9355183664000000,0.15000884480000032000
5251,2.6711489755000000,2.6565413657000000,2.6857565853000000,0.02921521960000017500
5252,2.7822497485000000,2.6781900479000003,2.8863094490999996,0.20811940119999940000
5254,3.3181772740000000,3.1963041836000000,3.4400503644000002,0.24374618080000010000
5256,3.6043705910000003,3.2517800274000000,3.9569611546000000,0.70518112719999990000
5257,3.2716184689999994,2.8980114566000000,3.6452254814000002,0.74721402480000030000
5258,2.7334271865000000,2.7227403119000000,2.7441140611000003,0.02137374920000034700
5259,2.9070639270000000,2.7678634978000000,3.0462643562000005,0.27840085840000040000
5260,3.3844936244999997,3.1387074743000003,3.6302797747000004,0.49157230040000010000
5261,2.6829637925000000,2.6305898754999997,2.7353377095000000,0.10474783400000032000
5262,2.5712032144999997,2.4505007287000002,2.6919057003000000,0.24140497159999974000
5265,3.2387604055000008,2.8843349677000005,3.5931858433000000,0.70885087559999960000
5266,2.9680722165000000,2.9481205298999997,2.9880239030999998,0.03990337320000003600
5268,2.7184063195000000,2.6815728473000000,2.7552397917000000,0.07366694440000021000
5269,3.1289239095000000,2.9647670733000000,3.2930807456999998,0.32831367239999976000
5270,2.7693397780000000,2.6256964891999997,2.9129830668000000,0.28728657760000020000
5272,2.8297260220000000,2.7057292307999994,2.9537228131999997,0.24799358240000036000
5273,2.7262950760000004,2.6056019064000004,2.8469882456000000,0.24138633919999952000
5274,2.5252795795000000,2.5224234113000000,2.5281357477000000,0.00571233639999979600
5275,2.8876484865000003,2.8197610811000002,2.9555358919000003,0.13577481080000010000
5276,2.9399282770000000,2.7888379878000000,3.0910185662000003,0.30218057840000023000
5277,2.2871344334999995,2.0659086601000003,2.5083602068999995,0.44245154679999920000
5278,3.1249674830000025,2.8939540762000000,3.3559808898000000,0.46202681360000010000
5279,2.1805957065000000,2.0773078239000000,2.2838835891000000,0.20657576519999976000
5281,2.6629685850000000,2.6324952190000000,2.6934419509999996,0.06094673199999967000
5282,3.6810027780000010,3.3494654892000000,4.0125400668000000,0.66307457759999980000
5284,3.5648247055000000,3.2586789877000000,3.8709704233000000,0.61229143560000000000
5285,3.4682199745000010,3.1230503642999996,3.8133895847000003,0.69033922040000070000
5286,2.0147800444999997,1.7810120267000003,2.2485480623000003,0.46753603560000000000
5287,2.4362050145000000,2.2422494087000000,2.6301606203000000,0.38791121160000010000
5289,3.5687138440000000,3.2612053816000004,3.8762223064000000,0.61501692479999950000
5290,3.3261622600000007,2.9644987640000000,3.6878257560000005,0.72332699200000050000
5291,2.9454108050000000,2.9190175270000000,2.9718040830000003,0.05278655600000048400
5292,2.2001179110000000,2.1608539466000000,2.2393818754000000,0.07852792879999981000
5293,2.9536426464999996,2.8157377050999997,3.0915475878999996,0.27580988279999996000
5294,3.3594788194999990,3.1275163473000000,3.5914412917000003,0.46392494440000040000
5297,3.0066396575000000,2.9331915204999994,3.0800877945000003,0.14689627400000083000
5300,2.6816144640000010,2.6523950783999997,2.7108338495999997,0.05843877120000007000
5301,2.7949785949999995,2.7468491570000000,2.8431080329999996,0.09625887599999938000
5302,2.8007660029999997,2.7709976041999997,2.8305344018000000,0.05953679760000030000
5303,2.5225820440000004,2.5131392264000003,2.5320248616000005,0.01888563520000019500
5304,2.2862712829999996,2.1118503698000000,2.4606921962000000,0.34884182640000017000
5305,3.1319706504999996,3.0050481106999998,3.2588931903000002,0.25384507960000047000
5306,2.7650709894999994,2.7372533936999996,2.7928885852999996,0.05563519159999997000
5307,2.7713523194999996,2.7229761917000004,2.8197284473000000,0.09675225559999978000
5308,2.1085957845000000,2.0354342707000000,2.1817572983000000,0.14632302759999982000
5309,2.7932323254999996,2.6320400557000000,2.9544245953000000,0.32238453959999980000
5310,2.6480737070000000,2.5375023898000000,2.7586450242000002,0.22114263440000004000
5311,3.7368461239999990,3.4372457736000000,4.0364464744000000,0.59920070080000000000
5313,3.5909142035000006,3.2670202848999996,3.9148081220999997,0.64778783720000010000
5316,2.4089893584999995,2.3650996151000000,2.4528791019000000,0.08777948679999970000
5319,3.4953242425000006,3.1839895394999997,3.8066589455000000,0.62266940600000040000
5320,2.8023397969999997,2.7577358782000000,2.8469437158000000,0.08920783760000006000
5321,2.7548761450000000,2.7164758030000002,2.7932764870000004,0.07680068400000017000
5322,3.5093289310000000,3.0139433034000000,4.0047145586000000,0.99077125519999990000
5323,2.5675802979999998,2.4861852172000000,2.6489753788000003,0.16279016160000026000
5325,3.5770708189999993,3.2194063466000000,3.9347352914000000,0.71532894480000000000
5327,2.9692862010000000,2.8325302814000004,3.1060421206000000,0.27351183919999980000
5328,2.2720664705000000,2.2357914823000002,2.3083414586999997,0.07254997639999950000
5329,2.5732830989999997,2.5422706593999997,2.6042955386000000,0.06202487920000044000
5330,2.6385616424999996,2.5489238995000000,2.7281993855000000,0.17927548599999987000
5331,3.2354517300000003,3.1238752220000006,3.3470282380000005,0.22315301599999993000
5332,3.2103087670000003,2.9567186737999998,3.4638988602000000,0.50718018640000030000
5333,2.2277938249999996,2.1332958950000000,2.3222917550000000,0.18899586000000035000
5334,2.7934418315000000,2.6726369640999996,2.9142466989000000,0.24160973480000036000
5335,2.0393409679999994,1.8191397807999998,2.2595421552000000,0.44040237440000030000
5336,3.6093586635000006,3.3089605289000000,3.9097567981000000,0.60079626920000000000
5337,2.1740664890000000,1.9978338934000000,2.3502990845999996,0.35246519119999964000
5338,3.2298823345000000,2.9401920683000005,3.5195726006999997,0.57938053239999920000
5339,2.5484781125000000,2.5303052674999997,2.5666509575000003,0.03634569000000054000
5340,2.4510785074999997,2.4431559105000000,2.4590011045000000,0.01584519400000017300
5342,3.4710427020000000,3.1281409827999997,3.8139444212000000,0.68580343840000020000
5345,2.1632021180000000,1.9769644707999998,2.3494397651999996,0.37247529439999980000
5346,2.9922527350000000,2.9463954290000000,3.0381100410000000,0.09171461200000008000
5349,3.4879639019999997,3.1221090628000003,3.8538187412000000,0.73170967839999970000
5352,2.2089389335000003,2.0136433600999997,2.4042345069000000,0.39059114680000030000
5353,2.1306267695000000,1.8395192616999998,2.4217342773000000,0.58221501560000030000
5354,2.3819289925000007,2.3757653955000000,2.3880925895000000,0.01232719399999959700
5355,2.9183544780000004,2.6921166692000000,3.1445922868000000,0.45247561760000020000
5356,2.9869429125000000,2.8452036775000000,3.1286821474999997,0.28347846999999990000
5357,2.9332941855000003,2.9227257113000000,2.9438626597000000,0.02113694840000013300
5358,2.6365397270000000,2.5756354362000002,2.6974440177999996,0.12180858159999941000
5359,2.3999205045000000,2.2556099027000000,2.5442311063000000,0.28862120360000000000
5361,2.3602679865000000,2.2640395919000000,2.4564963811000000,0.19245678919999998000
5362,2.6173926224999997,2.4587336714999997,2.7760515735000000,0.31731790200000054000
5363,3.4099833665000014,3.1898211131000000,3.6301456199000000,0.44032450680000010000
5365,3.3977975470000000,3.1590233658000000,3.6365717282000000,0.47754836239999987000
5366,3.2894882075000010,3.0350286905000003,3.5439477245000000,0.50891903399999980000
5369,2.6487956955000000,2.6310407737000000,2.6665506173000000,0.03550984359999987000
5370,2.5123686520000000,2.3636511912000002,2.6610861128000000,0.29743492159999985000
5371,3.5391515155000004,3.2534361217000000,3.8248669093000003,0.57143078760000020000
5373,3.1394257189999997,3.0160640065999997,3.2627874314000000,0.24672342480000030000
5380,3.4286931235000000,3.1328483729000000,3.7245378741000000,0.59168950120000030000
5381,2.7050839430000000,2.6180767202000000,2.7920911658000000,0.17401444560000012000
5382,2.5096021890000000,2.3140918646000000,2.7051125134000005,0.39102064880000054000
5384,2.8749481130000000,2.7197781582000000,3.0301180677999997,0.31033990959999970000
5385,2.7720282419999998,2.7135623388000000,2.8304941452000003,0.11693180640000023000
5388,2.8629930834999997,2.8095999169000000,2.9163862501000000,0.10678633320000008000
5389,2.1377277130000003,1.9762646278000000,2.2991907982000000,0.32292617040000016000
5391,2.7996564895000000,2.6791026853000000,2.9202102937000003,0.24110760840000012000
5394,3.1312987059999995,2.9433889884000000,3.3192084236000000,0.37581943519999994000
5395,2.9133806280000000,2.8558516792000000,2.9709095767999996,0.11505789759999940000
5396,2.8440230015000000,2.8349666021000000,2.8530794009000000,0.01811279879999983000
5398,3.3441645665000000,2.9847223931000000,3.7036067399000000,0.71888434679999990000
5401,3.5748140535000000,3.1834652749000000,3.9661628321000000,0.78269755720000010000
5402,3.4419382185000007,3.1047307059000000,3.7791457311000003,0.67441502520000010000
5405,3.7148974709999996,3.3708716593999997,4.0589232826000000,0.68805162320000070000
5406,3.0803940800000005,2.8174937119999997,3.3432944480000004,0.52580073600000080000
5407,2.5742746000000003,2.5392059600000003,2.6093432400000000,0.07013727999999952000
5409,2.5917255084999997,2.5610181118999997,2.6224329051000000,0.06141479320000043000
5410,2.9801580850000016,2.8275317190000000,3.1327844510000000,0.30525273200000000000
5411,3.7316450419999994,3.4379970587999997,4.0252930252000010,0.58729596640000100000
5412,2.8196516265000000,2.7616662770999993,2.8776369759000000,0.11597069880000044000
5413,2.9027798424999998,2.8511137795000003,2.9544459055000000,0.10333212599999975000
5414,2.2770964104999996,2.1488538463000000,2.4053389747000000,0.25648512839999960000
5416,2.4614252674999997,2.4243523605000000,2.4984981745000000,0.07414581399999998000
5417,2.6939106965000000,2.5595209751000000,2.8283004179000000,0.26877944280000010000
5418,2.9775371330000000,2.7729635862000000,3.1821106798000000,0.40914709360000010000
5419,2.9710900880000004,2.8203657232000000,3.1218144528000000,0.30144872959999970000
5420,2.6001891355000004,2.5589086813000000,2.6414695897000002,0.08256090840000008000
5421,2.9966580965000000,2.7450501351000000,3.2482660579000004,0.50321592280000040000
5422,3.5134313929999994,3.1577635502000000,3.8690992358000000,0.71133568559999990000
5423,2.5863722134999990,2.5803146988999996,2.5924297280999995,0.01211502919999985000
5424,3.3288653735000007,3.0400391229000000,3.6176916241000003,0.57765250120000020000
5425,2.9792507879999994,2.8176987032000000,3.1408028728000000,0.32310416960000010000
5426,3.2900228894999994,3.1607772453000003,3.4192685337000000,0.25849128839999970000
5427,2.8737800815000005,2.7860665141000003,2.9614936489000003,0.17542713480000005000
5428,2.4561829705000000,2.3980285823000000,2.5143373587000000,0.11630877640000037000
5429,3.0273417415000000,2.8356960381000000,3.2189874449000000,0.38329140680000020000
5430,2.4268901560000000,2.3020636936000000,2.5517166184000000,0.24965292479999990000
5432,3.5552077959999995,3.2477277144000003,3.8626878776000000,0.61496016319999970000
5433,1.9716147819999996,1.9243432692000000,2.0188862947999997,0.09454302559999972000
5434,3.4344913084999997,3.0624666319000000,3.8065159851000000,0.74404935319999990000
5436,2.0426819225000004,1.9906599535000000,2.0947038915000000,0.10404393800000000000
5437,3.0911293490000000,2.8205350886000002,3.3617236094000000,0.54118852079999960000
5438,2.6408162514999995,2.5014785509000000,2.7801539520999996,0.27867540119999970000
5440,2.4027642389999997,2.3098367345999997,2.4956917434000000,0.18585500880000040000
5441,2.5107605934999997,2.3935100309000000,2.6280111561000000,0.23450112520000000000
5442,3.0726916144999996,2.9310434602999997,3.2143397687000000,0.28329630840000020000
5443,2.9052906149999993,2.9052247690000000,2.9053564610000002,0.00013169200000007208
5444,2.9783624610000000,2.9349150454000000,3.0218098766000003,0.08689483120000041000
5445,2.8998328294999998,2.8522347613000000,2.9474308977000000,0.09519613639999980000
5446,2.1250265749999997,2.0361299450000003,2.2139232050000000,0.17779325999999962000
5447,3.2928634959999994,3.0415096943999997,3.5442172975999995,0.50270760319999970000
5448,2.5519474059999990,2.4216112435999997,2.6822835683999995,0.26067232479999980000
5449,3.5831528845000005,3.1951396382999997,3.9711661307000004,0.77602649240000070000
5450,2.0965886290000000,1.9563835774000000,2.2367936806000000,0.28041010319999990000
5451,2.3050234985000007,2.2824932979000000,2.3275536991000000,0.04506040120000021000
5452,2.9058021965000000,2.8826289179000004,2.9289754750999997,0.04634655719999925000
5453,2.7392263445000005,2.6676396823000000,2.8108130067000000,0.14317332440000020000
5454,2.6526475965000000,2.6056169578999997,2.6996782350999995,0.09406127719999980000
5455,3.0354726855000003,3.0288148113000000,3.0421305597000003,0.01331574840000016000
5456,2.7991754719999995,2.7515684607999997,2.8467824832000000,0.09521402240000043000
5457,3.7370817635000000,3.3601712689000000,4.1139922581000000,0.75382098919999980000
5459,2.5536056824999998,2.4740006095000000,2.6332107555000000,0.15921014599999994000
5460,2.8347238334999996,2.8058965668999996,2.8635511000999996,0.05765453320000002400
5462,2.7828037784999990,2.6657848899000000,2.8998226670999996,0.23403777719999974000
5463,3.7430808284999990,3.4366711598999995,4.0494904970999990,0.61281933719999950000
5464,3.2631811600000000,2.9445140240000000,3.5818482960000000,0.63733427199999990000
5465,2.4252451895000000,2.2316527137000004,2.6188376653000000,0.38718495159999966000
5466,3.5446297224999994,3.2530172115000000,3.8362422335000000,0.58322502200000010000
5467,2.4607555910000000,2.3829698273999997,2.5385413546000000,0.15557152720000023000
5469,2.2396752264999997,2.0255107358999997,2.4538397171000000,0.42832898120000040000
5471,3.0665099585000015,3.0027723419000000,3.1302475751000000,0.12747523319999976000
5472,3.0715176630000000,2.9091539282000003,3.2338813978000003,0.32472746960000000000
5473,2.7355026805000000,2.5781501527000000,2.8928552083000000,0.31470505559999973000
5474,2.1678172860000005,1.9957919716000000,2.3398426004000000,0.34405062879999980000
5475,2.7478007420000010,2.6753006388000000,2.8203008452000002,0.14500020640000022000
5477,2.6227137130000000,2.6148458278000000,2.6305815982000000,0.01573577040000007000
5478,3.1146071854999997,2.9734872597000000,3.2557271113000000,0.28223985160000000000
5479,2.9228936654999997,2.6819819316999998,3.1638053993000000,0.48182346760000040000
5480,2.4016421255000000,2.3162420753000000,2.4870421757000000,0.17080010040000015000
5481,2.4691703134999994,2.3097625881000000,2.6285780389000000,0.31881545080000030000
5483,2.9259428085000000,2.8485291319000000,3.0033564851000000,0.15482735319999996000
5484,2.8229144795000005,2.6903130713000003,2.9555158877000003,0.26520281640000000000
5485,2.9119948174999997,2.8908851445000000,2.9331044905000000,0.04221934599999999000
5486,2.6555388524999994,2.5544949114999995,2.7565827935000000,0.20208788200000027000
5487,2.4991630705000000,2.4662230987000000,2.5321030423000000,0.06587994360000016000
5488,2.9048826865000000,2.7948873611000000,3.0148780119000005,0.21999065080000070000
5490,2.8384909374999996,2.6883809125000000,2.9886009625000000,0.30022005000000007000
5491,2.2707652645000000,2.0916483587000000,2.4498821703000000,0.35823381159999990000
5492,2.5956455135000000,2.3819449189000000,2.8093461080999997,0.42740118919999980000
5493,3.1239176325000000,3.0232914855000000,3.2245437795000000,0.20125229399999967000
5494,2.3299459650000000,2.1976195790000000,2.4622723510000000,0.26465277200000026000
5495,2.6027499579999995,2.5239019748000002,2.6815979412000000,0.15769596639999994000
5496,3.3065021900000007,3.1551438659999995,3.4578605140000000,0.30271664800000053000
5497,3.2690710910000007,2.9722047274000000,3.5659374546000002,0.59373272720000040000
5498,3.4937446869999990,3.1948141618000000,3.7926752121999994,0.59786105039999930000
5499,2.6752843935000000,2.6727749509000000,2.6777938360999998,0.00501888519999971200
5500,2.5417365720000000,2.4560932008000003,2.6273799432000000,0.17128674239999953000
5502,2.3781119075000000,2.3763522705000004,2.3798715445000000,0.00351927399999940600
5505,2.5596815930000005,2.4610113558000000,2.6583518302000000,0.19734047439999980000
5510,2.8053920925000004,2.7658236554999998,2.8449605295000002,0.07913687400000047000
5511,2.3706818065000000,2.3144190839000000,2.4269445291000000,0.11252544520000018000
5512,2.7722918075000000,2.7039917305000000,2.8405918845000000,0.13660015400000036000
5514,3.2682224240000006,3.0428989935999997,3.4935458544000006,0.45064686080000094000
5515,3.5001582964999987,3.1666012150999996,3.8337153778999995,0.66711416279999990000
5516,2.9456460695000000,2.9066176973000000,2.9846744416999997,0.07805674439999954000
5517,2.9724601989999995,2.7667450786000000,3.1781753193999998,0.41143024079999970000
5518,2.9589502465000006,2.8400295451000000,3.0778709478999997,0.23784140279999955000
5519,2.4047293630000004,2.3057576178000003,2.5037011082000005,0.19794349040000014000
5520,2.5127537405000000,2.4415270443000003,2.5839804367000000,0.14245339239999977000
5521,2.8654751935000000,2.7834512709000000,2.9474991161000004,0.16404784520000026000
5523,2.7010629884999995,2.6900085931000000,2.7121173839000000,0.02210879079999994400
5524,2.8808834670000000,2.8074852538000000,2.9542816802000003,0.14679642640000035000
5525,3.2069570810000005,3.0373363134000000,3.3765778485999998,0.33924153519999980000
5526,2.3074146399999997,2.1623355840000000,2.4524936960000000,0.29015811199999986000
5528,3.1708347180000000,2.7906410052000000,3.5510284307999997,0.76038742559999980000
5530,3.4107703745000000,3.1720421243000000,3.6494986246999996,0.47745650039999976000
5531,3.3730103959999997,3.1651593544000000,3.5808614376000000,0.41570208319999980000
5532,2.3237589060000006,2.2234649436000002,2.4240528684000000,0.20058792479999976000
5533,3.5016917085000006,3.1183639919000000,3.8850194251000000,0.76665543320000000000
5534,2.3788199940000005,2.2300623964000000,2.5275775916000005,0.29751519520000036000
5536,2.9985845925000003,2.9949016295000000,3.0022675555000000,0.00736592599999985600
5537,3.2437805579999996,2.9090939812000000,3.5784671348000000,0.66937315360000000000
5538,2.2273025040000003,2.0237739024000003,2.4308311056000000,0.40705720319999950000
5539,3.3262593825000000,3.0919947355000000,3.5605240295000000,0.46852929399999965000
5542,3.0523079570000005,2.9165999398000000,3.1880159742000003,0.27141603440000006000
5545,2.4112141995000025,2.4025225196999997,2.4199058793000000,0.01738335960000014800
5546,2.2302535079999997,2.1230109048000000,2.3374961112000000,0.21448520640000002000
5547,2.8741732544999996,2.8674925562999998,2.8808539527000000,0.01336139640000011400
5548,3.4041086910000000,3.1606645673999996,3.6475528146000000,0.48688824720000046000
5550,3.3167577775000003,2.9850820885000000,3.6484334664999993,0.66335137799999930000
5551,2.3338062044999996,2.1427969227000000,2.5248154863000000,0.38201856359999997000
5552,2.3914647619999996,2.3878832572000000,2.3950462668000000,0.00716300960000015900
5553,2.2193177490000000,2.1251282494000000,2.3135072486000000,0.18837899920000023000
5554,2.5090980404999996,2.4005252567000004,2.6176708243000000,0.21714556759999980000
5556,3.0478323510000003,3.0107200913999996,3.0849446106000005,0.07422451920000084000
5557,2.4890653015000020,2.3397555809000004,2.6383750221000004,0.29861944120000006000
5558,2.7412275010000000,2.5972633013999995,2.8851917006000000,0.28792839920000060000
5559,2.7544556760000000,2.6396859463999998,2.8692254056000000,0.22953945920000018000
5560,2.8098116790000000,2.7427143506000000,2.8769090074000000,0.13419465680000010000
5561,3.0434080080000000,2.9659604111999998,3.1208556047999996,0.15489519359999981000
5562,2.4878487345000000,2.4484732407000000,2.5272242283000000,0.07875098760000032000
5563,2.0241839835000000,1.8555691901000000,2.1927987769000000,0.33722958680000015000
5564,2.1760807840000000,1.9628956704000000,2.3892658975999996,0.42637022719999960000
5565,3.0099241990000000,2.9116638785999998,3.1081845194000000,0.19652064080000020000
5566,3.2190069105000000,3.1123508747000000,3.3256629463000000,0.21331207159999988000
5567,2.2367342585000003,2.1542563619000000,2.3192121551000000,0.16495579319999987000
5568,2.2142616274999990,2.1536930785000000,2.2748301765000000,0.12113709800000017000
5569,3.1841926340000000,2.8143692876000000,3.5540159804000000,0.73964669280000010000
5570,2.4469174140000000,2.3915972484000000,2.5022375796000005,0.11064033120000039000
5572,3.1474534140000006,2.7785879796000000,3.5163188484000000,0.73773086879999990000
5573,2.9151296970000000,2.8110735758000000,3.0191858182000000,0.20811224239999992000
5574,2.5904413590000000,2.4932820154000000,2.6876007026000000,0.19431868720000000000
5575,2.2060829510000000,2.2026713705999996,2.2094945314000000,0.00682316080000022750
5576,2.5747732715000000,2.5140457801000000,2.6355007629000000,0.12145498280000000000
5581,2.4726304370000007,2.3896890622000000,2.5555718118000000,0.16588274960000016000
5582,2.9428377420000000,2.7866892387999997,3.0989862452000000,0.31229700640000013000
5583,2.3929149445000000,2.3331493667000003,2.4526805223000000,0.11953115559999983000
5586,2.7608416625000000,2.7078263275000000,2.8138569975000003,0.10603067000000044000
5587,2.1315438295000000,2.0831874977000000,2.1799001613000000,0.09671266359999997000
5589,2.6907049214999996,2.6603037529000000,2.7211060900999997,0.06080233719999972000
5590,2.2321867245000004,2.0702800346999997,2.3940934143000000,0.32381337960000023000
5591,2.0992893954999996,1.9422744373000000,2.2563043537000000,0.31402991640000000000
5593,3.0063622724999990,2.8212819815000000,3.1914425635000000,0.37016058200000000000
5594,2.7561980920000000,2.6344877288000000,2.8779084552000000,0.24342072640000012000
5595,2.9778747630000004,2.8823938682000000,3.0733556578000000,0.19096178960000020000
5596,2.9516776730000000,2.7931883421999997,3.1101670037999996,0.31697866159999990000
5597,2.3350015354999996,2.1911269213000000,2.4788761497000000,0.28774922840000006000
5598,2.1450934295000000,2.0696424013000000,2.2205444577000004,0.15090205640000054000
5599,3.3073328555000003,2.9208015977000000,3.6938641133000000,0.77306251559999990000
5600,2.7943804334999998,2.7718274069000000,2.8169334601000005,0.04510605320000049500
5601,2.9923688894999990,2.8173036452999995,3.1674341337000000,0.35013048840000050000
5603,3.2270290344999997,2.9876858483000000,3.4663722207000003,0.47868637240000034000
5605,3.0167850334999997,2.9115738469000000,3.1219962200999998,0.21042237319999968000
5606,3.6326974559999994,3.2493828383999994,4.0160120736000000,0.76662923520000040000
5610,2.9950370240000000,2.9426306336000000,3.0474434144000004,0.10481278080000056000
5611,2.3722174979999977,2.2235632988000003,2.5208716972000000,0.29730839839999980000
5612,2.2682694560000000,2.2441852736000003,2.2923536384000003,0.04816836479999997400
5615,2.6416065290000000,2.5544491406000005,2.7287639174000002,0.17431477679999974000
5616,3.2663123399999994,2.9867836760000000,3.5458410040000000,0.55905732800000020000
5617,2.1128422550000000,2.0752521530000000,2.1504323570000000,0.07518020400000003000
5619,2.6646088865000000,2.5119228411000000,2.8172949319000000,0.30537209079999970000
5620,3.3377812820000000,3.0977197947999997,3.5778427691999997,0.48012297439999996000
5621,2.9769662235000003,2.8308507129000000,3.1230817341000000,0.29223102120000010000
5622,2.5755188525000000,2.3919057115000000,2.7591319935000000,0.36722628199999985000
5623,2.9163633225000000,2.8500922515000000,2.9826343935000000,0.13254214200000014000
5624,2.5916452179999996,2.3767713052000000,2.8065191308000000,0.42974782559999980000
5626,2.9406645305000003,2.8430319427000000,3.0382971183000000,0.19526517559999990000
5627,2.9660045805000000,2.9655103483000000,2.9664988127000003,0.00098846440000022180
5629,2.1198628250000000,1.8976032950000001,2.3421223550000000,0.44451905999999974000
5631,2.5071960925000000,2.4485748555000000,2.5658173295000000,0.11724247400000021000
5632,2.6147859080000000,2.5907015448000000,2.6388702711999996,0.04816872639999969500
5633,2.8675735430000002,2.8352541602000003,2.8998929257999997,0.06463876559999937000
5635,3.5901914744999996,3.2052900642999997,3.9750928846999996,0.76980282039999980000
5636,2.4348716250000004,2.3638097750000000,2.5059334750000004,0.14212370000000040000
5637,2.4882284950000000,2.3885718970000000,2.5878850929999997,0.19931319599999986000
5639,2.8101374870000000,2.7102772818000000,2.9099976922000000,0.19972041040000033000
5640,2.9368556260000003,2.9205182764000000,2.9531929756000000,0.03267469919999977000
5641,2.3009719800000004,2.1992495880000003,2.4026943720000000,0.20344478399999977000
5642,2.9662861805000000,2.8591574527000000,3.0734149083000000,0.21425745560000030000
5644,3.5329532949999987,3.2941646130000004,3.7717419769999996,0.47757736399999917000
5646,3.4762454855000000,3.1609252797000000,3.7915656912999998,0.63064041160000000000
5647,3.5730202300000010,3.2599823219999995,3.8860581380000000,0.62607581600000060000
5649,2.2290326155000000,1.9413355693000000,2.5167296617000003,0.57539409240000030000
5651,2.2898967465000000,2.1324540478999996,2.4473394451000000,0.31488539720000030000
5652,2.2357473885000000,1.9970728331000000,2.4744219439000000,0.47734911079999987000
5653,2.9689505434999997,2.8823971609000000,3.0555039261000000,0.17310676520000000000
5654,2.1720059925000000,1.8567959954999997,2.4872159894999997,0.63041999399999990000
5655,2.5691045215000000,2.5671019129000000,2.5711071300999997,0.00400521719999957800
5657,2.2815358010000000,2.1720846806000000,2.3909869213999997,0.21890224079999987000
5660,2.3162726940000000,2.1624200164000000,2.4701253716000000,0.30770535520000000000
5661,2.9246541630000000,2.8392642282000000,3.0100440978000000,0.17077986960000002000
5663,2.7748626880000002,2.6118485632000000,2.9378768128000003,0.32602824960000020000
5664,3.1488068425000000,2.9001595795000000,3.3974541055000005,0.49729452600000057000
5666,3.2602839784999990,3.1799895699000000,3.3405783871000000,0.16058881719999984000
5667,2.8360803210000000,2.6287292494000000,3.0434313926000000,0.41470214320000000000
5668,2.5724521735000003,2.5637686429000000,2.5811357041000003,0.01736706120000031000
5669,3.1276032480000002,3.0199005472000000,3.2353059487999998,0.21540540160000000000
5670,2.7446468520000002,2.7113211928000000,2.7779725111999998,0.06665131839999994000
5671,2.3706320480000005,2.3358416672000000,2.4054224288000000,0.06958076160000015000
5672,3.5203300375000000,3.2887784524999994,3.7518816225000000,0.46310317000000056000
5676,2.5748247624999996,2.5747738675000000,2.5748756575000002,0.00010179000000043459
5677,2.6717438270000000,2.6184377577999998,2.7250498962000000,0.10661213840000006000
5679,2.7042355940000005,2.6543794316000000,2.7540917564000000,0.09971232480000003000
5681,2.0515549310000005,1.9519541033999999,2.1511557586000000,0.19920165520000000000
5682,2.6635974440000000,2.6412832216000000,2.6859116664000000,0.04462844479999983300
5684,3.4757351645000000,3.2029992303000000,3.7484710986999996,0.54547186839999950000
5685,2.9387822695000000,2.8273471772999996,3.0502173616999992,0.22287018439999962000
5686,2.7347780029999997,2.6654544018000000,2.8041016042000000,0.13864720240000006000
5687,3.4321838454999996,3.0777977837000000,3.7865699072999996,0.70877212359999970000
5688,2.8499584370000000,2.7365518118000000,2.9633650622000000,0.22681325039999978000
5689,2.5232069819999996,2.3717461892000000,2.6746677748000000,0.30292158560000004000
5690,2.9740093270000000,2.8407754578000000,3.1072431962000002,0.26646773840000026000
5691,2.6155515700000000,2.6126897980000000,2.6184133420000000,0.00572354400000030200
5692,2.7235641765000000,2.5566638471000000,2.8904645059000003,0.33380065880000040000
5694,3.1160564804999993,2.9124962727000003,3.3196166883000000,0.40712041559999970000
5695,2.4758780520000000,2.3866644728000000,2.5650916311999996,0.17842715839999945000
5697,3.2521927730000000,3.0349642822000000,3.4694212637999997,0.43445698159999990000
5698,2.8259517615000007,2.7797262568999996,2.8721772661000000,0.09245100920000038000
5699,3.3902007055000000,3.1765429877000004,3.6038584233000006,0.42731543560000020000
5700,3.5163434335000000,3.2362388068999994,3.7964480601000004,0.56020925320000090000
5702,2.4425630345000000,2.3811102207000000,2.5040158483000000,0.12290562759999979000
5704,2.3543663785000000,2.2699578271000003,2.4387749299000000,0.16881710279999984000
5705,2.6622316790000000,2.5969638074000000,2.7274995505999997,0.13053574319999983000
5706,2.9696081715000000,2.7962734401000002,3.1429429029000000,0.34666946279999955000
5707,2.3928803115000000,2.3895881868999997,2.3961724361000000,0.00658424920000033600
5708,3.3165139265000000,3.0787486971000000,3.5542791558999998,0.47553045879999980000
5709,2.8480081255000016,2.7464597757000000,2.9495564752999996,0.20309669959999965000
5710,2.8096725760000000,2.7572575456000000,2.8620876064000000,0.10483006079999990000
5711,3.1398660594999996,3.0557320833000000,3.2240000356999996,0.16826795239999948000
5713,2.7262001575000000,2.7198456945000000,2.7325546205000000,0.01270892600000017600
5714,3.4829903325000005,3.1420288655000004,3.8239517995000000,0.68192293399999970000
5718,3.3686577930000000,3.0697021101999997,3.6676134758000000,0.59791136560000040000
5719,2.1339015145000000,1.9166237087000002,2.3511793202999995,0.43455561159999934000
5720,2.6420702070000000,2.6046033241999997,2.6795370897999997,0.07493376559999998000
5724,3.1168160830000000,3.0243821161999995,3.2092500497999996,0.18486793360000010000
5726,2.8984588975000000,2.6903892565000000,3.1065285384999997,0.41613928199999960000
5727,3.7087710420000000,3.3963706588000004,4.0211714252000000,0.62480076639999990000
5728,2.9495895090000000,2.7185521126000000,3.1806269054000000,0.46207479280000020000
5729,2.8226020044999998,2.5996908063000000,3.0455132027000000,0.44582239640000010000
5730,3.4923274260000000,3.1398479964000000,3.8448068556000000,0.70495885920000000000
5732,2.8147377869999994,2.7662269018000000,2.8632486721999997,0.09702177039999960000
5733,3.3629492824999990,2.9215265955000000,3.8043719695000000,0.88284537400000000000
5734,2.7833088160000004,2.7380943424000000,2.8285232896000000,0.09042894719999994000
5735,2.2963976300000000,2.1717473780000000,2.4210478820000000,0.24930050399999980000
5736,3.1610479880000000,3.0092055832000000,3.3128903928000000,0.30368480960000000000
5738,2.3655640045000000,2.3629624027000000,2.3681656063000000,0.00520320359999981700
5739,3.2338773375000005,3.0602670725000003,3.4074876025000000,0.34722052999999950000
5741,3.3686813305000000,3.1082350627000000,3.6291275982999998,0.52089253559999980000
5745,2.9138232990000000,2.7245638186000000,3.1030827794000000,0.37851896080000014000
5747,3.3365282825000000,3.0754815955000000,3.5975749695000000,0.52209337400000020000
5748,3.3251703415000002,3.0021924781000000,3.6481482049000000,0.64595572680000000000
5749,3.4141148514999995,3.0992283921000000,3.7290013109000000,0.62977291880000010000
5751,2.3294638095000000,2.3055446856999997,2.3533829333000000,0.04783824760000010600
5752,3.0057965090000000,2.9041283126000000,3.1074647054000000,0.20333639279999982000
5753,2.6276735575000000,2.5374757344999996,2.7178713804999997,0.18039564600000002000
5755,3.4818882435000003,3.0533691409000000,3.9104073461000000,0.85703820519999980000
5756,3.5126076355000020,3.1296746897000003,3.8955405813000006,0.76586589160000030000
5757,3.3654048944999997,3.0911944523000000,3.6396153367000000,0.54842088440000000000
5758,2.1781306464999997,1.9703519879000000,2.3859093051000000,0.41555731720000020000
5759,3.5530650034999990,3.2320450049000000,3.8740850021000006,0.64203999720000080000
5763,3.0397828560000000,2.9755243984000000,3.1040413136000002,0.12851691520000008000
5768,3.0421719125000006,2.8831726774999997,3.2011711475000000,0.31799847000000050000
5769,2.8026611705000000,2.7921752387000005,2.8131471023000000,0.02097186359999936300
5770,3.3638552485000000,3.0092937479000000,3.7184167490999998,0.70912300119999960000
5771,2.6089026380000000,2.5621356931999997,2.6556695828000000,0.09353388960000020000
5774,2.3725652060000000,2.2597687236000000,2.4853616884000000,0.22559296479999968000
5775,2.3885514500000005,2.3240692700000000,2.4530336300000000,0.12896436000000033000
5776,2.9983145550000003,2.9179491770000006,3.0786799330000000,0.16073075599999953000
5777,2.0890027284999997,1.8364200371000001,2.3415854199000000,0.50516538279999980000
5780,2.9326869280000003,2.7418004992000000,3.1235733568000000,0.38177285760000010000
5781,2.9300346189999997,2.8234100666000000,3.0366591713999997,0.21324910479999960000
5783,2.2911283950000003,2.0684782370000000,2.5137785530000000,0.44530031600000000000
5784,2.4790584940000000,2.4076578964000000,2.5504590916000000,0.14280119520000012000
5785,3.3282751210000003,3.0478671694000004,3.6086830726000003,0.56081590320000000000
5786,2.4471537594999995,2.3677418557000000,2.5265656633000000,0.15882380760000014000
5788,2.9639230050000000,2.9283650070000000,2.9994810029999996,0.07111599599999963000
5789,3.3197703810000000,2.9076493334000000,3.7318914286000000,0.82424209519999980000
5790,3.6376172760000000,3.3086597864000000,3.9665747655999994,0.65791497919999960000
5791,2.4706289140000000,2.3926529484000000,2.5486048796000000,0.15595193120000017000
5793,3.3790449040000000,2.9919280656000002,3.7661617424000000,0.77423367679999980000
5795,3.6071584039999993,3.3009077656000000,3.9134090424000005,0.61250127680000070000
5797,3.4778235105000000,3.0919501146999995,3.8636969063000000,0.77174679160000050000
5799,3.5643737084999990,3.2756791919000000,3.8530682250999995,0.57738903319999930000
5800,2.8538098274999997,2.8534837584999995,2.8541358964999994,0.00065213799999996880
5801,2.8081628370000002,2.6445479718000002,2.9717777022000003,0.32722973040000003000
5802,3.3040775764999997,2.9964362071000000,3.6117189459000000,0.61528273880000000000
5803,3.3407680789999990,3.1798665105999997,3.5016696473999995,0.32180313679999983000
5804,2.8428433945000005,2.8333151523000004,2.8523716366999996,0.01905648439999918500
5806,2.8783704040000000,2.7181101655999997,3.0386306424000000,0.32052047680000006000
5807,3.2559838959999996,2.9671866544000000,3.5447811376000002,0.57759448320000040000
5808,3.1119484009999994,3.0891697614000004,3.1347270406000000,0.04555727919999963400
5809,2.8962145589999997,2.8424811353999995,2.9499479826000000,0.10746684720000044000
5810,2.9550474400000000,2.8695084160000000,3.0405864640000004,0.17107804800000048000
5811,2.6103619814999997,2.5955719740999994,2.6251519888999995,0.02958001480000005400
5813,2.8868483355000000,2.8743104697000000,2.8993862013000000,0.02507573159999987300
5814,2.2971143309999995,2.2196089986000000,2.3746196634000000,0.15501066479999980000
5815,2.8120946400000000,2.6868352960000004,2.9373539840000000,0.25051868799999966000
5816,2.6525337520000000,2.6452688527999997,2.6597986512000000,0.01452979840000034900
5817,2.7088924465000000,2.5854362250999996,2.8323486678999994,0.24691244279999980000
5818,3.4001548765000007,3.1345116271000006,3.6657981259000008,0.53128649880000010000
5820,2.5420240665000002,2.5336848399000003,2.5503632930999998,0.01667845319999950000
5821,2.5391529359999990,2.4038553616000000,2.6744505103999994,0.27059514879999960000
5823,3.4781244144999990,3.1618001802999998,3.7944486487000000,0.63264846840000020000
5825,2.5992774825000002,2.5921328755000004,2.6064220895000000,0.01428921399999971700
5827,3.3685141199999995,2.9904177680000000,3.7466104719999990,0.75619270399999920000
5830,2.8888455005000010,2.8233813007000000,2.9543097003000000,0.13092839960000013000
5832,2.7933680155000000,2.6133892217000000,2.9733468092999997,0.35995758759999985000
5833,2.5506444695000003,2.5150746572999996,2.5862142817000002,0.07113962440000066000
5835,2.3379084260000003,2.1179186556000000,2.5578981964000000,0.43997954080000000000
5836,2.4559715300000002,2.4418081420000000,2.4701349180000000,0.02832677599999966500
5837,2.9277940784999994,2.9130264471000000,2.9425617098999997,0.02953526279999963000
5838,2.8144099475000000,2.7054955265000000,2.9233243684999994,0.21782884199999940000
5839,3.0555606195000000,2.9383628673000000,3.1727583717000000,0.23439550440000012000
5840,2.9800880435000000,2.8297480609000000,3.1304280261000000,0.30067996520000007000
5841,3.0997519629999997,3.0230571482000000,3.1764467778000000,0.15338962959999990000
5842,3.1424029780000000,2.9709741692000000,3.3138317868000000,0.34285761760000000000
5843,2.5825661545000010,2.5371944927000000,2.6279378163000002,0.09074332360000037000
5844,1.9629598444999996,1.7985803067000001,2.1273393822999997,0.32875907559999960000
5845,2.6541825269999997,2.3958727378000004,2.9124923162000003,0.51661957839999980000
5846,2.0865458389999993,1.7824767033999998,2.3906149746000000,0.60813827120000030000
5847,2.6265331730000000,2.4371392421999998,2.8159271037999996,0.37878786159999980000
5848,2.7260439205000000,2.6643618887000002,2.7877259522999998,0.12336406359999952000
5850,3.4258064420000000,3.0278366188000003,3.8237762652000000,0.79593964639999950000
5851,2.6884222705000003,2.6350837623000003,2.7417607787000002,0.10667701639999994000
5852,2.4953162255000000,2.3091413353000000,2.6814911157000000,0.37234978040000000000
5853,2.6626339084999997,2.6209875450999998,2.7042802718999996,0.08329272679999988000
5854,2.5255221295000000,2.4022376777000000,2.6488065813000000,0.24656890360000006000
5855,2.7349314424999998,2.6436584195000000,2.8262044655000000,0.18254604600000013000
5856,2.8529689180000006,2.6647104852000000,3.0412273508000000,0.37651686559999975000
5857,2.6117888340000000,2.5741851676000000,2.6493925004000003,0.07520733280000025000
5859,3.5384184310000000,3.2462118034000000,3.8306250586000000,0.58441325519999990000
5861,2.6300933940000000,2.5831532364000000,2.6770335516000000,0.09388031520000029000
5862,3.3210681804999997,3.0056402527000000,3.6364961083000003,0.63085585560000010000
5863,3.5909579629999990,3.2880135482000000,3.8939023778000000,0.60588882960000000000
5864,3.3402740449999997,3.1088688629999996,3.5716792269999997,0.46281036400000010000
5865,3.3973897410000010,3.0697036374000004,3.7250758445999996,0.65537220719999920000
5866,3.6296707974999998,3.3212795165000000,3.9380620785000000,0.61678256199999960000
5867,2.8126339869999994,2.7932147817999997,2.8320531921999996,0.03883841039999991000
5869,3.5973199190000003,3.2679554866000000,3.9266843514000000,0.65872886480000000000
5870,3.2249468205000000,3.1404599487000000,3.3094336923000003,0.16897374360000050000
5871,3.0003058644999996,2.9418147187000000,3.0587970102999997,0.11698229159999984000
5872,3.5056811009999973,3.2338963414000000,3.7774658606000004,0.54356951920000050000
5873,2.8738828885000003,2.7292052439000000,3.0185605331000000,0.28935528920000000000
5874,3.2246629564999990,3.0549989391000000,3.3943269739000006,0.33932803480000073000
5875,2.4140174350000000,2.3511652610000000,2.4768696089999995,0.12570434799999974000
5876,2.8377455799999995,2.7619234120000000,2.9135677479999997,0.15164433599999994000
5877,2.8851365550000000,2.7688095770000003,3.0014635330000000,0.23265395599999960000
5878,2.7868480179999997,2.7447676252000000,2.8289284108000006,0.08416078560000040000
5880,2.9347245430000000,2.9323219602000000,2.9371271258000000,0.00480516560000010500
5881,3.0886603175000005,2.8296940445000000,3.3476265905000004,0.51793254600000040000
5882,2.4883570424999997,2.3296366255000005,2.6470774595000000,0.31744083399999967000
5883,2.6506448120000000,2.5494264872000003,2.7518631368000000,0.20243664959999963000
5885,3.1608073940000003,3.0909755515999997,3.2306392364000000,0.13966368480000035000
5886,3.3740348739999990,3.1650364235999997,3.5830333243999997,0.41799690079999996000
5887,2.6327396695000000,2.5434726017000000,2.7220067372999996,0.17853413559999964000
5888,2.9104932715000000,2.7506493801000000,3.0703371628999996,0.31968778279999954000
5890,2.8976119820000000,2.5324395748000000,3.2627843891999997,0.73034481439999950000
5893,2.9548314455000000,2.8706632237000000,3.0389996673000000,0.16833644360000033000
5894,2.7951465975000005,2.5286604364999996,3.0616327585000000,0.53297232200000040000
5895,3.2584948915000003,2.9818116481000000,3.5351781348999998,0.55336648679999990000
5896,2.8122473575000000,2.7351971004999998,2.8892976145000000,0.15410051400000047000
5897,2.7325932845000000,2.7256149983000000,2.7395715707000000,0.01395657239999970000
5899,3.1167190765000004,2.8311687071000000,3.4022694459000000,0.57110073880000020000
5900,2.2639179640000000,2.0784147784000000,2.4494211496000005,0.37100637120000046000
5901,2.4931577555000004,2.4760204577000002,2.5102950533000000,0.03427459559999990000
5902,2.4379293425000004,2.3617480055000000,2.5141106795000003,0.15236267400000036000
5905,3.4664942310000004,3.0968895234000002,3.8360989386000000,0.73920941519999990000
5907,3.5444150535000003,3.2755390749000000,3.8132910321000004,0.53775195720000020000
5908,2.5632152739999996,2.5462323644000000,2.5801981836000000,0.03396581920000008000
5910,2.3386212930000005,2.2810975758000000,2.3961450102000000,0.11504743440000009000
5914,3.4232449405000000,3.1212617167000003,3.7252281643000000,0.60396644759999950000
5915,2.5086771770000000,2.4390323061999997,2.5783220478000000,0.13928974160000030000
5916,3.4170080969999987,3.1076453357999996,3.7263708581999997,0.61872552240000010000
5917,2.7912519140000005,2.7648026796000000,2.8177011484000003,0.05289846880000049000
5918,2.8947524715000004,2.8341242601000000,2.9553806829000000,0.12125642280000015000
5920,2.3067746745000000,2.1806844047000000,2.4328649443000000,0.25218053959999986000
5923,2.4594813325000000,2.2801706655000000,2.6387919995000000,0.35862133399999996000
5925,3.3884253589999993,3.0471487026000000,3.7297020154000000,0.68255331280000010000
5926,3.2020820789999997,3.0188065105999997,3.3853576474000000,0.36655113680000007000
5927,3.2067729790000000,3.0935813706000000,3.3199645874000003,0.22638321680000040000
5928,2.4663614010000003,2.4272695614000000,2.5054532405999996,0.07818367919999947000
5929,2.8699485445000000,2.6357663623000000,3.1041307267000002,0.46836436440000020000
5930,2.4673263380000003,2.3357450028000004,2.5989076732000003,0.26316267039999985000
5931,2.4543929444999995,2.3965373666999996,2.5122485222999997,0.11571115560000012000
5932,2.7810033969999997,2.6761179557999997,2.8858888381999996,0.20977088239999997000
5934,2.9271425604999997,2.7847767847000000,3.0695083362999998,0.28473155159999974000
5936,2.6133269639999996,2.3287105496000000,2.8979433784000004,0.56923282880000060000
5937,2.6208175860000000,2.5315301516000000,2.7101050204000000,0.17857486879999973000
5939,2.9874587225000004,2.9290222115000000,3.0458952334999996,0.11687302199999960000
5940,2.1183850135000000,1.9642262081000001,2.2725438189000000,0.30831761079999986000
5941,3.2700067745000000,3.1371850843000000,3.4028284646999998,0.26564338039999980000
5942,3.2680598670000003,2.9049018137999996,3.6312179201999997,0.72631610640000010000
5943,3.4720586300000000,3.1614812819999996,3.7826359780000000,0.62115469600000050000
5944,3.4654010539999995,3.1109402755999995,3.8198618323999995,0.70892155680000000000
5945,2.0958354895000000,1.9848060937000003,2.2068648853000004,0.22205879160000008000
5946,3.4360046849999990,3.0421141590000000,3.8298952109999997,0.78778105199999970000
5947,3.1887981305000004,2.9249909827000000,3.4526052783000000,0.52761429560000030000
5948,2.1230049880000000,1.9942433928000000,2.2517665832000000,0.25752319039999970000
5950,3.4401988854999990,3.1372052397000000,3.7431925313000000,0.60598729160000000000
5951,3.5170569825000000,3.2024349755000000,3.8316789895000000,0.62924401399999970000
5952,2.4978586515000000,2.4823053121000000,2.5134119909000000,0.03110667880000006500
5953,2.2546317765000000,2.1719818659000000,2.3372816871000000,0.16529982120000009000
5955,2.6118245199999990,2.5858675119999996,2.6377815280000005,0.05191401600000089500
5956,2.3461821285000000,2.1749424771000000,2.5174217799000003,0.34247930280000016000
5958,3.1233260270000000,3.0032232378000000,3.2434288162000000,0.24020557839999990000
5960,3.2768519585000010,3.0662691419000000,3.4874347751000000,0.42116563320000020000
5962,3.1455753884999997,3.0303343439000000,3.2608164331000000,0.23048208920000013000
5963,2.2516293980000004,2.1357056387999998,2.3675531572000000,0.23184751840000040000
5965,2.1264860020000000,2.1143520028000000,2.1386200012000000,0.02426799840000004600
5966,2.9427831229999994,2.8674575722000000,3.0181086738000000,0.15065110159999984000
5967,2.5129175610000000,2.5034409854000000,2.5223941365999996,0.01895315119999940700
5968,2.7766949780000000,2.7747537691999997,2.7786361868000000,0.00388241760000029860
5970,2.7106697100000000,2.6661802260000003,2.7551591939999995,0.08897896799999927000
5971,2.8760700285000005,2.7163244399000000,3.0358156171000004,0.31949117720000020000
5973,2.4508866950000000,2.4035252170000003,2.4982481730000000,0.09472295599999958000
5974,2.3136032500000000,2.3106281500000000,2.3165783500000000,0.00595020000000001700
5980,3.3713580125000000,3.1469028175000000,3.5958132075000004,0.44891039000000044000
5986,3.0603600169999990,3.0324876238000003,3.0882324101999994,0.05574478639999913600
5988,2.9277506900000000,2.7361949660000000,3.1193064140000000,0.38311144800000020000
5990,3.0597370735000000,2.9740699029000000,3.1454042441000003,0.17133434120000013000
5991,2.3939264955000000,2.2892946937000000,2.4985582973000000,0.20926360359999974000
5993,2.7879720919999995,2.7525517288000003,2.8233924552000000,0.07084072639999972000
5994,3.3588535124999996,3.0636277174999997,3.6540793075000000,0.59045159000000020000
5996,3.0095520360000000,2.9876788504000000,3.0314252216000000,0.04374637120000013400
5997,2.6960400920000000,2.6486697288000000,2.7434104552000003,0.09474072640000042000
5998,2.7000894015000000,2.5821391621000000,2.8180396409000004,0.23590047880000053000
5999,2.9065828405000000,2.7506603767000000,3.0625053043000000,0.31184492760000015000
6000,2.4712120725000006,2.4041696435000000,2.5382545015000000,0.13408485800000003000
6001,2.7494158380000000,2.7098271028000000,2.7890045731999997,0.07917747039999990000
6003,2.6337009494999997,2.5741505697000004,2.6932513292999998,0.11910075959999933000
6004,2.7278482979999996,2.7232489787999996,2.7324476172000000,0.00919863840000045800
6005,3.0900355674999993,2.9759621944999997,3.2041089405000003,0.22814674600000062000
6006,2.4927365300000000,2.4296535420000000,2.5558195180000000,0.12616597599999980000
6007,2.3728882710000008,2.2201341626000000,2.5256423794000000,0.30550821679999984000
6009,2.6635102704999998,2.5838519787000003,2.7431685622999997,0.15931658359999945000
6010,2.7979069775000007,2.6942145685000000,2.9015993865000000,0.20738481799999997000
6011,3.0726563949999997,2.8557365530000000,3.2895762370000000,0.43383968400000006000
6012,1.9769346544999997,1.7951955927000000,2.1586737163000000,0.36347812360000000000
6016,3.2938879750000000,2.9945819650000000,3.5931939850000005,0.59861202000000050000
6017,2.5263417584999996,2.4262014550999997,2.6264820619000000,0.20028060680000026000
6018,3.4220070650000003,3.0907062910000000,3.7533078389999996,0.66260154799999960000
6019,2.8552318165000000,2.8445710899000005,2.8658925431000000,0.02132145319999967400
6020,2.4694407705000003,2.3165000623000003,2.6223814787000004,0.30588141640000010000
6024,2.9332633385000000,2.6474410738999996,3.2190856031000000,0.57164452920000030000
6025,2.7084212240000000,2.6726605136000000,2.7441819344000000,0.07152142079999990000
6026,2.8377935615000000,2.7733329861000000,2.9022541369000000,0.12892115080000010000
6027,2.3618436875000000,2.2083930125000000,2.5152943625000000,0.30690134999999996000
6028,3.1722908700000008,2.9824316180000000,3.3621501220000000,0.37971850399999996000
6029,2.3066580744999996,2.1566512447000000,2.4566649043000000,0.30001365960000026000
6030,2.8961089309999997,2.8698309586000006,2.9223869034000000,0.05255594479999948000
6031,1.9376603974999990,1.7780850385000000,2.0972357565000000,0.31915071799999994000
6032,3.5188254574999993,3.1597088405000000,3.8779420745000000,0.71823323399999990000
6033,2.6988024850000008,2.6480198789999996,2.7495850910000000,0.10156521200000057000
6036,3.5979623700000000,3.2007537179999996,3.9951710219999996,0.79441730400000000000
6038,2.8311455139999997,2.7908889195999995,2.8714021084000000,0.08051318880000036000
6039,2.8850250425000000,2.8553918595000000,2.9146582254999998,0.05926636599999968000
6041,3.4760642364999996,3.0888943311000000,3.8632341419000000,0.77433981079999990000
6045,3.4477628489999996,3.0770743886000003,3.8184513094000000,0.74137692079999960000
6046,3.0507926295000000,2.9496192813000004,3.1519659777000000,0.20234669639999980000
6047,3.1048353825000000,2.7949667354999996,3.4147040294999997,0.61973729400000010000
6048,2.1360576375000010,1.8845569825000001,2.3875582925000000,0.50300130999999990000
6050,2.1263964915000004,1.9714670949000002,2.2813258881000000,0.30985879319999987000
6053,3.2569429674999997,3.1349901545000000,3.3788957804999997,0.24390562599999965000
6056,2.9678220935000000,2.7311937308999994,3.2044504560999996,0.47325672520000020000
6058,2.2112303210000010,2.1280589926000000,2.2944016494000000,0.16634265679999993000
6060,3.2622057090000007,3.1485655926000000,3.3758458254000003,0.22728023280000054000
6062,2.8627981215000000,2.6390905700999996,3.0865056729000004,0.44741510280000085000
6067,3.2576087585000004,2.9730614619000004,3.5421560551000004,0.56909459320000000000
6068,3.3535993089999985,3.0768834326000003,3.6303151853999998,0.55343175279999950000
6069,2.4776843415000000,2.4735348780999997,2.4818338049000000,0.00829892680000021700
6070,3.2860817410000003,2.9643432373999996,3.6078202446000000,0.64347700720000050000
6071,3.4116871750000010,3.0493228450000003,3.7740515050000005,0.72472866000000020000
6072,2.9313346890000003,2.8187173645999994,3.0439520133999998,0.22523464880000033000
6076,2.7333439220000000,2.6423643532000005,2.8243234908000000,0.18195913759999938000
6077,2.2629012070000000,2.1000911242000000,2.4257112897999997,0.32562016559999973000
6079,2.8223453950000000,2.7783895529999993,2.8663012370000000,0.08791168400000071000
6080,3.5103993625000003,3.2069851075000004,3.8138136175000000,0.60682850999999970000
6082,2.2738742315000000,2.1422741389000000,2.4054743241000000,0.26320018520000010000
6084,2.5508324555000006,2.4223270733000000,2.6793378377000003,0.25701076440000037000
6085,2.2874740370000000,2.2131400222000000,2.3618080517999998,0.14866802959999958000
6087,2.5246865269999996,2.5025283378000000,2.5468447162000003,0.04431637840000047000
6089,2.8625126360000000,2.8334212904000005,2.8916039816000000,0.05818269119999941500
6091,3.0519419335000000,2.8568303069000000,3.2470535601000000,0.39022325319999984000
6092,2.6022241764999990,2.4903366471000000,2.7141117059000006,0.22377505880000070000
6093,3.2512184840000020,3.0697706775999993,3.4326662904000000,0.36289561280000050000
6094,3.0693703779999995,3.0133005291999995,3.1254402268000003,0.11213969760000086000
6095,2.4826093214999996,2.3524327928999997,2.6127858501000003,0.26035305720000057000
6096,2.6281085470000000,2.5384175657999997,2.7177995282000000,0.17938196240000037000
6098,3.0049702110000000,2.8863022954000000,3.1236381266000000,0.23733583119999980000
6099,3.0080408679999990,2.8139384152000004,3.2021433208000003,0.38820490559999987000
6101,3.1594536359999990,3.0067146904000000,3.3121925815999997,0.30547789119999980000
6103,2.5247442790000005,2.4908409674000000,2.5586475905999997,0.06780662319999964000
6105,3.0428651860000000,2.9837040604000005,3.1020263116000000,0.11832225119999950000
6106,3.0268334705000000,2.8700376587000000,3.1836292823000000,0.31359162360000026000
6110,3.0820278785000000,2.9873518299000000,3.1767039270999997,0.18935209719999957000
6111,2.2676595755000000,2.0460773453000000,2.4892418057000000,0.44316446039999980000
6112,3.3422350569999995,2.9386386798000000,3.7458314341999994,0.80719275439999950000
6115,3.3618004985000000,3.0600470979000000,3.6635538991000000,0.60350680120000000000
6116,3.7249222495000005,3.3524511493000000,4.0973933497000000,0.74494220039999970000
6117,3.0607969025000000,2.8158976635000000,3.3056961415000000,0.48979847800000000000
6118,3.3293686339999997,3.0407436876000005,3.6179935804000003,0.57724989279999980000
6119,3.4234728010000000,3.0962151213999998,3.7507304806000000,0.65451535920000040000
6120,3.3916080850000000,3.1644701190000000,3.6187460509999996,0.45427593199999940000
6121,2.7615747145000000,2.7319812286999996,2.7911682003000005,0.05918697160000086000
6123,3.6350952265000003,3.3081889171000000,3.9620015358999994,0.65381261879999950000
6126,3.5602585385000003,3.2132051539000000,3.9073119231000004,0.69410676920000030000
6128,2.7996841084999993,2.6470121519000000,2.9523560651000000,0.30534391320000020000
6132,3.1099001280000010,2.8564717792000000,3.3633284768000005,0.50685669760000040000
6133,2.9623148355000000,2.8955699697000000,3.0290597013000000,0.13348973160000010000
6134,2.4502531880000005,2.4220203128000004,2.4784860632000000,0.05646575039999968000
6135,3.3081319330000000,3.1005083062000000,3.5157555598000000,0.41524725360000003000
6136,2.8520397135000000,2.7140543989000000,2.9900250281000003,0.27597062920000015000
6138,2.4631572815000000,2.2405925941000002,2.6857219689000000,0.44512937479999960000
6140,2.5113667425000004,2.3039594395000000,2.7187740455000000,0.41481460600000020000
6141,2.4595295760000000,2.2626229456000000,2.6564362064000000,0.39381326080000000000
6142,3.5903879115000000,3.2931730761000000,3.8876027468999994,0.59442967079999940000
6143,3.3783329299999990,3.0592841020000003,3.6973817580000000,0.63809765599999980000
6146,3.4637990480000007,3.1681730672000000,3.7594250288000000,0.59125196159999980000
6147,2.4782061635000010,2.3828620981000000,2.5735502289000000,0.19068813079999990000
6148,2.4509429215000003,2.3361065529000000,2.5657792901000005,0.22967273720000048000
6149,3.5451590139999993,3.2487786196000004,3.8415394084000000,0.59276078879999970000
6151,2.6311510890000000,2.4867067246000003,2.7755954534000000,0.28888872879999950000
6152,2.2621509865000000,2.1095237919000000,2.4147781811000000,0.30525438919999990000
6153,3.0806207945000006,2.7717871122999997,3.3894544767000000,0.61766736440000040000
6154,3.1091982630000000,3.0393871682000000,3.1790093578000005,0.13962218960000028000
6157,2.3379084505000000,2.1547282702999997,2.5210886307000000,0.36636036040000030000
6158,2.9649699130000005,2.9171390782000000,3.0128007478000000,0.09566166960000011000
6160,2.3842278860000006,2.3034259315999996,2.4650298403999997,0.16160390880000008000
6163,2.6698911740000004,2.6451619044000000,2.6946204436000000,0.04945853919999976000
6164,2.8243316220000000,2.7784578708000005,2.8702053732000000,0.09174750239999963000
6165,2.8379397015000000,2.6313643821000000,3.0445150209000000,0.41315063879999990000
6166,2.9326117260000000,2.8243016164000000,3.0409218356000003,0.21662021920000019000
6167,2.8908476829999996,2.7800143561999993,3.0016810097999995,0.22166665360000026000
6168,2.7073960094999996,2.6642872057000000,2.7505048133000000,0.08621760760000008000
6169,2.6452142784999975,2.6064255899000000,2.6840029670999996,0.07757737719999946000
6170,2.7281440929999996,2.7054128558000000,2.7508753302000004,0.04546247440000028600
6171,2.9990797160000002,2.9762638296000000,3.0218956024000000,0.04563177279999975000
6172,2.4438519905000000,2.3956511943000000,2.4920527867000000,0.09640159239999990000
6173,2.4484080000000006,2.2714212000000000,2.6253947999999996,0.35397359999999980000
6174,2.9006704360000000,2.8489846104000005,2.9523562616000003,0.10337165119999980000
6175,2.7900620314999998,2.6389144440999996,2.9412096189000000,0.30229517480000023000
6176,3.0916778300000000,2.9891885620000000,3.1941670980000000,0.20497853600000004000
6177,2.8990264655000000,2.8557522517000002,2.9423006793000000,0.08654842759999992000
6179,3.3262853409999997,3.0197158774000004,3.6328548046000004,0.61313892720000010000
6181,2.5344692429999998,2.4002847458000000,2.6686537402000000,0.26836899439999984000
6182,3.0877410940000000,2.9289655316000007,3.2465166564000003,0.31755112479999960000
6184,2.6822817315000000,2.5897308241000000,2.7748326389000000,0.18510181479999988000
6185,2.6221163280000000,2.5646837968000000,2.6795488591999996,0.11486506239999983000
6186,2.8049432355000020,2.7567729297000000,2.8531135413000000,0.09634061160000007000
6187,3.6813539010000005,3.3704838614000003,3.9922239406000006,0.62174007920000030000
6188,2.4546079015000000,2.4435643409000000,2.4656514621000000,0.02208712119999978200
6189,2.8785245385000002,2.6950211538999995,3.0620279231000000,0.36700676920000050000
6190,3.4752943935000000,3.1072901508999995,3.8432986360999997,0.73600848520000020000
6191,3.3992581244999993,3.0513873743000000,3.7471288747000000,0.69574150040000000000
6194,2.2448969720000007,2.1555101832000000,2.3342837608000000,0.17877357759999990000
6195,2.2017755090000000,2.0260101054000000,2.3775409126000000,0.35153080719999963000
6196,2.8329683825000000,2.6523305355000004,3.0136062295000000,0.36127569399999970000
6198,2.8005839784999997,2.6369995699000004,2.9641683871000000,0.32716881719999960000
6199,2.6053858979999984,2.4881846572000000,2.7225871388000000,0.23440248159999966000
6200,2.6252161745000000,2.4077446443000000,2.8426877047000000,0.43494306039999975000
6202,2.9473884719999996,2.8831254607999997,3.0116514832000000,0.12852602240000044000
6203,2.5611123360000000,2.4467486016000000,2.6754760704000002,0.22872746880000028000
6204,2.6820605835000000,2.5703304169000000,2.7937907501000000,0.22346033319999980000
6206,3.0467321260000000,2.9189917764000000,3.1744724756000000,0.25548069920000005000
6207,3.1102736944999996,2.9346243722999996,3.2859230167000000,0.35129864440000036000
6208,2.5311625040000000,2.4863219024000000,2.5760031056000003,0.08968120320000050000
6209,3.0707739795000000,2.9705887713000005,3.1709591877000003,0.20037041639999975000
6210,3.2546026795000005,3.0842209513000000,3.4249844077000002,0.34076345640000040000
6211,2.6252991700000017,2.5507028380000000,2.6998955020000000,0.14919266400000009000
6214,2.5026855639999996,2.4832013384000000,2.5221697896000000,0.03896845120000014000
6216,3.1042787214999996,2.8416934101000004,3.3668640328999997,0.52517062279999930000
6217,2.8524268540000000,2.7887777124000000,2.9160759956000000,0.12729828320000003000
6218,2.8195793870000000,2.6998727417999997,2.9392860322000000,0.23941329040000037000
6219,3.5958898315000020,3.2132677641000000,3.9785118988999995,0.76524413479999960000
6220,3.0873304110000000,2.9834813754000000,3.1911794465999996,0.20769807119999983000
6221,3.2507044120000010,2.9862177768000000,3.5151910471999996,0.52897327039999990000
6225,2.2913815300000000,2.2594449180000000,2.3233181419999998,0.06387322399999995000
6226,3.2033578869999997,2.8030386418000000,3.6036771322000005,0.80063849040000030000
6227,3.4374710399999997,3.0993118560000000,3.7756302239999995,0.67631836799999960000
6228,2.8957709800000000,2.6543613719999994,3.1371805880000000,0.48281921600000066000
6229,2.4863294070000013,2.4751711698000000,2.4974876442000000,0.02231647440000017500
6230,2.5920100715000000,2.4048989001000000,2.7791212429000000,0.37422234280000000000
6232,3.5156275200000000,3.1378741279999995,3.8933809120000000,0.75550678400000050000
6233,3.0186947964999997,2.7816155151000000,3.2557740779000000,0.47415856280000000000
6234,3.4470181534999990,3.1015622149000000,3.7924740921000000,0.69091187720000000000
6236,3.4224143819999995,3.0838061347999997,3.7610226291999997,0.67721649440000010000
6239,2.6139023325000000,2.5240581995000000,2.7037464655000000,0.17968826599999987000
6240,2.2959660504999997,2.1640920303000000,2.4278400707000000,0.26374804039999990000
6241,3.3384801429999990,3.1352134002000000,3.5417468858000003,0.40653348560000024000
6243,3.3998690220000000,3.1570838307999995,3.6426542132000000,0.48557038240000060000
6244,2.7767833509999997,2.6943874913999997,2.8591792106000000,0.16479171920000013000
6245,2.9438780675000005,2.8419268945000000,3.0458292405000000,0.20390234600000000000
6249,2.5657757020000003,2.5056262212000000,2.6259251827999996,0.12029896159999964000
6251,2.0996261794999995,1.9806553077000002,2.2185970513000000,0.23794174359999998000
6252,3.1923294304999996,3.0658736027000000,3.3187852583000000,0.25291165560000020000
6253,2.3443318335000000,2.2239323001000000,2.4647313669000000,0.24079906680000018000
6254,2.3035701105000000,2.1178248663000000,2.4893153547000000,0.37149048840000010000
6255,2.8645084929999998,2.8255650902000000,2.9034518958000000,0.07788680559999994000
6256,2.4395549665000003,2.3102381799000000,2.5688717531000003,0.25863357320000047000
6257,2.5362487095000000,2.4078112257000000,2.6646861933000000,0.25687496759999995000
6259,3.6770004354999997,3.3332614097000000,4.0207394613000000,0.68747805159999990000
6261,3.2056288969999995,2.9687112558000000,3.4425465382000000,0.47383528239999960000
6262,2.4838642025000000,2.4072697215000000,2.5604586835000000,0.15318896199999976000
6263,3.4157953745000000,3.0765135242999997,3.7550772247000004,0.67856370040000070000
6264,3.1002294089999990,2.7099063726000003,3.4905524454000005,0.78064607280000020000
6267,3.2187304295000000,2.8441686013000003,3.5932922577000000,0.74912365639999970000
6268,2.6505681395000003,2.5803857953000000,2.7207504837000000,0.14036468840000005000
6269,2.5566902945000005,2.5281841767000004,2.5851964122999997,0.05701223559999935000
6270,3.5723306034999993,3.1648692448999998,3.9797919621000000,0.81492271720000040000
6273,2.6108487900000004,2.5021776740000000,2.7195199060000000,0.21734223200000002000
6274,2.9248668919999990,2.8532220487999997,2.9965117352000000,0.14328968640000017000
6279,3.5594346710000010,3.1708561394000000,3.9480132026000003,0.77715706320000020000
6280,2.4882491530000004,2.4538476142000003,2.5226506918000000,0.06880307759999970000
6283,3.1871190510000003,2.9685970714000000,3.4056410306000000,0.43704395919999994000
6284,2.3604503410000000,2.2791902046000003,2.4417104774000000,0.16252027279999970000
6285,2.0202035784999994,1.9151285471000000,2.1252786099000000,0.21015006280000015000
6287,2.8214547345000000,2.8085960407000004,2.8343134283000000,0.02571738759999986400
6288,2.1247315945000000,1.8601245567000000,2.3893386323000000,0.52921407559999990000
6290,3.4503379725000000,3.1287119615000005,3.7719639834999996,0.64325202199999910000
6292,3.6633628710000000,3.3337764194000000,3.9929493226000000,0.65917290320000000000
6293,3.5550479229999996,3.2365786921999997,3.8735171538000000,0.63693846160000020000
6296,3.5400663064999995,3.2977140291000000,3.7824185838999993,0.48470455479999910000
6297,2.1539483055000000,1.9131433833000000,2.3947532277000000,0.48160984439999990000
6300,3.5911455765000007,3.2853578071000005,3.8969333459000000,0.61157553879999950000
6304,2.2230778819999992,2.1070583292000005,2.3390974348000000,0.23203910559999974000
6306,2.6690212055000004,2.5442983233000000,2.7937440877000000,0.24944576439999988000
6308,2.3383793825000003,2.1833652295000000,2.4933935355000000,0.31002830600000000000
6309,2.9832313635000010,2.8004451089000004,3.1660176180999997,0.36557250919999930000
6310,2.4224926104999995,2.3071295663000000,2.5378556547000000,0.23072608839999997000
6311,2.3372089860000003,2.1779105916000000,2.4965073803999998,0.31859678879999986000
6312,2.7777058350000003,2.6289229690000000,2.9264887009999994,0.29756573199999936000
6313,2.7537145120000000,2.5170439168000000,2.9903851072000000,0.47334119039999980000
6315,2.6198870490000000,2.5049254294000000,2.7348486686000000,0.22992323920000013000
6316,3.1360152700000000,3.0810813780000000,3.1909491620000000,0.10986778399999997000
6317,2.6773389290000003,2.5460049006000000,2.8086729574000000,0.26266805679999994000
6318,2.4636713890000004,2.3163984334000003,2.6109443446000000,0.29454591119999973000
6320,3.1308106220000003,2.9214700708000003,3.3401511732000000,0.41868110239999990000
6321,2.7209373200000000,2.4370830480000000,3.0047915920000000,0.56770854400000030000
6324,2.7176790485000000,2.5826294679000000,2.8527286290999996,0.27009916119999966000
6325,3.6684271925000003,3.3587952695000003,3.9780591155000000,0.61926384599999950000
6327,2.4543651515000002,2.4540728121000000,2.4546574909000003,0.00058467880000012680
6328,2.5406291695000003,2.5214320373000003,2.5598263017000000,0.03839426439999949000
6329,2.1671348280000000,2.0756420968000000,2.2586275592000000,0.18298546240000002000
6330,2.7990883135000000,2.7324916388999996,2.8656849881000000,0.13319334920000037000
6332,3.2067544235000000,3.0854105929000000,3.3280982541000004,0.24268766120000018000
6333,3.6684664974999994,3.3675606964999996,3.9693722984999997,0.60181160200000020000
6335,3.3289289340000000,3.0847465076000002,3.5731113604000000,0.48836485279999975000
6336,3.1483444090000010,2.7873097726000005,3.5093790454000002,0.72206927279999980000
6337,2.3624497425000000,2.2941766455000000,2.4307228395000000,0.13654619400000012000
6339,3.5440426030000000,3.1825276442000000,3.9055575618000002,0.72302991760000030000
6340,2.3049454575000006,2.1260080745000000,2.4838828404999997,0.35787476599999970000
6341,3.4296649315000014,3.1194661040999994,3.7398637589000000,0.62039765480000050000
6342,2.1284494065000000,1.9305572439000000,2.3263415691000002,0.39578432520000020000
6345,2.0985012414999997,1.9788419449000000,2.2181605381000000,0.23931859319999970000
6346,3.0332618035000000,2.8554629249000000,3.2110606821000000,0.35559775720000000000
6348,2.2120195485000000,2.1401221291000003,2.2839169678999998,0.14379483879999944000
6350,2.5604802405000000,2.5372989443000000,2.5836615367000000,0.04636259240000040000
6354,3.4060834619999993,3.1232616467999996,3.6889052772000004,0.56564363040000080000
6355,2.7657357035000000,2.7465638221000000,2.7849075848999996,0.03834376279999940400
6356,2.8439489980000000,2.8352277972000000,2.8526701988000003,0.01744240160000032300
6358,2.9217913780000000,2.7980643292000003,3.0455184267999997,0.24745409759999948000
6359,2.6143485939999995,2.5507780316000000,2.6779191564000000,0.12714112479999962000
6361,2.6958179390000000,2.6294031145999996,2.7622327633999997,0.13282964880000003000
6362,2.6693153600000000,2.6357635040000003,2.7028672159999996,0.06710371199999932000
6365,2.8134685455000000,2.7529971637000000,2.8739399273000000,0.12094276360000000000
6366,3.1291870640000000,3.0615882896000000,3.1967858384000000,0.13519754879999990000
6367,3.4813713219999990,3.0795810508000000,3.8831615931999990,0.80358054239999930000
6370,3.5575263950000005,3.3360373530000005,3.7790154370000000,0.44297808399999950000
6373,2.6506264095000000,2.5820262457000003,2.7192265733000000,0.13720032759999956000
6374,2.7320683420000003,2.7179220787999996,2.7462146052000005,0.02829252640000090600
6375,2.7221442990000004,2.6920629794000000,2.7522256186000003,0.06016263920000009000
6376,3.3756091130000000,3.0672331581999996,3.6839850678000006,0.61675190960000090000
6377,2.4954030139999994,2.4870186195999997,2.5037874083999996,0.01676878879999988000
6378,2.8275593139999997,2.8256574396000000,2.8294611884000007,0.00380374880000067250
6379,2.6016205834999990,2.5200119501000002,2.6832292169000000,0.16321726679999982000
6382,3.2225535995000003,2.9822554393000003,3.4628517596999995,0.48059632039999920000
6387,2.6178524045000002,2.5328186427000000,2.7028861663000000,0.17006752359999977000
6388,2.8332533709999996,2.7784107194000000,2.8880960226000000,0.10968530320000003000
6390,2.9468891010000005,2.6813223414000005,3.2124558606000004,0.53113351920000000000
6392,2.5235921624999986,2.4745896975000000,2.5725946275000000,0.09800493000000010000
6394,3.0776428719999998,2.9958824207999997,3.1594033232000000,0.16352090240000017000
6395,2.4506384410000000,2.4277998646000000,2.4734770174000000,0.04567715280000017600
6396,2.4276180060000003,2.3478548035999998,2.5073812084000000,0.15952640480000024000
6397,2.6253043390000000,2.5060168745999998,2.7445918034000000,0.23857492880000030000
6398,2.6205504040000000,2.5985229656000000,2.6425778424000000,0.04405487680000020000
6400,2.6588890905000007,2.5793519267000000,2.7384262543000000,0.15907432760000040000
6402,2.5851807250000000,2.5373266150000000,2.6330348349999997,0.09570821999999968000
6403,3.1264397235000000,2.8573268129000000,3.3955526341000000,0.53822582120000020000
6404,2.3387039979999993,2.2459291988000003,2.4314787972000000,0.18554959839999974000
6405,3.5445530450000000,3.2090702629999996,3.8800358270000000,0.67096556400000030000
6406,2.7462225380000000,2.6382171532000003,2.8542279228000003,0.21601076959999999000
6408,2.8034045305000000,2.7718367427000006,2.8349723183000000,0.06313557559999960000
6409,3.4067888044999997,3.0979835263000000,3.7155940827000000,0.61761055639999980000
6410,2.9033391565000004,2.8241332191000000,2.9825450939000000,0.15841187480000007000
6413,3.5579108375000010,3.2535191725000003,3.8623025025000000,0.60878332999999960000
6414,2.5362685940000000,2.4645632316000000,2.6079739564000000,0.14341072479999983000
6415,3.5043619749999984,3.1111751649999997,3.8975487849999997,0.78637362000000000000
6417,2.9732581665000004,2.9279850331000000,3.0185312999000002,0.09054626680000011000
6418,2.0204838150000000,1.9392206889999999,2.1017469410000000,0.16252625200000015000
6419,3.5572532525000002,3.3458257535000000,3.7686807515000000,0.42285499799999960000
6420,2.6209284394999997,2.5274498153000000,2.7144070637000000,0.18695724840000016000
6422,2.1990514610000000,2.1135468766000000,2.2845560454000005,0.17100916880000040000
6423,2.4398083410000000,2.2863992773999997,2.5932174046000000,0.30681812720000010000
6424,2.7693229329999993,2.6897341062000000,2.8489117597999996,0.15917765359999958000
6425,2.4219126734999990,2.3186324040999997,2.5251929429000000,0.20656053880000025000
6427,2.3666202655000004,2.2999833593000000,2.4332571717000000,0.13327381240000014000
6428,2.3745042775000000,2.3113379885000000,2.4376705665000005,0.12633257800000042000
6429,2.7680321260000000,2.6527209764000004,2.8833432756000000,0.23062229919999977000
6430,2.7562007095000000,2.6914885933000003,2.8209128257000002,0.12942423239999990000
6431,2.9827757255000000,2.9199316157000000,3.0456198353000000,0.12568821960000020000
6432,3.1567826375000005,2.9898628925000000,3.3237023825000000,0.33383948999999990000
6434,2.4775870045000000,2.4447694027000000,2.5104046063000000,0.06563520359999986000
6435,2.4514219065000000,2.3611651439000000,2.5416786691000000,0.18051352519999986000
6436,3.3812465829999994,3.0644392162000000,3.6980539498000000,0.63361473360000000000
6438,2.4266170300000000,2.2279518179999998,2.6252822420000000,0.39733042400000020000
6439,3.2017226224999993,2.7668588714999998,3.6365863735000000,0.86972750200000040000
6440,2.4553830335000004,2.4343942469000000,2.4763718201000002,0.04197757320000006000
6441,2.7809208155000000,2.6327807416999995,2.9290608893000000,0.29628014760000054000
6442,2.7422196800000000,2.6048091520000000,2.8796302080000000,0.27482105599999995000
6444,3.3304507740000000,3.1054314836000000,3.5554700644000000,0.45003858080000025000
6445,2.7863663425000005,2.6882396795000000,2.8844930055000004,0.19625332600000034000
6447,3.1518002065000000,2.7921478891000002,3.5114525239000000,0.71930463479999980000
6448,2.8561380089999990,2.6303884126000000,3.0818876054000000,0.45149919280000006000
6449,2.6274432140000000,2.5219540996000003,2.7329323283999996,0.21097822879999928000
6450,2.7219641494999980,2.7144188897000006,2.7295094093000000,0.01509051959999929700
6451,2.4198597279999996,2.1948582368000000,2.6448612192000000,0.45000298240000003000
6454,3.0757169995000000,3.0497585992999996,3.1016753997000000,0.05191680040000035000
6455,2.7062828845000000,2.6478616383000000,2.7647041307000000,0.11684249240000000000
6456,2.6647796944999995,2.5525855723000000,2.7769738167000004,0.22438824440000050000
6457,2.4286509850000004,2.3659149790000003,2.4913869910000000,0.12547201199999990000
6459,2.5828088204999986,2.4595823486999997,2.7060352922999997,0.24645294360000003000
6460,2.2130311369999993,2.1407290822000000,2.2853331918000000,0.14460410959999992000
6461,2.2640809930000000,2.1585793958000000,2.3695825902000003,0.21100319440000037000
6462,2.9045452890000005,2.8251482046000000,2.9839423734000000,0.15879416880000008000
6463,3.1249729924999990,3.0361437895000000,3.2138021955000000,0.17765840599999994000
6465,2.3099918135000000,2.2048714881000000,2.4151121389000000,0.21024065079999987000
6466,2.7731305670000000,2.7423555937999997,2.8039055401999997,0.06154994640000000000
6468,2.4263932750000000,2.3780367650000000,2.4747497850000000,0.09671302000000015000
6470,2.1780096009999994,1.9113673605999997,2.4446518414000000,0.53328448080000010000
6472,2.1312945380000000,1.9445243228000002,2.3180647532000000,0.37354043039999960000
6475,2.5439643140000000,2.4696725884000000,2.6182560396000003,0.14858345120000038000
6477,2.6752673585000000,2.6579220151000005,2.6926127019000000,0.03469068679999942600
6479,3.4849811684999996,3.1923316359000000,3.7776307011000000,0.58529906520000010000
6480,2.9059463320000000,2.7318264648000000,3.0800661992000000,0.34823973439999990000
6481,2.9877196695000000,2.8566427373000000,3.1187966016999997,0.26215386439999966000
6483,2.5705475805000000,2.4517501483000000,2.6893450127000000,0.23759486440000010000
6484,2.6466904280000003,2.5244669992000000,2.7689138568000000,0.24444685759999984000
6485,2.5342787534999998,2.3778426549000000,2.6907148520999997,0.31287219719999990000
6487,2.4663608159999986,2.4089404896000004,2.5237811424000003,0.11484065279999989000
6489,2.2684890970000002,2.0809699358000002,2.4560082582000000,0.37503832239999957000
6490,2.9279805034999997,2.8082555049000000,3.0477055021000000,0.23944999719999993000
6491,2.9600998184999994,2.9392290910999996,2.9809705458999995,0.04174145479999991000
6492,2.3924218135000004,2.3794237389000004,2.4054198881000004,0.02599614920000004000
6493,3.1598008694999997,2.9179976173000000,3.4016041216999997,0.48360650439999950000
6494,3.2469755395000000,3.1290813553000000,3.3648697237000000,0.23578836840000017000
6495,2.8857183519999990,2.8543978112000000,2.9170388928000000,0.06264108159999981000
6496,2.3601597555000002,2.1135770533000000,2.6067424577000000,0.49316540440000000000
6498,2.8027806160000000,2.7965320624000000,2.8090291695999996,0.01249710719999974600
6501,2.6777174345000000,2.6073448607000000,2.7480900083000000,0.14074514760000012000
6503,2.8862503345000000,2.6667216682999997,3.1057790007000000,0.43905733240000044000
6505,2.9599443375000000,2.9133864725000000,3.0065022025000000,0.09311573000000006000
6507,3.4182206734999996,2.9975329429000000,3.8389084041000000,0.84137546120000020000
6508,2.0638817525000010,1.9197034515000002,2.2080600535000000,0.28835660199999990000
6511,3.5014658380000000,3.1071205732000000,3.8958111027999998,0.78869052959999970000
6513,3.5044305074999995,3.2113115105000000,3.7975495044999996,0.58623799399999980000
6515,3.5993346194999996,3.2599364673000000,3.9387327717000000,0.67879630439999960000
6516,2.4812313929999994,2.2927164358000000,2.6697463502000000,0.37702991440000000000
6520,3.0662700575000006,2.9080184805000000,3.2245216344999994,0.31650315399999940000
6521,2.2539807119999997,2.1306980272000000,2.3772633968000000,0.24656536960000030000
6524,2.5829050820000000,2.5457602492000000,2.6200499147999996,0.07428966559999939000
6530,3.1829337659999997,3.0548600724000000,3.3110074596000003,0.25614738720000040000
6532,2.0979228814999997,1.9879429289000001,2.2079028341000000,0.21995990519999986000
6533,2.5636920044999996,2.4537036063000000,2.6736804027000000,0.21997679640000012000
6534,2.9011665850000000,2.8015012190000000,3.0008319510000003,0.19933073200000040000
6535,3.0457534589999997,2.9815776426000000,3.1099292754000000,0.12835163279999984000
6536,3.0578460240000000,2.9112104336000004,3.2044816143999997,0.29327118079999925000
6537,3.5581646389999997,3.2486532946000000,3.8676759833999994,0.61902268879999940000
6540,3.4555848920000000,3.0955728488000000,3.8155969352000000,0.72002408640000000000
6541,3.7202216084999997,3.3979630519000000,4.0424801651000000,0.64451711319999960000
6542,3.3741258399999996,3.0699745759999995,3.6782771040000000,0.60830252800000070000
6543,2.4676602250000000,2.3231033350000003,2.6122171149999995,0.28911377999999920000
6544,3.3673627185000004,2.9352538058999995,3.7994716311000003,0.86421782520000080000
6545,2.0026477789999997,1.8084046674000000,2.1968908906000000,0.38848622320000015000
6546,2.3512787390000005,2.1061000433999997,2.5964574346000000,0.49035739120000030000
6547,3.2690455834999996,3.0177866168999996,3.5203045501000000,0.50251793320000050000
6548,2.7167497405000000,2.5206236367000000,2.9128758443000002,0.39225220760000035000
6549,2.8266709270000000,2.7345508977999997,2.9187909562000000,0.18424005840000035000
6551,3.5778111289999996,3.2428599806000000,3.9127622773999997,0.66990229679999970000
6552,2.7134160885000007,2.7037145239000000,2.7231176531000000,0.01940312920000009000
6554,2.3271686185000000,2.2444387710999996,2.4098984659000000,0.16545969480000045000
6556,2.3430056170000000,2.2635629702000000,2.4224482638000002,0.15888529360000003000
6558,2.6234459249999980,2.5555482950000000,2.6913435549999996,0.13579525999999964000
6559,3.6136195195000016,3.2120429273000000,4.0151961117000000,0.80315318439999970000
6561,2.4135803444999997,2.3643430067000004,2.4628176823000003,0.09847467559999990000
6563,2.3686912030000005,2.3313739218000000,2.4060084841999996,0.07463456239999955000
6564,2.8016259900000000,2.6787623860000000,2.9244895940000000,0.24572720800000036000
6565,3.1942107180000000,2.9392826052000000,3.4491388308000000,0.50985622560000010000
6566,2.4363457654999996,2.2344638593000000,2.6382276717000000,0.40376381240000025000
6567,2.3549699299999998,2.2522351579999995,2.4577047020000000,0.20546954400000050000
6569,3.0975893665000007,2.8675487131000000,3.3276300199000004,0.46008130680000026000
6570,2.9349043870000004,2.7155405418000000,3.1542682321999997,0.43872769039999990000
6571,2.8046568954999995,2.7802945373000000,2.8290192537000003,0.04872471640000020000
6572,3.0396402680000003,2.8424439752000000,3.2368365608000000,0.39439258559999990000
6573,3.4267235119999992,3.1787413168000000,3.6747057072000002,0.49596439040000020000
6574,3.4869245070000000,3.1336563098000000,3.8401927042000000,0.70653639440000000000
6580,2.1633538215000010,2.0115846929000000,2.3151229501000000,0.30353825720000005000
6581,3.5296591890000010,3.2140448646000000,3.8452735134000000,0.63122864880000010000
6582,3.4253223655000005,3.0865037117000003,3.7641410193000002,0.67763730760000000000
6583,3.2318225235000000,3.0244243329000000,3.4392207141000000,0.41479638120000040000
6584,3.1131770125000000,2.6911258175000000,3.5352282075000003,0.84410239000000020000
6585,2.5339184229999994,2.5238242538000000,2.5440125922000000,0.02018833840000011600
6587,2.7983685585000000,2.7854675351000004,2.8112695819000004,0.02580204679999997800
6588,3.1744959070000007,2.8585938698000000,3.4903979442000000,0.63180407440000020000
6590,2.9087101490000005,2.8464426086000000,2.9709776894000000,0.12453508080000031000
6593,2.7557984135000000,2.5989369789000000,2.9126598480999997,0.31372286919999980000
6596,2.2085772164999997,2.1128579299000000,2.3042965031000000,0.19143857319999968000
6597,2.3298790554999997,2.1826554333000000,2.4771026777000000,0.29444724440000014000
6600,2.9575129839999996,2.9443933904000000,2.9706325776000000,0.02623918719999984700
6603,2.5839664234999997,2.5519773929000000,2.6159554541000000,0.06397806119999982000
6604,2.4715414980000000,2.4614236972000000,2.4816592988000004,0.02023560160000048600
6605,3.3990841815000000,3.0839254541000000,3.7142429089000006,0.63031745480000060000
6606,2.2880478584999997,2.1228522019000002,2.4532435151000000,0.33039131319999980000
6607,2.7437815070000000,2.5838189097999997,2.9037441042000000,0.31992519440000010000
6608,2.4181426439999996,2.3485555864000000,2.4877297016000000,0.13917411520000034000
6609,2.9761315320000000,2.8936933448000004,3.0585697192000003,0.16487637439999991000
6610,2.5335837330000000,2.4166650398000000,2.6505024262000000,0.23383738640000030000
6612,3.2079812190000006,2.9815897066000003,3.4343727314000000,0.45278302479999954000
6613,3.2225304069999990,2.9504785698000000,3.4945822441999996,0.54410367439999960000
6614,3.5146935590000004,3.1603969826000000,3.8689901353999994,0.70859315279999930000
6615,3.6425612585000002,3.3399189619000005,3.9452035551000000,0.60528459319999950000
6617,2.6297386820000000,2.5426304092000000,2.7168469547999994,0.17421654559999933000
6618,2.6909044620000000,2.6908218772000000,2.6909870468000000,0.00016516960000023673
6619,2.6595831850000002,2.6589768590000000,2.6601895110000000,0.00121265199999998070
6622,3.6166658215000000,3.3240045500999997,3.9093270929000004,0.58532254280000060000
6623,3.6424721344999993,3.3186713883000000,3.9662728806999996,0.64760149239999980000
6624,3.1401220475000010,3.0199496665000005,3.2602944285000000,0.24034476199999943000
6625,2.9382639800000020,2.5759987719999997,3.3005291880000000,0.72453041600000030000
6626,3.5277790605000000,3.2572282847000000,3.7983298363000007,0.54110155160000060000
6627,3.6685684720000000,3.3499082608000000,3.9872286831999997,0.63732042239999980000
6630,3.2858326230000006,3.1530104722000000,3.4186547738000000,0.26564430160000010000
6631,2.4020455275000003,2.2225093165000000,2.5815817385000000,0.35907242200000010000
6633,2.7833211745000000,2.7194328443000000,2.8472095047000003,0.12777666040000035000
6634,2.5338039719999994,2.4523639832000000,2.6152439607999995,0.16287997759999940000
6635,2.9601667175000010,2.8172466044999998,3.1030868305000000,0.28584022600000036000
6637,2.6494099290000000,2.6001683574000003,2.6986515006000000,0.09848314319999973000
6640,2.7225191915000004,2.6001880681000000,2.8448503149000000,0.24466224679999993000
6641,2.2507666209999995,2.1231163726000000,2.3784168694000000,0.25530049679999990000
6643,2.6761117170000000,2.6327776038000000,2.7194458301999997,0.08666822639999960000
6645,2.7702149745000000,2.7345009642999996,2.8059289847000004,0.07142802040000085000
6646,2.8167372585000003,2.6511413618999997,2.9823331551000000,0.33119179320000036000
6647,2.9562890640000000,2.6984642896000004,3.2141138384000000,0.51564954879999950000
6648,2.8798337645000000,2.7476400703000000,3.0120274587000000,0.26438738839999987000
6650,3.3754028419999997,3.0178551787999996,3.7329505052000003,0.71509532640000060000
6651,3.1462020460000000,2.9335532644000000,3.3588508276000000,0.42529756320000000000
6652,2.1148139950000000,2.0440859970000000,2.1855419929999997,0.14145599599999992000
6655,3.5166284555000007,3.2419706377000000,3.7912862733000000,0.54931563559999970000
6656,2.9227252265000003,2.7775913171000000,3.0678591358999996,0.29026781879999940000
6657,2.1897493265000000,2.0401135959000003,2.3393850571000000,0.29927146119999960000
6659,3.5681032240000006,3.1758257135999997,3.9603807344000000,0.78455502080000050000
6661,2.3853468995000000,2.3520229397000000,2.4186708593000000,0.06664791960000027000
6662,3.5254662350000000,3.1413139290000000,3.9096185410000000,0.76830461200000010000
6663,2.8454288570000000,2.7850463997999997,2.9058113142000000,0.12076491440000048000
6666,3.0642232849999997,2.9086933990000000,3.2197531710000000,0.31105977199999970000
6667,3.3030395570000000,3.1265797798000000,3.4794993342000000,0.35291955439999967000
6668,2.9872503329999995,2.7890616662000003,3.1854389998000000,0.39637733359999980000
6669,2.7703459340000003,2.7292987076000000,2.8113931604000000,0.08209445280000027000
6670,2.8713488259999997,2.8505175564000003,2.8921800956000006,0.04166253920000029000
6671,2.5610320749999990,2.4903792449999997,2.6316849050000000,0.14130566000000044000
6672,3.0493388749999997,3.0088360250000000,3.0898417250000000,0.08100569999999996000
6674,2.9378151444999996,2.9036234867000004,2.9720068022999997,0.06838331559999933000
6675,2.8506434655000000,2.7570268517000000,2.9442600792999998,0.18723322759999972000
6677,3.1232996945000000,3.0141247723000000,3.2324746167000002,0.21834984440000005000
6678,3.4161753644999995,3.2256947103000004,3.6066560187000000,0.38096130839999940000
6679,2.4793231764999994,2.3492183059000000,2.6094280470999998,0.26020974119999973000
6681,2.2468825050000003,2.2171791030000000,2.2765859070000000,0.05940680399999998000
6682,3.2992889295000003,3.0316757013000000,3.5669021577000000,0.53522645639999980000
6684,2.4852567495000000,2.4412658493000000,2.5292476497000003,0.08798180040000014000
6685,3.1717738274999996,2.7792657585000002,3.5642818965000003,0.78501613800000000000
6687,3.6182138420000000,3.3347973788000003,3.9016303052000000,0.56683292639999960000
6688,3.6128504080000003,3.3229965712000000,3.9027042447999998,0.57970767359999980000
6689,2.9301102525000005,2.9059019535000000,2.9543185515000000,0.04841659800000020000
6692,3.0279590819999993,2.8376319147999998,3.2182862491999997,0.38065433439999996000
6694,3.2501589930000003,2.9657801902000000,3.5345377958000000,0.56875760560000010000
6695,3.5837425880000000,3.2229008231999994,3.9445843527999993,0.72168352959999990000
6696,2.4498631465000003,2.4289574879000000,2.4707688051000000,0.04181131720000009000
6697,2.9414612480000000,2.8445953472000003,3.0383271487999997,0.19373180159999936000
6698,3.0269565665000000,2.8282391931000000,3.2256739399000000,0.39743474680000010000
6699,2.6816847955000003,2.5499588773000000,2.8134107137000000,0.26345183640000025000
6700,2.6459588944999980,2.6099112523000003,2.6820065367000000,0.07209528439999957000
6701,2.8790911820000000,2.8464956548000000,2.9116867092000000,0.06519105440000006000
6702,3.3188095655000005,3.0872257917000003,3.5503933393000000,0.46316754759999945000
6703,2.8499519135000000,2.7930322789000000,2.9068715481000003,0.11383926920000009000
6704,2.1969435240000000,2.1480881144000000,2.2457989335999997,0.09771081919999958000
6706,2.6711584280000000,2.5740129992000000,2.7683038568000002,0.19429085760000042000
6707,2.0857715359999998,1.8415245216000000,2.3300185504000000,0.48849402880000015000
6708,3.2355279680000000,2.9475499552000004,3.5235059808000000,0.57595602559999960000
6709,3.1427087780000000,2.8408370892000003,3.4445804667999997,0.60374337759999940000
6710,3.1444694995000004,2.8830880993000000,3.4058508997000003,0.52276280040000020000
6712,2.5999258074999996,2.5587865304999995,2.6410650844999997,0.08227855400000017000
6713,2.2310056445000006,2.2001717867000004,2.2618395023000000,0.06166771559999962000
6719,2.7531176365000000,2.7184997819000000,2.7877354911000003,0.06923570920000044000
6720,3.5069401985000000,3.1147846778999995,3.8990957190999995,0.78431104120000010000
6722,3.4657088640000010,3.1936136095999994,3.7378041183999993,0.54419050879999990000
6723,2.3438714689999998,2.1904716814000000,2.4972712566000000,0.30679957519999990000
6724,2.3490925535000000,2.1360467321000000,2.5621383749000000,0.42609164279999990000
6726,2.2580658380000003,2.0713827028000000,2.4447489732000000,0.37336627040000003000
6727,3.3372771700000000,2.9686712380000000,3.7058831019999996,0.73721186399999940000
6728,3.5131503585000010,3.2125921019000003,3.8137086151000000,0.60111651319999960000
6729,2.2233595820000000,2.0762421492000000,2.3704770148000000,0.29423486560000000000
6730,2.7420351390000000,2.7366922834000000,2.7473779946000003,0.01068571120000028000
6731,3.0319851935000000,2.8988928708999997,3.1650775161000000,0.26618464520000050000
6733,2.9220852820000003,2.8636605948000000,2.9805099692000000,0.11684937440000010000
6734,2.3144989485000003,2.2016809691000000,2.4273169279000000,0.22563595880000030000
6735,2.8067589020000000,2.7384404628000003,2.8750773412000000,0.13663687839999960000
6736,3.0333978605000005,2.9857358047000004,3.0810599163000000,0.09532411159999965000
6737,2.4670395115000003,2.4534053069000000,2.4806737161000000,0.02726840919999995400
6738,2.5530390659999997,2.3783286396000000,2.7277494924000000,0.34942085280000024000
6739,2.7585580385000000,2.7391224231000000,2.7779936539000003,0.03887123080000032000
6741,2.4539419879999973,2.2682415832000000,2.6396423928000003,0.37140080960000030000
6742,3.0391738080000000,2.9464565312000004,3.1318910848000003,0.18543455359999994000
6743,2.6294157784999990,2.5248320899000000,2.7339994671000000,0.20916737720000000000
6744,2.9875673170000000,2.8346130438000000,3.1405215902000005,0.30590854640000040000
6745,2.2722693135000003,2.0047331881000000,2.5398054388999998,0.53507225079999990000
6747,2.5702032134999997,2.3850876989000000,2.7553187281000000,0.37023102919999973000
6748,2.9043850979999997,2.8098939372000000,2.9988762588000000,0.18898232160000017000
6750,2.8115880850000000,2.7942424510000000,2.8289337189999997,0.03469126799999955000
6751,2.0822320855000003,1.9633804513000002,2.2010837197000000,0.23770326840000000000
6753,2.8605019590000000,2.8099787426000002,2.9110251754000003,0.10104643280000003000
6754,3.0536542169999996,2.9949443037999997,3.1123641302000000,0.11741982640000037000
6755,2.7061591450000010,2.6762824030000000,2.7360358870000000,0.05975348399999980000
6757,2.7771388080000000,2.6752547312000003,2.8790228848000000,0.20376815359999956000
6758,2.3036833990000005,2.2246196394000000,2.3827471586000000,0.15812751919999980000
6762,3.1570249455000000,2.8301929237000003,3.4838569673000010,0.65366404360000050000
6763,2.4145658030000000,2.4099669242000004,2.4191646818000000,0.00919775759999952300
6764,3.0071295520000003,2.9315441728000000,3.0827149312000000,0.15117075840000016000
6767,2.3903292685000004,2.3872019610999997,2.3934565758999997,0.00625461480000000200
6768,3.0626115525000000,2.9891413735000003,3.1360817315000005,0.14694035800000016000
6769,3.0495000030000000,2.9216748042000003,3.1773252018000004,0.25565039760000020000
6770,2.7622026175000000,2.7232352645000004,2.8011699705000000,0.07793470599999974000
6771,2.4789250190000000,2.3927726114000000,2.5650774266000000,0.17230481519999996000
6772,2.8570546155000005,2.7734296617000003,2.9406795693000003,0.16724990760000003000
6774,2.9304518245000000,2.8355073543000002,3.0253962947000000,0.18988894039999993000
6775,2.7363115355000005,2.5622825496999995,2.9103405213000000,0.34805797160000074000
6777,3.4745385349999998,3.2123839490000000,3.7366931209999996,0.52430917199999970000
6778,2.7915879185000000,2.7322086859000000,2.8509671511000000,0.11875846520000000000
6779,2.9423011570000000,2.9265136197999997,2.9580886942000000,0.03157507440000051000
6780,2.7692593975000000,2.7612399565000003,2.7772788385000000,0.01603888199999970000
6781,2.5135137689999993,2.4671478614000000,2.5598796765999996,0.09273181519999962000
6784,2.9300428165000003,2.9001107430999995,2.9599748899000000,0.05986414680000029500
6785,2.7231591600000000,2.7019212240000003,2.7443970960000000,0.04247587199999980400
6786,2.5903967984999996,2.5147640791000000,2.6660295179000000,0.15126543880000032000
6787,2.2435563890000000,2.0906434334000000,2.3964693446000003,0.30582591120000036000
6788,2.5890017320000000,2.4126484248000004,2.7653550392000000,0.35270661439999973000
6789,2.2343422625000000,2.0254381575000000,2.4432463675000000,0.41780821000000000000
6790,3.1648557664999992,3.0257188730999998,3.3039926599000000,0.27827378680000026000
6792,2.4474600720000006,2.4352560432000003,2.4596641008000000,0.02440805759999964400
6794,2.9587548535000000,2.8366771949000000,3.0808325121000000,0.24415531720000017000
6795,3.3975354679999987,3.1986512551999997,3.5964196808000004,0.39776842560000070000
6796,2.1119196525000000,2.0953641915000000,2.1284751135000000,0.03311092200000010000
6798,2.7770771159999996,2.7503894696000000,2.8037647623999997,0.05337529279999975000
6799,2.7139299950000000,2.6429363969999997,2.7849235930000003,0.14198719600000054000
6800,2.7347898365000000,2.7072769711000000,2.7623027019000000,0.05502573079999973000
6801,3.5408480500000000,3.2517508700000004,3.8299452300000003,0.57819435999999990000
6802,2.4802236129999997,2.3959129677999997,2.5645342582000000,0.16862129040000040000
6803,3.0025106275000004,2.8144760785000000,3.1905451764999997,0.37606909799999990000
6804,3.0428419680000003,3.0317823808000000,3.0539015552000000,0.02211917439999977500
6805,3.4458117730000000,3.0992264821999997,3.7923970637999997,0.69317058160000000000
6806,2.4414841230000000,2.4288420738000000,2.4541261722000000,0.02528409840000023200
6808,2.7944403220000007,2.6710904508000000,2.9177901932000000,0.24669974240000014000
6811,2.9126038455000000,2.8940021837000000,2.9312055073000000,0.03720332360000000400
6814,3.3802968484999987,3.0538495879000000,3.7067441091000000,0.65289452120000040000
6815,2.2703779789999996,2.2142319874000000,2.3265239706000000,0.11229198320000000000
6816,2.5312216870000000,2.4513858122000000,2.6110575617999996,0.15967174959999975000
6818,3.4719090080000004,3.1033074112000000,3.8405106048000000,0.73720319360000010000
6819,2.3042632135000000,2.2770339281000000,2.3314924989000000,0.05445857080000005000
6820,2.7894910580000000,2.6439458811999996,2.9350362348000000,0.29109035360000046000
6823,3.3239991779999998,2.9722896492000000,3.6757087068000000,0.70341905760000010000
6826,2.5778944755000004,2.5185354852999997,2.6372534657000000,0.11871798040000048000
6827,3.4265483689999994,3.1433073165999996,3.7097894213999996,0.56648210479999990000
6829,2.7545829109999995,2.6391292754000000,2.8700365465999997,0.23090727119999954000
6830,2.8662627375000000,2.5752554325000000,3.1572700425000000,0.58201460999999990000
6832,3.4808578245000010,3.1637365543000000,3.7979790947000005,0.63424254040000070000
6833,2.6943159655000004,2.6206063793000000,2.7680255517000000,0.14741917240000024000
6834,2.9624756375000000,2.8837078925000000,3.0412433825000000,0.15753548999999990000
6835,2.2115093375000003,1.9937372025000002,2.4292814725000000,0.43554426999999984000
6836,2.1018354500000000,1.9406352700000000,2.2630356300000000,0.32240036000000005000
6837,2.9916663334999996,2.9872610000999997,2.9960716669000000,0.00881066680000008900
6838,3.0454016449999997,3.0394715029999997,3.0513317869999996,0.01186028399999994300
6839,2.8970543320000006,2.8794633992000000,2.9146452648000003,0.03518186560000025000
6840,2.7913874945000003,2.7169204923000000,2.8658544967000000,0.14893400440000004000
6841,2.6229610075000003,2.5048682105000000,2.7410538045000000,0.23618559399999972000
6842,2.3738944015000000,2.2646754409000000,2.4831133620999997,0.21843792119999960000
6843,3.0108133160000006,2.8037214424000000,3.2179051895999997,0.41418374719999960000
6844,3.3473514894999994,3.1143612853000002,3.5803416937000003,0.46598040840000010000
6845,3.0408429275000000,2.9923092985000000,3.0893765565000000,0.09706725800000005000
6847,3.0679582425000000,2.8368099395000000,3.2991065455000000,0.46229660599999980000
6849,3.4923451040000000,3.1579643455999995,3.8267258624000000,0.66876151680000050000
6850,2.1236664865000003,2.1018194919000000,2.1455134811000000,0.04369398919999989400
6852,3.6013592319999990,3.2657665248000000,3.9369519392000000,0.67118541440000000000
6854,2.3671072069999997,2.3090391242000000,2.4251752898000003,0.11613616560000040000
6855,3.2656220295000000,3.0821676413000000,3.4490764177000000,0.36690877640000030000
6857,3.4535988790000000,3.0945480306000004,3.8126497273999997,0.71810169679999940000
6858,2.6460565660000000,2.5377199396000000,2.7543931924000002,0.21667325280000016000
6859,3.3627338425000000,3.0592997795000000,3.6661679055000000,0.60686812600000020000
6860,3.0184377780000000,2.8203904892000002,3.2164850668000000,0.39609457759999955000
6862,3.4739273444999994,3.1140878823000000,3.8337668067000000,0.71967892439999970000
6864,2.2775098920000000,2.0601339352000000,2.4948858488000000,0.43475191360000000000
6865,2.7925081044999995,2.6823785463000003,2.9026376627000000,0.22025911639999984000
6867,3.3594187830000000,3.1454514962000000,3.5733860698000000,0.42793457360000000000
6868,2.3306444419999996,2.2231462652000000,2.4381426187999997,0.21499635359999970000
6869,3.4479964300000003,3.2347882020000000,3.6612046580000004,0.42641645600000055000
6870,2.9388961325000005,2.8646137855000000,3.0131784795000000,0.14856469400000005000
6871,3.3221829864999997,3.0661205811000003,3.5782453919000003,0.51212481080000000000
6872,2.6165846624999998,2.3404473275000000,2.8927219975000003,0.55227467000000010000
6873,2.8741014270000003,2.8488492562000000,2.8993535978000000,0.05050434159999995000
6874,3.2656802660000004,3.0632911724000000,3.4680693596000003,0.40477818720000025000
6875,3.0128212100000000,2.8915136940000004,3.1341287260000000,0.24261503199999980000
6876,2.4831129570000010,2.4033553742000002,2.5628705398000000,0.15951516559999980000
6878,2.0488644185000000,1.8176346511000003,2.2800941859000000,0.46245953479999957000
6879,2.3590211615000000,2.3259020261000000,2.3921402969000000,0.06623827080000000000
6882,2.6260483025000000,2.5882188235000000,2.6638777815000000,0.07565895800000000000
6883,2.1069336575000000,1.9379637945000001,2.2759035205000000,0.33793972599999990000
6884,3.1679782824999996,3.0404051955000000,3.2955513695000000,0.25514617400000006000
6887,2.2080941930000013,2.1525345157999998,2.2636538701999998,0.11111935439999998000
6888,3.1792068905000000,3.0844700467000000,3.2739437343000004,0.18947368760000050000
6889,3.1614901130000000,2.9284281582000000,3.3945520678000000,0.46612390959999983000
6891,3.4918593125000010,3.1572842374999994,3.8264343874999995,0.66915015000000010000
6892,3.3674495489999994,2.9919545686000000,3.7429445294000003,0.75098996080000010000
6893,3.4002640119999990,3.0459256168000000,3.7546024072000000,0.70867679040000020000
6898,2.9589746105000003,2.8202788547000000,3.0976703663000000,0.27739151159999986000
6902,2.8972005670000000,2.7592047938000004,3.0351963402000000,0.27599154639999980000
6903,2.8210088690000004,2.7213296166000000,2.9206881213999996,0.19935850479999973000
6904,3.2389929724999993,2.9935081615000003,3.4844777835000000,0.49096962199999970000
6906,2.9665712724999995,2.8327973814999994,3.1003451635000000,0.26754778200000073000
6907,2.3225050499999997,2.1346514300000000,2.5103586700000000,0.37570724000000010000
6910,2.3404146904999990,2.3150861667000000,2.3657432143000000,0.05065704760000011600
6911,2.9570360975000000,2.9404993365000003,2.9735728585000003,0.03307352200000002000
6914,2.3043028974999995,2.2229789385000000,2.3856268565000000,0.16264791800000022000
6915,2.9074845394999995,2.8683107553000000,2.9466583237000000,0.07834756839999990000
6916,2.5063700730000000,2.4565864438000005,2.5561537022000000,0.09956725839999958000
6917,2.8222764790000006,2.7797270706000000,2.8648258874000000,0.08509881679999998000
6918,2.8007526395000000,2.6534956953000000,2.9480095836999998,0.29451388839999960000
6919,2.8017202699999997,2.7366507780000000,2.8667897620000000,0.13013898399999980000
6920,3.1534112739999998,2.8736937836000000,3.4331287643999997,0.55943498079999990000
6922,3.0256055485000000,2.8771645679000000,3.1740465291000000,0.29688196120000000000
6923,3.1027243720000010,3.0294873208000000,3.1759614232000000,0.14647410240000003000
6924,2.9940105249999970,2.8926487350000003,3.0953723150000000,0.20272357999999980000
6925,3.1253008285000000,2.9441963599000003,3.3064052971000000,0.36220893719999970000
6926,2.3856835905000000,2.3238309543000004,2.4475362267000005,0.12370527240000007000
6927,3.6422012205000000,3.3388221087000000,3.9455803322999996,0.60675822359999950000
6928,2.4243230319999998,2.4221322192000003,2.4265138448000000,0.00438162559999977200
6929,3.4377406109999997,3.0802444554000000,3.7952367666000000,0.71499231120000010000
6930,3.1192174135000000,2.7411991789000000,3.4972356481000000,0.75603646920000010000
6932,3.4376629205000016,3.0301828886999997,3.8451429523000000,0.81496006360000010000
6934,2.1287027504999996,1.9688644503000001,2.2885410507000000,0.31967660040000000000
6936,2.4808372549999995,2.3242539530000000,2.6374205570000000,0.31316660400000007000
6937,3.4066308989999996,3.1729820586000000,3.6402797394000000,0.46729768079999980000
6939,2.7906057035000000,2.7762378221000000,2.8049735849000000,0.02873576279999978700
6940,2.6846483555000000,2.5479924977000000,2.8213042133000000,0.27331171559999980000
6941,2.1501203475000000,1.9629250085000000,2.3373156864999998,0.37439067799999970000
6942,3.1975034009999996,3.0471335614000000,3.3478732405999994,0.30073967919999944000
6943,2.7660599965000006,2.5539283951000002,2.9781915979000000,0.42426320279999974000
6944,3.3295746210000000,3.1053624694000000,3.5537867726000000,0.44842430319999993000
6945,2.1541537729999995,1.9168078637999997,2.3914996821999996,0.47469181839999997000
6946,3.2071679465000016,2.9294595251000000,3.4848763679000000,0.55541684280000010000
6947,2.5982520580000004,2.4407180812000000,2.7557860348000000,0.31506795359999984000
6948,3.0522459785000000,2.9539819698999996,3.1505099870999995,0.19652801719999990000
6949,2.1335546469999995,2.0170063882000000,2.2501029058000000,0.23309651759999994000
6950,3.0634938254999997,3.0492902953000005,3.0776973557000002,0.02840706039999974000
6951,2.9192014504999997,2.8747748306999994,2.9636280703000000,0.08885323960000058000
6955,2.4592326344999997,2.3942455807000000,2.5242196883000000,0.12997410760000028000
6956,2.6681773035000000,2.5421671821000000,2.7941874249000000,0.25202024280000000000
6957,2.6021777615000000,2.3788396661000000,2.8255158568999996,0.44667619079999943000
6958,2.7519163884999998,2.6569045439000000,2.8469282331000000,0.19002368919999980000
6960,2.9026263989999994,2.6479505586000000,3.1573022394000000,0.50935168080000000000
6961,2.1777808940000000,2.1312825364000000,2.2242792516000005,0.09299671520000041000
6962,3.4999491740000000,3.3073584436000000,3.6925399044000000,0.38518146079999970000
6963,2.7207093485000000,2.5623382879000003,2.8790804091000000,0.31674212119999990000
6964,2.4424441144999998,2.3977701603000000,2.4871180686999996,0.08934790839999973000
6966,2.7819679889999995,2.7346579934000000,2.8292779845999996,0.09461999119999964000
6970,2.9612223109999998,2.6723440354000000,3.2501005866000003,0.57775655120000020000
6971,3.0123352475000003,2.9497593465000000,3.0749111485000005,0.12515180200000042000
6972,3.0144881260000003,2.8849089764000000,3.1440672756000003,0.25915829920000010000
6973,3.2941275604999998,2.9919645847000000,3.5962905362999997,0.60432595159999990000
6981,2.8194976589999987,2.7877297953999998,2.8512655226000003,0.06353572720000056000
6983,1.9919026265000002,1.8083983759000000,2.1754068771000004,0.36700850120000040000
6984,2.4251938395000003,2.4220241753000000,2.4283635037000000,0.00633932840000017700
6985,2.4667776385000000,2.3017254939000003,2.6318297831000000,0.33010428919999990000
6987,2.5415391634999995,2.3228002980999998,2.7602780288999997,0.43747773079999996000
6988,2.5919885590000000,2.5192995826000000,2.6646775354000000,0.14537795280000010000
6989,2.9107363724999997,2.7469217214999997,3.0745510235000000,0.32762930200000050000
6990,2.9379335909999997,2.8243890274000000,3.0514781546000000,0.22708912719999974000
6991,3.3935463025000003,3.1798548235000004,3.6072377815000003,0.42738295799999990000
6992,3.0899464140000000,3.0581193796000004,3.1217734484000000,0.06365406879999957000
6993,2.9043660359999994,2.8216000504000000,2.9871320216000000,0.16553197120000007000
6994,3.4991086950000000,3.1979133730000000,3.8003040170000000,0.60239064400000020000
6995,2.4300837525000003,2.2657790515000000,2.5943884535000000,0.32860940200000010000
6996,3.0044676750000003,2.8263747450000000,3.1825606050000000,0.35618586000000010000
6999,3.3296219729999996,3.0811319621999997,3.5781119837999995,0.49698002159999977000
7000,2.6891990159999994,2.6512678224000000,2.7271302096000000,0.07586238719999994000
7002,3.4805486279999998,3.2262944791999995,3.7348027767999996,0.50850829760000020000
7004,2.5945315880000000,2.5745285528000000,2.6145346231999995,0.04000607039999959400
7006,2.8990571300000005,2.8799578780000004,2.9181563820000003,0.03819850399999991000
7007,3.4205121080000005,3.0635661512000003,3.7774580648000000,0.71389191359999950000
7008,2.5941694190000004,2.4237816514000000,2.7645571866000000,0.34077553519999970000
7009,2.6168387880000000,2.5580679032000000,2.6756096728000000,0.11754176959999985000
7011,3.3963074504999997,3.0235116307000000,3.7691032703000000,0.74559163960000020000
7012,2.5653662630000000,2.5598141578000000,2.5709183682000000,0.01110421040000009200
7013,3.2011333150000000,2.7566766410000003,3.6455899890000000,0.88891334799999950000
7014,2.6205451309999996,2.6136347833999998,2.6274554786000004,0.01382069520000062100
7015,2.9811833555000002,2.7212158977000000,3.2411508132999995,0.51993491559999950000
7016,2.2458984465000005,2.1293166679000000,2.3624802251000000,0.23316355720000015000
7017,3.0849222860000003,2.9623740004000000,3.2074705716000000,0.24509657119999995000
7018,3.6322955110000006,3.3174921154000003,3.9470989066000004,0.62960679120000010000
7021,2.8035086325000003,2.7938947795000000,2.8131224855000000,0.01922770600000012200
7022,2.7737859850000000,2.6945503790000000,2.8530215909999996,0.15847121199999980000
7023,2.2828589435000004,2.1053981661000000,2.4603197209000000,0.35492155479999976000
7024,2.4783812154999993,2.4760221017000000,2.4807403292999997,0.00471822759999973600
7025,3.1234174545000006,2.9670928363000000,3.2797420726999995,0.31264923639999953000
7027,2.9457079520000025,2.7891075328000000,3.1023083712000004,0.31320083840000024000
7029,2.5492752705000000,2.4113925787000000,2.6871579622999997,0.27576538359999960000
7030,3.7692856340000000,3.4820682876000000,4.0565029804000000,0.57443469280000010000
7034,2.6129414070000000,2.6117496441999997,2.6141331698000000,0.00238352560000043570
7038,2.5576256905000000,2.5300042143000003,2.5852471667000003,0.05524295239999999000
7039,2.3511148445000005,2.2419893067000003,2.4602403823000000,0.21825107559999957000
7040,2.6609716055000000,2.6283193632999997,2.6936238477000000,0.06530448440000036000
7042,2.7347147630000004,2.7322266681999996,2.7372028578000000,0.00497618960000023600
7043,3.4727546910000004,3.1583397673999998,3.7871696146000000,0.62882984720000000000
7045,3.3307568355000003,3.0287315696999997,3.6327821013000006,0.60405053160000090000
7046,2.2111601810000000,1.9582977086000000,2.4640226534000000,0.50572494479999990000
7047,2.4241123435000000,2.4182962061000000,2.4299284809000000,0.01163227480000017500
7049,3.0168772479999997,2.8340201472000000,3.1997343488000003,0.36571420160000034000
7050,2.9662145880000000,2.8169528232000000,3.1154763528000000,0.29852352960000017000
7051,2.8678573825000000,2.5856335355000000,3.1500812295000005,0.56444769400000050000
7052,3.4788463549999995,3.1471168969999996,3.8105758130000000,0.66345891600000020000
7053,2.2561395765000000,2.0062617459000000,2.5060174071000000,0.49975566120000003000
7054,2.7514178640000000,2.7458362095999997,2.7569995184000000,0.01116330880000004900
7055,3.0831460025000004,2.9456880035000000,3.2206040015000004,0.27491599800000044000
7057,2.4040505765000004,2.1989760071000000,2.6091251459000000,0.41014913880000003000
7059,2.7575537409999997,2.6921618446000000,2.8229456374000000,0.13078379279999996000
7061,2.9732104909999992,2.7909986874000000,3.1554222945999997,0.36442360719999956000
7062,2.3994326590000000,2.1998843954000000,2.5989809226000000,0.39909652720000020000
7063,2.8575659880000006,2.7690199831999998,2.9461119928000000,0.17709200960000038000
7064,2.2123660684999997,2.1292916411000000,2.2954404959000000,0.16614885479999986000
7065,2.1131944734999997,1.8834054840999999,2.3429834629000000,0.45957797880000006000
7067,2.5867454130000005,2.5776836478000003,2.5958071782000003,0.01812353040000003200
7069,3.5794048214999994,3.1747731501000000,3.9840364928999996,0.80926334279999960000
7070,1.8158574470000004,1.6257708682000000,2.0059440258000000,0.38017315759999980000
7071,2.4630001295000015,2.3962672777000000,2.5297329813000000,0.13346570360000020000
7072,3.4761623675000000,3.1544001145000005,3.7979246205000000,0.64352450599999940000
7073,3.4101052550000004,3.0761269570000000,3.7440835530000003,0.66795659600000020000
7074,3.1020676935000000,2.8309959708999997,3.3731394161000003,0.54214344520000070000
7075,2.4582389525000000,2.3620561715000004,2.5544217335000003,0.19236556200000000000
7076,3.4848608844999998,3.1921632383000000,3.7775585307000000,0.58539529239999990000
7077,3.1829285685000000,3.0294463958999995,3.3364107411000000,0.30696434520000040000
7079,2.9013556064999997,2.7658454491000000,3.0368657639000003,0.27102031480000033000
7080,3.2128981830000005,3.0363854562000000,3.3894109098000000,0.35302545359999990000
7081,2.4122815400000000,2.3539249559999997,2.4706381240000000,0.11671316800000042000
7082,3.1016189460000000,2.9752061243999997,3.2280317676000005,0.25282564320000090000
7083,2.5782326995000004,2.4661497793000002,2.6903156196999998,0.22416584039999954000
7084,2.1424532309999997,1.9819655386000000,2.3029409234000000,0.32097538480000010000
7085,3.4861897419999988,3.2426828387999995,3.7296966452000000,0.48701380640000070000
7086,2.0734150310000000,1.8733306185999998,2.2734994434000004,0.40016882480000060000
7087,3.2793692795000000,2.9460245913000000,3.6127139676999995,0.66668937639999950000
7088,3.0418156250000000,2.9395022749999997,3.1441289749999997,0.20462669999999994000
7091,2.7220899260000000,2.7060858964000000,2.7380939555999997,0.03200805919999983000
7093,3.1850224779999990,3.1016610692000000,3.2683838867999997,0.16672281759999974000
7095,2.9278765835000000,2.8959319501000000,2.9598212169000000,0.06388926679999996000
7096,2.6995976095000000,2.6565158532999997,2.7426793657000004,0.08616351240000064000
7097,2.1766721815000003,2.0233761089000000,2.3299682540999997,0.30659214519999980000
7098,3.0185464135000006,2.9202337789000000,3.1168590481000003,0.19662526920000012000
7099,3.0164141879999997,2.9125098632000000,3.1203185127999995,0.20780864959999956000
7100,2.3927511595000000,2.3713190956999997,2.4141832233000000,0.04286412760000013500
7101,3.5013910340000000,3.2065950476000000,3.7961870204000006,0.58959197280000050000
7102,2.3348892090000004,2.1585767254000000,2.5112016926000000,0.35262496719999970000
7105,2.1993292565000004,2.0505819538999996,2.3480765591000000,0.29749460520000026000
7106,2.7405049815000010,2.6198681740999996,2.8611417889000000,0.24127361480000030000
7107,3.5309519245000000,3.2179634942999997,3.8439403547000000,0.62597686040000020000
7111,2.2131456724999990,2.1047762035000000,2.3215151415000000,0.21673893799999977000
7114,3.1039458635000010,2.9630962089000000,3.2447955180999997,0.28169930919999950000
7115,2.9537866519999993,2.8886393127999996,3.0189339912000004,0.13029467840000075000
7116,3.0273771990000014,2.9946484786000003,3.0601059193999998,0.06545744079999949000
7118,3.0432617540000004,2.9587588556000000,3.1277646524000000,0.16900579679999960000
7119,3.2947722934999990,3.0818244109000000,3.5077201761000003,0.42589576520000040000
7120,2.4652403940000000,2.3030530364000000,2.6274277516000000,0.32437471519999983000
7121,2.2389831685000000,2.0109131011000000,2.4670532359000000,0.45614013480000004000
7122,2.4632562505000010,2.3172069503000000,2.6093055507000003,0.29209860040000013000
7123,3.0905539969999998,2.8816799958000003,3.2994279982000000,0.41774800239999976000
7124,3.0715519905000000,2.9195363867000000,3.2235675943000000,0.30403120760000000000
7125,2.9447295514999996,2.7431577721000000,3.1463013309000000,0.40314355880000010000
7127,2.9857858945000000,2.8573238523000000,3.1142479367000000,0.25692408440000003000
7128,2.6946983830000013,2.6316433362000002,2.7577534298000000,0.12611009359999992000
7129,2.8994438105000000,2.8029761346999997,2.9959114863000003,0.19293535160000053000
7130,3.3913913945000007,2.9725719522999996,3.8102108366999996,0.83763888440000000000
7133,2.6228102559999997,2.5069587583999997,2.7386617536000000,0.23170299520000048000
7137,3.2531503094999996,3.0173856333000004,3.4889149856999997,0.47152935239999927000
7139,2.6402188780000000,2.5868876292000005,2.6935501268000000,0.10666249759999946000
7140,2.6298903664999997,2.5374322199000000,2.7223485131000000,0.18491629320000014000
7141,2.8741192950000000,2.7416174130000000,3.0066211770000000,0.26500376399999980000
7142,2.4273830595000000,2.3538302357000003,2.5009358833000000,0.14710564759999967000
7143,3.6020841115000000,3.2544249561000000,3.9497432668999990,0.69531831079999940000
7144,2.8859278740000000,2.7288934236000000,3.0429623244000004,0.31406890080000016000
7145,2.8027216565000000,2.6094835191000003,2.9959597939000004,0.38647627480000013000
7148,2.4191956770000003,2.3439382062000003,2.4944531478000000,0.15051494159999956000
7149,2.3890007005000005,2.1512352203000003,2.6267661807000002,0.47553096040000000000
7153,2.7841586990000002,2.6496653786000000,2.9186520194000000,0.26898664080000010000
7155,3.5539791825000000,3.1560520555000000,3.9519063095000000,0.79585425400000000000
7156,2.9132711620000000,2.8666256268000000,2.9599166972000000,0.09329107040000029000
7158,2.8449251959999993,2.7200092744000000,2.9698411175999997,0.24983184319999951000
7159,2.6629184324999997,2.6177746594999998,2.7080622054999997,0.09028754599999989000
7160,2.7956540655000000,2.6857016917000000,2.9056064393000000,0.21990474760000023000
7161,3.1148025075000000,2.9779527105000000,3.2516523045000000,0.27369959400000000000
7162,3.1179637744999984,2.9567876843000000,3.2791398647000000,0.32235218039999980000
7163,3.1232153570000007,2.9079022998000000,3.3385284142000002,0.43062611440000030000
7164,2.7532527124999997,2.6941684275000000,2.8123369975000000,0.11816856999999992000
7165,3.2581794634999994,3.0893268489000003,3.4270320781000003,0.33770522920000000000
7166,2.7060985459999998,2.6321879644000000,2.7800091276000000,0.14782116320000016000
7168,2.7891202330000000,2.6485231262000000,2.9297173398000003,0.28119421360000010000
7169,3.1470687964999997,3.0956567151000000,3.1984808779000002,0.10282416280000017000
7170,2.8252533465000003,2.6642190850999996,2.9862876079000000,0.32206852280000040000
7172,3.2455838630000000,3.1526318082000000,3.3385359178000000,0.18590410959999960000
7174,2.0993998289999998,2.0116230974000002,2.1871765606000000,0.17555346319999998000
7175,2.3210009045000004,2.2812776663000000,2.3607241427000000,0.07944647640000024000
7176,2.1258551920000004,1.9913015152000000,2.2604088688000004,0.26910735360000040000
7177,3.2565454065000000,2.9516375690999994,3.5614532439000000,0.60981567480000050000
7178,2.2307665594999997,2.1161283357000000,2.3454047833000000,0.22927644759999977000
7179,2.4399522370000000,2.3471949422000000,2.5327095318000000,0.18551458960000033000
7180,2.6172183440000003,2.4325092816000000,2.8019274064000000,0.36941812480000014000
7181,2.8019885689999997,2.6968427966000004,2.9071343414000000,0.21029154479999956000
7182,2.8592149649999996,2.7747885790000000,2.9436413510000000,0.16885277200000015000
7183,2.8118918230000000,2.7702053522000000,2.8535782938000000,0.08337294159999997000
7189,2.5461331439999997,2.4061030864000000,2.6861632016000000,0.28006011519999996000
7190,2.4629102820000000,2.3486353692000000,2.5771851948000000,0.22854982560000003000
7191,3.2506388445000000,3.0765619823000000,3.4247157067000003,0.34815372440000036000
7193,3.2469196109999996,2.8665950554000000,3.6272441666000000,0.76064911120000020000
7194,3.0973566834999997,2.7968705569000000,3.3978428100999998,0.60097225319999970000
7195,2.8714103180000000,2.8306172452000000,2.9122033908000002,0.08158614560000021000
7196,2.7444498860000000,2.6107354404000000,2.8781643316000003,0.26742889120000024000
7197,2.7839135980000003,2.7674718372000000,2.8003553588000000,0.03288352160000007600
7198,2.7242579690000000,2.6158035566000000,2.8327123814000000,0.21690882479999996000
7199,3.5190091360000000,3.2265091904000003,3.8115090815999997,0.58499989119999940000
7200,3.1011082305000000,3.0413103227000000,3.1609061383000000,0.11959581560000032000
7201,2.3742204235000000,2.3311826541000000,2.4172581929000000,0.08607553879999985000
7202,3.2701766870000000,3.1450153618000000,3.3953380122000000,0.25032265039999980000
7203,3.0770679894999997,2.8839587853000000,3.2701771937000000,0.38621840840000000000
7204,2.3292111650000000,2.0242744310000003,2.6341478990000002,0.60987346800000000000
7205,3.1321073779999997,2.8765507292000000,3.3876640268000004,0.51111329760000060000
7206,3.0739770360000000,2.8905154503999997,3.2574386216000000,0.36692317120000030000
7207,3.1127019264999976,3.0136898971000003,3.2117139558999996,0.19802405879999930000
7208,2.9645640095000000,2.8134876133000000,3.1156404057000000,0.30215279239999980000
7209,2.6733376564999998,2.4035123191000000,2.9431629938999997,0.53965067479999980000
7210,2.9899311465000005,2.8715768050999997,3.1082854879000000,0.23670868280000024000
7211,2.6094196380000003,2.5491126932000000,2.6697265828000000,0.12061388959999997000
7212,2.8879473130000000,2.8538550382000000,2.9220395878000000,0.06818454960000020000
7213,3.2317981685000000,3.0501850359000002,3.4134113011000000,0.36322626519999980000
7214,2.5655339475000000,2.5054839264999997,2.6255839685000000,0.12010004200000024000
7216,2.5403278600000000,2.3705015160000000,2.7101542040000000,0.33965268800000015000
7219,2.6855799609999993,2.5938207453999995,2.7773391766000000,0.18351843120000044000
7221,2.9404335504999994,2.8827917706999995,2.9980753303000000,0.11528355960000036000
7224,2.9814490200000003,2.8610754280000000,3.1018226120000000,0.24074718399999995000
7225,2.8448001505000000,2.6980670107000004,2.9915332903000000,0.29346627959999960000
7226,3.5988702005000004,3.2844882806999998,3.9132521202999997,0.62876383959999990000
7229,2.6983502080000000,2.5604034911999998,2.8362969247999996,0.27589343359999985000
7230,2.8090485860000000,2.7655019515999997,2.8525952203999996,0.08709326879999990000
7232,2.8388007620000000,2.7279282668000000,2.9496732571999997,0.22174499039999995000
7233,2.6459175955000007,2.6191489573000000,2.6726862337000000,0.05353727639999972000
7234,2.5886824115000002,2.4272549761000000,2.7501098469000000,0.32285487080000010000
7235,2.6434946139999997,2.6060731684000000,2.6809160596000003,0.07484289120000032000
7236,2.8779102865000000,2.8679769719000000,2.8878436010999997,0.01986662919999959700
7238,3.2929977375000000,3.0814808325000000,3.5045146425000000,0.42303381000000020000
7239,3.1430391755000000,2.9650056457000000,3.3210727052999998,0.35606705959999996000
7242,2.9859436990000000,2.7264407786000002,3.2454466194000005,0.51900584080000020000
7243,2.4318581250000000,2.3511824750000000,2.5125337750000000,0.16135130000000020000
7244,3.4395486865000007,3.1064205611000000,3.7726768119000003,0.66625625080000010000
7245,2.7172490405000000,2.6212642567000000,2.8132338243000006,0.19196956760000060000
7246,2.8836166400000005,2.6769408959999996,3.0902923840000000,0.41335148800000043000
7248,2.9134351620000003,2.8785284268000000,2.9483418971999997,0.06981347039999974000
7249,2.4487620524999993,2.2846072315000000,2.6129168735000000,0.32830964200000023000
7251,3.1077968145000003,2.9962895403000003,3.2193040887000000,0.22301454839999968000
7252,3.1446223920000000,2.7979765488000004,3.4912682352000000,0.69329168639999980000
7253,3.1480426680000004,3.0359389352000000,3.2601464008000000,0.22420746560000016000
7254,2.2488596545000000,2.0986105927000000,2.3991087163000000,0.30049812360000017000
7255,2.1941024234999995,2.0512326540999997,2.3369721929000002,0.28573953880000060000
7258,2.5927902950000000,2.5782876130000000,2.6072929769999997,0.02900536399999964500
7259,3.0187636405000000,2.8161870967000000,3.2213401843000000,0.40515308760000000000
7260,2.7453723164999997,2.6186488431000000,2.8720957898999995,0.25344694679999960000
7261,2.2958297735000000,2.2613972829000000,2.3302622641000004,0.06886498120000040000
7262,2.9463743549999997,2.9393128969999998,2.9534358130000000,0.01412291600000026300
7265,3.1124080430000000,3.0266712602000000,3.1981448258000000,0.17147356559999993000
7266,2.9595572690000003,2.8401621766000000,3.0789523614000003,0.23879018480000047000
7267,2.9429232340000000,2.9091281276000003,2.9767183404000000,0.06759021279999988000
7269,2.7566874925000000,2.5775484895000000,2.9358264955000006,0.35827800600000080000
7270,2.9013401685000013,2.7587950359000000,3.0438853011000004,0.28509026520000047000
7271,2.8991203280000004,2.8956924592000000,2.9025481968000000,0.00685573760000002250
7273,2.5743816729999995,2.4422078038000000,2.7065555422000000,0.26434773839999970000
7274,3.2484398400000010,2.9539701760000003,3.5429095040000000,0.58893932799999950000
7275,2.1868781845000003,2.0799001106999997,2.2938562583000000,0.21395614760000026000
7276,2.7362075069999996,2.6595341042000000,2.8128809098000000,0.15334680560000002000
7278,2.5437150355000004,2.4226186213000000,2.6648114497000000,0.24219282840000034000
7279,2.4386092699999997,2.3732467620000000,2.5039717780000000,0.13072501599999997000
7280,3.3983991420000000,3.1042515988000003,3.6925466852000000,0.58829508639999960000
7282,2.4735745470000000,2.4116783282000000,2.5354707658000000,0.12379243760000014000
7283,3.0129467545000000,2.9553706563000004,3.0705228527000004,0.11515219639999996000
7284,2.4199151170000000,2.4049534702000000,2.4348767637999997,0.02992329359999956800
7285,2.7377585535000000,2.7291627321000000,2.7463543749000000,0.01719164280000029500
7286,3.1781326975000000,2.9085685765000000,3.4476968185000000,0.53912824199999990000
7287,2.5966222074999994,2.5738186904999996,2.6194257245000000,0.04560703400000054600
7288,2.4236509240000000,2.2564701544000000,2.5908316936000000,0.33436153920000010000
7290,3.2099088864999996,2.9376712411000000,3.4821465318999993,0.54447529079999950000
7291,2.2225513455000000,2.1419908073000000,2.3031118837000000,0.16112107640000017000
7292,2.8928768760000003,2.8416696263999994,2.9440841256000000,0.10241449920000045000
7293,3.2174096420000000,3.0566490988000000,3.3781701852000000,0.32152108640000020000
7294,2.2953614405000002,2.0834584643000000,2.5072644167000000,0.42380595239999996000
7295,2.7465128110000000,2.5059575354000000,2.9870680866000000,0.48111055120000000000
7296,3.0975667750000000,2.8717250850000000,3.3234084650000000,0.45168337999999997000
7297,3.5234349519999997,3.2651669328000000,3.7817029711999997,0.51653603839999950000
7298,2.7741564435000003,2.5277038209000000,3.0206090660999996,0.49290524519999980000
7299,2.8977353104999994,2.7410934346999998,3.0543771863000000,0.31328375160000020000
7300,3.1774590624999990,3.0800210875000000,3.2748970374999997,0.19487594999999970000
7301,2.5973491080000004,2.5695906647999998,2.6251075512000000,0.05551688640000041000
7302,2.3785410415000006,2.3194402580999998,2.4376418249000000,0.11820156680000027000
7303,2.8745913654999997,2.7335107117000000,3.0156720193000000,0.28216130760000000000
7304,2.7549132725000005,2.6146753815000000,2.8951511634999996,0.28047578199999945000
7305,2.7533388310000007,2.6707915634000000,2.8358860986000000,0.16509453520000017000
7306,3.1380741310000010,3.0159809834000004,3.2601672786000000,0.24418629519999957000
7308,2.2367622440000000,2.1978713464000000,2.2756531416000000,0.07778179519999995000
7309,1.9240756470000000,1.8507553881999999,1.9973959058000000,0.14664051760000008000
7310,3.2889953750000000,3.0773787250000000,3.5006120249999997,0.42323329999999970000
7311,2.9272870875000000,2.8535383225000000,3.0010358525000000,0.14749752999999988000
7313,3.1275376920000000,2.8374707688000003,3.4176046151999997,0.58013384639999940000
7315,2.2258947539999996,2.1667196524000000,2.2850698556000000,0.11835020320000034000
7316,2.9973884545000007,2.8320294363000000,3.1627474727000005,0.33071803640000040000
7318,2.6929705620000000,2.6780487868000000,2.7078923371999997,0.02984355039999986300
7319,3.3802418170000000,3.0805869438000000,3.6798966902000000,0.59930974639999990000
7320,3.6461265444999995,3.2594731623000000,4.0327799267000000,0.77330676440000000000
7321,3.5852603070000010,3.1829708298000000,3.9875497842000000,0.80457895440000020000
7323,2.9404222544999996,2.8317819563000000,3.0490625526999997,0.21728059639999975000
7324,3.0621344725000004,2.8956862615000000,3.2285826835000000,0.33289642200000014000
7326,2.5499827425000000,2.5151438395000003,2.5848216455000000,0.06967780599999962000
7328,3.4627165195000003,3.1149143272999997,3.8105187117000003,0.69560438440000060000
7329,3.4842866860000012,3.1966921603999996,3.7718812116000000,0.57518905120000020000
7330,2.9298456635000000,2.8112271289000000,3.0484641981000000,0.23723706919999987000
7331,2.7290451870000000,2.6576848618000004,2.8004055122000000,0.14272065039999937000
7334,2.8403890350000000,2.7548906490000000,2.9258874210000000,0.17099677200000007000
7336,3.1399127260000004,3.0233262164000000,3.2564992356000007,0.23317301920000055000
7337,3.0106701255000000,2.9022313757000000,3.1191088753000000,0.21687749959999980000
7339,2.3961379480000010,2.2496735272000000,2.5426023688000000,0.29292884159999977000
7340,3.4606255294999990,3.0308533413000000,3.8903977176999995,0.85954437639999970000
7342,2.6456665200000000,2.5949195280000000,2.6964135120000000,0.10149398399999976000
7343,2.2784686079999994,2.0918859648000000,2.4650512512000002,0.37316528640000035000
7344,2.3488929760000000,2.2500397664000000,2.4477461856000002,0.19770641920000020000
7345,3.6828546105000010,3.3347220547000007,4.0309871663000000,0.69626511159999940000
7347,3.5523913979999984,3.2311019572000000,3.8736808388000004,0.64257888160000040000
7349,2.3788596235000004,2.2950733741000002,2.4626458729000000,0.16757249879999980000
7350,3.5152851470000006,3.1548624058000003,3.8757078882000010,0.72084548240000060000
7351,2.7697797145000000,2.6384444003000000,2.9011150286999996,0.26267062839999955000
7352,2.6724319205000002,2.5700118887000000,2.7748519522999997,0.20484006359999984000
7353,3.4287191405000000,3.1104375966999998,3.7470006842999997,0.63656308759999990000
7354,2.9762181779999994,2.8326266492000000,3.1198097068000000,0.28718305760000007000
7355,3.1911908690000000,2.9449492166000000,3.4374325214000003,0.49248330480000035000
7357,3.1582507349999998,2.9921146290000000,3.3243868410000000,0.33227221199999990000
7358,2.9610359450000003,2.9235115229999997,2.9985603670000000,0.07504884400000034000
7359,2.3960454959999997,2.3058924976000000,2.4861984944000000,0.18030599680000003000
7360,2.4260101080000003,2.3421261512000000,2.5098940648000000,0.16776791360000010000
7361,2.7588890224999996,2.6813114315000000,2.8364666135000000,0.15515518199999967000
7362,2.7440265970000020,2.6743600358000000,2.8136931582000000,0.13933312240000006000
7363,2.9521271065000000,2.7321235490999998,3.1721306639000000,0.44000711480000020000
7364,2.9371223509999997,2.8076216914000000,3.0666230106000000,0.25900131919999980000
7366,2.5560767340000004,2.4273370275999997,2.6848164404000000,0.25747941280000040000
7367,2.5567924215000004,2.4055082529000003,2.7080765901000000,0.30256833719999987000
7368,2.9799167680000000,2.7403134752000007,3.2195200608000000,0.47920658559999920000
7369,3.0080277189999998,2.7862252066000000,3.2298302314000000,0.44360502479999964000
7370,3.4963438030000000,3.2260257242000000,3.7666618817999993,0.54063615759999940000
7371,2.2884340915000000,2.1417424549000000,2.4351257281000000,0.29338327319999990000
7372,3.1099172235000000,2.7763325129000000,3.4435019341000000,0.66716942120000010000
7373,2.2996401415000000,2.2921601981000004,2.3071200849000000,0.01495988679999982200
7375,3.2134794149999997,3.1137843810000003,3.3131744490000000,0.19939006799999960000
7377,2.0578463034999994,1.8398461821000000,2.2758464249000000,0.43600024280000005000
7378,3.2829938470000000,3.1300761857999997,3.4359115082000000,0.30583532240000010000
7380,2.3527794365000000,2.3160128619000000,2.3895460111000000,0.07353314920000020000
7381,3.4896980870000000,3.0960773217999997,3.8833188521999995,0.78724153039999980000
7382,3.1613305095000004,2.8715703133000000,3.4510907056999995,0.57952039239999960000
7383,3.4976671755000006,3.1872696457000003,3.8080647053000000,0.62079505959999980000
7385,2.7386881994999994,2.7027314793000000,2.7746449197000005,0.07191344040000036000
7386,3.4230010040000000,3.1206026056000000,3.7253994023999994,0.60479679679999960000
7387,3.4761969920000000,3.1953945887999997,3.7569993952000000,0.56160480640000010000
7388,3.1378837715000000,3.0028364800999996,3.2729310629000000,0.27009458280000054000
7391,2.3657991570000000,2.3460526942000000,2.3855456198000000,0.03949292559999984000
7394,2.5282416435000000,2.4095311009000000,2.6469521861000000,0.23742108520000027000
7395,2.1925117690000000,1.9985218614000002,2.3865016766000000,0.38797981519999980000
7396,2.8143084615000000,2.8071062460999996,2.8215106769000000,0.01440443080000042300
7397,2.2522301840000000,2.0129605104000000,2.4914998576000000,0.47853934719999990000
7398,2.7974924755000000,2.5633274657000005,3.0316574853000000,0.46833001959999930000
7399,2.9326126089999995,2.7819128525999997,3.0833123654000003,0.30139951280000066000
7401,2.7828795070000000,2.5763469098000003,2.9894121042000000,0.41306519439999967000
7404,3.1140696860000000,2.8875731603999997,3.3405662116000000,0.45299305120000044000
7405,2.5969652479999996,2.5054477472000003,2.6884827488000003,0.18303500159999997000
7407,2.8491949519999995,2.7109737328000008,2.9874161712000000,0.27644243839999927000
7408,3.1683087990000000,2.9747179186000000,3.3618996793999996,0.38718176079999944000
7409,2.6789973855000000,2.5334703397000000,2.8245244313000000,0.29105409159999995000
7416,2.4399840685000000,2.4282164959000000,2.4517516410999995,0.02353514519999944000
7417,2.8231484490000000,2.7938958694000000,2.8524010285999997,0.05850515919999966000
7418,3.1126173129999994,3.0463906382000000,3.1788439877999997,0.13245334959999955000
7419,2.9422169600000000,2.8552169440000000,3.0292169760000003,0.17400003200000036000
7421,3.1708526235000000,2.9338116729000000,3.4078935740999996,0.47408190119999950000
7422,2.6730832670000000,2.5480103602000000,2.7981561738000000,0.25014581359999966000
7424,3.3568656900000002,3.0570319659999994,3.6566994139999998,0.59966744800000040000
7425,2.3778713640000000,2.3362300184000000,2.4195127096000000,0.08328269119999998000
7427,3.2081595359999997,3.1482929504000000,3.2680261216000000,0.11973317120000004000
7428,3.2206971015000003,3.1246643421000000,3.3167298608999998,0.19206551879999978000
7429,3.1344146939999997,3.1294177716000000,3.1394116164000003,0.00999384480000031800
7430,2.4596879390000000,2.3981443633999997,2.5212315146000000,0.12308715120000047000
7431,2.5776107645000006,2.4911060587000002,2.6641154703000000,0.17300941159999983000
7432,2.3314720565000004,2.2341704339000000,2.4287736791000000,0.19460324519999972000
7434,2.7277586145000000,2.5780324602999998,2.8774847687000000,0.29945230840000026000
7435,2.9610261000000000,2.8112817400000000,3.1107704600000000,0.29948871999999980000
7436,2.4880159960000000,2.3949735944000000,2.5810583976000006,0.18608480320000043000
7438,2.8552018215000000,2.7634085501000000,2.9469950929000000,0.18358654280000009000
7439,2.4847937645000004,2.4150004703000003,2.5545870586999997,0.13958658839999938000
7442,2.9446502460000000,2.8228619444000005,3.0664385476000002,0.24357660319999974000
7443,2.3408491744999997,2.1221951047000000,2.5595032443000000,0.43730813960000026000
7446,3.4373602389999993,3.0707051346000003,3.8040153434000000,0.73331020879999990000
7447,2.7505219139999997,2.6621519484000000,2.8388918796000000,0.17673993119999976000
7448,3.5639489209999997,3.2471516894000003,3.8807461525999996,0.63359446319999920000
7449,2.2187893055000000,2.1419715833000000,2.2956070277000005,0.15363544440000032000
7450,3.2023627430000000,2.8924346402000003,3.5122908458000000,0.61985620559999970000
7451,3.2834709399999995,3.0320909159999996,3.5348509640000000,0.50276004800000030000
7452,3.5421588619999995,3.3126036067999998,3.7717141171999997,0.45911051039999995000
7453,2.9022104669999993,2.8509634802000000,2.9534574538000000,0.10249397360000012000
7455,2.3007809330000004,2.2375921598000000,2.3639697062000007,0.12637754640000054000
7456,2.9010764620000000,2.7836626468000000,3.0184902771999997,0.23482763039999988000
7460,2.9589995305000000,2.7592605427000000,3.1587385183000000,0.39947797560000000000
7461,2.3510518800000000,2.2133727280000000,2.4887310320000000,0.27535830400000005000
7462,2.6627784980000000,2.6469570987999997,2.6785998972000000,0.03164279840000006000
7463,2.2946129319999997,2.1297017592000000,2.4595241048000003,0.32982234560000023000
7464,2.2776998240000004,1.9711814944000000,2.5842181536000000,0.61303665920000030000
7466,2.8848337480000000,2.8311648472000000,2.9385026488000000,0.10733780159999995000
7467,3.0395203800000004,2.9185937319999997,3.1604470279999997,0.24185329599999994000
7469,2.8725157114999997,2.7892230269000000,2.9558083961000000,0.16658536920000033000
7470,2.3912263049999996,2.3002205829999998,2.4822320270000002,0.18201144400000047000
7471,3.1745295240000000,2.9267669336000000,3.4222921144000000,0.49552518079999963000
7473,2.6634644874999998,2.6059322925000004,2.7209966825000005,0.11506439000000013000
7475,2.4553404014999995,2.4128933620999997,2.4977874409000000,0.08489407880000010000
7476,3.6403340785000000,3.3021289099000000,3.9785392470999996,0.67641033719999970000
7477,2.4590444374999980,2.3909186625000003,2.5271702124999997,0.13625154999999944000
7480,2.5424687830000003,2.4224204698000000,2.6625170961999998,0.24009662639999974000
7481,2.4627860120000005,2.4550984072000000,2.4704736167999997,0.01537520959999971700
7483,3.3427726790000003,3.0094997506000003,3.6760456074000003,0.66654585680000000000
7484,2.2852183999999998,2.1330982400000000,2.4373385600000000,0.30424032000000034000
7485,2.3866514955000000,2.2303400972999996,2.5429628937000000,0.31262279640000035000
7486,3.5268435049999990,3.1982533070000000,3.8554337030000000,0.65718039600000020000
7487,2.1086906379999997,1.8899547827999998,2.3274264932000000,0.43747171040000010000
7488,3.5348634935000000,3.2690368909000000,3.8006900961000003,0.53165320520000050000
7489,3.4780168245000005,3.1602759543000003,3.7957576947000002,0.63548174039999990000
7491,3.1483574310000000,2.8597484034000002,3.4369664586000006,0.57721805520000040000
7494,2.7701610079999996,2.7418910048000000,2.7984310112000004,0.05654000640000056400
7496,1.8815395335000007,1.6664557200999999,2.0966233469000000,0.43016762680000010000
7498,2.6445233644999995,2.5917515103000004,2.6972952187000000,0.10554370839999949000
7499,3.1611067419999994,3.0532774387999995,3.2689360452000000,0.21565860640000034000
7500,2.7452726910000003,2.6176877674000000,2.8728576146000000,0.25516984719999990000
7501,3.2604078400000000,2.9974457759999997,3.5233699040000000,0.52592412800000020000
7504,3.1156795645000006,2.9562597903000000,3.2750993387000000,0.31883954840000020000
7505,3.2469928360000000,3.0056855704000000,3.4883001016000000,0.48261453120000030000
7506,3.3288885289999990,3.1365231405999996,3.5212539173999993,0.38473077679999970000
7508,2.3381022180000004,2.2195793308000000,2.4566251051999997,0.23704577439999985000
7511,3.1593302290000000,3.0393427206000000,3.2793177374000004,0.23997501680000033000
7515,3.3112255570000000,2.9360397797999997,3.6864113342000000,0.75037155440000000000
7518,3.4211661239999995,3.0647225735999997,3.7776096743999994,0.71288710079999970000
7519,2.9261153495000000,2.7561914893000000,3.0960392097000000,0.33984772039999990000
7520,2.7433145269999986,2.6928867378000003,2.7937423162000004,0.10085557840000003000
7521,2.4804170780000000,2.4303274468000002,2.5305067092000000,0.10017926239999975000
7522,3.4790792655000007,3.1352001717000006,3.8229583593000007,0.68775818760000010000
7525,2.6624939080000000,2.6256970712000000,2.6992907448000000,0.07359367360000002000
7526,3.4432245410000000,3.1670071573999996,3.7194419246000000,0.55243476720000030000
7527,3.4130075384999987,2.9838717539000000,3.8421433230999997,0.85827156919999980000
7528,2.6269582835000000,2.6251325701000003,2.6287839969000000,0.00365142679999985730
7531,3.0737687315000004,2.8844198241000005,3.2631176389000003,0.37869781479999975000
7532,3.0565961690000000,2.9708378366000000,3.1423545014000003,0.17151666480000038000
7533,2.4755686235000000,2.4405111741000000,2.5106260729000000,0.07011489879999999000
7534,2.5055636589999990,2.4703469954000000,2.5407803226000000,0.07043332719999995000
7535,1.9759513335000003,1.7476880001000001,2.2042146669000000,0.45652666679999987000
7536,3.5347283795000006,3.2567673313000000,3.8126894277000000,0.55592209640000020000
7537,2.6935096174999997,2.6145634644999998,2.7724557704999997,0.15789230599999993000
7538,2.6830664494999996,2.5999430293000000,2.7661898697000000,0.16624684039999993000
7539,2.7938228110000000,2.7550019353999993,2.8326436865999995,0.07764175120000028000
7540,2.5086739280000000,2.3557934992000000,2.6615543568000000,0.30576085760000016000
7542,2.8519691145000006,2.8364067603000000,2.8675314686999998,0.03112470839999970000
7546,2.9052868160000000,2.8995220896000000,2.9110515424000000,0.01152945280000006200
7547,2.9496411525000000,2.9006688135000003,2.9986134915000004,0.09794467800000017000
7548,1.9844717370000002,1.7961826421999998,2.1727608318000000,0.37657818960000000000
7551,2.4582380510000004,2.3899616714000000,2.5265144306000000,0.13655275919999976000
7552,3.1864506280000000,2.9320944792000000,3.4408067768000000,0.50871229760000030000
7553,1.9627130900000000,1.8090310539999999,2.1163951260000000,0.30736407200000015000
7554,2.8369870260000000,2.8338694155999997,2.8401046364000000,0.00623522080000027400
7555,3.1048548804999996,3.0159704327000000,3.1937393283000000,0.17776889559999987000
7557,2.3152971845000000,2.1509075106999997,2.4796868582999996,0.32877934759999980000
7558,2.9177016245000000,2.8076886743000000,3.0277145747000005,0.22002590040000047000
7560,2.2098668645000000,2.2005092103000004,2.2192245187000000,0.01871530839999957500
7561,2.8395982725000004,2.7705699815000004,2.9086265635000000,0.13805658199999948000
7562,2.9440817279999996,2.8471168192000000,3.0410466368000004,0.19392981760000040000
7565,2.3242531090000000,2.2753718654000000,2.3731343525999997,0.09776248719999980000
7567,2.5513900340000000,2.4155960476000002,2.6871840204000000,0.27158797279999990000
7568,2.7935598885000000,2.7546338438999998,2.8324859331000000,0.07785208920000031000
7569,3.3883088199999993,3.1905679480000000,3.5860496920000005,0.39548174400000047000
7570,2.2575670395000000,2.0478006237000000,2.4673334553000000,0.41953283159999977000
7571,2.9474871439999992,2.8236992015999998,3.0712750863999996,0.24757588479999980000
7572,2.1085219675000000,1.8815399805000000,2.3355039545000000,0.45396397400000010000
7573,2.8405810199999997,2.8204634280000000,2.8606986119999998,0.04023518399999970000
7574,3.1506263110000000,3.1191128354000000,3.1821397866000000,0.06302695119999990000
7575,2.9738841364999997,2.9550797910999993,2.9926884818999997,0.03760869080000040000
7576,2.8736607665000005,2.8667750731000000,2.8805464598999997,0.01377138679999978500
7577,2.7785441584999995,2.6816038218999996,2.8754844951000003,0.19388067320000069000
7578,2.5488482495000007,2.4120375493000000,2.6856589497000000,0.27362140040000016000
7579,2.6998763420000000,2.6234768787999996,2.7762758051999996,0.15279892640000003000
7580,2.8326711874999995,2.8093896625000000,2.8559527125000000,0.04656305000000005000
7581,2.3747569970000000,2.2410533982000000,2.5084605958000000,0.26740719759999987000
7583,2.3030383215000000,2.1849861929000003,2.4210904501000000,0.23610425719999960000
7585,3.4066564075000000,3.1068057705000003,3.7065070445000003,0.59970127400000010000
7588,2.8004021445000005,2.6536478023000000,2.9471564867000000,0.29350868439999990000
7589,2.2805359144999997,2.1717811487000000,2.3892906803000000,0.21750953159999975000
7591,2.3646493645000000,2.0794560187000000,2.6498427103000000,0.57038669160000000000
7593,2.7692633240000006,2.7526559943999995,2.7858706536000000,0.03321465920000044000
7597,2.0824706060000002,1.8973071635999998,2.2676340483999997,0.37032688479999987000
7598,2.8618624925000002,2.8502574894999997,2.8734674955000000,0.02321000600000022700
7600,3.1446626089999987,3.0408980526000000,3.2484271654000000,0.20752911280000008000
7601,2.7295776405000000,2.6650586966999996,2.7940965842999996,0.12903788760000000000
7604,2.6226331945000000,2.5944179167000000,2.6508484723000003,0.05643055560000043000
7605,2.4443064105000000,2.3409314463000000,2.5476813747000000,0.20674992839999984000
7606,2.2975020090000005,2.2585268054000000,2.3364772125999997,0.07795040719999990000
7607,2.7868556755000005,2.7452479457000005,2.8284634053000004,0.08321545959999987000
7608,2.8385756664999997,2.8176559330999997,2.8594953998999997,0.04183946679999995000
7609,2.8613466299999990,2.7141212820000000,3.0085719780000000,0.29445069600000020000
7610,2.7880459424999997,2.7770847655000000,2.7990071194999997,0.02192235399999953300
7612,2.0313897730000003,1.7305670638000001,2.3322124821999997,0.60164541839999950000
7613,2.6482532684999995,2.5512045759000000,2.7453019611000000,0.19409738520000008000
7614,2.7352179550000000,2.7069311370000000,2.7635047729999997,0.05657363599999954000
7616,2.8203182654999996,2.7920955717000000,2.8485409592999997,0.05644538759999973000
7617,2.5845297655000000,2.4619916717000000,2.7070678592999995,0.24507618759999960000
7618,2.9106925370000000,2.8352135518000000,2.9861715222000000,0.15095797039999992000
7621,2.3192443129999996,2.1432776382000000,2.4952109878000000,0.35193334960000033000
7622,2.8386975590000003,2.7658185825999997,2.9115765354000000,0.14575795280000037000
7623,2.3464763114999996,2.2779333869000000,2.4150192361000000,0.13708584920000000000
7624,2.4026270645000003,2.3234722387000004,2.4817818903000000,0.15830965159999977000
7625,2.7118407869999990,2.6283867018000002,2.7952948721999995,0.16690817039999928000
7626,2.4419301265000000,2.3202144759000003,2.5636457771000000,0.24343130119999978000
7627,3.0099437819999997,2.8897712948000005,3.1301162692000000,0.24034497439999970000
7629,2.9678491795000000,2.8071720513000000,3.1285263077000000,0.32135425640000026000
7631,2.9139274095000000,2.8775491733000003,2.9503056457000000,0.07275647239999960000
7632,2.2802795565000000,2.2062993339000000,2.3542597791000000,0.14796044519999985000
7634,2.1734805329999998,1.9937391198000000,2.3532219462000000,0.35948282640000007000
7635,2.4381143744999996,2.2592002247000000,2.6170285243000000,0.35782829960000040000
7636,2.3137556475000000,2.1469617885000000,2.4805495065000000,0.33358771800000000000
7638,2.3287200215000000,2.1784360128999998,2.4790040301000000,0.30056801720000026000
7642,2.1448815469999993,2.0092877282000000,2.2804753658000000,0.27118763760000020000
7654,2.8164911120000000,2.6906975568000000,2.9422846672000005,0.25158711040000050000
7655,2.0615235784999997,2.0178997471000000,2.1051474099000003,0.08724766280000029000
7656,2.7430351684999996,2.5972972358999997,2.8887731011000000,0.29147586520000024000
7657,2.6904654225000010,2.6103015915000003,2.7706292535000000,0.16032766199999982000
7658,2.7412523185000017,2.6814032459000000,2.8011013910999996,0.11969814519999966000
7659,2.7932355085000020,2.7541797119000000,2.8322913051000000,0.07811159320000005000
7660,2.6688251980000000,2.5800052772000000,2.7576451187999997,0.17763984159999957000
7661,2.6723327365000000,2.5849158310999996,2.7597496418999996,0.17483381080000004000
7662,2.7845600485000000,2.7420340679000000,2.8270860290999997,0.08505196119999958000
7663,2.7034825834999996,2.6285256169000000,2.7784395501000000,0.14991393319999968000
7665,2.7230648550000000,2.6559407969999995,2.7901889129999997,0.13424811600000020000
7666,2.7830998275000000,2.7770865585000000,2.7891130965000004,0.01202653800000019800
7667,2.5247795575000005,2.4511301345000000,2.5984289804999996,0.14729884599999954000
7671,2.3714195124999997,2.2453281075000002,2.4975109175000000,0.25218280999999987000
7673,3.0216390670000000,2.9450674938000000,3.0982106402000000,0.15314314640000015000
7677,2.8294156439999996,2.7015399016000003,2.9572913863999997,0.25575148479999930000
7678,2.3043125875000000,2.1848015524999997,2.4238236225000005,0.23902207000000075000
7679,3.0528890355000007,3.0265658497000003,3.0792122213000006,0.05264637160000030000
7680,2.4269130754999995,2.3135058453000000,2.5403203057000000,0.22681446039999997000
7681,2.8213414875000002,2.7899756924999997,2.8527072825000000,0.06273159000000028000
7682,3.3773317965000000,3.0978497150999997,3.6568138779000003,0.55896416280000060000
7683,2.9064584134999993,2.8938881788999997,2.9190286481000000,0.02514046920000012600
7684,2.0249329914999996,1.8187793949000002,2.2310865881000000,0.41230719320000000000
7685,2.4475385669999996,2.3040451401999995,2.5910319937999997,0.28698685360000020000
7686,2.6765775340000000,2.5159325476000003,2.8372225204000006,0.32128997280000027000
7687,1.9902777925000001,1.8129814755000000,2.1675741095000003,0.35459263400000030000
7688,2.6153809475000003,2.5578689265000000,2.6728929685000002,0.11502404200000038000
7689,2.5522726799999997,2.4696021519999998,2.6349432079999997,0.16534105599999993000
7692,2.2835030225000000,2.1957642135000004,2.3712418315000003,0.17547761799999995000
7694,2.9042481730000000,2.8988989038000000,2.9095974421999995,0.01069853839999934700
7695,2.9839933579999993,2.9467460148000000,3.0212407012000000,0.07449468640000001000
7696,2.8611996294999997,2.8493294813000000,2.8730697777000000,0.02374029640000019400
7697,2.8696374470000006,2.8611424257999998,2.8781324682000000,0.01699004240000023800
7699,2.6087392934999993,2.5048834109000000,2.7125951761000000,0.20771176519999957000
7700,2.4671318230000000,2.3023038938000000,2.6319597522000000,0.32965585839999980000
7701,2.2163042125000003,2.0998493275000003,2.3327590975000003,0.23290977000000002000
7703,2.4044194475000000,2.3305832685000000,2.4782556264999998,0.14767235799999990000
7704,2.7638152950000000,2.6064286130000000,2.9212019770000000,0.31477336400000010000
7706,2.1956988655000000,2.1137425193000000,2.2776552117000000,0.16391269239999984000
7707,2.9530331690000002,2.9170444366000000,2.9890219014000000,0.07197746480000022000
7708,2.2644771754999997,2.2535435053000000,2.2754108457000000,0.02186734040000004600
7709,3.2534225139999995,3.0519015196000000,3.4549435084000000,0.40304198880000010000
7710,2.2197251450000000,2.1949858870000000,2.2444644030000003,0.04947851600000019400
7711,3.4306386750000004,3.1845393450000000,3.6767380050000000,0.49219865999999970000
7714,2.1428830770000000,1.9720222461999999,2.3137439078000000,0.34172166160000030000
7716,2.6194322265000000,2.5108551170999998,2.7280093359000000,0.21715421880000020000
7717,2.7508604720000003,2.6949394608000000,2.8067814832000000,0.11184202239999985000
7719,1.9029978929999996,1.7797443358000000,2.0262514502000000,0.24650711440000017000
7720,2.7284019775000000,2.6634127684999997,2.7933911865000000,0.12997841800000032000
7721,2.7517377480000000,2.6960828472000005,2.8073926488000000,0.11130980159999959000
7722,2.4732201354999990,2.3061581897000000,2.6402820813000000,0.33412389160000000000
7723,2.7452848670000000,2.7391416137999998,2.7514281202000000,0.01228650640000017400
7724,2.8127309739999995,2.7814733636000000,2.8439885844000000,0.06251522079999994000
7726,2.5917278879999994,2.4200610432000000,2.7633947328000000,0.34333368960000010000
7727,2.6170415525000004,2.5075081735000000,2.7265749315000000,0.21906675799999986000
7730,2.7008974724999995,2.6249064614999997,2.7768884835000000,0.15198202200000033000
7731,2.1797736100000000,2.0775625659999997,2.2819846540000000,0.20442208800000028000
7732,2.7689093825000004,2.6367171355000000,2.9011016295000003,0.26438449400000020000
7733,2.9090272119999994,2.7808740968000000,3.0371803271999998,0.25630623039999990000
7734,2.7549281925000004,2.7005494695000000,2.8093069155000000,0.10875744600000026000
7736,2.4482264674999996,2.4257994545000000,2.4706534805000000,0.04485402600000032400
7737,2.9849075615000010,2.9467889860999996,3.0230261369000000,0.07623715080000038000
7739,2.7092354585000000,2.6466176751000000,2.7718532418999997,0.12523556679999980000
7742,2.3273487655000010,2.1247156593000000,2.5299818717000004,0.40526621240000040000
7744,2.8527411415000006,2.6827275981000000,3.0227546848999998,0.34002708679999970000
7746,2.2821918855000000,2.1514303313000000,2.4129534397000000,0.26152310840000004000
7748,2.6271484135000000,2.6134173789000000,2.6408794481000000,0.02746206920000027200
7750,2.9926291120000004,2.8854955568000005,3.0997626672000003,0.21426711039999980000
7751,3.4406905710000006,3.1488891994000000,3.7324919426000003,0.58360274320000020000
7753,2.8247228469999994,2.7982619858000000,2.8511837081999998,0.05292172239999981500
7755,2.7932351410000007,2.7541791974000000,2.8322910846000000,0.07811188719999995000
7756,2.1366968655000003,2.0435329193000000,2.2298608117000000,0.18632789240000003000
7757,2.9473986660000002,2.8599609324000000,3.0348363996000000,0.17487546720000013000
7758,2.6033615074999994,2.4785593104999997,2.7281637044999996,0.24960439399999990000
7759,2.4151153674999994,2.3203184204999996,2.5099123144999997,0.18959389400000015000
7760,2.7705441854999995,2.7224118597000000,2.8186765113000000,0.09626465159999986000
7761,2.7026675470000000,2.6273845658000000,2.7779505282000000,0.15056596239999998000
7762,2.6911721914999998,2.6112910681000000,2.7710533148999996,0.15976224679999973000
7763,2.8619605524999994,2.8503947734999997,2.8735263315000000,0.02313155800000022000
7764,2.8769963374999996,2.8714448725000000,2.8825478024999995,0.01110292999999940000
7766,2.6048303890000000,2.4904125446000000,2.7192482334000000,0.22883568880000027000
7768,2.7984488110000000,2.7621559354000000,2.8347416866000000,0.07258575120000010000
7769,2.7792920674999997,2.7346588944999994,2.8239252404999995,0.08926634600000005000
7770,2.4609357585000002,2.3834278551000000,2.5384436619000000,0.15501580680000027000
7771,2.2292991230000000,2.0639674738000000,2.3946307722000000,0.33066329840000020000
7772,2.5582575445000000,2.5402837623000000,2.5762313267000003,0.03594756440000024000
7773,2.2615746630000000,2.1677719978000000,2.3553773282000000,0.18760533039999983000
7775,3.4460721895000015,3.2631854653000000,3.6289589137000000,0.36577344840000015000
7776,3.2145795965000010,2.9559074351000003,3.4732517579000000,0.51734432279999960000
7777,2.5277595229999994,2.4020449137999997,2.6534741322000004,0.25142921840000065000
7778,2.4632351095000000,2.3855378657000000,2.5409323533000000,0.15539448760000020000
7779,2.4481416670000000,2.1995655338000000,2.6967178002000000,0.49715226640000010000
7781,2.5923752039999997,2.4499496856000000,2.7348007224000000,0.28485103680000010000
7782,2.8190644275000000,2.6616265984999994,2.9765022565000000,0.31487565800000050000
7783,2.1444263050000000,2.1284421830000000,2.1604104270000000,0.03196824399999976000
7784,2.6064500885000000,2.4475708531000000,2.7653293239000005,0.31775847080000030000
7785,2.2458297425000000,2.2213450455000000,2.2703144395000000,0.04896939399999978000
7787,2.7022011230000000,2.6267315722000000,2.7776706737999994,0.15093910159999924000
7788,2.7049843570000000,2.5895472998000004,2.8204214142000000,0.23087411439999972000
7789,2.8326048640000000,2.7572888096000000,2.9079209184000003,0.15063210880000044000
7790,3.0148717069999997,2.8463363898000000,3.1834070241999997,0.33707063439999985000
7791,2.8520997009999993,2.7837115814000004,2.9204878206000000,0.13677623919999960000
7792,2.2636435470000000,2.0934877282000004,2.4337993658000000,0.34031163759999970000
7794,2.5347337449999996,2.3922772430000000,2.6771902470000000,0.28491300399999986000
7796,2.6691267960000000,2.5804275144000000,2.7578260776000003,0.17739856320000014000
7797,2.9022938905000000,2.8977263342999997,2.9068614467000000,0.00913511240000009000
7798,2.6695517740000000,2.5810224836000000,2.7580810644000000,0.17705858079999980000
7799,2.6929896430000000,2.6138355002000004,2.7721437858000000,0.15830828559999954000
7800,2.7969377615000000,2.7593628661000000,2.8345126569000003,0.07514979080000028000
7801,2.7719375910000000,2.7243626273999997,2.8195125545999997,0.09514992720000004000
7802,2.3228276694999996,2.1636854017000000,2.4819699372999997,0.31828453559999970000
7805,3.2985512934999996,3.1082898108999997,3.4888127760999996,0.38052296519999995000
7806,1.9230842134999995,1.7405749280999998,2.1055934989000002,0.36501857080000044000
7807,2.8929106875000000,2.7566821625000000,3.0291392125000000,0.27245704999999987000
7808,2.6437725805000000,2.5033775483000000,2.7841676127000000,0.28079006440000010000
7810,2.2850894305000000,2.2522228583000000,2.3179560027000000,0.06573314439999978000
7811,2.1848764360000000,2.0933974616000000,2.2763554104000003,0.18295794880000038000
7812,2.3282657280000000,2.1726170368000000,2.4839144192000000,0.31129738239999980000
7813,2.8537316784999995,2.7172975499000000,2.9901658071000000,0.27286825719999985000
7814,2.4810184824999997,2.3694310895000000,2.5926058755000000,0.22317478599999996000
7816,2.1423028895000003,1.9538921337000000,2.3307136453000000,0.37682151160000000000
7819,2.7900587965000003,2.7497323151000000,2.8303852779000000,0.08065296279999990000
7820,2.7113481514999993,2.5561314120999996,2.8665648909000000,0.31043347880000030000
7821,2.9396032610000000,2.9201119566000000,2.9590945654000000,0.03898260880000004000
7822,2.6314735309999997,2.5283905434000000,2.7345565186000000,0.20616597519999980000
7823,2.7445924315000000,2.6860794040999996,2.8031054588999997,0.11702605480000017000
7824,3.5133932670000000,3.2803933738000000,3.7463931602000002,0.46599978640000030000
7825,2.9592940065000000,2.9570612039000004,2.9615268090999995,0.00446560519999916750
7826,2.8525490820000003,2.7742835148000005,2.9308146492000002,0.15653113439999977000
7828,2.2773006150000000,2.1804707690000003,2.3741304610000000,0.19365969199999977000
7830,2.5537694910000006,2.4189272874000000,2.6886116946000000,0.26968440720000020000
7831,2.6699051700000000,2.5815172380000000,2.7582931020000000,0.17677586400000012000
7832,2.7686823255000000,2.7198052557000000,2.8175593953000000,0.09775413960000012000
7833,2.6701668130000020,2.5298755382000000,2.8104580878000003,0.28058254960000006000
7834,2.1875095030000000,1.9627061018000000,2.4123129042000000,0.44960680240000017000
7837,2.5003349580000003,2.4371061748000000,2.5635637412000000,0.12645756640000005000
7842,2.4053181130000000,2.3187848678000003,2.4918513582000004,0.17306649040000010000
7843,2.3222190400000000,2.2116822240000000,2.4327558560000000,0.22107363199999996000
7844,2.6387322020000000,2.5083174828000000,2.7691469212000000,0.26082943840000006000
7846,3.3761459005000000,3.1518502607000000,3.6004415403000003,0.44859127960000045000
7848,3.4572522505000000,3.0964487507000000,3.8180557503000000,0.72160699960000010000
7849,3.1246610100000000,3.0486238140000000,3.2006982060000000,0.15207439200000028000
7850,2.8865923055000002,2.8848792277000000,2.8883053832999996,0.00342615559999970300
7851,2.9984751789999997,2.9170284505999997,3.0799219073999997,0.16289345680000000000
7852,2.5836380225000000,2.4692420135000000,2.6980340315000000,0.22879201800000004000
7853,2.9565691944999997,2.8408056722999997,3.0723327167000000,0.23152704440000038000
7854,2.2303931845000000,2.1958903107000000,2.2648960583000000,0.06900574760000033000
7855,2.8250420089999997,2.7987088125999997,2.8513752053999997,0.05266639279999996000
7856,2.8934595180000002,2.8110873252000000,2.9758317108000000,0.16474438560000015000
7857,2.9092776449999995,2.9019165870000000,2.9166387030000000,0.01472211599999973000
7858,2.8318758280000003,2.8082761591999996,2.8554754967999996,0.04719933759999994600
7860,2.6741085830000015,2.5990068162000000,2.7492103498000002,0.15020353360000005000
7861,2.8289499365000000,2.8041799111000000,2.8537199619000000,0.04954005080000012400
7862,2.7593794455000000,2.7067812236999997,2.8119776673000003,0.10519644360000058000
7863,2.5068449884999997,2.3532329839000000,2.6604569931000000,0.30722400920000004000
7864,2.7006516880000000,2.6245623632000004,2.7767410128000000,0.15217864959999972000
7865,2.7124631644999995,2.6410984302999996,2.7838278987000002,0.14272946840000067000
7866,2.5209552289999997,2.3729873206000000,2.6689231373999998,0.29593581679999970000
7869,3.1882267244999993,2.9847534142999996,3.3917000347000000,0.40694662040000030000
7870,2.9557954609999997,2.9439548454000000,2.9676360766000000,0.02368123119999987500
7872,2.2529338540000000,2.0453099124000000,2.4605577956000000,0.41524788320000017000
7873,2.0037596205000003,1.8324181723000001,2.1751010687000000,0.34268289639999994000
7876,3.0081245595000000,2.9597419833000000,3.0565071357000000,0.09676515240000017000
7877,3.3574157250000000,3.0176144150000006,3.6972170350000000,0.67960261999999940000
7878,2.9015364155000000,2.7742257817000002,3.0288470493000000,0.25462126759999970000
7883,3.2929223939999996,3.1581201516000000,3.4277246364000002,0.26960448480000030000
7885,2.4307468200000000,2.3159208920000000,2.5455727479999997,0.22965185599999982000
7886,2.6548797765000000,2.5182900871000000,2.7914694659000000,0.27317937880000010000
7887,3.1023823380000004,2.9778860731999997,3.2268786028000000,0.24899252960000018000
7890,2.6013756505000000,2.4855759106999997,2.7171753903000000,0.23159947960000027000
7891,2.8587491995000000,2.8458988793000000,2.8715995196999997,0.02570064039999975200
7892,2.7145619109999997,2.6440366754000000,2.7850871466000000,0.14105047119999980000
7894,2.7945993865000003,2.7560891411000000,2.8331096318999998,0.07702049079999984000
7896,2.7064038900000003,2.6853010459999997,2.7275067340000000,0.04220568800000013000
7897,2.7288141200000005,2.6639897680000000,2.7936384720000000,0.12964870400000006000
7898,2.8158115914999993,2.7857862280999997,2.8458369548999998,0.06005072680000012000
7900,2.6557237920000000,2.5616633087999996,2.7497842751999997,0.18812096640000010000
7901,2.8710739789999997,2.8103611706000000,2.9317867874000000,0.12142561680000030000
7903,1.9937101004999997,1.8598304603000000,2.1275897407000000,0.26775928039999997000
7906,2.3148155110000000,2.1116401066000000,2.5179909154000000,0.40635080880000010000
7909,2.3887066035000000,2.2505571621000002,2.5268560449000000,0.27629888279999990000
7910,2.9210692430000000,2.7783869402000000,3.0637515458000000,0.28536460560000030000
7911,2.4125118995000000,2.3657819397000000,2.4592418593000000,0.09345991959999989000
7912,2.1685812905000006,2.0197643743000000,2.3173982067000000,0.29763383239999985000
7914,3.4142645305000000,3.2039235427000000,3.6246055182999997,0.42068197559999954000
7916,2.1002504929999994,1.9697866958000000,2.2307142902000000,0.26092759439999980000
7918,2.8920162179999997,2.8355547052000000,2.9484777308000000,0.11292302560000023000
7919,3.0398311760000000,2.9855988464000003,3.0940635056000003,0.10846465920000004000
7923,2.1589084135000003,1.8597638481000000,2.4580529789000000,0.59828913080000000000
7925,2.8744682990000006,2.7147188185999998,3.0342177794000005,0.31949896080000073000
7926,2.4515892945000000,2.3315063766999997,2.5716722122999998,0.24016583560000004000
7927,2.0112917890000000,1.9443266734000000,2.0782569046000000,0.13393023119999992000
7928,2.9714407990000000,2.8888531186000000,3.0540284794000003,0.16517536080000017000
7931,2.8805658210000002,2.8764421494000000,2.8846894925999997,0.00824734319999986800
7933,2.7105438544999996,2.6384113963000004,2.7826763126999996,0.14426491639999917000
7934,2.7192768929999995,2.6506376502000000,2.7879161357999998,0.13727848559999956000
7935,2.7389984509999996,2.6782478314000000,2.7997490705999994,0.12150123919999967000
7936,2.8615588955000004,2.8498324536999995,2.8732853373000000,0.02345288360000053000
7938,2.8141259470000000,2.7834263258000000,2.8448255682000000,0.06139924240000027600
7939,2.5313133930000020,2.3666668358000003,2.6959599502000000,0.32929311439999953000
7940,3.3333950629999998,2.9996638881999997,3.6671262377999994,0.66746234959999960000
7941,3.2115021745000000,2.9530582443000000,3.4699461047000000,0.51688786039999980000
7942,3.0765350205000000,3.0208446287000000,3.1322254123000000,0.11138078360000003000
7943,2.8136537934999990,2.7467977108999997,2.8805098761000000,0.13371216520000040000
7945,2.2819164334999997,2.0853682600999996,2.4784646069000003,0.39309634680000060000
7946,2.4510925105000000,2.2642543063000002,2.6379307147000004,0.37367640840000016000
7948,2.1178594365000003,1.9186080619000000,2.3171108110999996,0.39850274919999950000
7949,2.3261989710000000,2.1251753825999997,2.5272225594000000,0.40204717680000046000
7950,2.3860965584999994,2.3566947351000000,2.4154983819000000,0.05880364679999994000
7953,2.8035624195000004,2.7254177873000005,2.8817070517000003,0.15628926439999980000
7954,2.7736228210000000,2.6548579494000000,2.8923876926000003,0.23752974320000010000
7955,2.6798771705000010,2.4889152386999998,2.8708391023000000,0.38192386360000040000
7956,2.6722482990000000,2.5448228186000000,2.7996737794000000,0.25485096079999980000
7957,2.1500412445000000,1.8949283467000000,2.4051541423000002,0.51022579560000030000
7958,2.6215251385000000,2.5123175938999998,2.7307326831000000,0.21841508920000008000
7959,2.3123072209999997,2.2556495325999997,2.3689649094000003,0.11331537680000059000
7960,2.9721405589999996,2.9396343353999996,3.0046467825999996,0.06501244719999999000
7961,2.5289684645000000,2.3848834503000003,2.6730534787000000,0.28817002839999970000
7962,2.6751917090000000,2.5964575925999998,2.7539258254000005,0.15746823280000077000
7963,3.1564715494999995,3.0449005693000000,3.2680425296999998,0.22314196039999956000
7964,2.9163894375000003,2.8402052125000000,2.9925736625000003,0.15236845000000043000
7965,2.3951433730000002,2.1780708238000000,2.6122159222000000,0.43414509839999970000
7967,2.0552928425000000,1.9976069054999999,2.1129787794999997,0.11537187399999982000
7968,2.9584939855000005,2.7523451797000003,3.1646427913000004,0.41229761160000010000
7969,2.9087471755000000,2.9015983053000000,2.9158960457000003,0.01429774040000042500
7970,2.8568998559999996,2.8543217984000000,2.8594779136000000,0.00515611520000014400
7972,2.5514471075000005,2.4156759505000000,2.6872182645000000,0.27154231399999995000
7973,2.6778070990000002,2.5925799386000000,2.7630342594000000,0.17045432079999978000
7975,2.8606128130000000,2.8485079381999996,2.8727176878000000,0.02420974960000022000
7976,2.7713552065000000,2.7235472891000000,2.8191631238999997,0.09561583479999980000
7977,2.6945265394999995,2.6159871553000000,2.7730659237000000,0.15707876839999990000
7979,2.8458456839999977,2.8278339576000000,2.8638574103999996,0.03602345279999985600
7980,2.8485247949999990,2.8315847130000000,2.8654648770000000,0.03388016400000016000
7981,2.7204099119999996,2.6522238768000000,2.7885959472000000,0.13637207040000020000
7983,3.0904418865000000,3.0415050411000006,3.1393787319000000,0.09787369079999930000
7987,2.5351886120000000,2.4315475672000004,2.6388296568000000,0.20728208959999960000
7988,2.7142083365000000,2.6326040710999994,2.7958126019000000,0.16320853080000042000
7990,2.5040095330000000,2.3247041462000000,2.6833149198000000,0.35861077359999970000
7991,3.0678292935000000,2.7895790109000003,3.3460795760999997,0.55650056519999950000
7992,2.6891234170000007,2.6071735838000000,2.7710732502000000,0.16389966640000030000
7993,2.5571295900000000,2.5043485540000000,2.6099106260000000,0.10556207200000012000
7994,2.7377589194999996,2.6285828873000000,2.8469349516999993,0.21835206439999943000
7995,2.8513404110000000,2.7943505754000000,2.9083302466000000,0.11397967119999963000
7996,2.5083785685000000,2.3942243411000006,2.6225327959000000,0.22830845479999962000
7997,2.3101582384999997,2.2860297431000000,2.3342867338999995,0.04825699079999968000
7999,2.1490523259999990,1.9381705956000002,2.3599340564000000,0.42176346080000005000
8000,2.3695724960000020,2.1492038976000000,2.5899410944000000,0.44073719679999980000
8001,2.5464028639999996,2.5430721184000000,2.5497336095999996,0.00666149119999959200
8002,2.2659436355000007,2.2524461813000003,2.2794410897000000,0.02699490839999985000
8003,2.4044268195000003,2.1837100916999996,2.6251435473000000,0.44143345560000036000
8004,2.0672302505000006,1.8466153502999998,2.2878451507000000,0.44122980040000015000
8005,3.6004302404999997,3.3086915366999996,3.8921689443000000,0.58347740760000020000
8006,2.2348383605000010,2.1162614163000000,2.3534153047000000,0.23715388839999996000
8007,2.4405115529999994,2.1996933318000003,2.6813297742000000,0.48163644239999970000
8008,2.9819087700000000,2.8849046780000003,3.0789128620000000,0.19400818399999986000
8009,2.5346834000000005,2.5240044399999997,2.5453623600000000,0.02135792000000025200
8010,3.0773658794999994,2.9499514312999997,3.2047803277000004,0.25482889640000070000
8011,2.5068672619999990,2.4384067572000000,2.5753277667999996,0.13692100959999953000
8013,2.8724019499999990,2.8650127299999997,2.8797911700000000,0.01477844000000017000
8014,2.6876252904999998,2.6063254067000003,2.7689251743000000,0.16259976759999972000
8015,2.7461671030000000,2.6882839442000000,2.8040502618000000,0.11576631759999989000
8017,2.8930845044999995,2.8922007027000003,2.8939683063000000,0.00176760359999983400
8018,2.8394452130000000,2.7668652982000000,2.9120251278000002,0.14515982960000030000
8019,2.6784540005000000,2.5934856007000000,2.7634224002999996,0.16993679959999985000
8023,2.6981467204999990,2.5903350087000003,2.8059584323000000,0.21562342359999986000
8024,2.7930360430000003,2.7545780602000000,2.8314940258000000,0.07691596560000002000
8025,2.7601489909999994,2.7078585873999996,2.8124393945999997,0.10458080720000007000
8026,2.8369205785000005,2.8153388099000000,2.8585023471000000,0.04316353719999988000
8028,2.5599255070000000,2.4275457098000000,2.6923053041999996,0.26475959439999963000
8029,2.8882292425000005,2.8037649395000000,2.9726935455000000,0.16892860599999970000
8030,2.4142942165000000,2.3934433299000000,2.4351451031000000,0.04170177319999979000
8036,1.8102761545000010,1.6940224927000000,1.9265298163000000,0.23250732359999993000
8038,2.3968730510000005,2.3304502306000000,2.4632958714000000,0.13284564080000028000
8039,2.5741102449999995,2.4104887429999997,2.7377317470000000,0.32724300400000050000
8040,3.1830099390000006,2.9597327146000000,3.4062871634000000,0.44655444880000017000
8041,3.3299238375000000,3.1289277725000000,3.5309199025000000,0.40199213000000000000
8042,2.7840302755000000,2.7523445653000000,2.8157159857000000,0.06337142039999977000
8043,2.3061267440000000,2.0912688464000000,2.5209846416000000,0.42971579519999990000
8044,2.9815429145000000,2.9149292803000004,3.0481565487000000,0.13322726839999977000
8046,2.8864022765000000,2.7052651871000000,3.0675393658999996,0.36227417879999946000
8047,2.2678998920000004,2.2638955352000000,2.2719042488000000,0.00800871359999977300
8048,2.1567345660000004,2.0625703396000000,2.2508987924000000,0.18832845280000000000
8050,2.5646151655000002,2.4802294993000000,2.6490008317000000,0.16877133239999997000
8051,2.3229169735000000,2.2279581841000000,2.4178757629000000,0.18991757880000026000
8052,2.8509541800000010,2.8356270520000000,2.8662813080000000,0.03065425600000004600
8053,1.9841269715000000,1.9482217601000003,2.0200321829000000,0.07181042279999983000
8056,2.9875940545000006,2.8633272763000000,3.1118608327000006,0.24853355640000040000
8057,2.8081955260000018,2.7751237363999994,2.8412673156000000,0.06614357920000069000
8059,2.4418755985000007,2.3771557591000000,2.5065954378999997,0.12943967879999985000
8060,2.8801654814999997,2.8225792740999998,2.9377516889000000,0.11517241480000040000
8061,2.0525532750000000,1.9491375650000000,2.1559689850000000,0.20683141999999988000
8062,2.8851280295000006,2.7474152413000000,3.0228408177000000,0.27542557640000000000
8064,2.8463552195000000,2.7451413073000004,2.9475691317000003,0.20242782439999996000
8065,2.6238287380000000,2.5170102331999997,2.7306472427999995,0.21363700959999976000
8066,2.2017583365000010,2.0073474019000000,2.3961692711000000,0.38882186920000006000
8068,2.6408726275000000,2.5408716785000000,2.7408735764999994,0.20000189799999957000
8069,2.7049872415000000,2.6306321380999997,2.7793423449000000,0.14871020680000013000
8070,2.6895941614999996,2.6090818260999997,2.7701064969000000,0.16102467080000027000
8071,2.5909315630000000,2.4709541882000000,2.7109089377999998,0.23995474959999985000
8074,2.6051922150000010,2.5268813290000000,2.6835031010000000,0.15662177199999983000
8075,2.9954731000000003,2.8393327399999997,3.1516134599999996,0.31228071999999996000
8078,2.5513223474999993,2.3327766085000000,2.7698680865000000,0.43709147799999970000
8079,3.1715754940000007,3.0923888915999997,3.2507620964000000,0.15837320480000017000
8080,2.7924930089999997,2.6758378126000000,2.9091482053999997,0.23331039279999954000
8082,2.2618808655000007,2.1509885193000002,2.3727732117000000,0.22178469239999998000
8083,2.5052949035000000,2.3589888649000000,2.6516009421000000,0.29261207719999980000
8087,2.9125366455000000,2.8364813037000000,2.9885919873000000,0.15211068360000013000
8088,3.2920280490000000,2.8730896686000000,3.7109664294000004,0.83787676080000040000
8089,3.0789932375000006,2.9379189324999997,3.2200675425000000,0.28214861000000013000
8090,2.4623083555000000,2.3481442133000003,2.5764724977000000,0.22832828439999986000
8091,2.8586957875000000,2.8459089025000000,2.8714826725000000,0.02557376999999983000
8094,2.8170379540000000,2.7875031355999997,2.8465727724000000,0.05906963680000032500
8095,2.8440546224999985,2.8253264715000000,2.8627827734999998,0.03745630199999983000
8096,2.6883826360000000,2.6137244904000000,2.7630407816000000,0.14931629119999990000
8097,3.2623886720000006,3.0427077407999996,3.4820696032000003,0.43936186240000064000
8099,2.7677141735000000,2.7042422429000000,2.8311861041000004,0.12694386120000045000
8101,2.9944016295000000,2.9139386813000000,3.0748645777000000,0.16092589640000020000
8102,2.6546096465000004,2.5601035051000000,2.7491157879000000,0.18901228280000026000
8103,2.5752727254999996,2.4490318156999997,2.7015136352999995,0.25248181959999980000
8104,2.6162744660000000,2.5064342524000000,2.7261146795999998,0.21968042719999970000
8105,2.7380763410000000,2.6769568774000003,2.7991958046000000,0.12223892719999974000
8106,2.2361679400000000,2.1939243640000000,2.2784115160000000,0.08448715199999990000
8112,3.0448463699999997,2.9708513180000000,3.1188414220000000,0.14799010400000023000
8113,2.3714289990000000,2.2285857994000000,2.5142721986000000,0.28568639920000030000
8115,2.3580460915000010,2.2199680549000000,2.4961241280999995,0.27615607319999970000
8116,2.2739401454999992,2.2021992873000000,2.3456810036999998,0.14348171639999974000
8117,2.8465946545000000,2.6610865163000000,3.0321027927000000,0.37101627639999980000
8118,2.4929554510000000,2.3381824705999996,2.6477284313999996,0.30954596079999996000
8119,3.0746590610000000,2.9970378854000000,3.1522802366000000,0.15524235119999963000
8120,3.2482592560000003,2.9536605584000000,3.5428579536000000,0.58919739519999980000
8122,3.1037763204999997,3.0123708487000000,3.1951817922999997,0.18281094359999983000
8124,1.8812888500000000,1.7367281100000000,2.0258495900000000,0.28912147999999993000
8125,2.0134673370000002,1.8995780022000002,2.1273566718000003,0.22777866960000015000
8126,2.8874894395000000,2.8674256152999997,2.9075532636999997,0.04012764839999994000
8127,2.9687315029999994,2.9375889018000000,2.9998741041999994,0.06228520239999957000
8129,2.5489296999999995,2.4121515800000000,2.6857078200000000,0.27355624000000000000
8130,2.7280687399999994,2.6629462360000002,2.7931912439999995,0.13024500799999927000
8133,2.6661311504999996,2.5762336106999997,2.7560286902999995,0.17979507959999985000
8136,2.9931273029999996,2.8620470242000000,3.1242075818000000,0.26216055760000010000
8137,2.8009842144999997,2.7650279003000002,2.8369405286999996,0.07191262839999935000
8138,2.7693129745000005,2.7206881643000000,2.8179377847000002,0.09724962040000040000
8141,2.3519652890000000,2.1229027734000000,2.5810278046000000,0.45812503120000025000
8142,2.1906228615000000,2.0521501169000000,2.3290956060999997,0.27694548919999960000
8143,2.9719956809999997,2.8368155534000006,3.1071758086000000,0.27036025519999950000
8145,2.5719507755000000,2.4669616652999995,2.6769398857000000,0.20997822040000047000
8150,3.0099883480000030,2.8845008871999998,3.1354758088000000,0.25097492160000010000
8151,3.3869709105000010,3.0651340747000000,3.7088077463000000,0.64367367160000020000
8152,2.4773137949999997,2.2995950770000000,2.6550325130000000,0.35543743599999990000
8155,2.3419221825000000,2.3256149095000000,2.3582294555000005,0.03261454600000046600
8156,2.3804011135000005,2.2700270681000000,2.4907751589000005,0.22074809080000035000
8157,3.1233239324999990,3.0085767054999994,3.2380711595000005,0.22949445400000100000
8159,3.3678555610000010,3.0719585854000000,3.6637525366000000,0.59179395120000010000
8166,2.9285555535000003,2.7729401749000000,3.0841709321000000,0.31123075720000015000
8167,2.8107654480000000,2.7376408272000003,2.8838900688000000,0.14624924159999964000
8168,2.7413100669999997,2.6814840938000000,2.8011360402000000,0.11965194639999988000
8170,2.6708238545000000,2.6048377963000000,2.7368099127000000,0.13197211640000006000
8171,3.3442586455000000,2.9243013037000000,3.7642159873000000,0.83991468360000000000
8172,2.5109669465000000,2.4083033679000000,2.6136305251000000,0.20532715720000017000
8173,3.3056626405000005,3.0242424967000000,3.5870827842999997,0.56284028759999980000
8174,2.7169250400000005,2.6473450560000003,2.7865050239999998,0.13915996799999952000
8175,2.9123135869999994,2.9037381522000000,2.9208890218000000,0.01715086960000000700
8176,2.8898303375000000,2.8894124724999997,2.8902482024999996,0.00083572999999992350
8177,2.8085661175000000,2.7757273645000000,2.8414048705000000,0.06567750600000011000
8178,2.8259149840000000,2.7999309776000003,2.8518989904000000,0.05196801279999974000
8179,2.7776982805000000,2.7324275926999997,2.8229689682999997,0.09054137559999997000
8180,2.6180433470000000,2.5089106858000000,2.7271760082000000,0.21826532239999974000
8181,2.6876606855000000,2.6063749597000000,2.7689464112999995,0.16257145159999942000
8182,2.7856546449999997,2.7435665029999994,2.8277427869999996,0.08417628400000021000
8184,2.9074642644999997,2.9008285587000002,2.9140999703000000,0.01327141159999989400
8185,2.8708279639999996,2.8628091496000003,2.8788467784000000,0.01603762879999948000
8187,2.7646138799999997,2.7141094320000003,2.8151183279999996,0.10100889599999929000
8188,2.5277198110000000,2.3824577354000000,2.6729818866000000,0.29052415120000010000
8191,2.5409728370000004,2.4756669022000000,2.6062787718000000,0.13061186960000004000
8192,2.4291724535000006,2.3902534721000000,2.4680914349000003,0.07783796280000033000
8193,2.1188382135000000,1.9313305280999997,2.3063458989000000,0.37501537080000036000
8194,2.2302236994999993,2.1747894196999997,2.2856579793000000,0.11086855960000008000
8195,2.9789936840000000,2.9635779576000000,2.9944094104000000,0.03083145279999977000
8198,2.8734379030000000,2.8285750642000000,2.9183007418000000,0.08972567760000016000
8201,2.4490767359999994,2.3566748416000003,2.5414786304000000,0.18480378879999960000
8202,2.9025720050000000,2.7398080070000000,3.0653360030000000,0.32552799599999993000
8203,2.6048040980000002,2.4716980588000000,2.7379101372000000,0.26621207840000016000
8205,1.9219279969999998,1.7832643982000003,2.0605915958000000,0.27732719759999980000
8206,3.0303423319999996,3.0301593992000000,3.0305252647999996,0.00036586559999962630
8208,2.6465659625000000,2.6016127475000004,2.6915191775000000,0.08990642999999965000
8209,2.7184596395000002,2.5974854953000000,2.8394337837000000,0.24194828840000016000
8210,2.9933944160000000,2.9509961824000004,3.0357926496000000,0.08479646719999945000
8213,3.0057008510000000,2.8101547913999996,3.2012469105999997,0.39109211920000010000
8214,2.9752627644999996,2.7111798703000000,3.2393456587000005,0.52816578840000040000
8215,2.9144523580000000,2.9049366148000000,2.9239681011999994,0.01903148639999941000
8216,2.8760040440000005,2.8700556615999995,2.8819524263999994,0.01189676479999990400
8218,2.6219411190000000,2.5143675666000000,2.7295146713999996,0.21514710479999977000
8219,2.7285139280000004,2.6448598991999996,2.8121679567999998,0.16730805760000012000
8221,2.8555959350000000,2.8414843090000000,2.8697075610000002,0.02822325200000008700
8222,2.8728584324999997,2.6936706055000004,3.0520462595000004,0.35837565400000004000
8223,2.7809324800000000,2.7369554719999996,2.8249094879999994,0.08795401599999986000
8224,2.6929144575000006,2.6137302405000002,2.7720986745000000,0.15836843399999978000
8227,2.7154862395000000,2.6453307353000004,2.7856417437000000,0.14031100839999944000
8228,2.8645189139999996,2.8539764795999996,2.8750613483999996,0.02108486880000004500
8229,2.7954594420000003,2.7815328652000000,2.8093860188000000,0.02785315360000018000
8232,2.5267864780000000,2.4904982868000003,2.5630746692000000,0.07257638239999986000
8233,2.3296057475000000,2.2292474485000002,2.4299640465000003,0.20071659800000008000
8234,2.6010423759999997,2.5058946256000003,2.6961901264000000,0.19029550079999957000
8235,2.8762322025000002,2.8043538834999997,2.9481105215000003,0.14375663800000060000
8236,2.7072034449999998,2.5552976230000000,2.8591092670000000,0.30381164400000005000
8237,2.6117187730000010,2.4908880638000000,2.7325494821999996,0.24166141839999966000
8239,2.9357952784999997,2.7833353899000004,3.0882551671000000,0.30491977719999940000
8242,2.9231067774999997,2.8456578885000000,3.0005556665000000,0.15489777800000004000
8243,2.5358674260000000,2.4989464556000000,2.5727883964000000,0.07384194079999995000
8244,2.5478724160000000,2.4144110496000000,2.6813337823999994,0.26692273279999945000
8245,2.1572087880000000,1.9336044728000001,2.3808131032000000,0.44720863039999980000
8246,2.8782474955000006,2.8731964936999996,2.8832984972999998,0.01010200360000013100
8247,2.4398249735000000,2.2594049629000000,2.6202449840999997,0.36084002119999960000
8249,2.6849081185000000,2.6025213658999995,2.7672948711000000,0.16477350520000034000
8252,2.7355625784999997,2.6734376098999997,2.7976875471000000,0.12424993720000010000
8254,2.6292079340000000,2.5245411075999997,2.7338747603999995,0.20933365279999983000
8255,2.7646957005000000,2.7142239807000000,2.8151674203000000,0.10094343959999996000
8256,2.7601366620000000,2.7078413267999997,2.8124319972000000,0.10459067040000036000
8257,3.2252032119999994,2.9229760968000000,3.5274303272000000,0.60445423040000000000
8260,3.0188580764999995,2.9322681071000000,3.1054480459000002,0.17317993880000015000
8261,3.1617550280000000,3.0629926392000000,3.2605174167999995,0.19752477759999953000
8262,3.0293732955000000,3.0060118136999994,3.0527347772999995,0.04672296360000017000
8263,2.2860819039999996,2.1463991424000000,2.4257646655999996,0.27936552319999963000
8267,2.3598880190000000,2.2099544114000000,2.5098216266000004,0.29986721520000037000
8268,2.6186086660000005,2.5212991996000000,2.7159181323999997,0.19461893279999964000
8269,2.4405864235000000,2.2442014541000000,2.6369713929000000,0.39276993879999990000
8270,2.8187481805000000,2.8138401082999995,2.8236562527000000,0.00981614440000067000
8272,2.4022161020000006,2.3202252612000000,2.4842069427999998,0.16398168159999970000
8275,2.2594528125000006,2.2149095375000000,2.3039960875000000,0.08908654999999976000
8276,3.0435869150000000,2.8958688810000000,3.1913049490000005,0.29543606800000033000
8277,2.6772343540000000,2.6646570123999997,2.6898116956000000,0.02515468320000025000
8280,2.5542905760000005,2.4390103456000003,2.6695708064000003,0.23056046080000003000
8281,2.8542347495000000,2.8142062493000000,2.8942632497000000,0.08005700039999963000
8282,2.5098031325000000,2.4037414795000003,2.6158647855000000,0.21212330599999962000
8283,2.4067085809999997,2.2630651486000000,2.5503520134000000,0.28728686480000000000
8291,2.8600680665000000,2.8477452931000000,2.8723908399000000,0.02464554679999997300
8293,2.7235784654999997,2.6566598517000000,2.7904970792999997,0.13383722759999950000
8294,2.9161494975000000,2.9060396985000000,2.9262592965000000,0.02021959800000017200
8296,2.6058117640000003,2.4917864696000000,2.7198370583999996,0.22805058879999950000
8297,2.8184298290000000,2.7894517606000000,2.8474078973999997,0.05795613679999967000
8298,2.9815014055000000,2.9452508432999998,3.0177519676999998,0.07250112440000000000
8299,2.8504369859999990,2.8342617804000000,2.8666121916000000,0.03235041119999993000
8301,2.0612638940000000,1.9683531363999998,2.1541746516000000,0.18582151520000023000
8302,2.8052710845000000,2.7454339183000003,2.8651082507000000,0.11967433239999980000
8303,2.6067489290000000,2.5893765006000002,2.6241213574000004,0.03474485680000017000
8304,2.2527711185000000,2.1710894710999997,2.3344527659000000,0.16336329480000034000
8308,2.4600017270000000,2.3999070362000000,2.5200964178000005,0.12018938160000037000
8309,2.3279212060000000,2.2214439236000003,2.4343984884000003,0.21295456479999997000
8310,3.1535457359999990,2.8496780304000002,3.4574134416000000,0.60773541119999970000
8311,2.2801815075000000,2.1717333045000000,2.3886297105000000,0.21689640600000004000
8312,2.8957547819999996,2.7369990948000000,3.0545104692000002,0.31751137440000043000
8318,2.2033701960000000,1.9557069176000000,2.4510334744000000,0.49532655680000004000
8319,2.7401947070000000,2.6922465898000003,2.7881428242000004,0.09589623440000006000
8320,2.5671172240000000,2.5301123344000000,2.6041221136000003,0.07400977920000029000
8321,2.4843925154999997,2.3111339093000000,2.6576511217000003,0.34651721240000020000
8322,1.9061568549999992,1.6554273130000001,2.1568863969999996,0.50145908399999950000
8323,2.4913820600000000,2.3315848839999997,2.6511792360000000,0.31959435200000020000
8324,2.7996142454999995,2.6413211437000000,2.9579073473000000,0.31658620360000000000
8325,2.7660217195000000,2.7160804072999998,2.8159630317000000,0.09988262440000018000
8328,2.7332462305000000,2.7266211227000000,2.7398713383000000,0.01325021559999983700
8330,3.4806702594999988,3.1688295632999997,3.7925109556999996,0.62368139240000000000
8331,2.6685000434999995,2.4836248609000000,2.8533752261000003,0.36975036520000026000
8332,2.1714527099999996,1.8986036260000000,2.4443017940000000,0.54569816799999970000
8334,2.8407598065000004,2.8207137291000000,2.8608058839000000,0.04009215479999994600
8335,2.7768999450000003,2.7313099230000000,2.8224899670000000,0.09118004400000013000
8336,2.8687662285000000,2.8599227199000000,2.8776097371000000,0.01768701719999965500
8337,2.7725312855000000,2.7251937997000000,2.8198687713000000,0.09467497159999994000
8339,2.0503504635000000,1.7939514780999999,2.3067494489000000,0.51279797080000030000
8340,2.6850070190000000,2.6026598265999996,2.7673542114000000,0.16469438480000020000
8341,2.7846944750000000,2.7422222650000005,2.8271666850000000,0.08494441999999935000
8342,2.7574583305000000,2.7040916627000002,2.8108249982999998,0.10673333559999953000
8343,2.0142111595000003,1.7729454957000002,2.2554768233000000,0.48253132759999984000
8345,2.5529692940000000,2.4178070116000000,2.6881315764000000,0.27032456480000010000
8347,2.3560028955000000,2.3320409373000000,2.3799648537000000,0.04792391640000026600
8348,2.5544031740000000,2.4341975044000000,2.6746088436000000,0.24041133920000002000
8350,2.8614765460000000,2.7486419644000000,2.9743111276000000,0.22566916320000008000
8351,2.6123138139999997,2.5781126884000000,2.6465149396000000,0.06840225119999976000
8352,2.8152576950000000,2.7577535730000000,2.8727618169999998,0.11500824399999976000
8353,2.4545022495000000,2.3839165497000000,2.5250879493000000,0.14117139960000014000
8354,3.1957921605000000,3.0084022247000000,3.3831820963000000,0.37477987159999990000
8357,3.3028681204999994,2.9793841687000000,3.6263520723000000,0.64696790360000020000
8360,2.3834382545000006,2.1723277527000000,2.5945487563000000,0.42222100360000026000
8362,3.4483505580000005,3.1613131812000000,3.7353879348000000,0.57407475359999970000
8363,3.0386790804999997,3.0036311127000000,3.0737270483000000,0.07009593559999994000
8365,2.7957761214999970,2.7577365700999996,2.8338156728999997,0.07607910280000008000
8367,2.7544376645000000,2.7519555303000000,2.7569197987000003,0.00496426840000019350
8372,2.8662077475000003,2.8069108465000000,2.9255046485000005,0.11859380200000036000
8373,2.7652049789999995,2.7627025874000000,2.7677073705999997,0.00500478319999953000
8374,2.8852075895000000,2.8829406253000003,2.8874745537000000,0.00453392839999988700
8376,2.9035619535000000,2.8984871721000003,2.9086367349000000,0.01014956279999967800
8377,2.7794999450000000,2.7349499230000003,2.8240499669999997,0.08910004399999938000
8378,2.7267372090000000,2.6610820925999996,2.7923923254000000,0.13131023280000020000
8379,2.8788645965000000,2.7906544351000004,2.9670747579000000,0.17642032279999942000
8380,2.5674760329999997,2.4381164462000000,2.6968356198000000,0.25871917359999985000
8381,2.7515500504999997,2.6958200707000000,2.8072800303000000,0.11145995959999988000
8382,2.7149790690000000,2.6967134966000000,2.7332446414000002,0.03653114480000008000
8384,2.8180251920000000,2.7888852687999997,2.8471651151999997,0.05827984640000006000
8387,2.5267071930000000,2.4253767158000000,2.6280376702000000,0.20266095439999976000
8389,2.7645383159999990,2.6544760424000002,2.8746005895999995,0.22012454719999930000
8390,2.0267591924999993,1.9698587155000000,2.0836596695000000,0.11380095399999979000
8391,2.9011380550000000,2.8464732770000000,2.9558028330000004,0.10932955600000050000
8392,3.7298675830000010,3.3990818162000007,4.0606533498000010,0.66157153360000010000
8393,2.4854368645000000,2.2782337187000000,2.6926400103000000,0.41440629159999975000
8394,3.0676899915000000,2.9813823880999997,3.1539975949000000,0.17261520680000020000
8395,2.9230983284999996,2.8329920599000000,3.0132045971000000,0.18021253720000008000
8396,2.9562675595000000,2.8992669832999995,3.0132681357000000,0.11400115240000064000
8397,2.8807266044999995,2.8048032462999997,2.9566499627000002,0.15184671640000058000
8399,1.9631302595000000,1.8712241556999998,2.0550363633000000,0.18381220760000040000
8402,2.6299791145000000,2.6027659603000000,2.6571922687000000,0.05442630839999962000
8404,2.1919995500000000,1.9345449300000000,2.4494541700000000,0.51490924000000020000
8405,2.4169855050000004,2.2578097070000003,2.5761613030000000,0.31835159599999985000
8407,2.1059915265000004,2.0161029159000000,2.1958801371000000,0.17977722120000017000
8409,2.7550120319999998,2.7006668447999997,2.8093572192000000,0.10869037440000007000
8412,2.0326443070000000,1.7820201842000000,2.2832684297999997,0.50124824559999960000
8416,2.9133511440000000,2.8302732016000003,2.9964290864000005,0.16615588480000020000
8418,2.7296652830000000,2.6651813962000000,2.7941491698000000,0.12896777359999990000
8420,2.6943928845000005,2.6158000383000000,2.7729857307000000,0.15718569239999970000
8423,2.8489700585000000,2.7911272818999997,2.9068128351000000,0.11568555320000051000
8425,2.9933008580000000,2.9617924012000003,3.0248093147999997,0.06301691359999939000
8426,2.7225892994999996,2.6552750193000000,2.7899035797000000,0.13462856039999993000
8428,2.9042365999999995,2.8988919600000000,2.9095812400000000,0.01068928000000024500
8429,2.9079943894999998,2.9011466337000003,2.9148421453000000,0.01369551159999993200
8430,2.5598604185000000,2.4018326511000000,2.7178881859000000,0.31605553480000026000
8432,2.4051961115000000,2.2958141561000000,2.5145780669000000,0.21876391079999990000
8433,2.1926550395000010,2.0348926237000002,2.3504174553000000,0.31552483159999990000
8434,2.6072531325000003,2.4745479855000000,2.7399582795000000,0.26541029400000005000
8435,3.0041437460000000,2.9735560444000000,3.0347314475999996,0.06117540319999959000
8436,2.9046953254999996,2.7146994557000000,3.0946911953000000,0.37999173959999990000
8438,2.2148083280000006,2.1444645968000002,2.2851520592000000,0.14068746239999985000
8439,2.4681831610000002,2.2955170966000003,2.6408492253999998,0.34533212879999950000
8441,2.3380386974999996,2.1026560185000000,2.5734213765000000,0.47076535799999997000
8443,2.7576015950000000,2.7068702330000000,2.8083329570000000,0.10146272400000012000
8444,2.9882608085000000,2.9438091319000000,3.0327124851000000,0.08890335319999965000
8447,2.0422968285000005,1.7377040971000000,2.3468895599000000,0.60918546280000020000
8448,2.4880478749999995,2.4192987250000000,2.5567970250000000,0.13749829999999985000
8449,2.0291055595000000,1.8537461357000000,2.2044649833000000,0.35071884759999983000
8450,2.8563971299999995,2.7522643819999995,2.9605298780000000,0.20826549600000055000
8451,2.4710748665000000,2.2809665198999998,2.6611832131000000,0.38021669320000040000
8452,3.1104926634999996,2.9693845289000000,3.2516007980999997,0.28221626919999965000
8453,2.8804867929999993,2.7907575101999997,2.9702160758000002,0.17945856560000050000
8456,2.7331253849999992,2.6700255389999996,2.7962252309999998,0.12619969200000014000
8457,2.8554781850000000,2.7579134590000000,2.9530429110000000,0.19512945199999976000
8458,2.9526897005000000,2.9279638203000000,2.9774155807000000,0.04945176039999977000
8459,2.7614446045000003,2.7096724463000000,2.8132167627000000,0.10354431640000028000
8460,3.0338932825000002,2.9692269955000000,3.0985595694999994,0.12933257399999930000
8461,2.8633623660000000,2.8524421124000003,2.8742826195999998,0.02184050719999941500
8462,2.4375215705000010,2.2561801986999996,2.6188629423000000,0.36268274360000020000
8464,2.7943772919999996,2.7037702088000000,2.8849843751999997,0.18121416639999977000
8465,2.8994463880000000,2.8960178327999997,2.9028749431999996,0.00685711039999992200
8466,2.6593650875000000,2.5667611224999995,2.7519690525000000,0.18520793000000024000
8468,2.8144698535000000,2.7197561949000000,2.9091835121000003,0.18942731720000028000
8470,3.0513337990000000,2.9847689186000004,3.1178986794000000,0.13312976079999972000
8471,2.9792639329999995,2.8784891061999995,3.0800387598000000,0.20154965360000032000
8472,2.5833716804999995,2.5493971527000000,2.6173462083000003,0.06794905560000020000
8475,3.2404203015000000,3.0404036221000000,3.4404369809000004,0.40003335880000046000
8476,2.9783832895000000,2.8456646052999996,3.1111019737000000,0.26543736840000020000
8479,3.1392302045000000,3.0526998863000000,3.2257605227000000,0.17306063639999980000
8482,2.6959613735000000,2.6396471228999996,2.7522756240999997,0.11262850120000012000
8483,2.4070988850000000,2.3127149310000004,2.5014828390000003,0.18876790799999998000
8486,2.2784143854999996,2.2100470313000000,2.3467817397000000,0.13673470840000013000
8487,2.9378074835000003,2.9328356769000000,2.9427792901000000,0.00994361319999992300
8488,3.3122341140000007,3.1154425596000000,3.5090256684000000,0.39358310880000014000
8489,2.6670982160000007,2.6296803024000000,2.7045161296000004,0.07483582720000026000
8493,2.3372940030000002,2.2544028042000000,2.4201852018000000,0.16578239759999970000
8495,2.6942307010000004,2.6155729814000000,2.7728884205999997,0.15731543919999957000
8496,2.8384483264999990,2.7673700571000000,2.9095265959000000,0.14215653880000012000
8497,2.7641994505000000,2.7135292307000000,2.8148696703000000,0.10134043959999994000
8501,2.6563184389999996,2.5624958145999996,2.7501410634000000,0.18764524880000044000
8504,2.4963657004999997,2.3715510203000000,2.6211803807000003,0.24962936040000017000
8505,2.2195850669999997,2.0686050402000000,2.3705650938000000,0.30196005359999980000
8506,3.4571360474999997,3.1866488664999997,3.7276232284999997,0.54097436200000000000
8507,2.8016417094999997,2.6802887933000000,2.9229946257000000,0.24270583240000000000
8511,3.1980817144999990,2.8648408002999997,3.5313226287000000,0.66648182840000030000
8512,3.0930352370000000,3.0327693318000000,3.1533011421999997,0.12053181039999972000
8513,2.3638049509999997,2.2547097706000000,2.4729001314000003,0.21819036080000043000
8514,2.9109909060000003,2.8028776684000003,3.0191041436000000,0.21622647519999960000
8515,2.0365636190000007,1.9297881713999998,2.1433390666000003,0.21355089520000048000
8517,2.4245809090000000,2.4231677454000000,2.4259940726000000,0.00282632720000020040
8518,3.1171976600000000,2.9226003240000000,3.3117949959999997,0.38919467199999990000
8519,3.3538711840000000,3.0619456576000000,3.6457967104000000,0.58385105280000000000
8520,2.0781357194999996,1.9296686317000000,2.2266028073000000,0.29693417559999990000
8521,2.7054905760000000,2.6395592064000000,2.7714219456000000,0.13186273920000025000
8522,2.0835580665000000,1.8465496399000000,2.3205664931000003,0.47401685320000020000
8525,2.0600776130000000,1.8004653678000000,2.3196898582000000,0.51922449039999980000
8526,2.8694121829999997,2.8608270561999998,2.8779973098000000,0.01717025360000024000
8527,2.6657636709999992,2.5757191394000000,2.7558082026000000,0.18008906320000007000
8528,3.0092437830000000,2.8846100962000003,3.1338774698000003,0.24926737359999995000
8530,2.5896644574999996,2.4691802405000000,2.7101486745000000,0.24096843400000000000
8531,2.8468138764999997,2.8291894271000000,2.8644383259000000,0.03524889879999993000
8533,2.3757072710000000,2.0839497793999997,2.6674647626000000,0.58351498320000020000
8534,2.1192493375000003,1.9830548025000000,2.2554438725000000,0.27238906999999980000
8535,2.8254417474999990,2.7028752465000000,2.9480082485000000,0.24513300199999977000
8537,2.9126081250000000,2.7129597750000000,3.1122564749999997,0.39929669999999984000
8539,2.9440276950000004,2.8818827729999996,3.0061726170000000,0.12428984400000020000
8541,2.7087532830000000,2.6359045962000000,2.7816019697999996,0.14569737359999957000
8544,2.9326809555000000,2.9159585733000000,2.9494033376999997,0.03344476439999955000
8545,2.9040728320000000,2.8987936992000000,2.9093519648000000,0.01055826559999983900
8546,2.7495495915000000,2.6930194281000000,2.8060797549000000,0.11306032679999989000
8548,2.7640554840000000,2.7133276776000000,2.8147832904000000,0.10145561279999970000
8549,2.7404612604999996,2.6802957646999994,2.8006267562999994,0.12033099159999994000
8550,2.9408549735000005,2.7888657629000000,3.0928441841000000,0.30397842120000007000
8551,2.8686457979999997,2.8597541172000000,2.8775374788000000,0.01778336159999982500
8552,2.7641489310000003,2.7621537586000000,2.7661441034000003,0.00399034480000048900
8553,2.3041687145000000,2.2367232287000003,2.3716142003000003,0.13489097159999996000
8556,3.0076766450000000,2.9068585030000005,3.1084947870000000,0.20163628399999967000
8557,2.1935887194999997,2.0801944317000000,2.3069830073000000,0.22678857560000010000
8558,2.1655283930000000,1.9196302358000000,2.4114265502000000,0.49179631439999993000
8559,2.1799811300000000,2.1011442780000000,2.2588179820000000,0.15767370400000003000
8560,2.8197960495000000,2.7371128693000000,2.9024792297000000,0.16536636039999975000
8561,2.1501682265000000,2.1379017359000003,2.1624347171000000,0.02453298119999969300
8562,2.8966323770000000,2.8487889278000000,2.9444758261999997,0.09568689839999989000
8564,3.4082693930000008,3.1164019502000000,3.7001368358000004,0.58373488560000020000
8565,2.9446260400000006,2.8058700560000000,3.0833820240000000,0.27751196800000020000
8566,2.5992650294999997,2.5234030176999998,2.6751270412999997,0.15172402359999992000
8569,2.7701042100000000,2.7396805259999994,2.8005278940000000,0.06084736800000057000
8571,2.5138739145000000,2.4461047487000003,2.5816430803000000,0.13553833159999984000
8572,2.1082391360000000,1.9533206816000002,2.2631575904000000,0.30983690879999990000
8573,2.3755282170000007,2.2702885302000000,2.4807679038000000,0.21047937359999970000
8574,2.8406532115000000,2.7877176960999996,2.8935887269000000,0.10587103080000038000
8578,2.4644645320000000,2.3421675192000000,2.5867615448000003,0.24459402560000010000
8580,2.5820036965000000,2.4584551751000000,2.7055522179000002,0.24709704280000010000
8581,2.8209257950000000,2.7929461129999997,2.8489054769999997,0.05595936400000001000
8583,2.7520418640000010,2.6965086096000000,2.8075751184000000,0.11106650880000002000
8584,2.8142280664999997,2.7835692931000000,2.8448868398999996,0.06131754679999979000
8585,2.7387165550000000,2.6778531769999994,2.7995799330000000,0.12172675600000060000
8586,2.7527380569999997,2.6974832798000000,2.8079928342000000,0.11050955439999965000
8587,2.6778330235000003,2.5926162328999998,2.7630498141000000,0.17043358120000018000
8588,2.6578756035000000,2.5646758449000004,2.7510753621000000,0.18639951719999948000
8590,2.7233487310000006,2.6563382234000000,2.7903592386000000,0.13402101519999965000
8591,2.6946570329999995,2.6161698462000000,2.7731442198000000,0.15697437359999977000
8592,2.7958029479999990,2.7577741272000003,2.8338317687999997,0.07605764159999939000
8594,3.0248581464999997,2.7492474050999998,3.3004688879000000,0.55122148280000040000
8599,2.5016799245000008,2.3709007547000000,2.6324590942999997,0.26155833959999963000
8600,2.8465247469999984,2.6856498458000000,3.0073996481999994,0.32174980239999940000
8601,2.6667564049999997,2.6121537669999997,2.7213590430000000,0.10920527600000040000
8602,2.1583648545000000,2.0073037127000000,2.3094259963000000,0.30212228359999970000
8604,2.8794692820000000,2.7414525948000000,3.0174859692000000,0.27603337439999986000
8605,2.7893768140000000,2.7529407396000000,2.8258128884000002,0.07287214880000015000
8608,2.1404608605000000,1.8800085163000000,2.4009132047000000,0.52090468840000010000
8609,2.6849141780000000,2.6032074492000006,2.7666209068000000,0.16341345759999948000
8611,2.9144370270000000,2.7986586378000005,3.0302154162000000,0.23155677839999944000
8612,2.6989554375000004,2.6468604125000000,2.7510504625000000,0.10419004999999970000
8613,2.8237395165000003,2.6380385231000000,3.0094405099000000,0.37140198680000003000
8616,2.4167333875000003,2.3537412325000004,2.4797255425000000,0.12598430999999977000
8617,2.6402800309999996,2.5407196434000000,2.7398404186000000,0.19912077519999993000
8618,2.6729711574999997,2.5858096204999996,2.7601326944999998,0.17432307400000013000
8619,2.7948291429999994,2.7564108002000000,2.8332474858000000,0.07683668560000001000
8620,2.9187191155000000,2.9075814692999997,2.9298567617000000,0.02227529240000025700
8621,2.7568325105000000,2.7032155147000000,2.8104495063000003,0.10723399160000024000
8623,2.8138996045000013,2.7420286463000000,2.8857705627000003,0.14374191640000022000
8626,2.7357508495000005,2.6737011893000000,2.7978005097000000,0.12409932040000005000
8627,2.6588114079999990,2.5659859711999995,2.7516368447999997,0.18565087360000020000
8629,2.6451791900000000,2.5469008660000000,2.7434575139999997,0.19655664799999960000
8630,2.3286777560000003,2.1192710536000003,2.5380844584000000,0.41881340479999984000
8631,2.6463339815000007,2.5312099889000000,2.7614579741000000,0.23024798519999967000
8633,2.8055881310000004,2.7703021834000000,2.8408740785999997,0.07057189519999962000
8635,2.6138734055000000,2.4985439677000003,2.7292028433000000,0.23065887559999965000
8637,3.4334560509999990,3.1707548713999993,3.6961572305999995,0.52540235920000010000
8642,2.4823718719999994,2.4191119232000000,2.5456318207999997,0.12651989759999970000
8643,2.7585580710000000,2.7078944994000000,2.8092216426000000,0.10132714319999980000
8644,2.1736665905000000,2.0305879543000000,2.3167452266999997,0.28615727239999966000
8646,2.8236457340000000,2.7242752275999997,2.9230162404000000,0.19874101280000023000
8647,2.2886934119999993,2.2179288472000000,2.3594579768000000,0.14152912959999986000
8649,2.9082940410000000,2.7933880574000000,3.0232000245999995,0.22981196719999940000
8650,2.6794331360000005,2.5948563904000004,2.7640098816000000,0.16915349119999945000
8651,2.7487796055000007,2.7440342477000000,2.7535249633000003,0.00949071560000014400
8652,2.6992545380000004,2.5392003532000000,2.8593087228000003,0.32010836960000020000
8653,2.7894518845000000,2.7488826383000005,2.8300211307000000,0.08113849239999960000
8654,2.9614317630000020,2.9332090577999996,2.9896544682000000,0.05644541040000028400
8655,2.9134441359999994,2.9044164816000000,2.9224717904000000,0.01805530879999972500
8656,2.1575558060000004,1.8589522836000000,2.4561593284000000,0.59720704480000000000
8657,2.6166776370000000,2.5069986918000002,2.7263565821999998,0.21935789039999953000
8658,2.9174233710000000,2.9068040226000000,2.9280427194000005,0.02123869680000067800
8659,2.8574333630000000,2.8440567081999997,2.8708100177999993,0.02675330959999966400
8660,2.8761716140000000,2.8702902596000000,2.8820529683999996,0.01176270879999963300
8662,2.9247825015000000,2.9105419009000000,2.9390231021000000,0.02848120119999997300
8663,2.6616061340000000,2.5698985875999996,2.7533136804000000,0.18341509280000023000
8664,2.1803288609999996,1.9039293166000000,2.4567284054000003,0.55279908880000030000
8666,2.7184969245000000,2.5994360942999997,2.8375577547000000,0.23812166040000050000
8668,1.9931981715000002,1.8641329029000002,2.1222634401000000,0.25813053719999957000
8669,2.4155893375000000,2.3378732025000004,2.4933054725000003,0.15543226999999993000
8670,3.0086882660000000,2.9810811724000000,3.0362953596000000,0.05521418719999982000
8672,2.0051965085000005,1.8758203051000002,2.1345727119000000,0.25875240680000000000
8673,2.8347568770000002,2.7044424277999997,2.9650713262000000,0.26062889840000025000
8674,2.2480487759999990,2.1414300656000000,2.3546674864000000,0.21323742080000008000
8675,2.2643621165000000,2.0496616699000000,2.4790625631000000,0.42940089319999997000
8676,2.2646286829999998,2.2066192098000000,2.3226381562000000,0.11601894640000010000
8680,2.3473111829999995,2.3408035097999997,2.3538188561999998,0.01301534640000001600
8682,2.9014728265000005,2.8524875571000000,2.9504580958999997,0.09797053879999984000
8686,2.8739174825000000,2.7429392755000000,3.0048956895000005,0.26195641400000060000
8691,1.9029654255000001,1.7375112553000003,2.0684195957000000,0.33090834039999970000
8692,2.8577380540000000,2.8444832756000000,2.8709928324000000,0.02650955679999978000
8693,2.9560088755000000,2.8601888256999994,3.0518289253000000,0.19164009960000072000
8694,2.9016740950000020,2.8225877329999998,2.9807604570000000,0.15817272400000038000
8696,2.8288019644999998,2.6633895503000002,2.9942143786999997,0.33082482839999950000
8699,2.6582003045000000,2.5651304262999997,2.7512701827000000,0.18613975640000024000
8700,2.9298279740000000,2.9142467844000000,2.9454091636000000,0.03116237919999998000
8701,2.7255262174999997,2.6593867045000000,2.7916657305000000,0.13227902599999997000
8702,2.6238799479999995,2.5170819272000000,2.7306779688000002,0.21359604160000023000
8704,2.4508229060000000,2.2748020684000000,2.6268437436000000,0.35204167519999974000
8705,2.8333246410000000,2.8103044973999998,2.8563447845999996,0.04604028719999986000
8706,2.4082257200000000,2.2151660079999997,2.6012854319999996,0.38611942399999990000
8707,2.5893313685000000,2.4167059158999997,2.7619568211000000,0.34525090520000035000
8708,2.9061839364999993,2.9000603618999996,2.9123075111000003,0.01224714920000069500
8709,2.6856548065000005,2.5891647291000000,2.7821448839000005,0.19298015480000030000
8712,2.5229319935000000,2.4585411961000000,2.5873227909000000,0.12878159479999995000
8715,2.0095741920000005,1.8749961152000000,2.1441522688000000,0.26915615360000000000
8717,2.6561730240000000,2.6234058144000000,2.6889402336000000,0.06553441920000003000
8718,2.0613910630000000,1.8464778378000000,2.2763042882000004,0.42982645040000045000
8720,2.7193017414999994,2.6160700380999997,2.8225334448999995,0.20646340679999975000
8721,2.2788365369999990,2.0196171221999997,2.5380559517999997,0.51843882960000000000
8723,2.2302123355000000,1.9838810013000000,2.4765436697000003,0.49266266840000040000
8725,2.7466268304999994,2.7410203627000000,2.7522332983000000,0.01121293560000014000
8731,1.9387664429999998,1.8438382658000000,2.0336946202000004,0.18985635440000026000
8732,2.7032915395000000,2.5276789553000003,2.8789041237000004,0.35122516840000007000
8733,2.6143926470000003,2.4831695881999996,2.7456157057999997,0.26244611760000014000
8734,2.9132914640000003,2.9043248783999998,2.9222580496000000,0.01793317120000015300
8735,2.8076306820000000,2.7743329547999998,2.8409284091999996,0.06659545439999981000
8737,2.7294269145000000,2.6648476802999994,2.7940061487000000,0.12915846840000045000
8738,2.7895753835000003,2.7490555369000000,2.8300952300999995,0.08103969319999971000
8739,2.6593893860000000,2.5667951403999996,2.7519836316000000,0.18518849120000036000
8742,2.6868290505000000,2.6052106706999996,2.7684474302999997,0.16323675960000017000
8743,2.8313381630000000,2.7241174282000005,2.9385588977999997,0.21444146959999920000
8745,2.7083711620000000,2.6353696267999998,2.7813726971999997,0.14600307039999993000
8746,2.8549265845000007,2.8405472183000002,2.8693059507000000,0.02875873239999959800
8747,2.8188904004999995,2.7900965607000000,2.8476842403000000,0.05758767960000011000
8748,2.7561136425000003,2.7022090994999997,2.8100181855000000,0.10780908600000050000
8749,2.9028069345000010,2.8980341606999995,2.9075797082999997,0.00954554760000014800
8750,2.4684052599999995,2.3434655560000000,2.5933449640000004,0.24987940800000040000
8755,2.9407440420000000,2.8945416588000000,2.9869464252000000,0.09240476640000006000
8756,3.2377229924999997,2.9761497895000004,3.4992961955000000,0.52314640599999950000
8757,2.7184404235000000,2.6817485928999996,2.7551322541000003,0.07338366120000073000
8758,2.9609433875000004,2.9537644325000000,2.9681223425000000,0.01435791000000019600
8759,2.6993228000000000,2.5002623200000000,2.8983832800000005,0.39812096000000040000
8761,2.3196622034999996,2.2210453220999997,2.4182790849000000,0.19723376280000027000
8762,2.4668070119999990,2.4209978072000000,2.5126162168000000,0.09161840960000012000
8765,2.2573083975000015,2.2195998385000000,2.2950169565000000,0.07541711799999984000
8768,2.4159943354999998,2.3838830013000000,2.4481056697000000,0.06422266839999980000
8771,2.6418447335000000,2.5698422269000000,2.7138472401000002,0.14400501320000014000
8772,2.0683774290000000,1.8566264574000000,2.2801284006000000,0.42350194320000023000
8774,1.9428936645000000,1.9410973987000000,1.9446899302999998,0.00359253159999983750
8776,2.1332442760000000,2.0943901656000000,2.1720983864000000,0.07770822079999995000
8777,3.0657744945000003,2.8896614923000006,3.2418874967000000,0.35222600439999940000
8778,2.3609179675000000,2.1669715805000003,2.5548643545000000,0.38789277399999955000
8780,2.9388122084999995,2.8514242919000000,3.0262001251000000,0.17477583320000000000
8781,2.8448541704999997,2.7744378386999995,2.9152705023000000,0.14083266360000035000
8782,2.8560874835000000,2.8421724769000000,2.8700024900999996,0.02783001319999956000
8783,2.8230172295000000,2.7958741213000000,2.8501603376999998,0.05428621639999997600
8785,2.6942277445000000,2.6155688423000005,2.7728866467000000,0.15731780439999943000
8786,2.9944633100000000,2.9717375859999997,3.0171890340000000,0.04545144800000011600
8788,2.8627479120000006,2.8104162768000003,2.9150795472000004,0.10466327040000012000
8789,2.6920412710000000,2.6125077793999996,2.7715747625999994,0.15906698319999980000
8791,2.8933708845000004,2.8923725306999994,2.8943692382999995,0.00199670760000003600
8792,2.6976083209999997,2.5682936494000000,2.8269229926000000,0.25862934320000000000
8793,2.7100321660000000,2.5856870324000000,2.8343772996000003,0.24869026720000020000
8795,2.8095188935000000,2.7445860508999997,2.8744517360999997,0.12986568519999997000
8797,2.5080110269999993,2.3887366162000000,2.6272854378000000,0.23854882159999980000
8798,2.6224079620000000,2.5344855467999996,2.7103303772000000,0.17584483040000043000
8800,2.2049408625000004,2.1253517175000000,2.2845300075000000,0.15917828999999983000
8801,2.5275888860000000,2.4019425316000000,2.6532352404000000,0.25129270879999990000
8802,2.5693102160000000,2.4727929295999997,2.6658275024000000,0.19303457280000025000
8803,2.3602052495000003,2.1577383497000000,2.5626721493000004,0.40493379960000064000
8805,3.1581944170000003,2.9027833838000006,3.4136054502000004,0.51082206639999980000
8806,2.8383076929999995,2.8089515702000000,2.8676638158000003,0.05871224560000021000
8809,2.6992177775000004,2.6424504884999998,2.7559850665000000,0.11353457800000033000
8810,2.4341285870000000,2.2815799522000000,2.5866772218000000,0.30509726960000005000
8811,2.9494773950000000,2.9260364370000000,2.9729183530000000,0.04688191599999980000
8812,2.8944641330000000,2.8771901862000004,2.9117380798000000,0.03454789359999966000
8814,1.9869332255000003,1.8076883353000000,2.1661781157000000,0.35848978040000024000
8815,2.7720071175000000,2.7244599644999994,2.8195542705000000,0.09509430600000046000
8816,2.8565285045000000,2.8427899063000000,2.8702671026999997,0.02747719639999957000
8817,2.8953001279999997,2.8935300768000003,2.8970701792000000,0.00354010239999968950
8818,2.8392471835000000,2.8185960568999997,2.8598983100999997,0.04130225320000003000
8819,2.4980091505000000,2.3408628107000000,2.6551554903000000,0.31429267959999985000
8820,2.8375612110000000,2.7437568954000000,2.9313655266000000,0.18760863120000026000
8821,2.7591230155000000,2.7064222216999996,2.8118238093000000,0.10540158760000029000
8822,2.7277184369999996,2.6624558117999997,2.7929810621999995,0.13052525039999985000
8823,2.9073482604999996,2.8305315647000002,2.9841649563000000,0.15363339159999967000
8825,2.1172107694999998,2.0828410772999995,2.1515804616999996,0.06873938440000016000
8826,2.3117073115000000,2.1108423869000000,2.5125722361000000,0.40172984920000010000
8827,2.3335930905000004,2.2370418543000000,2.4301443267000000,0.19310247239999967000
8828,2.8568647449999998,2.7698326429999995,2.9438968469999995,0.17406420400000000000
8833,2.7058552705000000,2.5616333787000000,2.8500771623000000,0.28844378360000000000
8834,1.9733997469999995,1.8952486482000000,2.0515508458000000,0.15630219760000008000
8835,2.4638036404999997,2.3763233843000000,2.5512838966999998,0.17496051239999977000
8836,2.9541750784999996,2.8640883099000000,3.0442618470999996,0.18017353719999950000
8839,2.1871943970000003,1.8962102382000001,2.4781785558000000,0.58196831759999990000
8840,2.2684065945000000,2.0162475566999998,2.5205656323000000,0.50431807560000010000
8841,2.4512443649999995,2.2971934190000000,2.6052953110000003,0.30810189200000027000
8843,2.1213713145000000,1.9070223887000000,2.3357202403000000,0.42869785160000020000
8844,2.1336816590000000,1.9806433954000000,2.2867199226000000,0.30607652720000010000
8845,2.7834665075000000,2.6899335105000000,2.8769995044999996,0.18706599399999968000
8846,3.2952032935000000,2.9813374109000000,3.6090691761000007,0.62773176520000050000
8848,2.5084783219999998,2.3555196508000000,2.6614369932000000,0.30591734240000035000
8849,2.8002374660000000,2.7639824524000000,2.8364924795999995,0.07251002719999944000
8850,2.8419048155000004,2.8223167417000004,2.8614928893000000,0.03917614759999965600
8851,2.7626215710000000,2.7113201994000000,2.8139229425999996,0.10260274319999985000
8852,2.7075355675000004,2.6341997945000000,2.7808713404999996,0.14667154599999943000
8854,2.6631702980000000,2.5720884172000003,2.7542521788000000,0.18216376159999959000
8855,2.7983601055000005,2.7202733476999996,2.8764468633000000,0.15617351560000037000
8856,2.8122907250000000,2.7808570150000005,2.8437244350000000,0.06286741999999945000
8857,2.7547753754999990,2.7003355257000000,2.8092152253000000,0.10887969960000010000
8860,2.2007209205000000,2.1940005523000004,2.2074412887000000,0.01344073639999976400
8861,3.1031932830000000,2.7092993962000005,3.4970871697999995,0.78778777359999900000
8862,2.2835435850000000,2.1599557510000000,2.4071314190000000,0.24717566800000013000
8864,2.0442834324999994,1.8653024594999998,2.2232644054999997,0.35796194599999986000
8866,2.9236125350000000,2.7518143490000000,3.0954107210000000,0.34359637199999990000
8867,2.5961810760000000,2.5271646456000000,2.6651975063999997,0.13803286079999966000
8869,2.6153318244999997,2.5299138947000000,2.7007497543000000,0.17083585959999992000
8870,2.4243751470000000,2.2452342882000000,2.6035160057999995,0.35828171759999970000
8871,2.9731283195000002,2.8535204472999998,3.0927361917000002,0.23921574440000049000
8873,2.8728160300000000,2.8647972180000000,2.8808348420000000,0.01603762399999997300
8874,2.3271354520000003,2.1923944711999996,2.4618764327999996,0.26948196159999993000
8875,2.3124349465000000,2.1924097679000000,2.4324601251000000,0.24005035719999990000
8876,2.7841225789999995,2.6121980106000002,2.9560471473999996,0.34384913679999940000
8877,2.2990956960000000,2.1503002176000000,2.4478911744000000,0.29759095680000014000
8878,2.2149847259999995,2.0730028356000000,2.3569666164000000,0.28396378079999973000
8880,2.1982623625000004,2.0510134175000000,2.3455113075000000,0.29449788999999970000
8881,2.0888850554999996,1.9131310333000000,2.2646390777000000,0.35150804440000005000
8885,3.0340951665000000,2.9559692331000000,3.1122210999000000,0.15625186680000036000
8889,2.4953959304999995,2.3726179583000000,2.6181739026999997,0.24555594439999950000
8890,2.6778699074999994,2.5926678704999997,2.7630719445000000,0.17040407400000035000
8891,2.8755986095000003,2.8694880533000005,2.8817091657000000,0.01222111239999934500
8894,2.0638056535000002,1.8027021921000000,2.3249091149000000,0.52220692280000010000
8896,2.8507044880000000,2.8346362832000000,2.8667726927999997,0.03213640959999964000
8897,2.9666944440000003,2.9663018216000000,2.9670870664000000,0.00078524479999986240
8898,2.8491218754999994,2.8324206256999997,2.8658231252999995,0.03340249959999974600
8899,2.6627529910000005,2.6241897874000000,2.7013161946000004,0.07712640720000019000
8900,2.6991670360000004,2.6224838504000000,2.7758502216000000,0.15336637119999974000
8901,2.8437425589999994,2.8248895826000000,2.8625955353999997,0.03770595279999966500
8902,2.8355987535000000,2.8134882548999998,2.8577092521000000,0.04422099720000005600
8903,2.7526837580000000,2.6974072612000000,2.8079602547999998,0.11055299359999982000
8904,2.7612996809999980,2.7094695534000000,2.8131298086000000,0.10366025519999988000
8905,2.7914384945000000,2.7516638923000000,2.8312130966999995,0.07954920439999968000
8909,2.9587972665000000,2.8517561731000000,3.0658383599000003,0.21408218680000024000
8910,2.4499519485000003,2.2706027691000004,2.6293011279000003,0.35869835879999990000
8911,2.2488431005000000,2.0185046603000000,2.4791815407000000,0.46067688039999990000
8912,2.4163424280000000,2.3194018568000003,2.5132829992000000,0.19388114239999954000
8913,2.0391724440000000,1.9086658663999998,2.1696790216000000,0.26101315520000010000
8914,3.1379946870000000,2.8948989618000000,3.3810904122000000,0.48619145039999980000
8915,2.8754438390000000,2.8195861746000004,2.9313015034000000,0.11171532879999946000
8917,3.0516458315000000,2.7306849641000004,3.3726066989000003,0.64192173479999990000
8918,2.3533404544999996,2.2541758727000003,2.4525050363000000,0.19832916359999953000
8919,2.6182582415000004,2.5763839381000000,2.6601325449000000,0.08374860679999996000
8920,2.7601047285000000,2.7160190199000000,2.8041904371000000,0.08817141719999988000
8921,2.8940892249999997,2.7925797150000000,2.9955987349999997,0.20301901999999972000
8924,2.4251905945000000,2.3364463567000000,2.5139348323000000,0.17748847560000014000
8925,2.7048764260000002,2.6605421964000002,2.7492106555999998,0.08866845919999955000
8926,2.3118249045000008,2.1683769427000000,2.4552728663000000,0.28689592359999994000
8927,2.6963310620000000,2.6322590867999995,2.7604030372000000,0.12814395040000060000
8928,2.7867433965000010,2.7450907551000000,2.8283960378999997,0.08330528279999960000
8929,2.7330194365000002,2.6698772110999998,2.7961616619000000,0.12628445080000006000
8931,2.4929355470000000,2.3337597658000000,2.6521113281999997,0.31835156239999973000
8934,2.8838762644999990,2.8810767703000000,2.8866757587000000,0.00559898840000006000
8935,2.8898615985000000,2.8894562379000000,2.8902669591000000,0.00081072119999969770
8937,2.6189837650000000,2.5102272709999998,2.7277402589999995,0.21751298799999974000
8938,3.0092169854999997,2.9618801912999997,3.0565537797000000,0.09467358840000051000
8940,2.9911296944999997,2.8190163723000000,3.1632430167000000,0.34422664439999995000
8942,3.1107370115000000,2.8848934161000000,3.3365806068999997,0.45168719079999950000
8947,2.1134194979999990,1.9335028987999998,2.2933360972000000,0.35983319840000030000
8950,2.8846978320000000,2.7928537648000000,2.9765418991999995,0.18368813439999965000
8951,3.1714194400000000,2.9454244160000003,3.3974144640000000,0.45199004799999987000
8952,2.6734564315000000,2.6128318041000000,2.7340810589000000,0.12124925480000037000
8953,2.8399775435000003,2.7793645609000000,2.9005905261000000,0.12122596519999984000
8954,2.8545182210000010,2.8399755094000000,2.8690609325999996,0.02908542319999973800
8956,2.9649647580000000,2.9023506612000000,3.0275788548000000,0.12522819360000037000
8957,2.8285912489999996,2.8107373485999996,2.8464451493999996,0.03570780080000002000
8958,2.6024554325000000,2.5415204055000000,2.6633904595000000,0.12187005399999995000
8959,2.7292950495000000,2.5921842692999997,2.8664058296999997,0.27422156040000000000
8962,2.7379361744999997,2.6767606443000000,2.7991117047000000,0.12235106040000021000
8965,2.6179751775000000,2.4780948485000000,2.7578555065000000,0.27976065799999983000
8966,2.8591745085000000,2.6726127119000000,3.0457363050999997,0.37312359319999990000
8967,2.7323628029999996,2.6689579242000003,2.7957676817999997,0.12680975759999935000
8969,2.8320636015000002,2.6582974421000000,3.0058297608999998,0.34753231879999990000
8970,2.5957614705000010,2.5543316823000000,2.6371912587000000,0.08285957640000019000
8974,2.6934541000000003,2.6163957399999997,2.7705124600000000,0.15411672000000020000
8976,2.5686397034999997,2.5333274220999997,2.6039519848999997,0.07062456279999996000
8977,2.2284477785000000,2.0885242671000000,2.3683712899000000,0.27984702279999984000
8978,2.2884386965000000,2.0542564179000000,2.5226209750999997,0.46836455719999970000
8979,2.7111201155000000,2.6169125616999995,2.8053276693000000,0.18841510760000046000
8981,2.5074669714999995,2.3571569829000000,2.6577769601000000,0.30061997720000020000
8982,2.7181196040000004,2.4790094456000005,2.9572297624000000,0.47822031679999943000
8983,2.1558709725000003,1.9845669835000002,2.3271749615000000,0.34260797799999976000
8984,2.8701438975000000,2.8189282564999996,2.9213595385000004,0.10243128200000085000
8988,2.6410973400000000,2.5411862760000000,2.7410084040000000,0.19982212800000010000
8989,3.0387874210000000,2.9240707894000000,3.1535040526000000,0.22943326320000024000
8990,2.5852075120000000,2.4629405168000000,2.7074745071999997,0.24453399039999990000
8996,2.6459797849999998,2.5480216990000000,2.7439378710000000,0.19591617200000000000
8998,2.8452064555000000,2.6915250377000000,2.9988878733000000,0.30736283560000020000
8999,2.7001454045000006,2.6238535662999998,2.7764372427000000,0.15258367640000037000
9000,2.4743469995000003,2.3077357993000000,2.6409581997000000,0.33322240039999995000
9001,2.8891280700000004,2.8884292979999997,2.8898268419999997,0.00139754400000002830
9002,2.8318997534999992,2.8083096549000000,2.8554898520999994,0.04718019719999944000
9003,2.1455259835000000,1.8517343901000000,2.4393175769000000,0.58758318680000010000
9004,2.7317775854999997,2.6681386197000000,2.7954165512999998,0.12727793159999967000
9005,2.9305920254999998,2.9147052152999997,2.9464788357000000,0.03177362040000009000
9006,2.5993185034999997,2.5874743049000000,2.6111627020999997,0.02368839719999949000
9007,2.7272137945000010,2.6617493122999996,2.7926782767000000,0.13092896440000024000
9008,2.8798597535000000,2.7816304549000000,2.9780890521000005,0.19645859720000036000
9010,3.1470071245000000,2.8984111743000000,3.3956030747000000,0.49719190039999983000
9011,2.2176080130000000,2.0815400077999997,2.3536760182000000,0.27213601040000013000
9012,2.4741473610000000,2.4271528166000000,2.5211419054000000,0.09398908879999990000
9013,2.4478462165000003,2.2485573299000000,2.6471351031000000,0.39857777320000000000
9014,1.7852433179999998,1.5863903908000000,1.9840962451999997,0.39770585439999960000
9015,2.7460065055000005,2.7361399076999997,2.7558731033000003,0.01973319560000064000
9016,2.4669402430000000,2.3170377458000000,2.6168427401999996,0.29980499439999964000
9018,2.2005018064999997,1.9895526839000002,2.4114509291000004,0.42189824520000020000
9019,2.1438707280000000,2.0252992368000005,2.2624422192000000,0.23714298239999954000
9020,2.5439553460000000,2.5425442844000004,2.5453664076000000,0.00282212319999963770
9021,2.3502110384999977,2.2047026231000000,2.4957194539000000,0.29101683079999985000
9024,3.1238053669999997,2.9935675138000000,3.2540432202000000,0.26047570639999984000
9027,2.9318377105000000,2.7801351947000000,3.0835402263000002,0.30340503160000010000
9028,2.6605535335000000,2.5588025201000000,2.7623045469000000,0.20350202679999985000
9030,2.7152280414999987,2.4716180581000002,2.9588380249000000,0.48721996679999970000
9031,2.4917315390000003,2.3524749234000000,2.6309881546000002,0.27851323120000027000
9032,3.3771813019999994,3.0048234228000000,3.7495391812000000,0.74471575839999990000
9033,2.9133589329999996,2.8857601062000000,2.9409577598000000,0.05519765360000006000
9034,2.7367939319999994,2.6751615047999997,2.7984263591999996,0.12326485439999990000
9036,3.0302218845000010,2.8806810382999997,3.1797627307000000,0.29908169240000015000
9037,2.5192193724999985,2.4753355215000000,2.5631032234999997,0.08776770199999984000
9038,1.9932239084999999,1.7603531450999998,2.2260946719000000,0.46574152680000000000
9039,2.8913034134999998,2.8842883789000000,2.8983184481000000,0.01403006919999994000
9040,2.7594136935000000,2.6803795708999996,2.8384478161000004,0.15806824520000085000
9041,2.8798622935000000,2.8198532109000003,2.9398713760999997,0.12001816519999942000
9042,2.8013985370000000,2.7656079518000003,2.8371891222000000,0.07158117039999956000
9043,2.9343954300000004,2.8820228020000003,2.9867680580000000,0.10474525599999973000
9044,2.7688280745000000,2.7225873043000000,2.8150688447000000,0.09248154039999967000
9045,2.8465865564999997,2.8288711791000000,2.8643019339000000,0.03543075480000013000
9048,2.7851400309999996,2.7428460433999997,2.8274340185999995,0.08458797519999983000
9049,2.7882820780000004,2.7472449092000000,2.8293192467999995,0.08207433759999949000
9050,2.8521729864999994,2.8366921810999997,2.8676537918999996,0.03096161079999992800
9051,2.7465096825000000,2.6887635554999996,2.8042558095000000,0.11549225400000030000
9053,2.9611588524999990,2.9330453115000000,2.9892723935000000,0.05622708199999993000
9054,2.8030598865000000,2.7679338410999996,2.8381859319000000,0.07025209080000039000
9055,2.5879537865000010,2.5194709011000005,2.6564366719000003,0.13696577079999983000
9057,3.6291817340000003,3.3969780276000000,3.8613854404000008,0.46440741280000086000
9058,2.8826794134999996,2.8128043789000000,2.9525544481000000,0.13975006919999977000
9059,2.3488143455000006,2.2612938073000000,2.4363348837000003,0.17504107640000033000
9060,2.1971783275000000,2.1120321965000000,2.2823244585000000,0.17029226200000025000
9061,2.1533772920000000,2.0078915752000000,2.2988630087999997,0.29097143359999980000
9062,2.8402820500000000,2.6593372700000004,3.0212268300000000,0.36188955999999940000
9063,2.3956593585000000,2.2392940151000000,2.5520247018999997,0.31273068679999970000
9064,3.3156619654999995,3.0176827516999998,3.6136411792999996,0.59595842759999980000
9065,1.9845111265000002,1.8430218758999999,2.1260003771000000,0.28297850120000010000
9067,2.3509783734999994,2.1315714241000000,2.5703853229000000,0.43881389879999990000
9068,3.2543878249999993,2.9679601549999997,3.5408154950000000,0.57285534000000030000
9070,2.7113376445000000,2.5884003023000000,2.8342749866999997,0.24587468439999950000
9072,2.4934896205000000,2.3749113722999997,2.6120678686999996,0.23715649639999992000
9073,3.1635466009999997,2.9652656414000003,3.3618275605999997,0.39656191919999940000
9074,2.7301859465000002,2.6659103251000000,2.7944615678999996,0.12855124279999952000
9075,2.4647751240000000,2.3470207736000000,2.5825294744000002,0.23550870080000008000
9076,2.4276428790000000,2.3458485274000000,2.5094372305999997,0.16358870319999985000
9077,2.5164906370000000,2.4877815822000000,2.5451996917999997,0.05741810959999993400
9078,2.7606247084999995,2.7085245919000000,2.8127248250999997,0.10420023319999983000
9079,2.5723989270000000,2.4450084978000000,2.6997893561999997,0.25478085839999975000
9082,2.8862484254999994,2.8843977957000000,2.8880990552999997,0.00370125959999967340
9083,2.7548041620000000,2.7003758268000000,2.8092324972000000,0.10885667039999980000
9084,1.9862657904999999,1.7868986743000000,2.1856329067000000,0.39873423240000005000
9085,2.7045517645000000,2.6300224702999997,2.7790810586999997,0.14905858839999997000
9086,2.8673228590000000,2.8272664025999994,2.9073793153999996,0.08011291280000021000
9087,2.8982660224999997,2.8953096135000000,2.9012224315000000,0.00591281800000009700
9089,2.5347406290000000,2.3922868806000000,2.6771943773999998,0.28490749679999980000
9090,2.6890684965000005,2.6083458951000000,2.7697910978999998,0.16144520279999997000
9091,2.1915437150000000,1.9390802290000000,2.4440072010000000,0.50492697199999980000
9093,2.7197021629999990,2.6814272977999996,2.7579770282000005,0.07654973040000090000
9095,2.2528779814999993,2.2159047889000000,2.2898511741000000,0.07394638519999974000
9098,2.9401196250000010,2.8745902750000005,3.0056489750000000,0.13105869999999964000
9100,3.3453274305000000,3.0055296027000000,3.6851252583000003,0.67959565560000050000
9102,3.5274229649999980,3.2141289510000000,3.8407169790000000,0.62658802800000000000
9104,2.5447584410000000,2.3486094646000000,2.7409074174000000,0.39229795279999990000
9105,2.1926978974999995,2.1580867384999998,2.2273090565000000,0.06922231800000045000
9106,2.5535698105000004,2.4555866863000000,2.6515529347000000,0.19596624840000000000
9107,3.0467958385000000,2.5702493739000000,3.5233423031000000,0.95309292920000030000
9108,2.3976081995000010,2.3273809197000000,2.4678354793000000,0.14045455960000020000
9110,2.4701189830000000,2.3018165762000000,2.6384213897999995,0.33660481359999970000
9111,2.6425612480000000,2.5234425471999997,2.7616799488000000,0.23823740160000018000
9113,3.0260067360000003,2.8988278304000006,3.1531856416000000,0.25435781119999934000
9115,2.4188864409999993,2.3646070646000000,2.4731658174000000,0.10855875280000005000
9116,2.6437296875000000,2.4837423625000000,2.8037170125000000,0.31997464999999980000
9117,2.7226748515000003,2.6553947920999996,2.7899549108999997,0.13456011880000007000
9118,2.7703104330000000,2.7220846061999997,2.8185362597999997,0.09645165359999996000
9119,2.7838920395000000,2.7410988552999997,2.8266852237000000,0.08558636840000045000
9120,1.9950764940000000,1.8339434964000003,2.1562094916000003,0.32226599520000000000
9122,2.7947839820000000,2.7563475747999995,2.8332203891999996,0.07687281440000016000
9123,2.9581769430000002,2.9330897202000000,2.9832641658000000,0.05017444560000017000
9125,2.7237673690000010,2.6569243166000000,2.7906104214000000,0.13368610479999976000
9126,2.8832937199999997,2.8802612080000000,2.8863262320000000,0.00606502400000019650
9128,2.4606797820000006,2.4139090692000003,2.5074504947999996,0.09354142559999934000
9131,2.4086126239999990,2.3021811743999994,2.5150440736000004,0.21286289920000100000
9134,2.4107250529999997,2.2207238318000000,2.6007262742000000,0.38000244239999990000
9135,2.4927269665000003,2.3780501799000002,2.6074037531000000,0.22935357319999960000
9136,2.5692976269999996,2.4342949762000000,2.7043002778000000,0.27000530159999990000
9137,2.8290916235000000,2.7685350729000002,2.8896481741000004,0.12111310120000018000
9138,2.6209693640000000,2.4997592184000000,2.7421795096000000,0.24242029120000020000
9139,2.3779623630000000,2.1854858178000000,2.5704389082000000,0.38495309039999980000
9140,2.4797577840000000,2.4302274704000000,2.5292880976000000,0.09906062719999964000
9143,2.7284283915000000,2.6068281480999995,2.8500286348999997,0.24320048680000017000
9144,2.0706158095000000,1.8067882857000002,2.3344433333000000,0.52765504759999970000
9146,2.8097044080000000,2.7074553712000000,2.9119534448000000,0.20449807359999994000
9148,2.1252281330000000,1.9903312798000001,2.2601249862000000,0.26979370640000000000
9149,2.8295445540000004,2.8050123756000000,2.8540767324000003,0.04906435680000021000
9150,2.1890148200000000,1.9612336920000002,2.4167959480000003,0.45556225600000010000
9151,2.7029849545000000,2.6278289363000000,2.7781409726999997,0.15031203639999990000
9153,2.7441828459999997,2.6855059843999998,2.8028597076000000,0.11735372320000037000
9154,2.7913397625000016,2.7515256675000000,2.8311538575000000,0.07962818999999977000
9155,2.7676609435000000,2.7183753209000000,2.8169465661000000,0.09857124520000005000
9156,2.6004003520000000,2.4842104928000000,2.7165902111999998,0.23237971839999982000
9157,2.7817902375000000,2.7381563325000000,2.8254241424999997,0.08726780999999972000
9159,3.1137352965000002,3.0245911779000000,3.2028794151000000,0.17828823719999987000
9160,2.1680247434999997,2.0430796461000000,2.2929698409000000,0.24989019480000030000
9161,3.2507718240000010,2.9327257536000000,3.5688178944000000,0.63609214079999980000
9165,2.7866766005000000,2.6576108407000000,2.9157423603000000,0.25813151960000000000
9166,2.5649017949999995,2.4770918770000000,2.6527117130000000,0.17561983600000008000
9167,2.8590228404999998,2.8247155767000005,2.8933301043000000,0.06861452759999942000
9168,2.5299910845000000,2.4181258507000000,2.6418563183000000,0.22373046759999982000
9169,2.4933982190000004,2.4003361314000000,2.5864603066000003,0.18612417520000024000
9170,3.2084540935000003,3.0093409308999997,3.4075672561000000,0.39822632520000045000
9173,2.6218531374999996,2.5679003925000000,2.6758058825000000,0.10790549000000027000
9174,2.0509621965000004,1.9417861179000000,2.1601382751000000,0.21835215720000000000
9175,3.3794019655000005,3.1468647517000000,3.6119391793000000,0.46507442760000030000
9176,2.5463954619999996,2.4086036468000000,2.6841872772000000,0.27558363039999990000
9177,2.7076218120000000,2.6343205368000000,2.7809230872000000,0.14660255040000036000
9178,2.7755400949999984,2.7294061330000000,2.8216740570000000,0.09226792400000017000
9180,2.2728136850000000,2.1492574110000002,2.3963699590000003,0.24711254800000004000
9182,1.9839478270000006,1.8239754962000000,2.1439201578000002,0.31994466160000010000
9183,2.7610115930000000,2.7090662302000000,2.8129569558000000,0.10389072559999990000
9184,2.8303646574999997,2.8061605205000000,2.8545687944999996,0.04840827399999936000
9185,2.6957842745000002,2.6177479843000000,2.7738205647000003,0.15607258040000005000
9186,2.8382291009999987,2.8000755413999996,2.8763826605999996,0.07630711920000000000
9187,2.4460681165000002,2.2681453631000000,2.6239908699000000,0.35584550680000016000
9188,2.9307409675000000,2.8633661545000000,2.9981157804999996,0.13474962599999962000
9190,2.6552814199999997,2.5610439880000000,2.7495188520000000,0.18847486399999980000
9191,2.1901109934999994,1.9743125960999999,2.4059093909000002,0.43159679480000035000
9194,2.5704610729999997,2.4339663021999995,2.7069558438000003,0.27298954160000080000
9197,2.8766606155000000,2.8139116617000000,2.9394095692999995,0.12549790759999935000
9198,2.3111091709999996,2.1990579026000000,2.4231604393999997,0.22410253679999980000
9199,2.0943874360000000,2.0695016103999997,2.1192732616000000,0.04977165120000038000
9200,3.4407998264999993,3.1794901570999996,3.7021094959000000,0.52261933880000020000
9201,2.0701470030000000,1.9076322017999998,2.2326618041999997,0.32502960239999990000
9202,2.6876253185000003,2.6602907911000000,2.7149598458999997,0.05466905479999973000
9203,2.9589402770000004,2.9207371878000000,2.9971433662000000,0.07640617840000008000
9205,2.7988002299999994,2.7639393380000000,2.8336611219999996,0.06972178399999951000
9208,2.7012737220000007,2.6330664107999997,2.7694810332000000,0.13641462240000024000
9216,2.7346716194999994,2.7248758672999998,2.7444673717000000,0.01959150440000012600
9218,2.3436406610000002,2.1774325254000000,2.5098487966000000,0.33241627120000006000
9220,2.8015566845000000,2.5687989583000000,3.0343144107000000,0.46551545240000003000
9221,2.1758059590000003,2.0582223754000000,2.2933895426000000,0.23516716719999975000
9222,3.5484341394999985,3.2742977953000003,3.8225704837000000,0.54827268839999950000
9223,2.8137939229999990,2.7829614921999997,2.8446263538000000,0.06166486160000017600
9224,2.7077710495000002,2.6866222693000000,2.7289198297000000,0.04229756040000021000
9225,2.9022313925000000,2.8976888355000000,2.9067739495000002,0.00908511400000033800
9226,2.7605760005000000,2.7084564007000000,2.8126956002999997,0.10423919959999983000
9227,2.8956707520000000,2.7444022528000000,3.0469392512000000,0.30253699839999990000
9228,2.8157367589999995,2.7856814626000000,2.8457920553999996,0.06011059279999964000
9229,2.4332280465000000,2.2501692651000000,2.6162868279000000,0.36611756279999996000
9230,2.3539261314999997,2.1391465841000000,2.5687056789000000,0.42955909479999965000
9233,3.3936277290000000,2.9871740206000000,3.8000814374000000,0.81290741679999990000
9239,3.3994816759999997,3.0408607464000000,3.7581026055999995,0.71724185919999960000
9240,3.1014094904999996,3.0560912867000000,3.1467276943000000,0.09063640759999991000
9243,2.7352088500000002,2.7142311900000000,2.7561865100000000,0.04195532000000002000
9245,2.6891718215000004,2.6345081501000000,2.7438354929000000,0.10932734280000034000
9246,2.2301790225000000,2.1858494135000000,2.2745086315000000,0.08865921799999965000
9247,2.6943467295000000,2.5059846213000000,2.8827088377000000,0.37672421640000000000
9248,2.2973993725000000,2.1293784235000000,2.4654203215000000,0.33604189799999995000
9249,2.8590084495000000,2.7417502292999996,2.9762666696999998,0.23451644040000020000
9250,2.3106727964999996,2.1084440778999998,2.5129015151000000,0.40445743720000005000
9252,2.2729882685000000,2.0243661610999997,2.5216103759000000,0.49724421480000025000
9254,2.8118073495000000,2.7913416097000003,2.8322730893000000,0.04093147959999976500
9255,2.4229816125000000,2.2709605675000000,2.5750026575000002,0.30404209000000026000
9257,2.8672298720000000,2.7063406208000003,3.0281191231999998,0.32177850239999950000
9258,2.8060635824999998,2.6653538155000000,2.9467733495000000,0.28141953399999986000
9259,2.6827498605000000,2.5994998047000000,2.7659999162999998,0.16650011159999956000
9261,2.7326939100000000,2.6694214739999995,2.7959663459999997,0.12654487200000020000
9262,2.7207063985000000,2.6526389579000000,2.7887738391000000,0.13613488120000028000
9263,2.8501335399999994,2.8137445240000000,2.8865225560000000,0.07277803199999999000
9264,2.7352941110000004,2.6730617554000005,2.7975264666000000,0.12446471119999947000
9265,2.6812196765000000,2.5973575471000006,2.7650818059000000,0.16772425879999942000
9266,2.7109860799999996,2.6390305119999997,2.7829416479999995,0.14391113599999983000
9267,2.7326498245000000,2.6693597543000000,2.7959398947000000,0.12658014040000020000
9268,2.9143880565000004,2.9049828338999997,2.9237932791000003,0.01881044520000063600
9269,3.0908970520000008,2.9663038728000000,3.2154902312000000,0.24918635839999980000
9272,2.3601385404999995,2.2985559243000000,2.4217211567000000,0.12316523239999988000
9273,2.2911279005000003,2.1792807403000000,2.4029750606999998,0.22369432039999992000
9274,3.2734531260000000,2.9662351763999997,3.5806710755999998,0.61443589920000010000
9275,3.1515483324999990,2.9243400655000000,3.3787565995000000,0.45441653399999990000
9278,2.4928976845000000,2.3536023583000003,2.6321930107000004,0.27859065240000014000
9279,2.3359763680000000,2.1768506208000000,2.4951021152000000,0.31825149440000010000
9280,2.1864707125000000,2.0431836275000000,2.3297577974999997,0.28657416999999974000
9281,2.8954091754999998,2.8384528457000000,2.9523655053000000,0.11391265959999997000
9283,3.3237401369999997,3.0014865918000000,3.6459936822000003,0.64450709040000030000
9285,2.3949543450000000,2.2662118070000000,2.5236968830000000,0.25748507600000003000
9287,1.9051021310000000,1.8089672786000000,2.0012369834000000,0.19226970480000016000
9288,2.7316122640000020,2.6859123696000000,2.7773121584000000,0.09139978879999999000
9289,2.5358866620000007,2.4103827972000000,2.6613905268000000,0.25100772959999995000
9291,2.6963925664999997,2.6185995931000003,2.7741855398999995,0.15558594679999915000
9292,2.8038739304999996,2.7690735027000000,2.8386743582999996,0.06960085559999962000
9293,2.9221158835000005,2.8512062369000000,2.9930255301000000,0.14181929320000020000
9294,2.8140532765000000,2.7313165871000002,2.8967899659000000,0.16547337879999980000
9298,2.9201892490000000,2.8799069485999995,2.9604715494000000,0.08056460080000027000
9299,2.6912296710000008,2.6113715393999994,2.7710878026000000,0.15971626320000043000
9300,2.5841389104999997,2.5268612747000000,2.6414165463000000,0.11455527160000001000
9301,2.6511000829999993,2.6050265162000000,2.6971736498000003,0.09214713360000015000
9302,2.4913536784999994,2.4191127499000000,2.5635946071000000,0.14448185720000017000
9303,2.6935749149999992,2.6146548810000003,2.7724949490000000,0.15784006799999960000
9305,2.7348935229999998,2.6725009322000000,2.7972861138000000,0.12478518159999963000
9308,2.9436628395000000,2.8949971753000000,2.9923285037000000,0.09733132840000014000
9309,2.7157051030000000,2.6456371442000000,2.7857730618000000,0.14013591759999988000
9310,3.0057291280000005,2.9682647792000000,3.0431934768000004,0.07492869760000032000
9315,3.1231001415000000,2.8306641980999996,3.4155360849000000,0.58487188680000020000
9316,2.0921934480000000,1.8489960688000000,2.3353908272000000,0.48639475839999990000
9317,2.4577623264999997,2.3916085958999997,2.5239160571000000,0.13230746120000036000
9318,3.4507659615000006,3.1071055461000000,3.7944263769000000,0.68732083080000010000
9319,3.1681439594999996,2.9517659433000000,3.3845219757000002,0.43275603240000040000
9320,2.9408816330000000,2.8775270862000000,3.0042361798000004,0.12670909360000016000
9321,2.4957306295000000,2.4401075777000000,2.5513536812999997,0.11124610359999965000
9322,2.5027204750000000,2.3988122850000000,2.6066286650000000,0.20781638000000013000
9324,2.4077893099999996,2.3495375860000003,2.4660410340000003,0.11650344800000001000
9325,2.9238156635000000,2.7902627288999997,3.0573685981000000,0.26710586920000035000
9326,2.3219395215000000,2.2629929128999997,2.3808861301000000,0.11789321720000023000
9327,2.5273313185000000,2.4524407911000000,2.6022218459000000,0.14978105480000004000
9330,1.6470414844999999,1.6112788907000002,1.6828040783000000,0.07152518759999982000
9331,2.7747100990000004,2.7488193386000000,2.8006008594000003,0.05178152080000009000
9332,3.4240202460000000,3.1816919444000002,3.6663485476000006,0.48465660320000037000
9333,2.4592148899999993,2.3609181340000000,2.5575116460000000,0.19659351200000020000
9334,2.6347521645000005,2.5130466303000000,2.7564576987000000,0.24341106839999993000
9335,3.1796901300000004,2.9221685820000000,3.4372116779999997,0.51504309599999990000
9336,2.7987893040000005,2.7619550256000003,2.8356235824000000,0.07366855679999951000
9339,2.8357429155000005,2.8136900817000003,2.8577957492999997,0.04410566759999934000
9342,2.2551113880000000,2.0813732328000000,2.4288495432000000,0.34747631040000027000
9343,2.8396519970000000,2.7439403958000000,2.9353635982000004,0.19142320240000021000
9344,2.7360653079999997,2.6741414312000003,2.7979891848000000,0.12384775359999978000
9346,2.7330000539999997,2.6698500756000000,2.7961500323999995,0.12629995679999960000
9347,2.7679167720000000,2.7187334808000000,2.8171000632000000,0.09836658239999974000
9349,2.1894768494999997,1.9615109096999999,2.4174427893000000,0.45593187960000003000
9352,2.6514438499999997,2.5556713900000000,2.7472163100000000,0.19154492000000012000
9356,2.2454948764999996,2.0968517259000000,2.3941380271000003,0.29728630120000020000
9357,3.3604707945000003,3.1232779123000000,3.5976636767000003,0.47438576440000046000
9358,2.2680554780000000,2.2347584868000000,2.3013524692000000,0.06659398239999970000
9360,2.3558323715000000,2.3412690228999997,2.3703957201000003,0.02912669720000060600
9361,2.3747471815000000,2.1859363089000000,2.5635580541000000,0.37762174519999990000
9363,2.8065902000000000,2.7142882799999994,2.8988921200000006,0.18460384000000118000
9365,2.7666011275000000,2.6145207784999998,2.9186814764999998,0.30416069800000000000
9366,2.4735645799999992,2.2819295480000000,2.6651996120000003,0.38327006400000040000
9367,2.2065043254999990,2.0069861952999997,2.4060224556999996,0.39903626039999995000
9368,2.8232127345000015,2.7961478282999996,2.8502776407000000,0.05412981240000025500
9370,2.9923571640000004,2.9631692296000000,3.0215450984000000,0.05837586879999978600
9371,2.8580197294999996,2.8448776212999998,2.8711618376999994,0.02628421639999967000
9372,2.4762445785000002,2.3806039471000000,2.5718852098999996,0.19128126279999957000
9373,2.4163498990000000,2.3040975394000000,2.5286022585999994,0.22450471919999960000
9374,2.7615806914999994,2.7098629681000000,2.8132984148999998,0.10343544679999983000
9375,2.8384843579999997,2.8073478148000000,2.8696209012000000,0.06227308639999984400
9376,2.8299154445000000,2.8055316223000000,2.8542992667000000,0.04876764439999981000
9377,2.9853283735000002,2.9475470241000000,3.0231097229000000,0.07556269880000022000
9378,2.7168397240000000,2.6472256136000000,2.7864538344000000,0.13922822080000020000
9379,2.8476887305000000,2.8304142227000000,2.8649632383000000,0.03454901560000012000
9380,2.6590233710000000,2.6189683194000004,2.6990784226000004,0.08011010320000000000
9381,2.8744586080000000,2.7460184512000000,3.0028987648000000,0.25688031359999997000
9382,2.8861756630000000,2.8639099282000000,2.9084413978000000,0.04453146959999987000
9383,2.7815265760000000,2.7377872063999997,2.8252659456000000,0.08747873920000027000
9384,2.8590441534999997,2.8463118149000000,2.8717764920999995,0.02546467719999956400
9385,2.8895645199999995,2.8890403279999997,2.8900887120000000,0.00104838400000017980
9388,2.8469122340000004,2.7074535276000002,2.9863709403999996,0.27891741279999940000
9389,2.2993752510000000,2.0609531506000000,2.5377973514000000,0.47684420080000000000
9394,2.5322950115000005,2.4691646069000000,2.5954254161000000,0.12626080919999970000
9396,2.1637177800000000,2.0520338680000000,2.2754016920000004,0.22336782400000033000
9397,2.1802046715000007,1.9893728029000000,2.3710365401000000,0.38166373720000000000
9398,3.0450146580000004,2.8010765212000000,3.2889527948000000,0.48787627359999997000
9399,2.7737606154999987,2.7103644617000000,2.8371567693000000,0.12679230760000015000
9401,2.9087446690000003,2.8119345366000000,3.0055548013999998,0.19362026479999983000
9402,2.9018898985000010,2.8543574579000000,2.9494223391000000,0.09506488119999990000
9403,2.2832675535000004,2.2251201321000000,2.3414149749000000,0.11629484280000035000
9404,1.9521534790000006,1.6836180874000000,2.2206888705999996,0.53707078319999970000
9405,2.6911460999999997,2.6112545400000000,2.7710376599999993,0.15978311999999928000
9407,2.7220807940000000,2.6545631116000004,2.7895984764000000,0.13503536479999978000
9411,2.7589035880000004,2.7061150232000000,2.8116921528000000,0.10557712959999987000
9412,2.9000059494999997,2.8963535696999996,2.9036583293000002,0.00730475960000065400
9414,2.1500589835000000,1.9653157901000000,2.3348021769000000,0.36948638679999980000
9416,2.4950103960000000,2.3700477544000000,2.6199730376000003,0.24992528320000051000
9417,2.7635202295000000,2.7125783213000000,2.8144621376999996,0.10188381639999955000
9418,2.8938129155000000,2.8926377492999995,2.8949880816999998,0.00235033240000026570
9419,2.7410888755000005,2.6811744256999996,2.8010033253000000,0.11982889960000032000
9422,3.3107565900000000,3.1211852260000000,3.5003279540000000,0.37914272799999970000
9423,2.1254883445000010,2.0141906067000000,2.2367860823000000,0.22259547559999993000
9424,2.9564112014999995,2.8045224821000000,3.1082999208999995,0.30377743879999963000
9425,2.4682963504999997,2.3287198103000000,2.6078728907000000,0.27915308040000000000
9426,2.7036209060000003,2.5754168684000000,2.8318249436000000,0.25640807520000000000
9427,2.7067013054999998,2.6678934276999997,2.7455091833000000,0.07761575560000011000
9429,2.2856162634999997,2.1615353581000000,2.4096971689000000,0.24816181080000010000
9431,2.9754296735000000,2.9312667428999997,3.0195926041000000,0.08832586120000041000
9433,2.8367720480000000,2.7966236671999996,2.8769204287999997,0.08029676160000010000
9434,2.8578251194999997,2.7098159673000000,3.0058342717000000,0.29601830440000000000
9435,3.2447015810000000,3.0068538134000000,3.4825493486000005,0.47569553520000074000
9436,2.4101634059999997,2.2675560436000000,2.5527707684000003,0.28521472480000030000
9437,2.7567982000000004,2.6504530799999997,2.8631433200000000,0.21269024000000014000
9439,2.0410603060000003,1.9577209836000000,2.1243996284000000,0.16667864479999994000
9440,2.5081737985000014,2.3336546791000000,2.6826929179000003,0.34903823880000040000
9441,2.5454868654999996,2.5425225193000000,2.5484512116999998,0.00592869239999993500
9444,2.7677737295000004,2.7185332213000004,2.8170142377000000,0.09848101639999962000
9448,2.8083274330000000,2.7753084061999997,2.8413464597999996,0.06603805359999981000
9449,2.0507855030000000,1.7942125018000001,2.3073585042000000,0.51314600240000010000
9450,2.8623125220000003,2.7092207308000003,3.0154043132000000,0.30618358239999965000
9452,2.6686745185000000,2.5797943259000000,2.7575547110999996,0.17776038519999960000
9453,2.4718461690000000,2.3042346366000000,2.6394577013999996,0.33522306479999964000
9454,2.7810451255000000,2.7371131757000002,2.8249770752999996,0.08786389959999940000
9455,2.7935932430000000,2.6848997401999997,2.9022867458000000,0.21738700560000046000
9456,2.7041500435000003,2.6294600608999996,2.7788400260999997,0.14937996520000008000
9457,2.7360149674999990,2.6740709545000000,2.7979589805000002,0.12388802600000037000
9458,2.7805565630000000,2.7364291882000000,2.8246839377999997,0.08825474959999990000
9459,2.8599297420000003,2.8527872388000004,2.8670722452000000,0.01428500639999974500
9461,2.8588617970000003,2.7819049158000000,2.9358186782000000,0.15391376239999977000
9464,2.8844600655000003,2.8669292393000000,2.9019908916999997,0.03506165239999959000
9465,2.8637363455000004,2.7955700837000000,2.9319026073000005,0.13633252360000060000
9466,2.6112149270000000,2.5338525562000003,2.6885772978000000,0.15472474159999994000
9469,2.9749280794999997,2.8237137113000000,3.1261424477000004,0.30242873640000045000
9470,2.6958269544999998,2.5354577362999997,2.8561961727000000,0.32073843640000010000
9474,2.0247193410000000,1.9292552046000000,2.1201834774000003,0.19092827280000035000
9475,2.3643770794999996,2.2848390477000000,2.4439151113000000,0.15907606360000015000
9476,2.3707682875000002,2.1778513724999997,2.5636852025000003,0.38583383000000060000
9477,2.8220603979999996,2.6933313572000000,2.9507894387999998,0.25745808159999983000
9478,3.1503243709999995,2.8267597194000000,3.4738890226000000,0.64712930319999980000
9479,2.7519217780000003,2.7180948891999996,2.7857486668000000,0.06765377760000035000
9480,2.6823748540000003,2.3940763956000000,2.9706733123999998,0.57659691679999980000
9483,3.2117967165000000,2.8873906031000000,3.5362028298999997,0.64881222679999960000
9484,2.1870125385000003,2.0001927231000000,2.3738323538999997,0.37363963079999960000
9488,2.7021823725000003,2.6267053215000000,2.7776594235000000,0.15095410200000003000
9489,2.7425940599999996,2.6151584839999997,2.8700296360000004,0.25487115200000066000
9490,2.1665106389999997,2.1373940946000000,2.1956271834000000,0.05823308880000022000
9493,2.2827186665000005,2.0508811999000000,2.5145561331000000,0.46367493320000010000
9494,3.1376716394999993,3.0311106953000000,3.2442325836999997,0.21312188839999946000
9495,2.0154979409999996,1.8571235646000000,2.1738723174000000,0.31674875279999990000
9497,2.9034083944999990,2.8983950367000000,2.9084217523000000,0.01002671560000001300
9500,2.8346501545000002,2.8121602163000000,2.8571400927000004,0.04497987640000023000
9501,2.5995654234999996,2.4830415929000000,2.7160892541000000,0.23304766120000010000
9502,2.8953645220000004,2.8301391308000000,2.9605899132000000,0.13045078240000008000
9503,2.8641618970000002,2.7855718558000000,2.9427519382000003,0.15718008240000003000
9504,2.9304408639999995,2.7391160096000000,3.1217657184000003,0.38264970880000027000
9505,3.4109494464999990,3.2708932251000000,3.5510056679000000,0.28011244280000014000
9508,2.3699717855000000,2.2388054713000000,2.5011380997000000,0.26233262839999980000
9511,2.7360274135000004,2.5539203789000000,2.9181344481000000,0.36421406920000000000
9512,2.3221044344999990,2.2262050607000000,2.4180038083000000,0.19179874760000004000
9513,2.2195763959999995,2.0650318376000003,2.3741209544000004,0.30908911680000006000
9515,2.7036581880000004,2.6808642631999997,2.7264521128000000,0.04558784960000039600
9517,2.8748199785000000,2.8683979698999997,2.8812419870999997,0.01284401719999994600
9518,2.8466426544999996,2.8289497163000000,2.8643355927000000,0.03538587639999990500
9519,2.8791991810000000,2.8745288533999998,2.8838695085999997,0.00934065519999993700
9520,2.0339684494999997,1.8161130696999999,2.2518238292999997,0.43571075959999983000
9521,3.0408560655000000,2.8955688917000000,3.1861432393000000,0.29057434760000020000
9523,2.7477427440000000,2.6904898416000003,2.8049956464000000,0.11450580479999983000
9524,2.7815830309999994,2.7488782433999996,2.8142878185999995,0.06540957519999990000
9525,2.6723386524999990,2.5849241135000000,2.7597531915000000,0.17482907800000014000
9526,2.8508248965000000,2.8348048551000000,2.8668449379000000,0.03204008280000003600
9530,2.7129932350000000,2.6418405290000000,2.7841459410000000,0.14230541199999980000
9531,1.9592782490000000,1.6873001494000000,2.2312563485999997,0.54395619919999970000
9532,2.7091461079999997,2.6364545511999995,2.7818376648000000,0.14538311360000034000
9533,2.6536059804999996,2.5586983727000000,2.7485135883000000,0.18981521559999992000
9534,2.5190727530000000,2.3703518542000000,2.6677936518000003,0.29744179760000033000
9535,2.9015197315000000,2.8972618389000000,2.9057776240999997,0.00851578519999973700
9536,2.8599718949999997,2.7257370529999996,2.9942067369999994,0.26846968399999980000
9537,2.4647486630000000,2.2942981282000000,2.6351991978000000,0.34090106960000010000
9540,1.9987791055000004,1.8021890632999997,2.1953691476999997,0.39318008439999996000
9542,2.3361388034999990,2.2644876821000000,2.4077899249000000,0.14330224279999992000
9543,2.1534959124999995,1.9257823474999998,2.3812094774999997,0.45542712999999990000
9544,2.9251362675000006,2.8031715745000003,3.0471009605000000,0.24392938599999958000
9546,2.8422260600000007,2.7935052840000000,2.8909468360000000,0.09744155199999982000
9548,1.9358363970000003,1.7291354382000000,2.1425373558000000,0.41340191760000010000
9550,2.7654742090000000,2.6327122926000000,2.8982361254000000,0.26552383280000000000
9551,3.0148292834999997,2.9044589969000000,3.1251995701000000,0.22074057320000007000
9552,2.9233573315000000,2.8263154641000000,3.0203991989000000,0.19408373479999996000
9553,2.2770514180000000,2.1046156508000000,2.4494871852000000,0.34487153440000020000
9554,2.8424469285000010,2.8362660998999996,2.8486277571000000,0.01236165720000048700
9556,2.8509529740000000,2.8349841635999997,2.8669217843999997,0.03193762079999995500
9558,2.0660389345000000,1.8291769607000001,2.3029009083000003,0.47372394760000014000
9559,2.8366512290000000,2.7315557206000000,2.9417467374000000,0.21019101680000007000
9560,2.0733433849999994,1.8918308309999998,2.2548559390000000,0.36302510800000020000
9561,2.8704990955000014,2.8623487336999993,2.8786494573000000,0.01630072360000056600
9563,2.9292960425000000,2.9139276255000000,2.9446644594999998,0.03073683399999982400
9564,2.6420614044999997,2.5425359663000000,2.7415868427000000,0.19905087639999985000
9567,2.8912935540000010,2.7722133756000000,3.0103737323999997,0.23816035679999992000
9568,2.3389640415000000,2.2508828249000006,2.4270452581000000,0.17616243319999958000
9569,2.9959564985000000,2.9679386979000000,3.0239742991000003,0.05603560120000006000
9571,3.2125997855000000,2.9855780997000000,3.4396214712999993,0.45404337159999920000
9573,2.7933188825000000,2.6152188355000000,2.9714189295000000,0.35620009400000010000
9574,2.1178456035000000,1.9031165621000000,2.3325746448999998,0.42945808279999986000
9575,2.3358522579999990,2.3254407612000000,2.3462637548000000,0.02082299359999995000
9577,2.3922225769999996,2.3364071462000000,2.4480380077999997,0.11163086159999969000
9578,2.5443991649999997,2.4649612310000000,2.6238370989999997,0.15887586799999953000
9580,2.5302201695000000,2.3616821016999996,2.6987582373000000,0.33707613560000027000
9581,2.3899105720000000,2.3412939431999997,2.4385272008000000,0.09723325760000012000
9583,2.9827412070000000,2.9058364898000004,3.0596459242000000,0.15380943439999940000
9585,2.2787246430000000,2.0150595858000000,2.5423897002000000,0.52733011440000020000
9586,2.7999556864999997,2.7432019611000000,2.8567094119000003,0.11350745080000024000
9587,2.5297758540000000,2.3853361956000000,2.6742155124000000,0.28887931680000010000
9588,2.5813648920000003,2.4055528487999998,2.7571769352000000,0.35162408640000020000
9589,2.7260952009999997,2.6601832814000000,2.7920071206000000,0.13182383919999996000
9590,2.8239300799999990,2.7971521120000000,2.8507080480000000,0.05355593599999997000
9591,2.6701487790000000,2.6339510905999997,2.7063464674000000,0.07239537680000030000
9594,2.6055041825000000,2.4913558554999997,2.7196525095000000,0.22829665400000020000
9596,2.9188654135000000,2.7946475789000000,3.0430832481000003,0.24843566920000050000
9597,2.9186875190000006,2.8984993266000005,2.9388757114000000,0.04037638479999961000
9599,2.5532687230000000,2.4333312338000000,2.6732062122000000,0.23987497840000005000
9600,2.9437807264999996,2.8508318171000000,3.0367296359000000,0.18589781880000000000
9603,2.5115633484999997,2.4099020091000000,2.6132246879000003,0.20332267880000020000
9604,2.9992706074999997,2.9835624505000000,3.0149787645000000,0.03141631399999989000
9605,2.3811167465000000,2.3033440479000000,2.4588894451000000,0.15554539720000005000
9606,3.4011143429999993,3.1054856802000000,3.6967430058000000,0.59125732560000000000
9607,2.7587523160000000,2.6863236424000000,2.8311809896000000,0.14485734719999988000
9608,2.8790128499999990,2.8556313100000000,2.9023943900000000,0.04676307999999984600
9609,3.3337195530000003,3.1011069742000000,3.5663321318000000,0.46522515759999994000
9610,3.0151894080000003,2.9367647712000000,3.0936140448000000,0.15684927359999978000
9611,2.8291162130000003,2.7543050982000000,2.9039273278000000,0.14962222959999982000
9612,2.6980397350000000,2.6209056290000000,2.7751738409999995,0.15426821199999940000
9614,2.7914857685000000,2.7517300759000000,2.8312414611000000,0.07951138520000000000
9615,2.3480493184999998,2.1672283911000000,2.5288702459000003,0.36164185480000020000
9616,2.0805739575000004,1.8765555745000000,2.2845923404999997,0.40803676599999970000
9617,2.5408649215000020,2.4073276901000003,2.6744021528999995,0.26707446279999925000
9618,2.4807992615000000,2.3493943569000000,2.6122041660999997,0.26280980919999974000
9620,2.8370631975000000,2.8155384764999996,2.8585879185000000,0.04304944200000049000
9621,2.6338005094999994,2.5309707133000000,2.7366303057000000,0.20565959239999998000
9622,2.6548467684999992,2.5604354759000000,2.7492580611000000,0.18882258520000006000
9623,2.8369469099999987,2.8153756740000000,2.8585181460000000,0.04314247199999999000
9624,1.8455362704999996,1.6190549623000001,2.0720175787000000,0.45296261640000000000
9625,2.7745898720000017,2.7280758207999996,2.8211039231999995,0.09302810239999992000
9626,2.8821789835000000,2.8787005769000000,2.8856573901000000,0.00695681319999996700
9627,2.9185770230000000,2.9074962138000000,2.9296578321999998,0.02216161839999975000
9629,2.7833305485000000,2.7403127679000000,2.8263483291000000,0.08603556120000011000
9630,2.6869897120000000,2.6054355968000000,2.7685438272000000,0.16310823039999978000
9632,2.8829742480000000,2.7697011471999997,2.9962473488000000,0.22654620160000016000
9634,2.3200375935000000,2.1905109561000002,2.4495642309000000,0.25905327479999984000
9635,2.9387608670000000,2.8377840138000000,3.0397377202000000,0.20195370640000032000
9636,2.7076396089999997,2.6126806526000000,2.8025985654000000,0.18991791279999992000
9637,2.4146526250000000,2.3133527750000000,2.5159524750000000,0.20259970000000038000
9638,2.6007920120000003,2.4249996071999997,2.7765844168000000,0.35158480960000027000
9639,2.2974719340000000,2.2120763604000000,2.3828675076000000,0.17079114719999966000
9640,2.3560522565000000,2.1713417539000000,2.5407627590999997,0.36942100519999954000
9641,2.8584977460000000,2.7668428444000000,2.9501526476000004,0.18330980320000023000
9642,3.2627677650000004,2.9431796709999998,3.5823558589999998,0.63917618800000000000
9643,2.7369643124999996,2.5943736375000004,2.8795549875000000,0.28518134999999980000
9644,2.4215390595000006,2.4030382357000004,2.4400398833000003,0.03700164759999991000
9646,2.6350291505000000,2.5326908106999997,2.7373674903000000,0.20467667960000036000
9647,2.4882904559999997,2.4320350384000000,2.5445458735999997,0.11251083519999971000
9649,2.8902915014999997,2.7681845021000000,3.0123985009000000,0.24421399879999983000
9650,2.7715279950000005,2.6832387929999997,2.8598171970000000,0.17657840400000024000
9651,2.9221399055000000,2.9096339433000000,2.9346458677000000,0.02501192440000022000
9652,2.5643133520000000,2.5384670927999995,2.5901596112000000,0.05169251840000033000
9653,2.7682841979999995,2.7192478772000000,2.8173205188000000,0.09807264159999995000
9654,2.7553797545000003,2.7011816563000000,2.8095778527000000,0.10839619639999976000
9658,2.0768046499999993,1.8105015900000000,2.3431077100000000,0.53260611999999980000
9659,2.8006765170000000,2.7125891237999995,2.8887639102000000,0.17617478640000028000
9660,2.9296139605000002,2.8617035447000000,2.9975243763000003,0.13582083160000025000
9661,2.8013993019999996,2.7656090228000000,2.8371895811999996,0.07158055839999955000
9663,2.8596420014999997,2.7773680021000002,2.9419160009000000,0.16454799879999982000
9664,2.7690055735000000,2.6889446029000000,2.8490665441000003,0.16012194120000034000
9665,2.7810350599999976,2.7370990840000000,2.8249710360000000,0.08787195199999998000
9666,2.8166288419999990,2.7869303788000000,2.8463273052000000,0.05939692639999983000
9667,2.5096178175000000,2.3349802905000003,2.6842553445000004,0.34927505400000003000
9670,2.7921077920000010,2.6513602751999996,2.9328553088000002,0.28149503360000060000
9672,2.1631378850000000,2.0563663310000000,2.2699094390000000,0.21354310800000010000
9673,2.2030428145000000,2.1502592887000000,2.2558263403000000,0.10556705160000002000
9674,2.2817192160000004,2.2283743296000000,2.3350641023999996,0.10668977279999980000
9675,2.7914793979999990,2.7426075571999995,2.8403512388000003,0.09774368160000080000
9676,2.3492746835000000,2.1359528101000000,2.5625965569000000,0.42664374679999995000
9677,2.8919266689999996,2.8051717366000000,2.9786816014000000,0.17350986479999975000
9678,2.7604211754999985,2.6091976456999997,2.9116447053000000,0.30244705960000040000
9679,3.1554417889999997,3.0222881046000000,3.2885954734000000,0.26630736880000017000
9681,2.0896822020000005,1.8877433211999999,2.2916210828000003,0.40387776160000044000
9682,2.6642211190000000,2.5516763666000000,2.7767658714000000,0.22508950479999967000
9683,2.6683215485000000,2.5068213679000000,2.8298217291000003,0.32300036120000010000
9685,2.7737104015000000,2.7268445621000000,2.8205762409000000,0.09373167879999977000
9688,2.7427453780000004,2.5096119292000000,2.9758788268000003,0.46626689760000020000
9692,2.7938837675000006,2.6488200745000000,2.9389474604999997,0.29012738599999954000
9693,2.8054582455000000,2.7712915437000000,2.8396249473000000,0.06833340360000006000
9694,2.7072233655000000,2.6864483117000004,2.7279984193000000,0.04155010759999955000
9695,2.9027873175000000,2.8980223904999995,2.9075522445000000,0.00952985400000061500
9696,2.7383576619999994,2.6253427267999996,2.8513725971999997,0.22602987040000010000
9697,2.8372304499999994,2.8157726300000000,2.8586882700000000,0.04291563999999992000
9699,2.9746541874999970,2.9411425125000000,3.0081658625000000,0.06702334999999993000
9701,2.6705671185000000,2.5824439659000000,2.7586902711000000,0.17624630519999984000
9703,2.7152800090000000,2.6229952126000002,2.8075648053999998,0.18456959279999952000
9704,2.4201756135000000,2.3758798589000000,2.4644713680999994,0.08859150919999959000
9706,3.4660211215000010,3.1981099701000000,3.7339322728999997,0.53582230279999980000
9708,2.7895087185000000,2.7188482059000000,2.8601692311000000,0.14132102519999990000
9709,2.4920295094999996,2.3262213057000003,2.6578377132999997,0.33161640759999944000
9710,2.5102995780000000,2.3484253468000000,2.6721738092000002,0.32374846240000020000
9712,2.3256143735000000,2.1758074241000003,2.4754213229000000,0.29961389879999967000
9713,2.8304824390000000,2.8280430146000000,2.8329218634000000,0.00487884880000022400
9716,3.2687199355000005,3.0553023097000000,3.4821375612999996,0.42683525159999960000
9718,3.1541502945000000,3.0646100123000000,3.2436905766999997,0.17908056439999953000
9719,2.9587069759999993,2.8010609663999997,3.1163529856000003,0.31529201920000060000
9720,2.8755442824999995,2.7016119955000000,3.0494765695000000,0.34786457399999990000
9721,2.6959027260000004,2.6179138163999998,2.7738916356000000,0.15597781920000030000
9722,2.6821289055000004,2.4504680676999997,2.9137897433000000,0.46332167560000050000
9723,2.9705628450000012,2.9386877069999997,3.0024379829999996,0.06375027599999994000
9724,2.7750861055000000,2.7287705477000000,2.8214016633000000,0.09263111560000015000
9727,2.8631284155000000,2.8520297816999998,2.8742270493000000,0.02219726760000018000
9728,2.6378061839999996,2.5365786576000000,2.7390337103999998,0.20245505279999998000
9729,2.8744035869999998,2.8678150218000000,2.8809921522000000,0.01317713040000034800
9730,2.8044442044999998,2.7178638863000004,2.8910245227000000,0.17316063639999957000
9732,2.8341609460000003,2.8114753243999995,2.8568465676000000,0.04537124320000041000
9733,2.9087492679999998,2.9015995608000000,2.9158989752000000,0.01429941440000037600
9734,2.1118346805000003,1.9924496083000003,2.2312197527000000,0.23877014439999966000
9737,2.6851669345000000,2.6425485083000000,2.7277853607000004,0.08523685240000045000
9741,2.7147534595000000,2.6133368433000004,2.8161700757000000,0.20283323239999973000
9743,3.5134065489999990,3.2767379686000000,3.7500751294000000,0.47333716079999990000
9746,2.7248709700000000,2.5342741580000000,2.9154677820000000,0.38119362399999980000
9749,2.6221095085000000,2.5146033118999997,2.7296157051000000,0.21501239320000032000
9751,2.2590217055000000,2.1395618232999998,2.3784815877000000,0.23891976440000030000
9753,2.9540282510000000,2.8771739514000000,3.0308825506000000,0.15370859919999980000
9756,3.1050363590000000,2.9854213026000003,3.2246514154000000,0.23923011279999962000
9757,2.7794833280000000,2.7349266592000006,2.8240399968000000,0.08911333759999929000
9759,2.8211758660000004,2.7932962124000000,2.8490555196000000,0.05575930719999977500
9760,2.7802451310000000,2.7359931833999998,2.8244970786000000,0.08850389520000013000
9761,2.6984572159999995,2.6214901024000000,2.7754243296000000,0.15393422719999972000
9762,2.9469933130000000,2.9245459877999997,2.9694406382000000,0.04489465040000029000
9763,2.7556326430000007,2.7015357001999996,2.8097295857999995,0.10819388559999998000
9765,2.7520531559999997,2.6589340183999997,2.8451722935999997,0.18623827520000003000
9766,3.2638928740000000,2.8460000236000000,3.6817857243999996,0.83578570079999980000
9767,2.4512193080000000,2.3887579848000002,2.5136806312000000,0.12492264639999995000
9771,2.3115099545000000,2.1290927727000000,2.4939271363000000,0.36483436360000000000
9772,3.4233760299999996,3.1408440420000000,3.7059080179999997,0.56506397599999980000
9774,2.2813129014999993,2.1704917409000000,2.3921340621000002,0.22164232120000005000
9776,2.4045772654999995,2.4039665717000000,2.4051879593000000,0.00122138760000023440
9777,2.2794642640000000,2.0749749584000000,2.4839535696000000,0.40897861120000023000
9782,2.4745861039999997,2.3081553456000000,2.6410168624000000,0.33286151680000000000
9783,2.8294448305000000,2.8048727627000000,2.8540168983000003,0.04914413560000019400
9784,2.7675500254999994,2.7182200357000000,2.8168800152999993,0.09865997959999939000
9785,2.5096021930000000,2.4097786702000000,2.6094257158000005,0.19964704560000035000
9787,2.4942025200000000,2.3870143120000000,2.6013907280000000,0.21437641600000035000
9788,3.0573717480000000,3.0144504471999998,3.1002930488000000,0.08584260160000001000
9789,2.8834695939999992,2.8805074316000003,2.8864317564000000,0.00592432479999960300
9790,2.6360908265000003,2.5341771571000002,2.7380044959000000,0.20382733879999960000
9791,2.6552429430000006,2.5609901202000005,2.7494957658000000,0.18850564559999938000
9792,2.6683766255000000,2.5793772756999997,2.7573759753000000,0.17799869960000025000
9793,2.7599817325000000,2.7076244255000000,2.8123390395000003,0.10471461400000015000
9796,2.7709759360000000,2.7236939103999998,2.8182579615999996,0.09456405119999989000
9797,3.0114301585000000,2.8634650219000000,3.1593952951000000,0.29593027319999976000
9798,2.2178019245000002,2.1938319547000003,2.2417718943000000,0.04793993959999954000
9800,1.9110526734999993,1.8866432040999999,1.9354621428999998,0.04881893879999999000
9801,2.7375830560000000,2.5433598784000000,2.9318062336000000,0.38844635520000015000
9802,2.8279679109999996,2.7711538753999996,2.8847819466000000,0.11362807120000040000
9804,2.7357555260000000,2.6582701364000000,2.8132409156000007,0.15497077920000057000
9805,3.1588423679999997,3.0711009151999997,3.2465838207999997,0.17548290560000002000
9806,2.4875192424999995,2.3572363455000000,2.6178021395000000,0.26056579400000013000
9808,2.4161058330000005,2.3532702998000000,2.4789413662000000,0.12567106639999980000
9809,3.3516389135000000,3.1536476789000000,3.5496301481000000,0.39598246919999980000
9810,3.1759926120000000,3.0708488568000000,3.2811363672000000,0.21028751039999970000
9811,2.5625571875000000,2.4454275125000002,2.6796868624999997,0.23425934999999942000
9812,2.0514807425000003,1.8637528455000000,2.2392086395000000,0.37545579400000006000
9813,2.8020192005000006,2.6457332807000000,2.9583051203000004,0.31257183960000035000
9814,2.1658788860000000,1.9412357315999997,2.3905220404000000,0.44928630880000030000
9816,2.9881531725000000,2.9090644414999995,3.0672419034999994,0.15817746199999982000
9817,2.4542323675000000,2.2915794204999997,2.6168853144999997,0.32530589400000000000
9820,2.8029810234999997,2.6844174329000000,2.9215446141000000,0.23712718119999998000
9821,2.7376105450000000,2.6763047630000000,2.7989163270000000,0.12261156400000006000
9822,2.2432737184999993,2.1221974311000000,2.3643500059000000,0.24215257479999996000
9824,2.6054544594999998,2.4912862433000003,2.7196226757000000,0.22833643239999990000
9825,2.4453358709999997,2.2787250194000000,2.6119467226000000,0.33322170320000000000
9826,2.7067288600000000,2.6330704040000000,2.7803873160000000,0.14731691199999997000
9827,2.7840813100000004,2.7413638340000000,2.8267987860000000,0.08543495199999995000
9828,2.8926678845000000,2.8413770382999997,2.9439587307000000,0.10258169240000026000
9829,3.0060781714999996,2.9302858401000000,3.0818705029000000,0.15158466280000038000
9830,2.4808200660000000,2.3167980924000000,2.6448420396000000,0.32804394719999985000
9833,2.6915240525000000,2.6117836735000000,2.7712644315000000,0.15948075799999994000
9835,3.2442595245000000,3.0213541343000000,3.4671649147000000,0.44581078040000000000
9836,2.3788563954999997,2.2227446373000000,2.5349681537000000,0.31222351640000000000
9841,3.0590902730000000,3.0255667822000000,3.0926137638000000,0.06704698160000033000
9846,2.7693778410000000,2.6717465774000004,2.8670091046000006,0.19526252720000015000
9850,2.7957118360000006,2.6291513704000000,2.9622723015999997,0.33312093119999986000
9852,2.9210962820000006,2.7195759948000000,3.1226165692000000,0.40304057439999985000
9853,3.2856918239999997,3.0446689535999996,3.5267146944000003,0.48204574080000073000
9854,2.4084962260000005,2.3132849356000000,2.5037075164000000,0.19042258079999996000
9855,2.8897808429999990,2.7974383802000000,2.9821233058000000,0.18468492560000005000
9856,1.9869116870000003,1.8263466122000000,2.1474767618000006,0.32113014960000050000
9857,2.5954883190000000,2.4253256465999997,2.7656509914000003,0.34032534480000054000
9858,2.0514401194999996,1.8644708717000000,2.2384093672999996,0.37393849559999960000
9859,2.5633422654999998,2.4323291717000000,2.6943553593000003,0.26202618760000007000
9861,2.6355006940000000,2.4300589716000003,2.8409424164000000,0.41088344479999960000
9862,2.5143259440000000,2.4643895664000000,2.5642623216000002,0.09987275520000027000
9863,2.2007650530000000,2.0539742318000000,2.3475558742000002,0.29358164240000040000
9864,2.8254341304999997,2.7992577827000003,2.8516104782999996,0.05235269559999933000
9866,2.6455641319999996,2.5474397848000000,2.7436884792000003,0.19624869440000037000
9868,2.6723491630000000,2.5849388282000003,2.7597594978000000,0.17482066959999987000
9869,2.8524100859999995,2.8370241204000000,2.8677960515999996,0.03077193119999943600
9870,2.8995900540000000,2.8961040324000000,2.9030760755999996,0.00697204319999977800
9873,2.9326718785000000,2.9159531271000000,2.9493906299000003,0.03343750280000046000
9874,2.6329791149999990,2.5298207610000000,2.7361374689999995,0.20631670799999968000
9875,2.0190717905000004,1.8213830743000000,2.2167605067000000,0.39537743240000010000
9876,2.8302812790000003,2.7871835674000000,2.8733789906000005,0.08619542320000040000
9877,2.8918284075000007,2.7374497705000000,3.0462070445000000,0.30875727399999997000
9878,2.2051160560000005,1.9989868336000000,2.4112452784000000,0.41225844479999996000
9879,3.1989029319999998,2.9600717048000003,3.4377341591999997,0.47766245439999944000
9880,3.5130690094999983,3.2101286132999998,3.8160094056999996,0.60588079239999980000
9881,2.5759959090000004,2.4967587453999998,2.6552330726000000,0.15847432720000043000
9882,2.7487435220000003,2.6346949308000003,2.8627921132000000,0.22809718239999954000
9883,2.2183206760000003,2.1055776056000000,2.3310637464000000,0.22548614079999973000
9884,2.2268314019999997,2.0563660412000000,2.3972967628000000,0.34093072159999993000
9887,3.0149227395000000,2.9143002353000000,3.1155452436999997,0.20124500839999993000
9888,3.6800869054999990,3.3174836677000004,4.0426901433000000,0.72520647559999940000
9889,2.9263480835000000,2.8578089169000000,2.9948872501000000,0.13707833320000030000
9891,3.0634677339999996,2.9650620276000000,3.1618734403999995,0.19681141279999936000
9892,3.4516856540000000,3.2008727155999996,3.7024985923999996,0.50162587679999990000
9893,2.1060925874999996,1.9835683525000000,2.2286168225000000,0.24504846999999974000
9895,2.7013451740000000,2.6981144435999997,2.7045759044000000,0.00646146080000020700
9897,2.8912267400000000,2.8606470360000005,2.9218064440000000,0.06115940799999953000
9900,2.1929063890000000,1.8801626334000003,2.5056501446000000,0.62548751119999980000
9901,2.8880070900000000,2.8868599259999996,2.8891542540000000,0.00229432800000051170
9902,2.6277160010000000,2.5224524014000000,2.7329796006000000,0.21052719919999996000
9903,2.9102321199999994,2.8678673680000000,2.9525968720000004,0.08472950400000023000
9904,2.1410925690000004,1.9010823414000000,2.3811027966000000,0.48002045520000003000
9906,2.9267807480000000,2.9062526472000000,2.9473088488000000,0.04105620160000001000
9908,3.2531732915000005,2.8447394080999997,3.6616071749000003,0.81686776680000060000
9909,2.7750642725000003,2.7287399815000000,2.8213885635000000,0.09264858199999981000
9911,1.8484401825000003,1.6734829094999997,2.0233974555000000,0.34991454600000040000
9912,2.7427611499999998,2.6835156100000000,2.8020066900000002,0.11849108000000008000
9913,3.0163238210000003,2.9661442925999997,3.0665033494000000,0.10035905680000035000
9914,2.6708755545000000,2.5828757763000000,2.7588753327000000,0.17599955640000030000
9915,2.6796203194999997,2.6472112473000000,2.7120293917000002,0.06481814440000022000
9916,2.0699613615000003,1.8063956169000000,2.3335271061000000,0.52713148920000010000
9918,2.8407083650000000,2.8206417110000000,2.8607750190000000,0.04013330800000014500
9919,2.5950695835000004,2.4821565501000005,2.7079826169000000,0.22582606679999940000
9920,2.3537351740000005,2.1177899044000000,2.5896804436000003,0.47189053920000035000
9921,2.3832011980000000,2.3534983188000003,2.4129040772000003,0.05940575840000006400
9923,3.0868218235000002,2.8509809529000000,3.3226626940999995,0.47168174119999940000
9925,2.4602413215000000,2.4056739929000000,2.5148086501000000,0.10913465719999982000
9926,2.7147101910000000,2.6359846674000000,2.7934357146000000,0.15745104720000036000
9927,2.9194788375000000,2.9162969025000000,2.9226607724999996,0.00636386999999949400
9928,2.4977296179999990,2.3896581708000000,2.6058010652000000,0.21614289439999990000
9929,3.2003408895000000,2.9778836453000004,3.4227981336999993,0.44491448839999890000
9933,2.8582308385000000,2.8451731739000000,2.8712885030999997,0.02611532919999959300
9937,2.7311852715000002,2.6673093801000003,2.7950611629000000,0.12775178279999988000
9938,2.9754925125000000,2.9416455075000000,3.0093395175000000,0.06769400999999986000
9939,2.3235255304999995,2.1143825183000002,2.5326685427000000,0.41828602439999996000
9940,2.6263463195000000,2.5151293917000000,2.7375632473000002,0.22243385560000029000
9941,2.2715365865000000,2.1355783519000000,2.4074948211000002,0.27191646920000023000
9942,2.3437828455000007,2.2711761072999996,2.4163895837000000,0.14521347640000037000
9943,2.7323930284999998,2.6577038171000003,2.8070822399000000,0.14937842279999990000
9944,2.9849746630000000,2.9501357282000003,3.0198135978000000,0.06967786959999955000
9945,2.9278726985000000,2.9130736191000000,2.9426717779000002,0.02959815880000027400
9946,2.8601827815000000,2.8479058940999993,2.8724596689000000,0.02455377480000065000
9947,2.5762294785000000,2.4503712698999998,2.7020876870999997,0.25171641719999993000
9948,2.8273054035000000,2.8018775649000000,2.8527332421000000,0.05085567719999995000
9949,2.8129609010000003,2.7817952614000000,2.8441265405999996,0.06233127919999948000
9950,2.9159817285000003,2.9059390371000000,2.9260244199000000,0.02008538280000005000
9951,2.6841996454999997,2.6015295036999997,2.7668697872999997,0.16534028359999997000
9952,2.9602369799999995,2.9324921880000000,2.9879817720000000,0.05548958400000003600
9955,2.9039497775000000,2.8850432885000000,2.9228562665000000,0.03781297800000027500
9956,2.4975710584999997,2.3948590351000000,2.6002830819000002,0.20542404680000015000
9958,2.7676646115000003,2.7507763669000003,2.7845528561000004,0.03377648920000009000
9959,3.0774051995000002,2.9494048793000003,3.2054055197000000,0.25600064039999990000
9960,2.4255219840000000,2.2648483904000000,2.5861955776000003,0.32134718720000020000
9961,2.6260493355000000,2.5641790696999998,2.6879196013000000,0.12374053160000020000
9962,3.2098034324999998,2.8245064055000000,3.5951004595000002,0.77059405400000000000
9964,3.2060776704999990,2.9309559387000004,3.4811994023000000,0.55024346359999980000
9965,2.9682774385000000,2.8789068139000000,3.0576480631000003,0.17874124920000023000
9968,3.0571131559999990,2.9843124184000000,3.1299138935999995,0.14560147519999944000
9969,2.2406626029999996,2.1461015618000000,2.3352236442000000,0.18912208239999995000
9970,2.5144877285000000,2.3903036199000000,2.6386718371000000,0.24836821719999990000
9972,3.4810536630000004,3.2566459282000007,3.7054613977999997,0.44881546959999910000
9973,3.1024980535000000,2.8343428749000004,3.3706532321000005,0.53631035720000010000
9975,2.7438696365000004,2.6016614911000000,2.8860777818999996,0.28441629079999986000
9979,2.7213187270000000,2.6534962178000000,2.7891412362000000,0.13564501839999998000
9980,2.8326084780000005,2.8093018692000000,2.8559150868000000,0.04661321760000003400
9982,2.7981253694999992,2.7610255173000000,2.8352252217000000,0.07419970440000023000
9983,2.6774209079999998,2.5940244712000005,2.7608173448000004,0.16679287359999995000
9984,2.5927311890000000,2.5249011134000000,2.6605612645999996,0.13566015119999975000
9986,2.4495532160000004,2.2048383296000000,2.6942681024000000,0.48942977280000033000
9987,2.0700135330000000,1.8709469198000000,2.2690801462000000,0.39813322639999993000
9989,2.9522651694999995,2.7395368372999997,3.1649935017000000,0.42545666440000040000
9991,1.9760152349999995,1.8089795410000000,2.1430509290000000,0.33407138800000014000
9992,2.7574180520000002,2.6651328727999997,2.8497032312000000,0.18457035840000025000
9993,2.2177370595000000,2.1792398357000002,2.2562342833000000,0.07699444759999974000
9994,2.4957609800000005,2.4176217880000000,2.5739001720000000,0.15627838400000016000
9995,2.1172646400000010,2.0261311840000000,2.2083980960000003,0.18226691200000023000
9996,2.8316798660000000,2.6112022124000000,3.0521575196000000,0.44095530720000030000
9997,2.8610181540000000,2.7656694156000000,2.9563668924000000,0.19069747680000004000
9998,2.6785491445000003,2.5936188023000000,2.7634794867000000,0.16986068440000013000
9999,2.8811382080000000,2.8772434911999993,2.8850329247999995,0.00778943360000017300
10000,2.6261870615000000,2.5203118861000000,2.7320622369000000,0.21175035080000004000
